Date,Open,High,Low,Close,Volume,Dividends,Stock Splits
1995-03-24,174814.640625,174814.640625,168021.82913932443,174814.640625,1404,0.0,0.0
1995-03-27,174814.640625,174814.640625,174814.640625,174814.640625,0,0.0,0.0
1995-03-28,174814.640625,174814.640625,174814.640625,174814.640625,0,0.0,0.0
1995-03-29,174814.640625,174814.640625,174814.640625,174814.640625,0,0.0,0.0
1995-03-30,174814.640625,174814.640625,174814.640625,174814.640625,0,0.0,0.0
1995-03-31,180316.6831804479,183237.21875,174488.6243125305,183237.21875,1448,0.0,0.0
1995-04-17,198126.6875,198126.6875,198126.6875,198126.6875,0,0.0,0.0
1995-04-21,196184.015625,196184.015625,196184.015625,196184.015625,0,0.0,0.0
1995-04-25,196184.015625,196184.015625,196184.015625,196184.015625,0,0.0,0.0
1995-05-01,196184.015625,196184.015625,196184.015625,196184.015625,0,0.0,0.0
1995-05-23,187435.53125,187435.53125,187435.53125,187435.53125,0,0.0,0.0
1995-05-24,187435.53125,187435.53125,187435.53125,187435.53125,0,0.0,0.0
1995-06-20,168334.703125,168334.703125,168334.703125,168334.703125,0,0.0,0.0
1995-07-31,161867.828125,161867.828125,161867.828125,161867.828125,0,0.0,0.0
1995-08-01,161867.828125,161867.828125,161867.828125,161867.828125,0,0.0,0.0
1995-08-02,136613.09375,136613.09375,136613.09375,136613.09375,3900,0.0,0.0
1995-08-03,132727.703125,132727.703125,132727.703125,132727.703125,1300,0.0,0.0
1995-08-04,145674.46875,145674.46875,145674.46875,145674.46875,7800,0.0,0.0
1995-08-07,151828.484375,151828.484375,151828.484375,151828.484375,1300,0.0,0.0
1995-08-08,132075.703125,151828.4557017409,132075.703125,132075.703125,11700,0.0,0.0
1995-08-09,128842.3046875,138881.6356288464,128842.3046875,128842.3046875,13000,0.0,0.0
1995-08-10,128842.3046875,128842.3046875,128842.3046875,128842.3046875,0,0.0,0.0
1995-08-11,129494.265625,131436.88477492786,127551.58181781694,129494.265625,27300,0.0,0.0
1995-08-14,129494.265625,131436.88477492786,127551.58181781694,129494.265625,27300,0.0,0.0
1995-08-15,129494.265625,129494.265625,129494.265625,129494.265625,0,0.0,0.0
1995-08-16,129494.265625,130133.1277991861,129494.265625,129494.265625,3900,0.0,0.0
1995-08-17,134670.390625,134670.390625,134670.390625,134670.390625,2600,0.0,0.0
1995-08-18,134670.390625,134670.390625,134670.390625,134670.390625,2600,0.0,0.0
1995-08-21,138555.671875,138555.671875,138555.671875,138555.671875,1300,0.0,0.0
1995-08-22,138555.671875,138555.671875,138555.671875,138555.671875,1300,0.0,0.0
1995-08-23,138555.671875,138555.671875,138555.671875,138555.671875,0,0.0,0.0
1995-08-24,138555.671875,138555.671875,138555.671875,138555.671875,0,0.0,0.0
1995-08-25,138555.671875,138555.671875,138555.671875,138555.671875,0,0.0,0.0
1995-08-28,132727.703125,132727.703125,132727.703125,132727.703125,1300,0.0,0.0
1995-08-29,129494.265625,129494.265625,129494.265625,129494.265625,1300,0.0,0.0
1995-08-30,129494.265625,129494.265625,129494.265625,129494.265625,0,0.0,0.0
1995-08-31,129494.265625,129494.265625,129494.265625,129494.265625,0,0.0,0.0
1995-09-01,129494.265625,129494.265625,129494.265625,129494.265625,1300,0.0,0.0
1995-09-04,129494.265625,129494.265625,129494.265625,129494.265625,0,0.0,0.0
1995-09-05,129494.265625,129494.265625,129494.265625,129494.265625,0,0.0,0.0
1995-09-06,129494.265625,129494.265625,129494.265625,129494.265625,0,0.0,0.0
1995-09-07,126260.7578125,126260.7578125,126260.7578125,126260.7578125,1300,0.0,0.0
1995-09-08,123014.34375,123014.34375,123014.34375,123014.34375,2600,0.0,0.0
1995-09-11,126260.7578125,126260.7578125,123014.3174061283,126260.7578125,2600,0.0,0.0
1995-09-12,126260.7578125,126260.7578125,126260.7578125,126260.7578125,0,0.0,0.0
1995-09-13,119780.828125,119780.828125,116547.40797709307,119780.828125,18200,0.0,0.0
1995-09-14,119780.828125,119780.828125,119780.828125,119780.828125,0,0.0,0.0
1995-09-15,120106.796875,120106.796875,119780.81929310875,120106.796875,2600,0.0,0.0
1995-09-18,116547.40625,116547.40625,116547.40625,116547.40625,5200,0.0,0.0
1995-09-19,115895.5625,115895.5625,113300.93090326064,115895.5625,3900,0.0,0.0
1995-09-20,116482.171875,116482.171875,110067.46220817002,116482.171875,6500,0.0,0.0
1995-09-21,110067.4609375,110067.4609375,110067.4609375,110067.4609375,3900,0.0,0.0
1995-09-22,115569.5546875,115569.5546875,115569.5546875,115569.5546875,2600,0.0,0.0
1995-09-25,113300.90625,113300.90625,110067.4857735067,113300.90625,7800,0.0,0.0
1995-09-26,113300.90625,113300.90625,110067.4857735067,113300.90625,6500,0.0,0.0
1995-09-27,110002.3203125,110002.3203125,110002.3203125,110002.3203125,1300,0.0,0.0
1995-09-28,110067.4609375,110067.4609375,106834.03310845165,110067.4609375,5200,0.0,0.0
1995-09-29,103587.546875,104239.49404041794,103587.546875,103587.546875,5200,0.0,0.0
1995-10-02,103587.546875,103587.546875,103522.3885281631,103587.546875,9100,0.0,0.0
1995-10-03,103522.3833569213,106834.046875,102948.67957859965,106834.046875,16900,0.0,0.0
1995-10-04,106834.046875,106834.046875,106834.046875,106834.046875,3900,0.0,0.0
1995-10-05,106834.05039316851,110067.47874535432,106834.05039316851,108776.7421875,14300,0.0,0.0
1995-10-06,110067.4609375,110067.4609375,110067.4609375,110067.4609375,1300,0.0,0.0
1995-10-09,110067.4609375,110067.4609375,110067.4609375,110067.4609375,0,0.0,0.0
1995-10-10,110067.4963108053,110067.4963108053,107472.9296875,107472.9296875,6500,0.0,0.0
1995-10-11,110067.4963108053,110067.4963108053,107472.9296875,107472.9296875,2600,0.0,0.0
1995-10-12,106834.046875,106834.046875,106834.046875,106834.046875,2600,0.0,0.0
1995-10-13,106834.046875,106834.046875,106834.046875,106834.046875,0,0.0,0.0
1995-10-16,106834.046875,106834.046875,106834.046875,106834.046875,0,0.0,0.0
1995-10-17,106834.046875,110067.47512070528,106834.046875,106834.046875,6500,0.0,0.0
1995-10-18,97446.62109178466,106182.1328125,97446.62109178466,106182.1328125,3900,0.0,0.0
1995-10-19,113300.90625,113300.90625,111358.29515319176,113300.90625,2600,0.0,0.0
1995-10-20,122375.4296875,122375.4296875,122375.4296875,122375.4296875,2600,0.0,0.0
1995-10-23,122375.47922358006,122375.47922358006,117838.1640625,117838.1640625,2600,0.0,0.0
1995-10-24,117838.14273997759,117838.14273997759,116547.40625,116547.40625,3900,0.0,0.0
1995-10-25,116547.40625,117838.14273997759,116547.40625,116547.40625,3900,0.0,0.0
1995-10-26,115243.6015625,116547.42325338566,113300.90958690595,115243.6015625,10400,0.0,0.0
1995-10-27,116547.40625,116547.40625,116547.40625,116547.40625,1300,0.0,0.0
1995-10-30,116547.40625,116547.40625,116547.40625,116547.40625,0,0.0,0.0
1995-10-31,121397.56240765199,121397.56240765199,116547.42733896681,117838.1640625,7800,0.0,0.0
1995-11-01,121397.56240765199,121397.56240765199,116547.42733896681,117838.1640625,0,0.0,0.0
1995-11-02,117838.14273997759,117838.14273997759,116547.40625,116547.40625,0,0.0,0.0
1995-11-03,116547.40625,116547.40625,116547.40625,116547.40625,0,0.0,0.0
1995-11-06,116547.40625,116547.40625,116547.40625,116547.40625,133,0.0,0.0
1995-11-07,116547.40625,116547.40625,116547.40625,116547.40625,0,0.0,0.0
1995-11-08,116547.40625,126260.759642821,116547.40625,116547.40625,0,0.0,0.0
1995-11-09,116547.40625,116547.40625,116547.40625,116547.40625,0,0.0,0.0
1995-11-10,116547.40625,116547.40625,116547.40625,116547.40625,0,0.0,0.0
1995-11-13,117186.26486577772,117512.234375,117186.26486577772,117512.234375,0,0.0,0.0
1995-11-15,118802.98245041976,118802.98245041976,116547.40625,116547.40625,1,0.0,0.0
1995-11-16,116547.40625,116547.40625,116547.40625,116547.40625,1,0.0,0.0
1995-11-17,116547.40625,116547.40625,116547.40625,116547.40625,0,0.0,0.0
1995-11-20,116547.40625,116547.40625,116547.40625,116547.40625,0,0.0,0.0
1995-11-21,116547.40625,116860.29075824976,116547.40625,116547.40625,0,0.0,0.0
1995-11-22,116547.40625,116547.40625,116547.40625,116547.40625,0,0.0,0.0
1995-11-23,116547.44518053716,116547.44518053716,115895.5625,115895.5625,0,0.0,0.0
1995-11-24,115895.5625,115895.5625,115895.5625,115895.5625,0,0.0,0.0
1995-11-27,116547.40625,116547.40625,116547.40625,116547.40625,0,0.0,0.0
1995-11-29,122049.484375,122049.484375,116547.40320753018,122049.484375,0,0.0,0.0
1995-11-30,119780.85730004733,131762.875,118164.15087339045,131762.875,1,0.0,0.0
1995-12-01,126260.7578125,126260.7578125,126260.7578125,126260.7578125,0,0.0,0.0
1995-12-04,126260.7578125,126260.7578125,126260.7578125,126260.7578125,0,0.0,0.0
1995-12-05,126260.7578125,126260.7578125,126260.7578125,126260.7578125,0,0.0,0.0
1995-12-06,126260.7578125,126260.7578125,126260.7578125,126260.7578125,0,0.0,0.0
1995-12-07,126260.7578125,126260.7578125,126260.7578125,126260.7578125,0,0.0,0.0
1995-12-08,126260.7578125,126260.7578125,126260.7578125,126260.7578125,0,0.0,0.0
1995-12-11,126260.7578125,126260.7578125,126260.7578125,126260.7578125,0,0.0,0.0
1995-12-12,126260.7578125,126260.7578125,126260.7578125,126260.7578125,0,0.0,0.0
1995-12-13,126260.7578125,126260.7578125,126260.7578125,126260.7578125,0,0.0,0.0
1995-12-14,126260.7578125,126260.7578125,126260.7578125,126260.7578125,0,0.0,0.0
1995-12-15,126260.7578125,126260.7578125,126260.7578125,126260.7578125,0,0.0,0.0
1995-12-18,126260.7578125,126260.7578125,126260.7578125,126260.7578125,0,0.0,0.0
1995-12-19,126260.7578125,126260.7578125,126260.7578125,126260.7578125,0,0.0,0.0
1995-12-20,126260.7578125,126260.7578125,126260.7578125,126260.7578125,0,0.0,0.0
1995-12-21,126260.7578125,126260.7578125,126260.7578125,126260.7578125,0,0.0,0.0
1995-12-22,126260.7578125,126260.7578125,126260.7578125,126260.7578125,0,0.0,0.0
1995-12-25,126260.7578125,126260.7578125,126260.7578125,126260.7578125,0,0.0,0.0
1995-12-26,126260.7578125,126260.7578125,126260.7578125,126260.7578125,0,0.0,0.0
1995-12-27,119128.9453125,119128.9453125,119128.9453125,119128.9453125,10400,0.0,0.0
1995-12-28,113300.90625,113300.90625,113300.90625,113300.90625,1300,0.0,0.0
1995-12-29,115895.5625,123014.36028007932,115895.5625,115895.5625,11700,0.0,0.0
1996-01-01,115895.5625,115895.5625,115895.5625,115895.5625,0,0.0,0.0
1996-01-02,115895.5625,115895.5625,115895.5625,115895.5625,0,0.0,0.0
1996-01-03,113300.90625,113300.90625,113300.90625,113300.90625,5200,0.0,0.0
1996-01-04,113300.90625,113300.90625,113300.90625,113300.90625,2600,0.0,0.0
1996-01-05,113300.90625,114917.69326873832,113300.90625,113300.90625,3900,0.0,0.0
1996-01-08,113300.90958690595,115243.6015625,113300.90958690595,115243.6015625,14300,0.0,0.0
1996-01-09,115243.6015625,115243.6015625,115243.6015625,115243.6015625,0,0.0,0.0
1996-01-10,115243.6015625,115243.6015625,115243.6015625,115243.6015625,35100,0.0,0.0
1996-01-11,113300.8935154572,113300.8935154572,111684.1875,111684.1875,6500,0.0,0.0
1996-01-12,111684.1875,111684.1875,111684.1875,111684.1875,0,0.0,0.0
1996-01-15,111684.17485202418,111684.17485202418,110067.4609375,110067.4609375,5200,0.0,0.0
1996-01-16,110067.4609375,111358.27002592238,110067.4609375,110067.4609375,2600,0.0,0.0
1996-01-17,110067.4609375,110067.4609375,110067.4609375,110067.4609375,5200,0.0,0.0
1996-01-18,110067.4609375,110067.4609375,110067.4609375,110067.4609375,1300,0.0,0.0
1996-01-19,110067.4609375,110067.4609375,110067.4609375,110067.4609375,3900,0.0,0.0
1996-01-22,110067.4609375,110719.33524694516,110067.4609375,110067.4609375,15600,0.0,0.0
1996-01-23,110067.48062026707,110067.48062026707,108124.796875,108124.796875,6500,0.0,0.0
1996-01-24,109415.57854589965,110067.4609375,109415.57854589965,110067.4609375,3900,0.0,0.0
1996-01-25,110067.4609375,110067.4609375,109741.49145415664,110067.4609375,3900,0.0,0.0
1996-01-26,110067.4609375,110067.4609375,110067.4609375,110067.4609375,3900,0.0,0.0
1996-01-29,110067.4609375,110067.4609375,108776.72458847439,110067.4609375,3900,0.0,0.0
1996-01-30,110067.4609375,110067.4609375,110067.4609375,110067.4609375,3900,0.0,0.0
1996-01-31,110067.4609375,110067.4609375,110067.4609375,110067.4609375,2600,0.0,0.0
1996-02-01,110067.4609375,110067.4609375,110067.4609375,110067.4609375,1300,0.0,0.0
1996-02-02,110067.4609375,110067.4609375,110067.4609375,110067.4609375,2600,0.0,0.0
1996-02-05,110067.4609375,110067.4609375,110067.4609375,110067.4609375,1300,0.0,0.0
1996-02-06,110067.4609375,110067.4609375,110067.4609375,110067.4609375,1300,0.0,0.0
1996-02-07,110067.4609375,110067.4609375,110067.4609375,110067.4609375,1300,0.0,0.0
1996-02-08,108776.7421875,108776.7421875,106834.05039316851,108776.7421875,5200,0.0,0.0
1996-02-09,108776.74404042607,108776.74404042607,108124.796875,108124.796875,2600,0.0,0.0
1996-02-12,108776.7421875,108776.7421875,108776.7421875,108776.7421875,1300,0.0,0.0
1996-02-13,108124.79639205993,109102.6484375,108124.79639205993,109102.6484375,32500,0.0,0.0
1996-02-14,108124.796875,108124.796875,108124.796875,108124.796875,1300,0.0,0.0
1996-02-15,108124.796875,108124.796875,108124.796875,108124.796875,2600,0.0,0.0
1996-02-16,107798.9073577607,107798.9073577607,107472.9296875,107472.9296875,67600,0.0,0.0
1996-02-19,106834.05601281597,106834.05601281597,105530.234375,105530.234375,2600,0.0,0.0
1996-02-20,105530.234375,105530.234375,105530.234375,105530.234375,0,0.0,0.0
1996-02-21,103587.546875,103587.546875,103587.546875,103587.546875,1300,0.0,0.0
1996-02-22,103587.546875,103587.546875,103587.546875,103587.546875,0,0.0,0.0
1996-02-23,103587.546875,103587.546875,103587.546875,103587.546875,1300,0.0,0.0
1996-02-26,102948.6953125,102948.6953125,102948.6953125,102948.6953125,1300,0.0,0.0
1996-02-27,102296.8125,102296.8125,102296.8125,102296.8125,1300,0.0,0.0
1996-02-28,102296.8125,102296.8125,102296.8125,102296.8125,0,0.0,0.0
1996-02-29,111358.3046875,111358.3046875,108124.81119474734,111358.3046875,5200,0.0,0.0
1996-03-01,103587.546875,103587.546875,103587.546875,103587.546875,1300,0.0,0.0
1996-03-04,103587.546875,103587.546875,102948.68472118328,103587.546875,9100,0.0,0.0
1996-03-05,103587.546875,103587.546875,102948.68472118328,103587.546875,7800,0.0,0.0
1996-03-06,102296.8125,102296.8125,102296.8125,102296.8125,1300,0.0,0.0
1996-03-07,101644.87417295443,101970.84375,101644.87417295443,101970.84375,3900,0.0,0.0
1996-03-08,101644.86098903202,101644.86098903202,96794.7265625,96794.7265625,2600,0.0,0.0
1996-03-11,97120.703125,97120.703125,97120.703125,97120.703125,1300,0.0,0.0
1996-03-12,97120.703125,97120.703125,97120.703125,97120.703125,0,0.0,0.0
1996-03-13,97120.703125,97120.703125,97120.703125,97120.703125,0,0.0,0.0
1996-03-14,97120.703125,97120.703125,97120.703125,97120.703125,0,0.0,0.0
1996-03-15,95178.0234375,95178.0234375,95178.0234375,95178.0234375,1300,0.0,0.0
1996-03-18,95178.0234375,95178.0234375,95178.0234375,95178.0234375,0,0.0,0.0
1996-03-19,95178.0234375,95178.0234375,95178.0234375,95178.0234375,0,0.0,0.0
1996-03-20,95178.0234375,95178.0234375,95178.0234375,95178.0234375,0,0.0,0.0
1996-03-21,94526.0703125,94526.0703125,94526.0703125,94526.0703125,1300,0.0,0.0
1996-03-22,94526.0703125,94526.0703125,94526.0703125,94526.0703125,0,0.0,0.0
1996-03-25,94526.0703125,94526.0703125,94526.0703125,94526.0703125,0,0.0,0.0
1996-03-26,90640.76241599748,90640.76241599748,89349.953125,89349.953125,2600,0.0,0.0
1996-03-27,88059.2265625,88059.2265625,88059.2265625,88059.2265625,1300,0.0,0.0
1996-03-28,94526.0703125,94526.0703125,94526.0703125,94526.0703125,1300,0.0,0.0
1996-03-29,94526.0703125,94526.0703125,94526.0703125,94526.0703125,0,0.0,0.0
1996-04-01,94526.0703125,94526.0703125,94526.0703125,94526.0703125,0,0.0,0.0
1996-04-02,94526.0703125,94526.0703125,94526.0703125,94526.0703125,3900,0.0,0.0
1996-04-03,98411.4375,98411.4375,98411.4375,98411.4375,1300,0.0,0.0
1996-04-04,89415.17622347568,93887.203125,89415.17622347568,93887.203125,2600,0.0,0.0
1996-04-05,93887.203125,93887.203125,93887.203125,93887.203125,0,0.0,0.0
1996-04-08,93887.203125,93887.203125,93887.203125,93887.203125,0,0.0,0.0
1996-04-09,93887.203125,93887.203125,93887.203125,93887.203125,0,0.0,0.0
1996-04-10,92009.74242290593,95178.01241738064,92009.74242290593,93887.203125,5200,0.0,0.0
1996-04-11,88698.0859375,88698.0859375,88698.0859375,88698.0859375,1300,0.0,0.0
1996-04-12,88698.0859375,88698.0859375,88698.0859375,88698.0859375,0,0.0,0.0
1996-04-15,93887.203125,93887.203125,93887.203125,93887.203125,1300,0.0,0.0
1996-04-16,93887.203125,93887.203125,93887.203125,93887.203125,0,0.0,0.0
1996-04-17,98411.4375,98411.4375,98411.4375,98411.4375,1300,0.0,0.0
1996-04-18,98411.4375,98411.4375,98411.4375,98411.4375,0,0.0,0.0
1996-04-19,98411.4375,98411.4375,98411.4375,98411.4375,0,0.0,0.0
1996-04-22,98411.4375,98411.4375,98411.4375,98411.4375,0,0.0,0.0
1996-04-23,98411.4375,98411.4375,98411.4375,98411.4375,0,0.0,0.0
1996-04-24,98411.4375,98411.4375,98411.4375,98411.4375,0,0.0,0.0
1996-04-25,98411.4375,98411.4375,98411.4375,98411.4375,0,0.0,0.0
1996-04-26,98411.4375,98411.4375,98411.4375,98411.4375,0,0.0,0.0
1996-04-29,98411.4375,98411.4375,98411.4375,98411.4375,0,0.0,0.0
1996-04-30,98411.4375,98411.4375,98411.4375,98411.4375,0,0.0,0.0
1996-05-01,98411.4375,98411.4375,98411.4375,98411.4375,0,0.0,0.0
1996-05-02,98411.4375,98411.4375,98411.4375,98411.4375,0,0.0,0.0
1996-05-03,98411.4375,98411.4375,98411.4375,98411.4375,0,0.0,0.0
1996-05-06,100354.140625,100354.140625,100354.140625,100354.140625,6500,0.0,0.0
1996-05-07,97120.72216727921,99715.2890625,97120.72216727921,99715.2890625,5200,0.0,0.0
1996-05-08,97120.703125,97120.703125,97120.703125,97120.703125,2600,0.0,0.0
1996-05-09,97120.703125,97120.703125,97120.703125,97120.703125,0,0.0,0.0
1996-05-10,97120.703125,97120.703125,97120.703125,97120.703125,0,0.0,0.0
1996-05-13,98737.421875,98737.421875,98737.421875,98737.421875,2600,0.0,0.0
1996-05-14,90966.6796875,90966.6796875,90966.6796875,90966.6796875,1300,0.0,0.0
1996-05-15,95503.9296875,95503.9296875,95503.9296875,95503.9296875,1300,0.0,0.0
1996-05-16,95503.9296875,95503.9296875,95503.9296875,95503.9296875,0,0.0,0.0
1996-05-17,93887.203125,95503.91729497803,93887.203125,93887.203125,3900,0.0,0.0
1996-05-20,100354.140625,100354.140625,100354.140625,100354.140625,3900,0.0,0.0
1996-05-21,95503.9296875,95503.9296875,95503.9296875,95503.9296875,1300,0.0,0.0
1996-05-22,98932.9386719562,98932.9386719562,98411.4375,98411.4375,6500,0.0,0.0
1996-05-23,98411.4375,98411.4375,98411.4375,98411.4375,5200,0.0,0.0
1996-05-24,98411.4375,98411.4375,98411.4375,98411.4375,5200,0.0,0.0
1996-05-27,96142.7734375,96142.7734375,96142.7734375,96142.7734375,1300,0.0,0.0
1996-05-28,99715.2890625,99715.2890625,99715.2890625,99715.2890625,5200,0.0,0.0
1996-05-29,97120.69609726545,99063.31514434198,96794.7265625,96794.7265625,7800,0.0,0.0
1996-05-30,94526.0703125,94526.0703125,94526.0703125,94526.0703125,1300,0.0,0.0
1996-05-31,97120.703125,97120.703125,97120.703125,97120.703125,1300,0.0,0.0
1996-06-03,96468.75,96468.75,96468.75,96468.75,1300,0.0,0.0
1996-06-04,96468.75,96468.75,96468.75,96468.75,0,0.0,0.0
1996-06-05,95178.0234375,95178.0234375,95178.0234375,95178.0234375,1300,0.0,0.0
1996-06-06,95829.890625,95829.890625,95829.890625,95829.890625,1300,0.0,0.0
1996-06-07,97120.71958602418,100354.140625,97120.71958602418,100354.140625,6500,0.0,0.0
1996-06-10,99715.26206506531,99715.26206506531,99650.0390625,99650.0390625,3900,0.0,0.0
1996-06-11,95243.16246429832,97772.5703125,95243.16246429832,97772.5703125,11700,0.0,0.0
1996-06-12,97120.70038060583,99389.2890625,97120.70038060583,99389.2890625,10400,0.0,0.0
1996-06-13,99389.2890625,99389.2890625,99389.2890625,99389.2890625,0,0.0,0.0
1996-06-14,98085.484375,99650.06089229134,98085.484375,98085.484375,7800,0.0,0.0
1996-06-17,93235.32871255343,93887.203125,93235.32871255343,93887.203125,6500,0.0,0.0
1996-06-18,93887.19889816201,97055.46875,93887.19889816201,97055.46875,6500,0.0,0.0
1996-06-19,92909.35515503134,92909.35515503134,91944.5234375,91944.5234375,7800,0.0,0.0
1996-06-20,91944.5234375,91944.5234375,91944.5234375,91944.5234375,5200,0.0,0.0
1996-06-21,93235.3125,93887.18679909309,93235.3125,93235.3125,6500,0.0,0.0
1996-06-24,93235.3125,93235.3125,93235.3125,93235.3125,192400,0.0,0.0
1996-06-25,93300.484375,93300.484375,93300.484375,93300.484375,3900,0.0,0.0
1996-06-26,96468.75,98411.43372556221,96468.75,96468.75,11700,0.0,0.0
1996-06-27,91944.5234375,91944.5234375,91944.5234375,91944.5234375,1300,0.0,0.0
1996-06-28,101006.015625,101006.015625,101006.015625,101006.015625,1300,0.0,0.0
1996-07-01,101006.015625,101006.015625,101006.015625,101006.015625,0,0.0,0.0
1996-07-02,101006.015625,101006.015625,101006.015625,101006.015625,0,0.0,0.0
1996-07-03,101006.015625,101006.015625,101006.015625,101006.015625,0,0.0,0.0
1996-07-04,101006.015625,101006.015625,101006.015625,101006.015625,0,0.0,0.0
1996-07-05,101006.015625,101006.015625,101006.015625,101006.015625,0,0.0,0.0
1996-07-08,91944.5234375,91944.5234375,91944.5234375,91944.5234375,2600,0.0,0.0
1996-07-09,91944.5234375,91944.5234375,91944.5234375,91944.5234375,0,0.0,0.0
1996-07-10,91944.5234375,91944.5234375,91944.5234375,91944.5234375,0,0.0,0.0
1996-07-11,91944.5234375,91944.5234375,91944.5234375,91944.5234375,1300,0.0,0.0
1996-07-12,97120.703125,97120.703125,97120.703125,97120.703125,1300,0.0,0.0
1996-07-15,93887.203125,93887.203125,93887.203125,93887.203125,3900,0.0,0.0
1996-07-16,93887.203125,93887.203125,93887.203125,93887.203125,3900,0.0,0.0
1996-07-17,92583.3828125,92583.3828125,92583.3828125,92583.3828125,2600,0.0,0.0
1996-07-18,92583.3828125,92583.3828125,92583.3828125,92583.3828125,0,0.0,0.0
1996-07-19,86429.42045375613,90640.765625,86429.42045375613,90640.765625,2600,0.0,0.0
1996-07-22,90640.765625,90640.765625,90640.765625,90640.765625,0,0.0,0.0
1996-07-23,90640.765625,90640.765625,90640.765625,90640.765625,0,0.0,0.0
1996-07-24,90640.765625,90640.765625,90640.765625,90640.765625,0,0.0,0.0
1996-07-25,90640.765625,90640.765625,90640.765625,90640.765625,0,0.0,0.0
1996-07-26,90640.765625,90640.765625,90640.765625,90640.765625,0,0.0,0.0
1996-07-29,90640.765625,90640.765625,90640.765625,90640.765625,0,0.0,0.0
1996-07-30,90640.765625,90640.765625,90640.765625,90640.765625,0,0.0,0.0
1996-07-31,90640.765625,90640.765625,90640.765625,90640.765625,0,0.0,0.0
1996-08-01,90640.765625,90640.765625,90640.765625,90640.765625,0,0.0,0.0
1996-08-02,99715.2890625,99715.2890625,99715.2890625,99715.2890625,2600,0.0,0.0
1996-08-05,99715.2890625,99715.2890625,99715.2890625,99715.2890625,0,0.0,0.0
1996-08-06,99715.2890625,99715.2890625,99715.2890625,99715.2890625,5200,0.0,0.0
1996-08-07,100354.140625,100354.140625,100354.140625,100354.140625,2600,0.0,0.0
1996-08-08,100354.140625,100354.140625,100354.140625,100354.140625,0,0.0,0.0
1996-08-09,100354.140625,100354.140625,100354.140625,100354.140625,2600,0.0,0.0
1996-08-12,100354.140625,100354.140625,100354.140625,100354.140625,0,0.0,0.0
1996-08-13,100354.140625,100354.140625,100354.140625,100354.140625,0,0.0,0.0
1996-08-14,100354.140625,100354.140625,100354.140625,100354.140625,0,0.0,0.0
1996-08-15,100354.140625,100354.140625,100354.140625,100354.140625,0,0.0,0.0
1996-08-16,100354.140625,100354.140625,100354.140625,100354.140625,0,0.0,0.0
1996-08-19,97120.703125,97120.703125,97120.703125,97120.703125,5200,0.0,0.0
1996-08-20,95503.92418119394,97120.703125,95503.92418119394,97120.703125,2600,0.0,0.0
1996-08-21,95503.9296875,97120.70872452192,95503.9296875,95503.9296875,5200,0.0,0.0
1996-08-22,95503.9296875,95503.9296875,95503.9296875,95503.9296875,0,0.0,0.0
1996-08-23,103587.546875,103587.546875,98411.43472253282,103587.546875,13000,0.0,0.0
1996-08-26,103587.546875,103587.546875,103587.546875,103587.546875,0,0.0,0.0
1996-08-27,103587.546875,103587.546875,98411.43472253282,103587.546875,13000,0.0,0.0
1996-08-28,110067.4609375,110067.4609375,110067.4609375,110067.4609375,1300,0.0,0.0
1996-08-29,110067.4609375,110067.4609375,110067.4609375,110067.4609375,0,0.0,0.0
1996-08-30,110067.4609375,110067.4609375,110067.4609375,110067.4609375,0,0.0,0.0
1996-09-02,110067.4609375,110067.4609375,110067.4609375,110067.4609375,0,0.0,0.0
1996-09-03,110067.4609375,110067.4609375,110067.4609375,110067.4609375,0,0.0,0.0
1996-09-04,110067.4609375,110067.4609375,110067.4609375,110067.4609375,0,0.0,0.0
1996-09-05,110067.4609375,110067.4609375,110067.4609375,110067.4609375,0,0.0,0.0
1996-09-06,110067.4609375,110067.4609375,110067.4609375,110067.4609375,0,0.0,0.0
1996-09-09,99389.28986427137,99389.28986427137,99063.3203125,99063.3203125,2600,0.0,0.0
1996-09-10,97120.703125,97120.703125,97120.703125,97120.703125,1300,0.0,0.0
1996-09-11,97120.703125,97120.703125,97120.703125,97120.703125,1300,0.0,0.0
1996-09-12,97120.703125,97120.703125,97120.703125,97120.703125,0,0.0,0.0
1996-09-13,97120.703125,97120.703125,97120.703125,97120.703125,0,0.0,0.0
1996-09-16,97120.703125,97120.703125,97120.703125,97120.703125,0,0.0,0.0
1996-09-17,97120.703125,97120.703125,97120.703125,97120.703125,0,0.0,0.0
1996-09-18,95829.890625,95829.890625,95829.890625,95829.890625,3900,0.0,0.0
1996-09-19,95829.890625,95829.890625,95829.890625,95829.890625,0,0.0,0.0
1996-09-20,95503.9296875,95503.9296875,95503.9296875,95503.9296875,2600,0.0,0.0
1996-09-23,95503.9296875,95503.9296875,95503.9296875,95503.9296875,0,0.0,0.0
1996-09-24,96468.75,102622.71413991906,96468.75,96468.75,2600,0.0,0.0
1996-09-25,96468.75592613718,97120.703125,95829.89373954682,97120.703125,9100,0.0,0.0
1996-09-26,95503.91717013298,95503.91717013298,92257.4765625,92257.4765625,7800,0.0,0.0
1996-09-27,96468.75369992878,98411.4375,95829.89152808145,98411.4375,15600,0.0,0.0
1996-09-30,98411.4375,98411.4375,98411.4375,98411.4375,0,0.0,0.0
1996-10-01,98411.4375,98411.4375,98411.4375,98411.4375,0,0.0,0.0
1996-10-02,98411.4375,98411.4375,98411.4375,98411.4375,0,0.0,0.0
1996-10-03,99063.3203125,102948.68792385717,99063.3203125,99063.3203125,3900,0.0,0.0
1996-10-04,89349.953125,89349.953125,89349.953125,89349.953125,1300,0.0,0.0
1996-10-07,95829.890625,95829.890625,95829.890625,95829.890625,2600,0.0,0.0
1996-10-08,95829.890625,95829.890625,95829.890625,95829.890625,0,0.0,0.0
1996-10-09,95829.890625,95829.890625,95829.890625,95829.890625,0,0.0,0.0
1996-10-10,95829.890625,95829.890625,95829.890625,95829.890625,0,0.0,0.0
1996-10-11,95829.890625,95829.890625,95829.890625,95829.890625,2600,0.0,0.0
1996-10-14,95829.890625,95829.890625,95829.890625,95829.890625,2600,0.0,0.0
1996-10-15,95829.89373954682,97120.703125,95829.89373954682,97120.703125,15600,0.0,0.0
1996-10-16,103587.546875,103587.546875,100354.11846777565,103587.546875,2600,0.0,0.0
1996-10-17,103587.546875,103587.546875,103587.546875,103587.546875,0,0.0,0.0
1996-10-18,103587.546875,103587.546875,103587.546875,103587.546875,0,0.0,0.0
1996-10-21,93561.3046875,93561.3046875,93561.3046875,93561.3046875,1300,0.0,0.0
1996-10-22,102622.7109375,102622.7109375,102622.7109375,102622.7109375,1300,0.0,0.0
1996-10-23,102622.7109375,102622.7109375,102622.7109375,102622.7109375,0,0.0,0.0
1996-10-24,103587.546875,103587.546875,103587.546875,103587.546875,1300,0.0,0.0
1996-10-25,103587.546875,103587.546875,103587.546875,103587.546875,0,0.0,0.0
1996-10-28,96468.75,96468.75,96468.75,96468.75,1300,0.0,0.0
1996-10-29,95829.890625,95829.890625,95829.890625,95829.890625,1300,0.0,0.0
1996-10-30,95829.890625,95829.890625,95829.890625,95829.890625,0,0.0,0.0
1996-10-31,103587.546875,103587.546875,103587.546875,103587.546875,1300,0.0,0.0
1996-11-01,103587.546875,103587.546875,103587.546875,103587.546875,1300,0.0,0.0
1996-11-04,103587.546875,103587.546875,103587.546875,103587.546875,0,0.0,0.0
1996-11-05,103587.546875,103587.546875,103587.546875,103587.546875,0,0.0,0.0
1996-11-06,95829.88882347327,103587.546875,95829.88882347327,103587.546875,23400,0.0,0.0
1996-11-07,103587.546875,103587.546875,103587.546875,103587.546875,0,0.0,0.0
1996-11-08,110067.4609375,110067.4609375,104891.34971058412,110067.4609375,2600,0.0,0.0
1996-11-11,110067.4609375,110067.4609375,110067.4609375,110067.4609375,0,0.0,0.0
1996-11-12,110067.4609375,110067.4609375,110067.4609375,110067.4609375,0,0.0,0.0
1996-11-13,100354.140625,110067.50492073459,100354.140625,100354.140625,3900,0.0,0.0
1996-11-14,99063.3203125,99063.3203125,99063.3203125,99063.3203125,2600,0.0,0.0
1996-11-15,101644.8515625,101644.8515625,101005.98948138623,101644.8515625,3900,0.0,0.0
1996-11-18,101644.8515625,103587.53508666404,101331.95898592132,101644.8515625,3900,0.0,0.0
1996-11-19,110067.4609375,111358.27002592238,110067.4609375,110067.4609375,10400,0.0,0.0
1996-11-20,111358.29515319176,114917.69326873832,111358.29515319176,113300.90625,10400,0.0,0.0
1996-11-21,108124.796875,108124.796875,108124.796875,108124.796875,2600,0.0,0.0
1996-11-22,108124.796875,108124.796875,108124.796875,108124.796875,0,0.0,0.0
1996-11-25,108124.796875,108124.796875,108124.796875,108124.796875,0,0.0,0.0
1996-11-26,118802.98635067798,118802.98635067798,116547.41007620849,118490.09375,9100,0.0,0.0
1996-11-27,118490.09375,118490.09375,118490.09375,118490.09375,0,0.0,0.0
1996-11-28,113300.88068439317,114917.66733831409,110067.4609375,110067.4609375,5200,0.0,0.0
1996-11-29,119780.828125,119780.828125,119780.828125,119780.828125,1300,0.0,0.0
1996-12-02,119780.828125,119780.828125,119780.828125,119780.828125,2600,0.0,0.0
1996-12-03,119780.828125,119780.828125,119780.828125,119780.828125,0,0.0,0.0
1996-12-04,119780.828125,119780.828125,119780.828125,119780.828125,0,0.0,0.0
1996-12-05,119780.828125,119780.828125,119780.828125,119780.828125,1300,0.0,0.0
1996-12-06,119780.828125,119780.828125,119780.828125,119780.828125,0,0.0,0.0
1996-12-09,119780.828125,119780.828125,119780.828125,119780.828125,0,0.0,0.0
1996-12-10,119128.9453125,119128.9453125,119128.9453125,119128.9453125,1300,0.0,0.0
1996-12-11,119128.9453125,119128.9453125,119128.9453125,119128.9453125,0,0.0,0.0
1996-12-12,119128.96014618583,119454.9296875,119128.96014618583,119454.9296875,2600,0.0,0.0
1996-12-13,109102.663374059,111358.3046875,109102.663374059,111358.3046875,3900,0.0,0.0
1996-12-16,111358.3046875,111358.3046875,111358.3046875,111358.3046875,0,0.0,0.0
1996-12-17,111358.3046875,111358.3046875,111358.3046875,111358.3046875,0,0.0,0.0
1996-12-18,111358.3046875,111358.3046875,111358.3046875,111358.3046875,0,0.0,0.0
1996-12-19,111358.3046875,111358.3046875,111358.3046875,111358.3046875,0,0.0,0.0
1996-12-20,111358.3046875,111358.3046875,111358.3046875,111358.3046875,0,0.0,0.0
1996-12-23,111358.3046875,111358.3046875,111358.3046875,111358.3046875,0,0.0,0.0
1996-12-24,111358.3046875,111358.3046875,111358.3046875,111358.3046875,0,0.0,0.0
1996-12-25,111358.3046875,111358.3046875,111358.3046875,111358.3046875,0,0.0,0.0
1996-12-26,111358.3046875,111358.3046875,111358.3046875,111358.3046875,0,0.0,0.0
1996-12-27,119128.9453125,119128.9453125,119128.9453125,119128.9453125,2600,0.0,0.0
1996-12-30,119128.95134554284,128842.3046875,116547.40563970119,128842.3046875,18200,0.0,0.0
1996-12-31,135961.140625,135961.140625,135961.140625,135961.140625,5200,0.0,0.0
1997-01-01,135961.140625,135961.140625,135961.140625,135961.140625,0,0.0,0.0
1997-01-02,135961.140625,135961.140625,135961.140625,135961.140625,0,0.0,0.0
1997-01-03,123666.21875,123666.21875,123666.21875,123666.21875,2600,0.0,0.0
1997-01-06,123666.21875,123666.21875,123666.21875,123666.21875,0,0.0,0.0
1997-01-07,123666.21875,123666.21875,123666.21875,123666.21875,0,0.0,0.0
1997-01-08,123666.21875,123666.21875,123666.21875,123666.21875,0,0.0,0.0
1997-01-09,113952.828125,113952.828125,113952.828125,113952.828125,2600,0.0,0.0
1997-01-10,113952.828125,113952.828125,113952.828125,113952.828125,2600,0.0,0.0
1997-01-13,122375.48151310105,123666.2263429403,122375.48151310105,123014.34375,7800,0.0,0.0
1997-01-14,112010.17893074377,123014.34375,112010.17893074377,123014.34375,18200,0.0,0.0
1997-01-15,112140.54618733525,115243.6015625,112140.54618733525,115243.6015625,5200,0.0,0.0
1997-01-16,111045.32134053308,113300.88938570625,110067.46939049201,110719.34375,10400,0.0,0.0
1997-01-17,110719.34375,110719.34375,110719.34375,110719.34375,0,0.0,0.0
1997-01-20,110719.34375,115569.55052330162,110719.34375,110719.34375,5200,0.0,0.0
1997-01-21,110719.34375,121071.6316561112,110719.34375,110719.34375,10400,0.0,0.0
1997-01-22,130785.02771667592,130785.02771667592,123079.50638746782,124631.0625,15600,0.0,0.0
1997-01-23,129494.265625,129494.265625,123014.33167450152,129494.265625,10400,0.0,0.0
1997-01-24,123340.21788926571,128842.29892549515,123340.21788926571,127551.5625,23400,0.0,0.0
1997-01-27,136287.11023950684,139207.64668748196,135322.27832835447,135961.140625,28600,0.0,0.0
1997-01-28,129820.17051976862,132727.69413531848,129494.265625,129494.265625,23400,0.0,0.0
1997-01-29,126260.7578125,126260.7578125,126260.7578125,126260.7578125,2600,0.0,0.0
1997-01-30,126260.7578125,126260.7578125,126260.7578125,126260.7578125,2600,0.0,0.0
1997-01-31,135322.2615547056,135322.2615547056,132727.703125,132727.703125,7800,0.0,0.0
1997-02-03,131436.90625,131436.90625,131436.90625,131436.90625,5200,0.0,0.0
1997-02-04,131436.909969227,135961.140625,131436.909969227,135961.140625,7800,0.0,0.0
1997-02-05,142441.046875,149233.87336950004,139207.61840188652,142441.046875,18200,0.0,0.0
1997-02-06,142441.046875,145035.61318127834,142441.046875,142441.046875,5200,0.0,0.0
1997-02-07,145674.46875,151502.5279226728,142441.04042333996,145674.46875,15600,0.0,0.0
1997-02-10,148920.984375,148920.984375,148920.984375,148920.984375,2600,0.0,0.0
1997-02-11,141789.17243570826,148269.10631164626,141476.21515989178,142441.046875,20800,0.0,0.0
1997-02-12,141150.34375,141150.34375,141150.34375,141150.34375,2600,0.0,0.0
1997-02-13,141476.21515989178,142441.046875,141150.31026887315,142441.046875,13000,0.0,0.0
1997-02-14,142441.046875,145674.47534811348,142441.046875,142441.046875,15600,0.0,0.0
1997-02-17,142441.046875,142441.046875,142441.046875,142441.046875,0,0.0,0.0
1997-02-18,147943.140625,147943.140625,147943.140625,147943.140625,2600,0.0,0.0
1997-02-19,147943.140625,147943.140625,147943.140625,147943.140625,0,0.0,0.0
1997-02-20,145674.46875,145674.46875,145674.46875,145674.46875,2600,0.0,0.0
1997-02-21,145674.46875,145674.46875,145674.46875,145674.46875,0,0.0,0.0
1997-02-24,145674.46875,145674.46875,145674.46875,145674.46875,0,0.0,0.0
1997-02-25,139846.47423457872,145674.46875,139846.47423457872,145674.46875,2600,0.0,0.0
1997-02-26,142441.04042333996,145674.46875,142441.04042333996,145674.46875,5200,0.0,0.0
1997-02-27,142441.04042333996,145674.46875,142441.04042333996,145674.46875,5200,0.0,0.0
1997-02-28,141789.171875,143731.84756999067,141789.171875,141789.171875,5200,0.0,0.0
1997-03-03,141789.171875,141789.171875,141789.171875,141789.171875,0,0.0,0.0
1997-03-04,147617.15853491073,147943.14426402474,137264.94965848533,146978.3125,18200,0.0,0.0
1997-03-05,143092.9213142917,143092.9213142917,142441.046875,142441.046875,10400,0.0,0.0
1997-03-06,148920.984375,148920.984375,147291.2497441695,148920.984375,13000,0.0,0.0
1997-03-07,152154.421875,152154.421875,148920.99313304163,152154.421875,18200,0.0,0.0
1997-03-10,152154.421875,152154.421875,152154.421875,152154.421875,0,0.0,0.0
1997-03-11,151828.484375,155061.91242307556,151828.484375,151828.484375,20800,0.0,0.0
1997-03-12,151502.53125,151502.53125,151502.53125,151502.53125,5200,0.0,0.0
1997-03-13,146652.3125,146652.3125,146652.3125,146652.3125,2600,0.0,0.0
1997-03-14,142441.046875,145674.47534811348,142441.046875,142441.046875,5200,0.0,0.0
1997-03-17,148595.02663464428,148595.02663464428,142767.03125,142767.03125,5200,0.0,0.0
1997-03-18,142767.03125,143731.86306530848,142767.03125,142767.03125,5200,0.0,0.0
1997-03-19,167369.859375,167369.859375,142767.02843171373,167369.859375,111800,0.0,0.0
1997-03-20,187109.54122997707,190356.046875,181294.55828922783,190356.046875,174200,0.0,0.0
1997-03-21,198765.56798394286,207188.17767531847,172871.9375,172871.9375,117000,0.0,0.0
1997-03-24,172871.9375,174814.61322868217,172871.9375,172871.9375,13000,0.0,0.0
1997-03-25,168334.703125,174814.63800613052,168334.703125,168334.703125,28600,0.0,0.0
1997-03-26,168334.70564679464,174814.640625,168334.70564679464,174814.640625,10400,0.0,0.0
1997-03-27,187761.46875,187761.46875,174814.61310630714,187761.46875,44200,0.0,0.0
1997-03-28,187761.46574946362,192937.56990820888,187761.46574946362,190030.0625,41600,0.0,0.0
1997-03-31,190030.0625,190030.0625,190030.0625,190030.0625,0,0.0,0.0
1997-04-01,197800.800567992,197800.800567992,181294.546875,181294.546875,18200,0.0,0.0
1997-04-02,176105.46875,188087.414443817,176105.46875,176105.46875,13000,0.0,0.0
1997-04-03,176105.45827226905,178048.06964813493,174814.640625,174814.640625,18200,0.0,0.0
1997-04-04,168986.66101855508,174814.640625,168986.66101855508,174814.640625,5200,0.0,0.0
1997-04-07,174814.640625,174814.640625,174814.640625,174814.640625,0,0.0,0.0
1997-04-08,174814.640625,174814.640625,174814.640625,174814.640625,0,0.0,0.0
1997-04-09,174814.640625,174814.640625,174814.640625,174814.640625,0,0.0,0.0
1997-04-10,174814.640625,174814.640625,174814.640625,174814.640625,0,0.0,0.0
1997-04-11,173836.75,173836.75,173836.75,173836.75,2600,0.0,0.0
1997-04-14,174814.640625,174814.640625,174814.640625,174814.640625,2600,0.0,0.0
1997-04-15,171581.203125,171581.203125,171581.203125,171581.203125,2600,0.0,0.0
1997-04-16,171581.203125,171581.203125,171581.203125,171581.203125,0,0.0,0.0
1997-04-17,174814.640625,178048.06964813493,174814.640625,174814.640625,13000,0.0,0.0
1997-04-18,174814.640625,174814.640625,174814.640625,174814.640625,0,0.0,0.0
1997-04-21,170929.28256418486,176105.46875,170929.28256418486,176105.46875,7800,0.0,0.0
1997-04-22,178048.0625,178048.0625,178048.0625,178048.0625,2600,0.0,0.0
1997-04-23,178048.0625,178048.0625,178048.0625,178048.0625,15600,0.0,0.0
1997-04-24,178048.0416204473,187761.46875,178048.0416204473,187761.46875,83200,0.0,0.0
1997-04-25,187761.46875,187761.46875,187761.46875,187761.46875,0,0.0,0.0
1997-04-28,194241.40625,194241.40625,187761.4721736861,194241.40625,169000,0.0,0.0
1997-04-29,194241.40625,200708.24723188436,193589.46713329424,194241.40625,135200,0.0,0.0
1997-04-30,194241.40625,202976.9087172968,194241.40625,194241.40625,174200,0.0,0.0
1997-05-01,194241.40625,202976.9087172968,194241.40625,194241.40625,174200,0.0,0.0
1997-05-02,194241.4027081573,197474.83122229742,187761.46875,187761.46875,31200,0.0,0.0
1997-05-05,181294.56200127065,181294.56200127065,176757.31956092734,180642.6875,31200,0.0,0.0
1997-05-06,174814.640625,174814.640625,174814.640625,174814.640625,2600,0.0,0.0
1997-05-07,173523.87707153236,182585.284305389,173523.87707153236,180968.578125,10400,0.0,0.0
1997-05-08,178048.0625,178048.0625,178048.0625,178048.0625,7800,0.0,0.0
1997-05-09,169638.51221097435,169638.51221097435,160251.0544486626,163158.578125,109200,0.0,0.0
1997-05-12,155387.88029593666,163158.54967489632,155387.88029593666,161541.84375,39000,0.0,0.0
1997-05-13,165101.234375,165101.234375,159273.17600894594,165101.234375,28600,0.0,0.0
1997-05-14,165101.27815384135,168334.6907260589,158621.34375,158621.34375,15600,0.0,0.0
1997-05-15,149233.88577761926,152154.421875,149233.88577761926,152154.421875,7800,0.0,0.0
1997-05-16,152480.3939393414,161867.8523311319,150211.732298421,157982.484375,13000,0.0,0.0
1997-05-19,161867.84539900406,161867.84539900406,154423.0793862655,160564.015625,7800,0.0,0.0
1997-05-20,158621.34375,158621.34375,152154.42161967533,158621.34375,18200,0.0,0.0
1997-05-21,158621.34375,158621.34375,152480.3911945043,158621.34375,23400,0.0,0.0
1997-05-22,154749.0176659766,154749.0176659766,151828.48223646922,154097.0625,15600,0.0,0.0
1997-05-23,152154.421875,152154.421875,152154.421875,152154.421875,2600,0.0,0.0
1997-05-26,154749.015625,154749.015625,154749.015625,154749.015625,7800,0.0,0.0
1997-05-27,154749.015625,154749.015625,154749.015625,154749.015625,0,0.0,0.0
1997-05-28,154097.08867674944,154097.08867674944,148920.984375,148920.984375,10400,0.0,0.0
1997-05-29,142767.01989757546,148920.984375,142767.01989757546,148920.984375,15600,0.0,0.0
1997-05-30,152154.4129268005,152154.4129268005,148920.984375,148920.984375,13000,0.0,0.0
1997-06-02,152154.421875,153445.22324570557,152154.421875,152154.421875,10400,0.0,0.0
1997-06-03,147617.15241966184,150211.71875,147617.15241966184,150211.71875,5200,0.0,0.0
1997-06-04,152154.421875,152154.421875,148920.99313304163,152154.421875,7800,0.0,0.0
1997-06-05,148920.984375,148920.984375,148920.984375,148920.984375,2600,0.0,0.0
1997-06-06,148920.984375,148920.984375,146000.44844937595,148920.984375,10400,0.0,0.0
1997-06-09,145674.50388542592,145674.50388542592,144057.78125,144057.78125,31200,0.0,0.0
1997-06-10,144383.73220233517,145674.46875,144383.73220233517,145674.46875,13000,0.0,0.0
1997-06-11,145674.49589827555,147617.171875,145674.49589827555,147617.171875,20800,0.0,0.0
1997-06-12,147617.171875,148921.00175908153,147617.171875,147617.171875,10400,0.0,0.0
1997-06-13,149559.84655738214,152154.4129268005,148920.984375,148920.984375,13000,0.0,0.0
1997-06-16,154423.09375,154423.09375,151502.55745836624,154423.09375,18200,0.0,0.0
1997-06-17,155061.93420955297,157656.484375,155061.93420955297,157656.484375,5200,0.0,0.0
1997-06-18,155061.9375,155061.9375,155061.9375,155061.9375,2600,0.0,0.0
1997-06-19,155061.9375,155061.9375,155061.9375,155061.9375,0,0.0,0.0
1997-06-20,155061.9375,155061.9375,155061.9375,155061.9375,0,0.0,0.0
1997-06-23,155061.9375,155061.9375,155061.9375,155061.9375,0,0.0,0.0
1997-06-24,155061.9375,155061.9375,155061.9375,155061.9375,0,0.0,0.0
1997-06-25,155061.9375,155061.9375,155061.9375,155061.9375,0,0.0,0.0
1997-06-26,155061.9375,155061.9375,155061.9375,155061.9375,0,0.0,0.0
1997-06-27,155061.9375,155061.9375,155061.9375,155061.9375,0,0.0,0.0
1997-06-30,155387.90379535407,155387.90379535407,150211.71875,150211.71875,31200,0.0,0.0
1997-07-01,154423.08321975698,158621.34375,154097.09748061307,158621.34375,18200,0.0,0.0
1997-07-02,158621.37107471688,161215.921875,158621.37107471688,161215.921875,36400,0.0,0.0
1997-07-03,161867.84539900406,176431.34320048612,160564.015625,160564.015625,72800,0.0,0.0
1997-07-04,165101.26225206602,165101.26225206602,160251.046875,160251.046875,28600,0.0,0.0
1997-07-07,158621.37167296544,158621.37167296544,153445.25,153445.25,5200,0.0,0.0
1997-07-08,155713.789875662,159273.1875,155713.789875662,159273.1875,10400,0.0,0.0
1997-07-09,161215.85808368944,161541.84375,161215.85808368944,161541.84375,20800,0.0,0.0
1997-07-10,161215.88557360915,161867.84085308792,155387.9067920916,156039.78125,10400,0.0,0.0
1997-07-11,161215.921875,161215.921875,161215.921875,161215.921875,15600,0.0,0.0
1997-07-14,161215.921875,161215.921875,161215.921875,161215.921875,0,0.0,0.0
1997-07-15,158621.3429268626,158947.3125,158621.3429268626,158947.3125,7800,0.0,0.0
1997-07-16,158308.45110594743,160889.92452850702,158308.45110594743,158621.34375,13000,0.0,0.0
1997-07-17,158621.34375,161215.894103336,158621.34375,158621.34375,33800,0.0,0.0
1997-07-18,160564.04727030738,161215.921875,160564.04727030738,161215.921875,7800,0.0,0.0
1997-07-21,165101.27808952107,168334.69066047895,165101.27808952107,166717.984375,78000,0.0,0.0
1997-07-22,170603.36489218328,174162.76346571752,168334.703125,168334.703125,57200,0.0,0.0
1997-07-23,172220.03528063375,181294.5349727526,172220.03528063375,179351.859375,65000,0.0,0.0
1997-07-24,187109.55158736807,189704.10206651405,174814.63360667825,178048.0625,200200,0.0,0.0
1997-07-25,186470.66727536687,187761.46855377723,181294.546875,181294.546875,158600,0.0,0.0
1997-07-28,186796.65839609166,194241.42493343612,185818.7981199182,193263.5,150800,0.0,0.0
1997-07-29,200069.36734289,203954.734375,194241.3733698149,203954.734375,213200,0.0,0.0
1997-07-30,210421.64488441692,223055.61023757712,210421.64488441692,222729.640625,249600,0.0,0.0
1997-07-31,233081.79525011894,239561.72840453792,225963.0,225963.0,241800,0.0,0.0
1997-08-01,238909.83953902847,239235.74439603067,229848.3687393768,233081.796875,244400,0.0,0.0
1997-08-04,229196.4139545744,231465.07513708036,213016.21248362077,216249.640625,59800,0.0,0.0
1997-08-05,201360.17744972263,207188.15551961167,198126.68462183786,199743.390625,80600,0.0,0.0
1997-08-06,200708.28125,205245.54033259006,200708.28125,200708.28125,111800,0.0,0.0
1997-08-07,200708.28125,200708.28125,200708.28125,200708.28125,0,0.0,0.0
1997-08-08,207188.1462364497,212690.23536359592,203954.734375,203954.734375,104000,0.0,0.0
1997-08-11,203954.734375,206862.1767332753,197800.7708987504,203954.734375,54600,0.0,0.0
1997-08-12,200069.4351194455,203954.80346778294,197474.8682931826,200708.28125,67600,0.0,0.0
1997-08-13,197474.86846145635,197474.86846145635,192937.609375,192937.609375,39000,0.0,0.0
1997-08-14,191320.86873894467,202650.9375,191320.86873894467,202650.9375,23400,0.0,0.0
1997-08-15,202650.9375,202650.9375,202650.9375,202650.9375,0,0.0,0.0
1997-08-18,197474.82053365657,197474.82053365657,193589.453125,193589.453125,5200,0.0,0.0
1997-08-19,194567.28975987705,198126.6875,194567.28975987705,198126.6875,7800,0.0,0.0
1997-08-20,200708.23657752245,202650.92840145648,199417.5,199417.5,28600,0.0,0.0
1997-08-21,201360.17613419783,208478.9714645214,200069.375,200069.375,54600,0.0,0.0
1997-08-22,193589.47217054034,197474.83996144356,193589.47217054034,195571.265625,26000,0.0,0.0
1997-08-25,205571.44030572486,206536.27188734635,203954.734375,203954.734375,41600,0.0,0.0
1997-08-26,211399.5058935888,213668.15159920068,200708.28125,200708.28125,80600,0.0,0.0
1997-08-27,201686.1415978542,209782.78325086326,200708.28125,200708.28125,36400,0.0,0.0
1997-08-28,201686.0809925999,202650.91261114768,200069.375,200069.375,33800,0.0,0.0
1997-08-29,200708.22516551503,200708.22516551503,197474.8131122194,198126.6875,20800,0.0,0.0
1997-09-01,202650.94831983183,202650.94831983183,197474.84375,197474.84375,41600,0.0,0.0
1997-09-02,197800.81332308843,198126.7182389175,197474.84375,197474.84375,23400,0.0,0.0
1997-09-03,204267.62290563798,204267.62290563798,197474.8131122194,198126.6875,52000,0.0,0.0
1997-09-04,201686.11653127312,201686.11653127312,197474.84375,197474.84375,13000,0.0,0.0
1997-09-05,200708.22516551503,200708.22516551503,197474.8131122194,198126.6875,15600,0.0,0.0
1997-09-08,196822.85790287712,199417.48866138217,196822.85790287712,198126.6875,18200,0.0,0.0
1997-09-09,200069.39058915857,200069.39058915857,197474.82434037921,199417.5,33800,0.0,0.0
1997-09-10,199417.5,199417.5,199417.5,199417.5,2600,0.0,0.0
1997-09-11,195858.12130820897,199417.5196005646,195858.12130820897,197474.84375,31200,0.0,0.0
1997-09-12,195571.26937703634,197474.84375,194241.41503073278,197474.84375,18200,0.0,0.0
1997-09-15,197474.808953386,200069.375,197474.808953386,200069.375,7800,0.0,0.0
1997-09-16,202324.9787467434,202324.9787467434,197148.85801259673,197474.84375,67600,0.0,0.0
1997-09-17,199417.48446163593,200069.375,197474.808953386,200069.375,10400,0.0,0.0
1997-09-18,199743.390625,199743.390625,197800.77976130662,199743.390625,28600,0.0,0.0
1997-09-19,203954.80346778294,204593.66576265427,200708.28125,200708.28125,85800,0.0,0.0
1997-09-22,207188.1462364497,210421.5742622108,203954.734375,203954.734375,88400,0.0,0.0
1997-09-23,211725.39880948354,211725.39880948354,204593.59164845067,206862.171875,31200,0.0,0.0
1997-09-24,207188.1787897111,210421.6073235062,202976.90625,202976.90625,41600,0.0,0.0
1997-09-25,202976.94953622404,206210.37875957007,198452.71875,198452.71875,36400,0.0,0.0
1997-09-26,205897.47955979322,205897.47955979322,200708.28125,200708.28125,31200,0.0,0.0
1997-09-29,204919.5659566215,204919.5659566215,203954.734375,203954.734375,18200,0.0,0.0
1997-09-30,207188.16679846568,209456.828125,205245.49117176904,209456.828125,44200,0.0,0.0
1997-10-01,207840.1010111717,225963.06376239524,207188.2102962013,210095.734375,187200,0.0,0.0
1997-10-02,212690.25667500534,219809.05244617458,208478.984375,208478.984375,166400,0.0,0.0
1997-10-03,230500.2694720821,230813.2267510253,224672.2907987772,228557.59375,338000,0.0,0.0
1997-10-06,245389.77714364853,245389.77714364853,236328.3061813331,239561.734375,254800,0.0,0.0
1997-10-07,239561.81354277526,239561.81354277526,227253.88188375765,231791.125,174200,0.0,0.0
1997-10-08,245715.70768176363,250239.9375,243447.12704708436,250239.9375,254800,0.0,0.0
1997-10-09,249275.06615534204,249275.06615534204,238270.96875,238270.96875,226200,0.0,0.0
1997-10-10,239887.70459125272,239887.70459125272,234385.6151624264,238583.875,114400,0.0,0.0
1997-10-13,238271.03339321952,246028.69261488813,217553.52089325254,229522.453125,1544400,0.0,0.0
1997-10-14,229848.40382491107,247332.4375,229209.54162723743,247332.4375,1623700,0.0,0.0
1997-10-15,255742.01666756198,271935.3125,252508.588272832,271935.3125,3156400,0.0,0.0
1997-10-16,278415.1810105415,294269.492237664,266759.14529463754,281648.625,3658200,0.0,0.0
1997-10-17,276146.5320764195,281322.7324262285,271296.3982096234,274203.9375,1094600,0.0,0.0
1997-10-20,258649.5409206428,268049.945792945,258649.5409206428,262534.84375,783900,0.0,0.0
1997-10-21,263512.6861320927,266759.19144600135,260918.1198968748,263186.78125,637000,0.0,0.0
1997-10-22,260279.27760223823,268701.9037569798,258975.4640026515,261896.0,1121900,0.0,0.0
1997-10-23,258975.45067973266,259301.42022717433,247971.35175262127,252508.59375,1015300,0.0,0.0
1997-10-24,252508.58359485754,258975.4402645125,251217.78238668072,258336.578125,592800,0.0,0.0
1997-10-27,250565.94172265142,255416.07679597486,247332.44829507035,255090.171875,323700,0.0,0.0
1997-10-28,228231.63826663228,238909.83082685666,228231.63826663228,238270.96875,366600,0.0,0.0
1997-10-29,248623.2261902503,255742.02221486633,246028.65989058962,252508.59375,386100,0.0,0.0
1997-10-30,250891.82294246933,252508.59375,246028.65989058962,252508.59375,222300,0.0,0.0
1997-10-31,247971.30377733195,255741.9727361769,247971.30377733195,253799.28125,232700,0.0,0.0
1997-11-03,257684.7699612083,258975.5068439662,249275.15468838948,256719.921875,219700,0.0,0.0
1997-11-04,254125.328125,254125.328125,248623.23798953937,254125.328125,133900,0.0,0.0
1997-11-05,243121.15248022426,254125.31606458995,243121.15248022426,252508.59375,140400,0.0,0.0
1997-11-06,249275.10576745967,252508.59895624878,246028.66496323448,250239.9375,94900,0.0,0.0
1997-11-07,244086.0303908623,247006.5667907325,240213.67437061793,244412.0,100100,0.0,0.0
1997-11-10,241830.44548415372,246028.70645626925,237945.07718902314,244412.0,85800,0.0,0.0
1997-11-11,245715.73018986158,249588.0859117447,245389.82526310105,246028.6875,62400,0.0,0.0
1997-11-12,235024.51426013952,243447.140625,235024.51426013952,243447.140625,115700,0.0,0.0
1997-11-13,239561.7145082575,246028.61885223057,239561.7145082575,241830.359375,76700,0.0,0.0
1997-11-14,240213.63565957552,245063.83506834443,240213.63565957552,240852.5625,42900,0.0,0.0
1997-11-17,241178.47103357565,246028.67051543033,239561.7648134812,239887.734375,85800,0.0,0.0
1997-11-18,237293.13781305647,239561.734375,237293.13781305647,239561.734375,83200,0.0,0.0
1997-11-19,236328.3918939468,237945.09849497836,233081.8855942419,236654.296875,132600,0.0,0.0
1997-11-20,237293.17773323288,239561.77467682576,234385.65391328154,235676.390625,123500,0.0,0.0
1997-11-21,236328.34375,239561.77245767892,233407.80768358157,236328.34375,152100,0.0,0.0
1997-11-24,231152.24140872963,235676.39069511034,227266.857355748,227579.75,100100,0.0,0.0
1997-11-25,228557.56761072337,242795.14204590375,227266.81497500572,233081.796875,352300,0.0,0.0
1997-11-26,245715.66863526724,245715.66863526724,238270.96875,238270.96875,286000,0.0,0.0
1997-11-27,237619.078125,242795.18262564042,236967.20364479645,237619.078125,87100,0.0,0.0
1997-11-28,236654.19901713546,239235.73653233936,235676.3389994639,236967.15625,71500,0.0,0.0
1997-12-01,236328.32156060348,239561.74996468853,236328.32156060348,238909.859375,61100,0.0,0.0
1997-12-02,239887.7038951014,240852.5355268248,236328.3061813331,239561.734375,136500,0.0,0.0
1997-12-03,236328.3061813331,240852.5355268248,235676.35097681804,239561.734375,62400,0.0,0.0
1997-12-04,236967.18371379992,241504.4256258886,236654.2264446646,238909.859375,85800,0.0,0.0
1997-12-05,236967.15539779345,239561.7213386486,236328.2933209368,238270.96875,84500,0.0,0.0
1997-12-08,238270.96875,238270.96875,238270.96875,238270.96875,0,0.0,0.0
1997-12-09,236967.17756594086,251530.73851101604,236967.17756594086,251217.78125,458900,0.0,0.0
1997-12-10,249275.10062787938,255416.05266742466,246028.65989058962,252508.59375,352300,0.0,0.0
1997-12-11,249275.0584029938,251530.70715795766,246028.61821562095,249588.015625,265200,0.0,0.0
1997-12-12,249275.05240035238,255741.9727361769,246028.61229115506,253799.28125,308100,0.0,0.0
1997-12-15,253147.421875,254777.1562428664,252508.55979570083,253147.421875,183300,0.0,0.0
1997-12-16,255742.01192968502,258336.578125,254777.18025584036,258336.578125,309400,0.0,0.0
1997-12-17,258975.41829521084,265468.3636151107,258975.41829521084,260918.09375,548600,0.0,0.0
1997-12-18,256068.0250792862,262221.9901919465,256068.0250792862,258975.484375,196300,0.0,0.0
1997-12-19,253799.29280041115,260918.0877717224,252508.55638855524,255741.984375,184600,0.0,0.0
1997-12-22,255742.0463742101,258975.4751445308,253799.35432865698,255090.171875,124800,0.0,0.0
1997-12-23,257032.7207868559,257684.67594958883,252508.55638855524,255741.984375,148200,0.0,0.0
1997-12-24,255741.984375,255741.984375,255741.984375,255741.984375,0,0.0,0.0
1997-12-25,255741.984375,255741.984375,255741.984375,255741.984375,0,0.0,0.0
1997-12-26,255741.984375,255741.984375,255741.984375,255741.984375,0,0.0,0.0
1997-12-29,258649.59119680547,258649.59119680547,246680.5937985737,254451.265625,340600,0.0,0.0
1997-12-30,253147.41241977175,260918.0815468713,253147.41241977175,259953.25,344500,0.0,0.0
1997-12-31,262221.9901919465,264816.5568291859,258975.484375,258975.484375,123500,0.0,0.0
1998-01-01,258975.484375,258975.484375,258975.484375,258975.484375,0,0.0,0.0
1998-01-02,262221.96539728664,266107.33309517626,262221.96539728664,265468.40625,351000,0.0,0.0
1998-01-05,256393.85645587885,271296.3975360444,256393.85645587885,266759.15625,478400,0.0,0.0
1998-01-06,266759.15625,266759.15625,266759.15625,266759.15625,0,0.0,0.0
1998-01-07,271935.30938570556,291362.0980476443,266107.3148143378,289419.40625,1558700,0.0,0.0
1998-01-08,291362.075058594,295886.2396193834,278415.2048985198,284556.15625,852800,0.0,0.0
1998-01-09,284230.16235217894,284230.16235217894,270644.5282499964,281648.625,492700,0.0,0.0
1998-01-12,268701.9343362301,278402.2859910502,268701.9343362301,278089.3125,409500,0.0,0.0
1998-01-13,284230.2376759223,288115.62166094524,275494.71875,275494.71875,484900,0.0,0.0
1998-01-14,284230.1616528825,284882.1006171789,271935.2639284181,280996.75,491400,0.0,0.0
1998-01-15,271935.332539775,278402.2544630558,271935.332539775,276459.5625,222300,0.0,0.0
1998-01-16,278402.2859910502,280996.85271945863,273878.0555184734,278089.3125,422500,0.0,0.0
1998-01-19,290710.1062705429,291362.04522562656,281648.62032701104,283917.28125,639600,0.0,0.0
1998-01-20,284882.1013180793,286824.72813851724,278402.1849050029,281648.625,408200,0.0,0.0
1998-01-21,281648.64302809426,282287.4889434857,268701.85397169803,271609.3125,279500,0.0,0.0
1998-01-22,262221.950386416,271935.3125,262221.950386416,271935.3125,198900,0.0,0.0
1998-01-23,271935.37262172374,281648.73688281875,271935.37262172374,272574.21875,195000,0.0,0.0
1998-01-26,281648.77597046184,281648.77597046184,266107.4136258996,270318.6875,206700,0.0,0.0
1998-01-27,269340.7420082919,278402.2295554593,269340.7420082919,273878.0,184600,0.0,0.0
1998-01-28,271935.33146254835,281322.78934761876,271935.33146254835,277763.375,275600,0.0,0.0
1998-01-29,273552.0100629113,286824.7527480333,273552.0100629113,284556.15625,720200,0.0,0.0
1998-01-30,288115.5961190126,304308.8757904375,283265.36462220654,303982.90625,2454400,0.0,0.0
1998-02-02,308833.0959676158,310775.7877284563,297828.91679212335,308194.25,2330900,0.0,0.0
1998-02-03,310775.83717638114,314022.2782611152,299771.65625,299771.65625,1103700,0.0,0.0
1998-02-04,304308.9614657387,306890.5,297190.16358985583,306890.5,800800,0.0,0.0
1998-02-05,303005.1475941652,311753.7289738327,300097.6717563283,306890.5,941200,0.0,0.0
1998-02-06,301062.3381275344,304947.6890221466,297828.8939151474,303656.96875,412100,0.0,0.0
1998-02-09,299771.65708323405,304308.91574312956,297828.96500788955,299445.6875,302900,0.0,0.0
1998-02-10,294595.495797602,297828.9078324609,293304.67847926763,296538.1875,426400,0.0,0.0
1998-02-11,296538.1875,296538.1875,296538.1875,296538.1875,0,0.0,0.0
1998-02-12,285859.98580126074,293943.56459696684,283917.3263756686,292000.9375,267800,0.0,0.0
1998-02-13,280344.93043972016,284882.15625,278402.2385874444,284882.15625,78000,0.0,0.0
1998-02-16,291362.15989613096,294595.5727758857,284230.26949998655,290384.21875,180700,0.0,0.0
1998-02-17,287150.73908407084,297828.9163859112,287150.73908407084,292652.8125,184600,0.0,0.0
1998-02-18,291362.0644174305,292652.7846641925,285208.0201981848,290058.21875,208000,0.0,0.0
1998-02-19,284882.15625,288115.600862942,283591.37116070674,284882.15625,196300,0.0,0.0
1998-02-20,281648.6592396627,281648.6592396627,274516.8353223001,278402.21875,162500,0.0,0.0
1998-02-23,284882.19149900455,291362.14229196345,281648.71415735135,283591.40625,232700,0.0,0.0
1998-02-24,283591.40625,283591.40625,283591.40625,283591.40625,0,0.0,0.0
1998-02-25,301062.3638368145,310775.7903957591,297828.9193483068,307542.28125,1712100,0.0,0.0
1998-02-26,314022.1999508842,319850.2423787018,301714.2730790399,305599.65625,929500,0.0,0.0
1998-02-27,306890.4135978911,311753.6412025278,302366.1839701489,303982.90625,495300,0.0,0.0
1998-03-02,303005.0256624433,310775.75967574096,303005.0256624433,305599.65625,338000,0.0,0.0
1998-03-03,298806.7701027965,304308.84310360206,298806.7701027965,303656.96875,314600,0.0,0.0
1998-03-04,298806.8741310911,304308.9490474198,298480.9691694507,299132.84375,295100,0.0,0.0
1998-03-05,297828.9976029987,304947.79518837575,295886.3376436756,299132.84375,240500,0.0,0.0
1998-03-06,307542.32999374025,313370.40625,306890.45548115275,313370.40625,893100,0.0,0.0
1998-03-09,317255.7359689563,329876.54161750956,314661.1048946191,325678.28125,1420900,0.0,0.0
1998-03-10,330202.55617904215,336030.5999238998,323735.6987084965,333435.96875,994500,0.0,0.0
1998-03-11,334087.81944162183,335378.57197495596,320489.108185256,330202.46875,707200,0.0,0.0
1998-03-12,332797.039929023,332797.039929023,321141.01886312966,327295.03125,601900,0.0,0.0
1998-03-13,326969.0247065443,330854.40772678744,324374.45887687785,330202.46875,612300,0.0,0.0
1998-03-16,335378.66077449586,335378.66077449586,326317.1721300504,333435.96875,643500,0.0,0.0
1998-03-17,333761.8499532281,341858.48849624424,324374.45887687785,330202.46875,936000,0.0,0.0
1998-03-18,321140.9825048009,333123.00406806014,321140.9825048009,330202.46875,438100,0.0,0.0
1998-03-19,330202.495693632,333435.9076723041,322105.824161328,333123.03125,338000,0.0,0.0
1998-03-20,335378.70783136546,342184.59659800126,333436.0155342911,340567.90625,618800,0.0,0.0
1998-03-23,346395.85718284996,346395.85718284996,337973.311101307,339915.90625,577200,0.0,0.0
1998-03-24,343149.33945858997,362576.0625,343149.33945858997,362576.0625,1280500,0.0,0.0
1998-03-25,369056.00466186483,383945.47092567605,369056.00466186483,382002.84375,1549600,0.0,0.0
1998-03-26,388469.70058285666,388469.70058285666,369056.00466186483,382002.84375,1058200,0.0,0.0
1998-03-27,385888.14976268954,391064.2536734135,378769.35408446216,388469.6875,1114100,0.0,0.0
1998-03-30,388469.67896574107,426032.4375,388469.67896574107,426032.4375,635700,0.0,0.0
1998-03-31,446749.9525532963,451926.05605420657,427975.10474240733,438653.28125,1192100,0.0,0.0
1998-04-01,430556.6416693307,453216.84375,427323.22930109827,453216.84375,1422200,0.0,0.0
1998-04-02,453542.72891492746,472643.54551906785,453216.759421315,466176.625,1215500,0.0,0.0
1998-04-03,466176.67896775383,498550.2413001443,466176.67896775383,470062.0625,1385800,0.0,0.0
1998-04-06,470062.0286395528,485590.33924212423,447388.8013490506,471352.78125,947700,0.0,0.0
1998-04-07,468119.35892891354,483647.70258708537,453216.80045959435,459696.75,785200,0.0,0.0
1998-04-08,443516.6041960345,446750.11423938075,420843.3688455017,424089.875,1098500,0.0,0.0
1998-04-09,407896.56277035776,446750.0831126256,388469.77027059137,423437.90625,984100,0.0,0.0
1998-04-10,444807.1944029764,444807.1944029764,427975.04072362307,440269.9375,353600,0.0,0.0
1998-04-13,440269.9375,440269.9375,440269.9375,440269.9375,0,0.0,0.0
1998-04-14,448692.65119138476,451274.2216513542,441573.8544265924,449983.46875,314600,0.0,0.0
1998-04-15,452577.9524835017,458080.02575855394,434441.98203586024,445133.1875,347100,0.0,0.0
1998-04-16,453216.8403603042,459696.7904711975,425380.53421690076,439305.25,366600,0.0,0.0
1998-04-17,426032.4340602528,446749.9745027146,426032.4340602528,444155.34375,304200,0.0,0.0
1998-04-20,449983.49771150557,451274.2506959343,435094.0287182082,437036.65625,241800,0.0,0.0
1998-04-21,430556.5569990182,440269.9822736885,427649.1147568081,433151.1875,176800,0.0,0.0
1998-04-22,438327.3791473305,440270.0710597574,420843.28125,420843.28125,221000,0.0,0.0
1998-04-23,424089.7379969783,424089.7379969783,396566.3111301926,413724.4375,200200,0.0,0.0
1998-04-24,413724.5068594692,413724.5068594692,377465.65333786304,394949.6875,366600,0.0,0.0
1998-04-27,365809.5133306107,388156.8390049054,359342.65625,359342.65625,314600,0.0,0.0
1998-04-28,355783.25414903706,387830.8474631043,343801.23081501503,385236.28125,605800,0.0,0.0
1998-04-29,385236.34870463674,387830.915372048,366461.49583258876,369056.0625,193700,0.0,0.0
1998-04-30,370346.79828908335,385236.2635969273,365809.4758294231,377465.59375,183300,0.0,0.0
1998-05-01,370346.79828908335,385236.2635969273,365809.4758294231,377465.59375,183300,0.0,0.0
1998-05-04,400125.6955826886,401429.5089033786,384910.26202034147,395601.53125,349700,0.0,0.0
1998-05-05,404663.03800164844,404663.03800164844,394949.67521526996,400777.71875,227500,0.0,0.0
1998-05-06,394623.7179269116,398183.1000549524,388469.7369664442,394949.6875,115700,0.0,0.0
1998-05-07,394949.69153027324,401103.64022490906,387830.8948729181,392355.125,119600,0.0,0.0
1998-05-08,383619.68013581814,404663.13304242695,383619.68013581814,401429.6875,239200,0.0,0.0
1998-05-11,395275.6522145899,414376.473241001,394297.8081646031,412433.78125,245700,0.0,0.0
1998-05-12,416319.1092433368,416958.052335448,404663.08546401537,408548.4375,210600,0.0,0.0
1998-05-13,404988.99693109875,416957.99248326145,401742.49146734714,405953.8125,152100,0.0,0.0
1998-05-14,407896.52780071995,407896.52780071995,393984.83954712644,394949.6875,159900,0.0,0.0
1998-05-15,393658.9379601806,407896.53125,393658.9379601806,407896.53125,159900,0.0,0.0
1998-05-18,-29788.165992850274,-29985.80434293724,-28949.96248816163,-29295.572265625,153400,85.0,0.0
1998-05-19,-28999.61580666194,-29936.14347460894,-28999.61580666194,-29590.53125,127400,0.0,0.0
1998-05-20,-29393.887713443182,-29837.821637998382,-29097.935047122875,-29788.162109375,163800,0.0,0.0
1998-05-21,-29196.255510381612,-29837.8228604683,-29196.255510381612,-29640.189453125,195000,0.0,0.0
1998-05-22,-29097.9323789762,-29517.03403825264,-29048.272854906365,-29171.421875,148200,0.0,0.0
1998-05-25,-29344.23562862519,-29590.53125,-29097.937544712793,-29590.53125,145600,0.0,0.0
1998-05-26,-29590.528016334527,-29788.16141094688,-29171.423865917543,-29344.232421875,235300,0.0,0.0
1998-05-27,-29344.232421875,-29344.232421875,-29344.232421875,-29344.232421875,0,0.0,0.0
1998-05-28,-29344.232421875,-29344.232421875,-29344.232421875,-29344.232421875,0,0.0,0.0
1998-05-29,-28506.02355357713,-28949.959959773732,-28185.2435716783,-28555.685546875,200200,0.0,0.0
1998-06-01,-28555.68463267697,-28555.68463267697,-26631.975042636634,-27396.69140625,101400,0.0,0.0
1998-06-02,-27667.820986837887,-28358.045637827872,-26779.950609232226,-28210.07421875,98800,0.0,0.0
1998-06-03,-27716.487761162913,-28234.903715026212,-27544.671562622385,-27790.974609375,100100,0.0,0.0
1998-06-04,-27371.865954253386,-27790.972647684845,-27125.5703125,-27125.5703125,96200,0.0,0.0
1998-06-05,-27125.569599099174,-27519.844051126103,-27075.91006341052,-27371.865234375,117000,0.0,0.0
1998-06-08,-27864.456202167035,-29541.867780423436,-27864.456202167035,-28555.685546875,191100,0.0,0.0
1998-06-09,-28604.348940661468,-29097.93751055249,-27618.161740986376,-28062.095703125,143000,0.0,0.0
1998-06-10,-28111.74670978777,-28111.74670978777,-27495.009177088654,-27618.158203125,81900,0.0,0.0
1998-06-11,-28111.74670978777,-28604.34527647041,-27618.158203125,-27618.158203125,81900,0.0,0.0
1998-06-12,-27371.865954253386,-27642.99382704191,-27125.5703125,-27125.5703125,120900,0.0,0.0
1998-06-15,-27322.20441517977,-27322.20441517977,-25744.114278503792,-26779.951171875,166400,0.0,0.0
1998-06-16,-26607.14546619958,-27001.419869263835,-26040.0625,-26040.0625,133900,0.0,0.0
1998-06-17,-26533.652567203142,-26730.29356053626,-26138.385775449722,-26607.14453125,150800,0.0,0.0
1998-06-18,-27371.86721852577,-27371.86721852577,-26582.32092946159,-26631.98046875,188500,0.0,0.0
1998-06-19,-26188.0390625,-26631.972957183923,-25966.568316404904,-26188.0390625,232700,0.0,0.0
1998-06-22,-26385.672481790487,-26385.672481790487,-25398.493028222976,-26286.36328125,50700,0.0,0.0
1998-06-23,-26138.38776385942,-26631.976321096525,-24905.902512157765,-26385.67578125,379600,0.0,0.0
1998-06-24,-25941.74833162978,-26385.67738428285,-25423.327514581844,-25620.9609375,93600,0.0,0.0
1998-06-25,-25645.7903115417,-26040.064748652967,-25645.7903115417,-25892.0859375,96200,0.0,0.0
1998-06-26,-25645.784266491606,-26533.649536514942,-25645.784266491606,-26114.54296875,79300,0.0,0.0
1998-06-29,-25349.832124824854,-25892.08536101588,-25127.368942985257,-25152.201171875,98800,0.0,0.0
1998-06-30,-25004.221328726795,-25596.134073114248,-24955.556663217034,-25053.880859375,78000,0.0,0.0
1998-07-01,-25867.261095670256,-25892.0859375,-25152.201731885685,-25892.0859375,83200,0.0,0.0
1998-07-02,-26385.67733947019,-26878.2759857164,-26385.67733947019,-26582.318359375,165100,0.0,0.0
1998-07-03,-26631.972911162706,-27248.712890625,-26631.972911162706,-27248.712890625,102700,0.0,0.0
1998-07-06,-26631.972221995686,-27716.47850234216,-26557.48786120341,-27322.19921875,128700,0.0,0.0
1998-07-07,-27420.53189250264,-27420.53189250264,-26631.98046875,-26631.98046875,67600,0.0,0.0
1998-07-08,-26681.633758171687,-28062.09796075548,-26681.633758171687,-27914.119140625,193700,0.0,0.0
1998-07-09,-28604.34459108144,-28604.34459108144,-27618.157541366065,-27864.453125,208000,0.0,0.0
1998-07-10,-27396.688869285965,-27618.15714967802,-27396.688869285965,-27519.837890625,114400,0.0,0.0
1998-07-13,-27125.562331947564,-28062.089801849448,-27125.562331947564,-27593.326171875,74100,0.0,0.0
1998-07-14,-27618.156566363403,-27914.111664825567,-27618.156566363403,-27642.986328125,165100,0.0,0.0
1998-07-15,-28579.517479516187,-28579.517479516187,-27618.160103262227,-27988.599609375,137800,0.0,0.0
1998-07-16,-28604.347348137086,-28654.001953125,-28111.748745778048,-28654.001953125,310700,0.0,0.0
1998-07-17,-28949.959959773732,-29073.106533921593,-28407.706744809468,-28555.685546875,296400,0.0,0.0
1998-07-20,-29023.454552432268,-29245.91282060236,-28999.6171875,-28999.6171875,218400,0.0,0.0
1998-07-21,-29541.864660536652,-30133.777343750004,-29344.231273657544,-30133.77734375,729300,0.0,0.0
1998-07-22,-30577.715033920744,-31021.65151981104,-28358.049842234705,-28801.986328125,742300,0.0,0.0
1998-07-23,-28358.043770812692,-29492.21215481644,-28358.043770812692,-28851.634765625,213200,0.0,0.0
1998-07-24,-28358.043366465736,-28358.043366465736,-27864.45484122872,-28259.7265625,128700,0.0,0.0
1998-07-27,-28086.922185260704,-29048.279674683126,-27864.458989873154,-28111.751953125,74100,0.0,0.0
1998-07-28,-28604.34173422767,-29443.542316897918,-28407.70077043513,-28431.533203125,75400,0.0,0.0
1998-07-29,-28111.75523349887,-28727.503012917543,-28111.75523349887,-28234.904296875,53300,0.0,0.0
1998-07-30,-28111.74670978777,-28604.34527647041,-27618.158203125,-27618.158203125,72800,0.0,0.0
1998-07-31,-28431.53902866621,-28431.53902866621,-27420.527035208248,-27470.181640625,115700,0.0,0.0
1998-08-03,-27371.86259141948,-27371.86259141948,-26582.31643582499,-26829.609375,88400,0.0,0.0
1998-08-04,-26755.121980283348,-27100.7341519716,-26188.0390625,-26188.0390625,130000,0.0,0.0
1998-08-05,-25670.618165484088,-25990.408203125,-25546.474265285484,-25990.408203125,252200,0.0,0.0
1998-08-06,-26484.000899224033,-26484.000899224033,-25645.79003760719,-26138.388671875,167700,0.0,0.0
1998-08-07,-26631.97728715066,-27568.507426498265,-26385.676738369773,-26779.951171875,92300,0.0,0.0
1998-08-10,-25892.08149101925,-27125.563914612554,-25892.08149101925,-26188.0390625,85800,0.0,0.0
1998-08-11,-26138.388671875,-26582.317712979202,-25670.619804246973,-26138.388671875,132600,0.0,0.0
1998-08-12,-25867.26245707386,-26878.277033836803,-25867.26245707386,-26853.447265625,114400,0.0,0.0
1998-08-13,-26483.99544303887,-26878.269794711014,-26434.333457452973,-26730.291015625,63700,0.0,0.0
1998-08-14,-26631.977304223823,-27075.908808831853,-26631.977304223823,-26878.275390625,42900,0.0,0.0
1998-08-17,-27026.25418319349,-27026.25418319349,-25768.93912010649,-26779.951171875,62400,0.0,0.0
1998-08-18,-27051.082256463676,-27347.037448881565,-26631.98046875,-26631.98046875,96200,0.0,0.0
1998-08-19,-26927.933198629988,-27001.425179713166,-26557.496084893184,-26631.98046875,62400,0.0,0.0
1998-08-20,-26631.97407085721,-26631.97407085721,-26138.38555532532,-26533.65234375,162500,0.0,0.0
1998-08-21,-26138.391659318553,-26286.37048580388,-25645.79296875,-25645.79296875,159900,0.0,0.0
1998-08-24,-25398.496793375136,-25571.30536759252,-25103.53650536396,-25226.685546875,83200,0.0,0.0
1998-08-25,-25645.790276739026,-26138.388915600026,-24757.924798638996,-25250.5234375,271700,0.0,0.0
1998-08-26,-25596.13109422434,-25596.13109422434,-25152.197203233354,-25349.828125,72800,0.0,0.0
1998-08-27,-25152.199090450486,-25300.175423525638,-24166.014437369817,-24412.3125,141700,0.0,0.0
1998-08-28,-22932.5304855763,-24166.010318696804,-22242.303541357753,-23672.421875,185900,0.0,0.0
1998-08-31,-24363.643684146293,-24856.237262915347,-23475.78091194131,-23672.421875,71500,0.0,0.0
1998-09-01,-22932.534769581725,-23179.827701359038,-22464.770863495763,-22489.595703125,227500,0.0,0.0
1998-09-02,-23919.71813681124,-24412.316811609864,-23228.493625239505,-23302.98046875,180700,0.0,0.0
1998-09-03,-22859.042261675186,-23426.120226980944,-21182.623351976483,-22193.642578125,111800,0.0,0.0
1998-09-04,-21626.55878967404,-22439.937218037154,-20861.8425546524,-21305.771484375,104000,0.0,0.0
1998-09-07,-22883.870306997604,-22883.870306997604,-21206.466147245636,-21700.0546875,55900,0.0,0.0
1998-09-08,-22193.645690291796,-22390.28176674324,-21502.41635831389,-21700.0546875,133900,0.0,0.0
1998-09-09,-22193.648401470753,-22193.648401470753,-21108.14453125,-21108.14453125,115700,0.0,0.0
1998-09-10,-20146.791015625,-20960.16985176165,-19357.24954944425,-20146.791015625,364000,0.0,0.0
1998-09-11,-18469.376446589013,-19406.896383228905,-18346.228653496957,-18987.791015625,339300,0.0,0.0
1998-09-14,-18987.793922886027,-19727.68550991477,-18494.204116096258,-19234.095703125,351000,0.0,0.0
1998-09-15,-19678.02597652079,-19826.003555165255,-18987.793922886027,-19234.095703125,185900,0.0,0.0
1998-09-16,-19628.36883558808,-19973.97978787101,-19480.390044768254,-19678.0234375,144300,0.0,0.0
1998-09-17,-19973.981294681602,-19973.981294681602,-18371.05531965196,-18494.203125,141700,0.0,0.0
1998-09-18,-17877.465619713912,-19086.1171875,-17877.465619713912,-19086.1171875,113100,0.0,0.0
1998-09-21,-17508.02051762654,-18124.75809012539,-17064.085352438495,-17902.294921875,374400,0.0,0.0
1998-09-22,-18642.177552720845,-18987.78844998092,-17508.01678386153,-18149.583984375,257400,0.0,0.0
1998-09-23,-18001.611659057602,-18592.528340433644,-18001.611659057602,-18272.73828125,161200,0.0,0.0
1998-09-24,-18938.137722454117,-19678.024322206005,-18790.16015625,-18790.16015625,159900,0.0,0.0
1998-09-25,-19184.429043856155,-19184.429043856155,-18445.533827745316,-19135.765625,70200,0.0,0.0
1998-09-28,-19184.43150167001,-19579.703167029624,-18740.501336293742,-18765.326171875,42900,0.0,0.0
1998-09-29,-19431.726146124154,-19431.726146124154,-18790.15885892165,-18987.791015625,105300,0.0,0.0
1998-09-30,-19184.43150167001,-19184.43150167001,-18740.501336293742,-18765.326171875,79300,0.0,0.0
1998-10-01,-18494.203776472623,-18494.203776472623,-17261.724658093375,-17754.318359375,117000,0.0,0.0
1998-10-02,-17754.318285930716,-17754.318285930716,-16151.397186142694,-17014.431640625,191100,0.0,0.0
1998-10-05,-16201.049881752328,-17162.407190915692,-16127.556688448845,-16768.1328125,93600,0.0,0.0
1998-10-06,-18001.61158354665,-18001.61158354665,-16472.178730790252,-17360.04296875,237900,0.0,0.0
1998-10-07,-17754.318632655457,-17754.318632655457,-17014.431972900467,-17360.04296875,93600,0.0,0.0
1998-10-08,-17162.409530992823,-17729.487613986497,-15707.46228600469,-15979.580078125,245700,0.0,0.0
1998-10-09,-17557.67491180637,-17557.67491180637,-15091.714591407777,-16028.2421875,171600,0.0,0.0
1998-10-12,-17458.361328125,-17508.022093534586,-17014.43227932218,-17458.361328125,74100,0.0,0.0
1998-10-13,-17754.31503351065,-17754.31503351065,-16866.449744269656,-17631.166015625,70200,0.0,0.0
1998-10-14,-17754.3164544482,-18001.609375,-17384.870602491814,-18001.609375,81900,0.0,0.0
1998-10-15,-19234.095703125,-19234.095703125,-18247.908492201306,-19234.095703125,105300,0.0,0.0
1998-10-16,-19973.980382804533,-20220.2772135251,-19332.41182977256,-19480.390625,154700,0.0,0.0
1998-10-19,-19973.983439389474,-19973.983439389474,-19579.708984375,-19579.708984375,78000,0.0,0.0
1998-10-20,-19973.98211106271,-20171.615526781374,-19801.173536650113,-20023.63671875,152100,0.0,0.0
1998-10-21,-20146.783417109502,-20146.783417109502,-19505.219808261503,-19678.0234375,88400,0.0,0.0
1998-10-22,-20072.29841829766,-20097.128182530476,-19480.390625,-19480.390625,71500,0.0,0.0
1998-10-23,-19431.725931491994,-19973.97908619852,-19283.748377139163,-19382.06640625,22100,0.0,0.0
1998-10-26,-19480.389051940343,-19973.978769887046,-19480.389051940343,-19751.515625,59800,0.0,0.0
1998-10-27,-19973.98009827893,-19973.98009827893,-19628.369140625,-19628.369140625,122200,0.0,0.0
1998-10-28,-19480.392558288757,-19998.812131775514,-19234.095703125,-19234.095703125,94900,0.0,0.0
1998-10-29,-18987.792344049496,-19579.706303216073,-18987.792344049496,-19505.220703125,35100,0.0,0.0
1998-10-30,-20023.636349214117,-20023.636349214117,-19258.919944401587,-19431.728515625,85800,0.0,0.0
1998-11-02,-19973.98046875,-19973.98046875,-19776.34706928127,-19973.98046875,55900,0.0,0.0
1998-11-03,-19480.39259478568,-20023.637010911993,-19480.39259478568,-19727.685546875,110500,0.0,0.0
1998-11-04,-19949.150826761488,-20960.16278952223,-19530.045432206876,-20713.8671875,250900,0.0,0.0
1998-11-05,-21132.97163968499,-21182.626244272895,-20319.591835217063,-20565.888671875,96200,0.0,0.0
1998-11-06,-21108.14145683457,-21108.14145683457,-19973.98046875,-19973.98046875,141700,0.0,0.0
1998-11-09,-20343.42478079919,-20689.03697069587,-19826.001361037524,-19949.150390625,61100,0.0,0.0
1998-11-10,-19727.683977456112,-19850.833011106097,-19480.391045039964,-19604.53125,74100,0.0,0.0
1998-11-11,-19973.97946810373,-20220.276287545228,-19554.874097115684,-19653.193359375,62400,0.0,0.0
1998-11-12,-19480.39070882161,-19973.98046875,-19480.39070882161,-19973.98046875,19500,0.0,0.0
1998-11-13,-19973.983043246342,-20220.279906772506,-19678.02664464013,-20097.130859375,65000,0.0,0.0
1998-11-16,-19973.980550550197,-20467.5703125,-19973.980550550197,-20467.5703125,84500,0.0,0.0
1998-11-17,-20023.63546889638,-21009.822605721667,-20023.63546889638,-20565.888671875,100100,0.0,0.0
1998-11-18,-20713.86844551945,-20960.1640625,-20220.278652586516,-20960.1640625,107900,0.0,0.0
1998-11-19,-20590.721027986565,-21404.102166084773,-20565.89126003044,-21108.14453125,159900,0.0,0.0
1998-11-20,-21404.098613464063,-23105.342523545696,-20984.99199873073,-22094.328125,322400,0.0,0.0
1998-11-23,-22242.30839945808,-23179.828434027775,-22193.646196162863,-23130.173828125,387400,0.0,0.0
1998-11-24,-23278.15363126719,-23426.125052727344,-22538.262048440083,-22735.900390625,178100,0.0,0.0
1998-11-25,-22489.594219184823,-23179.826171875,-22489.594219184823,-23179.826171875,100100,0.0,0.0
1998-11-26,-23426.1189292731,-23672.421875,-23179.82337115705,-23672.421875,174200,0.0,0.0
1998-11-27,-23672.421875,-23919.709835506852,-23278.14754649182,-23672.421875,197600,0.0,0.0
1998-11-30,-23993.20805992552,-25053.882102379306,-22489.59738051591,-22735.900390625,338000,0.0,0.0
1998-12-01,-23376.469347228707,-23376.469347228707,-21848.028973019238,-22464.771484375,150800,0.0,0.0
1998-12-02,-23401.300823285834,-23672.428681966823,-22193.647730437056,-22439.943359375,97500,0.0,0.0
1998-12-03,-22637.581291499755,-22809.392578125,-21946.35914588886,-22809.392578125,149500,0.0,0.0
1998-12-04,-22193.646196162863,-23130.173828125,-22193.646196162863,-23130.173828125,66300,0.0,0.0
1998-12-07,-23623.765418390904,-23648.590261998062,-23204.66118436756,-23302.98046875,80600,0.0,0.0
1998-12-08,-23302.98046875,-23302.98046875,-23302.98046875,-23302.98046875,0,0.0,0.0
1998-12-09,-23080.513186310884,-23179.827318411546,-22686.236328125,-22686.236328125,66300,0.0,0.0
1998-12-10,-22908.701578641147,-22908.701578641147,-22193.64714998281,-22735.900390625,97500,0.0,0.0
1998-12-11,-22193.647730437056,-22661.409221107555,-22143.988196026283,-22439.943359375,63700,0.0,0.0
1998-12-14,-21453.754318580308,-22291.962666048352,-21453.754318580308,-22143.986328125,88400,0.0,0.0
1998-12-15,-22291.965240106103,-22291.965240106103,-21798.376639119404,-21848.03125,41600,0.0,0.0
1998-12-16,-22193.646753978006,-22415.11260596668,-21872.859375,-21872.859375,62400,0.0,0.0
1998-12-17,-21749.711549623164,-21749.711549623164,-21354.447162914526,-21552.078125,63700,0.0,0.0
1998-12-18,-22143.98781893282,-22168.817585715376,-21502.41796875,-21502.41796875,94900,0.0,0.0
1998-12-21,-21996.00872873255,-22193.64707020705,-21626.56406504727,-21897.689453125,112320,0.0,0.0
1998-12-22,-21700.053507063378,-22168.814719432645,-21700.053507063378,-21946.3515625,62920,0.0,0.0
1998-12-23,-22193.645128010357,-22686.236328125,-22193.645128010357,-22686.236328125,96200,0.0,0.0
1998-12-24,-22686.236328125,-22686.236328125,-22686.236328125,-22686.236328125,0,0.0,0.0
1998-12-25,-22686.236328125,-22686.236328125,-22686.236328125,-22686.236328125,0,0.0,0.0
1998-12-28,-22932.535780901915,-23623.76267473252,-22686.237703376508,-22982.1953125,95160,0.0,0.0
1998-12-29,-23130.17157081809,-23500.60858640974,-22686.23520600279,-23179.826171875,115960,0.0,0.0
1998-12-30,-23278.152144029948,-24116.35556165256,-23278.152144029948,-24067.693359375,380640,0.0,0.0
1998-12-31,-24067.693359375,-24067.693359375,-24067.693359375,-24067.693359375,0,0.0,0.0
1999-01-01,-24067.693359375,-24067.693359375,-24067.693359375,-24067.693359375,0,0.0,0.0
1999-01-04,-25687.503947063502,-25687.503947063502,-24350.739983997682,-25496.822265625,407680,0.0,0.0
1999-01-05,-25114.463455126395,-25306.140016143698,-23682.362237936402,-24923.779296875,290680,0.0,0.0
1999-01-06,-24923.779296875,-24923.779296875,-24923.779296875,-24923.779296875,0,0.0,0.0
1999-01-07,-25019.12250951625,-25496.822819997204,-24064.716753805296,-25306.138671875,343200,0.0,0.0
1999-01-08,-24733.089084916017,-25592.15251640169,-23873.035713543177,-24828.43359375,335920,0.0,0.0
1999-01-11,-25687.503947063502,-25687.503947063502,-24446.079593448085,-25496.822265625,344240,0.0,0.0
1999-01-12,-25114.45756134216,-25496.81819087963,-24541.41774337706,-24733.091796875,177320,0.0,0.0
1999-01-13,-24541.417993313764,-24828.4365690232,-23204.656692804692,-24160.0546875,227760,0.0,0.0
1999-01-14,-24637.755859375,-24733.09299567244,-23491.673705357625,-24637.755859375,131040,0.0,0.0
1999-01-15,-23299.99718003194,-25114.458778624154,-23109.313057287374,-24637.755859375,203320,0.0,0.0
1999-01-18,-25306.138671875,-25782.846579642755,-24923.777972917404,-25306.138671875,324480,0.0,0.0
1999-01-19,-25019.119384759066,-25687.501297347062,-24828.437722989755,-25114.458984375,185120,0.0,0.0
1999-01-20,-25114.463455126395,-25306.140016143698,-23682.362237936402,-24923.779296875,278200,0.0,0.0
1999-01-21,-24255.392318682007,-24733.09004608095,-23969.37109375,-23969.37109375,153920,0.0,0.0
1999-01-22,-23682.35795186608,-24255.395338063325,-23491.673828125,-23491.673828125,835640,0.0,0.0
1999-01-25,-24255.394517125085,-25019.11846375216,-23587.012629141645,-24446.076171875,256880,0.0,0.0
1999-01-26,-24828.437722989755,-25496.81963557775,-24637.756061220443,-25114.458984375,235560,0.0,0.0
1999-01-27,-24828.438099034163,-25782.84375,-24828.438099034163,-25782.84375,349440,0.0,0.0
1999-01-28,-25114.45936817466,-26642.899743604306,-25114.45936817466,-26069.857421875,342160,0.0,0.0
1999-01-29,-26642.896484375,-27024.2597670894,-26355.877926050423,-26642.896484375,795080,0.0,0.0
1999-02-01,-26547.555213837833,-27120.597535489032,-25782.84375,-25782.84375,291720,0.0,0.0
1999-02-02,-25687.501428038355,-26165.19921875,-25306.135640022,-26165.19921875,253240,0.0,0.0
1999-02-03,-25687.498547548625,-27024.2597670894,-25687.498547548625,-26642.896484375,482040,0.0,0.0
1999-02-04,-27501.96162017013,-28265.68555907085,-27215.94037220752,-28075.00390625,1203280,0.0,0.0
1999-02-05,-27311.2853609548,-29316.42893807082,-27215.945746984766,-28457.365234375,1161160,0.0,0.0
1999-02-08,-28457.362949999046,-29030.405303246767,-27501.96484375,-27501.96484375,353600,0.0,0.0
1999-02-09,-27406.61959857026,-28170.338544780112,-26738.237776524133,-26928.921875,495560,0.0,0.0
1999-02-10,-26355.87953376115,-27693.640625,-26355.87953376115,-27693.640625,307320,0.0,0.0
1999-02-11,-27120.597252945878,-28743.38727225404,-27120.597252945878,-28362.021484375,468520,0.0,0.0
1999-02-12,-27979.660138923202,-28552.70244042276,-27884.32300375339,-28170.341796875,258440,0.0,0.0
1999-02-15,-27693.63769389761,-27884.319326704608,-26355.876744247755,-27597.30078125,85280,0.0,0.0
1999-02-16,-27215.940716217065,-27597.304026679194,-26260.542709876587,-26833.580078125,203320,0.0,0.0
1999-02-17,-26547.551969890632,-26928.92264021657,-26260.54079917759,-26642.896484375,72280,0.0,0.0
1999-02-18,-26642.896484375,-26928.92264021657,-26260.54079917759,-26642.896484375,53560,0.0,0.0
1999-02-19,-26355.883161985083,-27120.599609375,-26165.201482746517,-27120.599609375,191360,0.0,0.0
1999-02-22,-26547.551215511154,-27501.959185271087,-26260.540052953867,-26928.921875,107640,0.0,0.0
1999-02-23,-26738.239240856157,-27215.939453125,-26547.552669400142,-27215.939453125,148720,0.0,0.0
1999-02-24,-26642.896963697724,-27979.658207287684,-26642.896963697724,-27788.9765625,318240,0.0,0.0
1999-02-25,-27024.261415571473,-27884.322277988795,-26833.579762582674,-27693.640625,185120,0.0,0.0
1999-02-26,-27024.261718750004,-27788.9780694461,-27024.261718750004,-27024.26171875,160680,0.0,0.0
1999-03-01,-27215.943562262062,-27693.643846655392,-26738.24327786873,-27501.96484375,126880,0.0,0.0
1999-03-02,-26738.23930629772,-27406.62116658395,-26355.878685015192,-26547.552734375,91520,0.0,0.0
1999-03-03,-26355.87814328363,-26738.238756706927,-26069.854447621747,-26260.541015625,96200,0.0,0.0
1999-03-04,-26069.86109889508,-26642.903501449073,-25782.84739005263,-25974.521484375,41600,0.0,0.0
1999-03-05,-26260.548555794725,-26833.58605160827,-26260.548555794725,-26452.22265625,73840,0.0,0.0
1999-03-08,-26642.899743604306,-26738.2418072147,-25974.517820802084,-26069.857421875,161720,0.0,0.0
1999-03-09,-26069.853270379157,-26928.921646137238,-26069.853270379157,-26355.876953125,56160,0.0,0.0
1999-03-10,-26069.859696956297,-26833.583750018075,-26069.859696956297,-26738.244140625,126360,0.0,0.0
1999-03-11,-26260.546303355528,-26928.92828448654,-26260.546303355528,-26738.244140625,136760,0.0,0.0
1999-03-12,-26738.240467326672,-27215.940701507403,-26738.240467326672,-27024.26171875,144040,0.0,0.0
1999-03-15,-27120.599030870057,-27501.96484375,-26355.882599792174,-27501.96484375,187200,0.0,0.0
1999-03-16,-26833.578898453205,-27215.93951973573,-26547.552734375,-26547.552734375,119080,0.0,0.0
1999-03-17,-26260.545456013017,-27501.96484375,-26260.545456013017,-27501.96484375,170040,0.0,0.0
1999-03-18,-27311.28031256392,-27693.64095065598,-26833.580078125,-26833.580078125,120120,0.0,0.0
1999-03-19,-27693.64093568813,-27693.64093568813,-26833.580063621997,-27024.26171875,330720,0.0,0.0
1999-03-22,-26165.199701881735,-28075.005885010323,-26165.199701881735,-27884.32421875,628160,0.0,0.0
1999-03-23,-27597.30750127791,-27788.98158319664,-26738.24384821771,-27120.599609375,262600,0.0,0.0
1999-03-24,-26355.877177117585,-26928.921875,-26165.195541178826,-26928.921875,271440,0.0,0.0
1999-03-25,-26642.89840849399,-27120.596180137363,-26452.216753365985,-27024.26171875,99320,0.0,0.0
1999-03-26,-26642.896484375,-27215.938736003965,-26642.896484375,-26642.896484375,111280,0.0,0.0
1999-03-29,-26355.880881489447,-26833.581134738546,-25974.51755601055,-26165.19921875,129480,0.0,0.0
1999-03-30,-26547.550989889576,-26928.921646137238,-26355.876953125,-26355.876953125,55120,0.0,0.0
1999-03-31,-26355.883161985083,-27215.944142800785,-26355.883161985083,-27120.599609375,133120,0.0,0.0
1999-04-01,-26452.214843017802,-27024.2597670894,-26452.214843017802,-26642.896484375,103480,0.0,0.0
1999-04-02,-26642.896484375,-26642.896484375,-26642.896484375,-26642.896484375,0,0.0,0.0
1999-04-05,-26642.896484375,-26642.896484375,-26642.896484375,-26642.896484375,0,0.0,0.0
1999-04-06,-26738.240481778146,-27120.596194795493,-26642.898422893933,-26833.580078125,211120,0.0,0.0
1999-04-07,-26642.89718639677,-27215.939453125,-26642.89718639677,-27215.939453125,211120,0.0,0.0
1999-04-08,-26928.921432718464,-27597.30078125,-26928.921432718464,-27597.30078125,157040,0.0,0.0
1999-04-09,-27693.633738839144,-28074.99694998886,-27406.615234375,-27406.615234375,291720,0.0,0.0
1999-04-12,-27120.596180137363,-27693.64093568813,-26738.240467326672,-27024.26171875,94640,0.0,0.0
1999-04-13,-27215.937731329457,-27215.937731329457,-26355.876953125,-26355.876953125,112320,0.0,0.0
1999-04-14,-26833.573090280213,-27406.615234375,-26833.573090280213,-27406.615234375,121160,0.0,0.0
1999-04-15,-27024.261733356067,-27501.96196779498,-26738.240481778146,-26833.580078125,89960,0.0,0.0
1999-04-16,-26833.580078125,-27215.940716217065,-26738.240481778146,-26833.580078125,49400,0.0,0.0
1999-04-19,-27024.26513580672,-27501.965430389795,-26928.92798999394,-27120.599609375,203320,0.0,0.0
1999-04-20,-26833.580078125,-27311.28031256392,-26738.240481778146,-26833.580078125,89440,0.0,0.0
1999-04-21,-26833.57713517251,-27406.619365647657,-26355.876953125,-26355.876953125,149240,0.0,0.0
1999-04-22,-26547.559811282707,-26833.58605160827,-26260.548555794725,-26452.22265625,197600,0.0,0.0
1999-04-23,-26355.885710827435,-26547.559811282707,-26165.2040131483,-26452.22265625,228800,0.0,0.0
1999-04-26,-26260.541015625,-26452.215061045044,-25496.817116343987,-26260.541015625,146640,0.0,0.0
1999-04-27,-25879.175757191686,-26547.55521745643,-25879.175757191686,-26069.857421875,112320,0.0,0.0
1999-04-28,-26165.203175952985,-26452.221809871087,-25974.521484375,-25974.521484375,34320,0.0,0.0
1999-04-29,-25974.517820802084,-26642.899743604306,-25879.175757191686,-26069.857421875,104000,0.0,0.0
1999-04-30,-26069.857418321517,-26547.555213837833,-25592.15716026772,-25782.84375,98280,0.0,0.0
1999-05-03,-25974.5136844886,-26452.21386653611,-25974.5136844886,-26355.876953125,96200,0.0,0.0
1999-05-04,-26547.552669400142,-27311.279045047144,-25879.17327328701,-27215.939453125,253760,0.0,0.0
1999-05-05,-27120.59470943641,-28362.01882443836,-27120.59470943641,-27788.9765625,852800,0.0,0.0
1999-05-06,-28457.360380178165,-29030.402681677726,-27501.96236020563,-28170.341796875,595920,0.0,0.0
1999-05-07,-27884.32478566229,-29125.744140625004,-27788.980256787443,-29125.744140625,1068080,0.0,0.0
1999-05-10,-29411.76112883013,-29603.435157622054,-28170.337133626108,-28265.681640625,494000,0.0,0.0
1999-05-11,-28170.343865752668,-28743.388671875,-27979.662193796885,-28743.388671875,415480,0.0,0.0
1999-05-12,-28362.022779850293,-28743.388585148754,-27979.662109375,-27979.662109375,307320,0.0,0.0
1999-05-13,-27788.977733212738,-28265.68555907085,-27597.303677849217,-28075.00390625,95680,0.0,0.0
1999-05-14,-27884.322605887046,-28170.341394927607,-26833.580078125,-26833.580078125,131560,0.0,0.0
1999-05-17,-26355.879829441266,-27597.304011763412,-26355.879829441266,-27024.26171875,141440,0.0,0.0
1999-05-18,-27501.96484375,-27597.306912604392,-26833.582884185504,-27501.96484375,103480,0.0,0.0
1999-05-19,-27501.965430389795,-27501.965430389795,-26452.220098091027,-27120.599609375,111800,0.0,0.0
1999-05-20,-26928.926157148147,-28170.343024334234,-26738.242028350323,-27884.32421875,151840,0.0,0.0
1999-05-21,-27693.642552489677,-28075.005885010323,-27311.28189228141,-27884.32421875,366080,0.0,0.0
1999-05-24,1558.8188374424096,1580.6424560546875,1536.9954999337328,1580.6424560546875,433680,100.0,0.0
1999-05-25,1569.7021578944114,1569.7021578944114,1509.7868941100949,1531.5535888671875,236600,0.0,0.0
1999-05-26,1515.228573012418,1531.5538072355805,1504.288581699437,1509.787109375,264680,0.0,0.0
1999-05-27,1509.7870012216763,1509.7870012216763,1471.581787109375,1471.581787109375,225680,0.0,0.0
1999-05-28,1466.1403295960115,1487.9636725455234,1444.3734884843793,1477.080322265625,196040,0.0,0.0
1999-05-31,1493.4052708242175,1520.670497055136,1455.2568359375,1455.2568359375,177840,0.0,0.0
1999-06-01,1471.5817205635133,1487.9633141514519,1438.931396484375,1438.931396484375,192400,0.0,0.0
1999-06-02,1444.3734278241427,1466.1402680216197,1411.6664548646763,1422.5498046875,209040,0.0,0.0
1999-06-03,1427.9915534685779,1460.6982421875,1427.9915534685779,1460.6982421875,296400,0.0,0.0
1999-06-04,1444.3733132464106,1460.6982664097227,1427.9915771484375,1427.9915771484375,85800,0.0,0.0
1999-06-07,1427.9913796810579,1438.9313695105636,1417.1080322265625,1417.1080322265625,169520,0.0,0.0
1999-06-08,1417.108206377816,1466.140129151385,1417.108206377816,1444.373291015625,166400,0.0,0.0
1999-06-09,1438.931568490761,1444.3733132464106,1422.5496918409694,1427.9915771484375,87360,0.0,0.0
1999-06-10,1455.256918198796,1455.256918198796,1422.5498046875,1422.5498046875,101920,0.0,0.0
1999-06-11,1427.9916007438478,1460.6982905455618,1427.9916007438478,1449.81494140625,156520,0.0,0.0
1999-06-14,1427.9914064497914,1471.5817205635133,1422.549521792833,1438.931396484375,80080,0.0,0.0
1999-06-15,1427.9915771484375,1460.6982664097227,1427.9915771484375,1427.9915771484375,47320,0.0,0.0
1999-06-16,1427.9915534685779,1466.1401274047273,1417.1082046895715,1460.6982421875,70200,0.0,0.0
1999-06-17,1444.3733371125045,1455.256826803637,1438.9315922669384,1449.81494140625,55640,0.0,0.0
1999-06-18,1438.9315463437308,1466.140129151385,1417.108206377816,1444.373291015625,107640,0.0,0.0
1999-06-21,1417.108206377816,1466.140129151385,1395.2845853082686,1444.373291015625,78000,0.0,0.0
1999-06-22,1438.931568490761,1449.8149174502419,1417.1082281889567,1427.9915771484375,83720,0.0,0.0
1999-06-23,1427.9914064497914,1444.3731405895317,1427.9914064497914,1438.931396484375,40040,0.0,0.0
1999-06-24,1422.5496918409694,1520.6704623839173,1417.1082281889567,1427.9915771484375,277680,0.0,0.0
1999-06-25,1422.5496165336042,1515.2284968628212,1422.5496165336042,1433.43310546875,185120,0.0,0.0
1999-06-28,1444.3733132464106,1471.5818964728403,1427.9915771484375,1427.9915771484375,88400,0.0,0.0
1999-06-29,1427.9914064497914,1444.3731405895317,1422.549521792833,1438.931396484375,30160,0.0,0.0
1999-06-30,1422.5494951261117,1449.814716965059,1417.1080322265625,1417.1080322265625,48880,0.0,0.0
1999-07-01,1444.3731135137107,1449.814716965059,1411.6661476716163,1417.1080322265625,101400,0.0,0.0
1999-07-02,1422.5498046875,1433.4332950621533,1406.224990781009,1422.5498046875,66040,0.0,0.0
1999-07-05,1422.549724275039,1455.2568359375,1406.2249112913403,1455.2568359375,105560,0.0,0.0
1999-07-06,1427.9916904266563,1444.3734278241427,1417.1083406038326,1422.5498046875,60840,0.0,0.0
1999-07-07,1422.549521792833,1444.3731405895317,1422.549521792833,1438.931396484375,38480,0.0,0.0
1999-07-08,1433.43310546875,1460.6981890828367,1433.43310546875,1433.43310546875,48880,0.0,0.0
1999-07-09,1427.9913796810579,1438.9313695105636,1417.1080322265625,1417.1080322265625,39000,0.0,0.0
1999-07-12,1406.2249684689368,1422.5497821164079,1400.7264404296875,1400.7264404296875,92560,0.0,0.0
1999-07-13,1395.284695328703,1427.9916677692195,1378.9597411294046,1400.7264404296875,86840,0.0,0.0
1999-07-14,1411.6661576253632,1417.1080422186806,1362.5777387080884,1378.95947265625,99840,0.0,0.0
1999-07-15,1370.796786318074,1400.7261677187191,1368.0761251250153,1378.95947265625,44720,0.0,0.0
1999-07-16,1368.0763904128232,1398.0056370653385,1362.5780029296875,1362.5780029296875,142480,0.0,0.0
1999-07-19,1357.1360672630806,1387.122236300486,1357.1360672630806,1373.5179443359375,86840,0.0,0.0
1999-07-20,1357.1357832582337,1376.2384585056964,1335.3690893322112,1343.531494140625,94640,0.0,0.0
1999-07-21,1346.252639181935,1376.2386659114466,1318.9874144652658,1340.81103515625,98800,0.0,0.0
1999-07-22,1335.3693612501193,1335.3693612501193,1302.6626713286523,1313.5460205078125,98800,0.0,0.0
1999-07-23,1280.8386061555125,1302.6622204478156,1264.5136583131161,1297.2203369140625,133120,0.0,0.0
1999-07-26,1275.39723668041,1291.7221875046073,1253.573618401958,1259.0155029296875,97240,0.0,0.0
1999-07-27,1280.838840104543,1286.2805840804742,1237.248808129559,1259.0155029296875,132080,0.0,0.0
1999-07-28,1253.573580625823,1318.9872289080347,1253.573580625823,1308.1038818359375,137280,0.0,0.0
1999-07-29,1318.9872184193894,1373.5176597476693,1253.5735706573498,1269.9554443359375,115960,0.0,0.0
1999-07-30,1269.9557003035427,1329.8709740006423,1253.573823323084,1313.5460205078125,69680,0.0,0.0
1999-08-02,1313.5457661996772,1313.5457661996772,1275.3971982466257,1308.1038818359375,41080,0.0,0.0
1999-08-03,1302.6624437566109,1313.545791034476,1280.838825723196,1294.443115234375,67080,0.0,0.0
1999-08-04,1308.1038818359375,1313.5457661996772,1280.8388015067774,1308.1038818359375,36920,0.0,0.0
1999-08-05,1280.8390036615392,1299.9416821154468,1242.6904296875,1242.6904296875,79560,0.0,0.0
1999-08-06,1289.0013604746882,1289.0013604746882,1237.248918736948,1253.57373046875,48360,0.0,0.0
1999-08-09,1231.8071197693598,1269.9556949472394,1226.365234375,1226.365234375,75920,0.0,0.0
1999-08-10,1223.5877898458937,1250.852875338695,1220.867128252355,1226.365234375,49400,0.0,0.0
1999-08-11,1267.2347522500595,1267.2347522500595,1209.9837791190976,1226.365234375,99840,0.0,0.0
1999-08-12,1242.6903820957377,1259.0156154829724,1226.3651487085033,1253.57373046875,212160,0.0,0.0
1999-08-13,1256.2946075895097,1267.234597772919,1226.3650848798934,1248.1322021484375,87880,0.0,0.0
1999-08-16,1264.5139365110317,1269.9555401384134,1234.5279119763763,1248.1322021484375,98800,0.0,0.0
1999-08-17,1253.5737612690502,1264.5140333942772,1242.6904126286342,1261.7930908203125,81120,0.0,0.0
1999-08-18,1264.5138892803457,1278.117897840678,1259.0155029296875,1259.0155029296875,61880,0.0,0.0
1999-08-19,1272.6762459443773,1275.3971881046102,1253.5735706573498,1269.9554443359375,45760,0.0,0.0
1999-08-20,1267.2345772359122,1280.8388671875,1256.2945872297983,1280.8388671875,44200,0.0,0.0
1999-08-23,1269.9555146446592,1289.0012675099638,1269.9555146446592,1278.117919921875,107640,0.0,0.0
1999-08-24,1269.955260743324,1340.8106420307424,1253.5733894330015,1297.2203369140625,73840,0.0,0.0
1999-08-25,1329.8711009970884,1354.41552734375,1308.1042600083154,1354.41552734375,118560,0.0,0.0
1999-08-26,1357.135932666896,1362.577817575194,1308.1040127352237,1329.870849609375,84240,0.0,0.0
1999-08-27,1318.9874267578125,1329.870916014241,1310.825020643214,1318.9874267578125,26520,0.0,0.0
1999-08-30,1297.220618945153,1329.8708028320268,1297.220618945153,1324.42919921875,18720,0.0,0.0
1999-08-31,1289.0010098008242,1302.6622204478156,1289.0010098008242,1297.2203369140625,39000,0.0,0.0
1999-09-01,1283.5597436886471,1308.1038818359375,1283.5597436886471,1308.1038818359375,26520,0.0,0.0
1999-09-02,1291.722173001061,1305.3829643345343,1286.280569638027,1294.443115234375,37960,0.0,0.0
1999-09-03,1308.103938530132,1308.103938530132,1283.5597993190806,1302.6624755859375,30160,0.0,0.0
1999-09-06,1289.0012063970048,1318.9872289080347,1289.0012063970048,1308.1038818359375,15080,0.0,0.0
1999-09-07,1294.443174761819,1327.1501415771916,1294.443174761819,1324.42919921875,40560,0.0,0.0
1999-09-08,1305.3832599132147,1318.9875525048217,1280.8391157443316,1283.56005859375,41080,0.0,0.0
1999-09-09,1289.0012675099638,1308.1039438545752,1278.117919921875,1278.117919921875,63440,0.0,0.0
1999-09-10,1283.5597436886471,1313.5457661996772,1280.8388015067774,1308.1038818359375,47320,0.0,0.0
1999-09-13,1318.9872860739215,1324.4291706735166,1294.4431468628702,1302.6624755859375,99840,0.0,0.0
1999-09-14,1291.72216796875,1308.1039014717169,1286.2805646269153,1291.72216796875,49400,0.0,0.0
1999-09-15,1286.280349137493,1308.103682326251,1280.8386061555125,1297.2203369140625,60840,0.0,0.0
1999-09-16,1291.721951567701,1297.2203369140625,1280.8386061555125,1297.2203369140625,30160,0.0,0.0
1999-09-17,1272.6764701760376,1297.2207530043786,1272.6764701760376,1286.28076171875,56160,0.0,0.0
1999-09-20,1286.28076171875,1299.9416956440118,1269.9556680882222,1286.28076171875,68640,0.0,0.0
1999-09-21,1313.5457661996772,1313.5457661996772,1280.8388015067774,1308.1038818359375,45760,0.0,0.0
1999-09-22,1272.6764701760376,1302.662638283645,1269.9556680882222,1286.28076171875,63960,0.0,0.0
1999-09-23,1280.838857019283,1302.6624755859375,1280.838857019283,1302.6624755859375,48360,0.0,0.0
1999-09-24,1275.3970037253046,1305.3827405593743,1275.3970037253046,1297.2203369140625,60840,0.0,0.0
1999-09-27,1278.1180743516684,1305.3831592678248,1278.1180743516684,1286.28076171875,74360,0.0,0.0
1999-09-28,1283.5599596309346,1294.443308534014,1280.8390169913016,1286.28076171875,37960,0.0,0.0
1999-09-29,1280.83894272731,1291.7222909993648,1275.3973388671875,1275.3973388671875,49920,0.0,0.0
1999-09-30,1267.2345772334154,1280.8388671849764,1264.513916015625,1264.513916015625,61360,0.0,0.0
1999-10-01,1259.0154499055361,1280.8387861612891,1259.0154499055361,1267.2344970703125,46800,0.0,0.0
1999-10-04,1267.2346948646134,1280.8389860789941,1261.7930908203125,1261.7930908203125,63960,0.0,0.0
1999-10-05,1259.0154549778156,1286.2805350901626,1259.0154549778156,1269.9554443359375,36400,0.0,0.0
1999-10-06,1264.5140023251745,1286.2806990711988,1253.57373046875,1253.57373046875,53560,0.0,0.0
1999-10-07,1256.294703843015,1278.1180435050294,1256.294703843015,1261.7930908203125,79560,0.0,0.0
1999-10-08,1280.83879132149,1286.2805350901626,1259.0154549778156,1269.9554443359375,76960,0.0,0.0
1999-10-11,1267.2345021757046,1286.2805350901626,1261.792898958825,1269.9554443359375,41600,0.0,0.0
1999-10-12,1261.792973696718,1280.8388671875,1253.5736449084,1280.8388671875,56160,0.0,0.0
1999-10-13,1267.2344970703125,1291.722133102995,1264.5138360246265,1267.2344970703125,67080,0.0,0.0
1999-10-14,1272.6763213244,1299.9415436034465,1264.513916015625,1264.513916015625,104000,0.0,0.0
1999-10-15,1269.9554927044787,1283.5597823684077,1259.0155029296875,1259.0155029296875,36400,0.0,0.0
1999-10-18,1242.6904689026173,1264.514090656521,1226.365234375,1226.365234375,67080,0.0,0.0
1999-10-19,1237.2489661203165,1275.3973995425395,1220.8670897259087,1242.6904296875,53560,0.0,0.0
1999-10-20,1231.8068717235826,1267.2344970703125,1231.8068717235826,1267.2344970703125,36400,0.0,0.0
1999-10-21,1245.411087294518,1264.5137613769018,1245.411087294518,1256.29443359375,19240,0.0,0.0
1999-10-22,1256.2946613220645,1275.3973388671875,1248.1322555318807,1275.3973388671875,40040,0.0,0.0
1999-10-25,1256.2946613220645,1275.3973388671875,1245.4113130500098,1275.3973388671875,41080,0.0,0.0
1999-10-26,1250.852676138093,1275.39723668041,1248.1321555296233,1259.0155029296875,66560,0.0,0.0
1999-10-27,1256.29443359375,1269.9553642506257,1253.573491605104,1256.29443359375,29120,0.0,0.0
1999-10-28,1256.2945606658227,1259.0155029296875,1229.0859813379645,1259.0155029296875,34320,0.0,0.0
1999-10-29,1250.8527879616388,1267.234663728664,1242.6903820957377,1253.57373046875,55640,0.0,0.0
1999-11-01,1253.57373046875,1253.57373046875,1253.57373046875,1253.57373046875,0,0.0,0.0
1999-11-02,1231.8069049721237,1291.72216796875,1231.8069049721237,1291.72216796875,66040,0.0,0.0
1999-11-03,1248.1322555318807,1275.3973388671875,1231.8070222960844,1275.3973388671875,61880,0.0,0.0
1999-11-04,1242.690442620248,1286.28076171875,1237.248978996435,1286.28076171875,44200,0.0,0.0
1999-11-05,1245.4113130500098,1280.83894272731,1245.4113130500098,1275.3973388671875,62920,0.0,0.0
1999-11-08,1253.573618401958,1269.9554927044787,1253.573618401958,1259.0155029296875,62400,0.0,0.0
1999-11-09,1248.1323149101322,1264.5140507527237,1242.6904296875,1242.6904296875,46280,0.0,0.0
1999-11-10,1226.36513149154,1256.294655338717,1226.36513149154,1237.2489013671875,58240,0.0,0.0
1999-11-11,1226.3653204616637,1253.5739060324884,1226.3653204616637,1245.4114990234375,66040,0.0,0.0
1999-11-12,1234.5280235090004,1250.8528358659994,1231.8070808976843,1242.6904296875,31720,0.0,0.0
1999-11-15,1253.573526952735,1261.7928549676512,1237.2487178712443,1239.96923828125,44720,0.0,0.0
1999-11-16,1237.2490143409748,1242.6904781202343,1220.867137308098,1231.80712890625,107120,0.0,0.0
1999-11-17,1226.3652849367995,1250.852926910095,1209.9838290055063,1215.42529296875,159640,0.0,0.0
1999-11-18,1218.146083361236,1237.2489013671875,1204.5417926721034,1237.2489013671875,76440,0.0,0.0
1999-11-19,1215.4251476353224,1245.4113140278535,1209.9836843227372,1212.704345703125,131560,0.0,0.0
1999-11-22,1242.6905561352567,1245.4114990234375,1204.5419782794772,1245.4114990234375,84240,0.0,0.0
1999-11-23,1212.704490711215,1237.249056174246,1212.704490711215,1215.42529296875,104520,0.0,0.0
1999-11-24,1231.806980765726,1231.806980765726,1199.1000135693926,1209.983642578125,104520,0.0,0.0
1999-11-25,1190.9374784208353,1215.4251168457122,1179.997628589868,1188.1600341796875,304720,0.0,0.0
1999-11-26,1171.8347551099644,1209.9836059311458,1166.3932218740165,1182.7183837890625,193960,0.0,0.0
1999-11-29,1182.718591528259,1201.8211306542437,1169.1143695314172,1171.8349609375,174720,0.0,0.0
1999-11-30,1169.1143695314172,1185.4392532102545,1166.3934267457712,1171.8349609375,128440,0.0,0.0
1999-12-01,1171.83480134463,1209.983653670972,1171.83480134463,1188.1600341796875,213200,0.0,0.0
1999-12-02,1196.379660879887,1264.514274133883,1196.379660879887,1218.1463623046875,268320,0.0,0.0
1999-12-03,1280.8391157443316,1318.9875525048217,1253.573888174201,1283.56005859375,532480,0.0,0.0
1999-12-06,1318.9872487071827,1329.8707364944448,1289.0012257460364,1291.72216796875,250120,0.0,0.0
1999-12-07,1297.2205244482846,1302.66240876875,1253.5735706573498,1269.9554443359375,123240,0.0,0.0
1999-12-08,1259.0155499550042,1259.0155499550042,1237.2488543418708,1248.1322021484375,8840,0.0,0.0
1999-12-09,1248.1323801706726,1286.2808155875457,1193.6585693359375,1193.6585693359375,174200,0.0,0.0
1999-12-10,1220.8671785874733,1253.5738697194568,1204.541943386783,1215.42529296875,144560,0.0,0.0
1999-12-13,1242.6905201374898,1269.9557473062293,1207.2628861961446,1215.42529296875,199680,0.0,0.0
1999-12-14,1242.6904689026173,1259.0157034302345,1220.867128252355,1226.365234375,108160,0.0,0.0
1999-12-15,1231.8070563837487,1259.0156386445399,1220.8670654296875,1220.8670654296875,86840,0.0,0.0
1999-12-16,1253.5737784773157,1253.5737784773157,1209.983740936093,1242.6904296875,135720,0.0,0.0
1999-12-17,1223.587840293182,1242.6905201374898,1209.9838290055063,1215.42529296875,211120,0.0,0.0
1999-12-20,1218.1460480931134,1242.6903286708487,1204.5417577978565,1209.983642578125,287560,0.0,0.0
1999-12-21,1204.5416259765625,1231.806845960611,1204.5416259765625,1204.5416259765625,220480,0.0,0.0
1999-12-22,1226.3652130354646,1253.5737962228927,1204.5418727649424,1223.5877685546875,238160,0.0,0.0
1999-12-23,1362.577785270182,1395.2844713569502,1226.3650957621521,1368.076171875,1045200,0.0,0.0
1999-12-24,1368.076171875,1368.076171875,1368.076171875,1368.076171875,0,0.0,0.0
1999-12-27,1504.28857421875,1507.0095168516552,1444.3733021896885,1504.28857421875,1232400,0.0,0.0
1999-12-28,1580.6426040706901,1618.791036777411,1444.3732636391812,1520.67041015625,1411280,0.0,0.0
1999-12-29,1531.5540507090448,1553.377675525287,1444.3735389866686,1466.140380859375,646880,0.0,0.0
1999-12-30,1427.9916097065816,1477.0801767368757,1427.9916097065816,1455.2568359375,383240,0.0,0.0
1999-12-31,1455.2568359375,1455.2568359375,1455.2568359375,1455.2568359375,0,0.0,0.0
2000-01-03,1553.377406989752,1553.377406989752,1460.6982421875,1460.6982421875,575640,0.0,0.0
2000-01-04,1466.1400741022208,1482.5218093329727,1417.1081531696534,1433.43310546875,310960,0.0,0.0
2000-01-05,1318.9874917091324,1444.3733505476498,1297.2207932280414,1373.5179443359375,346840,0.0,0.0
2000-01-06,1449.814840699502,1449.814840699502,1389.8429290037557,1433.43310546875,50440,0.0,0.0
2000-01-07,1417.1082672837758,1520.670504335785,1417.1082672837758,1496.126220703125,383240,0.0,0.0
2000-01-10,1498.8471220821127,1520.6704623839173,1427.9915771484375,1427.9915771484375,339040,0.0,0.0
2000-01-11,1498.847201872988,1498.847201872988,1417.1083036284756,1441.652587890625,211120,0.0,0.0
2000-01-12,1564.2605895983975,1635.1158447265625,1441.6523340923338,1635.1158447265625,1600040,0.0,0.0
2000-01-13,1667.8230875745398,1716.8550132098196,1509.7871783044282,1517.9495849609375,2937480,0.0,0.0
2000-01-14,1542.4371484954747,1575.1441186100242,1501.5677721376624,1504.28857421875,540800,0.0,0.0
2000-01-17,1523.3916431276004,1536.995936867022,1449.815144040965,1466.140380859375,361920,0.0,0.0
2000-01-18,1444.3734049067828,1460.6983591060812,1368.0763914792633,1400.7264404296875,494000,0.0,0.0
2000-01-19,1395.28440410201,1531.5535888671875,1362.5777195917562,1531.5535888671875,496080,0.0,0.0
2000-01-20,1575.1441788902423,1577.8648405236313,1471.5819415247631,1498.84716796875,603200,0.0,0.0
2000-01-21,1471.5820750118785,1498.8473039290927,1460.6984436283092,1477.080322265625,202280,0.0,0.0
2000-01-24,1449.8147441428866,1490.6841159281294,1422.549521792833,1438.931396484375,180960,0.0,0.0
2000-01-25,1417.1082281889567,1444.3733132464106,1400.7263515391649,1427.9915771484375,144560,0.0,0.0
2000-01-26,1438.9316598057985,1438.9316598057985,1395.284695328703,1400.7264404296875,108680,0.0,0.0
2000-01-27,1417.1083181190781,1430.7126105956254,1378.9597411294046,1400.7264404296875,240240,0.0,0.0
2000-01-28,1392.5638100709211,1400.7262155844232,1362.577785270182,1368.076171875,178360,0.0,0.0
2000-01-31,1362.5778729144317,1406.224833192772,1318.9874144652658,1340.81103515625,133120,0.0,0.0
2000-02-01,1338.0901775067582,1471.581787109375,1335.3692350552362,1471.581787109375,250640,0.0,0.0
2000-02-02,1460.6982997135779,1487.9635259444963,1417.108260498961,1455.2568359375,277680,0.0,0.0
2000-02-03,1447.0942888938291,1545.2147805702828,1427.9916097065816,1455.2568359375,631280,0.0,0.0
2000-02-04,1427.9916904266563,1460.6983822824634,1417.1083406038326,1422.5498046875,176800,0.0,0.0
2000-02-07,1425.2702372617287,1493.404820552076,1400.7259611468548,1406.2244873046875,291720,0.0,0.0
2000-02-08,1419.829409456941,1441.6527534263416,1403.504172446399,1425.2708740234375,267280,0.0,0.0
2000-02-09,1417.107833230902,1441.652109345776,1400.7259611468548,1406.2244873046875,211640,0.0,0.0
2000-02-10,1368.0762880039,1460.698248625194,1362.5779009323523,1447.09423828125,282360,0.0,0.0
2000-02-11,1452.5358383491623,1466.140129758624,1398.005528499143,1408.94580078125,330720,0.0,0.0
2000-02-14,1389.8430896961386,1417.1083170144168,1362.5780029296875,1362.5780029296875,288600,0.0,0.0
2000-02-15,1362.5780029296875,1411.666431365847,1343.5318248151752,1362.5780029296875,223080,0.0,0.0
2000-02-16,1362.5777387080884,1400.7261677187191,1340.8109030938192,1378.95947265625,267800,0.0,0.0
2000-02-17,1348.9734794340018,1411.6661895991392,1348.9734794340018,1403.5037841796875,251160,0.0,0.0
2000-02-18,1395.284217907858,1406.2244873046875,1362.5775377621576,1406.2244873046875,212680,0.0,0.0
2000-02-21,1411.666431365847,1411.666431365847,1348.973710463745,1362.5780029296875,218400,0.0,0.0
2000-02-22,1351.694391176854,1414.387099922022,1351.694391176854,1378.95947265625,248560,0.0,0.0
2000-02-23,1635.1158447265625,1645.9991923494379,1417.1080541511267,1635.1158447265625,4384120,0.0,0.0
2000-02-24,1645.9992697288988,1727.7947998046875,1596.9673499173496,1727.7947998046875,5783440,0.0,0.0
2000-02-25,1667.8232140789712,1711.4132574792352,1640.5581257817987,1700.5299072265625,2054520,0.0,0.0
2000-02-28,1705.9711751465984,1738.6778564453125,1640.5575314456016,1738.6778564453125,1493960,0.0,0.0
2000-02-29,1744.1197980065704,1864.063743058387,1695.0878847966583,1765.9429931640625,1955720,0.0,0.0
2000-03-01,1749.5619941530804,1847.6827851921591,1738.6786429202118,1771.3856201171875,1172600,0.0,0.0
2000-03-02,1787.710657484259,1814.9757451820208,1744.1203339386382,1776.8270263671875,1033240,0.0,0.0
2000-03-03,1760.5020652826317,1853.1243167710863,1760.5020652826317,1842.240966796875,1420120,0.0,0.0
2000-03-06,1869.5057101355208,1896.7138671875,1765.9430714857938,1896.7138671875,1816880,0.0,0.0
2000-03-07,1896.7141837642482,1907.6544562191611,1798.650477179353,1853.1241455078125,1157520,0.0,0.0
2000-03-08,1755.0036839520453,1798.650649885994,1749.5617981175935,1776.8270263671875,3031600,0.0,0.0
2000-03-09,1776.8266334881616,1836.7986814575527,1744.1199482914774,1755.0032958984375,594360,0.0,0.0
2000-03-10,1727.7948121847596,1782.268476729784,1667.8229014304393,1689.646240234375,582920,0.0,0.0
2000-03-13,1645.9993916112453,1684.1479661130973,1607.8508171093933,1629.6744384765625,541840,0.0,0.0
2000-03-14,1624.2324821076809,1689.646133096366,1607.8506076210278,1654.218505859375,286520,0.0,0.0
2000-03-15,1618.791455255179,1798.65087890625,1607.8511803567665,1798.65087890625,351520,0.0,0.0
2000-03-16,1787.710654204276,1793.2087607614717,1705.9717525456235,1716.8551025390625,448240,0.0,0.0
2000-03-17,1744.120361328125,1771.385449454055,1700.529896546132,1744.120361328125,384280,0.0,0.0
2000-03-20,1716.854821593314,1744.1200453312083,1635.1159333103956,1689.646240234375,295360,0.0,0.0
2000-03-21,1645.9990406281863,1689.6459929518714,1613.2923583984375,1613.2923583984375,345800,0.0,0.0
2000-03-22,1635.1158447265625,1673.2644146102148,1591.5258118591744,1635.1158447265625,833040,0.0,0.0
2000-03-23,1662.3814321300163,1798.650649885994,1635.116203880422,1776.8270263671875,1459640,0.0,0.0
2000-03-24,1744.120166468004,1880.3893711393962,1744.120166468004,1853.1241455078125,2375360,0.0,0.0
2000-03-27,1787.7104398594904,1847.6823532370254,1695.0881993127177,1782.2685546875,612040,0.0,0.0
2000-03-28,1760.5017463148142,1787.7103271484375,1711.4129036171246,1787.7103271484375,368160,0.0,0.0
2000-03-29,1744.1200733160915,1825.858962910533,1727.7948399077002,1793.20849609375,321880,0.0,0.0
2000-03-30,1749.5618365809155,1771.3854605795045,1700.5299072265625,1700.5299072265625,190320,0.0,0.0
2000-03-31,1705.971435546875,1771.3850892326425,1656.939516471399,1705.971435546875,239200,0.0,0.0
2000-04-03,1716.8544674984446,1771.3847631757528,1645.998942041706,1673.26416015625,282880,0.0,0.0
2000-04-04,1651.497716671989,1716.8548718962422,1645.9993297497845,1678.706298828125,171080,0.0,0.0
2000-04-05,1662.3811790978298,1705.9714960085382,1635.1159549982942,1656.9395751953125,2220920,0.0,0.0
2000-04-06,1651.4973795727574,1738.6778564453125,1651.4973795727574,1738.6778564453125,246480,0.0,0.0
2000-04-07,1705.9717824660424,1744.120361328125,1695.0884322817244,1744.120361328125,346840,0.0,0.0
2000-04-10,1705.9714733808237,1738.67816039725,1684.1478534732703,1689.646240234375,122720,0.0,0.0
2000-04-11,1662.3812533494868,1700.5296869579886,1662.3812533494868,1667.822998046875,73320,0.0,0.0
2000-04-12,1711.4126374738655,1744.1197404279324,1684.1475590542027,1738.6778564453125,174200,0.0,0.0
2000-04-13,1705.971446714867,1711.4129099083436,1667.822875360781,1684.1478271484375,117000,0.0,0.0
2000-04-14,1673.2648762306198,1700.5299654614898,1673.2648762306198,1695.0885009765625,119080,0.0,0.0
2000-04-17,1629.6742411774724,1667.8228110608075,1580.6424642231536,1618.7908935546875,178880,0.0,0.0
2000-04-18,1637.8366360772566,1684.1476069954647,1613.2923583984375,1613.2923583984375,112320,0.0,0.0
2000-04-19,1635.1159549982942,1662.3811790978298,1635.1159549982942,1656.9395751953125,92560,0.0,0.0
2000-04-20,1662.3812533494868,1678.706346889834,1645.9993768750862,1667.822998046875,56680,0.0,0.0
2000-04-21,1667.822998046875,1667.822998046875,1667.822998046875,1667.822998046875,0,0.0,0.0
2000-04-24,1667.822998046875,1667.822998046875,1667.822998046875,1667.822998046875,0,0.0,0.0
2000-04-25,1640.557729365702,1645.9991923494379,1624.2324971036871,1635.1158447265625,99320,0.0,0.0
2000-04-26,1651.4981689453125,1662.381661009006,1640.5583155891954,1651.4981689453125,62920,0.0,0.0
2000-04-27,1640.5583155891954,1678.7067585526945,1640.5583155891954,1651.4981689453125,100880,0.0,0.0
2000-04-28,1673.26481892939,1705.9717931806515,1662.3814686767173,1700.5299072265625,180440,0.0,0.0
2000-05-01,1700.5299072265625,1700.5299072265625,1700.5299072265625,1700.5299072265625,0,0.0,0.0
2000-05-02,1705.9716089826443,1738.6782985988127,1689.6463745385588,1733.2366943359375,257920,0.0,0.0
2000-05-03,1705.9717525456235,1727.7950949207257,1700.5298667211562,1716.8551025390625,166920,0.0,0.0
2000-05-04,1705.971435546875,1733.2365181282928,1705.971435546875,1705.971435546875,196040,0.0,0.0
2000-05-05,1727.7952916873435,1771.3856201171875,1727.7952916873435,1771.3856201171875,471120,0.0,0.0
2000-05-08,-92.23753816234637,-93.38808757953322,-89.93945517518684,-90.51322937011719,125840,120.0,0.0
2000-05-09,-90.22633298141757,-92.23754002667906,-90.22633298141757,-90.80310821533203,317720,0.0,0.0
2000-05-10,-90.22630208945388,-93.10115937267479,-90.22630208945388,-91.66373443603516,178880,0.0,0.0
2000-05-11,-89.93944398083391,-91.66375255844626,-88.78889470685068,-91.37686920166016,153400,0.0,0.0
2000-05-12,-91.08995922195658,-93.10115814208986,-90.80307592568079,-93.10115814208984,251680,0.0,0.0
2000-05-15,-91.95064238974054,-93.38806748010705,-91.08997016766698,-92.23751831054688,162760,0.0,0.0
2000-05-16,-91.6637332244497,-93.96183026074182,-91.08995922195658,-93.10115814208984,353600,0.0,0.0
2000-05-17,-92.52441747663481,-97.69737243652344,-91.9506433988977,-97.69737243652344,575120,0.0,0.0
2000-05-18,-94.24873352050781,-96.25993996034384,-93.38806135488481,-94.24873352050781,296400,0.0,0.0
2000-05-19,-92.81431526059352,-93.38808946712116,-90.80310821533203,-90.80310821533203,159640,0.0,0.0
2000-05-22,-91.08997503304181,-95.1123809814453,-88.50200804482685,-95.11238098144531,148200,0.0,0.0
2000-05-23,-92.81429100247159,-93.96183911560149,-91.08996780617427,-92.5244140625,132600,0.0,0.0
2000-05-24,-90.22633298141757,-91.95066403833148,-90.22633298141757,-90.80310821533203,70720,0.0,0.0
2000-05-25,-90.80310821533203,-91.95066403833148,-90.51323119959764,-90.80310821533203,115960,0.0,0.0
2000-05-26,-90.51322937011719,-91.66376396741602,-89.0787827678753,-90.51322937011719,140400,0.0,0.0
2000-05-29,-90.2263149897198,-91.08997344970703,-89.65254089760633,-91.08997344970703,63960,0.0,0.0
2000-05-30,-89.65253210398622,-90.80308120214927,-89.07875806815171,-89.9394302368164,98280,0.0,0.0
2000-05-31,-89.3656774823958,-89.65255345371635,-88.50201890145057,-88.78890228271484,85280,0.0,0.0
2000-06-01,-88.50201135006458,-91.37686920166016,-87.92823722654929,-91.37686920166016,87360,0.0,0.0
2000-06-02,-89.07875806815171,-90.51320427265091,-88.5019978257071,-89.9394302368164,108160,0.0,0.0
2000-06-05,-88.50201074909884,-91.08997781639185,-88.21511998431777,-89.36566925048828,73840,0.0,0.0
2000-06-06,-89.07876682993647,-90.22631501447829,-88.50200653076172,-88.50200653076172,65520,0.0,0.0
2000-06-07,-88.21512993902388,-89.65255531229681,-87.64135575465676,-89.07878112792969,78000,0.0,0.0
2000-06-08,-89.07877928124408,-89.07877928124408,-87.35447055650604,-88.78890228271484,124280,0.0,0.0
2000-06-09,-87.35447055650604,-90.51322582734032,-87.35447055650604,-88.78890228271484,215800,0.0,0.0
2000-06-12,-88.78890817923015,-90.22633361816405,-87.92825056833692,-90.22633361816406,94120,0.0,0.0
2000-06-13,-89.07878519701028,-90.51323183836882,-89.07878519701028,-90.22633361816406,127400,0.0,0.0
2000-06-14,-90.51323119959764,-91.95066403833148,-89.07878456836228,-90.80310821533203,209560,0.0,0.0
2000-06-15,-89.93945517518684,-91.66376396741602,-89.65255696280563,-90.51322937011719,68640,0.0,0.0
2000-06-16,-90.22633115773598,-91.37688057492285,-89.93945517518684,-90.51322937011719,164320,0.0,0.0
2000-06-19,-89.07877107576415,-89.65254519538328,-88.7888941039369,-89.36566925048828,127400,0.0,0.0
2000-06-20,-89.07877928124408,-92.81430975175932,-88.50201890145057,-88.78890228271484,368160,0.0,0.0
2000-06-21,-88.50201890145057,-89.07877928124408,-88.50201890145057,-88.78890228271484,87880,0.0,0.0
2000-06-22,-89.07876682993647,-90.22631501447829,-87.3544583462199,-88.50200653076172,224120,0.0,0.0
2000-06-23,-87.06754873385022,-87.6413301605988,-85.63012378035114,-86.77767181396484,345800,0.0,0.0
2000-06-26,-86.77768652891633,-87.35446166992188,-86.49081058677973,-87.35446166992188,107640,0.0,0.0
2000-06-27,-86.49081058677973,-87.35446166992188,-86.20391241481421,-87.35446166992188,88400,0.0,0.0
2000-06-28,-86.49081058677973,-87.64134502200145,-86.20391241481421,-87.35446166992188,68120,0.0,0.0
2000-06-29,-86.20391154687167,-86.20391154687167,-85.34325408935548,-85.34325408935547,124800,0.0,0.0
2000-06-30,-84.62303938417165,-85.91703033447264,-84.62303938417165,-85.91703033447266,135720,0.0,0.0
2000-07-03,-86.20390319824219,-86.49080133953373,-85.63012914548567,-86.20390319824219,105560,0.0,0.0
2000-07-04,-85.48669190689007,-87.3544644209028,-85.48669190689007,-85.77359008789062,128960,0.0,0.0
2000-07-05,-86.06045511540897,-86.92112731933594,-85.63013012835889,-86.92112731933594,30160,0.0,0.0
2000-07-06,-85.6301494403463,-87.64135642327376,-85.6301494403463,-86.4908218383789,82160,0.0,0.0
2000-07-07,-87.06754873385022,-87.35444685716622,-86.20389779715799,-86.77767181396484,87360,0.0,0.0
2000-07-10,-86.20392362909077,-87.64135642327376,-86.20392362909077,-86.4908218383789,60320,0.0,0.0
2000-07-11,-85.91702369012113,-88.50200436386707,-85.91702369012113,-87.92823028564453,144560,0.0,0.0
2000-07-12,-88.21512811024257,-88.78890228271484,-86.49081938550455,-88.78890228271484,157560,0.0,0.0
2000-07-13,-89.36567378420351,-93.10118187030218,-89.07877559492441,-89.65254974365234,643760,0.0,0.0
2000-07-14,-89.9394535193962,-90.51322770376332,-88.78890412339102,-89.07878112792969,140400,0.0,0.0
2000-07-17,-90.80308120214927,-90.80308120214927,-88.21510710281885,-89.9394302368164,250640,0.0,0.0
2000-07-18,-89.65253210398622,-90.51320427265091,-89.07875806815171,-89.9394302368164,169000,0.0,0.0
2000-07-19,-89.93944793293144,-90.2263238923803,-89.07877559492441,-89.65254974365234,160160,0.0,0.0
2000-07-20,-89.07877559492441,-89.93944793293144,-88.5020152389988,-89.65254974365234,87360,0.0,0.0
2000-07-21,-89.36568341721504,-90.22633361816405,-89.36568341721504,-90.22633361816406,175240,0.0,0.0
2000-07-24,-89.65255940758716,-90.22633361816405,-89.65255940758716,-90.22633361816406,126360,0.0,0.0
2000-07-25,-89.65254519538328,-90.51321748972654,-89.07877107576415,-89.36566925048828,107640,0.0,0.0
2000-07-26,-89.07878180751283,-89.65255599625729,-86.4908218383789,-86.4908218383789,125320,0.0,0.0
2000-07-27,-87.06755805339695,-87.92823028564453,-86.77768110248368,-87.92823028564453,78520,0.0,0.0
2000-07-28,-87.6413551376347,-89.65255468111529,-87.0675735473633,-87.06757354736328,109200,0.0,0.0
2000-07-31,-87.35446166992188,-88.21511913610357,-86.20391241481421,-87.35446166992188,93080,0.0,0.0
2000-08-01,-87.06756349795636,-88.21511913610357,-86.77768652891633,-87.35446166992188,31720,0.0,0.0
2000-08-02,-87.06755805339695,-87.92823028564453,-87.06755805339695,-87.92823028564453,68640,0.0,0.0
2000-08-03,-87.06756349795636,-87.928235784024,-86.49081058677973,-87.35446166992188,89960,0.0,0.0
2000-08-04,-87.35445339416357,-88.2151107788086,-86.77767830780037,-88.2151107788086,50440,0.0,0.0
2000-08-07,-87.92822924624276,-93.10116932947345,-87.0675570241692,-92.23751831054688,172120,0.0,0.0
2000-08-08,-87.92821765396357,-95.39926147460938,-87.0675455453593,-95.39926147460938,1021280,0.0,0.0
2000-08-09,-95.11238570276389,-95.97305801353163,-93.3880771039548,-93.73174285888672,538200,0.0,0.0
2000-08-10,-93.38806257759214,-94.82549500244139,-91.95063756268493,-94.13516998291016,247520,0.0,0.0
2000-08-11,-93.38804631201963,-94.24871833900632,-92.8142723706359,-93.41793060302734,95160,0.0,0.0
2000-08-14,-93.38804860095745,-94.24872064903919,-92.81427464551055,-93.99170684814453,49400,0.0,0.0
2000-08-15,-93.99170684814453,-93.99170684814453,-93.99170684814453,-93.99170684814453,0,0.0,0.0
2000-08-16,-93.3880766519597,-94.82550929344211,-93.10117847314918,-94.65217590332031,135200,0.0,0.0
2000-08-17,-94.24872626983625,-94.82548646587168,-93.67493746028794,-93.7914810180664,92040,0.0,0.0
2000-08-18,-94.24874031568869,-94.82550059767847,-92.81429401283772,-93.87517547607422,113360,0.0,0.0
2000-08-21,-93.3880771039548,-94.24874941472254,-92.81430297338616,-93.73174285888672,66040,0.0,0.0
2000-08-22,-93.67493187371043,-94.538582718043,-93.10115050832262,-93.99170684814453,81120,0.0,0.0
2000-08-23,-93.3880808154239,-97.69738531495842,-93.3880808154239,-95.8296127319336,364520,0.0,0.0
2000-08-24,-95.68617845601999,-96.83671296998547,-94.82551352099051,-95.8296127319336,225680,0.0,0.0
2000-08-25,-96.54983031726404,-100.85913517961706,-96.54983031726404,-100.39892578125,1211080,0.0,0.0
2000-08-28,-102.29654397473946,-102.29654397473946,-99.42168619862092,-100.91590118408203,756600,0.0,0.0
2000-08-29,-100.85913765677766,-110.34138400945085,-100.85913765677766,-109.25061798095703,2587000,0.0,0.0
2000-08-30,-106.60584521911841,-109.19082595830133,-104.88152191408497,-106.31895446777344,1407640,0.0,0.0
2000-08-31,-103.44409606362693,-110.05448366736924,-103.44409606362693,-109.33427429199219,1516840,0.0,0.0
2000-09-01,-108.0432750253907,-109.47772133569651,-106.89272584236166,-109.10415649414062,699400,0.0,0.0
2000-09-04,-107.17961742377395,-108.04326839984911,-105.45528685838676,-107.32305908203125,352040,0.0,0.0
2000-09-05,-104.8815128154155,-108.33014430642166,-104.8815128154155,-107.32305908203125,304720,0.0,0.0
2000-09-06,-107.75639686809633,-111.20205041311608,-106.60586229144393,-110.7149429321289,630760,0.0,0.0
2000-09-07,-109.4777474388345,-112.92637996358998,-108.61707500147256,-112.12248992919922,659360,0.0,0.0
2000-09-08,-114.36378966689013,-119.24984665223252,-113.79001556810516,-118.50274658203125,2948920,0.0,0.0
2000-09-11,-116.66186176600448,-120.68426732912671,-115.22743035315403,-120.0238265991211,1287000,0.0,0.0
2000-09-12,-118.67309187201087,-120.39741538314145,-114.93757629394533,-114.93757629394531,1046240,0.0,0.0
2000-09-13,-116.08812645214735,-119.88043975830077,-114.9375917673407,-119.88043975830078,878800,0.0,0.0
2000-09-14,-117.23864513997195,-119.24984435895131,-116.37498668655151,-119.13330078125,420160,0.0,0.0
2000-09-15,-117.52552503243949,-120.1105058362898,-116.08809985273426,-119.99695587158203,681720,0.0,0.0
2000-09-18,-116.94875544336375,-118.3861804179933,-116.37497400818046,-117.58229064941406,351520,0.0,0.0
2000-09-19,-117.23863605509251,-117.23863605509251,-114.36377860546685,-115.85797119140625,472160,0.0,0.0
2000-09-20,-114.93756202892845,-115.51432232593612,-109.19082545738686,-109.76758575439453,657280,0.0,0.0
2000-09-21,-106.89274043093761,-108.33016573430916,-104.8815335611578,-107.46651458740234,577720,0.0,0.0
2000-09-22,-105.16840984063538,-113.79000329694163,-104.88151170726795,-113.50310516357422,613080,0.0,0.0
2000-09-25,-114.36378122575984,-117.81241279768899,-114.36378122575984,-117.69586181640625,656760,0.0,0.0
2000-09-26,-116.37502200000662,-118.09933099337276,-114.937596432598,-117.29544830322266,406640,0.0,0.0
2000-09-27,-115.80121066149907,-119.24984236395561,-115.51431991745193,-118.93306732177734,570440,0.0,0.0
2000-09-28,-117.81242680993206,-119.53673539103832,-117.81242680993206,-119.16319274902344,491400,0.0,0.0
2000-09-29,-118.38618912665393,-119.53672346832683,-116.66186589764719,-118.32940673828125,325520,0.0,0.0
2000-10-02,-116.6618884978047,-118.38621206085357,-116.37500511347525,-118.35931396484375,216320,0.0,0.0
2000-10-03,-116.94876876083949,-128.7320892306153,-116.94876876083949,-122.0948257446289,2526160,0.0,0.0
2000-10-04,-120.97414346154063,-127.29464581064204,-120.97414346154063,-124.93978118896484,1054040,0.0,0.0
2000-10-05,-125.28347481768965,-126.72091497511902,-123.27227531004318,-125.22669982910156,1397760,0.0,0.0
2000-10-06,-123.55912432039356,-124.99654934429888,-120.9741512066667,-121.8348159790039,562640,0.0,0.0
2000-10-09,-120.97415542813019,-123.55912863206119,-117.81241454256234,-121.40449523925781,542360,0.0,0.0
2000-10-10,-122.12168884277342,-123.55911374363401,-120.68425653197139,-122.12168884277344,382720,0.0,0.0
2000-10-11,-121.26104633445638,-121.83482040018846,-117.52551655886818,-119.24983978271484,325000,0.0,0.0
2000-10-12,-118.96295915027315,-123.27226335765043,-118.09930065663168,-120.19717407226562,417560,0.0,0.0
2000-10-13,-116.66184804071982,-122.9853362816191,-115.51430008147182,-121.69136047363281,439400,0.0,0.0
2000-10-16,-119.82364146877175,-122.98537548208336,-119.82364146877175,-122.40861511230469,215280,0.0,0.0
2000-10-17,-121.54795119766639,-124.70970746770816,-121.54795119766639,-123.55915069580078,253760,0.0,0.0
2000-10-18,-121.26105903791286,-124.41982146197671,-119.53673563342396,-123.35893249511719,725920,0.0,0.0
2000-10-19,-121.5479483961523,-125.2834713375425,-121.26106502404099,-125.11013793945312,233480,0.0,0.0
2000-10-20,-124.99656757896769,-124.99656757896769,-122.4086078810484,-122.81204223632812,230360,0.0,0.0
2000-10-23,-122.12170575217019,-125.28345410448786,-121.54793167692817,-124.5363540649414,348400,0.0,0.0
2000-10-24,-122.40862726673282,-125.57036900392964,-122.40862726673282,-125.25360870361328,205400,0.0,0.0
2000-10-25,-123.55914451517756,-127.5815729500128,-123.27226856074765,-127.23789978027344,210080,0.0,0.0
2000-10-26,-124.41982407973494,-127.29467459352804,-124.41982407973494,-126.83447265625,277160,0.0,0.0
2000-10-27,-125.28345764222865,-127.58156244473297,-125.28345764222865,-127.52477264404297,323960,0.0,0.0
2000-10-30,-125.857230697938,-130.1695206498902,-125.57033255655425,-129.3357391357422,358280,0.0,0.0
2000-10-31,-129.01899265365813,-134.47883129236277,-128.73209448175137,-130.33987426757812,454480,0.0,0.0
2000-11-01,-129.59277224738338,-131.31708077067154,-128.44520921662047,-128.8456573486328,106080,0.0,0.0
2000-11-02,-129.30587600567893,-130.74330120262877,-127.29466928480153,-130.33987426757812,192400,0.0,0.0
2000-11-03,-130.33987426757812,-130.33987426757812,-130.33987426757812,-130.33987426757812,0,0.0,0.0
2000-11-06,-131.60399900065775,-134.1919515786248,-130.74331918643648,-132.9547576904297,375960,0.0,0.0
2000-11-07,-133.90503735267566,-133.90503735267566,-131.89082260463417,-133.32826232910156,294320,0.0,0.0
2000-11-08,-133.04137445283732,-135.0525806953692,-132.1807097815895,-134.33535766601562,208000,0.0,0.0
2000-11-09,-133.04141529045276,-136.49004744662915,-133.04141529045276,-135.99993896484375,270920,0.0,0.0
2000-11-10,-137.92746334967066,-144.2479816906013,-136.4900381512672,-143.444091796875,1900080,0.0,0.0
2000-11-13,-141.08622439353093,-148.84714706504295,-141.08622439353093,-143.58753967285156,1292200,0.0,0.0
2000-11-14,-143.09740961219796,-146.54604116207497,-137.92744849408072,-145.9423828125,781560,0.0,0.0
2000-11-15,-147.12279645876856,-147.12279645876856,-143.96104865544336,-144.7649383544922,486200,0.0,0.0
2000-11-16,-143.09742502462285,-144.82174839522318,-142.8105416723119,-143.444091796875,306800,0.0,0.0
2000-11-17,-139.93867393600195,-142.81054561501844,-139.93867393600195,-141.7197723388672,175240,0.0,0.0
2000-11-20,-141.08621215820312,-142.5236521139001,-139.6517658193386,-141.08621215820312,330200,0.0,0.0
2000-11-21,-140.51245822093261,-141.94988348709714,-137.35069468299542,-138.47137451171875,446160,0.0,0.0
2000-11-22,-137.92745110946288,-140.2255409807438,-134.19192134745646,-138.07090759277344,400920,0.0,0.0
2000-11-23,-136.4900354531832,-137.0638169663487,-133.32828694667967,-136.1463623046875,460720,0.0,0.0
2000-11-24,-135.05260744053584,-141.66297284115868,-135.05260744053584,-141.4597625732422,337480,0.0,0.0
2000-11-27,-142.81054452000572,-142.81054452000572,-140.22555622104105,-140.59912109375,134680,0.0,0.0
2000-11-28,-136.77689848772846,-140.7993112566878,-135.0525902271685,-139.24832153320312,388960,0.0,0.0
2000-11-29,-136.20312851741855,-141.94986485024685,-135.33948491619955,-141.37608337402344,256360,0.0,0.0
2000-11-30,-139.9386683603613,-142.52365657615172,-139.65177019167476,-141.9199981689453,317720,0.0,0.0
2000-12-01,-149.1340167216069,-149.1340167216069,-133.6151679642937,-136.7769012451172,858520,0.0,0.0
2000-12-04,-135.9162567921679,-135.9162567921679,-126.14412878647553,-128.90243530273438,709800,0.0,0.0
2000-12-05,-127.29465053825805,-128.15533010734106,-121.83481270361774,-122.69847106933594,390000,0.0,0.0
2000-12-06,-124.70968094221907,-127.29465405792587,-120.68426695507799,-123.12879943847656,254800,0.0,0.0
2000-12-07,-118.96295707566489,-127.58156534011859,-118.96295707566489,-125.94390869140625,282880,0.0,0.0
2000-12-08,-124.70969930316028,-128.73209803608896,-124.70969930316028,-128.24200439453125,47840,0.0,0.0
2000-12-11,-127.58156167700236,-135.05260669813077,-127.007765359183,-133.09817504882812,542360,0.0,0.0
2000-12-12,-133.32828822097807,-138.5012434600771,-133.32828822097807,-137.2371368408203,561600,0.0,0.0
2000-12-13,-136.49001543433678,-140.22553008623618,-134.1919109217173,-139.65174865722656,317720,0.0,0.0
2000-12-14,-138.21436566484385,-139.0750306597449,-132.18075948819174,-136.2300567626953,201760,0.0,0.0
2000-12-15,-133.0413951935816,-134.4788202727443,-130.7432904891114,-131.89083862304688,344760,0.0,0.0
2000-12-18,-129.59276355834612,-132.7544970451842,-129.59276355834612,-131.89083862304688,136760,0.0,0.0
2000-12-19,-129.59274736869796,-131.89082214630687,-128.1553224691086,-128.6155242919922,94640,0.0,0.0
2000-12-20,-124.99657496310701,-128.1553598188672,-119.82364146877175,-122.40861511230469,165880,0.0,0.0
2000-12-21,-119.24988494376339,-130.74333972127482,-119.24988494376339,-129.0758056640625,217360,0.0,0.0
2000-12-22,-127.00777426231552,-128.7320976739303,-122.69849218156827,-127.86845397949219,251160,0.0,0.0
2000-12-25,-127.86845397949219,-127.86845397949219,-127.86845397949219,-127.86845397949219,0,0.0,0.0
2000-12-26,-127.86845397949219,-127.86845397949219,-127.86845397949219,-127.86845397949219,0,0.0,0.0
2000-12-27,-124.41982561647794,-128.7321014404297,-124.41982561647794,-128.7321014404297,119080,0.0,0.0
2000-12-28,-127.29463900903012,-134.76568259169832,-127.29463900903012,-134.33535766601562,212680,0.0,0.0
2000-12-29,-132.46762198164745,-134.19193049690662,-131.0301968128003,-133.58827209472656,120120,0.0,0.0
2001-01-01,-133.58827209472656,-133.58827209472656,-133.58827209472656,-133.58827209472656,0,0.0,0.0
2001-01-02,-129.018982118961,-131.89083866140712,-128.73208397048012,-131.51730346679688,125320,0.0,0.0
2001-01-03,-127.86844540542157,-127.86844540542157,-122.4085995874894,-125.85723876953125,183560,0.0,0.0
2001-01-04,-126.43401038423814,-130.45643883598245,-122.98537089348213,-127.58157348632812,229320,0.0,0.0
2001-01-05,-122.40857335264998,-126.43397196859013,-122.12168266429623,-126.34730529785156,301600,0.0,0.0
2001-01-08,-122.9853676225155,-124.13292328414134,-122.12171652170333,-123.35893249511719,139880,0.0,0.0
2001-01-09,-122.98535184457573,-131.46051025390625,-122.98535184457573,-131.46051025390625,304720,0.0,0.0
2001-01-10,-129.30589927163777,-132.75453180997607,-129.01901586799812,-132.41087341308594,137800,0.0,0.0
2001-01-11,-129.30590458985517,-137.35071843185375,-129.30590458985517,-135.42617797851562,448240,0.0,0.0
2001-01-12,-134.4788530522591,-136.490060098568,-133.9050862553768,-136.3167266845703,311480,0.0,0.0
2001-01-15,-134.76566230968265,-139.0749574299929,-133.6151357314334,-137.09364318847656,125320,0.0,0.0
2001-01-16,-135.3394879805127,-138.21433820048907,-134.478823156633,-136.72012329101562,272480,0.0,0.0
2001-01-17,-135.91626308650623,-138.78811968970388,-135.3394879805127,-136.72012329101562,206440,0.0,0.0
2001-01-18,-136.77692393165472,-138.78813069026913,-133.90506710082923,-135.16915893554688,218400,0.0,0.0
2001-01-19,-135.16915893554688,-135.16915893554688,-135.16915893554688,-135.16915893554688,0,0.0,0.0
2001-01-22,-135.3394862565791,-139.0750012528527,-135.3394862565791,-137.41046142578125,303160,0.0,0.0
2001-01-23,-136.49004049783653,-137.06382203220895,-134.47883374034814,-135.10939025878906,177320,0.0,0.0
2001-01-24,-134.47880291843177,-136.20311110358745,-133.04137802476686,-134.73580932617188,119080,0.0,0.0
2001-01-25,-133.61516905277549,-137.6405607322538,-132.46760616438056,-135.36935424804688,443560,0.0,0.0
2001-01-26,-134.47881428542408,-137.0638022033171,-133.90504765394417,-136.49002075195312,273000,0.0,0.0
2001-01-29,-135.33949756333814,-139.36189622666834,-135.33949756333814,-136.5468292236328,383240,0.0,0.0
2001-01-30,-136.20313337642435,-138.78812149853235,-136.20313337642435,-137.8109130859375,360360,0.0,0.0
2001-01-31,-136.77690495316838,-144.53483273388434,-136.77690495316838,-141.94985961914062,495560,0.0,0.0
2001-02-01,-141.37612852414196,-143.09745868265446,-139.93870298764085,-140.5692596435547,256880,0.0,0.0
2001-02-02,-139.6517952998479,-140.79935854114433,-136.49006102096325,-137.4373779296875,221520,0.0,0.0
2001-02-05,-139.93869037100728,-139.93869037100728,-136.4900579494606,-136.9771728515625,147160,0.0,0.0
2001-02-06,-137.063833183437,-137.35070174413292,-135.91628484121625,-136.8636016845703,82160,0.0,0.0
2001-02-07,-136.77692311553807,-136.77692311553807,-133.90506630184828,-134.36228942871094,240760,0.0,0.0
2001-02-08,-133.61519555695648,-141.66298689574543,-133.3282973680061,-137.46725463867188,539240,0.0,0.0
2001-02-09,-144.63944684011662,-145.53597582769373,-140.75450271383485,-141.97975158691406,434720,0.0,0.0
2001-02-12,-142.84640541361023,-147.62787858533568,-142.2487194146588,-143.14524841308594,495040,0.0,0.0
2001-02-13,-144.3405905165117,-145.23711942130745,-143.44407643160028,-143.68313598632812,160160,0.0,0.0
2001-02-14,-143.44404242130423,-143.74288531871443,-140.45561344720224,-141.23260498046875,141960,0.0,0.0
2001-02-15,-140.7544901352847,-144.93829170342505,-139.85797604771045,-143.8325653076172,166400,0.0,0.0
2001-02-16,-141.65103326345957,-143.14524825923212,-139.2603040901094,-143.0257110595703,270400,0.0,0.0
2001-02-19,-140.4556597946967,-144.04176092707826,-138.66260181856305,-142.03952026367188,130520,0.0,0.0
2001-02-20,-141.35217369090967,-142.24870258325612,-139.26028776198544,-141.94985961914062,108160,0.0,0.0
2001-02-21,-140.7544675636287,-141.35215340608843,-136.8695244075226,-138.36373901367188,212160,0.0,0.0
2001-02-22,-135.973037316184,-135.973037316184,-132.984607513719,-135.6741943359375,681200,0.0,0.0
2001-02-23,-134.47883101222914,-135.6742030096357,-129.39852966302317,-130.3846893310547,331760,0.0,0.0
2001-02-26,-131.1915720887149,-131.1915720887149,-126.7089419439709,-129.63758850097656,952640,0.0,0.0
2001-02-27,-129.6973574089961,-131.49041539911292,-129.09967141229052,-129.8766632080078,242840,0.0,0.0
2001-02-28,-129.09968727306358,-131.49043155360516,-129.09968727306358,-130.474365234375,131040,0.0,0.0
2001-03-01,-131.19155039287125,-131.19155039287125,-123.12281302073627,-124.94575500488281,393120,0.0,0.0
2001-03-02,-126.1112473929006,-126.70893334763566,-117.44483809895414,-122.525146484375,652600,0.0,0.0
2001-03-05,-121.32979089360379,-122.22631248159193,-114.45642413929416,-117.14600372314453,686920,0.0,0.0
2001-03-06,-115.95063246535274,-119.835576661277,-115.65178946413656,-118.07240295410156,395200,0.0,0.0
2001-03-07,-118.04250503605671,-119.53671986975813,-117.74367688920073,-119.08846282958984,226720,0.0,0.0
2001-03-08,-119.23787869417977,-122.82398693899066,-118.93904313289259,-120.70220184326172,354120,0.0,0.0
2001-03-09,-121.03094509818665,-122.8239956426821,-119.83557312856114,-121.2401351928711,126880,0.0,0.0
2001-03-12,-113.55989655459297,-118.93904802829601,-110.57147412924068,-112.03580474853516,297960,0.0,0.0
2001-03-13,-107.58304291608178,-110.57146509732797,-103.10042075912543,-105.1325454711914,1748760,0.0,0.0
2001-03-14,-107.58305353867974,-107.58305353867974,-98.61779351966608,-101.2774887084961,742040,0.0,0.0
2001-03-15,-102.50275130443514,-107.28423235402907,-100.41086492327479,-106.47736358642578,1022840,0.0,0.0
2001-03-16,-104.89349308805893,-106.68653627201877,-103.99695667619304,-104.62452697753906,352560,0.0,0.0
2001-03-19,-106.38766898831979,-106.68651935150599,-103.10041873245693,-103.6980972290039,159900,0.0,0.0
2001-03-20,-104.59464300701185,-107.583050581296,-103.99694963624705,-105.19231414794922,421200,0.0,0.0
2001-03-21,-103.10044217182083,-104.89350029892987,-99.51434073748975,-104.44522094726562,291330,0.0,0.0
2001-03-22,-103.10041951554486,-103.99694097214565,-95.33053231194262,-98.61778259277344,532870,0.0,0.0
2001-03-23,-103.10042633298593,-103.99694784886857,-99.81316101490336,-103.54869079589844,305240,0.0,0.0
2001-03-26,-104.2957759159564,-106.98535489903674,-103.10041159566586,-103.99693298339844,1167790,0.0,0.0
2001-03-27,-105.4911607898588,-108.47958307783955,-105.19231041012428,-108.00143432617188,819390,0.0,0.0
2001-03-28,-108.47959765808015,-110.87032691786094,-106.3876891784281,-107.58306121826172,1013090,0.0,0.0
2001-03-29,-105.19231552634523,-108.18073795967338,-103.69810801465245,-106.38768005371094,378170,0.0,0.0
2001-03-30,-108.47957662895467,-110.57146247325807,-107.58304036293278,-108.83818817138672,591630,0.0,0.0
2001-04-02,-110.27261869627215,-110.57146907608663,-106.98536825750398,-108.18073272705078,141050,0.0,0.0
2001-04-03,-106.68652617077056,-108.1807336225585,-101.00853933596483,-102.65216827392578,293930,0.0,0.0
2001-04-04,-102.50274749744896,-104.59465603074618,-100.70971162154736,-103.2498550415039,639730,0.0,0.0
2001-04-05,-105.49116797277435,-108.4795904642374,-103.69811003193087,-107.79225158691406,548080,0.0,0.0
2001-04-06,-109.97379262150756,-109.97379262150756,-105.19231242326634,-109.6749496459961,436020,0.0,0.0
2001-04-09,-106.98536325144451,-110.57146390222633,-106.98536325144451,-109.97378540039062,451880,0.0,0.0
2001-04-10,-110.57145317243022,-114.75523932899722,-110.27260283559983,-113.26103210449219,527540,0.0,0.0
2001-04-11,-114.15754606527759,-114.15754606527759,-111.46797454315677,-113.26103210449219,176020,0.0,0.0
2001-04-12,-112.36454082283478,-113.26106243363263,-111.46800439215065,-113.11164093017578,2438020,0.0,0.0
2001-04-13,-113.1116409301758,-113.1116409301758,-113.1116409301758,-113.11164093017578,0,0.0,0.0
2001-04-16,-113.1116409301758,-113.1116409301758,-113.1116409301758,-113.11164093017578,0,0.0,0.0
2001-04-17,-111.76683764846791,-112.06568062931036,-109.97379458329823,-111.2886962890625,214890,0.0,0.0
2001-04-18,-111.76686135114963,-113.26107657224388,-110.87033962843715,-111.91629028320312,606580,0.0,0.0
2001-04-19,-113.5598995472464,-114.15757071017073,-101.6062243507062,-101.99471282958984,2475980,0.0,0.0
2001-04-20,-103.99695310102975,-106.08885403360203,-100.70970243681575,-101.72575378417969,2964130,0.0,0.0
2001-04-23,-102.50273041961091,-104.29578822660386,-101.00853781027664,-101.69586181640625,509600,0.0,0.0
2001-04-24,-102.20391045136914,-102.8015890249254,-101.30737406617781,-102.08436584472656,504140,0.0,0.0
2001-04-25,-102.80160011384416,-105.19232948583603,-102.50274967991572,-104.89350128173828,449800,0.0,0.0
2001-04-26,-105.19232850022772,-105.19232850022772,-103.99696382543185,-104.44522094726562,199810,0.0,0.0
2001-04-27,-104.59462836613417,-105.78999271051242,-102.20389226743626,-105.55091094970703,1029210,0.0,0.0
2001-04-30,-105.78999683333274,-109.07724705599738,-105.78999683333274,-108.68875122070312,647530,0.0,0.0
2001-05-01,-108.68875122070312,-108.68875122070312,-108.68875122070312,-108.68875122070312,0,0.0,0.0
2001-05-02,-109.3760969807535,-109.6749399297902,-106.68651784936495,-108.24049377441406,320580,0.0,0.0
2001-05-03,-108.18074528525497,-108.18074528525497,-105.49117306406905,-105.8796615600586,106600,0.0,0.0
2001-05-04,-106.08885630716121,-106.08885630716121,-102.50274034589856,-103.57857513427734,177450,0.0,0.0
2001-05-07,-104.29579068548037,-104.29579068548037,-102.80158322103433,-103.60845184326172,109980,0.0,0.0
2001-05-08,-103.39927503219305,-103.9969536058867,-101.30737408946554,-101.93495178222656,290680,0.0,0.0
2001-05-09,-101.60621384870174,-101.60621384870174,-99.21547757451133,-99.78327178955078,244010,0.0,0.0
2001-05-10,-99.81317176305261,-100.70970819536139,-99.51433616554056,-100.11201477050781,627640,0.0,0.0
2001-05-11,-100.70969073503754,-101.0085336906815,-98.31895449982773,-98.64766693115234,1033760,0.0,0.0
2001-05-14,-100.11201438598853,-100.41085739229592,-98.6177993544516,-99.63387298583984,333970,0.0,0.0
2001-05-15,-100.1120000580461,-102.50272894645991,-99.21547857737646,-100.50049591064453,710580,0.0,0.0
2001-05-16,-100.70969946837567,-101.30737061160866,-98.61779118752008,-99.33501434326172,264160,0.0,0.0
2001-05-17,-100.11202247802264,-100.70971594889198,-97.42244261380111,-99.99249267578125,523900,0.0,0.0
2001-05-18,-99.51433092016428,-101.90506744384766,-98.02012337159071,-101.90506744384766,876330,0.0,0.0
2001-05-21,3.8416370643776543,3.8529360405924185,3.7060499101266036,3.785142183303833,494650,180.0,0.0
2001-05-22,3.751244667704405,3.8077395357191666,3.739945694101453,3.7738423347473145,191880,0.0,0.0
2001-05-23,3.7964408830695637,4.12410976862225,3.7625442370566153,4.1049017906188965,2081300,0.0,0.0
2001-05-24,4.011120435715193,4.214500850849782,3.999821461504825,4.094732284545898,1205230,0.0,0.0
2001-05-25,4.0902127425201895,4.225799874298426,4.056316099657137,4.118460178375244,1139190,0.0,0.0
2001-05-28,4.146707975843368,4.180604621662372,4.101512354697016,4.124109745025635,283660,0.0,0.0
2001-05-29,4.180604870956093,4.180604870956093,3.9885231194262687,4.045017719268799,201500,0.0,0.0
2001-05-30,4.01111982113092,4.01111982113092,3.9207280412978123,3.9421963691711426,228670,0.0,0.0
2001-05-31,3.9094303429348463,3.9772236347198486,3.9094303429348463,3.9772236347198486,193570,0.0,0.0
2001-06-01,3.954625293709741,4.112810350284206,3.9094294031667673,4.026938438415527,233220,0.0,0.0
2001-06-04,3.9189215064532186,4.200942852229608,3.9189215064532186,4.137487888336182,233870,0.0,0.52
2001-06-05,4.1656901043948515,4.171565403018605,4.0423057515028304,4.116923809051514,258700,0.0,0.0
2001-06-06,4.071682538987355,4.142188079008134,4.065807240747373,4.098709583282471,169650,0.0,0.0
2001-06-07,4.1069359858274765,4.124562444379502,4.083434227866811,4.11281156539917,108680,0.0,0.0
2001-06-08,4.101060266029645,4.189191989429509,4.095184687060242,4.171565532684326,478920,0.0,0.0
2001-06-11,4.130437731286073,4.1715656647215615,4.118686853138358,4.129262447357178,256360,0.0,0.0
2001-06-12,4.153939738970911,4.16569061782977,4.018804492012507,4.110461235046387,249990,0.0,0.0
2001-06-13,4.0834343414516185,4.142189018150655,4.065808162572357,4.136313438415527,91390,0.0,0.0
2001-06-14,4.089310425654412,4.112812187168039,4.042306902627159,4.073446750640869,163800,0.0,0.0
2001-06-15,4.048181308726746,4.101060400533564,3.971800740760607,4.007053375244141,276770,0.0,0.0
2001-06-18,4.007053366930678,4.007053366930678,4.001177787780762,4.001177787780762,910,0.0,0.0
2001-06-19,3.9835509677754,4.048180647016072,3.9424227608525264,4.018803596496582,82290,0.0,0.0
2001-06-20,3.9953021313278936,4.030554762584179,3.9424230443619597,4.024679183959961,49010,0.0,0.0
2001-06-21,3.971800091535006,4.036429770775678,3.9600489351316233,4.018803596496582,153140,0.0,0.0
2001-06-22,3.9953025525672405,4.077558700837808,3.960049637431102,3.9659252166748047,43030,0.0,0.0
2001-06-25,3.9482983428231697,4.024679183959961,3.9012948344814546,4.024679183959961,197600,0.0,0.0
2001-06-26,3.971800795918507,3.9776760949991714,3.83666555510677,3.9659252166748047,230880,0.0,0.0
2001-06-27,3.9365478561025333,3.948298734353229,3.8307899518462722,3.925384759902954,198120,0.0,0.0
2001-06-28,3.8719180435791527,3.9306724329779126,3.8249145320601445,3.921271562576294,72670,0.0,0.0
2001-06-29,3.9306733454670235,4.036431270936045,3.9306733454670235,4.005878925323486,219960,0.0,0.0
2001-07-02,4.048181195041684,4.189192009178847,3.95417417239226,4.133962631225586,262990,0.0,0.0
2001-07-03,4.089308661946332,4.142187742626932,4.054056034880257,4.090483665466309,202800,0.0,0.0
2001-07-04,4.0716827046818285,4.130437370450627,4.030554774839281,4.055819034576416,119470,0.0,0.0
2001-07-05,4.024679552404391,4.089309522372386,3.954174283437323,4.007053375244141,137020,0.0,0.0
2001-07-06,4.0129280649522405,4.036429817706278,3.9130454756660864,3.9306719303131104,113230,0.0,0.0
2001-07-09,3.93654780914059,4.001177778829917,3.813163448898709,3.9200966358184814,210990,0.0,0.0
2001-07-10,3.9659251792699584,4.007053393098858,3.860167275348119,3.9165713787078857,158600,0.0,0.0
2001-07-11,3.9130458694790304,3.930672325899999,3.830789726561558,3.9289095401763916,147680,0.0,0.0
2001-07-12,3.9365475191417274,3.9600492736314146,3.860166957131751,3.8895440101623535,134550,0.0,0.0
2001-07-13,3.8719187168764804,3.877794016756513,3.8425413769870898,3.871331214904785,44330,0.0,0.0
2001-07-16,3.866041886280722,3.866041886280722,3.7837857534262134,3.8131628036499023,86320,0.0,0.0
2001-07-17,3.8014127537685853,3.8190392118643155,3.642775751559205,3.6551144123077393,151840,0.0,0.0
2001-07-18,3.6721530144993397,3.7250321075603035,3.531142473220825,3.531142473220825,347490,0.0,0.0
2001-07-19,3.5840218453272175,3.6956553480055363,3.5663956649987423,3.5834343433380127,483340,0.0,0.0
2001-07-20,3.595772216566535,3.613398674562813,3.5487687021271888,3.5898969173431396,436800,0.0,0.0
2001-07-23,3.6192743285774176,3.6721534275868515,3.6016481490163215,3.613399028778076,231700,0.0,0.0
2001-07-24,3.5957722781351498,3.6839040092994826,3.5957722781351498,3.629849910736084,98500,0.0,0.0
2001-07-25,3.6075226873856696,3.683903529797117,3.6075226873856696,3.6327872276306152,234200,0.0,0.0
2001-07-26,3.6721528303947597,3.7015301651031285,3.6310246178356484,3.6680400371551514,76000,0.0,0.0
2001-07-27,3.6486517514379915,3.6897799716254838,3.6133991113471753,3.6715660095214844,70100,0.0,0.0
2001-07-30,3.6721535114985357,3.6780290915952114,3.6369008714077196,3.6715660095214844,130400,0.0,0.0
2001-07-31,3.642775467116933,3.6604019238363192,3.63102458935835,3.6498260498046875,88200,0.0,0.0
2001-08-01,3.6662771062829846,3.701530018602989,3.595771841969008,3.6762654781341553,397100,0.0,0.0
2001-08-02,3.6662778247437795,3.8719186395357297,3.6427760653669403,3.8166892528533936,731200,0.0,0.0
2001-08-03,3.8249144524868046,3.8719179630279537,3.8131632946884952,3.871917963027954,188600,0.0,0.0
2001-08-06,3.836665447955467,3.8484163259516526,3.7602846008987463,3.8208014965057373,81800,0.0,0.0
2001-08-07,3.8307896239381365,3.8895440101623535,3.766159659009991,3.8895440101623535,205500,0.0,0.0
2001-08-08,3.895420169901633,3.9365481063116636,3.883669290904045,3.9318478107452393,98700,0.0,0.0
2001-08-09,3.8484160419470275,4.007053023269987,3.8484160419470275,3.914808511734009,131700,0.0,0.0
2001-08-10,3.90129521846126,3.9894269453577285,3.8484164064538082,3.8725056648254395,152000,0.0,0.0
2001-08-13,3.9189221213743988,3.9365483006594597,3.8484168439080184,3.9012956619262695,101100,0.0,0.0
2001-08-14,3.8484162417770817,3.9365476847393004,3.8425406628259875,3.8683927059173584,803000,0.0,0.0
2001-08-16,3.877792876486613,3.8954193312697813,3.7661594099611975,3.833139657974243,131200,0.0,0.0
2001-08-17,3.8484163696731124,3.8542916686564386,3.7485337654892645,3.7732105255126953,92500,0.0,0.0
2001-08-20,3.819039346516666,3.8249149261434203,3.730907613256747,3.740895986557007,108400,0.0,0.0
2001-08-21,3.7367838535847664,3.76028561592102,3.73090827291915,3.7602856159210205,77100,0.0,0.0
2001-08-22,3.7367831998365113,3.8777937491843137,3.7309076201988245,3.772035837173462,65300,0.0,0.0
2001-08-23,3.830789528077835,3.942422999191878,3.801412195619348,3.8560540676116943,173300,0.0,0.0
2001-08-24,3.913045573492991,3.9541737819222655,3.901294696822198,3.941835403442383,144400,0.0,0.0
2001-08-27,3.9659258835445046,4.065808506178386,3.924797662411999,4.044656753540039,681100,0.0,0.0
2001-08-28,4.05405694514845,4.206818363401369,4.05405694514845,4.0687456130981445,740000,0.0,0.0
2001-08-29,4.048181813093824,4.14806442998983,4.0188047541122796,4.131613254547119,157200,0.0,0.0
2001-08-30,4.142188729440308,4.183316664067345,4.06580787918575,4.130437850952148,360100,0.0,0.0
2001-08-31,4.065807305126894,4.142188144597099,4.04230555146883,4.138075351715088,243500,0.0,0.0
2001-09-03,4.095184119020685,4.124561449466743,4.007052688008482,4.11339807510376,144500,0.0,0.0
2001-09-04,4.0893086168101185,4.118685945789079,4.018803363456179,4.065806865692139,117600,0.0,0.0
2001-09-05,4.018804990907101,4.054057631859942,3.9071714878082275,3.9071714878082275,111800,0.0,0.0
2001-09-06,3.9071700052760736,3.942422632852698,3.795536544535274,3.8548784255981445,210900,0.0,0.0
2001-09-07,3.7015306894181395,3.74265862763992,3.595772493617979,3.7238571643829346,429000,0.0,0.0
2001-09-10,3.7250329724166393,3.783787378257274,3.554645055397245,3.7602856159210205,316000,0.0,0.0
2001-09-11,3.689779460724114,3.7720356095465095,3.3725051835116515,3.4471235275268555,119800,0.0,0.0
2001-09-12,3.219743549109353,3.554643981465233,3.108110071657393,3.525266647338867,222800,0.0,0.0
2001-09-13,3.448886459866345,3.5370181988743985,3.3725056007151606,3.4947149753570557,264200,0.0,0.0
2001-09-14,3.4900141147389117,3.554644083575659,3.2608718545252087,3.3895440101623535,218100,0.0,0.0
2001-09-17,3.1139856107208534,3.31375052767093,3.0904838557855507,3.303762435913086,298200,0.0,0.0
2001-09-18,3.2314941655030465,3.2784976721751926,2.9788501770587605,2.9847254753112793,472600,0.0,0.0
2001-09-19,2.9964769206621806,3.049356015785442,2.702704668045044,2.702704668045044,511100,0.0,0.0
2001-09-20,2.6909538154731663,2.737957331525667,2.4559359550476074,2.4559359550476074,189200,0.0,0.0
2001-09-21,2.4559356634540563,2.4559356634540563,2.197416215777821,2.350177764892578,281800,0.0,0.0
2001-09-24,2.4383095721100814,2.755583559017963,2.408932236959598,2.752058267593384,375300,0.0,0.0
2001-09-25,2.7555838738109695,2.937722644127294,2.585195982864631,2.857228994369507,350500,0.0,0.0
2001-09-26,2.8789679487234454,2.93184676032323,2.7203309535980225,2.7203309535980225,530700,0.0,0.0
2001-09-27,2.7732092946591504,2.8437148317677035,2.702704037713584,2.8202130794525146,259800,0.0,0.0
2001-09-28,2.837839466805305,2.9200956060881085,2.779085081603302,2.898944139480591,268100,0.0,0.0
2001-10-01,2.84959055235073,2.9083449418518015,2.761458828017609,2.808462619781494,224300,0.0,0.0
2001-10-02,2.761458377771275,2.925970921714096,2.732081327892081,2.8866055011749268,181500,0.0,0.0
2001-10-03,2.8319645439264725,2.9083451147367514,2.802587207348103,2.890718936920166,113000,0.0,0.0
2001-10-04,2.9142206328578752,3.05523117307856,2.9142206328578752,3.004114866256714,412200,0.0,0.0
2001-10-05,2.9142206328578752,3.0846085090393887,2.9142206328578752,3.004114866256714,339400,0.0,0.0
2001-10-08,2.943598384304468,3.0082280842798417,2.831964884124624,2.995302200317383,178000,0.0,0.0
2001-10-09,3.0258536653111556,3.07285717169717,2.9142201975628725,2.9506478309631348,170900,0.0,0.0
2001-10-10,2.896594046707932,2.9788504716827817,2.896594046707932,2.971212387084961,79900,0.0,0.0
2001-10-11,2.9964766088167267,3.143362719838753,2.990601310060618,3.1186859607696533,190600,0.0,0.0
2001-10-12,3.1433630414744416,3.178615678107291,3.096359525963976,3.1457133293151855,150800,0.0,0.0
2001-10-15,3.0669817314386623,3.102234642978782,2.9083447501601625,2.935959577560425,631900,0.0,0.0
2001-10-16,2.943597872168733,2.9964766829337495,2.908344958108015,2.9676871299743652,330900,0.0,0.0
2001-10-17,3.025853806669601,3.172739911069455,3.014102929524133,3.1298491954803467,612500,0.0,0.0
2001-10-18,3.055231294474974,3.0904842110939224,2.99060160105402,3.0305545330047607,321000,0.0,0.0
2001-10-19,3.0434800233254045,3.0434800233254045,2.9494730048946627,2.985900640487671,115900,0.0,0.0
2001-10-22,3.008227806287922,3.019978685212365,2.9377225327412644,2.9430103302001953,177800,0.0,0.0
2001-10-23,2.9788504977974894,3.084608399196981,2.9670996198642126,3.0616941452026367,199800,0.0,0.0
2001-10-24,3.01410320334141,3.1139858082332634,2.9788505687024682,3.0575814247131348,181100,0.0,0.0
2001-10-25,3.043480431159532,3.0669821889165125,2.943598100773889,2.9618117809295654,181100,0.0,0.0
2001-10-26,3.008227534149444,3.043480167733653,2.97885047957745,3.0246787071228027,147500,0.0,0.0
2001-10-29,3.0258539371442574,3.0434801135409937,2.8907187040628473,2.9435977935791016,348300,0.0,0.0
2001-10-30,2.9083449684680507,2.9377223035689526,2.773209731297358,2.8490030765533447,171700,0.0,0.0
2001-10-31,2.8319645123184283,2.867217147721184,2.773209839817461,2.8443028926849365,320400,0.0,0.0
2001-11-01,2.820212915088993,2.8554655415072343,2.8025864617983873,2.8384265899658203,64500,0.0,0.0
2001-11-02,2.873091419358083,2.87896699657209,2.7320809281772176,2.769683837890625,398300,0.0,0.0
2001-11-05,2.8025874872568735,2.8143383670292326,2.679203109565565,2.787311315536499,446000,0.0,0.0
2001-11-06,2.7967119793934034,2.8613416732517756,2.655701152452391,2.702704668045044,658400,0.0,0.0
2001-11-07,2.714455390052436,2.761458902928369,2.6968292128054796,2.729731559753418,195200,0.0,0.0
2001-11-08,2.737957330185348,2.867217279429503,2.737957330185348,2.8519411087036133,613300,0.0,0.0
2001-11-09,2.8143377938827467,2.9024695143087462,2.796711617895357,2.829026460647583,556300,0.0,0.0
2001-11-12,2.8495906132634268,2.8554661924206446,2.5851957147754003,2.7203309535980225,263300,0.0,0.0
2001-11-13,2.784960441357193,2.896593915780285,2.7614586867589646,2.88895583152771,288200,0.0,0.0
2001-11-14,2.896593971694457,3.01410302711694,2.884843094168511,2.9723873138427734,459700,0.0,0.0
2001-11-15,3.0317290431068975,3.0846081292606704,3.0258537447359255,3.0681569576263428,402500,0.0,0.0
2001-11-16,3.0611067069404037,3.1433628541826293,3.055231127770156,3.101647138595581,352200,0.0,0.0
2001-11-19,3.108110063396805,3.2491208746003593,3.0728574306366716,3.225618839263916,308400,0.0,0.0
2001-11-20,3.237369809170882,3.3783803320295243,3.1551133906736695,3.20916748046875,1299100,0.0,0.0
2001-11-21,3.1786153289170715,3.337252316419182,3.1727400302052264,3.225618839263916,933600,0.0,0.0
2001-11-22,3.2432451990700173,3.3372522169621006,3.237369900533268,3.3360772132873535,335100,0.0,0.0
2001-11-23,3.319626676156166,3.3490037347850836,3.2726231582194454,3.3372528553009033,346100,0.0,0.0
2001-11-26,3.354878931824451,3.5840211957028734,3.3490033526712186,3.3983571529388428,773300,0.0,0.0
2001-11-27,3.478262854519916,3.478262854519916,3.2608714961531713,3.287898540496826,120600,0.0,0.0
2001-11-28,3.307875220344376,3.337252273854961,3.196241744612914,3.297886848449707,228400,0.0,0.0
2001-11-29,3.284373728318121,3.313750784179742,3.2314946355389473,3.2632219791412354,238400,0.0,0.0
2001-11-30,3.272623394384292,3.302000455133169,3.1433634305673572,3.168627977371216,213700,0.0,0.0
2001-12-03,3.1727403426154335,3.1727403426154335,3.0199786387831824,3.043480396270752,325700,0.0,0.0
2001-12-04,3.1139860070805714,3.202117459224148,3.096359548554024,3.16098952293396,163400,0.0,0.0
2001-12-05,3.254996677087693,3.378381050925856,3.225619338492677,3.321976661682129,330800,0.0,0.0
2001-12-06,3.337252383260443,3.4312596860000086,3.319626206608855,3.3901314735412598,364300,0.0,0.0
2001-12-07,3.4136328709785997,3.495889007101591,3.3842558195876014,3.4606363773345947,915600,0.0,0.0
2001-12-10,3.437134751277809,3.4488856283014098,3.39600682177671,3.4183332920074463,517300,0.0,0.0
2001-12-11,3.425384555882742,3.4430110150071935,3.3255019412246614,3.340778112411499,177700,0.0,0.0
2001-12-12,3.372505558756935,3.3960075983413525,3.296124980719096,3.354879379272461,214800,0.0,0.0
2001-12-13,3.3490027713311026,3.3548783494644168,3.172739629776457,3.2432448863983154,227600,0.0,0.0
2001-12-14,3.172740081335944,3.2843735602902537,3.172740081335944,3.2837860584259033,222700,0.0,0.0
2001-12-17,3.2902489955889385,3.3431280878564564,3.2432454825347166,3.3196263313293457,340800,0.0,0.0
2001-12-18,3.3372522826062325,3.3372522826062325,3.254996140332672,3.303762435913086,306400,0.0,0.0
2001-12-19,3.2843735132267913,3.3137505671645298,3.231494423910632,3.2784979343414307,303800,0.0,0.0
2001-12-20,3.3020000113369337,3.3137508900897568,3.2314947388199924,3.2802610397338867,278900,0.0,0.0
2001-12-21,3.2138675682746602,3.34900278406174,3.2138675682746602,3.29612398147583,125200,0.0,0.0
2001-12-27,3.3020000379996683,3.349003553390503,3.29024915915196,3.349003553390503,78800,0.0,0.0
2001-12-28,3.3607541188080985,3.378380575517311,3.3431279422619107,3.377793073654175,104700,0.0,0.0
2002-01-02,3.2491214331201106,3.3783811087935027,3.2491214331201106,3.3337275981903076,38900,0.0,0.0
2002-01-03,3.349003553390503,3.4077582277920966,3.343128254048174,3.349003553390503,164800,0.0,0.0
2002-01-04,3.3783810138702393,3.401882772423248,3.3666301345937346,3.3783810138702393,51300,0.0,0.0
2002-01-07,3.431259935524778,3.4606369921347633,3.354879084045332,3.421271562576294,215700,0.0,0.0
2002-01-08,3.419508223132972,3.4665117263793945,3.372504439723571,3.4665117263793945,118300,0.0,0.0
2002-01-09,3.4312604318475874,3.6075236374926494,3.4077586710949124,3.548769235610962,364000,0.0,0.0
2002-01-10,3.495890326548923,3.5840220743113127,3.4077588589496366,3.4277353286743164,157900,0.0,0.0
2002-01-11,3.49001370888859,3.49001370888859,3.4195084493545975,3.4606363773345947,42600,0.0,0.0
2002-01-14,3.4547615687845483,3.472387746084806,3.3490033843308553,3.419508934020996,164803,0.0,0.0
2002-01-15,3.4488859697268133,3.507640360661258,3.3783807006054793,3.4823760986328125,96462,0.0,0.0
2002-01-16,3.478263427968936,3.4841387271881104,3.41950903496197,3.4841387271881104,91602,0.0,0.0
2002-01-17,3.4488865766659553,3.4900147976393776,3.42538481615631,3.437135696411133,225870,0.0,0.0
2002-01-18,3.4195090498556184,3.4841387423632524,3.4195090498556184,3.4682750701904297,133604,0.0,0.0
2002-01-21,3.4547615687845483,3.472387746084806,3.419508934020996,3.419508934020996,114021,0.0,0.0
2002-01-22,3.443011231806539,3.501765632315917,3.4312603517046636,3.462400197982788,70216,0.0,0.0
2002-01-23,3.4430112360821226,3.5017656366644627,3.4371356559423476,3.493540048599243,108474,0.0,0.0
2002-01-24,3.519390771749215,3.589896311675981,3.495889018494626,3.560518980026245,274982,0.0,0.0
2002-01-25,3.5663955099129425,3.5957725692372917,3.5487690501878744,3.557582139968872,172178,0.0,0.0
2002-01-28,3.607523142273818,3.713281331306102,3.607523142273818,3.6985926628112793,399065,0.0,0.0
2002-01-29,3.7309074275524305,3.7779109415746595,3.595772184657002,3.6968297958374023,523492,0.0,0.0
2002-01-30,3.6721538670785145,3.7661609164235306,3.6133994612378797,3.7602856159210205,293537,0.0,0.0
2002-01-31,3.8484162020768053,3.8719179573126894,3.7720353574786714,3.8190388679504395,421238,0.0,0.0
2002-02-01,3.8484153083246864,3.8719170581025475,3.713280107020506,3.8119874000549316,220069,0.0,0.0
2002-02-04,3.836665307370106,3.842540606071397,3.6780283201529573,3.7350199222564697,265673,0.0,0.0
2002-02-05,3.6897791431779994,3.7426579513600724,3.5957718438797275,3.6292619705200195,102941,0.0,0.0
2002-02-06,3.654526202761633,3.7015299921311486,3.5193909737114355,3.56404447555542,169439,0.0,0.0
2002-02-07,3.589897070688154,3.6427758866096522,3.57227061193895,3.612811326980591,287283,0.0,0.0
2002-02-08,3.613398923062605,3.6662777403619162,3.613398923062605,3.6492390632629395,279237,0.0,0.0
2002-02-11,3.6604022898533835,3.789661958122942,3.6604022898533835,3.7074058055877686,1130553,0.0,0.0
2002-02-12,3.766159907147723,3.7779107851667866,3.6956546390333425,3.7015302181243896,366127,0.0,0.0
2002-02-13,3.719156684521365,3.754409321322153,3.701530506202497,3.7074058055877686,172101,0.0,0.0
2002-02-14,3.7074056253151584,3.760284718026622,3.678028569491154,3.719156503677368,306317,0.0,0.0
2002-02-15,3.7132810734404402,3.748533707282096,3.701530195493222,3.7115182876586914,129803,0.0,0.0
2002-02-18,3.713281021654255,3.7779107093811035,3.701530143870917,3.7779107093811035,180346,0.0,0.0
2002-02-19,3.742658509344728,3.772035847285806,3.548768863390178,3.6721532344818115,388427,0.0,0.0
2002-02-20,3.648650872599667,3.6721526269994222,3.5722700307189563,3.617511034011841,162383,0.0,0.0
2002-02-21,3.642775858301458,3.6897796545463812,3.636900558872752,3.6727406978607178,125446,0.0,0.0
2002-02-22,3.6133991113471753,3.7250326117163004,3.6075235312504996,3.6715660095214844,63976,0.0,0.0
2002-02-25,3.701529140630619,3.7309061870452735,3.63689919025766,3.678027391433716,68852,0.0,0.0
2002-02-26,3.660402173979443,3.672153052541052,3.6075230803706777,3.6310248374938965,212766,0.0,0.0
2002-02-27,3.63102477025393,3.766160011291504,3.625149471163447,3.766160011291504,230817,0.0,0.0
2002-02-28,3.7896612540242303,3.8072877092312503,3.7015298184781327,3.7696847915649414,183074,0.0,0.0
2002-03-01,3.7544089506452494,3.960049451761598,3.7485336518400523,3.9494738578796387,605605,0.0,0.0
2002-03-04,3.9953023728848276,4.083433816272486,3.8895441925587955,4.077558517456055,640273,0.0,0.0
2002-03-05,4.059932478731019,4.101060695333109,3.9600498670995554,4.0129289627075195,486993,0.0,0.0
2002-03-06,4.007052654058719,4.04818058013916,3.918920943630227,4.04818058013916,408603,0.0,0.0
2002-03-07,4.054056456691755,4.083433508888583,3.9659247397752586,4.059931755065918,631685,0.0,0.0
2002-03-08,4.036429536713177,4.077557741251129,3.9600487054982563,4.065806865692139,688608,0.0,0.0
2002-03-11,4.042306001341073,4.089309513888265,3.9776760315071655,4.001177787780762,378531,0.0,0.0
2002-03-12,4.024680381569875,4.024680381569875,3.8484171728384244,3.8842573165893555,295885,0.0,0.0
2002-03-13,3.8895441279771528,3.918921462060611,3.79553710717092,3.913045883178711,531885,0.0,0.0
2002-03-14,3.913045531164846,3.913045531164846,3.8072876422717137,3.8237388134002686,481921,0.0,0.0
2002-03-15,3.8425403877944557,3.8542912646925456,3.813163055467729,3.82197642326355,158847,0.0,0.0
2002-03-18,3.8307892964872896,4.030554472736975,3.824913998448587,4.018803596496582,456506,0.0,0.0
2002-03-19,3.9953026003740457,4.1304378428027775,3.971800843444096,4.1245622634887695,254461,0.0,0.0
2002-03-20,4.06580800011452,4.118687094965534,3.9894271475881773,4.0540571212768555,186071,0.0,0.0
2002-03-21,4.042305851168375,4.083433783037738,3.9012950386023495,3.9341976642608643,287095,0.0,0.0
2002-03-22,3.9600493713308262,4.054056671771866,3.9600493713308262,4.022329330444336,387675,0.0,0.0
2002-03-25,4.030555509240598,4.095185205101538,4.012929050265666,4.045831680297852,432478,0.0,0.0
2002-03-26,4.042305762680797,4.189191870800044,4.00705313035174,4.148063659667969,320633,0.0,0.0
2002-03-27,4.148063764521739,4.159814642261794,4.059932041389814,4.115161418914795,226950,0.0,0.0
2002-03-28,4.142188506325217,4.230319950157774,4.095184714741353,4.139838218688965,399746,0.0,0.0
2002-04-02,4.142187937766195,4.259696700188972,4.124561483321284,4.178615570068359,515646,0.0,0.0
2002-04-03,4.224445275350357,4.324327891955897,4.195067936291174,4.259697914123535,826501,0.0,0.0
2002-04-04,4.306701100298943,4.312576679722806,4.130437920028761,4.148651599884033,396492,0.0,0.0
2002-04-05,4.195067281902328,4.224444616378938,4.036430292087287,4.1433634757995605,929107,0.0,0.0
2002-04-08,4.124562597566238,4.195067874066808,4.077559079899191,4.135725975036621,752437,0.0,0.0
2002-04-09,4.148064872221912,4.242071919246015,4.112812229587874,4.163341045379639,740976,0.0,0.0
2002-04-10,4.142188316330873,4.224444457544404,4.112810982958818,4.21739387512207,507949,0.0,0.0
2002-04-11,4.224444741044232,4.247946497253858,4.183316527595871,4.195067405700684,324751,0.0,0.0
2002-04-12,4.183316465089704,4.247946433782006,4.183316465089704,4.230319976806641,170359,0.0,0.0
2002-04-15,4.2126940401492625,4.271448433144871,4.13631318917345,4.1803789138793945,197781,0.0,0.0
2002-04-16,4.206818387044433,4.277323937566611,4.189192209536169,4.26204776763916,395032,0.0,0.0
2002-04-17,4.271448964355355,4.2773245444671435,4.189192803931876,4.210931777954102,192715,0.0,0.0
2002-04-18,4.212693862939419,4.212693862939419,4.171565649491058,4.195067405700684,158134,0.0,0.0
2002-04-19,4.177441794822605,4.271448832402534,4.177441794822605,4.259110450744629,429960,0.0,0.0
2002-04-22,4.236196053975545,4.312576909578499,4.218569594927533,4.298475742340088,327107,0.0,0.0
2002-04-23,4.271449159219665,4.306701801009388,4.224445636833367,4.264398574829102,129697,0.0,0.0
2002-04-24,4.265572711670071,4.453586750644168,4.259697132870622,4.413633823394775,880380,0.0,0.0
2002-04-25,4.430085543789755,4.4359611233160345,4.2890749971156765,4.406583786010742,148048,0.0,0.0
2002-04-26,4.394833297234073,4.4065841771666605,4.341954197455888,4.373681545257568,221656,0.0,0.0
2002-04-29,4.3478302148457635,4.3654563964361,4.289075809272802,4.346067428588867,188720,0.0,0.0
2002-04-30,4.318450907162794,4.336077360896526,4.259696528321983,4.2843732833862305,323204,0.0,0.0
2002-05-02,4.2890742142538505,4.324326844487896,4.15393899160851,4.16686487197876,390335,0.0,0.0
2002-05-03,4.171566233519409,4.1950679930193315,4.089310075269677,4.162165641784668,250705,0.0,0.0
2002-05-06,4.130438117911116,4.14218899715876,4.0364308037669065,4.068158149719238,447981,0.0,0.0
2002-05-07,4.02467909449059,4.054056426632603,3.9247965014033506,3.9723877906799316,564279,0.0,0.0
2002-05-08,4.012928802911225,4.077558774951475,3.9424235316835214,4.064632892608643,169528,0.0,0.0
2002-05-09,4.095184625402102,4.112811081881897,4.065807571486473,4.084609031677246,123295,0.0,0.0
2002-05-10,4.1069352846145115,4.112810863183016,3.9424230069784745,3.9782631397247314,293474,0.0,0.0
2002-05-13,3.9659252729054053,4.024679665360284,3.913046179614493,3.9247970581054688,107869,0.0,0.0
2002-05-14,3.977675202822274,4.101059537635024,3.9541734514448907,4.090483665466309,194524,0.0,0.0
2002-05-15,4.1186867105239,4.136312887053629,4.030554987386181,4.040543079376221,205765,0.0,0.0
2002-05-16,4.054056723605177,4.089309356660158,4.030554968235189,4.078145980834961,69459,0.0,0.0
2002-05-17,4.095185128897777,4.200943320453282,4.04230631328308,4.180966854095459,460639,0.0,0.0
2002-05-20,4.189429551928006,4.274064702018193,4.110840181508398,4.250487804412842,408964,0.2,0.0
2002-05-21,4.225702573173947,4.231748065921014,4.141067692569715,4.146508693695068,198361,0.0,0.0
2002-05-22,4.141067003577408,4.195475276188711,4.128976308359887,4.165248394012451,142629,0.0,0.0
2002-05-23,4.171294474221849,4.207566564991523,4.1471130803754,4.18459415435791,108657,0.0,0.0
2002-05-24,4.213611263577571,4.225701959049597,4.141067090745413,4.150135040283203,53494,0.0,0.0
2002-05-27,4.153157117324962,4.207565382318742,4.147111914695027,4.204542636871338,51915,0.0,0.0
2002-05-28,4.1773393532342835,4.207566237320857,4.128976569307711,4.173107624053955,97493,0.0,0.0
2002-05-29,4.171293861391344,4.195475251685156,4.062477316804279,4.189429759979248,95946,0.0,0.0
2002-05-30,4.189429165955697,4.189429165955697,4.0866584159114225,4.164643287658691,98913,0.0,0.0
2002-05-31,4.141066286110009,4.153156979232737,4.044340741128184,4.133207321166992,192407,0.0,0.0
2002-06-03,4.110840366725784,4.110840366725784,3.9717972290442223,4.003837585449219,140261,0.0,0.0
2002-06-04,3.959707189583085,4.020160675048828,3.8569361201588435,4.020160675048828,273168,0.0,0.0
2002-06-05,3.989933073638335,4.020159955090444,3.899252717546915,3.9294795989990234,686188,0.0,0.0
2002-06-06,3.941570934286955,3.941570934286955,3.6937115038652983,3.7166836261749268,458832,0.0,0.0
2002-06-07,3.687665164311062,3.8327537819582074,3.633257184925158,3.8188493251800537,612640,0.0,0.0
2002-06-10,3.850889864837013,3.959706405389925,3.802527086042341,3.9433836936950684,137844,0.0,0.0
2002-06-11,3.977842682408432,4.050386857514165,3.8569357238988764,3.970588207244873,321710,0.0,0.0
2002-06-12,3.941569544789265,3.941569544789265,3.838798513302721,3.850889205932617,160339,0.0,0.0
2002-06-13,3.869026957816312,3.9113442550472692,3.7178930945286823,3.742074489593506,116035,0.0,0.0
2002-06-14,3.82066372680282,3.82066372680282,3.560713327455382,3.588521957397461,493567,0.0,0.0
2002-06-17,3.609075984416915,3.7058018383601046,3.609075984416915,3.69854736328125,75568,0.0,0.0
2002-06-18,3.748119001184809,3.760209696481602,3.6272120482168786,3.659252405166626,167472,0.0,0.0
2002-06-19,3.6332581881877632,3.6513940902360242,3.5486230177459928,3.577036142349243,349416,0.0,0.0
2002-06-20,3.560712867176353,3.5728035617506486,3.4156245322848062,3.436178684234619,530428,0.0,0.0
2002-06-21,3.4398060115756635,3.5486222655959216,3.3914432320111048,3.474264621734619,108316,0.0,0.0
2002-06-24,3.4942143837287434,3.566758555172684,3.445851314501204,3.4791009426116943,53996,0.0,0.0
2002-06-25,3.5183958755022076,3.5365317747528557,3.5002596879866377,3.515977621078491,182581,0.0,0.0
2002-06-26,3.4458517013294516,3.4821240793882398,3.337035431947924,3.462174415588379,189642,0.0,0.0
2002-06-27,3.4760775543125884,3.554667202984961,3.4639868613064437,3.525649309158325,69012,0.0,0.0
2002-06-28,3.57885021655273,3.615122312066644,3.566759518048092,3.5897319316864014,103340,0.0,0.0
2002-07-01,3.603029761726244,3.68161940574646,3.524440117706028,3.68161940574646,104581,0.0,0.0
2002-07-02,3.5425763320420818,3.6816194387613144,3.5365308417102326,3.5679666996002197,84024,0.0,0.0
2002-07-03,3.5728032203467364,3.5909394046076013,3.457941488734244,3.495422840118408,97860,0.0,0.0
2002-07-04,3.494213862135213,3.5123497581565326,3.439805597541513,3.451291799545288,172326,0.0,0.0
2002-07-05,3.4760778978795597,3.6876651905322944,3.445851018244217,3.6102848052978516,237076,0.0,0.0
2002-07-08,3.5667582118154884,3.6272116821991642,3.536531332491208,3.614516496658325,54542,0.0,0.0
2002-07-09,3.609075783250096,3.6272119699363374,3.5546677997211886,3.571594715118408,81199,0.0,0.0
2002-07-10,3.5123503962111657,3.566758670688689,3.476078309314458,3.5038869380950928,73884,0.0,0.0
2002-07-11,3.4458510347854494,3.4639872203066924,3.355170971973903,3.4192516803741455,72465,0.0,0.0
2002-07-12,3.5002597828045006,3.5425773626438817,3.2100827925492865,3.2765817642211914,324707,0.0,0.0
2002-07-15,3.324945147410275,3.324945147410275,3.08313089721835,3.0921988487243652,384372,0.0,0.0
2002-07-16,3.1496298601410655,3.17381125617453,2.962223896749224,3.1308891773223877,532218,0.0,0.0
2002-07-17,3.125448029716861,3.276581878053151,3.1012666370442497,3.2638866901397705,300713,0.0,0.0
2002-07-18,3.2523994315290676,3.3733063557155276,3.204036661854484,3.347311496734619,191476,0.0,0.0
2002-07-19,3.373306665808036,3.379352156705516,3.1496286913689793,3.236077308654785,120582,0.0,0.0
2002-07-22,3.204037809998069,3.25844580124626,3.1435840379768254,3.1460022926330566,75375,0.0,0.0
2002-07-23,3.228218960771811,3.2342641645604293,3.0649944227701424,3.0764806270599365,109252,0.0,0.0
2002-07-24,3.11335746780966,3.204037838379835,2.94408742352767,3.0057501792907715,220059,0.0,0.0
2002-07-25,3.20403684144754,3.2523996138329596,3.010585463640999,3.0964295864105225,284196,0.0,0.0
2002-07-26,3.0468582832834152,3.155674547591776,3.028722383364488,3.1030800342559814,156400,0.0,0.0
2002-07-29,3.0891755361397344,3.3430804142149046,3.0891755361397344,3.253004550933838,255433,0.0,0.0
2002-07-30,3.3249446417216553,3.3430808302403454,3.1435839095944993,3.1973876953125,145947,0.0,0.0
2002-07-31,3.252400538247692,3.2644912347805293,3.191947055583504,3.226405382156372,203616,0.0,0.0
2002-08-01,3.2221737742361753,3.294717956167601,3.167765493655129,3.2602596282958984,104170,0.0,0.0
2002-08-02,3.179855821431144,3.1919465159198026,3.13753824658839,3.1586968898773193,82443,0.0,0.0
2002-08-05,3.137538169660412,3.1496288638526244,3.0166309394734014,3.0269081592559814,173149,0.0,0.0
2002-08-06,2.9864039034049177,3.095220134930457,2.9864039034049177,3.078897714614868,250061,0.0,0.0
2002-08-07,3.113357129811895,3.1254478253576434,3.0226767690863214,3.026304006576538,101288,0.0,0.0
2002-08-08,3.0589484420476656,3.077084627046107,3.0226763603156632,3.0619711875915527,197934,0.0,0.0
2002-08-09,3.0952208186360735,3.161719785611998,3.071039428511175,3.136329412460327,119831,0.0,0.0
2002-08-12,3.14358436434142,3.1617205554836687,3.0166318911406145,3.0214684009552,98166,0.0,0.0
2002-08-13,3.034767919755869,3.0529041099268337,2.9864051303199126,3.013004779815674,118507,0.0,0.0
2002-08-14,3.004540970988688,3.0105864636774475,2.8957246969756323,2.9041881561279297,102347,0.0,0.0
2002-08-16,2.9743140123782124,2.998495403676822,2.883633650875965,2.938041925430298,148725,0.0,0.0
2002-08-19,2.962223350559793,3.1738106709715797,2.944087162746245,3.131493091583252,216978,0.0,0.0
2002-08-20,3.1375382405848744,3.2523999821397998,3.0891754627227783,3.0891754627227783,284688,0.0,0.0
2002-08-21,3.1194014798092526,3.312852843867014,3.1194014798092526,3.2100818157196045,290536,0.0,0.0
2002-08-22,3.2282186129134436,3.3188986778259277,3.210082426972009,3.3188986778259277,189289,0.0,0.0
2002-08-23,3.2705367047445946,3.3370356852127285,3.2221739146823034,3.234264612197876,248176,0.0,0.0
2002-08-26,3.2523997788620833,3.3249439411211568,3.216127697732547,3.30680775642395,293050,0.0,0.0
2002-08-27,3.3188994231477182,3.379353197685277,3.3068087258931986,3.373307704925537,203124,0.0,0.0
2002-08-28,3.306808131470716,3.3612164034682572,3.2100825708216725,3.264490842819214,317673,0.0,0.0
2002-08-29,3.2161278172966807,3.2705357968812416,3.1738102436065674,3.1738102436065674,118986,0.0,0.0
2002-08-30,3.312853776487723,3.312853776487723,3.1677651405334473,3.1677651405334473,170509,0.0,0.0
2002-09-02,3.1738103239814466,3.2100824073780183,3.0891754627227783,3.0891754627227783,72050,0.0,0.0
2002-09-03,3.058949428120682,3.0831308237370534,2.9924504460431747,3.016631841659546,140588,0.0,0.0
2002-09-04,3.0226766459647654,3.1194022063908675,2.931996288932841,3.083130121231079,154386,0.0,0.0
2002-09-05,3.101266125244365,3.113356819585351,3.0166309765925687,3.022676467895508,150991,0.0,0.0
2002-09-06,3.046857887960997,3.143583443685189,3.034767193495473,3.0891754627227783,209359,0.0,0.0
2002-09-09,3.143583190374548,3.143583190374548,3.0589483359357756,3.1012659072875977,70710,0.0,0.0
2002-09-10,3.095220808213083,3.2342639450954827,3.08917560483467,3.185901165008545,110596,0.0,0.0
2002-09-11,3.2221739146823034,3.2886728951504374,3.1738111246200122,3.234264612197876,191210,0.0,0.0
2002-09-12,3.222173299526025,3.240309486469425,3.137538433074951,3.137538433074951,96381,0.0,0.0
2002-09-13,3.1194020226233987,3.1194020226233987,3.0166309765925687,3.022676467895508,295733,0.0,0.0
2002-09-16,3.016631430710887,3.0287224151369196,2.9380420497962154,2.9561779499053955,194632,0.0,0.0
2002-09-17,3.0347672810179294,3.046857975832148,2.9017696380615234,2.9017696380615234,202726,0.0,0.0
2002-09-18,2.8715427755500667,2.9561776397994746,2.786907911300659,2.786907911300659,304285,0.0,0.0
2002-09-19,2.8413161110930263,2.925951270068424,2.811089515686035,2.811089515686035,678575,0.0,0.0
2002-09-20,2.8171349398471976,2.9259514989669273,2.6660010861941945,2.7445907592773438,396962,0.0,0.0
2002-09-23,2.7385450899713653,2.823179952930234,2.424186739287811,2.539048194885254,576531,0.0,0.0
2002-09-24,2.5390484857440407,2.557184674016683,2.4544136130898884,2.4906857013702393,431067,0.0,0.0
2002-09-25,2.5088216022466794,2.599501956692203,2.4665040266347953,2.539048194885254,154701,0.0,0.0
2002-09-26,2.641819339028716,2.641819339028716,2.581365863312996,2.6357741355895996,135047,0.0,0.0
2002-09-27,2.629728643885572,2.6780914244581484,2.5874113550170232,2.6357741355895996,100307,0.0,0.0
2002-09-30,2.508821876501162,2.539048472443988,2.484640484440928,2.5027763843536377,106480,0.0,0.0
2002-10-01,2.569275253827907,2.569275253827907,2.4181414153674416,2.460458993911743,215308,0.0,0.0
2002-10-02,2.5330031671891855,2.5874114412797273,2.454413502006163,2.460458993911743,253594,0.0,0.0
2002-10-03,2.4604588935906864,2.5027761821446517,2.4483681985374233,2.4665040969848633,169771,0.0,0.0
2002-10-04,2.4725498887135937,2.484640585234188,2.357688127635474,2.4120962619781494,122799,0.0,0.0
2002-10-07,2.3576882836012385,2.47859525680542,2.3455975862808205,2.47859525680542,206976,0.0,0.0
2002-10-08,2.4785951754026434,2.5088220618434494,2.4181416907859843,2.424187183380127,114200,0.0,0.0
2002-10-09,2.466504197484954,2.466504197484954,2.3335064023474863,2.369778633117676,117587,0.0,0.0
2002-10-10,2.339551689651638,2.448368235017239,2.339551689651638,2.430232048034668,330022,0.0,0.0
2002-10-11,2.520912422973651,2.6357741725778485,2.478594845246342,2.5995020866394043,334791,0.0,0.0
2002-10-14,2.6297287940979004,2.647864981981026,2.526957735378351,2.6297287940979004,167293,0.0,0.0
2002-10-15,2.6297286351743243,2.8050438583016186,2.5995020415490484,2.7385451793670654,196385,0.0,0.0
2002-10-16,2.732499628524301,2.80504379757227,2.6599554594763317,2.7989985942840576,261304,0.0,0.0
2002-10-17,2.8413164615631104,2.9138609336709265,2.8110898624277354,2.8413164615631104,291482,0.0,0.0
2002-10-18,2.87758809470737,2.8896787888756834,2.8050436414326048,2.86549711227417,250227,0.0,0.0
2002-10-21,2.8715427108309064,2.974313759235659,2.8050437462869664,2.950132369995117,209043,0.0,0.0
2002-10-22,2.96222316697431,3.0529035238922306,2.938041776898186,2.9924497604370117,399831,0.0,0.0
2002-10-23,2.99244995292276,3.016631344554323,2.780862632014118,2.811089515686035,166311,0.0,0.0
2002-10-24,2.859452038955431,2.9259510040283203,2.7869078706567705,2.9259510040283203,253817,0.0,0.0
2002-10-25,2.8413160981782086,2.865497489699859,2.7808626193740835,2.8231801986694336,395377,0.0,0.0
2002-10-28,2.8775889003493496,2.9199061976536256,2.8352713147801056,2.8715434074401855,135646,0.0,0.0
2002-10-29,2.8413164615631104,2.925951630978069,2.8110898624277354,2.8413164615631104,172195,0.0,0.0
2002-10-30,2.8957237887220373,2.9319958686828613,2.805043444687543,2.9319958686828613,95992,0.0,0.0
2002-10-31,2.9017697892545677,2.9864046573638916,2.9017697892545677,2.9864046573638916,406072,0.0,0.0
2002-11-01,2.944087477150222,2.9743143639791394,2.9138608785862616,2.968268871307373,30369,0.0,0.0
2002-11-04,3.0045400710927006,3.131492496883295,2.9924493776014476,3.1012659072875977,372357,0.0,0.0
2002-11-05,3.131492893278286,3.185901165008545,3.1073115032348175,3.185901165008545,226453,0.0,0.0
2002-11-06,3.1859012111782814,3.1979919063752327,3.034767377083932,3.046858072280884,260738,0.0,0.0
2002-11-07,3.077085554112273,3.077085554112273,2.8715434074401855,2.8715434074401855,375410,0.0,0.0
2002-11-08,2.901769529127768,2.925950917848425,2.786907788572201,2.817134380340576,547341,0.0,0.0
2002-11-11,2.7869083420755665,2.811089735598851,2.7445907592773438,2.7445907592773438,359029,0.0,0.0
2002-11-12,2.7687716556388593,2.8836333983823144,2.726454368704095,2.85945200920105,184849,0.0,0.0
2002-11-13,2.871542703791682,2.907814787563579,2.8231799254291534,2.85945200920105,346304,0.0,0.0
2002-11-14,2.865497306908103,3.0347673250267446,2.865497306908103,3.00454044342041,176104,0.0,0.0
2002-11-15,3.0468580200162974,3.0710394099954024,2.980359053441305,3.00454044342041,175289,0.0,0.0
2002-11-18,3.0226768053551942,3.1314930665726086,3.0166313133773204,3.123634099960327,243150,0.0,0.0
2002-11-19,3.0770846307375312,3.1677646910438804,3.0710391396425045,3.0885708332061768,226136,0.0,0.0
2002-11-20,3.1073118528955703,3.1073118528955703,3.0347676746018855,3.0825259685516357,107984,0.0,0.0
2002-11-21,3.1194021718216756,3.1798559346829496,3.1073114769024017,3.151442527770996,299639,0.0,0.0
2002-11-22,3.1496290291877527,3.185901113668439,3.1254476395339617,3.1647424697875977,376489,0.0,0.0
2002-11-25,3.167764789986524,3.197991669876008,3.1496288926647464,3.1750192642211914,170313,0.0,0.0
2002-11-26,3.1979917926825694,3.1979917926825694,3.101266234545674,3.1181931495666504,199049,0.0,0.0
2002-11-27,3.107311518499609,3.2705360462273245,3.1012663150914985,3.264490842819214,315562,0.0,0.0
2002-11-28,3.2161280624946924,3.2886722329814746,3.2100825708216725,3.264490842819214,159481,0.0,0.0
2002-11-29,3.228218401952343,3.2947170734405518,3.2221729109453,3.2947170734405518,458777,0.0,0.0
2002-12-02,3.2947169353463424,3.3612158923122024,3.234263469134136,3.29411244392395,457875,0.0,0.0
2002-12-03,3.27053627675216,3.27053627675216,3.034767561919426,3.1272614002227783,527272,0.0,0.0
2002-12-04,3.0710387964755657,3.2221725977845193,3.0710387964755657,3.216127395629883,136096,0.0,0.0
2002-12-05,3.2221732471313453,3.2584453321634257,3.0952208053866097,3.116379737854004,408352,0.0,0.0
2002-12-06,3.143583750438995,3.2040375169306436,3.0529036772313667,3.060762643814087,242666,0.0,0.0
2002-12-09,3.071039564065622,3.107311650854005,3.0347674772772395,3.0408129692077637,53539,0.0,0.0
2002-12-10,3.0831299052583265,3.0831299052583265,3.0287219254623685,3.058948516845703,20146,0.0,0.0
2002-12-11,3.143583597608922,3.149629089270145,3.071039427263695,3.1042890548706055,113616,0.0,0.0
2002-12-12,3.131492772682153,3.1435834672382654,3.0287220130876435,3.0649940967559814,157667,0.0,0.0
2002-12-13,3.052903752805671,3.0831303485348287,3.0045406807621444,3.036581039428711,127264,0.0,0.0
2002-12-16,3.077084690331893,3.1919464289780124,3.022676422482445,3.1738102436065674,160752,0.0,0.0
2002-12-17,3.191946526404133,3.3068079802912216,3.1738103404791267,3.2814176082611084,951342,0.0,0.0
2002-12-18,3.246354730374937,3.3853978711231236,3.1677650664161976,3.223987102508545,537209,0.0,0.0
2002-12-19,3.2040372918527726,3.324944239812729,3.1979918003223236,3.235473155975342,417404,0.0,0.0
2002-12-20,3.210082595745166,3.318898852320203,3.210082595745166,3.2723498344421387,91038,0.0,0.0
2002-12-23,3.2403096275724685,3.2765817147738674,3.1979920483717073,3.22882342338562,51990,0.0,0.0
2002-12-27,3.1859013281270774,3.1859013281270774,3.12544784992318,3.1677651405334473,75000,0.0,0.0
2002-12-30,3.125447304982662,3.179855570012223,3.089175224384579,3.165346622467041,139255,0.0,0.0
2003-01-02,3.131493245640423,3.264491194109615,3.1073118528760135,3.2626774311065674,87670,0.0,0.0
2003-01-03,3.2584457017860426,3.2947177909326566,3.2100829162572238,3.2626774311065674,76905,0.0,0.0
2003-01-06,3.282626792153866,3.3068081826906783,3.2584454016170534,3.291090250015259,42254,0.0,0.0
2003-01-07,3.3068081951271244,3.3128536869165206,3.258445413871614,3.268118143081665,101987,0.0,0.0
2003-01-08,3.288672460137453,3.312853851969977,3.2161282846398818,3.2765817642211914,153392,0.0,0.0
2003-01-09,3.2403097391834237,3.2947177277271176,3.1798562584321335,3.259050130844116,128245,0.0,0.0
2003-01-10,3.2584454891615757,3.373307241429877,3.191946807531181,3.227614402770996,260208,0.0,0.0
2003-01-13,3.258445213993561,3.3128534837009807,3.258445213993561,3.2747676372528076,102995,0.0,0.0
2003-01-14,3.2947174734303917,3.337035050822557,3.2161280986519585,3.2282187938690186,281383,0.0,0.0
2003-01-15,3.264490841679756,3.270536045085757,3.234263959855026,3.23789119720459,55576,0.0,0.0
2003-01-16,3.2282183278611485,3.2403090213328625,3.1435831852942817,3.1453969478607178,170903,0.0,0.0
2003-01-17,3.113356766502302,3.119401969437278,2.9622229456843736,3.012399196624756,535957,0.0,0.0
2003-01-20,2.992449950652041,3.0589489217208428,2.8896791804283444,2.9072105884552,315771,0.0,0.0
2003-01-21,2.9440875485052236,2.9924503379916807,2.8896795544654412,2.907815456390381,304285,0.0,0.0
2003-01-22,2.8957245730229375,2.944087359402995,2.8715431798329085,2.8914928436279297,102261,0.0,0.0
2003-01-23,2.9078150678073906,2.9682685465868213,2.871542980539733,2.887260913848877,87877,0.0,0.0
2003-01-24,2.9017692658212773,2.950132038874154,2.780862044924219,2.791743755340576,112853,0.0,0.0
2003-01-27,2.7808629559408,2.798999145909516,2.696228075371699,2.7119460105895996,256557,0.0,0.0
2003-01-28,2.76877189949768,2.780862595153197,2.7324998125311293,2.756681203842163,132918,0.0,0.0
2003-01-29,2.7325000625157014,2.7808628495622707,2.678091782955837,2.7445907592773438,133114,0.0,0.0
2003-01-30,2.7627265183931984,2.8171345012167404,2.7143634506118546,2.733708620071411,126295,0.0,0.0
2003-01-31,2.7204086680976345,2.798998321026247,2.7204086680976345,2.7379400730133057,152116,0.0,0.0
2003-02-03,2.768772277720256,2.8594526516563046,2.768772277720256,2.8413164615631104,261481,0.0,0.0
2003-02-04,2.829225440726218,2.883633716519103,2.7929533529526043,2.7977895736694336,235942,0.0,0.0
2003-02-05,2.792953566743836,2.8352711498514522,2.7566814761937155,2.789930820465088,89120,0.0,0.0
2003-02-06,2.762726747794321,2.8292254310186458,2.690182284231078,2.7028777599334717,144317,0.0,0.0
2003-02-07,2.6720455888279475,2.732499050240716,2.659954896545394,2.696831464767456,167385,0.0,0.0
2003-02-10,2.6780920576468974,2.7143641516522417,2.641819963641553,2.6563289165496826,51194,0.0,0.0
2003-02-11,2.666000386399004,2.7204086516773094,2.6418189992230623,2.7125496864318848,155138,0.0,0.0
2003-02-12,2.6841373091148486,2.6962280060280484,2.6478652183752507,2.661769390106201,158973,0.0,0.0
2003-02-13,2.6599559370945074,2.8171349982546388,2.6478652400821896,2.6907873153686523,182985,0.0,0.0
2003-02-14,2.7022726786873665,2.732499559155785,2.6660005950842023,2.6992502212524414,145349,0.0,0.0
2003-02-17,2.738545575051131,2.805044263593876,2.708318688793555,2.789930820465088,151783,0.0,0.0
2003-02-18,2.7748174031211463,2.841316085373539,2.756681215429179,2.835270881652832,151858,0.0,0.0
2003-02-19,2.8050436407272965,2.8413157232231154,2.744590169900932,2.746403932571411,165417,0.0,0.0
2003-02-20,2.738544863448779,2.786907638282023,2.720408678753874,2.7258493900299072,79730,0.0,0.0
2003-02-21,2.7385451286349785,2.768771721700301,2.7143634506118546,2.733708620071411,61681,0.0,0.0
2003-02-24,2.750635757224163,2.750635757224163,2.6901819960206366,2.6926002502441406,45277,0.0,0.0
2003-02-25,2.678091588348025,2.744590559837278,2.6599556886559106,2.7028777599334717,499460,0.0,0.0
2003-02-26,2.7385457035148737,2.7506364009320823,2.6599560261705366,2.6756739616394043,579585,0.0,0.0
2003-02-27,2.7022725101875915,2.7204086949907427,2.6297283475047424,2.664186954498291,162469,0.0,0.0
2003-02-28,2.6720463099566776,2.6962277010478304,2.666000818051429,2.684741497039795,110379,0.0,0.0
2003-03-03,2.720409214942499,2.8050440875820843,2.714363722764348,2.7826764583587646,200035,0.0,0.0
2003-03-04,2.774817244615078,2.883633499756194,2.7687717529747844,2.864288330078125,307606,0.0,0.0
2003-03-05,2.8836336260962283,2.8836336260962283,2.7385452795513485,2.7488222122192383,260804,0.0,0.0
2003-03-06,2.732499942006685,2.756681334463519,2.6357743721793483,2.6678147315979004,342786,0.0,0.0
2003-03-07,2.6901826916176828,2.6901826916176828,2.5995026028951544,2.658142328262329,128658,0.0,0.0
2003-03-10,2.659955765599907,2.672046461832705,2.5874115882031212,2.646655797958374,262057,0.0,0.0
2003-03-11,2.6115930257558357,2.635774418638904,2.5330033547533937,2.5408623218536377,323549,0.0,0.0
2003-03-12,2.581365873496245,2.5934565686870856,2.5390482961958463,2.5650434494018555,58629,0.0,0.0
2003-03-13,2.6055471895253284,2.653909968908598,2.557184410142059,2.6001064777374268,251005,0.0,0.0
2003-03-14,2.6357735817971166,2.7627259982590893,2.6357735817971166,2.732499122619629,234982,0.0,0.0
2003-03-17,2.6478649069989695,2.8292253393698394,2.617638024138032,2.7875125408172607,290357,0.0,0.0
2003-03-18,2.811089696275686,2.974314244407051,2.744590720884405,2.8969335556030273,520609,0.0,0.0
2003-03-19,2.8171348556307008,3.0529038678319815,2.8171348556307008,3.0184452533721924,364171,0.0,0.0
2003-03-20,2.950133056978715,3.0891762216226084,2.871543379513696,2.8902840614318848,332434,0.0,0.0
2003-03-21,2.9561776634622,3.0226766300371923,2.90781488350399,3.00454044342041,254232,0.0,0.0
2003-03-24,2.9380418745617876,2.986404656321666,2.8413160227771135,2.858243227005005,218781,0.0,0.0
2003-03-25,2.8594516566929657,2.962222692176359,2.7989981911924,2.9162778854370117,109407,0.0,0.0
2003-03-26,2.931996383150927,2.962223265887862,2.8896790932371186,2.927764654159546,116914,0.0,0.0
2003-03-27,2.9078151321771863,2.9138606243214196,2.8292254638917385,2.8588478565216064,130889,0.0,0.0
2003-03-28,2.8775883239215436,2.9319963078803744,2.85340664539384,2.925346612930298,71343,0.0,0.0
2003-03-31,2.8413157086235983,2.8715425880139094,2.8110891174981725,2.840106725692749,140162,0.0,0.0
2003-04-01,2.8654968591105914,2.980358587694098,2.8171340867101384,2.9162778854370117,211550,0.0,0.0
2003-04-02,2.938041632962545,3.0529033743294747,2.938041632962545,3.0359761714935303,318198,0.0,0.0
2003-04-03,3.028722135044955,3.0952208136488233,2.9924497616511436,3.0190494060516357,411605,0.0,0.0
2003-04-04,3.0408121930084553,3.0408121930084553,2.9622225475619994,2.9984946250915527,194340,0.0,0.0
2003-04-07,3.0952206773728927,3.131492760904814,3.052903390718099,3.07708477973938,444500,0.0,0.0
2003-04-08,3.0529031592848352,3.1133566272552047,3.0287217720966875,3.1091248989105225,229723,0.0,0.0
2003-04-09,3.064993894709689,3.1798556295534515,3.0347670161795337,3.142374277114868,328245,0.0,0.0
2003-04-10,3.1073115615629856,3.12544774856848,3.06499427232502,3.0722484588623047,230311,0.0,0.0
2003-04-11,3.07708477973938,3.131492760904814,3.0710392883516118,3.07708477973938,295720,0.0,0.0
2003-04-14,3.1133569290901297,3.125447623856377,3.0589486585095664,3.1127524375915527,387757,0.0,0.0
2003-04-15,3.137538864959053,3.1738109555738165,3.0649946837295254,3.089780569076538,283148,0.0,0.0
2003-04-16,3.1314934295888093,3.1375389222675025,3.0347678528493733,3.0414178371429443,308305,0.0,0.0
2003-04-17,3.064994158208962,3.0831300562743067,3.0287220738133707,3.0474624633789062,266046,0.0,0.0
2003-04-22,3.0529042961099724,3.1012670884953613,3.0529042961099724,3.0921988487243652,152797,0.0,0.0
2003-04-23,3.113357142177601,3.1798561120758,3.113357142177601,3.1157751083374023,227120,0.0,0.0
2003-04-24,3.149628903113056,3.179855783102812,3.1073113287803764,3.1520471572875977,267780,0.0,0.0
2003-04-25,3.1375385335158255,3.1375385335158255,3.1073116503974867,3.1103343963623047,9502,0.0,0.0
2003-04-28,3.095220701503247,3.228218630422039,3.095220701503247,3.22519588470459,157773,0.0,0.0
2003-04-29,3.252399773347025,3.306807750816633,3.1859008139231983,3.269326686859131,383076,0.0,0.0
2003-04-30,3.2765815379003445,3.282626741308455,3.234263960983933,3.264490842819214,212706,0.0,0.0
2003-05-02,3.2463554606623255,3.318899649128918,3.240310255755933,3.2959275245666504,161528,0.0,0.0
2003-05-05,3.3128535169760154,3.3128535169760154,3.191946570039442,3.2064552307128906,634002,0.0,0.0
2003-05-06,3.2040371262990597,3.2403092088128553,3.1979916350809834,3.2004098892211914,228532,0.0,0.0
2003-05-07,3.222173478445424,3.24635487020275,3.1798561870025677,3.192551374435425,265188,0.0,0.0
2003-05-08,3.2040378774427447,3.222173778818918,3.1133575057670155,3.117589235305786,347770,0.0,0.0
2003-05-09,3.1012661202285923,3.1254475088714555,3.083129934613999,3.0988478660583496,485744,0.0,0.0
2003-05-12,3.1375382354496195,3.1375382354496195,3.02267649408269,3.0359761714935303,374502,0.0,0.0
2003-05-13,3.0408130310858157,3.083130322400924,3.0347675390322704,3.0764806270599365,363201,0.0,0.0
2003-05-14,3.107311237202264,3.12544742231459,3.0529032583950544,3.1139612197875977,662963,0.0,0.0
2003-05-15,3.1073111787340535,3.1617194447823826,3.0891752822278624,3.142374277114868,162758,0.0,0.0
2003-05-16,3.1435842368709714,3.1919473152008817,3.1254483347291013,3.155674934387207,445945,0.0,0.0
2003-05-19,3.1431015507565463,3.1493878977378302,3.0173776086260933,3.024292230606079,378349,0.2,0.0
2003-05-20,3.042523020092461,3.1305297976055866,3.0299506233048716,3.08589768409729,156452,0.0,0.0
2003-05-21,3.0802399914807865,3.0928123873746034,3.0173780120117013,3.043151378631592,242702,0.0,0.0
2003-05-22,3.0488089337009754,3.105384866616421,3.0362365374697173,3.082754373550415,138714,0.0,0.0
2003-05-23,3.105384700634837,3.117957096194105,3.0550951183977633,3.083383083343506,68760,0.0,0.0
2003-05-26,3.1053846952659256,3.1116707431599147,3.06766750865333,3.0928122997283936,161113,0.0,0.0
2003-05-27,3.0802401645161086,3.0802401645161086,3.0048057849156113,3.0330934524536133,349102,0.0,0.0
2003-05-28,3.036236098464397,3.11167046494499,3.036236098464397,3.0984694957733154,387733,0.0,0.0
2003-05-29,3.086525888546642,3.1871053505259557,3.086525888546642,3.1795618534088135,514063,0.0,0.0
2003-05-30,3.1745331957631255,3.180819244003969,3.0299504892288738,3.082754373550415,1454290,0.0,0.0
2003-06-02,3.0928125851439767,3.1179573785394905,3.0488090468270372,3.0607528686523438,473029,0.0,0.0
2003-06-03,3.0676675230975525,3.0739535710211396,2.9922331495171752,3.045037031173706,673444,0.0,0.0
2003-06-04,3.0613813774742757,3.0802401219888167,3.023664188194769,3.0532093048095703,459418,0.0,0.0
2003-06-05,3.0676676030523464,3.0802399989767593,2.9293709481342427,2.9394290447235107,1317087,0.0,0.0
2003-06-06,2.9670880139482083,3.004805499920669,2.8790812460947515,2.9828035831451416,2685028,0.0,0.0
2003-06-09,2.9670883716225775,3.004805862141778,2.948229926112564,2.9513731002807617,469299,0.0,0.0
2003-06-10,2.941943749023094,2.973374893035467,2.9042265560580085,2.941315174102783,1519566,0.0,0.0
2003-06-11,2.954515846019922,3.0362365723363234,2.948229797706892,3.0066914558410645,1554660,0.0,0.0
2003-06-12,3.0488091774176245,3.092812717619381,3.042523128674284,3.0758399963378906,1173935,0.0,0.0
2003-06-13,3.0928125518208134,3.130529741507704,3.029950569009329,3.056981086730957,1081444,0.0,0.0
2003-06-16,3.061381552879063,3.1305298870615332,3.029950709886734,3.121100664138794,492181,0.0,0.0
2003-06-17,3.143102095073439,3.143102095073439,3.055095320341264,3.077096939086914,435255,0.0,0.0
2003-06-18,3.0613813658704756,3.09909855500702,3.048808969491627,3.09155535697937,396096,0.0,0.0
2003-06-19,3.0802402926245085,3.0990987384341735,3.055095498378561,3.060124397277832,147332,0.0,0.0
2003-06-20,3.0739539809522105,3.0739539809522105,3.042523137643664,3.0494377613067627,271753,0.0,0.0
2003-06-23,3.061381412609801,3.067667760769988,2.9733746366142295,2.9746317863464355,325033,0.0,0.0
2003-06-24,2.979660320894929,3.0048054107132387,2.935657088149355,2.9551444053649902,431514,0.0,0.0
2003-06-25,3.004805234705459,3.004805234705459,2.923084521894017,2.9601731300354004,545143,0.0,0.0
2003-06-26,2.9545156568050723,3.0048055388364836,2.9356572133241534,2.9771461486816406,113045,0.0,0.0
2003-06-27,2.99851925803542,3.0048056058355983,2.960802070483035,2.984689712524414,141087,0.0,0.0
2003-06-30,2.948229626921727,2.9859468138637433,2.929370883575941,2.9344000816345215,393180,0.0,0.0
2003-07-01,2.96080165690734,2.96080165690734,2.8539361572281696,2.874052047729492,419867,0.0,0.0
2003-07-02,2.929371210573347,2.973374750125801,2.897940367821242,2.95011568069458,297242,0.0,0.0
2003-07-03,2.9545153153970696,2.9922327974995864,2.923084479977666,2.989718198776245,321919,0.0,0.0
2003-07-04,2.960801978321281,2.9985191646996316,2.9419432352573294,2.94948673248291,327791,0.0,0.0
2003-07-07,2.9859475296156672,3.0802406694481927,2.9670887817493106,3.063267946243286,603852,0.0,0.0
2003-07-08,3.067667765692283,3.11795735205616,3.0550953691013136,3.1154427528381348,819988,0.0,0.0
2003-07-09,3.0865257928227257,3.117956929919512,3.0488086081563046,3.0525803565979004,373658,0.0,0.0
2003-07-10,3.036236257721148,3.0550950002052395,3.0173778149865997,3.0230352878570557,187277,0.0,0.0
2003-07-11,2.9985193376451833,3.0613813185681242,2.9985193376451833,3.0387511253356934,154485,0.0,0.0
2003-07-14,3.055095504180434,3.124243538613312,3.0488091557322132,3.121100664138794,429814,0.0,0.0
2003-07-15,3.1053850020813307,3.180819382759521,3.0928126053016323,3.1707615852355957,558974,0.0,0.0
2003-07-16,3.161960213981054,3.2373945773992125,3.136815126425486,3.2015631198883057,899842,0.0,0.0
2003-07-17,3.218536344717361,3.231108740604946,3.111670829798108,3.137444496154785,661045,0.0,0.0
2003-07-18,3.13053023010263,3.1431026286271537,3.105385433053583,3.1204724311828613,112178,0.0,0.0
2003-07-21,3.14310225471722,3.1556746517461054,3.0865263182124414,3.102870464324951,167429,0.0,0.0
2003-07-22,3.1179573737838226,3.1242434222483224,3.0676677870694995,3.0726966857910156,321539,0.0,0.0
2003-07-23,3.099098973815167,3.1116713718930327,3.0676681284953107,3.072068452835083,192795,0.0,0.0
2003-07-24,3.0865260706254096,3.1493883504769005,3.0676676264696146,3.141216278076172,358290,0.0,0.0
2003-07-25,3.117956574285023,3.130528967739821,3.086525440773275,3.1009838581085205,178603,0.0,0.0
2003-07-28,3.130530317243194,3.143102716117679,3.1242439679311347,3.136187791824341,179399,0.0,0.0
2003-07-29,3.136815841292577,3.1493885378103825,3.080240205710367,3.097841501235962,305573,0.0,0.0
2003-07-30,3.105384417613038,3.1242428593584224,3.086525676118126,3.0984694957733154,74675,0.0,0.0
2003-07-31,3.117957111509605,3.136815555066364,3.0739535769612423,3.1299009323120117,99988,0.0,0.0
2003-08-01,3.1242429345608196,3.1305292817936152,3.067667308213329,3.0846400260925293,200853,0.0,0.0
2003-08-04,3.0739534009345664,3.1116705856378046,3.0173777737544776,3.0406365394592285,372556,0.0,0.0
2003-08-05,3.055095698034306,3.0802404939235095,3.0425233000897043,3.0682966709136963,132300,0.0,0.0
2003-08-06,3.0613817471318012,3.099098940965606,3.036236951242598,3.0682966709136963,304285,0.0,0.0
2003-08-07,3.0613808631896973,3.1116704404475075,3.0488084688752446,3.0613808631896973,273348,0.0,0.0
2003-08-08,3.067667609622643,3.1116708455775517,3.061381261772191,3.0896692276000977,149264,0.0,0.0
2003-08-11,3.1116707149146055,3.1116707149146055,3.061381133220967,3.079611301422119,82126,0.0,0.0
2003-08-12,3.0676677889198802,3.1493885172547382,3.0676677889198802,3.1431021690368652,219808,0.0,0.0
2003-08-13,3.130529670879456,3.168246859715405,3.130529670879456,3.146245241165161,305616,0.0,0.0
2003-08-14,3.1682464016967202,3.1871051432631594,3.161960354340926,3.180818796157837,173441,0.0,0.0
2003-08-18,3.174533140780637,3.2248227248346604,3.1619607447671316,3.218536376953125,450278,0.0,0.0
2003-08-19,3.2311087360420503,3.3379742508103902,3.2311087360420503,3.3235161304473877,1473647,0.0,0.0
2003-08-20,3.3128296339357193,3.3505468235360816,3.287684840868811,3.3015143871307373,550836,0.0,0.0
2003-08-21,3.3254021169853267,3.5077020213380505,3.3254021169853267,3.4894721508026123,1610606,0.0,0.0
2003-08-22,3.476270231575677,3.4825562784178445,3.3819771309471354,3.451125144958496,679969,0.0,0.0
2003-08-25,3.407122480578203,3.407122480578203,3.3631189464168365,3.394550085067749,273301,0.0,0.0
2003-08-26,3.4448397647327216,3.47627090427436,3.39455018126575,3.400836229324341,293732,0.0,0.0
2003-08-27,3.4511258127913123,3.4574121605994645,3.388263833457598,3.400836229324341,233259,0.0,0.0
2003-08-28,3.4071224578515555,3.463698387145996,3.363118923983707,3.463698387145996,325896,0.0,0.0
2003-08-29,3.457411943922548,3.4699843390013756,3.3945499685284104,3.425980806350708,362156,0.0,0.0
2003-09-01,3.4259809963120436,3.469984531402588,3.3945501567469916,3.469984531402588,549633,0.0,0.0
2003-09-02,3.4636985908471782,3.482557035221362,3.394550262059511,3.4574122428894043,863395,0.0,0.0
2003-09-03,3.564278732621708,3.7905822251015637,3.4385544369108327,3.765437126159668,2117298,0.0,0.0
2003-09-04,3.721433584836963,3.75915078065968,3.6459991931915283,3.6459991931915283,801822,0.0,0.0
2003-09-05,3.677429459832957,3.7088606012693948,3.6334262215214403,3.7025742530822754,313540,0.0,0.0
2003-09-08,3.664857339386083,3.7591504710515955,3.6459988929027416,3.752864122390747,405046,0.0,0.0
2003-09-09,3.727718362102408,3.765435545053331,3.620853160282889,3.708859920501709,549514,0.0,0.0
2003-09-10,3.7340055714130425,3.7340055714130425,3.601995250725491,3.6271400451660156,206818,0.0,0.0
2003-09-11,3.5579913939680825,3.6774293068070603,3.551705345792119,3.6648569107055664,299546,0.0,0.0
2003-09-12,3.671144103270838,3.6962889012590243,3.65228535490488,3.6774301528930664,326102,0.0,0.0
2003-09-15,3.696288334290388,3.715146780014038,3.6459987460278667,3.715146780014038,453100,0.0,0.0
2003-09-16,3.721432997894054,3.721432997894054,3.6837158080200765,3.7025742530822754,124540,0.0,0.0
2003-09-17,3.7340048160190777,3.77172200004963,3.690001284775333,3.6962876319885254,567767,0.0,0.0
2003-09-18,3.715146278468643,3.7277186738369976,3.6711430445541766,3.6900014877319336,200098,0.0,0.0
2003-09-19,3.690001284775333,3.765435652836438,3.671142842634824,3.6962876319885254,645195,0.0,0.0
2003-09-22,3.6962882245491673,3.702574273020557,3.5768503060969454,3.5894227027893066,478706,0.0,0.0
2003-09-23,3.589422746300146,3.6711434756659003,3.5579916043134454,3.639712333679199,252554,0.0,0.0
2003-09-24,3.6774298359797406,3.6774298359797406,3.576850652694702,3.576850652694702,231909,0.0,0.0
2003-09-25,3.55170474230558,3.5831355773439735,3.52027360751767,3.557990789413452,331526,0.0,0.0
2003-09-26,3.545418709474341,3.545418709474341,3.41340841127188,3.425980806350708,586487,0.0,0.0
2003-09-29,3.4008355712231415,3.4636978381418384,3.4008355712231415,3.451125144958496,261898,0.0,0.0
2003-09-30,3.4762707442904373,3.5139879301548564,3.363118886947632,3.363118886947632,200617,0.0,0.0
2003-10-01,3.3819776908368713,3.5077016459889823,3.375691343204489,3.4888432025909424,146607,0.0,0.0
2003-10-02,3.5202745436525467,3.570564132886932,3.5139884948730464,3.513988494873047,209434,0.0,0.0
2003-10-03,3.520273928193349,3.6271394365076244,3.495129137972289,3.6145670413970947,319834,0.0,0.0
2003-10-06,3.6397123556728395,3.6397123556728395,3.5139883864654964,3.5265607833862305,330938,0.0,0.0
2003-10-07,3.545419303756504,3.545419303756504,3.4574125234530397,3.507702112197876,276284,0.0,0.0
2003-10-08,3.5139879936213645,3.5328464370194044,3.48255685495856,3.4888432025909424,218487,0.0,0.0
2003-10-09,3.5265602756233854,3.6145670413970947,3.476270695181266,3.6145670413970947,308395,0.0,0.0
2003-10-10,3.5705631833787126,3.6019943181666227,3.539132348340319,3.557990789413452,88424,0.0,0.0
2003-10-13,3.5768492426729632,3.6774283863089225,3.5579905033664745,3.671142339706421,385382,0.0,0.0
2003-10-14,3.677429634047065,3.677429634047065,3.614567647945753,3.6271400451660156,212148,0.0,0.0
2003-10-15,3.645998694686607,3.6585710915751988,3.601995155701743,3.620853900909424,206277,0.0,0.0
2003-10-16,3.6082806939670578,3.6459981790481915,3.589422251176035,3.6145670413970947,196816,0.0,0.0
2003-10-17,3.6334254529545325,3.6334254529545325,3.557990789413452,3.557990789413452,174365,0.0,0.0
2003-10-20,3.55170554258108,3.557991591105334,3.495129607114876,3.5202744007110596,641261,0.0,0.0
2003-10-21,3.5642777565658457,3.5894225488723417,3.5265605681061016,3.5517053604125977,273497,0.0,0.0
2003-10-22,3.5454191943072426,3.5705639879034257,3.501415955388714,3.5202744007110596,148362,0.0,0.0
2003-10-23,3.495129431387341,3.495129431387341,3.4322674505574473,3.4574122428894043,441122,0.0,0.0
2003-10-24,3.4322678691392197,3.513988604059107,3.4322678691392197,3.5014162063598633,202344,0.0,0.0
2003-10-27,3.4888435585906223,3.5768503361772632,3.4888435585906223,3.5202744007110596,184321,0.0,0.0
2003-10-28,3.551705065844445,3.6145670413970947,3.551705065844445,3.6145670413970947,251969,0.0,0.0
2003-10-29,3.620853058989272,3.627139106097144,3.557990789413452,3.557990789413452,252000,0.0,0.0
2003-10-30,3.564277330514068,3.6145669091157533,3.557990983314091,3.601994514465332,147821,0.0,0.0
2003-10-31,3.6145669091157533,3.6145669091157533,3.564277330514068,3.601994514465332,132943,0.0,0.0
2003-11-03,3.6082805619157763,3.6837152295678366,3.601994514465332,3.601994514465332,1113904,0.0,0.0
2003-11-04,3.6145673411788377,3.620853689130246,3.5391329642593496,3.5517053604125977,929190,0.0,0.0
2003-11-05,3.5517049899039703,3.5517049899039703,3.4951290632414875,3.539132595062256,562061,0.0,0.0
2003-11-06,3.5517048745698006,3.595708105212119,3.5202737386114062,3.570563316345215,488176,0.0,0.0
2003-11-07,3.5894231600695354,3.7151471430099523,3.5894231600695354,3.683716297149658,1884410,0.0,0.0
2003-11-10,3.6774296686513743,3.7025744633285096,3.6334264278411865,3.6334264278411865,488603,0.0,0.0
2003-11-11,3.6145673411788377,3.6397121334853337,3.5391329642593496,3.5517053604125977,556943,0.0,0.0
2003-11-12,3.55170513632347,3.5957083702087402,3.5454187887686888,3.5957083702087402,192290,0.0,0.0
2003-11-13,3.6208527678884415,3.671142339706421,3.6019940285819527,3.671142339706421,401639,0.0,0.0
2003-11-14,3.6208533888271317,3.6459981790481915,3.6019946462865646,3.6145670413970947,148471,0.0,0.0
2003-11-17,3.589423050605332,3.6145678464265916,3.557991905953952,3.576850652694702,269375,0.0,0.0
2003-11-18,3.5705640011582087,3.658571078821137,3.5705640011582087,3.639712333679199,392597,0.0,0.0
2003-11-19,3.595708902240563,3.639712442386278,3.5894228535052286,3.6271400451660156,308302,0.0,0.0
2003-11-20,3.627139616642534,3.639712012377448,3.557991290225729,3.5831360816955566,186668,0.0,0.0
2003-11-21,3.5579909219117627,3.589422057870157,3.5517048745698006,3.570563316345215,76478,0.0,0.0
2003-11-24,3.5831359772261435,3.702573883100288,3.570563581857789,3.6900014877319336,506826,0.0,0.0
2003-11-25,3.702573839921506,3.847156534846261,3.6837153969636725,3.8282980918884277,2028578,0.0,0.0
2003-11-26,3.8282981065335075,3.966594454501671,3.8282981065335075,3.8723013401031494,2034882,0.0,0.0
2003-11-27,3.8848738433326884,3.985453308035979,3.878587795397858,3.954022169113159,1009829,0.0,0.0
2003-11-28,3.9477361211783286,3.9728809124167626,3.878587795397858,3.954022169113159,481464,0.0,0.0
2003-12-01,3.972880984016684,4.11117733832047,3.922591100883928,4.029456615447998,847208,0.0,0.0
2003-12-02,4.035743398680373,4.111177781894124,3.9791674613952637,3.9791674613952637,1241367,0.0,0.0
2003-12-03,3.9665944927312364,4.035742817256535,3.928877306558223,3.9728808403015137,581510,0.0,0.0
2003-12-04,3.960309960837601,4.123751163482666,3.960309960837601,4.123751163482666,750307,0.0,0.0
2003-12-05,4.1174639005705345,4.174039534948512,4.042029221817271,4.098605155944824,769466,0.0,0.0
2003-12-09,4.09231848276057,4.098604530176345,3.866015080551579,3.8974459171295166,1631227,0.0,0.0
2003-12-10,3.8848737353729823,3.941449663962005,3.8660152923430067,3.8723013401031494,301280,0.0,0.0
2003-12-11,3.8723011279673543,3.954021842619147,3.8723011279673543,3.8974459171295166,299942,0.0,0.0
2003-12-12,3.941450216242695,3.954022613274187,3.74657791237977,3.8094398975372314,1399995,0.0,0.0
2003-12-15,3.8848740094004413,3.9477362899332724,3.8597292170871365,3.8785879611968994,382571,0.0,0.0
2003-12-16,3.866015277553641,3.8785876727753785,3.7717221635158356,3.8282980918884277,419145,0.0,0.0
2003-12-17,3.784294712136466,3.947736156393808,3.784294712136466,3.8660154342651367,603444,0.0,0.0
2003-12-18,3.878587457965664,3.9037322470165328,3.803153090813057,3.853442668914795,563680,0.0,0.0
2003-12-19,3.866015409592608,3.866015409592608,3.595708453468931,3.6522843837738037,2062499,0.0,0.0
2003-12-22,3.5391329642593496,3.645998481436742,3.5391329642593496,3.5517053604125977,588159,0.0,0.0
2003-12-23,3.526560146562804,3.645998045616573,3.4888429626115403,3.601994514465332,309442,0.0,0.0
2003-12-29,3.6145667672566044,3.639711555570602,3.5202736612043544,3.6082804203033447,196247,0.0,0.0
2003-12-30,3.6334262410873612,3.6334262410873612,3.551705512712223,3.5894227027893066,340072,0.0,0.0
2004-01-02,3.6208536742251205,3.7088604469355793,3.5831361861710707,3.6648569107055664,388499,0.0,0.0
2004-01-05,3.6774290169497443,3.6774290169497443,3.589422251176035,3.6145670413970947,287402,0.0,0.0
2004-01-07,3.677429634047065,3.708860776972518,3.5517056618444416,3.6271400451660156,1165520,0.0,0.0
2004-01-08,3.601995558363577,3.7088610937377413,3.601995558363577,3.683716297149658,954614,0.0,0.0
2004-01-09,3.664856400415165,3.8660150097795443,3.664856400415165,3.8031530380249023,1723925,0.0,0.0
2004-01-12,3.7654361617116034,3.771722509774356,3.690001783456014,3.72143292427063,448185,0.0,0.0
2004-01-13,3.7402908634827363,3.8031531366165234,3.6962876319885254,3.6962876319885254,736216,0.0,0.0
2004-01-14,3.677429375361072,3.7528637533762716,3.671143327067925,3.7402913570404053,1110233,0.0,0.0
2004-01-15,3.7277189451817394,3.8157260189159037,3.7151465488982263,3.790581226348877,580535,0.0,0.0
2004-01-16,3.7591499210094526,3.796867108206925,3.752863573268428,3.7717223167419434,234582,0.0,0.0
2004-01-19,3.7591499206737296,3.8660154342651367,3.7591499206737296,3.8660154342651367,576767,0.0,0.0
2004-01-20,3.884873742747158,3.947736018965194,3.7465773945164833,3.7591497898101807,1118743,0.0,0.0
2004-01-21,3.790580927919199,3.8220117662786692,3.7340049992227855,3.7591497898101807,392296,0.0,0.0
2004-01-22,3.7402914429562526,3.790581329204469,3.6585710147707586,3.7025742530822754,640815,0.0,0.0
2004-01-23,3.708860516075525,3.7780088457975776,3.6900017716969384,3.7402913570404053,492100,0.0,0.0
2004-01-26,3.721433128421648,3.752863971210929,3.696288334290388,3.715146780014038,265231,0.0,0.0
2004-01-27,3.740291071563369,3.7905809528180425,3.7151462808108073,3.784294605255127,677778,0.0,0.0
2004-01-28,3.7402917248186522,3.7717228686236903,3.715146929674462,3.752864122390747,627936,0.0,0.0
2004-01-29,3.7151466497069348,3.7402914429562526,3.6900018564576165,3.7025742530822754,315012,0.0,0.0
2004-01-30,3.708860026665376,3.7151460741290347,3.6334256586042715,3.6962876319885254,246927,0.0,0.0
2004-02-02,3.696288414534024,3.7025744633285096,3.6208540305026187,3.6334264278411865,348807,0.0,0.0
2004-02-03,3.6397128440129287,3.6711439904066734,3.6145680467977837,3.6459991931915283,165578,0.0,0.0
2004-02-04,3.702574950881253,3.702574950881253,3.627140556916694,3.6774301528930664,165194,0.0,0.0
2004-02-05,3.620853579781606,3.690001606661437,3.5328465096170873,3.5642776489257812,532431,0.0,0.0
2004-02-06,3.557991037450059,3.595708221975202,3.488843015695399,3.539132595062256,649836,0.0,0.0
2004-02-09,3.5517047964716113,3.6145667672566044,3.5517047964716113,3.6082804203033447,412800,0.0,0.0
2004-02-10,3.6208543959763837,3.6585715917991006,3.5957092990116117,3.6459991931915283,268396,0.0,0.0
2004-02-11,3.6585710915751988,3.6585710915751988,3.608281204271246,3.620853900909424,373324,0.0,0.0
2004-02-12,3.6334257839376614,3.6522842267286846,3.6145670413970947,3.6145670413970947,131544,0.0,0.0
2004-02-13,3.6145670413970947,3.6271394365076244,3.6019946462865646,3.6145670413970947,821957,0.0,0.0
2004-02-16,3.614567552590335,3.677429537033293,3.614567552590335,3.620853900909424,243003,0.0,0.0
2004-02-17,3.6271398635161956,3.664857053288078,3.6271398635161956,3.6585710048675537,259595,0.0,0.0
2004-02-18,3.671142339706421,3.6900007792634173,3.6522836003999326,3.671142339706421,420111,0.0,0.0
2004-02-19,3.664856779424936,3.6900015707272007,3.645998335823016,3.6522843837738037,268286,0.0,0.0
2004-02-20,3.671143619856889,3.6774296686513743,3.6082813334144546,3.6334264278411865,815383,0.0,0.0
2004-02-23,3.633426794583956,3.6648576412280733,3.608281697619184,3.6459991931915283,478929,0.0,0.0
2004-02-24,3.627140445405356,3.6711439904066734,3.627140445405356,3.6459991931915283,418135,0.0,0.0
2004-02-25,3.627139873334321,3.721432997894054,3.627139873334321,3.7025742530822754,415747,0.0,0.0
2004-02-26,3.7151459677854337,3.7340047091356574,3.6711427375507864,3.708859920501709,988241,0.0,0.0
2004-02-27,3.6837151318677606,3.765435545053331,3.6711427375507864,3.708859920501709,1069478,0.0,0.0
2004-03-01,3.740291939598036,3.7465782886198666,3.6774299481278274,3.683716297149658,254893,0.0,0.0
2004-03-02,3.6900016424224162,3.7717223656173537,3.683715594349493,3.7277188301086426,628435,0.0,0.0
2004-03-03,3.740291563989229,3.9288778192112024,3.7151467699262444,3.8094398975372314,859134,0.0,0.0
2004-03-04,3.8157257185065943,3.884873742747158,3.7465773945164833,3.7591497898101807,473760,0.0,0.0
2004-03-05,3.803153348194323,3.803153348194323,3.7465774191262846,3.784294605255127,159919,0.0,0.0
2004-03-08,3.7717223405631004,3.822011923810679,3.740291201158584,3.7968671321868896,496323,0.0,0.0
2004-03-09,3.796866975691274,3.803153323212897,3.752863442288558,3.7591497898101807,319434,0.0,0.0
2004-03-10,3.7465775252769618,3.784294712474434,3.740291177535937,3.7717223167419434,200795,0.0,0.0
2004-03-11,3.7654368300886527,3.7654368300886527,3.6459991931915283,3.6459991931915283,497680,0.0,0.0
2004-03-12,3.614566916714229,3.7340048160190777,3.5894221273605273,3.6962876319885254,516799,0.0,0.0
2004-03-15,3.7088603387942527,3.7591499217339077,3.5831360816955566,3.5831360816955566,378672,0.0,0.0
2004-03-16,3.589422405518143,3.696287918427545,3.5831360578177986,3.6522843837738037,163635,0.0,0.0
2004-03-17,3.65228474325611,3.677429537033293,3.5957088073826546,3.620853900909424,194725,0.0,0.0
2004-03-18,3.620853058989272,3.6334254529545325,3.52027360751767,3.557990789413452,240473,0.0,0.0
2004-03-19,3.583136384701517,3.583136384701517,3.5202744007110596,3.5202744007110596,229175,0.0,0.0
2004-03-22,3.5202742237192983,3.5454190160512558,3.4259811025996734,3.4574122428894043,555988,0.0,0.0
2004-03-23,3.457412039557924,3.495129225837701,3.413408505690076,3.463698387145996,322967,0.0,0.0
2004-03-24,3.4888435585906223,3.5454191943072426,3.44484001992251,3.5202744007110596,392254,0.0,0.0
2004-03-25,3.5202744224048668,3.576850358219722,3.5077020255292974,3.545419216156006,258143,0.0,0.0
2004-03-26,3.5831362009209333,3.5957085970741813,3.5328466163079417,3.5517053604125977,238178,0.0,0.0
2004-03-29,3.5768503060969454,3.614567496174029,3.539133116019862,3.5894227027893066,223593,0.0,0.0
2004-03-30,3.5642777565658457,3.5831362009209333,3.5391329642593496,3.5517053604125977,195815,0.0,0.0
2004-03-31,3.5831355773439735,3.614566712131883,3.5454183954481913,3.557990789413452,268644,0.0,0.0
2004-04-01,3.5579916043134454,3.639712333679199,3.5579916043134454,3.639712333679199,339751,0.0,0.0
2004-04-02,3.658571070309314,3.75286389655087,3.6397123252112524,3.7340054512023926,583328,0.0,0.0
2004-04-05,3.7402910469948605,3.790580927919199,3.7340049992227855,3.7591497898101807,578169,0.0,0.0
2004-04-06,3.7717223656173537,3.7717223656173537,3.683715594349493,3.7277188301086426,219690,0.0,0.0
2004-04-07,3.7088603861403104,3.7465775738265363,3.696287990244902,3.7277188301086426,282166,0.0,0.0
2004-04-08,3.734005394518713,3.752863839580912,3.6900018564576165,3.7025742530822754,260862,0.0,0.0
2004-04-13,3.7214330543868797,3.7842950384644447,3.702574309288818,3.7340054512023926,219517,0.0,0.0
2004-04-14,3.7402917248186522,3.7717228686236903,3.6774297369581777,3.752864122390747,166383,0.0,0.0
2004-04-15,3.7214327820357194,3.7465775738265363,3.7088603861403104,3.7277188301086426,142829,0.0,0.0
2004-04-16,3.746577103452632,3.746577103452632,3.6900011791514853,3.708859920501709,66121,0.0,0.0
2004-04-19,3.7151465762078772,3.7402913689597406,3.696288131518767,3.72143292427063,78480,0.0,0.0
2004-04-20,3.7214326039290877,3.790580927919199,3.7214326039290877,3.7591497898101807,166525,0.0,0.0
2004-04-21,3.7402913414652526,3.790581226348877,3.7402913414652526,3.790581226348877,127728,0.0,0.0
2004-04-22,3.796867108206925,3.8157258516804404,3.7465775252769618,3.7717223167419434,146332,0.0,0.0
2004-04-23,3.7968670841603793,3.8597290624247123,3.7905810362087244,3.8408706188201904,316288,0.0,0.0
2004-04-26,3.8597294856632005,3.866015834053741,3.80315384889628,3.8094398975372314,322440,0.0,0.0
2004-04-27,3.8157254853384917,3.853442668914795,3.796866743675575,3.853442668914795,99930,0.0,0.0
2004-04-28,3.8597292560334138,3.8848740486004405,3.778008830065364,3.790581226348877,400716,0.0,0.0
2004-04-29,3.7842947363749952,3.8157258757795116,3.7528635969704784,3.7968671321868896,123019,0.0,0.0
2004-04-30,3.803153323212897,3.803153323212897,3.7465773945164833,3.7591497898101807,130874,0.0,0.0
2004-05-03,3.7654359690009187,3.790581060215459,3.7277187818034463,3.7717223167419434,169566,0.0,0.0
2004-05-04,3.790581060215459,3.8031534559479496,3.7465775252769618,3.7717223167419434,120007,0.0,0.0
2004-05-05,3.740292326967423,3.7905822251015637,3.734006277044187,3.765437126159668,86190,0.0,0.0
2004-05-06,3.79058146215741,3.8031538592230403,3.708860731356018,3.715146780014038,184757,0.0,0.0
2004-05-07,3.7402915741452984,3.752863971210929,3.627140000554626,3.715146780014038,185158,0.0,0.0
2004-05-10,3.6774283863089225,3.7340043044788955,3.614566421536448,3.671142339706421,240164,0.0,0.0
2004-05-11,3.6711427375507864,3.727718362102408,3.658570343233812,3.708859920501709,41175,0.0,0.0
2004-05-12,3.7340050237500035,3.8220117913839693,3.708860232997442,3.784294605255127,310924,0.0,0.0
2004-05-13,3.746577524942362,3.878587829996505,3.746577524942362,3.8660154342651367,504849,0.0,0.0
2004-05-14,3.884873950979547,3.897446346947135,3.8345843671091937,3.8471567630767822,296205,0.0,0.0
2004-05-17,3.7905810362087244,3.8848738537304452,3.7717222928546463,3.8408706188201904,385340,0.0,0.0
2004-05-18,3.834584083743389,3.9100184539745144,3.834584083743389,3.891160011291504,304931,0.0,0.0
2004-05-19,3.922591030190339,3.954022169113159,3.8974462389519053,3.954022169113159,423072,0.0,0.0
2004-05-20,3.941449915364486,3.9728810554186547,3.8974463792385636,3.9477362632751465,300287,0.0,0.0
2004-05-21,3.9603085276507266,3.9603085276507266,3.8911602016807554,3.935163736343384,361016,0.0,0.0
2004-05-24,3.961138059566851,3.993606528681917,3.9286699000940546,3.974125385284424,186045,0.2,0.0
2004-05-25,3.9481506241051973,3.9806190923177596,3.922175973392052,3.9546444416046143,99038,0.0,0.0
2004-05-26,4.013087311591762,4.052049288250836,3.9806191525303336,4.032568454742432,233987,0.0,0.0
2004-05-27,4.013087656829923,4.065037273153412,4.013087656829923,4.05204963684082,130351,0.0,0.0
2004-05-28,4.026075115606395,4.1364675507473505,4.026075115606395,4.097505569458008,754166,0.0,0.0
2004-05-31,4.116986942530024,4.116986942530024,4.071531140358298,4.103999614715576,124467,0.0,0.0
2004-06-01,4.12997413849788,4.149454974776479,4.103999483698208,4.123480319976807,410981,0.0,0.0
2004-06-02,4.123480665148216,4.396214873017322,4.123480665148216,4.305303573608398,957869,0.0,0.0
2004-06-03,4.298809336205749,4.5195942086412515,4.188416899987998,4.246860027313232,2124905,0.0,0.0
2004-06-04,4.22737835724097,4.344264279187625,4.22737835724097,4.337770462036133,549167,0.0,0.0
2004-06-07,4.337770788892986,4.402707726732014,4.324783463253635,4.3702392578125,1850654,0.0,0.0
2004-06-08,4.383226622212654,4.389720439910889,4.305302667687463,4.389720439910889,493265,0.0,0.0
2004-06-09,4.350758389360501,4.376733042279969,4.220885124763165,4.253353595733643,482752,0.0,0.0
2004-06-10,4.272833838732436,4.337770462036133,4.246859189410957,4.337770462036133,116486,0.0,0.0
2004-06-11,4.285821665181467,4.318290135455879,4.266340830730645,4.292315483093262,148805,0.0,0.0
2004-06-14,4.227378905284179,4.292315537006351,4.194910434601952,4.233872413635254,378404,0.0,0.0
2004-06-15,4.240366555926225,4.357252501965415,4.240366555926225,4.331277847290039,339200,0.0,0.0
2004-06-16,4.3442651746277265,4.396214483978478,4.311796701462353,4.331277847290039,249887,0.0,0.0
2004-06-17,4.337771030602771,4.34426484860543,4.266340890427232,4.298809051513672,116766,0.0,0.0
2004-06-18,4.259847315437007,4.318290442225816,4.155948698605615,4.162442207336426,922746,0.0,0.0
2004-06-21,4.15594855549531,4.324783802032471,4.15594855549531,4.324783802032471,369830,0.0,0.0
2004-06-22,4.3117963175440845,4.3117963175440845,4.25984701281885,4.292315483093262,70061,0.0,0.0
2004-06-23,4.298809374124666,4.331277847290039,4.285822046786977,4.331277847290039,152641,0.0,0.0
2004-06-24,4.350758153006023,4.42218859947525,4.33127731919586,4.389720439910889,486850,0.0,0.0
2004-06-25,4.396214485168457,4.467644940366229,4.396214485168457,4.396214485168457,434582,0.0,0.0
2004-06-28,4.36374604783307,4.448163831065355,4.36374604783307,4.415695667266846,154307,0.0,0.0
2004-06-29,4.422188369893168,4.454656837414169,4.376732577292218,4.38322639465332,140637,0.0,0.0
2004-06-30,4.370239069573371,4.435175694973117,4.370239069573371,4.38322639465332,246804,0.0,0.0
2004-07-01,4.383226583451852,4.396213909091204,4.318289955255093,4.3702392578125,153086,0.0,0.0
2004-07-02,4.31829000607172,4.370239309240454,4.214391090091979,4.311796188354492,652450,0.0,0.0
2004-07-05,4.311796508321138,4.311796508321138,4.259847201297387,4.279328346252441,65829,0.0,0.0
2004-07-06,4.279327879538191,4.279327879538191,4.1884162925193795,4.201403617858887,188875,0.0,0.0
2004-07-07,4.214390734040487,4.259846525293947,4.162441435260673,4.2273783683776855,279268,0.0,0.0
2004-07-08,4.240366269273909,4.259847104142366,4.16244200087322,4.253353595733643,76836,0.0,0.0
2004-07-09,4.253353785933318,4.253353785933318,4.1949106594299375,4.240366458892822,141850,0.0,0.0
2004-07-12,4.175430330757567,4.240367288303942,4.175430330757567,4.194911479949951,44522,0.0,0.0
2004-07-13,4.2143916491927325,4.298809432862317,4.2143916491927325,4.272834777832031,92638,0.0,0.0
2004-07-14,4.240366033234371,4.240366033234371,4.162441769171328,4.181922912597656,261697,0.0,0.0
2004-07-15,4.188415609650389,4.188415609650389,4.149453639984131,4.149453639984131,45579,0.0,0.0
2004-07-16,4.123480319976807,4.188416956975987,4.123480319976807,4.123480319976807,338326,0.0,0.0
2004-07-19,4.1104919315372115,4.337770257188227,4.1104919315372115,4.285820960998535,388251,0.0,0.0
2004-07-20,4.311796701462353,4.337771356137729,4.233872737436227,4.331277847290039,191036,0.0,0.0
2004-07-21,4.298808614390146,4.331277081817322,4.272833964305307,4.318289756774902,96717,0.0,0.0
2004-07-22,4.22088508729082,4.259847066324123,4.175429290264158,4.233872413635254,142296,0.0,0.0
2004-07-23,4.233872984798278,4.272834969087677,4.227379475571208,4.259847640991211,194834,0.0,0.0
2004-07-26,4.220885221029574,4.279328346252441,4.220885221029574,4.279328346252441,65564,0.0,0.0
2004-07-27,4.285822479367471,4.376733779907227,4.285822479367471,4.376733779907227,258942,0.0,0.0
2004-07-28,4.383226635032638,4.383226635032638,4.285821536770125,4.311796188354492,62738,0.0,0.0
2004-07-29,4.272835150718934,4.383227599052664,4.253354312567299,4.376733779907227,203883,0.0,0.0
2004-07-30,4.383227193826025,4.448163831065355,4.33127788403456,4.415695667266846,222391,0.0,0.0
2004-08-02,4.415695856289189,4.474138677485188,4.344265397447051,4.467645168304443,168400,0.0,0.0
2004-08-03,4.448163449293947,4.448163449293947,4.415695288282074,4.441669940948486,81217,0.0,0.0
2004-08-04,4.415695091419286,4.42218859947525,4.3637454787602215,4.389720439910889,65117,0.0,0.0
2004-08-05,4.3832269268087884,4.435176233435607,4.298809148719061,4.324783802032471,156509,0.0,0.0
2004-08-06,4.344264946838674,4.396214253465493,4.292315640211855,4.324783802032471,247402,0.0,0.0
2004-08-09,4.298809148719061,4.35075845534588,4.253353660241741,4.324783802032471,123136,0.0,0.0
2004-08-10,4.344264606533796,4.376732765811042,4.311796137614283,4.3702392578125,41433,0.0,0.0
2004-08-11,4.376732765811042,4.441669703650069,4.344264606533796,4.3702392578125,342418,0.0,0.0
2004-08-12,4.337771392937338,4.532581614297641,4.337771392937338,4.415695667266846,533547,0.0,0.0
2004-08-13,4.396214016427489,4.461150646209717,4.357252038558153,4.461150646209717,213469,0.0,0.0
2004-08-16,4.487125873565674,4.500113201187655,4.402708398843955,4.487125873565674,171821,0.0,0.0
2004-08-17,4.506607152315885,4.506607152315885,4.45465784030063,4.467645168304443,242752,0.0,0.0
2004-08-18,4.467644059592591,4.500112216723511,4.3572516441345215,4.3572516441345215,229469,0.0,0.0
2004-08-19,4.402707961948868,4.4676445936148985,4.3637456733069655,4.441669940948486,186186,0.0,0.0
2004-08-20,4.4546576130250255,4.4546576130250255,4.396214485168457,4.396214485168457,31193,0.0,0.0
2004-08-23,4.467644845009235,4.467644845009235,4.383227064272065,4.435176372528076,87106,0.0,0.0
2004-08-24,4.441669903004628,4.441669903004628,4.38322678018332,4.422188758850098,170273,0.0,0.0
2004-08-25,4.435176275569444,4.435176275569444,4.3897207866603,4.409201622009277,137619,0.0,0.0
2004-08-26,4.3897205981155905,4.441669903004628,4.3897205981155905,4.422188758850098,257841,0.0,0.0
2004-08-27,4.441670512296816,4.467645168304443,4.415695856289189,4.467645168304443,59196,0.0,0.0
2004-08-30,4.467644751313028,4.480632078104658,4.448163606304434,4.474138259887695,63075,0.0,0.0
2004-08-31,4.474138063739135,4.474138063739135,4.3897205981155905,4.422188758850098,297483,0.0,0.0
2004-09-01,4.435175846437842,4.435175846437842,4.3442645677735054,4.350758075714111,337028,0.0,0.0
2004-09-02,4.363746329866244,4.435176790267284,4.337771673291744,4.428683280944824,302017,0.0,0.0
2004-09-03,4.441670512296816,4.467645168304443,4.415695856289189,4.467645168304443,123336,0.0,0.0
2004-09-06,4.428683186446282,4.474138679660569,4.402708530426025,4.402708530426025,123540,0.0,0.0
2004-09-07,4.409201342383935,4.461150646209717,4.40270783422685,4.461150646209717,71937,0.0,0.0
2004-09-08,4.487125873565674,4.487125873565674,4.409201907833788,4.487125873565674,176449,0.0,0.0
2004-09-09,4.480632078104658,4.480632078104658,4.435176279512804,4.474138259887695,32850,0.0,0.0
2004-09-10,4.480632267707432,4.480632267707432,4.37023983048605,4.396214485168457,358653,0.0,0.0
2004-09-13,4.41569530455869,4.448163465690243,4.331277528260537,4.36374568939209,759500,0.0,0.0
2004-09-14,4.3702394912947105,4.448163449293947,4.3637456733069655,4.441669940948486,485682,0.0,0.0
2004-09-15,4.448163250983646,4.448163250983646,4.389720439910889,4.389720439910889,210877,0.0,0.0
2004-09-16,4.435175694973117,4.435175694973117,4.38322639465332,4.38322639465332,321628,0.0,0.0
2004-09-17,4.42868218725427,4.42868218725427,4.35075792713232,4.38322639465332,138152,0.0,0.0
2004-09-20,4.396213577830582,4.396213577830582,4.292314980544667,4.337770462036133,244527,0.0,0.0
2004-09-21,4.311796475375766,4.344264946838674,4.30530296686856,4.324783802032471,269127,0.0,0.0
2004-09-22,4.311795609093381,4.324782933140804,4.272833636951113,4.285820960998535,239537,0.0,0.0
2004-09-23,4.266341112973813,4.292315767054804,4.207897986470433,4.240366458892822,423529,0.0,0.0
2004-09-24,4.24036548165367,4.311795609093381,4.227378157606247,4.285820960998535,220911,0.0,0.0
2004-09-27,4.2858212893477265,4.318289756774902,4.2858212893477265,4.318289756774902,91585,0.0,0.0
2004-09-28,4.298809374124666,4.337771356137729,4.285822046786977,4.331277847290039,216242,0.0,0.0
2004-09-29,4.3442645677735054,4.350758075714111,4.3182899167265525,4.350758075714111,155835,0.0,0.0
2004-09-30,4.363745401237588,4.376732726761064,4.3247834246671575,4.350758075714111,112328,0.0,0.0
2004-10-01,4.305303007768611,4.409201622009277,4.305303007768611,4.409201622009277,178013,0.0,0.0
2004-10-04,4.409201848721757,4.428682994714712,4.376733375280937,4.415695667266846,158550,0.0,0.0
2004-10-05,4.37673280451442,4.415695091419286,4.3637454787602215,4.389720439910889,613444,0.0,0.0
2004-10-06,4.402707435688505,4.415694760469322,4.337770502142171,4.3572516441345215,293060,0.0,0.0
2004-10-07,4.344264854641615,4.383226833784851,4.344264854641615,4.36374568939209,130272,0.0,0.0
2004-10-08,4.36374604783307,4.415695667266846,4.344265211482426,4.415695667266846,96375,0.0,0.0
2004-10-11,4.40270792433785,4.422188758850098,4.36374563602879,4.422188758850098,146689,0.0,0.0
2004-10-12,4.41569530455869,4.41569530455869,4.36374568939209,4.36374568939209,207886,0.0,0.0
2004-10-13,4.3637452522122695,4.3897202120144225,4.357251744493421,4.38322639465332,373940,0.0,0.0
2004-10-14,4.376733779907227,4.4092022563497375,4.376733779907227,4.376733779907227,142256,0.0,0.0
2004-10-15,4.376732765811042,4.415695052371365,4.357251932173148,4.3702392578125,184078,0.0,0.0
2004-10-18,4.3832269268087884,4.409201580122198,4.318290293525265,4.324783802032471,180727,0.0,0.0
2004-10-19,4.357251603848364,4.370238928509104,4.331276954526886,4.337770462036133,63963,0.0,0.0
2004-10-20,4.350758363011011,4.370239507403772,4.318290201879458,4.36374568939209,54219,0.0,0.0
2004-10-21,4.33127731919586,4.389720439910889,4.324783501497626,4.389720439910889,84252,0.0,0.0
2004-10-22,4.389720401092662,4.402707726732014,4.357251932173148,4.3702392578125,65732,0.0,0.0
2004-10-25,4.344264406859741,4.344264406859741,4.266340456605224,4.318289756774902,154144,0.0,0.0
2004-10-26,4.318290902095387,4.318290902095387,4.285822426056747,4.305303573608398,152378,0.0,0.0
2004-10-27,4.298809808016007,4.376733779907227,4.279328969864372,4.376733779907227,209903,0.0,0.0
2004-10-28,4.350759122610153,4.376733779907227,4.3377717939616165,4.376733779907227,34944,0.0,0.0
2004-10-29,4.37023983048605,4.402708303660213,4.324784029970685,4.396214485168457,94910,0.0,0.0
2004-11-02,4.415695858436154,4.448164023640312,4.389721202415897,4.402708530426025,115924,0.0,0.0
2004-11-03,4.428682958342619,4.428682958342619,4.376733339335498,4.396214485168457,70752,0.0,0.0
2004-11-04,4.40270792433785,4.441669903004628,4.38322678018332,4.422188758850098,148595,0.0,0.0
2004-11-05,4.428682576782369,4.428682576782369,4.396214106405579,4.422188758850098,161803,0.0,0.0
2004-11-08,4.415695440220467,4.422188948789361,4.383226968449111,4.409201622009277,59892,0.0,0.0
2004-11-09,4.389720651796532,4.402707978177611,4.337771036629933,4.36374568939209,450321,0.0,0.0
2004-11-10,4.396214927701201,4.396214927701201,4.357252941755592,4.376733779907227,94519,0.0,0.0
2004-11-11,4.402707626156848,4.402707626156848,4.318289856608361,4.344264507293701,239523,0.0,0.0
2004-11-12,4.324784028800041,4.363746010813104,4.298809374124666,4.331277847290039,279261,0.0,0.0
2004-11-15,4.344264657656087,4.344264657656087,4.311796188354492,4.311796188354492,68289,0.0,0.0
2004-11-16,4.3117963175440845,4.324783643725393,4.292315483093262,4.292315483093262,187000,0.0,0.0
2004-11-17,4.298808862562309,4.344264657656087,4.285821536770125,4.311796188354492,222954,0.0,0.0
2004-11-18,4.3312782305823765,4.3312782305823765,4.27932891663442,4.305303573608398,214559,0.0,0.0
2004-11-19,4.298809432862317,4.318290578956187,4.266341268895617,4.272834777832031,161649,0.0,0.0
2004-11-22,4.279328210661916,4.279328210661916,4.22088508729082,4.233872413635254,81286,0.0,0.0
2004-11-23,4.23387187590404,4.272833849988901,4.2273783683776855,4.2273783683776855,176845,0.0,0.0
2004-11-24,4.272833959878445,4.272833959878445,4.142960709588804,4.175428867340088,399293,0.0,0.0
2004-11-25,4.207897798303431,4.292315575112844,4.155948492464497,4.253353595733643,169916,0.0,0.0
2004-11-26,4.2533534066919545,4.285821566577087,4.220884937164549,4.266340732574463,131993,0.0,0.0
2004-11-29,4.279327781647644,4.344264406859741,4.279327781647644,4.318289756774902,389593,0.0,0.0
2004-11-30,4.331277081817322,4.357251731902161,4.298808614390146,4.318289756774902,158133,0.0,0.0
2004-12-01,4.344265452095467,4.558556521675215,4.33777163319071,4.5390753746032715,1738599,0.0,0.0
2004-12-02,4.539074601948389,4.54556841974775,4.461150646209717,4.461150646209717,341531,0.0,0.0
2004-12-03,4.480631729350808,4.493619055131559,4.4221886085162945,4.454657077789307,315919,0.0,0.0
2004-12-06,4.454657229226887,4.474138063739135,4.422188758850098,4.422188758850098,125569,0.0,0.0
2004-12-07,4.441669947071358,4.513100087181317,4.428682620720249,4.506606578826904,277353,0.0,0.0
2004-12-08,4.467644464009076,4.480631789965522,4.461150646209717,4.461150646209717,15056,0.0,0.0
2004-12-09,4.474138108127989,4.513100087181317,4.4676445997735765,4.506606578826904,205478,0.0,0.0
2004-12-10,4.5066064804432715,4.526087314723507,4.461150684385592,4.4806318283081055,108641,0.0,0.0
2004-12-13,4.5195940991390975,4.57154340677297,4.448163646321373,4.558556079864502,450147,0.0,0.0
2004-12-14,4.578037357910924,4.642973994337838,4.552062703340158,4.6040120124816895,975256,0.0,0.0
2004-12-15,4.636479112852258,4.636479112852258,4.5585551670058555,4.578036308288574,299305,0.0,0.0
2004-12-16,4.597517589748941,4.6299860585161,4.5650494306240486,4.623492240905762,249790,0.0,0.0
2004-12-17,4.629985682622506,4.66894765619454,4.584529891967346,4.649466514587402,457906,0.0,0.0
2004-12-20,4.649467075139104,4.759859501723515,4.623492422959511,4.753365993499756,793383,0.0,0.0
2004-12-21,4.766353482666567,4.870252094939749,4.7468723380442,4.850770950317383,835930,0.0,0.0
2004-12-22,4.863758695390584,4.863758695390584,4.779341220475426,4.844277858734131,393397,0.0,0.0
2004-12-23,4.857265053775352,4.870252381072519,4.792328417289513,4.798821926116943,262285,0.0,0.0
2004-12-27,4.8118088669363415,4.8247961931903856,4.694922930649947,4.759859561920166,288983,0.0,0.0
2004-12-28,4.77284688817421,4.798821540682297,4.746872235666123,4.759859561920166,139498,0.0,0.0
2004-12-29,4.766353379868329,4.766353379868329,4.694922930649947,4.759859561920166,209702,0.0,0.0
2004-12-30,4.766353091264808,4.766353091264808,4.707909971839211,4.7468719482421875,126071,0.0,0.0
2005-01-03,4.740379970364051,4.798822799010756,4.707911491394043,4.707911491394043,130383,0.0,0.0
2005-01-04,4.753366752905272,4.850771559319156,4.714404768411253,4.8312907218933105,242552,0.0,0.0
2005-01-05,4.824796582092703,4.863758563995361,4.733885290986499,4.863758563995361,262405,0.0,0.0
2005-01-07,4.935189247131348,4.9611639029339605,4.922201919230041,4.935189247131348,198894,0.0,0.0
2005-01-10,4.935188321989407,4.935188321989407,4.863757877101288,4.889732837677002,308150,0.0,0.0
2005-01-11,4.91570818143376,4.91570818143376,4.779341089992346,4.798821926116943,495059,0.0,0.0
2005-01-12,4.805315305268351,4.863758117941411,4.805315305268351,4.818302631378174,210821,0.0,0.0
2005-01-13,5.097530115766185,5.383251589634804,5.000125018595158,5.1040239334106445,4856031,0.0,0.0
2005-01-14,5.12999858470395,5.155973235997254,5.07155546447288,5.1040239334106445,907735,0.0,0.0
2005-01-17,5.117011928096421,5.117011928096421,5.045581472879309,5.091037273406982,393631,0.0,0.0
2005-01-18,5.097530841827393,5.11051816932388,5.05207535041084,5.097530841827393,273927,0.0,0.0
2005-01-19,5.0975302059207515,5.110517531797097,5.058568228291716,5.065062046051025,369610,0.0,0.0
2005-01-20,5.032594393052671,5.142986835733373,4.97415126230587,5.084543704986572,703567,0.0,0.0
2005-01-21,5.0780489408328995,5.084542448398677,5.006618499755859,5.006618499755859,349526,0.0,0.0
2005-01-24,5.019606013440189,5.032593338702764,4.902720086077015,4.993631362915039,429201,0.0,0.0
2005-01-25,5.000125107027026,5.065062046051025,4.967656947157299,5.065062046051025,194770,0.0,0.0
2005-01-26,5.065062449062828,5.071555957696533,5.006619323147993,5.026100158691406,426894,0.0,0.0
2005-01-27,5.045581015251532,5.045581015251532,4.974150566513071,5.013112545013428,154743,0.0,0.0
2005-01-28,5.006619160805294,5.006619160805294,4.928695201873779,4.928695201873779,158472,0.0,0.0
2005-01-31,4.935188678439556,4.993631802082078,4.915707843653573,4.974150657653809,391886,0.0,0.0
2005-02-01,4.948176354813162,4.980644827942575,4.902720864002755,4.977397918701172,433308,0.0,0.0
2005-02-02,4.967656736928282,4.98064406225501,4.941682086274827,4.964409828186035,340485,0.0,0.0
2005-02-03,4.967657095787217,5.045581053376736,4.889733138197698,5.032593727111816,441203,0.0,0.0
2005-02-04,5.032594364539213,5.078050167044996,5.026100545763105,5.048828601837158,309240,0.0,0.0
2005-02-07,5.065061742615328,5.162466526031494,5.065061742615328,5.162466526031494,497803,0.0,0.0
2005-02-08,5.1559736242319945,5.162467132723135,5.097530499600272,5.142986297607422,321402,0.0,0.0
2005-02-09,5.1299986453524795,5.152726388092249,5.091036667951902,5.110517501831055,130869,0.0,0.0
2005-02-10,5.065062865826988,5.1592210710804824,5.065062865826988,5.14948034286499,200269,0.0,0.0
2005-02-11,5.129998530668294,5.224156718025296,5.12025811394647,5.178700923919678,422929,0.0,0.0
2005-02-14,5.207923131114997,5.302081014936082,5.162467024419184,5.2598724365234375,492491,0.0,0.0
2005-02-15,5.289093441665217,5.289093441665217,5.204675674438477,5.204675674438477,232895,0.0,0.0
2005-02-16,5.227403883075288,5.227403883075288,5.117011456008656,5.155973434448242,262852,0.0,0.0
2005-02-17,5.175454650813081,5.175454650813081,5.1235053423929315,5.129999160766602,117702,0.0,0.0
2005-02-18,5.117011043008551,5.1754538511298,5.110517225638271,5.162466526031494,214715,0.0,0.0
2005-02-21,5.168960343401775,5.2923397770145515,5.1299983681068575,5.162466526031494,831775,0.0,0.0
2005-02-22,5.162467323708043,5.246885104711938,5.03908787103134,5.129999160766602,616433,0.0,0.0
2005-02-23,5.117011410400273,5.117011410400273,5.032593636379122,5.0715556144714355,217741,0.0,0.0
2005-02-24,5.15922000404023,5.15922000404023,5.052074492968453,5.058568000793457,197305,0.0,0.0
2005-02-25,5.081295302937296,5.1429853249689526,5.071554887221541,5.094282627105713,50260,0.0,0.0
2005-02-28,5.110517501831055,5.1397390622920565,5.097530176030862,5.110517501831055,111565,0.0,0.0
2005-03-01,5.1040249535778655,5.207923889160156,5.068309568679256,5.207923889160156,312307,0.0,0.0
2005-03-02,5.194935796291788,5.194935796291788,5.100777597369691,5.129999160766602,134518,0.0,0.0
2005-03-03,5.162467323708043,5.181948469186751,5.065062525241415,5.129999160766602,66062,0.0,0.0
2005-03-04,5.120258241160865,5.159220218658447,5.084542862889711,5.159220218658447,124232,0.0,0.0
2005-03-07,5.175454843189148,5.194935989391986,5.126752442145524,5.181948661804199,108866,0.0,0.0
2005-03-08,5.175454459347708,5.194935604105712,5.117011644358277,5.142986297607422,79493,0.0,0.0
2005-03-09,5.113763948309893,5.2079224389004075,5.107270131175826,5.1754536628723145,271746,0.0,0.0
2005-03-10,5.146233647312422,5.194936048914064,5.1235055915416465,5.188442230224609,117331,0.0,0.0
2005-03-11,5.181948086090628,5.383251796157681,5.168960759945731,5.363770961761475,1205796,0.0,0.0
2005-03-14,5.383251796157681,5.431954191790477,5.3572771438678854,5.363770961761475,608790,0.0,0.0
2005-03-15,5.4124739348854,5.435201680653368,5.367018443349464,5.389746189117432,356131,0.0,0.0
2005-03-16,5.389745462989102,5.396239280700684,5.233897553618388,5.396239280700684,175026,0.0,0.0
2005-03-17,5.389745489259541,5.389745489259541,5.233897579129202,5.240390777587891,298571,0.0,0.0
2005-03-18,5.246884961147633,5.3832520468404255,5.246884961147633,5.3572773933410645,343047,0.0,0.0
2005-03-21,5.376758551944521,5.418967753471855,5.308575314640617,5.389746189117432,478124,0.0,0.0
2005-03-22,5.386497884253271,5.568320422573807,5.386497884253271,5.519618034362793,1269718,0.0,0.0
2005-03-23,5.539100926262608,5.714430332183838,5.47416459092062,5.714430332183838,986200,0.0,0.0
2005-03-24,5.727415433704225,5.733909250849368,5.555333614349365,5.555333614349365,326695,0.0,0.0
2005-03-29,5.642998179222908,5.678713557468064,5.487150269346027,5.5261125564575195,631221,0.0,0.0
2005-03-30,5.493644961554352,5.626765149841428,5.493644961554352,5.6170244216918945,267345,0.0,0.0
2005-03-31,5.610531015305975,5.880018291325198,5.604037196779097,5.691701889038086,907731,0.0,0.0
2005-04-01,5.7046883930358385,5.883264670734452,5.70144148406482,5.753390789031982,814417,0.0,0.0
2005-04-04,5.883264547500705,5.948200867707187,5.707935182445645,5.740403652191162,1785044,0.0,0.0
2005-04-05,5.844302259949174,5.847549168852181,5.707935182445645,5.740403652191162,575040,0.0,0.0
2005-04-06,5.772872040425278,5.857289812857845,5.727415935709561,5.844302177429199,594055,0.0,0.0
2005-04-07,5.841055119344387,5.883264314124578,5.727415789385176,5.733909606933594,1034170,0.0,0.0
2005-04-08,5.779366895771873,5.779366895771873,5.555335693959951,5.720924377441406,881251,0.0,0.0
2005-04-11,5.64949261561941,5.681961088553782,5.604037125082056,5.652739524841309,295560,0.0,0.0
2005-04-12,5.678714053817849,5.714429435184719,5.630011655135044,5.655986309051514,133600,0.0,0.0
2005-04-13,5.655986156648861,5.714429281207296,5.655986156648861,5.688454627990723,283181,0.0,0.0
2005-04-14,5.694948599568517,5.7533911064171255,5.604037001218574,5.655986309051514,384853,0.0,0.0
2005-04-15,5.623517211189784,5.649491862216442,5.487150138478702,5.561827182769775,629799,0.0,0.0
2005-04-18,5.347535966799536,5.506630776090347,5.324808225370064,5.493643760681152,570557,0.0,0.0
2005-04-19,5.555334625102222,5.67222025855884,5.555334625102222,5.642998695373535,594194,0.0,0.0
2005-04-20,5.714428872396425,5.792352826471456,5.701441237074985,5.759884357452393,929282,0.0,0.0
2005-04-21,5.6819610827667,5.782612791404591,5.659233337521171,5.668973445892334,369783,0.0,0.0
2005-04-22,5.740404990177572,5.743651899837376,5.675468035550888,5.714430332183838,277461,0.0,0.0
2005-04-26,5.792352956070168,5.935213851379711,5.733909834385148,5.740403652191162,987888,0.0,0.0
2005-04-27,5.740403704955368,5.805340025758727,5.659232839487751,5.681960582733154,328189,0.0,0.0
2005-04-28,5.681960929330668,5.789106453512376,5.681960929330668,5.701441764831543,249741,0.0,0.0
2005-04-29,5.70144148406482,5.795599986370654,5.698194575093802,5.753390789031982,185283,0.0,0.0
2005-05-02,5.7826131913906,5.86378406961618,5.7761199917888915,5.854043960571289,384723,0.0,0.0
2005-05-03,5.85404379430571,5.85404379430571,5.7728729183855325,5.789106845855713,368779,0.0,0.0
2005-05-04,5.789105917641096,5.82482129549052,5.727415888433328,5.759884357452393,386402,0.0,0.0
2005-05-05,5.753390960955866,5.818327903747559,5.746897762104363,5.818327903747559,580784,0.0,0.0
2005-05-06,5.811833759774699,5.811833759774699,5.759884456167684,5.785859107971191,144846,0.0,0.0
2005-05-09,5.779365238855058,5.860536102430463,5.779365238855058,5.844302177429199,532756,0.0,0.0
2005-05-10,5.844303232241744,5.88326552627527,5.824822394867308,5.854043960571289,494183,0.0,0.0
2005-05-11,5.844302789200954,6.019632170133595,5.824821953303308,5.954695224761963,1525522,0.0,0.0
2005-05-12,5.9741750237244675,6.006643490774745,5.915731906890869,5.915731906890869,761545,0.0,0.0
2005-05-13,5.909239734572586,5.97417606065961,5.905992825375543,5.954695224761963,311505,0.0,0.0
2005-05-16,5.941707814095876,5.99365712465636,5.941707814095876,5.961189270019531,210612,0.0,0.0
2005-05-17,5.967682469376118,5.9969040339769695,5.948201632737095,5.961189270019531,228571,0.0,0.0
2005-05-18,5.961187789803584,6.123529499815364,5.961187789803584,6.052098751068115,10172376,0.0,0.0
2005-05-19,6.091061367353604,6.120282926297941,6.026124432080744,6.068333625793457,582273,0.0,0.0
2005-05-20,6.091061416438384,6.110542249463424,6.009890556335449,6.009890556335449,474816,0.0,0.0
2005-05-23,6.073294175560481,6.2067730355390545,6.073294175560481,6.186751365661621,403733,0.25,0.0
2005-05-24,6.23680571249795,6.23680571249795,6.026575956038554,6.079967498779297,456062,0.0,0.0
2005-05-25,6.076631297784441,6.13335989944123,6.049935522679923,6.093316555023193,330986,0.0,0.0
2005-05-26,6.0933156873510965,6.140033128012194,6.039924144744873,6.039924144744873,271703,0.0,0.0
2005-05-27,6.046598392135542,6.12001160586564,5.996543262820458,5.999880313873291,262258,0.0,0.0
2005-05-30,5.999880467102657,6.166729205140956,5.993206364826543,6.146707534790039,272938,0.0,0.0
2005-05-31,6.166728579787258,6.200098451306442,6.106662938348201,6.11333703994751,278811,0.0,0.0
2005-06-01,6.186751456377708,6.186751456377708,6.053271957964521,6.059946060180664,348085,0.0,0.0
2005-06-03,6.1066629587801025,6.143369881221755,5.933140771959021,5.973184108734131,996620,0.0,0.0
2005-06-06,5.9398143644362955,6.073293853821055,5.906445128567482,5.929803848266602,494487,0.0,0.0
2005-06-07,5.9531630580186174,6.073294353762927,5.939814853390392,6.00655460357666,367020,0.0,0.0
2005-06-08,6.033248894161074,6.046597095510032,5.966509160370827,5.996541976928711,304580,0.0,0.0
2005-06-09,5.99987902726595,6.019901329289388,5.966509160370827,5.996541976928711,273221,0.0,0.0
2005-06-10,6.039923374782576,6.063282092135382,5.979857737888323,6.009890556335449,219280,0.0,0.0
2005-06-13,6.00655340092265,6.00655340092265,5.973183532510953,5.986531734466553,338575,0.0,0.0
2005-06-14,5.993205965623231,6.0065541692863444,5.9464885257571,5.9798583984375,188148,0.0,0.0
2005-06-15,5.9798585430462445,5.9798585430462445,5.926467000057408,5.939814567565918,314215,0.0,0.0
2005-06-16,5.989869491194268,5.999880007363962,5.923129746501888,5.929803848266602,305133,0.0,0.0
2005-06-17,5.9064445398229175,5.926466206643955,5.829693650133868,5.833030700683594,624737,0.0,0.0
2005-06-20,5.806335535055234,5.886422847124164,5.686204885190525,5.789650917053223,471422,0.0,0.0
2005-06-21,5.7896506284603575,5.866400885807692,5.7662919098309375,5.796324729919434,338266,0.0,0.0
2005-06-22,5.792988388979229,5.8063359570554525,5.739596843719482,5.739596843719482,285233,0.0,0.0
2005-06-23,5.7496063856038155,5.829693689911738,5.71957356692868,5.806334972381592,259297,0.0,0.0
2005-06-24,5.786313995029646,5.799661562433054,5.709563732147217,5.709563732147217,356351,0.0,0.0
2005-06-27,5.706227005556185,5.739596880677757,5.562736988067627,5.562736988067627,437016,0.0,0.0
2005-06-28,5.579421026154004,5.619464999423799,5.495996665279514,5.539377689361572,597279,0.0,0.0
2005-06-29,5.556060584572487,5.606115058284873,5.516017260193443,5.546050071716309,442909,0.0,0.0
2005-06-30,5.53937813633677,5.632813020709993,5.439268513323069,5.606117248535156,545256,0.0,0.0
2005-07-01,5.592768585630526,5.686204088186629,5.592768585630526,5.609453201293945,464430,0.0,0.0
2005-07-04,5.619465394701277,5.662845785357382,5.552725646716215,5.592769622802734,334251,0.0,0.0
2005-07-05,5.559399647909387,5.572747851855097,5.509345156067763,5.532703876495361,308905,0.0,0.0
2005-07-06,5.529365802954906,5.622801303863525,5.529365802954906,5.622801303863525,377732,0.0,0.0
2005-07-07,5.652835327199182,5.686205201537082,5.339159526786783,5.606117248535156,718564,0.0,0.0
2005-07-08,5.59944353683904,5.632812773233455,5.552725460227564,5.586095333099365,303183,0.0,0.0
2005-07-11,5.562736569804326,5.612791060484362,5.562736569804326,5.576084136962891,185163,0.0,0.0
2005-07-12,5.579421404631596,5.6161283295791256,5.516019344329834,5.516019344329834,166240,0.0,0.0
2005-07-13,5.519355725746297,5.5493879084955795,5.47263765335083,5.47263765335083,644673,0.0,0.0
2005-07-14,5.489322906519686,5.522692139902739,5.44260483412422,5.47263765335083,838360,0.0,0.0
2005-07-15,5.479312620329826,5.572748143405903,5.479312620329826,5.52603006362915,314682,0.0,0.0
2005-07-18,5.572747909452472,5.679530996212236,5.572747909452472,5.656172275543213,615117,0.0,0.0
2005-07-19,5.686205126978007,5.799661679875332,5.686205126978007,5.772965908050537,1012068,0.0,0.0
2005-07-20,5.806335970445342,5.873075720412643,5.77296609546169,5.779640197753906,683289,0.0,0.0
2005-07-21,5.826357055444881,5.993205777121687,5.826357055444881,5.973184108734131,1317773,0.0,0.0
2005-07-22,5.989868701340106,6.0732930529661395,5.939813581182653,6.00321626663208,1032636,0.0,0.0
2005-07-25,6.00655340092265,6.073293137746044,5.949824815565956,5.986531734466553,388150,0.0,0.0
2005-07-26,6.003216823291978,6.003216823291978,5.82969400306504,5.913118362426758,536605,0.0,0.0
2005-07-27,5.913118240062629,5.9264664427934095,5.833030933109963,5.8497161865234375,635468,0.0,0.0
2005-07-28,5.906445330555943,5.939814567565918,5.8730754570685715,5.939814567565918,399204,0.0,0.0
2005-07-29,5.939814567565918,5.966510339060336,5.8730754570685715,5.939814567565918,255918,0.0,0.0
2005-08-01,5.87307502636045,5.939814131963414,5.87307502636045,5.913118362426758,205000,0.0,0.0
2005-08-02,5.953161716461182,5.993205048367151,5.906444283745122,5.953161716461182,483432,0.0,0.0
2005-08-03,5.9665099015000695,5.986532206010575,5.909781311675007,5.913118362426758,209488,0.0,0.0
2005-08-04,5.926467173321675,5.946488843408486,5.876412679865939,5.906445503234863,223437,0.0,0.0
2005-08-05,5.933140333104418,5.956499050575026,5.899770463941842,5.909780979156494,174393,0.0,0.0
2005-08-08,5.956498923608269,5.956498923608269,5.846378803253174,5.846378803253174,219947,0.0,0.0
2005-08-09,5.909780994219661,5.909780994219661,5.769628689038783,5.806334972381592,407862,0.0,0.0
2005-08-10,5.79298887093421,5.90644607316974,5.79298887093421,5.853054523468018,290509,0.0,0.0
2005-08-11,5.853053120696822,5.903107606986201,5.716236591339111,5.716236591339111,515692,0.0,0.0
2005-08-12,5.712900681085747,5.779639789865623,5.679530808457118,5.68620491027832,358262,0.0,0.0
2005-08-16,5.692878020359165,5.772965327783612,5.692878020359165,5.749606609344482,186487,0.0,0.0
2005-08-17,5.739595810996144,5.806334912323771,5.739595810996144,5.79298734664917,232591,0.0,0.0
2005-08-18,5.772965163241509,5.8196832352655425,5.706226060528685,5.712900161743164,242650,0.0,0.0
2005-08-19,5.6962147466251665,5.792987302049554,5.659507827467323,5.782976150512695,540306,0.0,0.0
2005-08-22,5.732921769218659,5.806334972381592,5.712900102261007,5.806334972381592,281014,0.0,0.0
2005-08-23,5.806334648795996,5.8163457999555614,5.692877481563382,5.699551582336426,423042,0.0,0.0
2005-08-24,5.732922452461226,5.752944121805036,5.6862050118332075,5.709563732147217,188777,0.0,0.0
2005-08-25,5.709563358394029,5.739596178682463,5.706226307642275,5.732922077178955,52329,0.0,0.0
2005-08-26,5.726247242379221,5.756280058821689,5.666181609494283,5.676192760467529,103815,0.0,0.0
2005-08-29,5.679529871596802,5.71957320296395,5.679529871596802,5.689540386199951,59949,0.0,0.0
2005-08-30,5.7129004091457825,5.7729654132453,5.696215155387013,5.732922077178955,136288,0.0,0.0
2005-08-31,5.726247787475586,5.742932404208645,5.679530351441156,5.726247787475586,259936,0.0,0.0
2005-09-01,5.732921769218659,5.806334972381592,5.729584718646164,5.806334972381592,224606,0.0,0.0
2005-09-02,5.806336440120902,5.899771970337656,5.799662337288818,5.853054523468018,397778,0.0,0.0
2005-09-05,5.873074715518942,5.873074715518942,5.80633497697093,5.843041896820068,124580,0.0,0.0
2005-09-06,5.873074675674563,5.873074675674563,5.816346089236809,5.86973762512207,324828,0.0,0.0
2005-09-07,5.846379526569192,5.903108119011648,5.846379526569192,5.866401195526123,263804,0.0,0.0
2005-09-08,5.906445001949827,5.973184108734131,5.876412181129813,5.973184108734131,683634,0.0,0.0
2005-09-09,5.966509575187222,6.0065535455408465,5.966509575187222,5.983194828033447,827299,0.0,0.0
2005-09-12,6.003216870158434,6.019902124047449,5.946488279890498,5.959836483001709,613728,0.0,0.0
2005-09-13,5.9665106165701225,5.979858821176872,5.8597275256258365,5.893097400665283,382422,0.0,0.0
2005-09-14,5.926466098620958,6.00655340092265,5.886422129231461,5.986531734466553,1271984,0.0,0.0
2005-09-15,5.999880212547708,5.999880212547708,5.939814567565918,5.939814567565918,376087,0.0,0.0
2005-09-16,5.939813772365542,5.973183641385479,5.833030700683594,5.833030700683594,774974,0.0,0.0
2005-09-19,5.903107310305732,5.919791926071207,5.85638924050327,5.899770259857178,273625,0.0,0.0
2005-09-20,5.906444110400986,5.92312872545926,5.839704377213355,5.879748344421387,433120,0.0,0.0
2005-09-21,5.9064449805274215,5.9164554964462095,5.8230206199915955,5.859726905822754,554328,0.0,0.0
2005-09-22,5.866400609731863,5.88308522611702,5.752943436176309,5.806334972381592,359477,0.0,0.0
2005-09-23,5.8497161865234375,5.886422471078407,5.79966106276035,5.8497161865234375,535764,0.0,0.0
2005-09-26,5.873074695907245,5.92312918141245,5.873074695907245,5.909780979156494,390586,0.0,0.0
2005-09-27,5.90644456506982,5.93981379775508,5.879748797035223,5.909780979156494,382865,0.0,0.0
2005-09-28,5.886423196670636,5.9398147412204105,5.886423196670636,5.906445503234863,366183,0.0,0.0
2005-09-29,5.939814113791116,5.959836418240365,5.8463792389373515,5.873075008392334,358521,0.0,0.0
2005-09-30,5.906445934151493,5.9531633799215555,5.899771831476494,5.933141708374023,359901,0.0,0.0
2005-10-03,5.926466565433762,5.949825284218666,5.883085542138351,5.913118362426758,246295,0.0,0.0
2005-10-04,5.943150932885693,6.293533609362448,5.916455164471235,6.250152587890625,2494606,0.0,0.0
2005-10-05,6.223457508574067,6.333577645036523,6.076630447798326,6.079967498779297,1558381,0.0,0.0
2005-10-06,6.036586250708773,6.113336502926682,5.973183564039616,6.09998893737793,427768,0.0,0.0
2005-10-07,6.093315114120246,6.303544213795196,6.086641012802989,6.270174980163574,1493728,0.0,0.0
2005-10-10,6.240141790681898,6.306880890464943,6.109999368621964,6.116673469543457,706468,0.0,0.0
2005-10-11,6.126685060869807,6.240142238773125,6.086641088942672,6.180076599121094,428148,0.0,0.0
2005-10-12,6.140033726616462,6.273512596145143,6.1100009014128265,6.253490924835205,647041,0.0,0.0
2005-10-13,6.223457387864136,6.240142642445363,6.00655417012724,6.016565322875977,680689,0.0,0.0
2005-10-14,6.059945771149056,6.133358982592901,6.016565381768009,6.066619873046875,337045,0.0,0.0
2005-10-17,6.1600550475131355,6.1600550475131355,6.039924390009653,6.059946060180664,156127,0.0,0.0
2005-10-18,6.059945625513827,6.116674217327187,6.033249855041504,6.033249855041504,150606,0.0,0.0
2005-10-19,6.019902943739591,6.059946285570962,5.906445747754969,5.926467418670654,352511,0.0,0.0
2005-10-20,6.0065535455408465,6.059945081694135,5.946487908249067,5.983194828033447,171363,0.0,0.0
2005-10-21,5.939815174571559,5.993206723016621,5.933141708374023,5.933141708374023,129267,0.0,0.0
2005-10-24,5.9464892355612,6.133359653808939,5.933141666782233,6.073294639587402,187198,0.0,0.0
2005-10-25,6.103325955668842,6.106662369680441,5.953161866054855,5.986531734466553,265025,0.0,0.0
2005-10-26,5.90644516276514,6.083304405212402,5.90644516276514,6.083304405212402,230435,0.0,0.0
2005-10-27,6.046598769377446,6.073294542988226,5.806336170402976,5.826357841491699,404660,0.0,0.0
2005-10-28,5.833031652120862,5.959837047784638,5.813009982034051,5.906445503234863,252870,0.0,0.0
2005-10-31,5.976521035470723,5.999879754184164,5.873075008392334,5.873075008392334,319379,0.0,0.0
2005-11-02,5.976521056413764,6.006553876715531,5.9064449000278785,5.949825286865234,199322,0.0,0.0
2005-11-03,5.9731845419280365,6.033250187924211,5.959836974194113,5.999880313873291,368857,0.0,0.0
2005-11-04,6.133358478546143,6.180076551514141,6.086641042055481,6.133358478546143,1409837,0.0,0.0
2005-11-07,6.140031643389569,6.206771373748779,6.1333575430581995,6.206771373748779,886619,0.0,0.0
2005-11-08,6.2134471519062835,6.246816389619394,6.160054971315003,6.226794719696045,796755,0.0,0.0
2005-11-09,6.2401418181955,6.2401418181955,6.153380415265433,6.193423748016357,268966,0.0,0.0
2005-11-10,6.130022257069048,6.220120082208267,6.130022257069048,6.213446617126465,212860,0.0,0.0
2005-11-11,6.213445474080149,6.2868586682934895,6.1734015085691745,6.206771373748779,273921,0.0,0.0
2005-11-14,6.2401421570384255,6.28685959327705,6.220119853098443,6.233468055725098,403189,0.0,0.0
2005-11-15,6.240141528250167,6.3002065245856596,6.176738845116998,6.200097560882568,364250,0.0,0.0
2005-11-16,6.240142116693898,6.270174935932365,6.200098145550164,6.2601637840271,312230,0.0,0.0
2005-11-17,6.273510608163454,6.306880474090576,6.246814842717206,6.306880474090576,306198,0.0,0.0
2005-11-18,6.320229165726514,6.417001084303127,6.203434944152832,6.203434944152832,1066499,0.0,0.0
2005-11-21,6.2134471519062835,6.246816389619394,6.120011631468307,6.226794719696045,339322,0.0,0.0
2005-11-22,6.213446050869118,6.266837585521882,6.160053879739055,6.193423748016357,267221,0.0,0.0
2005-11-23,6.196761234660456,6.286859694407703,6.196761234660456,6.220119953155518,325062,0.0,0.0
2005-11-24,6.220119953155518,6.266838026622984,6.206772386791487,6.220119953155518,104089,0.0,0.0
2005-11-25,6.246815621874419,6.246815621874419,6.1967611349791305,6.233468055725098,87045,0.0,0.0
2005-11-28,6.2668379449032,6.293533713760491,6.233468074712252,6.2735114097595215,222173,0.0,0.0
2005-11-29,6.273510467630752,6.290195718459174,6.183412659066228,6.206771373748779,399880,0.0,0.0
2005-11-30,6.196760798491818,6.2234565658182,6.173402081640895,6.193423748016357,145710,0.0,0.0
2005-12-01,6.180076182591815,6.2201195153427395,6.166727980689975,6.193423748016357,323079,0.0,0.0
2005-12-02,6.19342455721232,6.220120328026613,6.180076990043865,6.196761608123779,258468,0.0,0.0
2005-12-05,6.2267935888389125,6.2267935888389125,6.106662318161217,6.116673469543457,280409,0.0,0.0
2005-12-06,6.1266856774193075,6.186751323115952,6.1266856774193075,6.14003324508667,428385,0.0,0.0
2005-12-07,6.153381536193903,6.186751410550016,6.123348712921143,6.123348712921143,199502,0.0,0.0
2005-12-09,6.173403118971184,6.173403118971184,6.1266856774193075,6.14003324508667,72657,0.0,0.0
2005-12-12,6.173403161425059,6.186751365661621,6.140033287311063,6.186751365661621,129201,0.0,0.0
2005-12-13,6.2034352697594715,6.2034352697594715,6.1266850136741455,6.133358478546143,170666,0.0,0.0
2005-12-14,6.140032726991967,6.180076699569963,6.126685160450869,6.166728496551514,158216,0.0,0.0
2005-12-15,6.166727609821704,6.166727609821704,6.016564166320652,6.076629161834717,268616,0.0,0.0
2005-12-16,6.133359628541135,6.373622230347299,6.133359628541135,6.366948127746582,1324125,0.0,0.0
2005-12-19,6.360272635884509,6.3969795556931786,6.213446229604463,6.3402509689331055,682225,0.0,0.0
2005-12-20,6.39698042985263,6.467056591997239,6.280186189800877,6.430350303649902,730857,0.0,0.0
2005-12-21,6.433686564356148,6.4937515660399034,6.430349513738608,6.467055797576904,805157,0.0,0.0
2005-12-22,6.467055298068254,6.467055298068254,6.093314568453606,6.427011966705322,380131,0.0,0.0
2005-12-23,6.43702513018818,6.4603838535320595,6.2901980508413216,6.300208568572998,182070,0.0,0.0
2005-12-27,6.310217524331014,6.380294306425697,6.296869959846517,6.306880474090576,201756,0.0,0.0
2005-12-28,6.316892956227841,6.326903472581824,6.230131541121459,6.320230007171631,232210,0.0,0.0
2005-12-29,6.306881099695889,6.353599171218918,6.273511230458673,6.3402509689331055,166854,0.0,0.0
2005-12-30,6.346926448352742,6.346926448352742,6.246816818901629,6.290197849273682,190305,0.0,0.0
2006-01-02,6.3002081813441,6.306882283739992,6.24014316921338,6.246816635131836,179872,0.0,0.0
2006-01-03,6.263500963054364,6.400316859510866,6.263500963054364,6.396979808807373,450264,0.0,0.0
2006-01-04,6.373622082864201,6.460383505233529,6.37028503164106,6.406991958618164,555994,0.0,0.0
2006-01-05,6.373620548681107,6.420337981604919,6.346924781799316,6.346924781799316,144299,0.0,0.0
2006-01-09,6.333576763168552,6.373620732887207,6.300206894482558,6.316892147064209,165529,0.0,0.0
2006-01-10,6.313555365771083,6.313555365771083,6.240142160713249,6.270174980163574,190389,0.0,0.0
2006-01-11,6.306881701494975,6.360273242778185,6.260164261991511,6.296871185302734,256312,0.0,0.0
2006-01-12,6.28686016634486,6.547144412994385,6.270175548018017,6.547144412994385,816119,0.0,0.0
2006-01-13,6.530459402962418,6.673949417270111,6.47706785854245,6.567166328430176,1968102,0.0,0.0
2006-01-16,6.56716580792084,6.570502858742272,6.493751962804057,6.557154655456543,258413,0.0,0.0
2006-01-17,6.540470079682906,6.5571546974194765,6.463719819730887,6.530458927154541,302635,0.0,0.0
2006-01-18,6.460382159670817,6.61388266509968,6.403653573647692,6.570502281188965,328944,0.0,0.0
2006-01-19,6.5738412961715875,6.607210538469693,6.507101538620379,6.5838518142700195,293301,0.0,0.0
2006-01-20,6.560491264862312,6.570502416653019,6.460382292864525,6.493751525878906,215750,0.0,0.0
2006-01-23,6.350261777782357,6.473729459873245,6.340250626608522,6.440359592437744,239160,0.0,0.0
2006-01-24,6.44036125253181,6.467057026065968,6.386969705463496,6.4570465087890625,195792,0.0,0.0
2006-01-25,6.47373103861461,6.560492460514409,6.47373103861461,6.510437965393066,438016,0.0,0.0
2006-01-26,6.537133318290259,6.647253455068671,6.513774597833838,6.597198963165283,373340,0.0,0.0
2006-01-27,6.633904751275414,6.734014364016835,6.6005355168389555,6.700644493103027,517052,0.0,0.0
2006-01-30,6.700645739221759,6.867494488342298,6.693971636502345,6.80742883682251,773099,0.0,0.0
2006-01-31,6.807426263129477,6.927557520750865,6.734013070403755,6.80075216293335,1049215,0.0,0.0
2006-02-01,6.727340426610518,6.807427736870482,6.727340426610518,6.774057865142822,418247,0.0,0.0
2006-02-02,6.794081069228714,6.814102740324132,6.740689521989299,6.760711193084717,266420,0.0,0.0
2006-02-03,6.740688841965398,6.767384612891944,6.620557554557249,6.6405792236328125,731907,0.0,0.0
2006-02-06,6.70731984688267,7.0743872225137805,6.6939716414340085,7.034343242645264,1224851,0.0,0.0
2006-02-07,7.027667511299822,7.26125596069889,6.900862771311138,7.167820453643799,1275946,0.0,0.0
2006-02-08,7.107755834394404,7.154473912854346,6.960929406312903,7.0743865966796875,1402404,0.0,0.0
2006-02-09,7.081059889751261,7.181169509887695,7.081059889751261,7.181169509887695,531956,0.0,0.0
2006-02-10,7.13445041476407,7.1611461823632165,7.047689647424826,7.094407081604004,296803,0.0,0.0
2006-02-13,7.167820363392055,7.167820363392055,7.0209939581964775,7.041015625,321389,0.0,0.0
2006-02-14,7.020995140075684,7.074386684857616,6.967602958816332,7.020995140075684,483585,0.0,0.0
2006-02-15,7.020993215155718,7.054362444137642,6.940905283462815,6.947579383850098,217762,0.0,0.0
2006-02-16,6.940905084665893,6.9742749491693035,6.680621541789189,6.80075216293335,1388867,0.0,0.0
2006-02-17,6.7940798875691915,6.880841295862635,6.754035915865549,6.854145526885986,903303,0.0,0.0
2006-02-20,6.9275595321207755,7.187843787046473,6.907537862196463,7.0743865966796875,1297461,0.0,0.0
2006-02-21,7.074386684857616,7.16114746777019,6.947581288642462,7.020995140075684,747365,0.0,0.0
2006-02-22,7.181169482624079,7.394735653073827,7.16114717678637,7.321322441101074,2100600,0.0,0.0
2006-02-23,7.461476048161987,7.561585040142866,7.408084500908525,7.508193492889404,1260739,0.0,0.0
2006-02-24,7.5348865290535425,7.554908192880256,7.428103473341445,7.468146800994873,589018,0.0,0.0
2006-02-27,7.5348886861684194,7.601628433333582,7.481497143027249,7.521541118621826,417773,0.0,0.0
2006-02-28,7.574931925069301,7.608301158929185,7.388060905771789,7.428104877471924,462270,0.0,0.0
2006-03-01,7.374714199402279,7.508193059837236,7.361365995120077,7.481497287750244,620664,0.0,0.0
2006-03-02,7.474821607456446,7.474821607456446,7.301298807288016,7.3079729080200195,454953,0.0,0.0
2006-03-03,7.287952005606278,7.341343544099725,7.241234568543848,7.301299571990967,364491,0.0,0.0
2006-03-06,7.321321801574682,7.468148212694721,7.321321801574682,7.428104877471924,335213,0.0,0.0
2006-03-07,7.4281061207600265,7.514867543567666,7.3747145738749325,7.421432018280029,814463,0.0,0.0
2006-03-08,7.474822966992481,7.508192840244603,7.247908592650928,7.321322441101074,762158,0.0,0.0
2006-03-09,7.42810495940546,7.508192267211771,7.31464778089385,7.37471342086792,524170,0.0,0.0
2006-03-10,7.401409727975588,7.461475372314453,7.321322414349566,7.461475372314453,288235,0.0,0.0
2006-03-13,7.5081928714376325,7.5081928714376325,7.428105557186251,7.474822998046875,237833,0.0,0.0
2006-03-14,7.468148837758579,7.514866914731802,7.428105499184263,7.461475372314453,302856,0.0,0.0
2006-03-15,7.474822939680095,7.494844608967253,7.434779601105779,7.461475372314453,322602,0.0,0.0
2006-03-16,7.474822767818689,7.494844436645508,7.448126997223805,7.494844436645508,279844,0.0,0.0
2006-03-17,7.501520578654073,7.501520578654073,7.454803126526301,7.488173007965088,264493,0.0,0.0
2006-03-20,7.5148650636574486,7.661691450899936,7.5148650636574486,7.614974021911621,402005,0.0,0.0
2006-03-21,7.6416707038879395,7.8151935130711125,7.561583400375085,7.6416707038879395,594480,0.0,0.0
2006-03-22,7.701736802971888,7.701736802971888,7.528213983372258,7.601627826690674,271945,0.0,0.0
2006-03-23,7.6083008441539075,7.661692379893581,7.448126236934887,7.5015177726745605,248425,0.0,0.0
2006-03-24,7.448126627237701,7.554909704312783,7.374713420867919,7.37471342086792,365969,0.0,0.0
2006-03-27,7.39473548765319,7.401409589449792,7.141125347678691,7.174495220184326,702819,0.0,0.0
2006-03-28,7.141125019409219,7.401409249215348,7.134450917919417,7.207864761352539,474289,0.0,0.0
2006-03-29,7.214538354038813,7.214538354038813,7.041015546405713,7.094407081604004,414271,0.0,0.0
2006-03-30,7.214538427193143,7.554909308414234,7.214538427193143,7.5015177726745605,1866774,0.0,0.0
2006-03-31,7.50819292940975,7.581606142254337,7.381388173318665,7.56158447265625,566014,0.0,0.0
2006-04-03,7.588279476256964,7.608301143828624,7.4748222992219935,7.568257808685303,401037,0.0,0.0
2006-04-04,7.534888642854759,7.548236846802021,7.4414531246561175,7.474822998046875,394423,0.0,0.0
2006-04-05,7.508192742892094,7.621649928591765,7.454801200971941,7.554910182952881,493180,0.0,0.0
2006-04-06,7.561583409501021,7.601627379544432,7.428104570151837,7.5015177726745605,348834,0.0,0.0
2006-04-07,7.534889306855716,7.534889306855716,7.36136645911425,7.368040561676025,504504,0.0,0.0
2006-04-10,7.3947343063446285,7.474821605677783,7.274603039106259,7.448125839233398,151804,0.0,0.0
2006-04-11,7.281278116155105,7.348017859453579,7.24123477935791,7.24123477935791,575297,0.0,0.0
2006-04-12,7.234560489654541,7.274603825410722,7.101081643005026,7.234560489654541,588209,0.0,0.0
2006-04-13,7.334670095764287,7.341344197789581,7.174495466021636,7.194517135620117,142367,0.0,0.0
2006-04-18,7.334668674470757,7.334668674470757,7.16781997503433,7.3079729080200195,168754,0.0,0.0
2006-04-19,7.214538799297125,7.3880609811621545,7.214538799297125,7.301299571990967,266383,0.0,0.0
2006-04-20,7.341342234177034,7.341342234177034,7.267929040967067,7.2946248054504395,136382,0.0,0.0
2006-04-21,7.361364454663584,7.381386756896973,7.28795125590633,7.381386756896973,157270,0.0,0.0
2006-04-24,7.381388624223244,7.381388624223244,7.287953099595503,7.334670543670654,136541,0.0,0.0
2006-04-26,7.307973697562709,7.461474848596444,7.307973697562709,7.414756774902344,178843,0.0,0.0
2006-04-27,7.434780467494024,7.4948454823549815,7.354693144535283,7.44145393371582,206255,0.0,0.0
2006-04-28,7.441453780423207,7.461476088108535,7.334670685344597,7.368040561676025,161572,0.0,0.0
2006-05-02,7.454801270392937,7.461475372314453,7.334669981715208,7.461475372314453,244868,0.0,0.0
2006-05-03,7.434779271150651,7.454800939549249,7.24123477935791,7.24123477935791,343393,0.0,0.0
2006-05-04,7.274604978778828,7.381388709506046,7.274604978778828,7.3546929359436035,116823,0.0,0.0
2006-05-05,7.361366401976128,7.374714606996074,7.3013007523412705,7.3546929359436035,156886,0.0,0.0
2006-05-08,7.368040561676025,7.374714664237802,7.321323116698498,7.368040561676025,195117,0.0,0.0
2006-05-09,7.3747146188932575,7.421432063583537,7.314648969161499,7.394736289978027,158506,0.0,0.0
2006-05-10,7.354692640175317,7.588280490333616,7.354692640175317,7.581606388092041,480955,0.0,0.0
2006-05-11,7.574931991922949,7.735106607182456,7.508192250659484,7.514866352081299,593464,0.0,0.0
2006-05-12,7.488170659520263,7.601627838943096,7.348017710614253,7.388061046600342,637123,0.0,0.0
2006-05-15,7.354692649478177,7.401410092273445,7.234561354887578,7.287952899932861,204309,0.0,0.0
2006-05-16,7.327996565627549,7.50819351550894,7.214540004730225,7.214540004730225,429379,0.0,0.0
2006-05-17,7.294626207963482,7.401409286427794,7.107755184173585,7.107755184173584,995730,0.0,0.0
2006-05-18,7.107755866387069,7.174495615071725,6.900863791123981,6.934233665466309,325385,0.0,0.0
2006-05-19,6.934233591526571,7.134451562490787,6.934233591526571,7.1010823249816895,349748,0.0,0.0
2006-05-22,7.142287294564693,7.176625346498382,6.57227785927462,6.675292015075684,624678,0.3,0.0
2006-05-23,6.702761920400249,6.860716032824257,6.689026438479643,6.743967056274414,649001,0.0,0.0
2006-05-24,6.771437805129237,6.771437805129237,6.180825797989986,6.551675319671631,558016,0.0,0.0
2006-05-25,6.592879997950167,6.750834093918176,6.568842907093344,6.668423175811768,464904,0.0,0.0
2006-05-26,6.8401132444811035,6.843547114850606,6.702761704419998,6.781738758087158,364604,0.0,0.0
2006-05-29,6.798907201934917,6.867583296881242,6.702761454942599,6.730231761932373,267165,0.0,0.0
2006-05-30,6.664990065129159,6.73023229500131,6.383419232446179,6.469264030456543,778484,0.0,0.0
2006-05-31,6.489866564029344,6.8950541132712235,6.390286939438482,6.833245754241943,885626,0.0,0.0
2006-06-01,6.881319255705166,6.881319255705166,6.699328049920098,6.743967056274414,481393,0.0,0.0
2006-06-02,6.768004161854981,6.843548009977477,6.743967721068329,6.829812526702881,134128,0.0,0.0
2006-06-05,6.798908299961119,6.819511524738713,6.716497365682401,6.750835418701172,133038,0.0,0.0
2006-06-06,6.695893749257812,6.743966623003806,6.517336425424429,6.5963134765625,259081,0.0,0.0
2006-06-07,6.62378478225898,6.761136325047011,6.62378478225898,6.689026355743408,395036,0.0,0.0
2006-06-08,6.610049704780045,6.610049704780045,6.3902872228784835,6.407455921173096,445644,0.0,0.0
2006-06-09,6.472696988836654,6.572276599925107,6.434925073452892,6.558541774749756,218972,0.0,0.0
2006-06-12,6.524204730689759,6.589446961380932,6.187693275451229,6.197994232177734,616923,0.0,0.0
2006-06-13,6.139619869311375,6.146487610566677,5.933592871203147,6.101848602294922,777716,0.0,0.0
2006-06-14,6.180825830397402,6.215163882666162,6.0778123285349945,6.098414897918701,336899,0.0,0.0
2006-06-15,6.1464859753824115,6.5036005663266625,6.1464859753824115,6.404020309448242,483328,0.0,0.0
2006-06-16,6.482998134646167,6.510468440748507,6.266669555958206,6.294139862060547,234815,0.0,0.0
2006-06-19,6.345646671887668,6.476131118474801,6.3181763654920235,6.359382152557373,82773,0.0,0.0
2006-06-20,6.321610227504836,6.407455016748458,6.283838310655637,6.373116970062256,134137,0.0,0.0
2006-06-21,6.373117620905155,6.469264030456543,6.362816664307965,6.469264030456543,130584,0.0,0.0
2006-06-22,6.503602143812198,6.592880813203307,6.421191215515137,6.421191215515137,240992,0.0,0.0
2006-06-23,6.438359018474178,6.510468325108089,6.390286147384903,6.500167369842529,140449,0.0,0.0
2006-06-26,6.520771314932556,6.520771314932556,6.407456198430811,6.434926509857178,138436,0.0,0.0
2006-06-27,6.469264030456543,6.5173369077603205,6.434925980263631,6.469264030456543,171852,0.0,0.0
2006-06-28,6.455528413301864,6.4829987218925345,6.390286839738909,6.4486613273620605,162693,0.0,0.0
2006-06-29,6.472698312606154,6.57914568552433,6.441794130961543,6.517337322235107,434335,0.0,0.0
2006-06-30,6.661557088335868,6.695895143135604,6.592881633680316,6.630652904510498,461041,0.0,0.0
2006-07-03,6.654687658544286,6.853847539936697,6.592879961513886,6.816076278686523,422302,0.0,0.0
2006-07-04,6.819511348498054,6.922524849948241,6.740533632112784,6.867584228515625,364078,0.0,0.0
2006-07-05,6.867583246082625,6.901921293301793,6.750834278503719,6.7645697593688965,291492,0.0,0.0
2006-07-06,6.764569644601769,6.9705966145337905,6.764569644601769,6.860715389251709,412074,0.0,0.0
2006-07-07,6.922524422290478,6.93625990427202,6.833245754241943,6.833245754241943,186666,0.0,0.0
2006-07-10,6.833245732754001,6.881319264594397,6.798907682851956,6.843547344207764,154642,0.0,0.0
2006-07-11,6.798908356225357,6.846981892827022,6.716497421264648,6.716497421264648,279079,0.0,0.0
2006-07-12,6.764570319925574,6.8160770675506255,6.7027619607979805,6.706195831298828,144935,0.0,0.0
2006-07-13,6.695892515597779,6.702760254851539,6.5310707031695445,6.544805526733398,324743,0.0,0.0
2006-07-14,6.503601692271688,6.7577022006149,6.503601692271688,6.637519359588623,265220,0.0,0.0
2006-07-17,6.647821156214483,6.719930469878272,6.41432320825663,6.51046895980835,282410,0.0,0.0
2006-07-18,6.586013903126775,6.634086786963229,6.527639406349399,6.616918087005615,241553,0.0,0.0
2006-07-19,6.572276211435587,6.919089204617532,6.572276211435587,6.874450206756592,1270752,0.0,0.0
2006-07-20,6.895054539231933,6.99806804068212,6.805775865667965,6.867584228515625,370820,0.0,0.0
2006-07-21,6.816076387084775,6.901921176204372,6.816076387084775,6.860715389251709,230905,0.0,0.0
2006-07-24,6.850414549606069,6.929391599745607,6.836679068741571,6.891619682312012,177396,0.0,0.0
2006-07-25,6.867583411086792,6.922524025979983,6.853847929891598,6.888185977935791,156524,0.0,0.0
2006-07-26,6.901923251000654,6.991201937116471,6.8813206788028385,6.956863880157471,277390,0.0,0.0
2006-07-27,6.970598041147461,7.1422876545249245,6.949995470926457,7.087347030639648,319642,0.0,0.0
2006-07-28,7.073611958936389,7.197228030956162,7.039273906452722,7.135420322418213,220588,0.0,0.0
2006-07-31,7.142286565357106,7.169756873110641,7.032405334342966,7.053008556365967,159942,0.0,0.0
2006-08-01,6.970598163992297,7.107950381069984,6.949995593408208,7.004936218261719,153229,0.0,0.0
2006-08-02,6.970597306524819,7.080479197658954,6.970597306524819,7.046141147613525,122015,0.0,0.0
2006-08-03,7.094213586695338,7.094213586695338,6.977464616715571,7.025537490844727,119215,0.0,0.0
2006-08-04,7.004935356570246,7.0736114566611015,6.922524429427518,7.046141147613525,139224,0.0,0.0
2006-08-07,7.039273262023926,7.066743570507242,6.922524287233877,7.039273262023926,110029,0.0,0.0
2006-08-08,7.011803374761173,7.0942143051618,6.970597582088932,7.073611736297607,147788,0.0,0.0
2006-08-09,7.039272209358381,7.094212818109096,6.984331600607667,6.998066425323486,119573,0.0,0.0
2006-08-10,6.99806743994725,7.039273229956419,6.936259737349216,6.9499945640563965,180879,0.0,0.0
2006-08-11,6.956862336573977,7.066743570507242,6.915656546377094,7.039273262023926,94694,0.0,0.0
2006-08-14,7.066743434111435,7.073611174835663,7.018670558929443,7.018670558929443,51298,0.0,0.0
2006-08-16,7.0667423216879905,7.204093839832112,7.039272018059166,7.149153232574463,207837,0.0,0.0
2006-08-17,7.197228131823421,7.403255794668968,7.142287509057127,7.279639720916748,402412,0.0,0.0
2006-08-18,7.313975956104367,7.341446263120069,7.224697949511173,7.320843696594238,203003,0.0,0.0
2006-08-21,7.313976665602339,7.32084440675842,7.149154807519456,7.156022548675537,225701,0.0,0.0
2006-08-22,7.183492752165072,7.259035938933704,7.169757270055955,7.224698543548584,188736,0.0,0.0
2006-08-23,7.224697776182438,7.2659029082455415,7.190359729500674,7.210962295532227,153928,0.0,0.0
2006-08-24,7.183493068598255,7.465063914799991,7.183493068598255,7.444461345672607,472237,0.0,0.0
2006-08-25,7.437593406590843,7.478799198694038,7.3689173047334675,7.471931457519531,430201,0.0,0.0
2006-08-28,7.485666895716293,7.499402379186051,7.389521131203588,7.492534637451172,301490,0.0,0.0
2006-08-29,7.485666600334271,7.691694259643555,7.485666600334271,7.691694259643555,664926,0.0,0.0
2006-08-30,7.691695154384474,7.780973838968688,7.657357098014553,7.7260332107543945,452235,0.0,0.0
2006-08-31,7.7535022878449,7.787840338736427,7.671091358671544,7.698561668395996,486091,0.0,0.0
2006-09-01,7.698561419065232,7.801574913459702,7.691693678120581,7.760369777679443,499175,0.0,0.0
2006-09-04,7.760370136578873,7.932059738472459,7.739767567735922,7.842781066894531,570167,0.0,0.0
2006-09-05,7.8496484451284365,7.890853580908694,7.71229624601071,7.760369777679443,495008,0.0,0.0
2006-09-06,7.726032478581014,7.787840843200684,7.726032478581014,7.787840843200684,234027,0.0,0.0
2006-09-07,7.73289987988286,7.808443069458008,7.5886805870984055,7.808443069458008,765102,0.0,0.0
2006-09-08,7.787838834969486,7.8702497482299805,7.7603685305493215,7.8702497482299805,312399,0.0,0.0
2006-09-11,7.8221781267946815,7.877118744397524,7.712296236645172,7.774104595184326,372285,0.0,0.0
2006-09-12,7.760370120221644,7.801575257820694,7.698561758879215,7.739767551422119,331183,0.0,0.0
2006-09-13,7.753503524861541,7.767239009387089,7.657357098014553,7.7260332107543945,450799,0.0,0.0
2006-09-14,7.7603691556468535,7.835912335151378,7.691693061592725,7.7535014152526855,531876,0.0,0.0
2006-09-15,7.7603699753670785,7.801575112196996,7.719164183593319,7.7328996658325195,262380,0.0,0.0
2006-09-18,7.7397668441587095,7.856515159983406,7.657355266603709,7.6779584884643555,3249562,0.0,0.0
2006-09-19,7.6916933044800135,7.732899093202437,7.437592796365818,7.451328277587891,1521732,0.0,0.0
2006-09-20,7.334579634088669,7.739767178997557,7.334579634088669,7.671091079711914,3651238,0.0,0.0
2006-09-21,7.7397672305359,7.89772134302333,7.6573556488668295,7.8633832931518555,3561367,0.0,0.0
2006-09-22,7.767237663269043,7.966397569766001,7.7328996128501535,7.767237663269043,484483,0.0,0.0
2006-09-25,7.71229682909132,7.787840675306254,7.623018809836376,7.691694259643555,338932,0.0,0.0
2006-09-26,7.746633424802492,7.85651464778719,7.6916928133101425,7.829044342041016,518883,0.0,0.0
2006-09-27,7.7878402849016375,7.8427809039707554,7.6710913056438015,7.7328996658325195,2931220,0.0,0.0
2006-09-28,7.719163622298062,7.7741042373722,7.664223007223924,7.6779584884643555,502671,0.0,0.0
2006-09-29,7.650489120748023,7.794708416770133,7.650489120748023,7.691694259643555,460796,0.0,0.0
2006-10-02,7.746633885481536,7.746633885481536,7.588679781783711,7.602414608001709,3248081,0.0,0.0
2006-10-03,7.602413980515165,7.72603068099305,7.602413980515165,7.719162940979004,397353,0.0,0.0
2006-10-04,7.753502887215306,7.945795070151267,7.753502887215306,7.932060241699219,3336780,0.0,0.0
2006-10-05,7.918323234724003,8.076277988665526,7.829044574660319,7.890852928161621,718837,0.0,0.0
2006-10-06,7.870251003461213,7.911456794135257,7.7603697682555275,7.774104595184326,476060,0.0,0.0
2006-10-09,7.780973911630026,7.952663540138975,7.753503597266353,7.8839874267578125,418356,0.0,0.0
2006-10-10,7.883986113229176,7.925191905381484,7.643621066329564,7.801575183868408,1058935,0.0,0.0
2006-10-11,7.794709323494236,7.80157641081306,7.7260332107543945,7.7260332107543945,517165,0.0,0.0
2006-10-12,7.7603697682555275,7.808442644922059,7.7328994594541065,7.774104595184326,456410,0.0,0.0
2006-10-13,7.746634295790141,7.7947078274588755,7.732899468844663,7.760369777679443,647944,0.0,0.0
2006-10-16,7.794708026021238,7.794708026021238,7.719164183593319,7.7328996658325195,507871,0.0,0.0
2006-10-17,7.760368774278319,7.767236514334984,7.657354638259559,7.6848249435424805,404835,0.0,0.0
2006-10-18,7.657355785369873,7.726031886337071,7.629885475971761,7.657355785369873,552690,0.0,0.0
2006-10-19,7.629885896356382,7.698562001107435,7.581813015996969,7.691694259643555,435279,0.0,0.0
2006-10-20,7.691692683599145,7.753501034221654,7.616149507807046,7.6848249435424805,508352,0.0,0.0
2006-10-23,7.691693073605124,7.712295639876029,7.588679587306822,7.629884719848633,479182,0.0,0.0
2006-10-24,7.6298845908054425,7.657354897016639,7.588679458960527,7.595547199249268,331629,0.0,0.0
2006-10-25,7.61615147661282,7.671092101381035,7.581813422396707,7.623019218444824,207864,0.0,0.0
2006-10-26,7.684826728663888,7.691694470315872,7.595548706963655,7.650489330291748,335447,0.0,0.0
2006-10-27,7.657355785369873,7.684826094767985,7.6092829076591375,7.657355785369873,191620,0.0,0.0
2006-10-30,7.6230175054604645,7.6298845908054425,7.554341412460591,7.595547199249268,285131,0.0,0.0
2006-10-31,7.609281720529212,7.801573856316348,7.568076590332407,7.719162940979004,615295,0.0,0.0
2006-11-02,7.7466332941649885,7.794706819617906,7.623017247863712,7.6848249435424805,366060,0.0,0.0
2006-11-03,7.691693899302614,7.705429381586893,7.595548143088031,7.609282970428467,407427,0.0,0.0
2006-11-06,7.623018418060038,7.746634483337402,7.6092829358381975,7.746634483337402,312183,0.0,0.0
2006-11-07,7.753503524861541,7.822179637601383,7.7260332107543945,7.7260332107543945,226989,0.0,0.0
2006-11-08,7.719164173837561,7.787840275059084,7.6848261232268005,7.746634483337402,227211,0.0,0.0
2006-11-09,7.753503524861541,7.856517039027353,7.698562896647248,7.7260332107543945,553775,0.0,0.0
2006-11-10,7.774104604624922,7.801574913459702,7.746634295790141,7.760369777679443,308112,0.0,0.0
2006-11-13,7.767237861469437,7.822178481564073,7.7328998101743265,7.739767551422119,273089,0.0,0.0
2006-11-14,7.746634264971064,7.7947077964485425,7.650488511903749,7.671091079711914,487182,0.0,0.0
2006-11-15,7.719163249727774,7.719163249727774,7.595547199249268,7.595547199249268,429438,0.0,0.0
2006-11-16,7.595549787158851,7.636754933042933,7.56121172895946,7.568079471588135,348195,0.0,0.0
2006-11-17,7.554343023349731,7.657356529872394,7.554343023349731,7.581813335418701,235113,0.0,0.0
2006-11-20,7.554343148085883,7.554343148085883,7.389521272950549,7.4994025230407715,1408816,0.0,0.0
2006-11-21,7.5268726911816675,7.561210744912162,7.492534637451173,7.492534637451172,225885,0.0,0.0
2006-11-22,7.506270140965009,7.581813335418702,7.492534657458573,7.581813335418701,192596,0.0,0.0
2006-11-23,7.554341032368107,7.5680765122544935,7.506268162653212,7.5268707275390625,107829,0.0,0.0
2006-11-24,7.499401279643153,7.526871587611143,7.451328404435121,7.485665798187256,164740,0.0,0.0
2006-11-27,7.4787988870830535,7.526871763413909,7.33457960314667,7.35518217086792,253936,0.0,0.0
2006-11-28,7.313976287841797,7.348314336904829,7.245300844659545,7.313976287841797,258144,0.0,0.0
2006-11-29,7.403255893640634,7.55434293573972,7.341447528466286,7.540607452392578,321361,0.0,0.0
2006-11-30,7.574944333867574,7.574944333867574,7.423857970087539,7.451328277587891,273159,0.0,0.0
2006-12-01,7.44446114776535,7.520004335853386,7.430725665416336,7.471931457519531,241505,0.0,0.0
2006-12-04,7.4581949664632194,7.520003318786621,7.4581949664632194,7.520003318786621,220512,0.0,0.0
2006-12-05,7.465064468651598,7.568078631819118,7.465064468651598,7.4994025230407715,310807,0.0,0.0
2006-12-06,7.485666828891801,7.547475194066148,7.471932000488553,7.540607452392578,186842,0.0,0.0
2006-12-07,7.478798949127974,7.5337395668029785,7.465063467237311,7.5337395668029785,195844,0.0,0.0
2006-12-11,7.485667039307537,7.6436218275201675,7.485667039307537,7.4994025230407715,415082,0.0,0.0
2006-12-12,7.506268589033849,7.609282074258335,7.499400848700546,7.561209201812744,165621,0.0,0.0
2006-12-13,7.56121076510295,7.629886217803424,7.533740453033979,7.581813335418701,227497,0.0,0.0
2006-12-14,7.588680455372926,7.595548196563417,7.533739835736693,7.574944972991943,185378,0.0,0.0
2006-12-15,7.554341365071151,7.5612091053168085,7.499400752993407,7.520003318786621,167578,0.0,0.0
2006-12-18,7.506269020371101,7.5612096363070815,7.471930971675163,7.485665798187256,367195,0.0,0.0
2006-12-19,7.48566537892422,7.5406059917830435,7.4169899403225745,7.437592506408691,403418,0.0,0.0
2006-12-20,7.451329076773724,7.5131367840708005,7.451329076773724,7.45819616317749,208459,0.0,0.0
2006-12-21,7.506270264907388,7.554343148085883,7.478799952384833,7.4994025230407715,264174,0.0,0.0
2006-12-22,7.471932046756822,7.499402358677314,7.368917885847052,7.403255939483643,328780,0.0,0.0
2006-12-27,7.396388269431495,7.513136594678879,7.382652787082481,7.471931457519531,238753,0.0,0.0
2006-12-28,7.478798585088241,7.485665670755485,7.437592796365818,7.451328277587891,256390,0.0,0.0
2006-12-29,7.4650630685230155,7.485665635314788,7.362049579620362,7.362049579620361,387250,0.0,0.0
2007-01-02,7.382653323563816,7.540607452392578,7.382653323563816,7.540607452392578,240315,0.0,0.0
2007-01-03,7.526871426443243,7.623017829744391,7.4925333784825625,7.602414608001709,387589,0.0,0.0
2007-01-04,7.602415011424821,7.602415011424821,7.478798949127974,7.5337395668029785,315892,0.0,0.0
2007-01-05,7.554343003177284,7.554343003177284,7.485666895716293,7.492534637451172,241213,0.0,0.0
2007-01-08,7.492532682766826,7.554341032368107,7.430724333165545,7.5268707275390625,439737,0.0,0.0
2007-01-09,7.554341157184538,7.691692683599145,7.5268708519016165,7.6848249435424805,467754,0.0,0.0
2007-01-10,7.677958198005973,7.712295589920474,7.574944057431161,7.664222717285156,554243,0.0,0.0
2007-01-11,7.677958736874993,7.6985613044584165,7.602414897496083,7.616150379180908,531265,0.0,0.0
2007-01-12,7.609283734780815,7.650489530828931,7.581813422396707,7.623019218444824,425711,0.0,0.0
2007-01-15,7.650488699228224,7.677959008626336,7.629885475971761,7.657355785369873,394326,0.0,0.0
2007-01-16,7.684825283422612,7.7054285045038355,7.643620151147702,7.664222717285156,166074,0.0,0.0
2007-01-17,7.643620151147702,7.69169302378302,7.623017585010247,7.664222717285156,239125,0.0,0.0
2007-01-18,7.636753217057249,7.671091267540848,7.636753217057249,7.657355785369873,260615,0.0,0.0
2007-01-19,7.643620958142736,7.657355785369873,7.623018389830112,7.657355785369873,119640,0.0,0.0
2007-01-22,7.650488699228224,7.705429318024447,7.636753217057249,7.657355785369873,487996,0.0,0.0
2007-01-23,7.6642240143262415,7.691694325472993,7.602415650510082,7.643621444702148,297800,0.0,0.0
2007-01-24,7.629884603239015,7.87711801448644,7.629884603239015,7.835912227630615,1676195,0.0,0.0
2007-01-25,7.849649274510179,7.883986672973823,7.80157573776207,7.856516361236572,352664,0.0,0.0
2007-01-26,7.760368010244465,8.028203296647746,7.726029968285572,7.9183220863342285,873645,0.0,0.0
2007-01-29,7.99386860709318,8.000735693847256,7.8633841346072835,7.932060241699219,432014,0.0,0.0
2007-01-30,7.959528401331446,7.959528401331446,7.842779443809816,7.8702497482299805,218827,0.0,0.0
2007-01-31,7.849647562558459,7.9869990912893325,7.829044342041016,7.829044342041016,597452,0.0,0.0
2007-02-01,7.8771196180032295,7.945795070151267,7.8633841346072835,7.932060241699219,308015,0.0,0.0
2007-02-02,7.925193578639264,8.05567741394043,7.904591005685182,8.05567741394043,662653,0.0,0.0
2007-02-05,8.069410445875434,8.261702596520546,8.041940138640419,8.213629722595215,1072561,0.0,0.0
2007-02-06,8.227365171142383,8.25483613539937,8.158689725331428,8.220498085021973,982545,0.0,0.0
2007-02-07,8.2548360190178,8.57074424419324,8.2548360190178,8.529539108276367,2005065,0.0,0.0
2007-02-08,8.50206850421361,8.515803330727842,8.268570558977455,8.289173126220703,799865,0.0,0.0
2007-02-09,8.344114581537323,8.440260996583953,8.30977718432569,8.37158489227295,497503,0.0,0.0
2007-02-12,8.405922107990184,8.405922107990184,8.227364778504167,8.27543830871582,537921,0.0,0.0
2007-02-13,8.261704456618341,8.282307682891197,8.193029000540623,8.247969627380371,566237,0.0,0.0
2007-02-14,8.275439871166217,8.37845338188795,8.227366331878002,8.296042442321777,615872,0.0,0.0
2007-02-15,8.296040585071184,8.344113458653302,8.241099970993396,8.261702537536621,341143,0.0,0.0
2007-02-16,8.27543773547336,8.289172561051128,8.227364208591776,8.234231948852539,285660,0.0,0.0
2007-02-19,8.22049796122855,8.474598482284613,8.22049796122855,8.316643714904785,756005,0.0,0.0
2007-02-20,8.309776691092956,8.412790186501152,8.247968331870506,8.268570899963379,296762,0.0,0.0
2007-02-21,8.30291025422012,8.344115396877964,8.144955460847893,8.247969627380371,746117,0.0,0.0
2007-02-22,8.27543943025772,8.27543943025772,8.172425270080566,8.172425270080566,238371,0.0,0.0
2007-02-23,8.220497522520704,8.220497522520704,8.11748337843743,8.165556907653809,248313,0.0,0.0
2007-02-26,8.165557466395674,8.309776754025668,8.151821984267182,8.220498085021973,276546,0.0,0.0
2007-02-27,8.193028095267833,8.227365492040681,7.897721767425537,7.897721767425537,694340,0.0,0.0
2007-02-28,7.732899305423169,8.20676228654481,7.6161503316066845,7.8771185874938965,710622,0.0,0.0
2007-03-01,7.863383715708828,8.062543629733108,7.767237956834675,7.897721767425537,1007401,0.0,0.0
2007-03-02,7.918323146398502,7.945793452654464,7.691692956050871,7.835912227630615,1219633,0.0,0.0
2007-03-05,7.629885556833154,7.8153106384434174,7.623018470618727,7.712296485900879,692351,0.0,0.0
2007-03-06,7.712296602686847,7.925191997210191,7.712296602686847,7.842781066894531,548327,0.0,0.0
2007-03-07,7.904589653015137,7.959530274786984,7.842781289785839,7.904589653015137,666831,0.0,0.0
2007-03-08,7.993867647596811,8.213630116002886,7.932059289621647,8.158689498901367,629081,0.0,0.0
2007-03-09,8.179291940071986,8.179291940071986,7.91145659958056,8.028204917907715,781870,0.0,0.0
2007-03-12,8.062544059241219,8.103749854485159,7.883986704757305,7.932060241699219,637548,0.0,0.0
2007-03-13,7.932060968102209,7.97326611217574,7.877120339374862,7.8839874267578125,265832,0.0,0.0
2007-03-14,7.746634264971064,7.856515499873035,7.671091079711913,7.671091079711914,550976,0.0,0.0
2007-03-15,7.856515521588591,7.863383262524902,7.684825927843751,7.774104595184326,460476,0.0,0.0
2007-03-16,7.732899468844663,7.8977213218533455,7.677958851175102,7.760369777679443,613992,0.0,0.0
2007-03-19,7.760369686802369,7.993867636635558,7.760369686802369,7.945794105529785,378304,0.0,0.0
2007-03-20,7.966397870858956,8.021338491628146,7.877119198373056,7.897721767425537,363779,0.0,0.0
2007-03-21,7.945793867641842,8.02820479071383,7.9045887335777465,7.99386739730835,315525,0.0,0.0
2007-03-22,8.04194145312218,8.186160753415077,8.04194145312218,8.172425270080566,564435,0.0,0.0
2007-03-23,8.165558527737042,8.206763669590602,8.11748498898266,8.151823043823242,248602,0.0,0.0
2007-03-26,8.15869005911866,8.172424886865235,8.00073528289795,8.00073528289795,283381,0.0,0.0
2007-03-27,8.069411386462408,8.151822317773442,7.993868196496593,8.00073528289795,383578,0.0,0.0
2007-03-28,8.090014334905181,8.227365893530823,8.01447114139705,8.172425270080566,514444,0.0,0.0
2007-03-29,8.227364720054862,8.275438249924989,8.083146095275879,8.083146095275879,595615,0.0,0.0
2007-03-30,8.096880290506325,8.131218336324185,7.966396502330959,8.090012550354004,481064,0.0,0.0
2007-04-02,8.124352122449075,8.138087605334128,8.035073448527848,8.131219863891602,407235,0.0,0.0
2007-04-03,8.179292005497157,8.227364881366032,8.062543031292332,8.206762313842773,469772,0.0,0.0
2007-04-04,8.241101096637044,8.275439148861805,8.13808759490663,8.144954681396484,553634,0.0,0.0
2007-04-05,8.14495384563036,8.357849223623267,8.14495384563036,8.289173126220703,723560,0.0,0.0
2007-04-10,8.309775627753956,8.378451064256934,8.28917240735369,8.350980758666992,503103,0.0,0.0
2007-04-11,8.35098166034689,8.481466117195707,8.309776524984812,8.385319709777832,636906,0.0,0.0
2007-04-12,8.371583460566244,8.481465339660645,8.316642848490924,8.481465339660645,902068,0.0,0.0
2007-04-13,8.48833179473877,8.515802098736874,8.399053143009002,8.48833179473877,307620,0.0,0.0
2007-04-16,8.502069806294964,8.515804634912666,8.419658869757036,8.49520206451416,472996,0.0,0.0
2007-04-17,8.419658705898474,8.488334157538272,8.392188394253775,8.399055480957031,383375,0.0,0.0
2007-04-18,8.433392586014861,8.467730635445804,8.33037909266585,8.385319709777832,423219,0.0,0.0
2007-04-19,8.330378873290828,8.385319488955982,8.261702776237481,8.309776306152344,345269,0.0,0.0
2007-04-20,8.316641951181316,8.529537291211032,8.30977486662063,8.460861206054688,335919,0.0,0.0
2007-04-23,8.378450968155885,8.508935409419255,8.378450968155885,8.419656753540039,254671,0.0,0.0
2007-04-24,8.399053766603904,8.495200165207596,8.337246069226987,8.481465339660645,435854,0.0,0.0
2007-04-25,8.412788911125027,8.529537870858587,8.399053431182852,8.502067565917969,275407,0.0,0.0
2007-04-26,8.570743343075224,8.61881686984895,8.138086186718008,8.481465339660645,730084,0.0,0.0
2007-04-27,8.481465000948438,8.550140435828117,8.364716041214878,8.502067565917969,396230,0.0,0.0
2007-04-30,8.508937000879323,8.51580408727461,8.412790586962814,8.426526069641113,266063,0.0,0.0
2007-05-02,8.405920882744457,8.502067274209676,8.39218605821726,8.48833179473877,301627,0.0,0.0
2007-05-03,8.515803968318405,8.515803968318405,8.309776970572779,8.508936882019043,776166,0.0,0.0
2007-05-04,8.495200944001793,8.515803511682831,8.385319709777832,8.385319709777832,421541,0.0,0.0
2007-05-07,8.42652482543781,8.474597697826018,8.38531903843094,8.412789344787598,238814,0.0,0.0
2007-05-08,8.453995586009329,8.453995586009329,8.296040824764153,8.309776306152344,368220,0.0,0.0
2007-05-09,8.330378097660823,8.460861883980453,8.330378097660823,8.419656753540039,280113,0.0,0.0
2007-05-10,8.447127441118253,8.447127441118253,8.378451347351074,8.378451347351074,208200,0.0,0.0
2007-05-11,8.364718483191304,8.3853210541755,8.17242563752572,8.344115257263184,414905,0.0,0.0
2007-05-14,8.392187450652784,8.440260326889813,8.289173302359957,8.385319709777832,194537,0.0,0.0
2007-05-15,8.316644270801694,8.40592294442845,8.289173960066067,8.37158489227295,698533,0.0,0.0
2007-05-16,8.330377248133512,8.43339071867303,8.330377248133512,8.337244987487793,1127633,0.0,0.0
2007-05-17,8.350982278846864,8.440260952002047,8.344114537463266,8.39218807220459,662659,0.0,0.0
2007-05-18,8.412788864337339,8.563875868142334,8.385318559549496,8.536405563354492,509160,0.0,0.0
2007-05-21,8.635340412607544,8.706005640202445,8.585874011979135,8.642406463623047,908680,0.35,0.0
2007-05-22,8.748404761044833,8.939201604762127,8.508141519836439,8.51520824432373,1426233,0.0,0.0
2007-05-23,8.557606702370636,8.720137985702939,8.515207705967354,8.57174015045166,916890,0.0,0.0
2007-05-24,8.550540628661336,8.600006348968666,8.373876571655273,8.373876571655273,889420,0.0,0.0
2007-05-25,8.338544571412376,8.388010297331205,8.282012120670865,8.35974407196045,704384,0.0,0.0
2007-05-28,8.465740626962807,8.607072400663695,8.416274910519402,8.529339790344238,627504,0.0,0.0
2007-05-29,8.578806726770557,8.5858727767695,8.451608391911195,8.48694133758545,906606,0.0,0.0
2007-05-30,8.430408471543352,8.494007635785449,8.267877199155786,8.416275024414062,859071,0.0,0.0
2007-05-31,8.43747479294845,8.52934018048814,8.303210410494977,8.395075798034668,853498,0.0,0.0
2007-06-01,8.388009737871576,8.52227480486749,8.183079449121955,8.211345672607422,1062538,0.0,0.0
2007-06-04,8.24667766899049,8.338543053199347,8.091213120797052,8.225478172302246,451824,0.0,0.0
2007-06-05,8.218411179383873,8.303209837277176,8.17601151347731,8.24667739868164,633914,0.0,0.0
2007-06-06,8.246676804541071,8.26080957621183,7.999346898064879,8.091212272644043,770391,0.0,0.0
2007-06-07,8.161879136149242,8.161879136149242,7.7732180965383515,7.8297505378723145,1206373,0.0,0.0
2007-06-08,7.822683866947393,7.886283032356699,7.68135276265997,7.759084701538086,859448,0.0,0.0
2007-06-11,7.9074817882383055,7.942814729477864,7.744951202024056,7.815617084503174,649085,0.0,0.0
2007-06-12,7.836816843070037,7.893349281385435,7.70961851990048,7.780284404754639,449054,0.0,0.0
2007-06-13,7.7025517966310995,7.829750119800656,7.68135230074278,7.780284404754639,616699,0.0,0.0
2007-06-14,7.836817798529511,7.850950572871507,7.744952406586867,7.7661519050598145,946731,0.0,0.0
2007-06-15,7.780284614735191,7.829750331116228,7.752018394814621,7.808550834655762,1323010,0.0,0.0
2007-06-18,7.836817170417546,7.843883893982107,7.688419345161025,7.695486068725586,925565,0.0,0.0
2007-06-19,7.730818960864657,7.822684352837479,7.716686186518018,7.773218631744385,505258,0.0,0.0
2007-06-20,7.81561755164939,7.81561755164939,7.752018388400767,7.794417381286621,380156,0.0,0.0
2007-06-21,7.737886703724532,7.808552606520918,7.617755073322671,7.716687202453613,499780,0.0,0.0
2007-06-22,7.759086347253836,7.759086347253836,7.575356209670637,7.6036224365234375,544351,0.0,0.0
2007-06-25,7.596553371646267,7.610686817679671,7.391623121600508,7.525887489318848,926548,0.0,0.0
2007-06-26,7.455223049179158,7.483489270239027,7.250292778015137,7.250292778015137,1650296,0.0,0.0
2007-06-27,7.264425905295909,7.434023913832858,7.243226406948753,7.363358020782471,1054506,0.0,0.0
2007-06-28,7.412823741565801,7.412823741565801,7.306825575910121,7.363358020782471,589755,0.0,0.0
2007-06-29,7.39869091086107,7.448156631267014,7.342158466420022,7.434023857116699,645514,0.0,0.0
2007-07-02,7.419891292827848,7.547089644930718,7.356292116776413,7.4905571937561035,633637,0.0,0.0
2007-07-03,7.582420950612926,7.589487674584915,7.426957066748502,7.4764227867126465,749045,0.0,0.0
2007-07-04,7.441089843469802,7.532955233379292,7.441089843469802,7.483489513397217,247850,0.0,0.0
2007-07-05,7.490556353414276,7.525888625994612,7.342158517249204,7.34922456741333,493321,0.0,0.0
2007-07-06,7.320958350168258,7.426957189743839,7.31389229999914,7.363358020782471,468677,0.0,0.0
2007-07-09,7.405757291800354,7.4198907405019225,7.313892570919865,7.342158794403076,342320,0.0,0.0
2007-07-10,7.356291274371329,7.356291274371329,7.087761825082551,7.165494441986084,796386,0.0,0.0
2007-07-11,7.144293103634461,7.1937594901132895,6.946429579478514,7.130160331726074,949280,0.0,0.0
2007-07-12,7.151362279372609,7.285627365112305,7.0877630991717036,7.285627365112305,465492,0.0,0.0
2007-07-13,7.32095724084531,7.328023963863529,7.186692873098138,7.271491527557373,373253,0.0,0.0
2007-07-16,7.299758588611666,7.426956921947977,7.299758588611666,7.398690700531006,382395,0.0,0.0
2007-07-17,7.4057569530354606,7.476422845470948,7.342158458547397,7.412823677062988,376003,0.0,0.0
2007-07-18,7.384557135152418,7.511755466461182,7.377490411430849,7.511755466461182,384547,0.0,0.0
2007-07-19,7.525888332299774,7.6672201127853015,7.497622110986643,7.660153388977051,505373,0.0,0.0
2007-07-20,7.6601533496180405,7.681352847013994,7.426956856502942,7.441089630126953,463810,0.0,0.0
2007-07-23,7.441089695696524,7.441089695696524,7.292691864777454,7.398690700531006,428958,0.0,0.0
2007-07-24,7.398690547161043,7.448156265135382,7.2644254927737455,7.306825160980225,361716,0.0,0.0
2007-07-25,7.243225841659614,7.285625508964793,7.179626677661768,7.214959621429443,387548,0.0,0.0
2007-07-26,7.299758673636916,7.370424564962377,7.038295954004525,7.066562175750732,434280,0.0,0.0
2007-07-27,7.010029518997259,7.108961629059188,6.9428969916723835,7.024162292480469,392357,0.0,0.0
2007-07-30,7.105428693119269,7.137228277762441,6.942897407840847,7.098361968994141,256984,0.0,0.0
2007-07-31,7.1018952732177025,7.200826714484163,7.094828549150127,7.165494441986084,179615,0.0,0.0
2007-08-01,7.059495237068291,7.1301611262439355,6.9676298507079,7.024162292480469,235252,0.0,0.0
2007-08-02,7.13016125053748,7.13016125053748,6.8616318104768155,6.918164253234863,662976,0.0,0.0
2007-08-03,6.93936401711976,7.017096634335336,6.843965937504129,6.879298210144043,449157,0.0,0.0
2007-08-06,6.79096588915844,6.872231864933122,6.699100501614794,6.716767311096191,557008,0.0,0.0
2007-08-07,6.798033445685073,6.854565895110815,6.7238348585337695,6.836899757385254,343229,0.0,0.0
2007-08-08,6.83689918721059,7.229092938154026,6.83689918721059,7.169027805328369,1009694,0.0,0.0
2007-08-09,7.165494712339002,7.25029338258965,7.06656259341995,7.137228488922119,803206,0.0,0.0
2007-08-10,7.038295272464791,7.151360148501202,6.861631235177944,7.0453619956970215,669780,0.0,0.0
2007-08-13,7.116026827844499,7.116026827844499,6.812165158135325,6.928763389587402,839293,0.0,0.0
2007-08-14,6.932297765527148,6.953497263279129,6.836899014763406,6.872231960296631,427959,0.0,0.0
2007-08-16,6.614301593014469,6.8439653903317925,6.480037215525434,6.4871039390563965,1280977,0.0,0.0
2007-08-17,6.4517710920554245,6.677900857077873,6.384638565344438,6.639035224914551,797619,0.0,0.0
2007-08-20,6.677900427135289,6.702633284352264,6.536569333095564,6.571902275085449,387226,0.0,0.0
2007-08-21,6.631968396997911,6.649634531892564,6.469437125503741,6.476503849029541,396162,0.0,0.0
2007-08-22,6.501237008212373,6.6637682872256185,6.483570872500443,6.653168201446533,670008,0.0,0.0
2007-08-23,6.692034508716634,6.730900142066855,6.624901979955519,6.653168201446533,629727,0.0,0.0
2007-08-24,6.653167998268525,6.656701360086982,6.571902698203565,6.639035224914551,669382,0.0,0.0
2007-08-27,6.684967312441993,6.730899666398931,6.6567010929485315,6.667301177978516,213000,0.0,0.0
2007-08-28,6.670835078070723,6.670835078070723,6.398772918722423,6.416439056396484,634993,0.0,0.0
2007-08-29,6.374040056410755,6.430572505671697,6.359906607135543,6.416439056396484,767796,0.0,0.0
2007-08-30,6.451770722241529,6.511836521872642,6.419971141618008,6.4977030754089355,417377,0.0,0.0
2007-08-31,6.522436033466213,6.684967300708205,6.476503679589897,6.6425676345825195,858110,0.0,0.0
2007-09-03,6.65670129593949,6.692034239863725,6.6072355787974715,6.681434154510498,208646,0.0,0.0
2007-09-04,6.692035260503564,6.692035260503564,6.58603641256438,6.621369361877441,392950,0.0,0.0
2007-09-05,6.635503221931578,6.660236085805786,6.455305775808069,6.46590518951416,385389,0.0,0.0
2007-09-06,6.515369999238475,6.536569495390838,6.335172597143807,6.39170503616333,587334,0.0,0.0
2007-09-07,6.359906470852632,6.487104815924066,6.33870697131404,6.342240333557129,463363,0.0,0.0
2007-09-10,6.402305292618462,6.402305292618462,6.183241580112596,6.218574523925781,601976,0.0,0.0
2007-09-11,6.28570698407038,6.321039253594364,6.119642352060344,6.257440090179443,555797,0.0,0.0
2007-09-12,6.331639553261768,6.331639553261768,6.183241724907201,6.292773246765137,896929,0.0,0.0
2007-09-13,6.310440208704355,6.455304678707366,6.1691084267229845,6.388172149658203,1059825,0.0,0.0
2007-09-14,6.402305018766003,6.402305018766003,6.190308038874711,6.246840476989746,893138,0.0,0.0
2007-09-17,6.2751075073833,6.2751075073833,6.116109583427341,6.158509254455566,500341,0.0,0.0
2007-09-18,6.154975769780437,6.363439410850512,6.1196428236140035,6.271574020385742,1029190,0.0,0.0
2007-09-19,6.4058390382000745,6.465904850424564,6.342240537538817,6.366973400115967,1148087,0.0,0.0
2007-09-20,6.349305152893066,6.381104732994485,6.257439774146724,6.349305152893066,569984,0.0,0.0
2007-09-21,6.313974109532359,6.409372194415994,6.303374022803093,6.342240333557129,268021,0.0,0.0
2007-09-24,6.395238284226342,6.550702825728015,6.356371980370968,6.4977030754089355,1062060,0.0,0.0
2007-09-25,6.476504115879777,6.508303699136264,6.374039316213224,6.444704532623291,476110,0.0,0.0
2007-09-26,6.47297123054223,6.4835713170481135,6.43763828277588,6.437638282775879,210431,0.0,0.0
2007-09-27,6.487104234426805,6.709700644428564,6.487104234426805,6.653168201446533,1039985,0.0,0.0
2007-09-28,6.663767907824931,6.843965312290592,6.617834879317297,6.798032283782959,970046,0.0,0.0
2007-10-01,6.819231932019622,6.904031267472256,6.699100326368221,6.88283109664917,677630,0.0,0.0
2007-10-02,6.904030785585253,7.045361878275268,6.8333649022803415,6.875763893127441,885841,0.0,0.0
2007-10-03,6.932297494168458,6.946430267476603,6.854564882254163,6.8969645500183105,492775,0.0,0.0
2007-10-04,6.889897558632714,6.9464299975079085,6.868698062534474,6.92169713973999,559362,0.0,0.0
2007-10-05,6.946430323423875,6.9817632678585975,6.822765354862277,6.833365440368652,554425,0.0,0.0
2007-10-08,6.889898913010005,6.889898913010005,6.773300650669711,6.783900737762451,487362,0.0,0.0
2007-10-09,6.819233013564994,6.829833100657734,6.783900737762451,6.783900737762451,857880,0.0,0.0
2007-10-10,6.819233013564994,6.8510326009232525,6.75563451276844,6.783900737762451,451093,0.0,0.0
2007-10-11,6.815699844815587,6.840432705702416,6.76623344912201,6.780366897583008,488917,0.0,0.0
2007-10-12,6.748567376934303,6.762700151610395,6.639035845994886,6.727367877960205,382065,0.0,0.0
2007-10-15,6.7167671585286515,6.790965734905522,6.607235637911427,6.628435134887695,434995,0.0,0.0
2007-10-16,6.617834355768047,6.617834355768047,6.522435618494603,6.589568138122559,244232,0.0,0.0
2007-10-17,6.642569202794501,6.642569202794501,6.522437573316899,6.525970935821533,342997,0.0,0.0
2007-10-18,6.603701955084724,6.607235316728986,6.427037916390578,6.434103965759277,468128,0.0,0.0
2007-10-19,6.423504715569072,6.603702120419012,6.423504715569072,6.536569595336914,784664,0.0,0.0
2007-10-22,6.444704326258947,6.444704326258947,6.363439026725603,6.423504829406738,401418,0.0,0.0
2007-10-23,6.465904506204975,6.515370902645836,6.419972145852666,6.437638282775879,197237,0.0,0.0
2007-10-24,6.465903604599437,6.465903604599437,6.359905450000691,6.381104946136475,203432,0.0,0.0
2007-10-25,6.423505847992905,6.458838797629293,6.342240535573183,6.3599066734313965,425171,0.0,0.0
2007-10-26,6.36343907854486,6.395238661042052,6.268040331053283,6.35283899307251,595887,0.0,0.0
2007-10-29,6.462370126398495,6.490636342428767,6.44116995893598,6.48003625869751,402996,0.0,0.0
2007-10-30,6.465903024229468,6.522435458130508,6.451770252714094,6.504769325256348,290843,0.0,0.0
2007-10-31,6.525969656449225,6.635501850859867,6.504770159497428,6.6107683181762695,287777,0.0,0.0
2007-11-02,6.423505708813091,6.444705208567605,6.27864122497068,6.282174587249756,372490,0.0,0.0
2007-11-05,6.289240152489992,6.328106460640222,6.243307794246906,6.260973930358887,296573,0.0,0.0
2007-11-06,6.289240425191079,6.292773787350661,6.218575203759224,6.236241340637207,421349,0.0,0.0
2007-11-07,6.289240133308414,6.299840219295209,6.056043632958049,6.077243804931641,604289,0.0,0.0
2007-11-08,6.020711203296663,6.066643560197738,5.904112282252657,5.967711448669434,1335936,0.0,0.0
2007-11-09,6.006576790911979,6.034843007677127,5.596716310857449,5.723914623260498,1385866,0.0,0.0
2007-11-12,5.791046469643643,6.006576793780687,5.692115047878259,5.964177131652832,1245322,0.0,0.0
2007-11-13,5.851113202955493,6.041910702251807,5.844047153067384,5.971244812011719,1045688,0.0,0.0
2007-11-14,6.0701772242400125,6.190308839246758,6.06311050008199,6.158509254455566,1013636,0.0,0.0
2007-11-15,6.1691090040965015,6.183242453185356,6.0207118321832,6.073710918426514,277036,0.0,0.0
2007-11-16,6.0772439281993815,6.09844342668308,5.9500455894573765,5.96064567565918,366342,0.0,0.0
2007-11-19,6.017178536492399,6.140842847788524,5.960646087351328,6.020711898803711,910487,0.0,0.0
2007-11-20,6.077243859995202,6.10904344432382,5.8864463540234935,6.003044605255127,659045,0.0,0.0
2007-11-21,5.9253123598090305,6.027777157697463,5.759247722591427,5.8193135261535645,402281,0.0,0.0
2007-11-22,5.872312958515403,5.985377835756643,5.6956489193460085,5.9111785888671875,403515,0.0,0.0
2007-11-23,5.911178484798842,6.066643025228453,5.911178484798842,6.034843444824219,318938,0.0,0.0
2007-11-26,6.063109936706469,6.133775823880701,5.971244552947905,6.017177581787109,329155,0.0,0.0
2007-11-27,6.017177471110619,6.14790848388256,6.017177471110619,6.13377571105957,279041,0.0,0.0
2007-11-28,6.147909183740283,6.395239138536234,6.1337764093084655,6.345772743225098,704291,0.0,0.0
2007-11-29,6.409371985429047,6.430572158196317,6.1973756491156955,6.313973903656006,428910,0.0,0.0
2007-11-30,6.331640182426243,6.465904576698258,6.2468415112144555,6.398772716522217,465064,0.0,0.0
2007-12-03,6.444705357276576,6.593103206822285,6.441171994915969,6.575437068939209,899164,0.0,0.0
2007-12-04,6.554236608953838,6.589569557099128,6.342240267921962,6.395239353179932,619548,0.0,0.0
2007-12-05,6.45883813147817,6.543636797507569,6.4376379595309015,6.540103435516357,515775,0.0,0.0
2007-12-06,6.5295028106211115,6.656701136126665,6.518903399442206,6.5825018882751465,570446,0.0,0.0
2007-12-07,6.5648366467001065,6.688501627328005,6.5648366467001065,6.656702041625977,340062,0.0,0.0
2007-12-10,6.6673015337840855,6.861631718932229,6.635501950916954,6.773299694061279,657183,0.0,0.0
2007-12-11,6.794498226734042,6.805098310824841,6.6602338645161305,6.759165287017822,497261,0.0,0.0
2007-12-12,6.706167016205489,6.847498118048416,6.642567851896209,6.688500881195068,494503,0.0,0.0
2007-12-13,6.670833910669005,6.7132335771547105,6.578969202136344,6.586035251617432,537378,0.0,0.0
2007-12-14,6.684967367437686,6.684967367437686,6.547169630513411,6.607235431671143,262606,0.0,0.0
2007-12-17,6.571903289727066,6.635502460344025,6.50123739483713,6.508304119110107,468498,0.0,0.0
2007-12-18,6.529503966241183,6.692035263588202,6.518904553186347,6.631969451904297,457582,0.0,0.0
2007-12-19,6.635501803787036,6.7980324024642345,6.582502050903742,6.6920342445373535,565037,0.0,0.0
2007-12-20,6.695567932963811,6.727367516677171,6.547170100274759,6.6001691818237305,451411,0.0,0.0
2007-12-21,6.670834335738026,6.6955678692172915,6.6107685308424236,6.649634838104248,205881,0.0,0.0
2007-12-27,6.677900521621648,6.7203001873933905,6.6213680832058746,6.699100017547607,302987,0.0,0.0
2007-12-28,6.663768967503769,6.727368140831114,6.646102156068424,6.670835018157959,245695,0.0,0.0
2008-01-02,6.688501559905729,6.713234420998009,6.656701974524251,6.702634334564209,207217,0.0,0.0
2008-01-03,6.64610165809902,6.660235106188326,6.377572209681295,6.472970962524414,380522,0.0,0.0
2008-01-04,6.427038452860185,6.508303755702009,6.3245729783831965,6.377572059631348,227283,0.0,0.0
2008-01-07,6.303373073351638,6.412904590709341,5.971244485647818,6.338706016540527,390550,0.0,0.0
2008-01-08,6.3705048983924515,6.374038259715281,6.22917314115833,6.299839019775391,306656,0.0,0.0
2008-01-09,6.257440478422981,6.257440478422981,6.041910790490776,6.112576007843018,527401,0.0,0.0
2008-01-10,6.144375784402647,6.144375784402647,5.9041125552391325,5.9571123123168945,771750,0.0,0.0
2008-01-11,5.967711598196411,6.10197665820039,5.957112186141286,6.059576988220215,594426,0.0,0.0
2008-01-14,5.988911246684042,6.133775706081228,5.960645027141172,6.123175621032715,335988,0.0,0.0
2008-01-15,6.154976000480538,6.154976000480538,5.801647873412584,5.840514183044434,550418,0.0,0.0
2008-01-16,5.7945817506308,6.027778284788772,5.667384069948263,5.904113292694092,796157,0.0,0.0
2008-01-17,5.995978067547336,6.080776737085787,5.808714591703226,5.822847366333008,544105,0.0,0.0
2008-01-18,5.886445842571111,5.999510721951326,5.713315161780177,5.794580459594727,403852,0.0,0.0
2008-01-21,5.734514965512518,5.808714217782227,5.522518305313128,5.60378360748291,614045,0.0,0.0
2008-01-22,5.465985683270767,5.720382004123995,5.33525432953006,5.692115783691406,823742,0.0,0.0
2008-01-23,5.794581057783134,5.794581057783134,5.58258438706031,5.6709160804748535,904887,0.0,0.0
2008-01-24,5.865246982233789,5.967711787564136,5.798114450101547,5.900579929351807,723595,0.0,0.0
2008-01-25,5.971244877891708,6.027777321139544,5.865246715281986,5.9288458824157715,454487,0.0,0.0
2008-01-28,5.815780584256285,5.950045648464339,5.79458108556235,5.893513202667236,205064,0.0,0.0
2008-01-29,6.006577494945303,6.041910438523067,5.932378919959857,6.013644218444824,241534,0.0,0.0
2008-01-30,6.0101113293103525,6.041910913638971,5.942978798625504,6.003044605255127,294593,0.0,0.0
2008-01-31,6.006578034693844,6.006578034693844,5.847580111266339,5.96064567565918,247311,0.0,0.0
2008-02-01,6.006576703942341,6.098442075578888,5.971243765017552,6.094908714294434,572988,0.0,0.0
2008-02-04,6.158508568939676,6.207974284699888,6.098442768122348,6.13377571105957,350917,0.0,0.0
2008-02-05,6.119642209000659,6.1302422939619605,5.90764522721342,5.9111785888671875,396799,0.0,0.0
2008-02-06,5.879378481316889,5.995976709768781,5.851112264538241,5.964177131652832,469582,0.0,0.0
2008-02-07,5.886446478462621,6.04191104136461,5.79458108556235,5.893513202667236,844328,0.0,0.0
2008-02-08,5.9500458575761135,5.9783120814680695,5.900580134245176,5.9253129959106445,213011,0.0,0.0
2008-02-11,5.81931400660092,5.904112676174422,5.77691500877413,5.829914093017578,268633,0.0,0.0
2008-02-12,5.8652470565009605,6.045444482556632,5.794581161370137,6.027777671813965,320442,0.0,0.0
2008-02-13,6.006577844854712,6.169108451292765,5.93944531553818,6.112576007843018,315288,0.0,0.0
2008-02-14,6.154974997006235,6.207974072641758,6.0843091135456655,6.109042644500732,357069,0.0,0.0
2008-02-15,6.066643238067628,6.165575344342779,5.935911550272601,6.066643238067627,272530,0.0,0.0
2008-02-18,6.034843540952032,6.246840522383848,6.031310179304189,6.169107913970947,259277,0.0,0.0
2008-02-19,6.130243031743385,6.218575061958939,6.01011141673664,6.158509254455566,259588,0.0,0.0
2008-02-20,6.06311041188475,6.112576132431535,5.942978798625504,6.003044605255127,411960,0.0,0.0
2008-02-21,6.034843705400792,6.09844286895539,5.971244541846196,5.992444038391113,189547,0.0,0.0
2008-02-22,5.964178425460343,6.027777595488792,5.900579929351807,5.900579929351807,115457,0.0,0.0
2008-02-25,6.003045081057668,6.052510805525116,5.946512631974884,5.99951171875,332524,0.0,0.0
2008-02-26,6.0065772294925175,6.091375885979681,5.971244287476245,6.041910171508789,347574,0.0,0.0
2008-02-27,6.017177792082727,6.077243596104124,5.978311485386567,6.048977375030518,430358,0.0,0.0
2008-02-28,6.0065772294925175,6.091375885979681,5.992443783118082,6.041910171508789,195372,0.0,0.0
2008-02-29,6.04544448375318,6.048977845902413,5.960645813931361,6.03131103515625,311760,0.0,0.0
2008-03-03,5.900579450989706,5.978311389211657,5.8723132303708265,5.897046089172363,209897,0.0,0.0
2008-03-04,5.8864466016814125,5.946512410838158,5.720382622916256,5.76631498336792,242754,0.0,0.0
2008-03-05,5.80164740122747,5.889979425805282,5.80164740122747,5.8440470695495605,159102,0.0,0.0
2008-03-06,5.836980123051159,5.847579534287214,5.759247513080943,5.787513732910156,199936,0.0,0.0
2008-03-07,5.723915361238699,5.7839811638488285,5.674448970082217,5.681515693664551,371780,0.0,0.0
2008-03-10,5.70624992167962,5.745116236789815,5.593185012908163,5.63205099105835,280204,0.0,0.0
2008-03-11,5.635583559341858,5.865247044112003,5.628517172019678,5.840514183044434,304328,0.0,0.0
2008-03-12,5.900579503827027,5.971244719047074,5.798114031966143,5.826380252838135,395762,0.0,0.0
2008-03-13,5.727448045978802,5.730981407768037,5.617916526191925,5.6744489669799805,497250,0.0,0.0
2008-03-14,5.6815156952147055,5.791047215091348,5.624983254380319,5.685049057006836,348234,0.0,0.0
2008-03-17,5.610850605102666,5.695649610280405,5.5260519368848815,5.586117744445801,991865,0.0,0.0
2008-03-18,5.621449876203152,5.964177882002643,5.61791651442132,5.950045108795166,630807,0.0,0.0
2008-03-19,5.967712263051376,6.0030452129846035,5.80164827446116,5.875846862792969,373196,0.0,0.0
2008-03-20,5.805180911460481,5.946512019613408,5.762781242054662,5.932379245758057,297205,0.0,0.0
2008-03-25,6.003044278989967,6.116109162048916,5.932379064038054,6.08784294128418,373402,0.0,0.0
2008-03-26,6.091376762957097,6.109043573468637,5.886446478462621,5.893513202667236,220364,0.0,0.0
2008-03-27,5.900579743428722,6.070177075547418,5.851113349454183,6.0631103515625,283036,0.0,0.0
2008-03-28,6.017178120895647,6.066643841997579,5.921779366839143,5.96064567565918,341133,0.0,0.0
2008-03-31,6.059577597555343,6.059577597555343,5.829914436361459,5.942979335784912,280428,0.0,0.0
2008-04-01,5.907645427073574,6.232707297099145,5.893512653900211,6.218574523925781,795785,0.0,0.0
2008-04-02,6.250374308442063,6.28217389151207,6.087843031204269,6.2291741371154785,518157,0.0,0.0
2008-04-03,6.211507909849854,6.211507909849854,6.0171777263322666,6.08784294128418,198175,0.0,0.0
2008-04-04,6.14084244406051,6.19737556340478,6.094910084873183,6.158509254455566,347655,0.0,0.0
2008-04-07,6.2009077166229,6.278640327815478,6.172641496349194,6.222107887268066,291299,0.0,0.0
2008-04-08,6.215040943179165,6.246840524098658,6.144375058042552,6.172641277313232,207449,0.0,0.0
2008-04-09,6.172642300364904,6.222108697727007,6.116109852453876,6.130243301391602,220003,0.0,0.0
2008-04-10,6.147909708695036,6.179709296281802,5.981845719901906,6.091377258300781,259290,0.0,0.0
2008-04-11,6.13377555118317,6.140841600450572,5.953578153428017,6.041910171508789,189747,0.0,0.0
2008-04-14,5.9005795942693915,6.080776333890425,5.88644614665683,5.967711448669434,673293,0.0,0.0
2008-04-15,5.971244119611855,6.038376640163552,5.851112524485574,5.935911178588867,315182,0.0,0.0
2008-04-16,6.0065774367434,6.105509543018551,5.935911550272601,6.066643238067627,280279,0.0,0.0
2008-04-17,6.098443841604847,6.098443841604847,5.960646081205557,5.99951171875,265841,0.0,0.0
2008-04-18,6.006578049717858,6.218575056844823,5.907645933346632,6.144375801086426,694868,0.0,0.0
2008-04-21,6.1479085969636404,6.197374987553542,5.957111779864966,6.017177581787109,295598,0.0,0.0
2008-04-22,6.020711959578505,6.077244409290231,5.8687807482582555,5.942979335784912,334180,0.0,0.0
2008-04-23,5.992445000313222,6.041911398751624,5.879380102031079,6.020711898803711,173447,0.0,0.0
2008-04-24,5.978310842600411,5.988910927083247,5.911178322048714,5.935911178588867,173990,0.0,0.0
2008-04-25,5.960645467388642,6.0136445487060035,5.9147124360390135,5.932379245758057,108847,0.0,0.0
2008-04-28,5.946512634023426,6.020711894670111,5.900580271847823,6.00657844543457,239276,0.0,0.0
2008-04-29,5.985378259627686,6.010111119035755,5.942978590699658,5.971244812011719,632030,0.0,0.0
2008-04-30,6.003043869635321,6.045443534851075,5.946511431960859,6.045443534851074,624370,0.0,0.0
2008-05-02,6.091375979477872,6.232707075792475,6.091375979477872,6.169107913970947,706812,0.0,0.0
2008-05-05,6.169108397894476,6.246841012404959,6.123176040709092,6.186775207519531,374956,0.0,0.0
2008-05-06,6.1973756255935335,6.200908313788085,6.0595771988089675,6.098443508148193,295006,0.0,0.0
2008-05-07,6.105509268659685,6.133775487193859,6.0313100238076,6.080775737762451,218214,0.0,0.0
2008-05-08,6.048978117137399,6.056044167832783,5.971245494208608,5.99951171875,195343,0.0,0.0
2008-05-09,5.981845712592654,5.981845712592654,5.851114000015699,5.875846862792969,378569,0.0,0.0
2008-05-12,5.858179627635494,5.8617129893590665,5.738048024713379,5.805180549621582,357501,0.0,0.0
2008-05-13,5.833446825492004,5.900579351044686,5.730981356284235,5.745114803314209,517109,0.0,0.0
2008-05-14,5.76984771352977,5.773381075319005,5.561384085403869,5.6744489669799805,741410,0.0,0.0
2008-05-15,5.660316234566072,5.660316234566072,5.41651966070937,5.518984794616699,919120,0.0,0.0
2008-05-16,5.299921833001603,5.367054027957243,5.087924824897557,5.109124660491943,3597111,0.0,0.0
2008-05-19,5.22811435295138,5.265298451681184,4.982697599171979,5.086813926696777,1432957,0.36,0.0
2008-05-20,5.083095140563091,5.187211107942858,5.057066237372452,5.112842559814453,985756,0.0,0.0
2008-05-21,5.1463085607817565,5.150027076889919,5.001289624118348,5.101687431335449,974945,0.0,0.0
2008-05-22,5.057066099098152,5.142589838453057,5.001289423564031,5.116560935974121,623640,0.0,0.0
2008-05-23,5.0868144105077,5.142590741215951,5.01988252996399,5.105406284332275,784337,0.0,0.0
2008-05-26,5.109124809659439,5.112843326277602,5.0198825385271,5.023601055145264,328814,0.0,0.0
2008-05-27,5.053347998724268,5.112842840493068,4.960387219806213,5.064503192901611,744518,0.0,0.0
2008-05-28,5.071939945220947,5.1239977515839845,5.031036977801749,5.071939945220947,702768,0.0,0.0
2008-05-29,5.0868143479159675,5.11656177120997,5.0459113749237705,5.075658798217773,533934,0.0,0.0
2008-05-30,5.094250595168124,5.198366567883012,5.083095401031551,5.150027275085449,384673,0.0,0.0
2008-06-02,5.142589919202359,5.157463628654899,5.042192469052014,5.060784339904785,301787,0.0,0.0
2008-06-03,5.049629277861174,5.116561149447778,5.049629277861174,5.079376697540283,277615,0.0,0.0
2008-06-04,5.0496293514344845,5.060784545322378,4.997571188928946,5.045910835266113,437438,0.0,0.0
2008-06-05,5.038473612293037,5.120279186058269,4.99757064810183,5.016162872314453,318967,0.0,0.0
2008-06-06,5.049629015063007,5.057066046904346,4.815367831318781,4.833960056304932,373411,0.0,0.0
2008-06-09,4.826523719698239,4.8339607526108415,4.733562935994184,4.755873680114746,255565,0.0,0.0
2008-06-10,4.722407136339336,4.793057521490318,4.685223040391053,4.73728084564209,329941,0.0,0.0
2008-06-11,4.744718157359083,4.781902255499807,4.521612150045848,4.607136249542236,349364,0.0,0.0
2008-06-12,4.618291108864835,4.66291223617063,4.53648553149561,4.644320011138916,532125,0.0,0.0
2008-06-13,4.6406015578655895,4.770746780227586,4.5587963340090445,4.73728084564209,728886,0.0,0.0
2008-06-16,4.759591169764978,4.759591169764978,4.488145555508242,4.536485195159912,1122962,0.0,0.0
2008-06-17,4.566232681274414,4.6629119620622985,4.540203780530436,4.566232681274414,392663,0.0,0.0
2008-06-18,4.532767278912305,4.68522324933605,4.491864665159915,4.577388763427734,1058773,0.0,0.0
2008-06-19,4.53648546392864,4.566232881689443,4.491864337287437,4.510456562042236,256161,0.0,0.0
2008-06-20,4.506738118003027,4.55135924535547,4.402622154180663,4.476990699768066,402348,0.0,0.0
2008-06-23,4.447242517853117,4.447242517853117,4.317097319460782,4.3580002784729,273851,0.0,0.0
2008-06-24,4.380311345582526,4.4249324722462084,4.209263516063148,4.343127250671387,380718,0.0,0.0
2008-06-25,4.3096615300815975,4.3691563685744965,4.242729659468481,4.346845626831055,491015,0.0,0.0
2008-06-26,4.335690368960253,4.339408884965208,4.149768824118958,4.212982177734375,461645,0.0,0.0
2008-06-27,4.131177666840345,4.261322923725598,4.067964296880913,4.190672874450684,387951,0.0,0.0
2008-06-30,4.2390108006699405,4.242729316429394,4.112584456403134,4.157205581665039,348216,0.0,0.0
2008-07-01,4.127458693995727,4.421214738927938,4.071682014304462,4.291069507598877,824993,0.0,0.0
2008-07-02,4.328253409912084,4.350563795255586,4.2241370962518054,4.261321544647217,641089,0.0,0.0
2008-07-03,4.18323481924248,4.372874882822936,4.127458496832797,4.305943012237549,658939,0.0,0.0
2008-07-04,4.320817003978993,4.320817003978993,4.227856224148248,4.257603645324707,367634,0.0,0.0
2008-07-07,4.317098207584605,4.354282658951272,4.24644817552859,4.346845626831055,282579,0.0,0.0
2008-07-08,4.253884724561437,4.265040272404858,4.127458373890791,4.224137306213379,209211,0.0,0.0
2008-07-09,4.294787477279651,4.305942669951402,4.201826710908304,4.261321544647217,250511,0.0,0.0
2008-07-10,4.1757981895476775,4.365438271403778,4.1757981895476775,4.235293388366699,225714,0.0,0.0
2008-07-11,4.250166349041805,4.2985059900756015,4.090273717515957,4.093992233276367,230706,0.0,0.0
2008-07-14,4.093992366123687,4.164642394778132,4.053089400666258,4.112584590911865,197338,0.0,0.0
2008-07-15,4.053089543771052,4.0568080597834175,3.88947874001621,4.045652866363525,348002,0.0,0.0
2008-07-16,3.9787206592158832,4.090273647806776,3.9043521183610133,4.064244747161865,314783,0.0,0.0
2008-07-17,4.157205717633176,4.198108328473412,4.06424494830948,4.112584590911865,369139,0.0,0.0
2008-07-18,4.116302821961887,4.313379911593667,4.064245017213054,4.287350654602051,467902,0.0,0.0
2008-07-21,4.283632884755987,4.410059246855247,4.246448431150936,4.384030342102051,361545,0.0,0.0
2008-07-22,4.317097866518614,4.3654375076293945,4.231574131596052,4.3654375076293945,203026,0.0,0.0
2008-07-23,4.376593252720272,4.484427732497026,4.261321741074751,4.372874736785889,689487,0.0,0.0
2008-07-24,4.3951849217252486,4.3951849217252486,4.1720792951451635,4.198108196258545,837345,0.0,0.0
2008-07-25,4.160923615884984,4.291068826558554,4.112584330955319,4.242729187011719,322692,0.0,0.0
2008-07-28,4.21670076520823,4.2761956038270705,4.134895184798719,4.138613700866699,301919,0.0,0.0
2008-07-29,4.127457761916663,4.127457761916663,4.030778489311417,4.101428508758545,315156,0.0,0.0
2008-07-30,4.172079908307702,4.198108813246502,4.105148033188238,4.194390296936035,274879,0.0,0.0
2008-07-31,4.164643132952925,4.239011690670123,4.134895709866046,4.231575012207031,260087,0.0,0.0
2008-08-01,4.2092633190166975,4.2092633190166975,4.086555137781559,4.168360710144043,198302,0.0,0.0
2008-08-04,4.168362127269645,4.198109553766166,4.105148757310213,4.190672874450684,170163,0.0,0.0
2008-08-05,4.231574711146263,4.447243690490723,4.209263968109802,4.447243690490723,258748,0.0,0.0
2008-08-06,4.380312129785811,4.562515539553715,4.380312129785811,4.555078506469727,416642,0.0,0.0
2008-08-07,4.5550783100765715,4.759592101044274,4.532767566403795,4.547641277313232,454073,0.0,0.0
2008-08-08,4.588543014405401,4.629445619753223,4.484427066036398,4.595979690551758,152846,0.0,0.0
2008-08-11,4.618291435726296,4.75215482711792,4.558796595107797,4.75215482711792,290191,0.0,0.0
2008-08-12,4.714970525768329,4.8674261369348795,4.692659784189641,4.767028331756592,357678,0.0,0.0
2008-08-13,4.759591800033253,4.759591800033253,4.577388764261401,4.61829137802124,342285,0.0,0.0
2008-08-14,4.622010025266082,4.685223383080678,4.5811070557288565,4.636883735656738,252150,0.0,0.0
2008-08-18,4.614573057366512,4.711252353567908,4.595980830463591,4.66663122177124,111885,0.0,0.0
2008-08-19,4.5699516660596,4.722407279695147,4.536485730458194,4.588543891906738,423253,0.0,0.0
2008-08-20,4.577389158201841,4.722407754223763,4.577389158201841,4.692660331726074,370631,0.0,0.0
2008-08-21,4.633165153702465,4.636883669901705,4.48814621348714,4.607136249542236,231473,0.0,0.0
2008-08-22,4.6071359752827075,4.759591584203713,4.6071359752827075,4.696378231048584,218778,0.0,0.0
2008-08-25,4.64803818946147,4.68150412116434,4.603417065396701,4.64060115814209,101068,0.0,0.0
2008-08-26,4.562515127916133,4.625728130340576,4.521612158879042,4.625728130340576,324463,0.0,0.0
2008-08-27,4.60713618419896,4.677786217896358,4.454680213747448,4.61829137802124,608848,0.0,0.0
2008-08-28,4.592262129378038,4.722406993177432,4.592262129378038,4.700096607208252,581493,0.0,0.0
2008-08-29,4.744718279920831,4.819086832740531,4.700097148229012,4.770747184753418,505035,0.0,0.0
2008-09-01,4.729845235947314,4.804213799247985,4.688942260168984,4.77818489074707,443349,0.0,0.0
2008-09-02,4.7038153325608105,5.090532163702921,4.7038153325608105,5.053348064422607,827406,0.0,0.0
2008-09-03,4.96038701765324,5.109124116013684,4.956668501539925,5.038474082946777,482754,0.0,0.0
2008-09-04,5.045911529638784,5.109124894731067,4.934358866174537,4.949232578277588,337857,0.0,0.0
2008-09-05,4.915765993436016,4.9343582197836025,4.7186888906157085,4.75215482711792,889624,0.0,0.0
2008-09-08,4.978979324788978,5.019881938850747,4.8823000319696455,4.9417948722839355,625850,0.0,0.0
2008-09-09,4.930640267394762,5.1165618428957655,4.900892843683982,5.023601055145264,417245,0.0,0.0
2008-09-10,4.964105875082573,5.0198822021484375,4.908329193399468,5.0198822021484375,230508,0.0,0.0
2008-09-11,4.952949587778825,4.956668103593598,4.711251733693521,4.774465084075928,415259,0.0,0.0
2008-09-12,4.841397720271234,4.938076664511307,4.707533966586569,4.726126194000244,566093,0.0,0.0
2008-09-15,4.662912802824307,4.666631319205977,4.320817097289994,4.547641277313232,736677,0.0,0.0
2008-09-16,4.462116183043858,4.610853247298467,4.424931739671639,4.55879545211792,778882,0.0,0.0
2008-09-17,4.633165306430687,4.722407570450884,4.447243745746658,4.499301910400391,383515,0.0,0.0
2008-09-18,4.450961328657561,4.722406580115199,4.372874275361212,4.603416919708252,926127,0.0,0.0
2008-09-19,4.78190228641777,5.019882005449425,4.733562639366782,4.9715423583984375,912497,0.0,0.0
2008-09-22,4.978978848499913,4.982697009700961,4.737280639572429,4.815367698669434,352327,0.0,0.0
2008-09-23,4.737280916398965,4.822805012130104,4.636883465760124,4.662912368774414,280554,0.0,0.0
2008-09-24,4.722406729569419,4.7409989532507,4.64060115814209,4.64060115814209,352752,0.0,0.0
2008-09-25,4.633165153702465,4.6666310902611725,4.5513595704053165,4.607136249542236,342372,0.0,0.0
2008-09-26,4.5364862258157475,4.670349982838502,4.465836185422711,4.503020286560059,436908,0.0,0.0
2008-09-29,4.64432054887024,4.64432054887024,4.164642931523136,4.205545902252197,542998,0.0,0.0
2008-09-30,4.001031718126584,4.462117062845861,4.001031718126584,4.4435248374938965,282493,0.0,0.0
2008-10-01,4.4621171951293945,4.603417615529224,4.239011193526039,4.4621171951293945,207712,0.0,0.0
2008-10-02,4.529048588489112,4.603417129634833,4.350563735122205,4.43980598449707,211514,0.0,0.0
2008-10-03,4.469554144950583,4.662912368774414,4.424932661758645,4.662912368774414,289166,0.0,0.0
2008-10-06,4.3505643398267,4.38403027664815,4.231574657454636,4.313380241394043,395525,0.0,0.0
2008-10-07,4.45468072843332,4.45468072843332,4.07168238652339,4.0828375816345215,602075,0.0,0.0
2008-10-08,3.7927994486161154,4.149768829345703,3.725867933528646,4.149768829345703,463825,0.0,0.0
2008-10-09,4.041934364917686,4.120021428372757,3.7258679496888383,3.815110206604004,291184,0.0,0.0
2008-10-10,3.7258679774226953,3.7258679774226953,3.346587850784223,3.4581408500671387,542116,0.0,0.0
2008-10-13,3.6793886686162254,3.755616496959522,3.6198934581814433,3.7537572383880615,547221,0.0,0.0
2008-10-14,3.993594901131977,4.075400484314262,3.6775284716021153,3.785362958908081,402766,0.0,0.0
2008-10-15,3.6440624945127458,3.716571786402574,3.6068780422210693,3.6068780422210693,261979,0.0,0.0
2008-10-16,3.532509363256214,3.658936070890453,3.4581408160058404,3.5157763957977295,304843,0.0,0.0
2008-10-17,3.5622567455291,3.5882856481447996,3.4730144897462436,3.5325093269348145,529378,0.0,0.0
2008-10-20,3.577130543418477,3.7035572528839107,3.577130543418477,3.703557252883911,229692,0.0,0.0
2008-10-21,3.725868249506401,3.740741960189137,3.644062663442734,3.6496400833129883,159086,0.0,0.0
2008-10-22,3.6440630300574695,3.7128538159044298,3.569694469161862,3.6682326793670654,135433,0.0,0.0
2008-10-23,3.6068786227017293,3.6738105057516837,3.5287915440158746,3.5696945190429688,210624,0.0,0.0
2008-10-24,3.5325095841147007,3.599441458133334,3.3986461906946612,3.40608286857605,299610,0.0,0.0
2008-10-27,3.3986465422070626,3.4878888137171646,3.3261368863149983,3.346588373184204,267743,0.0,0.0
2008-10-28,3.458140894968607,3.517635734127404,3.3094034424544008,3.4190971851348877,239924,0.0,0.0
2008-10-29,3.5399465065923503,3.6217517338312675,3.3986460850652893,3.4655776023864746,329472,0.0,0.0
2008-10-30,3.4971842980395653,3.6068780422210693,3.4674368780531117,3.6068780422210693,228218,0.0,0.0
2008-10-31,3.5269321242680234,3.7184314727783203,3.525072865977563,3.7184314727783203,175193,0.0,0.0
2008-11-03,3.7779259729710932,3.822547103996276,3.6514992577577945,3.705416679382324,151012,0.0,0.0
2008-11-04,3.653357949085232,3.8746046663836538,3.651498691253813,3.7965176105499268,258865,0.0,0.0
2008-11-05,3.829984405420048,3.852294795190678,3.6886839699428022,3.792799949645996,159914,0.0,0.0
2008-11-06,3.625469962134588,3.6961199899805193,3.502761776400946,3.5139169692993164,535285,0.0,0.0
2008-11-07,3.487888393342711,3.5399465560913086,3.4637183927526682,3.5399465560913086,278205,0.0,0.0
2008-11-10,3.5771310606892133,3.6738103648039315,3.53250992524025,3.5827088356018066,472031,0.0,0.0
2008-11-11,3.532509765183955,3.5603979292488,3.2908118704656353,3.376335620880127,734046,0.0,0.0
2008-11-12,3.4135205413311125,3.4135205413311125,3.2164433985597767,3.339151620864868,424318,0.0,0.0
2008-11-13,3.272219322586961,3.3763352903925266,3.233175613024117,3.309403419494629,113152,0.0,0.0
2008-11-14,3.3986464461328136,3.3986464461328136,3.0788611170022,3.1197640895843506,564619,0.0,0.0
2008-11-17,3.125341308530413,3.1904139251253723,3.010070140497954,3.1030309200286865,237364,0.0,0.0
2008-11-18,3.1606664983033195,3.1959916937536517,3.0119293931712323,3.1755402088165283,414519,0.0,0.0
2008-11-19,3.123482120954638,3.2257391935190793,3.071424310196312,3.1011717319488525,84215,0.0,0.0
2008-11-20,3.0416767354969543,3.1234819638943487,2.9375605872897905,3.0044922828674316,233280,0.0,0.0
2008-11-21,2.989618887282727,3.0416770555177557,2.9226871846630704,2.971026659011841,271025,0.0,0.0
2008-11-24,3.011929455787511,3.0416768774323604,2.9394199825467267,3.0007739067077637,305388,0.0,0.0
2008-11-25,2.97474517558947,3.063987445749012,2.9078134729698135,2.971026659011841,326940,0.0,0.0
2008-11-26,2.974744662153597,3.037958014593737,2.9598709530275173,2.9877591133117676,214406,0.0,0.0
2008-11-27,3.062127822958903,3.062127822958903,2.9784633376248313,3.0119292736053467,130982,0.0,0.0
2008-11-28,3.0100700155378495,3.056550403373628,2.9598711115670766,3.0119292736053467,61437,0.0,0.0
2008-12-01,3.013788360891659,3.013788360891659,2.90037644879413,2.959871292114258,63191,0.0,0.0
2008-12-02,2.937560784829931,3.04539510185773,2.7516392184142218,2.807415723800659,404785,0.0,0.0
2008-12-03,2.8315852666961803,2.898517141608334,2.812993217127284,2.855755090713501,123579,0.0,0.0
2008-12-04,2.796260394730485,2.972885850075388,2.7944011364837134,2.931983232498169,102471,0.0,0.0
2008-12-05,2.930124085792291,2.9598715096385266,2.86319220482963,2.892939805984497,101444,0.0,0.0
2008-12-09,2.9003766676818956,2.9115318629919784,2.833444786586868,2.881784439086914,110191,0.0,0.0
2008-12-10,2.9524343481456072,2.9524343481456072,2.850177456274708,2.872488021850586,148319,0.0,0.0
2008-12-11,2.937561050406423,2.9747453315895647,2.894798994064331,2.894798994064331,198537,0.0,0.0
2008-12-12,2.807415647665568,2.863191974230769,2.753498401959554,2.861332893371582,117841,0.0,0.0
2008-12-15,2.8855022716854073,2.8855022716854073,2.826007260670673,2.876206159591675,63297,0.0,0.0
2008-12-16,2.8669105009662346,2.9152501496528065,2.811133996890084,2.818570852279663,94812,0.0,0.0
2008-12-17,2.8613330407914006,2.9431384539947425,2.803697275780303,2.826007843017578,407103,0.0,0.0
2008-12-18,2.8520369863315302,2.8669106981336046,2.8148527068263443,2.84645938873291,44271,0.0,0.0
2008-12-19,2.840881248147083,2.8631918129783758,2.7813864085969686,2.796260118484497,224660,0.0,0.0
2008-12-22,2.8241487306849735,2.8241487306849735,2.714455147094047,2.7813868522644043,299359,0.0,0.0
2008-12-23,2.762794083932196,2.7739494546038217,2.6847070211566204,2.6995809078216553,149865,0.0,0.0
2008-12-29,2.6847072624358663,2.766512848556859,2.669833551742707,2.7088770866394043,75391,0.0,0.0
2008-12-30,2.7516393328114632,2.885502915842461,2.7144550534441385,2.7572169303894043,121145,0.0,0.0
2009-01-02,2.811133650480259,2.900376081466675,2.811133650480259,2.900376081466675,73479,0.0,0.0
2009-01-05,2.915250328816442,2.971026659011841,2.885502905429928,2.971026659011841,249540,0.0,0.0
2009-01-06,2.971026486582472,2.993337230136139,2.8966579324323125,2.959871292114258,340073,0.0,0.0
2009-01-07,2.922686836760175,3.0491133711036396,2.920827578692678,3.0119292736053467,225659,0.0,0.0
2009-01-08,2.974745236340252,3.1420745849609375,2.974745236340252,3.1420745849609375,343800,0.0,0.0
2009-01-09,3.1532295031892805,3.168103568496381,3.0770016915765677,3.1588072776794434,241650,0.0,0.0
2009-01-12,3.142074271507501,3.190413919329737,3.1086083341984736,3.1755402088165283,188658,0.0,0.0
2009-01-13,3.123482550840375,3.125341809282954,2.863192397373225,2.930124282836914,675687,0.0,0.0
2009-01-14,2.952434852221929,2.9710269047217857,2.8036975456798525,2.930124282836914,280354,0.0,0.0
2009-01-15,2.878065457930253,2.878065457930253,2.729328362410812,2.755357265472412,222346,0.0,0.0
2009-01-16,2.8185706258591288,2.8185706258591288,2.6921439170837402,2.6921439170837402,326420,0.0,0.0
2009-01-19,2.7125955328858202,2.7534983248895735,2.6400860621485225,2.6902849674224854,316049,0.0,0.0
2009-01-20,2.736765450673738,2.736765450673738,2.5619990825653076,2.5619990825653076,218995,0.0,0.0
2009-01-21,2.528533117800239,2.601042407872875,2.491348666440461,2.5359699726104736,162896,0.0,0.0
2009-01-22,2.619634799721686,2.619634799721686,2.385373592376709,2.385373592376709,206054,0.0,0.0
2009-01-23,2.4169798919940515,2.4169798919940515,2.223621507726871,2.283116340637207,435705,0.0,0.0
2009-01-26,2.305427074432373,2.3686404277550537,2.2366361244366915,2.305427074432373,486448,0.0,0.0
2009-01-27,2.3649221155350086,2.3797958250351545,2.2775389392402,2.34261155128479,165945,0.0,0.0
2009-01-28,2.3723591028512327,2.513659528307012,2.3649222476855924,2.402106523513794,384497,0.0,0.0
2009-01-29,2.454164464295678,2.565717467026276,2.4095433341268824,2.5229554176330566,243841,0.0,0.0
2009-01-30,2.454164616408101,2.6029019034982994,2.452305358208676,2.5880281925201416,294240,0.0,0.0
2009-02-02,2.513659241766831,2.513659241766831,2.4188392162323,2.4188392162323,131388,0.0,0.0
2009-02-03,2.4355722531386164,2.4783341223747253,2.3946694645542443,2.416980028152466,87082,0.0,0.0
2009-02-04,2.4467276545076357,2.474615994360247,2.3426116821886716,2.402106523513794,346366,0.0,0.0
2009-02-05,2.3760775498045215,2.3965290354212883,2.32216030307521,2.363063097000122,187770,0.0,0.0
2009-02-06,2.3965287907891817,2.431853806498923,2.350048404308226,2.394669532775879,241558,0.0,0.0
2009-02-09,2.4095437559540596,2.431854324944261,2.389092445373535,2.389092445373535,301291,0.0,0.0
2009-02-10,2.413261688945522,2.4225578021193153,2.3574853645199845,2.37607741355896,426719,0.0,0.0
2009-02-11,2.36678096096566,2.4169798585199644,2.320300579071045,2.320300579071045,241406,0.0,0.0
2009-02-12,2.3165824710052334,2.3649221155350086,2.3128639549758954,2.34261155128479,135685,0.0,0.0
2009-02-13,2.3686404191047643,2.416980062917172,2.3463298551856377,2.379795789718628,147005,0.0,0.0
2009-02-16,2.3872326530765253,2.3872326530765253,2.2905533650986367,2.305427074432373,143390,0.0,0.0
2009-02-17,2.2979903976715144,2.299849655809322,2.2236218452453613,2.2236218452453613,303925,0.0,0.0
2009-02-18,2.2422137291195057,2.2422137291195057,2.1232238861253636,2.1678450107574463,179425,0.0,0.0
2009-02-19,2.1306608088889303,2.186437305130664,2.074884312647196,2.0823211669921875,196519,0.0,0.0
2009-02-20,2.07488457748811,2.0823214327823516,1.9707686033687317,1.9856423139572144,202735,0.0,0.0
2009-02-23,2.015389544716104,2.06744752685725,1.9596130466248622,2.0079526901245117,229874,0.0,0.0
2009-02-24,1.9465986295174396,2.0116710640066677,1.9335840007727116,1.9707684516906738,153089,0.0,0.0
2009-02-25,2.0377002376880213,2.0451370927511356,1.9112735243064685,1.9242881536483765,318358,0.0,0.0
2009-02-26,1.9335843324661255,1.9930793577556754,1.9187106204708964,1.9335843324661255,379368,0.0,0.0
2009-02-27,1.926147036181587,1.9447392605800498,1.7736914344251244,1.8331862688064575,320183,0.0,0.0
2009-03-02,1.816453819079146,1.816453819079146,1.7104784038968472,1.7141969203948975,290279,0.0,0.0
2009-03-03,1.721633895046633,1.7476628030970698,1.5840519666671753,1.5840519666671753,592223,0.0,0.0
2009-03-04,1.624954342842102,1.624954342842102,1.5524450501062832,1.624954342842102,518299,0.0,0.0
2009-03-05,1.636109804806054,1.6695755658818712,1.4873725175857544,1.4873725175857544,896713,0.0,0.0
2009-03-06,1.4858851113735871,1.4873724646889457,1.3289672532270365,1.3683826923370361,1041442,0.0,0.0
2009-03-09,1.4204406616516985,1.4204406616516985,1.2270822506898675,1.3096314668655396,1041365,0.0,0.0
2009-03-10,1.3311982963141828,1.4130037905924713,1.2858334450064337,1.4048233032226562,2025746,0.0,0.0
2009-03-11,1.4256464727676978,1.6807307886763303,1.3854874034616032,1.6137990951538086,1187848,0.0,0.0
2009-03-12,1.6063624441151745,1.7625364154813226,1.5468674205718234,1.71047842502594,650251,0.0,0.0
2009-03-13,1.7625364154813226,1.8592157179213755,1.7216337973492644,1.71047842502594,794758,0.0,0.0
2009-03-16,1.8183125741131403,1.840623137176717,1.7309295797746136,1.7681138515472412,261630,0.0,0.0
2009-03-17,1.7755507585260497,1.822031143946582,1.747662420888571,1.8108757734298706,251015,0.0,0.0
2009-03-18,1.8369051058729853,1.9261473730529082,1.786706197602811,1.8294682502746582,244409,0.0,0.0
2009-03-19,1.8592152091080187,2.0674472912510873,1.8573559513448517,1.9001179933547974,574033,0.0,0.0
2009-03-20,1.9465988222758144,2.0079529241338854,1.8685117513094296,1.9373027086257935,657596,0.0,0.0
2009-03-23,2.0748842430478183,2.156689815407255,2.011670894581505,2.1473937034606934,912285,0.0,0.0
2009-03-24,2.201310735699094,2.297989829969199,2.0525734902826684,2.193873882293701,1424895,0.0,0.0
2009-03-25,2.1790001754829156,2.2310581493206647,2.1046314641204176,2.193873882293701,608968,0.0,0.0
2009-03-26,2.1938742229531134,2.260805913994637,2.149253095592098,2.1864373683929443,608468,0.0,0.0
2009-03-27,2.1715638180208123,2.290553499682044,2.1566901078131586,2.2719614505767822,467794,0.0,0.0
2009-03-30,2.2310587163981186,2.2682429928763637,2.0916175466232363,2.1083505153656006,647359,0.0,0.0
2009-03-31,2.1195055304520656,2.3203007837661094,2.1176464497667995,2.305427074432373,443111,0.0,0.0
2009-04-01,2.288694657007644,2.305427449750707,2.1790008998319923,2.2924129962921143,380955,0.0,0.0
2009-04-02,2.327738082645322,2.4076842351538126,2.2831167722191297,2.351907730102539,556143,0.0,0.0
2009-04-03,2.37235893411619,2.476474899029862,2.3165824356867084,2.431853771209717,764248,0.0,0.0
2009-04-06,2.4616010865032965,2.5731540786831095,2.3519073522318186,2.4392905235290527,799973,0.0,0.0
2009-04-07,2.4318539721232413,2.5173778961652533,2.4021065511188224,2.448586940765381,451956,0.0,0.0
2009-04-08,2.4839118133571154,2.5954648128967945,2.402106410387661,2.5768725872039795,408550,0.0,0.0
2009-04-09,2.640086339995065,2.8036973479201275,2.57687297587531,2.6623969078063965,512844,0.0,0.0
2009-04-14,2.9003762612685597,2.9003762612685597,2.7572165821498036,2.827866792678833,719694,0.0,0.0
2009-04-15,2.759075669168198,2.9673077717250393,2.714454542329288,2.900376081466675,544402,0.0,0.0
2009-04-16,2.95987145093047,2.9635897901831814,2.8334447247829693,2.852036952972412,690627,0.0,0.0
2009-04-17,2.9208277411920185,2.9208277411920185,2.8260077021776806,2.850177526473999,389767,0.0,0.0
2009-04-20,2.900376652122434,2.9598714996133944,2.796260491704621,2.803697347640991,942560,0.0,0.0
2009-04-21,2.7962601884978193,2.9003763376260085,2.599183261590702,2.77394962310791,917430,0.0,0.0
2009-04-22,2.7516390132670185,2.878065548434164,2.7516390132670185,2.853895902633667,396532,0.0,0.0
2009-04-23,2.9375605658214305,2.9375605658214305,2.8557549834046676,2.853895902633667,218555,0.0,0.0
2009-04-24,2.9301240974266656,2.9301240974266656,2.7962605122784545,2.870629072189331,548205,0.0,0.0
2009-04-27,2.826007902023585,2.881784409935679,2.7813867666173615,2.84645938873291,212012,0.0,0.0
2009-04-28,2.8483182463631214,2.8557551016809644,2.714454850641947,2.772090435028076,307157,0.0,0.0
2009-04-29,2.885502815246582,2.885502815246582,2.7739498037249968,2.885502815246582,372401,0.0,0.0
2009-04-30,2.885502932248096,2.8929397881638432,2.835304021835327,2.835304021835327,295221,0.0,0.0
2009-05-04,2.8817844448302794,2.9059542711284725,2.833444792233893,2.870629072189331,275987,0.0,0.0
2009-05-05,2.9078134368188064,3.049113696148051,2.842740815988342,2.967308282852173,614320,0.0,0.0
2009-05-06,3.049113364765621,3.197850818301271,3.0119292673446205,3.1160452365875244,662887,0.0,0.0
2009-05-07,3.160666627150315,3.279656316106691,2.9301239274887148,3.0212254524230957,911371,0.0,0.0
2009-05-08,3.04911351422184,3.2275983962898427,3.0342398036009426,3.2127246856689453,429593,0.0,0.0
2009-05-11,3.257345513016267,3.329854801187403,3.136496581191974,3.264782190322876,491945,0.0,0.0
2009-05-12,3.2499089137733526,3.3094037586159475,3.1978511018447056,3.272219657897949,333190,0.0,0.0
2009-05-13,3.309403768526221,3.309403768526221,2.874347448348999,2.874347448348999,815433,0.0,0.0
2009-05-14,2.9003768569902273,3.0862984458406615,2.796260689218181,2.930124282836914,552713,0.0,0.0
2009-05-15,3.065846559319567,3.086298044913889,2.8985172220146183,2.974745035171509,336893,0.0,0.0
2009-05-18,2.9747447946487173,3.0788607631686027,2.878065503714503,3.0472540855407715,337037,0.0,0.0
2009-05-19,3.0658465132695603,3.0788609658641954,2.9673081351059962,3.0639872550964355,357636,0.0,0.0
2009-05-20,2.9877592733451004,3.0639870810264,2.9877592733451004,3.0119292736053467,284382,0.0,0.0
2009-05-21,3.0119294243683314,3.034239813060617,2.944997549057007,2.944997549057007,173801,0.0,0.0
2009-05-22,2.9449979957602572,3.0119298812239457,2.907813713451899,2.930124282836914,236419,0.0,0.0
2009-05-25,2.9375608834883162,2.954293853397089,2.8297263855302583,2.852036952972412,291603,0.0,0.0
2009-05-26,2.833444623352656,2.8557551899961466,2.755357551446127,2.839022397994995,370033,0.0,0.0
2009-05-27,2.8408815662865625,2.915250301361084,2.8408815662865625,2.915250301361084,215751,0.0,0.0
2009-05-28,2.8947986855374284,2.9487159318336573,2.775808998433265,2.896657943725586,227557,0.0,0.0
2009-05-29,2.9598714147725182,2.9598714147725182,2.7739498443838353,2.878065824508667,200583,0.0,0.0
2009-06-01,2.8929392269935232,2.937560353832433,2.8799245986840605,2.900376081466675,124738,0.0,0.0
2009-06-02,2.9152500343648025,2.933842083449189,2.8520366773989414,2.868769645690918,105154,0.0,0.0
2009-06-03,2.8985170411435046,2.8985170411435046,2.811133861541748,2.811133861541748,152344,0.0,0.0
2009-06-04,2.8390224019279664,2.855755193952298,2.7888234939291037,2.848318338394165,166071,0.0,0.0
2009-06-05,2.8483182405802374,2.8799249199440538,2.824148416519165,2.824148416519165,132899,0.0,0.0
2009-06-08,2.8092744378578054,2.8092744378578054,2.72560977935791,2.72560977935791,215031,0.0,0.0
2009-06-09,2.7497799396514893,2.7869642171950906,2.738624567734098,2.7497799396514893,135475,0.0,0.0
2009-06-10,2.8111338899687612,2.8390222296004146,2.7758088725390015,2.837162971496582,148898,0.0,0.0
2009-06-11,2.812993389789658,2.870628977492128,2.7851050477615935,2.826007843017578,210160,0.0,0.0
2009-06-12,2.8260077869935833,2.8260077869935833,2.7442023754119873,2.7442023754119873,305398,0.0,0.0
2009-06-15,2.781386525836159,2.781386525836159,2.6531007283216534,2.6940033435821533,250690,0.0,0.0
2009-06-16,2.7274693197529527,2.7274693197529527,2.6159163119964477,2.6568191051483154,260118,0.0,0.0
2009-06-17,2.6586782689793207,2.6772703180732975,2.5657174915836003,2.5805912017822266,279611,0.0,0.0
2009-06-18,2.582450393983081,2.614057071675749,2.5508437162904127,2.5712950229644775,222272,0.0,0.0
2009-06-19,2.56571759968684,2.5731544550994956,2.528533322623562,2.5415477752685547,107676,0.0,0.0
2009-06-22,2.5619990833262025,2.5619990833262025,2.454164591188387,2.5415477752685547,294358,0.0,0.0
2009-06-23,2.4541642309265503,2.569435561555635,2.359344205352941,2.387232542037964,537761,0.0,0.0
2009-06-24,2.4169799605548086,2.5136592440851255,2.33145604716591,2.4392905235290527,1080651,0.0,0.0
2009-06-25,2.4467277155471554,2.5062225583565203,2.37979601738662,2.443009376525879,232612,0.0,0.0
2009-06-26,2.457883016764498,2.50994100273027,2.457883016764498,2.465319871902466,113320,0.0,0.0
2009-06-29,2.469038174059368,2.543406901640491,2.454164464004865,2.5025041103363037,112021,0.0,0.0
2009-06-30,2.5285332529330216,2.61405717647569,2.517377881467189,2.5434069633483887,319060,0.0,0.0
2009-07-01,2.5675767207547686,2.6010424796702885,2.5062224452409954,2.5341107845306396,384203,0.0,0.0
2009-07-02,2.534110747798208,2.5731542803908782,2.4783342473360204,2.5508437156677246,313902,0.0,0.0
2009-07-03,2.5452659780642097,2.548984494225783,2.4913487348816674,2.5136594772338867,90257,0.0,0.0
2009-07-06,2.51365928083789,2.51365928083789,2.394669432593552,2.4225575923919678,198316,0.0,0.0
2009-07-07,2.435572488403101,2.4894897333007644,2.3965289540076475,2.448586940765381,153824,0.0,0.0
2009-07-08,2.428135734372069,2.4727568677387888,2.4076842485975223,2.461601495742798,392587,0.0,0.0
2009-07-09,2.476475381953244,2.5136598396964285,2.452305555343628,2.452305555343628,272697,0.0,0.0
2009-07-10,2.4653200522136793,2.4653200522136793,2.4095435459451755,2.42441725730896,152716,0.0,0.0
2009-07-13,2.4169801930379213,2.506222453518881,2.4058248218234963,2.4913487434387207,92603,0.0,0.0
2009-07-14,2.491348638312324,2.5303921699523926,2.491348638312324,2.5303921699523926,79105,0.0,0.0
2009-07-15,2.530392063681629,2.6400857992686753,2.5285329830595904,2.6326489448547363,188265,0.0,0.0
2009-07-16,2.6419451273462977,2.669833287811886,2.5657173232523296,2.6307897567749023,124546,0.0,0.0
2009-07-17,2.649382227255276,2.6661151960073197,2.5861688685513857,2.5991833209991455,45977,0.0,0.0
2009-07-20,2.614057327663132,2.688425884041171,2.614057327663132,2.6605377197265625,97710,0.0,0.0
2009-07-21,2.634508303833335,2.714454624831009,2.634508303833335,2.6772701740264893,99068,0.0,0.0
2009-07-22,2.68470702368763,2.6921438783728577,2.6214938475174954,2.6679742336273193,124808,0.0,0.0
2009-07-23,2.6772701343708487,2.7051584720611572,2.6289306681964595,2.7051584720611572,43993,0.0,0.0
2009-07-24,2.695862711300139,2.7200325361957267,2.640086205949446,2.6549599170684814,118354,0.0,0.0
2009-07-27,2.7032992820406077,2.853895812889797,2.688425572488663,2.755357265472412,322004,0.0,0.0
2009-07-28,2.7479205414987096,2.8260076090176987,2.736765347458061,2.77394962310791,299039,0.0,0.0
2009-07-29,2.7516390577180005,2.840881319277638,2.7516390577180005,2.77394962310791,95435,0.0,0.0
2009-07-30,2.8260075718914517,2.8557549920205285,2.7813864416978364,2.831585168838501,152472,0.0,0.0
2009-07-31,2.8260076376268364,2.855755058447864,2.7590759407795242,2.799978733062744,216199,0.0,0.0
2009-08-03,2.8185708843883175,2.8557551617598085,2.7869642042953955,2.833444595336914,154944,0.0,0.0
2009-08-04,2.811134145877432,2.8557552805797815,2.7609354136644457,2.7627944946289062,221668,0.0,0.0
2009-08-05,2.7888231639602545,2.8148522439883137,2.6995809078216553,2.6995809078216553,302371,0.0,0.0
2009-08-06,2.725610201795527,2.826007843017578,2.6995812953396863,2.826007843017578,872597,0.0,0.0
2009-08-07,2.760935306692005,3.032380620935129,2.760935306692005,2.974745035171509,1315393,0.0,0.0
2009-08-10,2.9896188448258942,3.1755404156598854,2.9226871431567627,3.1606667041778564,943808,0.0,0.0
2009-08-11,3.1606661596115413,3.4079417920317563,3.1234817100045285,3.235034704208374,1771845,0.0,0.0
2009-08-12,3.238753788490373,3.28709343961617,3.1234822581723556,3.2703604698181152,1097248,0.0,0.0
2009-08-13,3.2796560017495766,3.3372919371034695,3.2350348726678995,3.236894130706787,827638,0.0,0.0
2009-08-14,3.2685009727959695,3.324277298303697,3.25734577861787,3.311262845993042,847609,0.0,0.0
2009-08-17,3.2499086218424584,3.3019667837121025,3.145792652720386,3.1476519107818604,1026465,0.0,0.0
2009-08-18,3.1495111274676564,3.3317141596919546,3.1495111274676564,3.268500804901123,670468,0.0,0.0
2009-08-19,3.2647822871781904,3.2647822871781904,3.168103351620931,3.227598190307617,581174,0.0,0.0
2009-08-20,3.257345995682333,3.2685011906037973,3.1792589219975764,3.2331759929656982,166874,0.0,0.0
2009-08-21,3.242471729115646,3.264782115138891,3.1978506024519637,3.25734543800354,254510,0.0,0.0
2009-08-24,3.2740786170057268,3.3317141983542324,3.2573456490953197,3.292670488357544,324225,0.0,0.0
2009-08-25,3.2722195694021567,3.283374763854144,3.2313165987161407,3.246190309524536,241879,0.0,0.0
2009-08-26,3.2647827338065327,3.314981643797182,3.212724920142682,3.2536275386810303,438471,0.0,0.0
2009-08-27,3.2666422787183604,3.38005456206663,3.2275989150447337,3.3056859970092773,727660,0.0,0.0
2009-08-28,3.3707577451090582,3.378194777765796,3.301966966120411,3.322418451309204,378494,0.0,0.0
2009-08-31,3.235035289998744,3.255486776447613,3.1904141551607843,3.2164430618286133,369432,0.0,0.0
2009-09-01,3.2127249591081517,3.249909061516566,3.0881574890745735,3.0955941677093506,569895,0.0,0.0
2009-09-02,3.0955940080208304,3.1104677191403773,2.9896187719669025,3.0212254524230957,309234,0.0,0.0
2009-09-03,3.0677056554690347,3.175540143112954,3.037958235058107,3.1457927227020264,382607,0.0,0.0
2009-09-04,3.171822132041534,3.257346245306166,3.1643854530630717,3.2015695571899414,484604,0.0,0.0
2009-09-07,3.249908517187393,3.249908517187393,3.2201610983961695,3.248049259185791,173467,0.0,0.0
2009-09-08,3.2499087519481873,3.2666417205541256,3.1048901635196944,3.1978509426116943,270736,0.0,0.0
2009-09-09,3.1513708258256687,3.2406130963700224,3.1513708258256687,3.2313168048858643,162916,0.0,0.0
2009-09-10,3.2499087519481873,3.2647824624182182,3.190413910068064,3.1978509426116943,640656,0.0,0.0
2009-09-11,3.197850951894957,3.2201613403561544,3.15694798202071,3.1755402088165283,334180,0.0,0.0
2009-09-14,3.175539944036691,3.18483587935088,3.09559362371274,3.1383554935455322,477038,0.0,0.0
2009-09-15,3.1457926857274847,3.18669529965745,3.1197637818281634,3.1625256538391113,282015,0.0,0.0
2009-09-16,3.195991780836047,3.2517681081260306,3.1606665844231956,3.2424721717834473,314033,0.0,0.0
2009-09-17,3.253627301222105,3.264782495533469,3.197850975048048,3.2127246856689453,313637,0.0,0.0
2009-09-18,3.197851254697446,3.2331760988754343,3.182977542775855,3.2052879333496094,227324,0.0,0.0
2009-09-21,3.2052875305101898,3.222020498646144,3.123481947914104,3.1718215942382812,271712,0.0,0.0
2009-09-22,3.19413244501603,3.212724671866585,3.138355764464365,3.1532294750213623,271142,0.0,0.0
2009-09-23,3.1699625305027586,3.242472181743149,3.1272006558079393,3.2201614379882812,239504,0.0,0.0
2009-09-24,3.1904143246297894,3.223880266190223,3.156948383069355,3.1681039333343506,320542,0.0,0.0
2009-09-25,3.16810326670878,3.175539944036691,3.130918816217621,3.1383554935455322,274324,0.0,0.0
2009-09-28,3.1086083669747566,3.168103564272123,3.0862979782783246,3.1495113372802734,160878,0.0,0.0
2009-09-29,3.140214581563927,3.231316090257367,3.140214581563927,3.199709415435791,624352,0.0,0.0
2009-09-30,3.1997100775161194,3.255486761775126,3.186695624240861,3.2294578552246094,407826,0.0,0.0
2009-10-01,3.205287721177233,3.2647825649253663,3.1904140102401994,3.251768112182617,478886,0.0,0.0
2009-10-02,3.2443317911308975,3.2777973784598964,3.168103969860943,3.2015695571899414,578803,0.0,0.0
2009-10-05,3.19785064142936,3.229457317528526,3.1606661914478016,3.177399158477783,122362,0.0,0.0
2009-10-06,3.182977324704684,3.363321113725475,3.182977324704684,3.324277400970459,809388,0.0,0.0
2009-10-07,3.3558836185128476,3.599441088578014,3.3094032340203303,3.5511014461517334,1788693,0.0,0.0
2009-10-08,3.58456766638471,3.6422032484717626,3.5027620838430344,3.5120580196380615,699231,0.0,0.0
2009-10-09,3.532509705570885,3.5994415818907974,3.4730148620052916,3.5287911891937256,597476,0.0,0.0
2009-10-12,3.5548205674672677,3.8225473724183368,3.5548205674672677,3.792799949645996,1031675,0.0,0.0
2009-10-13,3.777926054113652,3.826265702416816,3.6459219163227785,3.681246757507324,574919,0.0,0.0
2009-10-14,3.7518962636058903,3.9006333351135254,3.718430333862385,3.9006333351135254,1261339,0.0,0.0
2009-10-15,3.948973940431714,3.993595072826637,3.766770894498134,3.81882905960083,716165,0.0,0.0
2009-10-16,3.8522936525227762,3.889478097267173,3.7444591883046012,3.7593328952789307,453216,0.0,0.0
2009-10-19,3.774206876250392,3.8299835474162216,3.696119820311969,3.710993528366089,408056,0.0,0.0
2009-10-20,3.7556147477986075,3.7556147477986075,3.5845669396794855,3.629188060760498,671099,0.0,0.0
2009-10-21,3.612455604447038,3.647780796589291,3.480451125713986,3.6440622806549072,558523,0.0,0.0
2009-10-22,3.560397694686193,3.590145115011204,3.502762112133637,3.5176358222961426,519728,0.0,0.0
2009-10-23,3.5715527871696082,3.580849077392788,3.461859399473786,3.4730145931243896,421146,0.0,0.0
2009-10-26,3.495325876585318,3.541806275766598,3.346588741052144,3.374476909637451,408245,0.0,0.0
2009-10-27,3.400505468271942,3.400505468271942,3.2331757822681473,3.279656171798706,573967,0.0,0.0
2009-10-28,3.2406128487559736,3.255486559376871,3.1364968744096915,3.2127246856689453,397257,0.0,0.0
2009-10-29,3.1978508884822827,3.5120580611703125,3.1681034680457496,3.4637184143066406,788481,0.0,0.0
2009-10-30,3.539947242902907,3.539947242902907,3.2908122839978065,3.3056859970092773,762693,0.0,0.0
2009-11-02,3.268500767764907,3.419097120882736,3.268500767764907,3.35774302482605,591823,0.0,0.0
2009-11-03,3.3205592427597685,3.3447288900208307,3.2164429117131794,3.2424721717834473,430456,0.0,0.0
2009-11-04,3.2722198169385734,3.471155847031412,3.2722198169385734,3.355884313583374,565366,0.0,0.0
2009-11-05,3.361462100041883,3.4655780839330577,3.309403930787663,3.424675464630127,494257,0.0,0.0
2009-11-06,3.4674368271531257,3.4953249886538913,3.37819456850379,3.4507038593292236,702790,0.0,0.0
2009-11-09,3.441407518655412,3.5436642169952393,3.4302523262914892,3.5436642169952393,349656,0.0,0.0
2009-11-10,3.547383233845553,3.606878074348395,3.5064806196541545,3.5399465560913086,668605,0.0,0.0
2009-11-11,3.5473830362319574,3.5473830362319574,3.502761908340529,3.5325093269348145,486498,0.0,0.0
2009-11-12,3.4953247650269206,3.8894785807697847,3.4469854773141337,3.8448574542999268,1903647,0.0,0.0
2009-11-13,3.785363275454147,4.067963792104391,3.7667710475465284,3.934100389480591,1516676,0.0,0.0
2009-11-16,3.989876195392376,4.027060646331603,3.96384729250524,3.9824395179748535,617986,0.0,0.0
2009-11-17,3.963847603781613,4.045653189501688,3.9155079556114427,3.9898765087127686,597643,0.0,0.0
2009-11-18,3.989876327189759,4.049371521581266,3.9787211333863843,4.001031875610352,259052,0.0,0.0
2009-11-19,3.9935945782519924,4.001031610038748,3.9229445493637787,3.9638471603393555,660692,0.0,0.0
2009-11-20,3.94525499995208,4.071681705455097,3.9266631294158008,3.9526920318603516,489585,0.0,0.0
2009-11-23,4.023341853364901,4.053089270221718,3.926662925888836,4.030778884887695,354947,0.0,0.0
2009-11-24,4.041934282665297,4.041934282665297,3.9787209299824626,4.015905380249023,193165,0.0,0.0
2009-11-25,3.9935949598932594,4.049371639772554,3.919226408004761,3.9192264080047607,179893,0.0,0.0
2009-11-26,3.852294607419583,3.87460535071998,3.6514993361849517,3.681246757507324,551991,0.0,0.0
2009-11-27,3.532509546127895,3.997313433776302,3.532509546127895,3.9675660133361816,744543,0.0,0.0
2009-11-30,3.9935950164885363,4.0493716971582705,3.8894790423691576,3.9712846279144287,528070,0.0,0.0
2009-12-01,4.027060159103332,4.120020920587005,3.971283844059993,4.004749774932861,968788,0.0,0.0
2009-12-02,4.015905176459287,4.034497400649093,3.867167737558021,4.030778884887695,654818,0.0,0.0
2009-12-03,4.008468144936492,4.090273718601329,4.008468144936492,4.030778884887695,278286,0.0,0.0
2009-12-04,4.030778720697181,4.067962812944947,3.952691665974554,3.9750020503997803,493848,0.0,0.0
2009-12-07,3.9973128888729645,4.045652529152931,3.8969150926106084,3.9787206649780273,310744,0.0,0.0
2009-12-08,3.9341003682426736,3.9861585351795235,3.837421067338774,3.896915912628174,276699,0.0,0.0
2009-12-09,3.9043522590813433,3.926662999450514,3.7927992664698675,3.8708863258361816,188098,0.0,0.0
2009-12-10,3.8969153945478565,3.952692070554306,3.859731298494093,3.9043524265289307,201541,0.0,0.0
2009-12-11,3.9340995405716614,3.9340995405716614,3.829983583219528,3.8522939682006836,197906,0.0,0.0
2009-12-14,3.874604807151418,3.919225932875076,3.79651774848072,3.8560125827789307,114049,0.0,0.0
2009-12-15,3.8671679758579645,3.9192261358738767,3.8299838798042014,3.9043524265289307,148708,0.0,0.0
2009-12-16,3.8783234845125873,4.0679631880838505,3.8783234845125873,4.056807994842529,339901,0.0,0.0
2009-12-17,4.008468669976547,4.04193460697822,3.9192264077169034,3.9601290225982666,135699,0.0,0.0
2009-12-18,3.98615790108243,3.98615790108243,3.9006338086207046,3.9638471603393555,293802,0.0,0.0
2009-12-21,3.960128774223123,3.960128774223123,3.8671680015454233,3.9415369033813477,188375,0.0,0.0
2009-12-22,3.9638475388467254,3.9787212492233324,3.8820419544667715,3.9601290225982666,242998,0.0,0.0
2009-12-23,3.963847604743136,3.986158347987562,3.9266635054920696,3.9489738941192627,178821,0.0,0.0
2009-12-28,3.978720664978027,3.978720664978027,3.9378180561029055,3.9787206649780273,64294,0.0,0.0
2009-12-29,3.986158239765563,3.98987640135766,3.952692303116122,3.9675660133361816,109062,0.0,0.0
2009-12-30,3.9564112901107316,4.023342816756774,3.9415375781208035,4.008469104766846,124145,0.0,0.0
2010-01-04,3.9787215174582697,4.101429724992252,3.9787215174582697,4.097711563110352,336641,0.0,0.0
2010-01-05,4.112585076182602,4.149769175529359,4.082837300241068,4.131176948547363,243257,0.0,0.0
2010-01-06,4.1348957349522495,4.164643158219605,4.116303506755838,4.146050930023193,129175,0.0,0.0
2010-01-07,4.134895727720057,4.157206472440179,4.108866821060961,4.1274590492248535,147243,0.0,0.0
2010-01-08,4.15348693834065,4.21298177019594,4.120021006767756,4.179515838623047,202383,0.0,0.0
2010-01-11,4.216701173260163,4.3319723455847035,4.164643007122382,4.172080039978027,434582,0.0,0.0
2010-01-12,4.194390277462379,4.279914379119873,4.153487662088849,4.279914379119873,324149,0.0,0.0
2010-01-13,4.272476602051231,4.279913633341727,4.157205453985898,4.179515838623047,473530,0.0,0.0
2010-01-14,4.190671730820386,4.231574342436495,4.0902739278301175,4.160923957824707,257778,0.0,0.0
2010-01-15,4.146051474918364,4.201828166838055,4.093993654667417,4.134896278381348,267960,0.0,0.0
2010-01-18,4.1274590492248535,4.1832353790992745,4.112585337617191,4.1274590492248535,137975,0.0,0.0
2010-01-19,4.105147499224442,4.194389751364342,4.06796305019089,4.164642333984375,180828,0.0,0.0
2010-01-20,4.157205731682954,4.186953149597696,4.067963123321533,4.067963123321533,213653,0.0,0.0
2010-01-21,4.097710961089374,4.164642475154502,4.056807994842529,4.056807994842529,230626,0.0,0.0
2010-01-22,4.030778820960417,4.0828366223256305,3.8969150926106084,3.9787206649780273,342547,0.0,0.0
2010-01-25,3.963847212581007,4.1609239475039015,3.941536826161086,4.142332077026367,409802,0.0,0.0
2010-01-26,4.093992652326599,4.1125848784145225,4.0010318765042,4.041934490203857,273266,0.0,0.0
2010-01-27,4.001032135539669,4.027061040977599,3.9043528373170147,3.9155080318450928,333931,0.0,0.0
2010-01-28,3.9898768775472084,4.075400987482726,3.867168664932251,3.867168664932251,221031,0.0,0.0
2010-01-29,3.915507352651511,3.941536608191582,3.763051753616549,3.8039543628692627,477099,0.0,0.0
2010-02-01,3.807673402583735,3.9638475388467254,3.7556155935742237,3.9601290225982666,350892,0.0,0.0
2010-02-02,3.96384755274384,4.127458722077363,3.9229449377190737,4.0605268478393555,412586,0.0,0.0
2010-02-03,4.090273994660301,4.142332154981807,4.045652866363525,4.045652866363525,406596,0.0,0.0
2010-02-04,4.060526590429314,4.075400299915175,3.8113916905782372,3.815110206604004,331232,0.0,0.0
2010-02-05,3.7816440094994412,3.7927992021863655,3.592003960735828,3.651498794555664,832443,0.0,0.0
2010-02-08,3.6812463761471546,3.822546790098969,3.5622567031844463,3.6440622806549072,409001,0.0,0.0
2010-02-09,3.6068785467072404,3.642203745863469,3.5436651817402076,3.6124563217163086,603676,0.0,0.0
2010-02-10,3.6514986845855764,3.7630516719467826,3.6217512685715443,3.692401647567749,466364,0.0,0.0
2010-02-11,3.697979738367889,3.748178644994289,3.567834858313103,3.5771307945251465,387290,0.0,0.0
2010-02-12,3.6198929110874816,3.7407422176465843,3.5492428691362874,3.7184314727783203,433399,0.0,0.0
2010-02-15,3.7556156227688873,3.7556156227688873,3.614315195784091,3.6886837482452393,164630,0.0,0.0
2010-02-16,3.7295863303851347,3.7481785569899255,3.644062584467213,3.6738100051879883,228401,0.0,0.0
2010-02-17,3.718430863546838,3.718430863546838,3.644062317199342,3.699838638305664,424786,0.0,0.0
2010-02-18,3.662654649616309,3.6812465207843132,3.6087372303009033,3.6087372303009033,320449,0.0,0.0
2010-02-19,3.6068783507951827,3.6440628062680473,3.5789901864991585,3.6050190925598145,224250,0.0,0.0
2010-02-22,3.6440624189562327,3.651499096490044,3.5994412899017334,3.5994412899017334,175027,0.0,0.0
2010-02-23,3.636625462207523,3.6812465921872035,3.6068780422210693,3.6068780422210693,299303,0.0,0.0
2010-02-24,3.60687828259914,3.642203479168735,3.5343689858769767,3.5659756660461426,157594,0.0,0.0
2010-02-25,3.565976033000518,3.601301233205229,3.4730152411271664,3.484170436859131,297700,0.0,0.0
2010-02-26,3.5603979653112137,3.5734124183654785,3.495325345422639,3.5734124183654785,161454,0.0,0.0
2010-03-01,3.599441679091258,3.6440628129704162,3.510199056715692,3.5734124183654785,236185,0.0,0.0
2010-03-02,3.59014502601892,3.710993962420834,3.564116122534044,3.6775283813476562,352158,0.0,0.0
2010-03-03,3.6682322128315414,3.934100094509666,3.653358502544098,3.841139316558838,498858,0.0,0.0
2010-03-04,3.829984080984662,3.896915599244079,3.7667707242938855,3.848576307296753,290142,0.0,0.0
2010-03-05,3.8708859208119986,3.9006333351135254,3.7927988696162025,3.9006333351135254,274160,0.0,0.0
2010-03-08,3.9043522178824808,3.919225926432584,3.822546643548322,3.8783233165740967,175306,0.0,0.0
2010-03-09,3.8597317045874604,3.915508031845093,3.8076735390943606,3.9155080318450928,195870,0.0,0.0
2010-03-10,3.919225689966958,4.0121864514506305,3.882041243526624,4.004749774932861,345817,0.0,0.0
2010-03-11,3.9229446779223665,3.997313225141085,3.9229446779223665,3.9415369033813477,203284,0.0,0.0
2010-03-12,3.9750020503997803,4.019623528484567,3.9303809269321603,3.9750020503997803,286557,0.0,0.0
2010-03-15,3.986157248223347,3.986157248223347,3.9117887156219506,3.9303805828094482,122924,0.0,0.0
2010-03-16,3.941536571805328,4.008468081363056,3.9378180561029055,3.9787206649780273,243381,0.0,0.0
2010-03-17,3.960129295780906,4.008468946493813,3.9155081615729723,3.934100389480591,163004,0.0,0.0
2010-03-18,3.9266631678549513,3.9750024572631233,3.8820416852029105,3.9043524265289307,163618,0.0,0.0
2010-03-19,3.9192261384062634,3.997313201171986,3.9192261384062634,3.9452550411224365,309690,0.0,0.0
2010-03-22,3.971284571635324,3.9898764436445275,3.789081176236968,3.9192264080047607,377283,0.0,0.0
2010-03-23,3.92666242214223,3.9415361286625092,3.878322787297038,3.9303805828094482,176133,0.0,0.0
2010-03-24,3.9489735545637688,3.9601287479181773,3.8671679758579645,3.9043524265289307,177975,0.0,0.0
2010-03-25,3.92666332589249,4.001031875610352,3.8820418414445554,4.001031875610352,207195,0.0,0.0
2010-03-26,3.9564108609670354,4.053089801106369,3.945255312221659,3.9601290225982666,391960,0.0,0.0
2010-03-29,4.001031875610352,4.027060779357298,3.952692229639437,4.001031875610352,235829,0.0,0.0
2010-03-30,4.015906138070443,4.03077985006037,3.9489742568071344,4.008469104766846,185116,0.0,0.0
2010-03-31,4.015905002630478,4.045652418199675,3.7890805156438905,3.8076727390289307,1484581,0.0,0.0
2010-04-01,3.8522945765844154,3.896915708210811,3.79651825070573,3.829984188079834,764920,0.0,0.0
2010-04-06,3.867168384484674,3.889479128168172,3.8299842845018297,3.874605417251587,536101,0.0,0.0
2010-04-07,3.8820419311523438,3.896915641439624,3.8151104121681967,3.8820419311523438,261676,0.0,0.0
2010-04-08,3.8634500174229816,3.8931974376754384,3.8076733384867083,3.848576307296753,307943,0.0,0.0
2010-04-09,3.859730999605852,3.908070639887922,3.8225465518143595,3.8522939682006836,360334,0.0,0.0
2010-04-12,3.8597316091640974,3.896915708210811,3.792799734415889,3.829984188079834,504193,0.0,0.0
2010-04-13,3.8485762483120616,3.8560129259525877,3.7481784405358365,3.755615472793579,626768,0.0,0.0
2010-04-14,3.766770635912985,3.837420668700582,3.7556154422343573,3.82254695892334,239237,0.0,0.0
2010-04-15,3.8448577915069766,3.8969155996455282,3.796518144937449,3.889478921890259,252075,0.0,0.0
2010-04-16,3.8634499928638237,3.8746051867332785,3.8002366365748816,3.811391830444336,182951,0.0,0.0
2010-04-19,3.7779253862567472,3.7927990942885783,3.7184305541294242,3.733304262161255,263857,0.0,0.0
2010-04-20,3.7556154408833278,3.8002365701990017,3.744459892591499,3.781644344329834,154231,0.0,0.0
2010-04-21,3.8299838899047893,3.852294276672444,3.7407416335997605,3.777925729751587,292236,0.0,0.0
2010-04-22,3.7518973527723194,3.8113921986465784,3.6756695371687678,3.6979799270629883,223831,0.0,0.0
2010-04-23,3.696120081252545,3.7704889813906513,3.673809694904871,3.707275629043579,214553,0.0,0.0
2010-04-26,3.707275361759844,3.785362417581249,3.707275361759844,3.733304262161255,166797,0.0,0.0
2010-04-27,3.6998390649064232,3.6998390649064232,3.5659756660461426,3.5659756660461426,423050,0.0,0.0
2010-04-28,3.4841693720212255,3.510198272313237,3.272218944804172,3.4302523136138916,970901,0.0,0.0
2010-04-29,3.4358304091462797,3.495325252740931,3.398646309208243,3.4878885746002197,301402,0.0,0.0
2010-04-30,3.5027623300463615,3.5845679183380157,3.4302530328203753,3.439548969268799,281453,0.0,0.0
2010-05-03,3.458141770010676,3.5083406862346114,3.3596031960841337,3.374476909637451,643746,0.0,0.0
2010-05-04,3.3837726132113377,3.396787065977827,3.1997099524310886,3.2201614379882812,661929,0.0,0.0
2010-05-05,3.207147361352526,3.253627757893867,3.0658469133127757,3.1067495346069336,512807,0.0,0.0
2010-05-06,3.065846796348809,3.199710205618677,2.937560984804694,3.006351947784424,596853,0.0,0.0
2010-05-07,2.8334443093271102,3.117904401449816,2.8334443093271102,3.0491132736206055,887893,0.0,0.0
2010-05-10,3.1904136269493732,3.4451262950897217,3.1532291767654455,3.4451262950897217,825135,0.0,0.0
2010-05-11,3.4190977342149504,3.4878888746753813,3.2294579925959455,3.367039918899536,504970,0.0,0.0
2010-05-12,3.339151339916397,3.420956932775956,3.285234267193851,3.346588373184204,520570,0.0,0.0
2010-05-13,3.3912090222751083,3.398646054475645,3.3168404733558057,3.378194570541382,470285,0.0,0.0
2010-05-14,3.3930684368580026,3.396786953129818,3.1160453577179097,3.1978509426116943,658427,0.0,0.0
2010-05-17,3.1921672983344562,3.2433178391235447,3.050082703702416,3.1088109016418457,530539,0.08,0.0
2010-05-18,3.188378595102695,3.245212293874356,3.148595078230501,3.2167954444885254,319444,0.0,0.0
2010-05-19,3.1808009536242854,3.1826950970985743,3.1163892353030658,3.156172752380371,557973,0.0,0.0
2010-05-20,3.1902728085888588,3.2717347010388056,3.15427794327241,3.197850465774536,746454,0.0,0.0
2010-05-21,3.1789064167740784,3.281207146327511,3.1675393880038194,3.2698404788970947,322264,0.0,0.0
2010-05-24,3.2887849504869684,3.3190963025462183,3.2603677417590804,3.2982571125030518,265554,0.0,0.0
2010-05-25,3.1864838841806002,3.2433179406157944,3.1448058651999813,3.2073230743408203,420649,0.0,0.0
2010-05-26,3.2433178321598692,3.3418295429416487,3.175117111254184,3.303940534591675,488560,0.0,0.0
2010-05-27,3.3569850453666272,3.4763363007943835,3.2660509964101014,3.4649696350097656,425936,0.0,0.0
2010-05-28,3.4649702846409185,3.4649702846409185,3.3759303621716565,3.3948750495910645,262794,0.0,0.0
2010-05-31,3.3607747880383414,3.4441311984477556,3.3607747880383414,3.4327645301818848,358117,0.0,0.0
2010-06-01,3.446024752537284,3.446024752537284,3.3361460260458475,3.387296199798584,532733,0.0,0.0
2010-06-02,3.3494079641278076,3.423291846432439,3.3020464269910224,3.3759303092956543,676592,0.0,0.0
2010-06-03,3.485808599524039,3.485808599524039,3.36645770072937,3.36645770072937,265612,0.0,0.0
2010-06-04,3.3872962060477376,3.394874223707913,3.2471061313924277,3.2584731578826904,1103475,0.0,0.0
2010-06-07,3.194062093794581,3.298257328143057,3.194062093794581,3.2698404788970947,597479,0.0,0.0
2010-06-08,3.250895731184472,3.2982572661508422,3.2205843777131817,3.2812070846557617,443431,0.0,0.0
2010-06-09,3.3172012252779033,3.406240761414954,3.2736287093814584,3.364562749862671,807706,0.0,0.0
2010-06-10,3.3266738086160705,3.5199089402116,3.3247793040310394,3.4877030849456787,393537,0.0,0.0
2010-06-11,3.5218038399907323,3.5767430337623423,3.495281495503737,3.5748488903045654,277504,0.0,0.0
2010-06-14,3.58053225212807,3.6752553294930443,3.58053225212807,3.673360824584961,264757,0.0,0.0
2010-06-15,3.6070550417983123,3.6979891114218315,3.6013715269443902,3.682833433151245,208539,0.0,0.0
2010-06-16,3.688515854626242,3.707460539039598,3.584320632362485,3.6089484691619873,244490,0.0,0.0
2010-06-17,3.5900043164272217,3.6695717056667956,3.5900043164272217,3.6430490016937256,117048,0.0,0.0
2010-06-18,3.6127375779914366,3.735877488066095,3.5691650555763714,3.699882984161377,339866,0.0,0.0
2010-06-21,3.718827302466107,3.7889225282278387,3.703671626806788,3.730194330215454,363165,0.0,0.0
2010-06-22,3.696094274435833,3.7150389609071586,3.6013712034190455,3.703671932220459,198845,0.0,0.0
2010-06-23,3.608949235376044,3.7586118765425693,3.608949235376044,3.7093558311462402,367209,0.0,0.0
2010-06-24,3.7548222343541164,3.7548222343541164,3.54074826669629,3.56158709526062,250419,0.0,0.0
2010-06-25,3.5691650163690096,3.6676770878825034,3.514225466791936,3.5900042057037354,392214,0.0,0.0
2010-06-28,3.5748490595044347,3.728300341976177,3.5596933817459893,3.705566644668579,424990,0.0,0.0
2010-06-29,3.6127377999435843,3.6790440206234694,3.506648063659668,3.506648063659668,265462,0.0,0.0
2010-06-30,3.4877032562783046,3.5805318174661895,3.466864066159046,3.529381275177002,275634,0.0,0.0
2010-07-01,3.423291349501513,3.554009274198957,3.423291349501513,3.4668638706207275,159921,0.0,0.0
2010-07-02,3.485809345860083,3.5426434118726218,3.4251866311852806,3.514226198196411,158233,0.0,0.0
2010-07-05,3.4952812372571094,3.5085424085208134,3.4100303343621294,3.4119248390197754,164567,0.0,0.0
2010-07-06,3.4498138427734375,3.5085424030494248,3.4176083476631307,3.4498138427734375,573368,0.0,0.0
2010-07-07,3.446024942006898,3.7889223098754883,3.44034142845976,3.7889223098754883,540078,0.0,0.0
2010-07-08,3.788922253113603,3.7965002710629263,3.692304692298432,3.769977569580078,448664,0.0,0.0
2010-07-09,3.7718725579822228,3.777556072173385,3.713144356699529,3.732089042663574,161466,0.0,0.0
2010-07-12,3.7624002170341693,3.769977874256108,3.6998830092589707,3.728299856185913,130458,0.0,0.0
2010-07-13,3.718827327528777,3.7737668780014495,3.718827327528777,3.7586112022399902,214469,0.0,0.0
2010-07-14,3.7453504224825256,3.7737672723371727,3.6904108662690036,3.7415614128112793,104982,0.0,0.0
2010-07-15,3.7207223224270245,3.747245029509199,3.660099611393243,3.705566644668579,162630,0.0,0.0
2010-07-16,3.665782578867736,3.728299785456931,3.5767426691553816,3.6278932094573975,109041,0.0,0.0
2010-07-19,3.6373654629247634,3.6638878027426194,3.5729537565044454,3.6297874450683594,123787,0.0,0.0
2010-07-20,3.6108429431915283,3.654415825375584,3.536959072078238,3.6108429431915283,185875,0.0,0.0
2010-07-21,3.6392596671408186,3.6771490343793247,3.5956871477543872,3.6259984970092773,147436,0.0,0.0
2010-07-22,3.6354710895267264,3.775661172866325,3.622209919139707,3.749138832092285,293607,0.0,0.0
2010-07-23,3.7358781264283616,3.743456146233591,3.6449440568048423,3.682833433151245,138855,0.0,0.0
2010-07-26,3.696093999978095,3.728299856185913,3.637365801483772,3.728299856185913,117469,0.0,0.0
2010-07-27,3.73398298686982,3.8495452398801366,3.690410464414714,3.8419675827026367,424834,0.0,0.0
2010-07-28,3.8571234077124203,3.8571234077124203,3.690410607275987,3.713144302368164,254081,0.0,0.0
2010-07-29,3.728300405731209,3.8154454639975115,3.6771498569193186,3.7832396030426025,268069,0.0,0.0
2010-07-30,3.77566151219687,3.77566151219687,3.6468380831341243,3.713144302368164,164608,0.0,0.0
2010-08-02,3.7377720013605975,3.823022903100626,3.6979884881084586,3.8116562366485596,211159,0.0,0.0
2010-08-03,3.7889223660725766,3.819233716093974,3.7529275024197446,3.8078670501708984,149160,0.0,0.0
2010-08-04,3.749139040391508,3.7889225537629083,3.730194355354731,3.7586112022399902,62685,0.0,0.0
2010-08-05,3.7586113312126934,3.781344664965046,3.713144302368164,3.713144302368164,198611,0.0,0.0
2010-08-06,3.703671901506796,3.7718726277020593,3.6771495574707878,3.697988748550415,176615,0.0,0.0
2010-08-09,3.7491396400814776,3.7661894618679708,3.726405942133036,3.7434561252593994,61379,0.0,0.0
2010-08-10,3.7264055591974024,3.777556103320123,3.6847275388047223,3.737772226333618,78856,0.0,0.0
2010-08-11,3.730193766882571,3.739665927236733,3.5900036978703858,3.6222095489501953,187084,0.0,0.0
2010-08-12,3.5577985522575855,3.6525216199406323,3.4649699892889787,3.480125665664673,280129,0.0,0.0
2010-08-13,3.527487095426312,3.6127376370218074,3.491492229593645,3.56158709526062,153637,0.0,0.0
2010-08-16,3.580532312400048,3.588110332159943,3.4858092334405764,3.491492748260498,146143,0.0,0.0
2010-08-17,3.478231130792889,3.559693026108382,3.478231130792889,3.497175455093384,129528,0.0,0.0
2010-08-18,3.514225767266923,3.514225767266923,3.423291706405445,3.4441308975219727,374499,0.0,0.0
2010-08-19,3.4706533202775023,3.4801258443360275,3.3759302477313264,3.3797192573547363,448558,0.0,0.0
2010-08-20,3.398663796993625,3.4536029887952053,3.3418297391225282,3.374035596847534,533559,0.0,0.0
2010-08-23,3.398664164044403,3.4763370596509477,3.3778249711070822,3.4327645301818848,488722,0.0,0.0
2010-08-24,3.4100306198355868,3.4100306198355868,3.288785202314628,3.356985569000244,176092,0.0,0.0
2010-08-25,3.3399350944985264,3.3910856360381065,3.2963625715602833,3.33046293258667,170983,0.0,0.0
2010-08-26,3.315307080152201,3.421396805541929,3.296362395997658,3.326673746109009,264047,0.0,0.0
2010-08-27,3.3342521205705475,3.4460253715515137,3.2963627482129936,3.4460253715515137,338339,0.0,0.0
2010-08-30,3.504753022741923,3.550220045622126,3.4327636601832126,3.5180141925811768,533510,0.0,0.0
2010-08-31,3.4668638019997893,3.554009203853117,3.432763804411749,3.531275510787964,766006,0.0,0.0
2010-09-01,3.5596931599893336,3.7036719090552537,3.500964596161568,3.675255060195923,749448,0.0,0.0
2010-09-02,3.669571613234887,3.71314413541764,3.6032653969821093,3.6487324237823486,476107,0.0,0.0
2010-09-03,3.6866208890766967,3.713143588474923,3.6146315309152377,3.6525208950042725,574976,0.0,0.0
2010-09-06,3.6923048540158745,3.6923048540158745,3.6222099916135018,3.6619935035705566,268661,0.0,0.0
2010-09-07,3.6619933278668704,3.6714654889241296,3.5805314419512224,3.6203153133392334,473569,0.0,0.0
2010-09-08,3.6127375785069678,3.718827308288294,3.548325866519067,3.707460641860962,418156,0.0,0.0
2010-09-09,3.7055665961147817,3.7813449839140896,3.6752552409950585,3.7605061531066895,292982,0.0,0.0
2010-09-10,3.7245103076931616,3.826811375427406,3.703671121005128,3.792711019515991,424275,0.0,0.0
2010-09-13,3.8040778356113907,3.826811527569408,3.771871982785736,3.775660991668701,356532,0.0,0.0
2010-09-14,3.758611190972563,3.8268119123645854,3.7396665059925773,3.8116562366485596,349896,0.0,0.0
2010-09-15,3.8040779846613986,3.8040779846613986,3.7510329422408177,3.7889223098754883,189828,0.0,0.0
2010-09-16,3.7889223098754883,3.8116560027242485,3.7415607810020446,3.7889223098754883,242907,0.0,0.0
2010-09-17,3.8116558802927583,3.8268115545918637,3.777555522784826,3.7965002059936523,361816,0.0,0.0
2010-09-20,3.7889224268579764,3.8230227865140667,3.7661887333073167,3.8040781021118164,200990,0.0,0.0
2010-09-21,3.8230231961151957,3.959424288013854,3.7813448136968373,3.8457565307617188,654132,0.0,0.0
2010-09-22,3.8836462809030183,3.8836462809030183,3.7737675225310645,3.8002898693084717,203874,0.0,0.0
2010-09-23,3.8078672387996857,3.838178590322604,3.754822192964672,3.7586112022399902,271641,0.0,0.0
2010-09-24,3.768083177430443,3.819233716093974,3.743455341040481,3.8078670501708984,266474,0.0,0.0
2010-09-27,3.8116568154980084,3.849545829872105,3.7624007716058028,3.7832396030426025,147235,0.0,0.0
2010-09-28,3.7813445905263268,3.796500627849303,3.724510895924437,3.7775559425354004,155649,0.0,0.0
2010-09-29,3.7965010097871588,3.7965010097871588,3.6847277526642532,3.701777935028076,269906,0.0,0.0
2010-09-30,3.6885154474155835,3.853333713874168,3.6828322956568553,3.792711019515991,457713,0.0,0.0
2010-10-01,3.819233664004877,3.819233664004877,3.7358772719130044,3.766188621520996,206975,0.0,0.0
2010-10-04,3.7661887123385895,3.788922405762677,3.7150385344790404,3.752927541732788,170086,0.0,0.0
2010-10-05,3.745350254196422,3.826812151768721,3.7358777304439257,3.8192341327667236,139460,0.0,0.0
2010-10-06,3.8268116140594146,3.849544945191454,3.800288912618991,3.8306002616882324,194357,0.0,0.0
2010-10-07,3.830600261688232,3.8874343121978967,3.815444587153612,3.8306002616882324,182850,0.0,0.0
2010-10-08,3.8268116140594146,3.8419672885940352,3.804077921587592,3.8306002616882324,37540,0.0,0.0
2010-10-11,3.841967821172957,3.879856832091844,3.819234125549758,3.849545478820801,171881,0.0,0.0
2010-10-12,3.84196722633676,3.84196722633676,3.792711194562468,3.8268115520477295,124764,0.0,0.0
2010-10-13,3.853334495596043,3.8571235050970416,3.7889227794384035,3.8192341327667236,199934,0.0,0.0
2010-10-14,3.807866868851498,3.830600199615154,3.7813441678408624,3.8268115520477295,153048,0.0,0.0
2010-10-15,3.8343893871412686,3.868489746215041,3.7813443439887564,3.8381783962249756,308538,0.0,0.0
2010-10-18,3.8230226050908134,3.8457559362228526,3.807866930556193,3.8306002616882324,85142,0.0,0.0
2010-10-19,3.838179014568662,3.9935247986294318,3.834390004874533,3.9632134437561035,566919,0.0,0.0
2010-10-20,3.948056937505991,3.978368286016074,3.9101675711984987,3.955634593963623,175767,0.0,0.0
2010-10-21,3.948057757929527,3.9859471321105957,3.9177464031206126,3.9859471321105957,145566,0.0,0.0
2010-10-22,3.951846067189411,3.9935240823296834,3.9404790401458745,3.940479040145874,151223,0.0,0.0
2010-10-25,3.963213524851523,3.978369202598303,3.8836461263459623,3.8912241458892822,90093,0.0,0.0
2010-10-26,3.887435021012008,3.8912240306714767,3.838178979458462,3.883646011352539,98083,0.0,0.0
2010-10-27,3.8798564738746038,3.8950121491108405,3.819233772929657,3.8343894481658936,204905,0.0,0.0
2010-10-28,3.8457564621080413,3.8874348437823656,3.8457564621080413,3.872279167175293,90437,0.0,0.0
2010-10-29,3.8874348437823656,3.8874348437823656,3.80407844177355,3.872279167175293,154724,0.0,0.0
2010-11-01,3.8874344343120146,3.9139567752457882,3.8078670501708984,3.8078670501708984,38762,0.0,0.0
2010-11-02,3.823023133204819,3.823023133204819,3.7131443873151784,3.737772226333618,287984,0.0,0.0
2010-11-03,3.715038794255533,3.7737669944763184,3.715038794255533,3.7737669944763184,97792,0.0,0.0
2010-11-04,3.779450024727039,3.845755873904184,3.756716332623605,3.8268115520477295,217785,0.0,0.0
2010-11-05,3.8268123152435396,3.857123669866709,3.7377723948656114,3.7642951011657715,76976,0.0,0.0
2010-11-08,3.769978368956915,3.8268124316084426,3.726405840528646,3.7794508934020996,97533,0.0,0.0
2010-11-09,3.749139263697421,3.8230231422677226,3.733983225693426,3.8192341327667236,97706,0.0,0.0
2010-11-10,3.7377721345651853,3.8040783536882117,3.7377721345651853,3.751033306121826,181416,0.0,0.0
2010-11-11,3.7548216006072463,3.783238443009489,3.5862146891928184,3.6222095489501953,430325,0.0,0.0
2010-11-12,3.650627343553367,3.7434559123279034,3.536959582956436,3.660099506378174,278775,0.0,0.0
2010-11-15,3.6638883177289427,3.811656434640701,3.6089487645671943,3.732089042663574,116631,0.0,0.0
2010-11-16,3.7131441099607563,3.7169331191697514,3.620315552379213,3.6278932094573975,180445,0.0,0.0
2010-11-17,3.6335766315460205,3.684727170556808,3.6070542904321887,3.6335766315460205,96640,0.0,0.0
2010-11-18,3.6904103486799444,3.6904103486799444,3.6373656660815428,3.6544158458709717,54663,0.0,0.0
2010-11-19,3.669571345784504,3.673359993403538,3.5312754095059518,3.6203153133392334,97890,0.0,0.0
2010-11-22,3.6506271262233776,3.67146595546534,3.5767428874969487,3.5767428874969482,186908,0.0,0.0
2010-11-23,3.561587580956592,3.567271095707283,3.43655314716032,3.4422366619110107,142956,0.0,0.0
2010-11-24,3.446025494951535,3.4687588301082664,3.279312684216217,3.4308698177337646,246630,0.0,0.0
2010-11-25,3.440341748039892,3.455497424233643,3.402452376885603,3.4081358909606934,121840,0.0,0.0
2010-11-26,3.4024521526202784,3.4024521526202784,3.2963624262566977,3.3247792720794678,331819,0.0,0.0
2010-11-29,3.336146280565356,3.36456312622701,3.1561723224752187,3.2281620502471924,219955,0.0,0.0
2010-11-30,3.216795014511007,3.216795014511007,3.05766024561352,3.0936551094055176,726224,0.0,0.0
2010-12-01,3.1107053754377794,3.281206815038623,3.0671328535706386,3.2755236625671387,321150,0.0,0.0
2010-12-02,3.2755236301794444,3.4877030849456787,3.205428405892508,3.4877030849456787,412954,0.0,0.0
2010-12-03,3.4119250922835413,3.4858089727169723,3.356985537153154,3.463075637817383,305127,0.0,0.0
2010-12-06,3.459286346519464,3.4820196795678013,3.375929948882661,3.391085624694824,339716,0.0,0.0
2010-12-07,3.3929805139031606,3.4346585367754905,3.3569856442671435,3.3967695236206055,161874,0.0,0.0
2010-12-08,3.3721411616684245,3.46307558386974,3.3645635039332205,3.4441308975219727,107147,0.0,0.0
2010-12-09,3.4763366562357927,3.554009542828705,3.394874760214,3.480125665664673,311555,0.0,0.0
2010-12-10,3.485808696242364,3.536959237719234,3.419502478921215,3.495281219482422,213594,0.0,0.0
2010-12-13,3.5066482802892116,3.5445372934899275,3.453603228200383,3.478231430053711,80084,0.0,0.0
2010-12-14,3.4858089645601686,3.5104371655402447,3.4517086009507363,3.500964641571045,79546,0.0,0.0
2010-12-15,3.557798975800102,3.557798975800102,3.4592868869606828,3.491492748260498,165408,0.0,0.0
2010-12-16,3.4782314698044674,3.5369596758076547,3.4384475899482143,3.4536032676696777,147655,0.0,0.0
2010-12-17,3.463075560375627,3.5066480857420017,3.3740356435471344,3.4157140254974365,228107,0.0,0.0
2010-12-20,3.411924904990564,3.5388538287885183,3.3948747240818964,3.512331485748291,245859,0.0,0.0
2010-12-21,3.5123314078265695,3.652521500034495,3.4554973522786114,3.6146321296691895,318420,0.0,0.0
2010-12-22,3.610842647177564,3.682832369169703,3.5540089604172587,3.591897964477539,246722,0.0,0.0
2010-12-23,3.5900038524216504,3.614631687206565,3.550219982273993,3.552114486694336,116233,0.0,0.0
2010-12-27,3.546431036713831,3.554009054530421,3.4706526652468264,3.5180141925811768,171536,0.0,0.0
2010-12-28,3.48580878136824,3.5180146384912976,3.4782311239309562,3.512331485748291,122511,0.0,0.0
2010-12-29,3.531275895493333,3.5540095910351477,3.4933868847100857,3.536959409713745,168328,0.0,0.0
2010-12-30,3.523698245015634,3.523698245015634,3.4782312151796697,3.506648063659668,55488,0.0,0.0
2011-01-03,3.5255929188525283,3.5824266185383578,3.5066482318439682,3.5407485961914062,205553,0.0,0.0
2011-01-04,3.5312761023922077,3.56348196218183,3.5009647474537227,3.54643177986145,125364,0.0,0.0
2011-01-05,3.5445370673344616,3.5445370673344616,3.4782312081288205,3.536959409713745,100888,0.0,0.0
2011-01-06,3.5199089402116,3.546431281722429,3.4877030849456787,3.4877030849456787,69949,0.0,0.0
2011-01-07,3.4933871167636474,3.4933871167636474,3.4251863869476993,3.447920083999634,102417,0.0,0.0
2011-01-10,3.4384473493713243,3.4384473493713243,3.2205843618660026,3.2300565242767334,340841,0.0,0.0
2011-01-11,3.254684589085358,3.317201797875038,3.254684589085358,3.2982571125030518,251392,0.0,0.0
2011-01-12,3.303940604099055,3.5881097987312716,3.303940604099055,3.554009437561035,503607,0.0,0.0
2011-01-13,3.546431030468976,3.588109405707271,3.4914918467545557,3.571059226989746,209817,0.0,0.0
2011-01-14,3.5577982909876673,3.622210001189197,3.525592435886902,3.6089484691619873,181533,0.0,0.0
2011-01-17,3.5786376088686755,3.5994768007120768,3.5085427366788093,3.5407485961914062,192077,0.0,0.0
2011-01-18,3.536959245204098,3.607054471969604,3.536959245204098,3.6070544719696045,142352,0.0,0.0
2011-01-19,3.60516035541303,3.7055665834001505,3.5615874664055625,3.701777935028076,332200,0.0,0.0
2011-01-20,3.667676886288895,3.785133274734549,3.6600988682783173,3.768083095550537,465901,0.0,0.0
2011-01-21,3.7661887289329283,3.8912235013066314,3.7472444058924825,3.8343894481658936,501342,0.0,0.0
2011-01-24,3.8533338942803543,3.883645242878566,3.7813441703547688,3.7965002059936523,305103,0.0,0.0
2011-01-25,3.8343893342332196,3.8343893342332196,3.7301941152475595,3.7889223098754883,521735,0.0,0.0
2011-01-26,3.800288918697804,3.804077927672466,3.7661885606054164,3.769977569580078,236713,0.0,0.0
2011-01-27,3.7605060362387133,3.8722792902714795,3.6866217942581687,3.864701271057129,407559,0.0,0.0
2011-01-28,3.8647008040209947,4.220859714578304,3.8647008040209947,4.171603679656982,1660801,0.0,0.0
2011-01-31,4.099613804304338,4.15265884647452,3.8874343583031847,3.932901382446289,818294,0.0,0.0
2011-02-01,3.9594234212153037,4.0086794506194074,3.891223070866342,4.004890441894531,287041,0.0,0.0
2011-02-02,4.023836127540508,4.04656982421875,3.9783690955238744,4.04656982421875,199651,0.0,0.0
2011-02-03,4.023835004654679,4.11476904331202,3.9556342949917993,3.959423303604126,269896,0.0,0.0
2011-02-04,4.001102809515053,4.0389918223562695,3.970791093366287,3.9859471321105957,186768,0.0,0.0
2011-02-07,3.9859457060670356,4.0427793856655185,3.9556340007628257,4.023834705352783,388209,0.0,0.0
2011-02-08,4.023835296588083,4.061724662780762,3.9404789077680538,4.061724662780762,193438,0.0,0.0
2011-02-09,4.004891675757565,4.06172574012137,4.001103027205209,4.054147720336914,145438,0.0,0.0
2011-02-10,4.03520197286817,4.046568999560708,3.906378922410729,3.948056936264038,157547,0.0,0.0
2011-02-11,3.929112672805786,3.932901682108023,3.872278978631492,3.929112672805786,246543,0.0,0.0
2011-02-14,3.9404798361332727,3.963213533472826,3.8722794667943337,3.876068115234375,179442,0.0,0.0
2011-02-15,3.8836453502873405,3.9556347148641358,3.8647006665545667,3.940479040145874,307181,0.0,0.0
2011-02-16,3.9442682620883454,4.118558711427168,3.9404792528692867,4.084458351135254,553391,0.0,0.0
2011-02-17,4.038992032538638,4.137504121463939,4.031414374112006,4.076881408691406,183647,0.0,0.0
2011-02-18,4.084459214158779,4.095826244217746,3.9783694629876107,4.008680820465088,276620,0.0,0.0
2011-02-21,4.0314140803744065,4.0314140803744065,3.864701271057129,3.864701271057129,202456,0.0,0.0
2011-02-22,3.845756230621481,3.88743460978707,3.7965005556182034,3.8419675827026367,111099,0.0,0.0
2011-02-23,3.8609119063162924,3.8684899248336033,3.7631579245536946,3.8419675827026367,251377,0.0,0.0
2011-02-24,3.804078456102564,3.8647011627592045,3.8002894466015653,3.8192341327667236,123666,0.0,0.0
2011-02-25,3.815444707870484,3.887434435192452,3.811656060121797,3.8154447078704834,298464,0.0,0.0
2011-02-28,3.8154445278627014,3.8419672288909696,3.7586108395759994,3.7965002059936523,182273,0.0,0.0
2011-03-01,3.8268122466979118,3.8457565719931757,3.7131444882271123,3.7343623638153076,229858,0.0,0.0
2011-03-02,3.716175093304017,3.8002892202490495,3.6676771476712355,3.7586112022399902,176424,0.0,0.0
2011-03-03,3.766188988683536,3.7858914039834812,3.699504085312858,3.713144302368164,332170,0.0,0.0
2011-03-04,3.713144104528806,3.7813444634919167,3.6222100516847875,3.752548933029175,378090,0.0,0.0
2011-03-07,3.743455693468005,3.804078399218122,3.6798017078944514,3.760126829147339,202844,0.0,0.0
2011-03-08,3.785891487989887,3.7889227678493813,3.729815520637995,3.7616426944732666,183090,0.0,0.0
2011-03-09,3.767704892852422,3.7889227678493813,3.7313309798978254,3.7616426944732666,293742,0.0,0.0
2011-03-10,3.7298152195468965,3.781344443619743,3.7055660666479673,3.740424156188965,78670,0.0,0.0
2011-03-11,3.7040509469958116,3.758611455684055,3.669192854259985,3.697988748550415,113191,0.0,0.0
2011-03-14,3.637366446064336,3.788923230758734,3.637366446064336,3.749518394470215,220221,0.0,0.0
2011-03-15,3.6373657423402266,3.6767705710050618,3.561587003314125,3.6691925525665283,276994,0.0,0.0
2011-03-16,3.678286747241598,3.7131448439068864,3.5388543605804443,3.5388543605804443,610222,0.0,0.0
2011-03-17,3.5540093313019283,3.634334447446318,3.523697980354604,3.6191787719726562,580653,0.0,0.0
2011-03-18,3.628271938517815,3.6646454842687874,3.6009915081997543,3.6131162643432617,488481,0.0,0.0
2011-03-21,3.631303067916344,3.6964725067942217,3.6040229973501656,3.661614418029785,383099,0.0,0.0
2011-03-22,3.6676770635124605,3.804078142235724,3.6100852801365333,3.7101128101348877,531206,0.0,0.0
2011-03-23,3.704050785534105,3.7373934175401176,3.6449435402533736,3.673739433288574,390923,0.0,0.0
2011-03-24,3.640396967389052,3.7055664138245206,3.640396967389052,3.675255060195923,241195,0.0,0.0
2011-03-25,3.6813172848942504,3.693442043236018,3.6494904717593113,3.6646461486816406,72726,0.0,0.0
2011-03-28,3.67373972437137,3.6813173823632455,3.6282726924005675,3.660099506378174,221005,0.0,0.0
2011-03-29,3.661614412364228,3.682832646482643,3.485808509710333,3.5130889415740967,533646,0.0,0.0
2011-03-30,3.5691650940443274,3.579774031001307,3.485808696231157,3.541884660720825,377512,0.0,0.0
2011-03-31,3.523698382481426,3.5691654140911404,3.4706533316001686,3.5100581645965576,401541,0.0,0.0
2011-04-01,3.544916427478238,3.544916427478238,3.485809175162776,3.5115737915039062,176343,0.0,0.0
2011-04-04,3.4949024352669205,3.5903832363572117,3.488840236744012,3.523698329925537,265821,0.0,0.0
2011-04-05,3.5161200129779155,3.520666751819982,3.464590787887573,3.4645907878875732,337840,0.0,0.0
2011-04-06,3.476715364144772,3.5282449532462983,3.437310533030594,3.508542537689209,492206,0.0,0.0
2011-04-07,3.4979334979391674,3.60250777098856,3.496417677397708,3.543400526046753,411114,0.0,0.0
2011-04-08,3.5706804809044415,3.7434554711010395,3.5631028238057154,3.6691925525665283,668908,0.0,0.0
2011-04-11,3.6752550863932867,3.7222379377903954,3.6464591918389093,3.6646461486816406,294922,0.0,0.0
2011-04-12,3.64342799664543,3.6798015462295335,3.5858362119091045,3.6252410411834717,237857,0.0,0.0
2011-04-13,3.626756429039584,3.6570681413267145,3.5615869883688567,3.6191787719726562,355266,0.0,0.0
2011-04-14,3.6100852319206247,3.6100852319206247,3.5297601171668695,3.5524938106536865,270199,0.0,0.0
2011-04-15,3.537338884682263,3.5615876810845797,3.517636466600474,3.5191519260406494,182318,0.0,0.0
2011-04-18,3.5615869034378678,3.5615869034378678,3.3948744772030737,3.406998872756958,532985,0.0,0.0
2011-04-19,3.406998678109413,3.4964172645650167,3.4024519397015194,3.4464035034179688,328147,0.0,0.0
2011-04-20,3.461559110568352,3.5070261324262115,3.3736563461790645,3.387296199798584,456278,0.0,0.0
2011-04-21,3.405483899719411,3.4933870447209596,3.3903282224439555,3.4570131301879883,261739,0.0,0.0
2011-04-26,3.438825892951451,3.4964173113219625,3.438825892951451,3.4554970264434814,153218,0.0,0.0
2011-04-27,3.4524669005283086,3.526729469430445,3.4524669005283086,3.5115737915039062,357416,0.0,0.0
2011-04-28,3.5373386184466282,3.5449162764170556,3.5070269025453733,3.5297605991363525,158727,0.0,0.0
2011-04-29,3.5403684373127096,3.550977371979639,3.5009636163556928,3.5252127647399902,87951,0.0,0.0
2011-05-02,3.544915175218499,3.54643063407385,3.4873237639780617,3.5252127647399902,82146,0.0,0.0
2011-05-03,3.5267293013518834,3.5267293013518834,3.476715530443898,3.5024805068969727,181504,0.0,0.0
2011-05-04,3.5130888754272775,3.5388534863647436,3.4721682284021136,3.491870641708374,140763,0.0,0.0
2011-05-05,3.4873243686700794,3.4964174847186418,3.4176081904790405,3.419123649597168,241147,0.0,0.0
2011-05-06,3.4069992379044844,3.5191515348270026,3.4024524987495286,3.4721686840057373,245298,0.0,0.0
2011-05-09,3.42973225209939,3.466105796770801,3.387296148866273,3.3933587074279785,206010,0.0,0.0
2011-05-10,3.384265878026451,3.4782312176227097,3.384265878026451,3.4676222801208496,6188843,0.0,0.0
2011-05-11,3.461559534072876,3.481261948755751,3.42670144358316,3.461559534072876,259266,0.0,0.0
2011-05-12,3.4448885017615254,3.4615596372439867,3.4039682119974146,3.426701545715332,151538,0.0,0.0
2011-05-13,3.4282170811049784,3.485808501560844,3.391843172038332,3.4100301265716553,249582,0.0,0.0
2011-05-16,3.462730525586247,3.5650314052499517,3.3929797914329716,3.4115800857543945,305194,0.1,0.0
2011-05-17,3.402280104253349,3.468930669414301,3.3712798585762584,3.3821299076080322,6288068,0.0,0.0
2011-05-18,3.382129707023559,3.434830417190747,3.3650796837779713,3.36972975730896,269863,0.0,0.0
2011-05-19,3.3697298541336145,3.5123311277092433,3.3650797804690122,3.4611806869506836,451491,0.0,0.0
2011-05-20,3.4859811211087197,3.5030311456486154,3.399180357861103,3.4146804809570312,284320,0.0,0.0
2011-05-23,3.3712796531776235,3.4906309243596954,3.2875790688594377,3.32167911529541,472062,0.0,0.0
2011-05-24,3.332530135276313,3.382130312567286,3.2891295644005734,3.318579912185669,619744,0.0,0.0
2011-05-25,3.2844790687503225,3.5495314257147577,3.2844790687503225,3.507681131362915,828811,0.0,0.0
2011-05-26,3.503031319908857,3.5402315432792144,3.417780453864356,3.450330972671509,350256,0.0,0.0
2011-05-27,3.467381141434802,3.513881514958552,3.444130769896868,3.478231191635132,148210,0.0,0.0
2011-05-30,3.4580810900606846,3.492181512757851,3.427080840173126,3.467381238937378,102957,0.0,0.0
2011-05-31,3.49373047058495,3.681282190425664,3.49373047058495,3.6549320220947266,675821,0.0,0.0
2011-06-01,3.6673324699422416,3.6673324699422416,3.572781831326103,3.5975821018218994,305945,0.0,0.0
2011-06-02,3.5340306948899833,3.7293322812934364,3.5340306948899833,3.7045323848724365,971216,0.0,0.0
2011-06-03,3.6874827751169654,3.6874827751169654,3.5805318133301554,3.6378822326660156,339368,0.0,0.0
2011-06-06,3.6146314225408114,3.6146314225408114,3.489080193078717,3.5944812297821045,903128,0.0,0.0
2011-06-07,3.597582136575578,3.605332013307336,3.4766809553226614,3.4890809059143066,411762,0.0,0.0
2011-06-08,3.4735811879856606,3.496831559996544,3.394530662252909,3.4425809383392334,544715,0.0,0.0
2011-06-09,3.4332805201846828,3.468930841436422,3.371280025755936,3.4007303714752197,350563,0.0,0.0
2011-06-10,3.377480153282449,3.4022804260804342,3.29687972862914,3.309279680252075,464628,0.0,0.0
2011-06-13,3.317029883091154,3.34182978600739,3.264329165513881,3.2875795364379883,287847,0.0,0.0
2011-06-14,3.315479600579005,3.3402798729619576,3.2565792770275865,3.324779748916626,414344,0.0,0.0
2011-06-15,3.3139292406737777,3.3139292406737777,3.2457287782178894,3.2674288749694824,283383,0.0,0.0
2011-06-16,3.2441789686112394,3.267429339545243,3.144978248247745,3.2395288944244385,344398,0.0,0.0
2011-06-17,3.237978804379164,3.326329469680786,3.2302289275537315,3.326329469680786,439013,0.0,0.0
2011-06-20,3.2705290863550704,3.317029827422883,3.2410791097482594,3.303079605102539,322140,0.0,0.0
2011-06-21,3.301529211390533,3.374379745616004,3.287578991149896,3.360429525375366,190467,0.0,0.0
2011-06-22,3.3852302159584124,3.3852302159584124,3.337179944094691,3.358880043029785,213430,0.0,0.0
2011-06-23,3.3480302616962008,3.3480302616962008,3.2441790935929404,3.253479242324829,290461,0.0,0.0
2011-06-24,3.2519289814930232,3.296879449030244,3.162028046418582,3.1852784156799316,570091,0.0,0.0
2011-06-27,3.157377873384115,3.2302287817465016,3.157377873384115,3.1790783405303955,222177,0.0,0.0
2011-06-28,3.193027999969251,3.286028729393121,3.146527635257316,3.255028486251831,255471,0.0,0.0
2011-06-29,3.2596786390769568,3.3836799842145697,3.2596786390769568,3.3325295448303223,273608,0.0,0.0
2011-06-30,3.344930337263514,3.38678064011187,3.3030800344151587,3.3805806636810303,237128,0.0,0.0
2011-07-01,3.3852302920568875,3.4549810339757623,3.3542300444378546,3.4224305152893066,485729,0.0,0.0
2011-07-04,3.425530771458229,3.436380821434432,3.3650801762604328,3.4317307472229004,185097,0.0,0.0
2011-07-05,3.4286300727813908,3.4456804655790356,3.358879708920672,3.36972975730896,358608,0.0,0.0
2011-07-06,3.361979957716103,3.361979957716103,3.234878793290578,3.279829263687134,258097,0.0,0.0
2011-07-07,3.2798288511706284,3.3418293392773153,3.23952845999087,3.244178533554077,232050,0.0,0.0
2011-07-08,3.282929359806802,3.282929359806802,3.1403280747278863,3.1682281494140625,362597,0.0,0.0
2011-07-11,3.1310276195928743,3.148077643031682,2.875275420250456,2.896975517272949,674625,0.0,0.0
2011-07-12,2.8907756113696705,2.9062757338347063,2.771424520568068,2.8938755989074707,1112902,0.0,0.0
2011-07-13,2.9155759696286805,2.9543262769662357,2.8194750596107108,2.9202258586883545,681686,0.0,0.0
2011-07-14,2.904725703804303,2.9248759003534084,2.723374119638395,2.7760746479034424,1096275,0.0,0.0
2011-07-15,2.7714247139007195,2.8148250967856066,2.721824355507726,2.7543745040893555,865242,0.0,0.0
2011-07-18,2.7357741265137925,2.76522446925099,2.650523455306588,2.659823417663574,533061,0.0,0.0
2011-07-19,2.659823608358975,2.7233741871800916,2.590073054188695,2.6055731773376465,794255,0.0,0.0
2011-07-20,2.624173115452891,2.7047738983435816,2.6009229322596603,2.6722235679626465,569512,0.0,0.0
2011-07-21,2.6722237655916943,2.921776009008224,2.580772927402627,2.867525577545166,1324702,0.0,0.0
2011-07-22,2.9202261919916754,3.1682283720340787,2.8969760049354556,3.0891778469085693,2736464,0.0,0.0
2011-07-25,3.0457773117095255,3.0457773117095255,2.8132752677508255,2.816375255584717,823579,0.0,0.0
2011-07-26,2.842725627736667,2.9124761903594996,2.7512747792099805,2.861325740814209,903856,0.0,0.0
2011-07-27,2.8287751571657918,2.839625206072873,2.6908237698464634,2.73112416267395,810580,0.0,0.0
2011-07-28,2.7109743141728835,2.827225433821091,2.664473940224025,2.7822749614715576,1019744,0.0,0.0
2011-07-29,2.724924229566248,2.7683246106402852,2.6753236884667544,2.735774278640747,867407,0.0,0.0
2011-08-01,2.802424740413233,2.8210250350256096,2.577672781905968,2.6117730140686035,926087,0.0,0.0
2011-08-02,2.6272735073264233,2.6427736307509764,2.4428217429325656,2.475372076034546,1074768,0.0,0.0
2011-08-03,2.4521218955343156,2.6179733643114727,2.3963213771899947,2.524972438812256,1185662,0.0,0.0
2011-08-04,2.579223016720375,2.5838730906415086,2.4335217475891113,2.4335217475891113,562606,0.0,0.0
2011-08-05,2.431971816361821,2.538922784260382,2.349821121105956,2.4567720890045166,1040691,0.0,0.0
2011-08-08,2.5001721240024497,2.650523455605672,2.379270950363718,2.4025211334228516,821043,0.0,0.0
2011-08-09,2.3932215333533335,2.470722155282576,2.2862705642253442,2.3839213848114014,696464,0.0,0.0
2011-08-10,2.4955221647759878,2.4955221647759878,2.030517927959521,2.0320680141448975,1490101,0.0,0.0
2011-08-11,2.0925184365318272,2.266119945276723,2.0615181935096705,2.201019287109375,1147928,0.0,0.0
2011-08-12,2.247519904234286,2.464521796713123,2.1607191472427516,2.3529207706451416,421330,0.0,0.0
2011-08-16,2.521872460019411,2.521872460019411,2.256820089332019,2.270770311355591,404064,0.0,0.0
2011-08-17,2.2335699631147974,2.394771362733691,2.2335699631147974,2.36997127532959,207250,0.0,0.0
2011-08-18,2.208769301707308,2.3482705771678174,2.208769301707308,2.2490696907043457,184962,0.0,0.0
2011-08-19,2.2552701337461403,2.3327707494311443,2.1870694810777107,2.2862703800201416,247161,0.0,0.0
2011-08-22,2.3637713840337735,2.387021572558897,2.3048708694815794,2.3296711444854736,99861,0.0,0.0
2011-08-23,2.3792711606023493,2.4025213457159302,2.2583701610565186,2.2583701610565186,97566,0.0,0.0
2011-08-24,2.309520623007929,2.360671067606056,2.2738703019379587,2.287820339202881,69764,0.0,0.0
2011-08-25,2.286270331608071,2.402521252673949,2.1932694099793295,2.216519594192505,320722,0.0,0.0
2011-08-26,2.3002203355533806,2.3095204830169678,2.1948194649955504,2.3095204830169678,113169,0.0,0.0
2011-08-29,2.30797071926129,2.470722213953532,2.30797071926129,2.4180216789245605,117618,0.0,0.0
2011-08-30,2.480022068395662,2.480022068395662,2.3637709617614746,2.3637709617614746,135007,0.0,0.0
2011-08-31,2.3637710795731355,2.495522315688297,2.3637710795731355,2.4800221920013428,169982,0.0,0.0
2011-09-01,2.480022222057107,2.4893221855163574,2.4304216778368968,2.4893221855163574,93214,0.0,0.0
2011-09-02,2.441271654902697,2.4707218132484563,2.419571372900951,2.427321434020996,51164,0.0,0.0
2011-09-05,2.402521190594745,2.402521190594745,2.2878201739079036,2.317270517349243,92452,0.0,0.0
2011-09-06,2.3095205158212466,2.3172705772256386,2.1901694223727803,2.216519594192505,124897,0.0,0.0
2011-09-07,2.3250208026721095,2.3250208026721095,2.235120047082999,2.27232027053833,117198,0.0,0.0
2011-09-08,2.3017704454361336,2.3374207647124488,2.255270077191211,2.2692201137542725,204082,0.0,0.0
2011-09-09,2.2211697780452218,2.284720358620465,2.1855194568634033,2.1855194568634033,140159,0.0,0.0
2011-09-12,2.1855194699578164,2.2475201494124835,2.0971688019959958,2.1653692722320557,120029,0.0,0.0
2011-09-13,2.188619637698955,2.2785205841064453,2.1700195247211584,2.2785205841064453,139047,0.0,0.0
2011-09-14,2.224269756053065,2.286270434864417,2.205669644797683,2.270770311355591,171537,0.0,0.0
2011-09-15,2.2940206687501803,2.2940206687501803,2.2087697982788086,2.2087697982788086,1015667,0.0,0.0
2011-09-16,2.2304699517923696,2.3947713375091553,2.1700193582810012,2.3947713375091553,601467,0.0,0.0
2011-09-19,2.2475199699401855,2.3296706557845455,2.2475199699401855,2.2475199699401855,110128,0.0,0.0
2011-09-20,2.232020139694214,2.286270575307653,2.2010197059961896,2.232020139694214,228100,0.0,0.0
2011-09-21,2.259919923889536,2.2785202186601414,2.1467689929898506,2.162269115447998,97012,0.0,0.0
2011-09-22,2.162269235337639,2.1700192969964243,2.078568458557129,2.078568458557129,127763,0.0,0.0
2011-09-23,2.129718843279265,2.208769543912618,2.046018253600689,2.0770184993743896,217018,0.0,0.0
2011-09-26,2.0832185005579285,2.2397700023508755,2.0770185252364053,2.2041196823120117,257826,0.0,0.0
2011-09-27,2.2630201953146405,2.307970478501526,2.2397700106091394,2.2862703800201416,199952,0.0,0.0
2011-09-28,2.216519954676872,2.3265711032038916,2.1808696294634604,2.2630205154418945,214035,0.0,0.0
2011-09-29,2.3079703968476912,2.323470519436312,2.2087695014148947,2.3095204830169678,273666,0.0,0.0
2011-09-30,2.3095204561451066,2.317270517349243,2.247519966512014,2.317270517349243,100302,0.0,0.0
2011-10-03,2.2242699620257693,2.300220685117864,2.208769837081595,2.2785205841064453,77648,0.0,0.0
2011-10-04,2.2459698953678404,2.3079703854152065,2.1700191841941963,2.227369785308838,107937,0.0,0.0
2011-10-05,2.196369628870328,2.298670515484951,2.196369628870328,2.2862703800201416,94161,0.0,0.0
2011-10-06,2.301770428990894,2.37927104217872,2.27542025746224,2.3591208457946777,174878,0.0,0.0
2011-10-07,2.317270566513786,2.3947711801994487,2.2862703210395203,2.37152099609375,156807,0.0,0.0
2011-10-10,2.3870213588066203,2.487772351502876,2.3250208616249597,2.469172239303589,183046,0.0,0.0
2011-10-11,2.503272475799071,2.503272475799071,2.380821382999619,2.404071569442749,219458,0.0,0.0
2011-10-12,2.402521415525544,2.4955223434582248,2.3637711058769484,2.4722721576690674,243604,0.0,0.0
2011-10-13,2.42577166612317,2.472272035401789,2.3513708535461286,2.356020927429199,177208,0.0,0.0
2011-10-14,2.371520878600619,2.4257714902688634,2.363770817616017,2.422671318054199,86131,0.0,0.0
2011-10-17,2.4226717533059494,2.472272300339349,2.371521304662795,2.4180216789245605,108765,0.0,0.0
2011-10-18,2.3591208818505294,2.449021816253662,2.311070611805318,2.449021816253662,73442,0.0,0.0
2011-10-19,2.4040713490520957,2.464521939128125,2.4025212628542336,2.449021816253662,129860,0.0,0.0
2011-10-20,2.441271623297438,2.441271623297438,2.379270950363718,2.4025211334228516,77173,0.0,0.0
2011-10-21,2.4397216749077546,2.4490218225668228,2.348270838847055,2.3637709617614746,130295,0.0,0.0
2011-10-24,2.380821380989798,2.380821380989798,2.3017706732394654,2.354471206665039,102681,0.0,0.0
2011-10-25,2.3637708031576627,2.393221145584631,2.2940202547228825,2.3405206203460693,109906,0.0,0.0
2011-10-26,2.311070725253306,2.3622211702051623,2.2955704168419095,2.332770824432373,34572,0.0,0.0
2011-10-27,2.4025212575832553,2.5187723636627197,2.3637709504821136,2.5187723636627197,204040,0.0,0.0
2011-10-28,2.56527303202549,2.56527303202549,2.4025215384014813,2.503272533416748,259898,0.0,0.0
2011-10-31,2.472272227208231,2.472272227208231,2.3637711723642343,2.404071569442749,61097,0.0,0.0
2011-11-01,2.4025210515294164,2.4025210515294164,2.182419178251286,2.201019287109375,90375,0.0,0.0
2011-11-02,2.2676703643622034,2.2785204140581627,2.2087696722388808,2.2428700923919678,55715,0.0,0.0
2011-11-03,2.179319593669653,2.379271308981742,2.1700194451338137,2.3017706871032715,178564,0.0,0.0
2011-11-04,2.263019957929712,2.4025210515294164,2.176219203557264,2.201019287109375,339820,0.0,0.0
2011-11-07,2.17001930798974,2.2692202085903723,2.1545191845936453,2.2258198261260986,95016,0.0,0.0
2011-11-08,2.2320198742989295,2.2816202297211996,2.1886193092373922,2.23976993560791,106732,0.0,0.0
2011-11-09,2.247520233746235,2.2769703959132177,2.0692686200806207,2.0925188064575195,248258,0.0,0.0
2011-11-10,2.0925186433225913,2.1932694431011828,2.0460182741940107,2.139019012451172,350833,0.0,0.0
2011-11-11,2.1126690342094796,2.363771198379743,2.1126690342094796,2.3467211723327637,350513,0.0,0.0
2011-11-14,2.472272055638483,2.5032723020779803,2.3405208234945754,2.4335217475891113,728295,0.0,0.0
2011-11-15,2.3327707159326354,2.4257716381951933,2.3327707159326354,2.3637709617614746,89041,0.0,0.0
2011-11-16,2.3637711447303897,2.449022012134625,2.3343209828238036,2.3792712688446045,222052,0.0,0.0
2011-11-17,2.338970482699957,2.5420223334659453,2.2878200446865438,2.4412715435028076,232608,0.0,0.0
2011-11-18,2.4645221076238495,2.4645221076238495,2.3622212157478177,2.38702130317688,179233,0.0,0.0
2011-11-21,2.31107093508219,2.4304218609553745,2.255270411018227,2.3079707622528076,157502,0.0,0.0
2011-11-22,2.3095204205842554,2.334320689966044,2.2227196625240273,2.2599198818206787,88936,0.0,0.0
2011-11-23,2.3095203218027893,2.3095203218027893,2.0971685093408974,2.1312687397003174,96742,0.0,0.0
2011-11-24,2.154519054218924,2.18551929913522,2.002617817173869,2.162269115447998,1227358,0.0,0.0
2011-11-25,2.1157687824556666,2.199469555955458,2.1157687824556666,2.117318868637085,119260,0.0,0.0
2011-11-28,2.112669116694182,2.2366701172636456,2.1033689677410456,2.143669366836548,290279,0.0,0.0
2011-11-29,2.1684699058532715,2.196370171346096,2.108019299822804,2.1684699058532715,82170,0.0,0.0
2011-11-30,2.1700194454616657,2.298670699530633,2.100268885760504,2.2366700172424316,223332,0.0,0.0
2011-12-01,2.216519329626863,2.4025209659069926,2.216519329626863,2.224269390106201,235859,0.0,0.0
2011-12-02,2.2707705360608763,2.340521098752797,2.2475203484969026,2.3079707622528076,202946,0.0,0.0
2011-12-05,2.311070769809802,2.4180215510452467,2.311070769809802,2.38702130317688,250737,0.0,0.0
2011-12-06,2.338970691187987,2.4195714781638014,2.3327707159326354,2.3637709617614746,122194,0.0,0.0
2011-12-07,2.3808210931335765,2.4474716564443577,2.2552700277161506,2.317270517349243,120650,0.0,0.0
2011-12-08,2.3250208879456165,2.3715212613582746,2.247520265591186,2.281620502471924,163003,0.0,0.0
2011-12-09,2.235120195989557,2.340521082503005,2.2320202079577625,2.3110709190368652,121173,0.0,0.0
2011-12-12,2.371521274985599,2.371521274985599,2.2087697823300276,2.211869955062866,184394,0.0,0.0
2011-12-13,2.270770018685251,2.270770018685251,2.201019287109375,2.201019287109375,34812,0.0,0.0
2011-12-14,2.171569129528011,2.221169481394079,2.1312687397003174,2.1312687397003174,49450,0.0,0.0
2011-12-15,2.1157689134443713,2.170019346288162,2.108018851609544,2.1653692722320557,142556,0.0,0.0
2011-12-16,2.170019318824843,2.224269750982051,2.1545191953513547,2.173119306564331,160509,0.0,0.0
2011-12-19,2.1932693331793156,2.309520434950558,2.1405689913852335,2.1700191497802734,60581,0.0,0.0
2011-12-20,2.156069050013321,2.3250204885919215,2.156069050013321,2.2909202575683594,263939,0.0,0.0
2011-12-21,2.3250203953870687,2.3250203953870687,2.2490696907043457,2.2490696907043457,81550,0.0,0.0
2011-12-22,2.256820089332019,2.309520620127656,2.2444199535697487,2.270770311355591,50226,0.0,0.0
2011-12-23,2.2475202947345565,2.2707704817423684,2.1793196353126714,2.2087697982788086,338478,0.0,0.0
2011-12-27,2.2087694554453434,2.2366697124794004,2.1700191497802734,2.1700191497802734,84411,0.0,0.0
2011-12-28,2.194819618070029,2.208769655462298,2.1545192226185073,2.1653692722320557,44361,0.0,0.0
2011-12-29,2.1700190434669366,2.1808690915663855,2.108018557440346,2.1312687397003174,97428,0.0,0.0
2011-12-30,2.1312687397003174,2.160719081428562,2.128168752354193,2.1312687397003174,85262,0.0,0.0
2012-01-02,2.100268763194147,2.208769627508563,2.0847686397206586,2.173119306564331,86591,0.0,0.0
2012-01-03,2.1467688829039164,2.1762192249298096,2.1312687612406123,2.1762192249298096,110586,0.0,0.0
2012-01-04,2.1777691586108423,2.1777691586108423,2.108018610088882,2.1157686710357666,69865,0.0,0.0
2012-01-05,2.108018945060547,2.1312691315957375,1.9948678155246857,2.007267951965332,190205,0.0,0.0
2012-01-06,2.035167946952794,2.036718033096442,1.912716869661627,1.9452672004699707,96373,0.0,0.0
2012-01-09,2.0165680754716835,2.0165680754716835,1.8507165990907501,1.8817168474197388,180978,0.0,0.0
2012-01-10,1.8848167886280864,1.9142671346770483,1.7809659962526017,1.794916033744812,600991,0.0,0.0
2012-01-11,1.8150661909915404,1.872416610741351,1.7856158456017133,1.822816252708435,249112,0.0,0.0
2012-01-12,1.8057661155803235,1.9995178510640854,1.8057661155803235,1.9344173669815063,655656,0.0,0.0
2012-01-13,2.0072676867247257,2.0305178701876336,1.9080667930840316,2.0150177478790283,401752,0.0,0.0
2012-01-16,2.0150177551651427,2.0909684656175593,1.9173669473126262,1.9778175354003906,244547,0.0,0.0
2012-01-17,2.0150177478790283,2.1312688499696018,1.9530172586446068,2.0150177478790283,380421,0.0,0.0
2012-01-18,2.0227678244947684,2.042918020605184,1.9840175184270592,2.0274178981781006,152456,0.0,0.0
2012-01-19,2.0382681692962668,2.1421189545181774,2.0367180831145517,2.101818561553955,413658,0.0,0.0
2012-01-20,2.1529692424162814,2.224269697824704,2.0491182698049863,2.2211697101593018,386606,0.0,0.0
2012-01-23,2.239770285975578,2.3637712863167706,2.1452192645289268,2.3079707622528076,759031,0.0,0.0
2012-01-24,2.363770955668076,2.5559727749530805,2.3250206484819187,2.449021816253662,1670222,0.0,0.0
2012-01-25,2.504822242854058,2.509472131729126,2.376171005869735,2.509472131729126,677781,0.0,0.0
2012-01-26,2.518772488004242,2.5885230442295977,2.442821771471004,2.5001723766326904,414057,0.0,0.0
2012-01-27,2.5001719258687913,2.5110219734813364,2.4118210894248873,2.492421865463257,365916,0.0,0.0
2012-01-30,2.4645221366372936,2.4645221366372936,2.349821107308393,2.4118216037750244,172908,0.0,0.0
2012-01-31,2.4722720005653565,2.4722720005653565,2.35292090661116,2.449021816253662,339379,0.0,0.0
2012-02-01,2.3901214285068777,2.7667746543884277,2.3901214285068777,2.7667746543884277,1005223,0.0,0.0
2012-02-02,2.774524855480237,2.8985260355016766,2.743524606668891,2.7931251525878906,573180,0.0,0.0
2012-02-03,2.8055248996684834,2.890775762457905,2.7512744682054255,2.867525577545166,471054,0.0,0.0
2012-02-06,2.8675252336234385,2.907825623215772,2.8055245631829164,2.8985254764556885,288860,0.0,0.0
2012-02-07,2.8675254428389962,2.9279760316379906,2.844275259018468,2.906275749206543,199321,0.0,0.0
2012-02-08,2.886125621794998,3.038027048110962,2.886125621794998,3.038027048110962,693400,0.0,0.0
2012-02-09,3.0380271725491688,3.2674292228455264,3.022527048997473,3.18837833404541,716723,0.0,0.0
2012-02-10,3.1930283058620685,3.247278921332571,3.0070268291953464,3.0302770137786865,763606,0.0,0.0
2012-02-13,3.0225271191683687,3.1000277387261,2.958976537220608,2.9682765007019043,238424,0.0,0.0
2012-02-14,2.9372760131883915,3.002376676125321,2.9279760504659995,2.951226234436035,619811,0.0,0.0
2012-02-15,2.9760264802165644,3.0829774431091375,2.9651764307342576,2.9915266036987305,406632,0.0,0.0
2012-02-16,2.937276202520484,3.1000276855774693,2.937276202520484,3.081427574157715,278844,0.0,0.0
2012-02-17,3.1387780881851364,3.1697783345751844,3.022526979446411,3.022526979446411,107290,0.0,0.0
2012-02-20,3.0535272258364596,3.082977385996588,3.007026856251387,3.022526979446411,102721,0.0,0.0
2012-02-21,3.059727485599769,3.162028382106015,2.9605265770654565,3.076777696609497,195061,0.0,0.0
2012-02-22,3.0519771303510397,3.1620280786123858,3.0116767362557755,3.059727191925049,414511,0.0,0.0
2012-02-23,3.044227318942209,3.1449783124597745,2.842725516683136,2.9248762130737305,407216,0.0,0.0
2012-02-24,2.965176328933996,2.9961765748340294,2.9248759353535365,2.9527761936187744,217657,0.0,0.0
2012-02-27,2.966726477371813,2.966726477371813,2.7993249242688374,2.867525577545166,172188,0.0,0.0
2012-02-28,2.8752753738902723,2.927975899028932,2.7760744832165742,2.790024518966675,482042,0.0,0.0
2012-02-29,2.850475323546393,2.920225877196055,2.8039749544466184,2.830325126647949,308496,0.0,0.0
2012-03-01,2.8551252270492653,3.013226620375589,2.827224970298971,2.9992763996124268,311117,0.0,0.0
2012-03-02,2.983776486682807,3.0581772997501755,2.9465762649251666,3.022526979446411,339299,0.0,0.0
2012-03-05,2.976026532450901,3.0101269525310244,2.8923259380885358,2.9589765071868896,204680,0.0,0.0
2012-03-06,2.994626880753399,2.994626880753399,2.8210253438721646,2.828775405883789,243000,0.0,0.0
2012-03-07,2.8613255859059175,2.914026119011228,2.836525498070526,2.8706257343292236,232859,0.0,0.0
2012-03-08,2.8690755676811563,2.976026532450901,2.8675256661713644,2.9589765071868896,395494,0.0,0.0
2012-03-09,3.0070270942403834,3.0070270942403834,2.896975952159332,2.9248762130737305,112069,0.0,0.0
2012-03-12,2.8675254661215495,2.9806763985887095,2.8179249257475347,2.8659753799438477,231630,0.0,0.0
2012-03-13,2.839625252973331,2.9388261505040356,2.839625252973331,2.9031758308410645,371564,0.0,0.0
2012-03-14,2.9295259518650463,2.9837763811284628,2.920225804366617,2.951226234436035,217668,0.0,0.0
2012-03-15,2.927976290183706,3.04577730585351,2.927976290183706,3.000826835632324,218818,0.0,0.0
2012-03-16,3.020976762356444,3.1573778775193606,3.020976762356444,3.093827486038208,686455,0.0,0.0
2012-03-19,3.123278011416649,3.1310278883533167,2.9837765310356987,3.044227123260498,311752,0.0,0.0
2012-03-20,3.045777161885377,3.045777161885377,2.969826447422822,2.989976644515991,166422,0.0,0.0
2012-03-21,3.0225268846528426,3.064377179011675,2.8985257182055744,2.9310760498046875,174039,0.0,0.0
2012-03-22,2.968276440071778,2.989976723970323,2.8752756985021364,2.901625871658325,253132,0.0,0.0
2012-03-23,2.884575667303711,2.983776569366455,2.847375444515212,2.983776569366455,185076,0.0,0.0
2012-03-26,2.955876135273311,2.9868765654671563,2.9062757795600263,2.9310760498046875,210970,0.0,0.0
2012-03-27,2.945026381681789,2.9527764438134763,2.883025884628296,2.883025884628296,69567,0.0,0.0
2012-03-28,2.8969757284114945,2.9140259378689928,2.883025691419755,2.9047257900238037,79981,0.0,0.0
2012-03-29,2.876825275209157,2.920225653330398,2.7605743613715616,2.790024518966675,168222,0.0,0.0
2012-03-30,2.8101748501178294,2.8287751450514977,2.710973954650399,2.751274347305298,186497,0.0,0.0
2012-04-02,2.7822745924933634,2.7822745924933634,2.591623047631555,2.751274347305298,467394,0.0,0.0
2012-04-03,2.738874474530296,2.8024250571614027,2.673773990357,2.6939241886138916,130627,0.0,0.0
2012-04-04,2.6505237585652957,2.700124117805652,2.604023202355901,2.607123374938965,136697,0.0,0.0
2012-04-05,2.608672965301444,2.697023808307471,2.503272099002486,2.5079221725463867,173013,0.0,0.0
2012-04-10,2.498621900504139,2.5110220344090752,2.2490696907043457,2.2490696907043457,775615,0.0,0.0
2012-04-11,2.259919829175271,2.363770793113248,2.2552699404535335,2.2909202575683594,768118,0.0,0.0
2012-04-12,2.304870457731472,2.3715210232186843,2.256820002786355,2.3637709617614746,471613,0.0,0.0
2012-04-13,2.363770967640793,2.4087214350700377,2.2785202913994445,2.294020414352417,617562,0.0,0.0
2012-04-16,2.3079704734468205,2.3296707566567214,2.2165196362731767,2.2211697101593018,231174,0.0,0.0
2012-04-17,2.2289200350940197,2.362221368218466,2.2289200350940197,2.360671281814575,394680,0.0,0.0
2012-04-18,2.3312206297307774,2.4257716381951933,2.289370334817052,2.3637709617614746,296371,0.0,0.0
2012-04-19,2.342070897223762,2.356020934136646,2.2521699612979056,2.2862703800201416,300144,0.0,0.0
2012-04-20,2.2862703824182993,2.3792711213378563,2.2645700991381097,2.3188207149505615,552010,0.0,0.0
2012-04-23,2.301770616818515,2.3374209387492373,2.23202005925773,2.27232027053833,1107888,0.0,0.0
2012-04-24,2.2862705627275774,2.354471220846266,2.2862705627275774,2.3017706871032715,269471,0.0,0.0
2012-04-25,2.3544713716312855,2.4397220611572266,2.3188210463288597,2.4397220611572266,221706,0.0,0.0
2012-04-26,2.4118214767173365,2.4552218589128043,2.3622211191122497,2.4133715629577637,241046,0.0,0.0
2012-04-27,2.3808214102644025,2.4567721310473702,2.3281208761908223,2.4288718700408936,222404,0.0,0.0
2012-04-30,2.4335218316734992,2.480022202939452,2.3746211396720325,2.3947713375091553,109307,0.0,0.0
2012-05-02,2.458321914921186,2.504822470889509,2.3172707150608716,2.3451709747314453,268615,0.0,0.0
2012-05-03,2.374621164684323,2.4521219690532896,2.326570891402347,2.36997127532959,113798,0.0,0.0
2012-05-04,2.3684208172538006,2.3994210602248254,2.30642033131175,2.3234703540802,318262,0.0,0.0
2012-05-07,2.301770688611193,2.4025214971192077,2.2475202532607232,2.3839213848114014,299949,0.0,0.0
2012-05-08,2.397871606053421,2.397871606053421,2.2940206249154245,2.3017706871032715,146754,0.0,0.0
2012-05-09,2.3560208107323435,2.3560208107323435,2.2087694638675637,2.2351198196411133,114843,0.0,0.0
2012-05-10,2.3296710052241116,2.346721216367083,2.219620045539976,2.3358709812164307,155848,0.0,0.0
2012-05-11,2.3451710581578507,2.4087216416251067,2.263020362507221,2.321920871734619,168279,0.0,0.0
2012-05-14,2.349180632179047,2.349180632179047,2.2690037059269983,2.2930567264556885,106679,0.1,0.0
2012-05-15,2.2930567340594874,2.3443699976159804,2.232122376953464,2.2513649463653564,120821,0.0,0.0
2012-05-16,2.2289154323547984,2.3171100358348746,2.208069442119741,2.302678108215332,199105,0.0,0.0
2012-05-17,2.277021729503735,2.3267313893679105,2.1647742831130317,2.1727919578552246,233615,0.0,0.0
2012-05-18,2.1647743460316313,2.227312325532254,2.108650621205058,2.140721321105957,273884,0.0,0.0
2012-05-21,2.1808096369379366,2.3411633232573994,2.159963644335455,2.2882466316223145,208858,0.0,0.0
2012-05-22,2.3139027058334207,2.365215968998476,2.2738143384584797,2.325127601623535,484273,0.0,0.0
2012-05-23,2.257778889086677,2.323523885061691,2.174394935804296,2.185619831085205,308419,0.0,0.0
2012-05-24,2.2064662336673564,2.219294360128738,2.107046915496561,2.1310999393463135,396939,0.0,0.0
2012-05-25,2.156756464205736,2.182412906971922,2.1022361649092827,2.1535494327545166,250293,0.0,0.0
2012-05-28,2.155153034197965,2.155153034197965,2.0348879109870484,2.0685620307922363,375727,0.0,0.0
2012-05-29,2.0781827101412267,2.140720670639441,1.9563140110855208,1.9675387144088745,475297,0.0,0.0
2012-05-30,1.9771604668249214,2.0012134901464456,1.925847197480521,1.9402791261672974,306768,0.0,0.0
2012-05-31,1.9499004441510945,1.9723500498498427,1.9194333542499222,1.9482970237731934,180722,0.0,0.0
2012-06-01,1.9643323103284696,1.985178303811949,1.917829680072023,1.980367660522461,200924,0.0,0.0
2012-06-04,1.9450897035740757,2.068561847569453,1.9450897035740757,2.066958427429199,159178,0.0,0.0
2012-06-05,2.060544294335834,2.1214786598397404,2.060544294335834,2.100632667541504,123109,0.0,0.0
2012-06-06,2.04130199931195,2.2289157467330964,2.04130199931195,2.2273123264312744,280146,0.0,0.0
2012-06-07,2.230519563844891,2.285039682262591,2.164774546497252,2.2433478832244873,488105,0.0,0.0
2012-06-08,2.2048626335762416,2.2080696652080154,2.132703561657338,2.1872236728668213,265173,0.0,0.0
2012-06-11,2.256175775926424,2.273814737126604,2.0685620307922363,2.0685620307922363,365598,0.0,0.0
2012-06-12,2.0990292359803693,2.1246858711561263,1.9851781802280537,2.044508934020996,332351,0.0,0.0
2012-06-13,2.054130145944334,2.121478571907061,2.0124381630759425,2.1086504459381104,159256,0.0,0.0
2012-06-14,2.0797869386854444,2.1968450307457963,2.044509016113171,2.182413101196289,152496,0.0,0.0
2012-06-15,2.158359760509149,2.3443700590404375,2.158359760509149,2.318713426589966,331720,0.0,0.0
2012-06-18,2.360405197553394,2.3780441546959734,2.2305188179016113,2.2305188179016113,117062,0.0,0.0
2012-06-19,2.222501566708356,2.2850393517995125,2.1743953282028916,2.260986328125,258430,0.0,0.0
2012-06-20,2.240140187565642,2.301074548400289,2.214483745373872,2.2722110748291016,467081,0.0,0.0
2012-06-21,2.2978672048986106,2.2978672048986106,2.2160868644714355,2.2160868644714355,214699,0.0,0.0
2012-06-22,2.212880175669616,2.283435823124163,2.16477413060551,2.224104881286621,388978,0.0,0.0
2012-06-25,2.2208979783149543,2.2321226845812534,2.099029247307142,2.100632667541504,129266,0.0,0.0
2012-06-26,2.1006323621633785,2.1150642891132523,2.004420280456543,2.004420280456543,158372,0.0,0.0
2012-06-27,2.0396983277470855,2.1727919578552246,2.034887875826925,2.1727919578552246,133655,0.0,0.0
2012-06-28,2.164773999051225,2.164773999051225,2.084597070993672,2.1327033042907715,141680,0.0,0.0
2012-06-29,2.2289155864905497,2.349180893677728,2.1888272144803023,2.3090925216674805,355250,0.0,0.0
2012-07-02,2.325127808582579,2.3411631569598574,2.2529685497283936,2.2529685497283936,245544,0.0,0.0
2012-07-03,2.2625899980190796,2.3459739685058594,2.2609863866033932,2.3459739685058594,123410,0.0,0.0
2012-07-04,2.3571984777720596,2.3571984777720596,2.277021545666824,2.2978675365448,127032,0.0,0.0
2012-07-05,2.317109948251546,2.4053043572415813,2.182412726852864,2.220897674560547,281330,0.0,0.0
2012-07-06,2.228915379956996,2.233726022383754,2.1743950843811035,2.1743950843811035,98058,0.0,0.0
2012-07-09,2.2273121283647628,2.228915548523999,2.1246857830727683,2.1503422260284424,129301,0.0,0.0
2012-07-10,2.1663776323296084,2.2225015448410375,2.1487388631690454,2.177602529525757,87621,0.0,0.0
2012-07-11,2.198448438612956,2.224104881286621,2.1711881934848183,2.224104881286621,48698,0.0,0.0
2012-07-12,2.2192944594005795,2.2241051026170044,2.1343070664319073,2.140721321105957,83796,0.0,0.0
2012-07-13,2.185620001792047,2.1984483180033174,2.124685643155829,2.159963369369507,49995,0.0,0.0
2012-07-16,2.172791812618264,2.184016518275747,2.1262891875280743,2.1535494327545166,50346,0.0,0.0
2012-07-17,2.164774249198543,2.164774249198543,2.1086505268824545,2.1310999393463135,64581,0.0,0.0
2012-07-18,2.1006323023735667,2.156756206261526,2.1006323023735667,2.1375136375427246,59333,0.0,0.0
2012-07-19,2.124685909402066,2.1727919578552246,2.1070469485066634,2.1727919578552246,50826,0.0,0.0
2012-07-20,2.1343067535822473,2.1695846712273097,1.9980062989825371,2.1166679859161377,226854,0.0,0.0
2012-07-23,2.065354642387972,2.1936376094818115,1.9771602339309924,2.1936376094818115,274051,0.0,0.0
2012-07-24,2.1070468476163686,2.193637845379743,2.1070468476163686,2.164774179458618,86197,0.0,0.0
2012-07-25,2.11346101183784,2.269004054761542,2.11346101183784,2.1727919578552246,139745,0.0,0.0
2012-07-26,2.1647739852729435,2.2609860689419365,2.1439279955800448,2.2353296279907227,277690,0.0,0.0
2012-07-27,2.260986383437538,2.277021732946167,2.1759989928105172,2.259382963180542,204810,0.0,0.0
2012-07-30,2.2593826988952834,2.2946604254564598,2.2289154236988504,2.244950771331787,305032,0.0,0.0
2012-07-31,2.2754181066985577,2.2754181066985577,2.204862460554035,2.2128801345825195,126885,0.0,0.0
2012-08-01,2.236933260892599,2.3090925216674805,2.216087269215983,2.3090925216674805,97662,0.0,0.0
2012-08-02,2.272211054998802,2.3090923934312997,2.119875058663454,2.1278927326202393,240963,0.0,0.0
2012-08-03,2.119875285483155,2.2850394248962402,2.119875285483155,2.2850394248962402,193975,0.0,0.0
2012-08-06,2.222501394496057,2.3251277355824227,2.222501394496057,2.317110061645508,102970,0.0,0.0
2012-08-07,2.246554587888836,2.3491809368133545,2.246554587888836,2.3491809368133545,233419,0.0,0.0
2012-08-08,2.325127706184598,2.3491807276912278,2.2738144407119836,2.3331453800201416,139770,0.0,0.0
2012-08-09,2.3636124641326366,2.3636124641326366,2.296264042145358,2.3331453800201416,84025,0.0,0.0
2012-08-10,2.3251277355824227,2.3251277355824227,2.2738144694610276,2.317110061645508,58208,0.0,0.0
2012-08-13,2.349181071845457,2.349181071845457,2.2818324488352055,2.341163396835327,61140,0.0,0.0
2012-08-14,2.2834359029228617,2.329938338314035,2.2706075855595054,2.3058853149414062,33683,0.0,0.0
2012-08-16,2.333145555202486,2.3411632296400295,2.3090925318898545,2.336352586746216,45692,0.0,0.0
2012-08-17,2.3411631398000887,2.384458541870117,2.3090924432805964,2.384458541870117,387755,0.0,0.0
2012-08-20,2.3972866495825818,2.456617394736656,2.2946603149789278,2.3379557132720947,274458,0.0,0.0
2012-08-21,2.3459737995659222,2.4694459438323975,2.3459737995659222,2.4694459438323975,269968,0.0,0.0
2012-08-22,2.410115119935033,2.487084828037029,2.410115119935033,2.4453928470611572,212823,0.0,0.0
2012-08-23,2.4453928470611572,2.4694458688957543,2.42133982522656,2.4453928470611572,171802,0.0,0.0
2012-08-24,2.469445784480981,2.469445784480981,2.3892690477730603,2.422943353652954,169704,0.0,0.0
2012-08-27,2.422943758922242,2.4453931724928526,2.394080090648278,2.4277544021606445,112807,0.0,0.0
2012-08-28,2.4053042705016967,2.463031594403255,2.4053042705016967,2.4293572902679443,58983,0.0,0.0
2012-08-29,2.416529178841788,2.477463538958572,2.416529178841788,2.475860118865967,89515,0.0,0.0
2012-08-30,2.485481080388264,2.7260116678473474,2.485481080388264,2.6137640476226807,605499,0.0,0.0
2012-08-31,2.6618703804290345,2.717994292271517,2.4854813528307367,2.7115800380706787,251495,0.0,0.0
2012-09-03,2.6618702159753598,2.717994124350437,2.647438479438847,2.7067692279815674,141551,0.0,0.0
2012-09-04,2.709976714918131,2.778928755318237,2.709976714918131,2.7500650882720947,182822,0.0,0.0
2012-09-05,2.7741179311932243,2.8462769985198975,2.695544609854767,2.8462769985198975,317474,0.0,0.0
2012-09-06,2.8222241073108068,2.9585247653111413,2.8142064327905776,2.9264540672302246,465057,0.0,0.0
2012-09-07,2.9665421130079737,3.077186123891369,2.9007971127226337,2.9440925121307373,299018,0.0,0.0
2012-09-10,2.9440924701269005,2.9569207859942384,2.814206082599282,2.9328677654266357,113049,0.0,0.0
2012-09-11,2.886365356276686,3.038701355548801,2.8623123339426306,3.0066306591033936,166464,0.0,0.0
2012-09-12,3.014648450065631,3.098032416980883,2.96654240353288,3.070772171020508,717202,0.0,0.0
2012-09-13,3.0707720216711034,3.1060499403378348,2.99059528134931,3.0226659774780273,210841,0.0,0.0
2012-09-14,3.110860518868827,3.1268958666026725,3.0226659151762525,3.0852038860321045,1075508,0.0,0.0
2012-09-17,3.062754201108239,3.1188781078047976,3.0018198431476595,3.1028425693511963,163512,0.0,0.0
2012-09-18,3.1028426874834003,3.1028426874834003,3.0146482739911336,3.038701295852661,175244,0.0,0.0
2012-09-19,3.0403049519154552,3.078789710998535,2.987388264808899,3.078789710998535,198948,0.0,0.0
2012-09-20,3.046719207121185,3.0803935168128485,2.9473000805808813,3.0098378658294678,128509,0.0,0.0
2012-09-21,3.040304815064186,3.0868072461260927,2.9905951615926964,3.05794358253479,97359,0.0,0.0
2012-09-24,3.014648355305515,3.081996971259532,2.9633352788481364,2.992198944091797,92478,0.0,0.0
2012-09-25,3.0066307329498074,3.030683755874634,2.9601281072679493,3.030683755874634,128224,0.0,0.0
2012-09-26,3.0018198439464028,3.013044548826134,2.936074843547891,2.9729561805725098,106115,0.0,0.0
2012-09-27,2.952110767364502,2.9729567611586667,2.8959870408490738,2.952110767364502,88678,0.0,0.0
2012-09-28,2.964938899529518,3.005027273091517,2.854294873804535,2.89277982711792,59493,0.0,0.0
2012-10-01,2.8767442264603096,3.000216559173293,2.8767442264603096,2.9649386405944824,81887,0.0,0.0
2012-10-02,2.923246680815341,2.9954059386134215,2.894383015927394,2.9505069255828857,152330,0.0,0.0
2012-10-03,2.926454170822787,2.9729566082236647,2.926454170822787,2.934471845626831,55161,0.0,0.0
2012-10-04,2.9825776263214085,2.9825776263214085,2.892779600126257,2.920039653778076,59241,0.0,0.0
2012-10-05,2.934471580940566,2.979370594024658,2.9184362327788493,2.979370594024658,59803,0.0,0.0
2012-10-08,2.9745599486261614,2.9745599486261614,2.8526912262459296,2.8911759853363037,150170,0.0,0.0
2012-10-09,2.8863652718919264,2.91843615855615,2.8783475980149764,2.895986557006836,41532,0.0,0.0
2012-10-10,2.902400897622264,2.9248505013216812,2.854294849753224,2.878347873687744,67666,0.0,0.0
2012-10-11,2.871933333186654,2.958524319655405,2.8542943754366092,2.9088146686553955,70738,0.0,0.0
2012-10-12,2.942489092097203,2.9585244393710504,2.894382859119244,2.9440925121307373,42881,0.0,0.0
2012-10-15,2.8943829536437993,2.942489188192808,2.87514057451805,2.894382953643799,91275,0.0,0.0
2012-10-16,2.9328679367334174,2.97455991794836,2.902400660874366,2.9665422439575195,57802,0.0,0.0
2012-10-17,2.9665423640270276,3.0627544558112607,2.9456963725758234,3.0595474243164062,262762,0.0,0.0
2012-10-18,3.061150784214936,3.0852038051854036,2.982577467684225,3.032287120819092,156715,0.0,0.0
2012-10-19,3.0451155979502675,3.046719018072582,2.934471580940566,2.979370594024658,95859,0.0,0.0
2012-10-22,2.9633356655927523,3.0242700354693657,2.9505073470150776,2.952110767364502,153611,0.0,0.0
2012-10-23,2.9649387068537925,3.0146483633028804,2.8895726076861683,2.9905953407287598,476035,0.0,0.0
2012-10-24,2.9681457382990555,3.046719060068374,2.9472999383266294,2.9905953407287598,191365,0.0,0.0
2012-10-25,3.001820214066729,3.062754579556646,2.958524809245834,2.995406150817871,197001,0.0,0.0
2012-10-26,2.974559992346013,3.00983772055677,2.886365385084474,2.9905953407287598,167307,0.0,0.0
2012-10-29,3.0066308288962804,3.0066308288962804,2.902400868406118,2.9232468605041504,75161,0.0,0.0
2012-10-30,2.958524811292586,2.958524811292586,2.878347873687744,2.878347873687744,125899,0.0,0.0
2012-10-31,2.913625536167812,3.00663059201553,2.8943829658047897,2.980973958969116,238215,0.0,0.0
2012-11-01,2.974559817817885,3.0002164501874855,2.963335112839842,2.9873881340026855,29859,0.0,0.0
2012-11-02,2.961731770441092,3.00342375403657,2.939282167291051,3.0002167224884033,28170,0.0,0.0
2012-11-05,2.966542319869762,2.9905953424577882,2.88957260935679,2.9312644004821777,195357,0.0,0.0
2012-11-06,2.9440925016909065,2.9440925016909065,2.8815547240072306,2.8863651752471924,178337,0.0,0.0
2012-11-07,2.902400472316159,2.9360747773525664,2.87032977843631,2.876744031906128,113486,0.0,0.0
2012-11-08,2.8703298280302074,2.940885470478793,2.8382591335962366,2.8863651752471924,102610,0.0,0.0
2012-11-09,2.894382872918042,2.8959864841156393,2.8013778200550496,2.841466188430786,235275,0.0,0.0
2012-11-12,2.8462767484702525,2.871933379950557,2.745254024856621,2.7885494232177734,116497,0.0,0.0
2012-11-13,2.7420471912098168,2.835052248079202,2.7420471912098168,2.8061885833740234,190047,0.0,0.0
2012-11-14,2.806188736068817,2.8542947828095944,2.6859234280604354,2.7260119915008545,195891,0.0,0.0
2012-11-15,2.7404434958788473,2.7404434958788473,2.637817156870368,2.6650772094726562,311359,0.0,0.0
2012-11-16,2.665077532060887,2.692337779119251,2.572072466786886,2.5897114276885986,176014,0.0,0.0
2012-11-19,2.5977289218709365,2.6859233379364014,2.5977289218709365,2.6859233379364014,64227,0.0,0.0
2012-11-20,2.6618703568914386,2.6763022853483838,2.5656582651375426,2.6281962394714355,171785,0.0,0.0
2012-11-21,2.5849008487537604,2.6714918528430176,2.5849008487537604,2.6442317962646484,55083,0.0,0.0
2012-11-22,2.6362140314842613,2.7661004376136797,2.6362140314842613,2.7500650882720947,147484,0.0,0.0
2012-11-23,2.7869464299890296,2.7869464299890296,2.7035624604876314,2.7500650882720947,140811,0.0,0.0
2012-11-26,2.7500651183342266,2.8061888416432876,2.7051661014556885,2.7051661014556885,58694,0.0,0.0
2012-11-27,2.7260116693746084,2.766100036921444,2.7035620688545317,2.743650436401367,94678,0.0,0.0
2012-11-28,2.7500650574846612,2.7901534303898288,2.6891306924375185,2.7661004066467285,164224,0.0,0.0
2012-11-29,2.9152289078759663,2.9986128683146616,2.806188505973106,2.9713528156280518,533784,0.0,0.0
2012-11-30,2.9665423181546395,3.006630689111507,2.9296609786430357,2.9905953407287598,188705,0.0,0.0
2012-12-03,2.990595485072706,3.0306838579644766,2.9665424613376437,3.0098378658294678,156066,0.0,0.0
2012-12-04,3.0034235686870394,3.0435119384562515,3.0034235686870394,3.038701295852661,117424,0.0,0.0
2012-12-05,3.0387014328652024,3.091618121577817,3.022666084234497,3.0595474243164062,226458,0.0,0.0
2012-12-06,3.077186381556492,3.0787898017242865,2.9553176556081313,3.030683755874634,250203,0.0,0.0
2012-12-07,3.0162520050324395,3.0162520050324395,2.894383088475115,2.974560022354126,118081,0.0,0.0
2012-12-10,2.839863198041217,2.9104188517509457,2.7661005126075113,2.889572858810425,245548,0.0,0.0
2012-12-11,2.8703300977983006,2.9104186607649063,2.8414664318636906,2.89919376373291,118038,0.0,0.0
2012-12-12,2.9376786088375284,2.95692098837735,2.899193658601457,2.9505069255828857,59700,0.0,0.0
2012-12-13,2.9585247222973377,3.033890823460461,2.944092793676887,2.9841811656951904,307240,0.0,0.0
2012-12-14,3.0274765153200884,3.0274765153200884,2.937678492805836,3.014648199081421,94125,0.0,0.0
2012-12-17,3.0146482448456555,3.0611508680222115,3.0130446336078203,3.054736614227295,212000,0.0,0.0
2012-12-18,3.069168759656632,3.1958481305843924,3.069168759656632,3.1862268447875977,427907,0.0,0.0
2012-12-19,3.1862269430882733,3.4075149939901834,3.1509492126723737,3.253575563430786,1622607,0.0,0.0
2012-12-20,3.2070729355201726,3.253575563430786,3.149345601271288,3.253575563430786,282074,0.0,0.0
2012-12-21,3.207072491384052,3.3080952167510986,3.1830194706374413,3.3080952167510986,165403,0.0,0.0
2012-12-27,3.274421489305808,3.399497059041996,3.2712142665688275,3.3257343769073486,281574,0.0,0.0
2012-12-28,3.3369589998112708,3.367425891154381,3.2551784633993215,3.312905788421631,155206,0.0,0.0
2013-01-02,3.3417701143938547,3.4459996923125753,3.3417701143938547,3.431568145751953,313534,0.0,0.0
2013-01-03,3.423550002898189,3.4796739113208255,3.3978933699710647,3.429964065551758,144910,0.0,0.0
2013-01-04,3.4123250715631697,3.479673680745001,3.3946863048564517,3.4476029872894287,108663,0.0,0.0
2013-01-07,3.4796740361109517,3.607956823034277,3.425153545818249,3.5422120094299316,578387,0.0,0.0
2013-01-08,3.519762190717908,3.5678682354704176,3.495709359498083,3.527780055999756,322520,0.0,0.0
2013-01-09,3.5277798533153795,3.646441347091443,3.5277798533153795,3.6400272846221924,496301,0.0,0.0
2013-01-10,3.670495057445023,3.710583240053707,3.6175783658437646,3.684926986694336,472895,0.0,0.0
2013-01-11,3.696151237944945,3.702565300494911,3.479673855115488,3.5806965827941895,757271,0.0,0.0
2013-01-14,3.575886296320066,3.654459621740254,3.5438155980644233,3.5566437244415283,290987,0.0,0.0
2013-01-15,3.5662642778094416,3.617577537403005,3.5277795242706693,3.590317487716675,174978,0.0,0.0
2013-01-16,3.5550399611452663,3.5742825311668094,3.4203427356201517,3.449206590652466,473578,0.0,0.0
2013-01-17,3.4139288741543403,3.583903644981169,3.399496945788044,3.4957094192504883,311873,0.0,0.0
2013-01-18,3.5133479809738186,3.558247183586471,3.4203427356201517,3.449206590652466,477642,0.0,0.0
2013-01-21,3.391479802158738,3.4556212026788145,3.3818585156181458,3.444396495819092,236155,0.0,0.0
2013-01-22,3.4187392770922194,3.433171204446005,3.381857939841104,3.4075145721435547,343514,0.0,0.0
2013-01-23,3.389876381886757,3.393083222525063,3.314509892193005,3.386669158935547,281202,0.0,0.0
2013-01-24,3.352994581891538,3.3834614753723145,3.3433732966606184,3.3834614753723145,427123,0.0,0.0
2013-01-25,3.383461343910125,3.450809955596924,3.367425996585919,3.450809955596924,588650,0.0,0.0
2013-01-28,3.4572243673865755,3.558247486280703,3.4572243673865755,3.5454189777374268,383874,0.0,0.0
2013-01-29,3.559850906481284,3.5742828352251417,3.473259716331014,3.5454189777374268,414986,0.0,0.0
2013-01-30,3.5598510881072998,3.5662651515497497,3.4556211234941263,3.4796743392944336,345237,0.0,0.0
2013-01-31,3.4636385933469453,3.5357974678682544,3.383461471392166,3.532590627670288,188223,0.0,0.0
2013-02-01,3.5341939509216385,3.6207847508995,3.4572240535868857,3.5229692459106445,466426,0.0,0.0
2013-02-04,3.482880464596941,3.482880464596941,3.3562011127942686,3.3786509037017822,408033,0.0,0.0
2013-02-05,3.352994647745364,3.4379820317662455,3.352994647745364,3.409118175506592,245410,0.0,0.0
2013-02-06,3.4219463009380746,3.4347744251885257,3.327337642074346,3.3786509037017822,167232,0.0,0.0
2013-02-07,3.3594085427908804,3.4011005226526967,3.142931160907594,3.2455573081970215,293950,0.0,0.0
2013-02-08,3.2471613833462265,3.375444173812866,3.2471613833462265,3.375444173812866,165373,0.0,0.0
2013-02-11,3.34176979529258,3.3594085629117476,3.223107917518348,3.3209238052368164,155791,0.0,0.0
2013-02-12,3.327338121892762,3.4059114456176762,3.287249558781707,3.405911445617676,149337,0.0,0.0
2013-02-13,3.407514660466342,3.407514660466342,3.3337519840521828,3.3594086170196533,216518,0.0,0.0
2013-02-14,3.40751465880725,3.429964069275538,3.3722367407050484,3.3994967937469482,286872,0.0,0.0
2013-02-15,3.4219467943995237,3.439585563365694,3.3449768908589324,3.405911445617676,336017,0.0,0.0
2013-02-18,3.4059114569699007,3.415532742733652,3.33214877586497,3.3449769020080566,52707,0.0,0.0
2013-02-19,3.3642192595956066,3.3978933753144345,3.3369592065404348,3.3594086170196533,201158,0.0,0.0
2013-02-20,3.378651192864542,3.3930827383032227,3.288853168487549,3.288853168487549,135257,0.0,0.0
2013-02-21,3.251972125380064,3.279232180954159,3.2038658863317693,3.208676338195801,178781,0.0,0.0
2013-02-22,3.20867623658336,3.231126030738925,3.1862268247406678,3.229522228240967,218615,0.0,0.0
2013-02-25,3.3096985335382394,3.389875649172239,3.1782087291227894,3.199054718017578,542011,0.0,0.0
2013-02-26,3.046719292883449,3.0900148897504436,2.9200399162856843,2.934471845626831,532920,0.0,0.0
2013-02-27,2.968145860041553,2.968145860041553,2.8703301544321813,2.9264540672302246,373489,0.0,0.0
2013-02-28,2.950507226191775,2.950507226191775,2.8623126112655024,2.889572858810425,219933,0.0,0.0
2013-03-01,2.886365361220773,2.9264539230026294,2.817413325513752,2.8478806018829346,217507,0.0,0.0
2013-03-04,2.8286382300894575,2.899193686124077,2.7436506547392154,2.8462769985198975,257172,0.0,0.0
2013-03-05,2.852691385181541,2.9344717417504538,2.852691385181541,2.9264540672302246,161086,0.0,0.0
2013-03-06,2.8863651752471924,2.9472997240594374,2.8863651752471924,2.8863651752471924,82622,0.0,0.0
2013-03-07,2.9024008830944417,2.9424894472744225,2.8222241370473626,2.910418748855591,2210347,0.0,0.0
2013-03-08,2.9505069513439213,3.0932216657528744,2.920039674913133,3.033890724182129,281200,0.0,0.0
2013-03-11,2.9889917294279127,3.035494354431737,2.9681457382990555,2.9905953407287598,52283,0.0,0.0
2013-03-12,2.9986130586415323,3.0707721274160114,2.995406027149509,3.030683755874634,183399,0.0,0.0
2013-03-13,3.0226660374942536,3.0739793052441886,2.974559992346013,2.9905953407287598,184629,0.0,0.0
2013-03-14,3.033890828162648,3.0467191454596754,2.990595424547065,3.0419085025787354,84304,0.0,0.0
2013-03-15,3.0595470848969786,3.1509487148772513,3.038701095758383,3.1108603477478027,245661,0.0,0.0
2013-03-18,3.1108607135894313,3.2375400833100096,3.0515297703353146,3.2022621631622314,534727,0.0,0.0
2013-03-19,3.2439538413428335,3.263196410943848,3.062754188257257,3.075582504272461,471262,0.0,0.0
2013-03-20,3.091618233063921,3.1830198764801025,3.091618233063921,3.1830198764801025,98448,0.0,0.0
2013-03-21,3.1958480893755854,3.2712141899572154,3.1733984865246856,3.2631967067718506,174543,0.0,0.0
2013-03-22,3.263196673214763,3.373840692687651,3.2231081107615807,3.3193202018737793,462765,0.0,0.0
2013-03-25,3.3674260967579057,3.3754439618149377,3.1750019231433275,3.231125831604004,348101,0.0,0.0
2013-03-26,3.2391434448389638,3.2391434448389638,3.024269660952515,3.1060500144958496,469672,0.0,0.0
2013-03-27,3.1220853361239373,3.158966675466987,3.0723756799020316,3.150949001312256,228767,0.0,0.0
2013-03-28,3.1252924509906603,3.247161369015119,3.078789824957878,3.2022621631622314,265558,0.0,0.0
2013-04-02,3.207072764990568,3.207072764990568,3.1124640939553228,3.19103741645813,257951,0.0,0.0
2013-04-03,3.207072428858479,3.207072428858479,3.086807136313721,3.1108603477478027,104655,0.0,0.0
2013-04-04,3.1028426915057876,3.1301029359093313,3.0322872370830796,3.0675649642944336,291173,0.0,0.0
2013-04-05,3.0723754859491157,3.117274496612512,3.006630485568098,3.1028425693511963,175811,0.0,0.0
2013-04-08,3.094824872058642,3.1557594207101096,3.017855167388916,3.017855167388916,191284,0.0,0.0
2013-04-09,3.037097760126597,3.1028425693511963,3.037097760126597,3.1028425693511963,175811,0.0,0.0
2013-04-10,3.1028426010980503,3.245557308197022,3.1028426010980503,3.2455573081970215,182519,0.0,0.0
2013-04-11,3.2551790478567426,3.279232263565063,3.2102802216184023,3.2792322635650635,126,0.0,0.0
2013-04-12,3.235936164855957,3.2792319489774258,3.210279913645563,3.235936164855957,107153,0.0,0.0
2013-04-15,3.199054859563324,3.2551785753714046,3.1493452062421703,3.1894335746765137,86026,0.0,0.0
2013-04-16,3.141327730005429,3.2263153058158878,3.136517087259648,3.2070727348327637,93779,0.0,0.0
2013-04-17,3.1862266773440737,3.2263152386196823,3.1589666238943157,3.1814160346984863,86424,0.0,0.0
2013-04-18,3.219900951299067,3.247161388397217,3.1557597471224113,3.247161388397217,77849,0.0,0.0
2013-04-19,3.215090685729567,3.4059114512425546,3.215090685729567,3.375444173812866,408553,0.0,0.0
2013-04-22,3.415532312042582,3.436377918818294,3.3273377134131676,3.3433730602264404,197991,0.0,0.0
2013-04-23,3.32092393150577,3.4443960741603177,3.32092393150577,3.4427926540374756,236463,0.0,0.0
2013-04-24,3.444395993256924,3.5197620896402677,3.36902989687358,3.429964065551758,404093,0.0,0.0
2013-04-25,3.429964399656017,3.43958568572998,3.3834617718404534,3.4395856857299805,58339,0.0,0.0
2013-04-26,3.4395852639931297,3.4395852639931297,3.3754438744484396,3.4379818439483643,88035,0.0,0.0
2013-04-29,3.455620496874056,3.5117444020223605,3.375443762599925,3.5021231174468994,1141447,0.0,0.0
2013-04-30,3.519762522544419,3.5325910317422147,3.4476036397692873,3.4796743392944336,503874,0.0,0.0
2013-05-02,3.4155326182439008,3.5277800559997563,3.410721975537364,3.527780055999756,163838,0.0,0.0
2013-05-03,3.5277801984602966,3.5277801984602966,3.447603453968378,3.5181589126586914,86731,0.0,0.0
2013-05-06,3.4828810481463717,3.5261764526367188,3.465242278768459,3.5261764526367188,138119,0.0,0.0
2013-05-07,3.5277803197528708,3.556643795837199,3.463638921954018,3.551833152770996,426441,0.0,0.0
2013-05-08,3.5598511056611146,3.5646617488448977,3.4876918402172667,3.5341944694519043,111265,0.0,0.0
2013-05-09,3.5614541680629026,3.5614541680629026,3.4973127751418573,3.5582473278045654,100917,0.0,0.0
2013-05-10,3.529383476130982,3.5839035837212543,3.46363866299641,3.527780055999756,252501,0.0,0.0
2013-05-13,3.5518328757705793,3.5518328757705793,3.473259554900897,3.5005199909210205,148738,0.0,0.0
2013-05-14,3.4476035634606963,3.5325909535525293,3.4476035634606963,3.5245730876922607,187702,0.0,0.0
2013-05-15,3.527779904121232,3.527779904121232,3.48448450393922,3.5197620391845703,251971,0.0,0.0
2013-05-16,3.4957093482299904,3.5197621793722833,3.4636386518316944,3.5005199909210205,243180,0.0,0.0
2013-05-17,3.4716557041067566,3.5261758047579255,3.4716557041067566,3.511744260787964,132319,0.0,0.0
2013-05-20,3.569449434802478,3.597477378677281,3.511744960084428,3.543070077896118,169079,0.12,0.0
2013-05-21,3.5529621309950987,3.6139641683562305,3.4639321517697828,3.599126100540161,203744,0.0,0.0
2013-05-22,3.561206218804814,3.668371843684602,3.561206218804814,3.6518847942352295,195787,0.0,0.0
2013-05-23,3.5496648159677218,3.56120570962394,3.5100955884810205,3.533177375793457,104907,0.0,0.0
2013-05-24,3.569449434802478,3.569449434802478,3.463932400259292,3.543070077896118,121596,0.0,0.0
2013-05-27,3.5199881292064252,3.552962225581202,3.5150419754419855,3.551313638687134,72292,0.0,0.0
2013-05-28,3.5595568051030146,3.5859361596251227,3.523285536582056,3.552962064743042,137389,0.0,0.0
2013-05-29,3.5595569842864556,3.5595569842864556,3.495257378104975,3.4985549449920654,100889,0.0,0.0
2013-05-30,3.501852672953181,3.5430700989853743,3.496906518936157,3.4969065189361572,48144,0.0,0.0
2013-05-31,3.503500712180126,3.5117444319470614,3.45074200630188,3.45074200630188,59473,0.0,0.0
2013-06-03,3.4705268847204813,3.4705268847204813,3.378199338912964,3.378199338912964,138044,0.0,0.0
2013-06-04,3.396335197750096,3.4573372390071175,3.355117772287676,3.4128222465515137,178796,0.0,0.0
2013-06-05,3.404578702106574,3.404578702106574,3.3320353775294445,3.3518199920654297,122164,0.0,0.0
2013-06-06,3.3237921369014387,3.35511764637319,3.2726822089187015,3.3336844444274902,184777,0.0,0.0
2013-06-07,3.305656500835336,3.373253280439388,3.305656500835336,3.327089309692383,37470,0.0,0.0
2013-06-10,3.3221433641667386,3.346873738516212,3.256194978584085,3.2891690731048584,59167,0.0,0.0
2013-06-11,3.264438789648776,3.2891693627168883,3.2232211678685894,3.2594926357269287,105344,0.0,0.0
2013-06-12,3.2594925576883145,3.2710334522022304,3.1853008402602727,3.2545464038848877,111293,0.0,0.0
2013-06-13,3.1572728671688144,3.269385037480586,3.1572728671688144,3.2265186309814453,176139,0.0,0.0
2013-06-14,3.2397078683254588,3.2726819622050294,3.1935440975858396,3.2347617149353027,93922,0.0,0.0
2013-06-17,3.28752064704895,3.2891694305706207,3.210031555811867,3.28752064704895,25869,0.0,0.0
2013-06-18,3.2875206211135435,3.2924667750984065,3.247951782316891,3.256195306777954,113934,0.0,0.0
2013-06-19,3.2561957484031976,3.313900427456902,3.223221646086795,3.2479522228240967,113917,0.0,0.0
2013-06-20,3.206733991520613,3.2809257077719365,3.1539752805090013,3.173759698867798,173338,0.0,0.0
2013-06-21,3.182002841180502,3.247951222033804,3.076485824897403,3.102864980697632,106812,0.0,0.0
2013-06-24,3.1028652472289955,3.1638674801906617,2.985807131403274,3.015483856201172,187156,0.0,0.0
2013-06-25,3.027025057553385,3.0501070443141494,2.926453979008268,2.9478871822357178,177672,0.0,0.0
2013-06-26,2.9924022902623957,3.099568106923255,2.984158569362744,3.0534043312072754,121531,0.0,0.0
2013-06-27,3.091324382971114,3.0995679067973927,3.0336197161871645,3.0501067638397217,79450,0.0,0.0
2013-06-28,3.0781346802890486,3.1160549288870696,2.9841583522075292,3.0039429664611816,127978,0.0,0.0
2013-07-01,2.9841587376457115,3.114406744321205,2.9825101506057132,3.025376558303833,170800,0.0,0.0
2013-07-02,3.033619942151011,3.064945256407739,2.956130655179195,2.9775638580322266,123963,0.0,0.0
2013-07-03,2.9429413110013756,3.017133235931397,2.9297516310906797,3.0171332359313965,91067,0.0,0.0
2013-07-04,3.1160552501678462,3.144083194528861,3.008889430256043,3.1160552501678467,88377,0.0,0.0
2013-07-05,3.0781347751617436,3.17375969301763,3.050106832826686,3.078134775161743,54711,0.0,0.0
2013-07-08,3.0781349309135586,3.206734147868524,3.0880272388458256,3.088027238845825,79450,0.0,0.0
2013-07-09,3.1012168111441962,3.157272696732944,2.969320228237911,3.0484580993652344,72895,0.0,0.0
2013-07-10,3.0501070532990444,3.1160552501678462,2.970969177748256,3.1160552501678467,77655,0.0,0.0
2013-07-11,3.1341910464336844,3.1671651444841875,3.0896758568326033,3.107811689376831,57983,0.0,0.0
2013-07-12,3.0847296223857206,3.1407855054219698,3.0830808390147855,3.1144063472747803,63714,0.0,0.0
2013-07-15,3.149029399349674,3.239708368046722,3.0863785720064514,3.1853010654449463,131225,0.0,0.0
2013-07-16,3.200138735569252,3.2397077648860138,3.1589211195358113,3.1721107959747314,53749,0.0,0.0
2013-07-17,3.198490302174202,3.2232208729797422,3.162218641093192,3.19024658203125,43696,0.0,0.0
2013-07-18,3.409525394439697,3.409525394439697,3.2017882847775336,3.4095253944396973,310031,0.0,0.0
2013-07-19,3.4095253699629637,3.455688953399658,3.328738705866465,3.455688953399658,99807,0.0,0.0
2013-07-22,3.4540399034017444,3.503501047490567,3.4128220867866097,3.4210658073425293,87650,0.0,0.0
2013-07-23,3.3979838752804428,3.4622830847241257,3.3765506744384766,3.3765506744384766,70770,0.0,0.0
2013-07-24,3.3501713770921664,3.4424989223480225,3.3501713770921664,3.4424989223480225,45474,0.0,0.0
2013-07-25,3.442499160382786,3.442499160382786,3.3122513572999885,3.439201593399048,144622,0.0,0.0
2013-07-26,3.4045786067373816,3.4326065478234247,3.396334886550903,3.3963348865509033,26872,0.0,0.0
2013-07-29,3.4194168407122016,3.4309581281519277,3.3831455707550044,3.383145570755005,62949,0.0,0.0
2013-07-30,3.3847944458816377,3.445796489715576,3.3831458588565293,3.445796489715576,50221,0.0,0.0
2013-07-31,3.404579079061808,3.429309456887714,3.394686770698538,3.4078762531280518,30046,0.0,0.0
2013-08-01,3.40128110677146,3.450742249614002,3.40128110677146,3.4424989223480225,52600,0.0,0.0
2013-08-02,3.422714699034994,3.4490940568480593,3.3979843213293033,3.445796489715576,51296,0.0,0.0
2013-08-05,3.4045785960282147,3.4540397377448646,3.4045785960282147,3.4375526905059814,97977,0.0,0.0
2013-08-06,3.4589860439300537,3.4589860439300537,3.389740285236837,3.4589860439300537,79014,0.0,0.0
2013-08-07,3.458986287690446,3.478770510795427,3.4161198813396,3.4474453926086426,86049,0.0,0.0
2013-08-08,3.482068300247193,3.4952577831595675,3.4457966326147376,3.4820683002471924,110643,0.0,0.0
2013-08-09,3.482067726160361,3.590882318035234,3.4870138797076025,3.5447187423706055,235228,0.0,0.0
2013-08-12,3.5529618920810835,3.618910078640386,3.511744472022619,3.6106667518615723,139129,0.0,0.0
2013-08-13,3.613964245748636,3.618910399487322,3.585936303284239,3.5974771976470947,129240,0.0,0.0
2013-08-14,3.602423580017766,3.6271543502807617,3.5941802519849397,3.6271543502807617,118784,0.0,0.0
2013-08-16,3.5612061536891173,3.6271543502807617,3.5364753834261218,3.6271543502807617,84515,0.0,0.0
2013-08-19,3.6271543877905548,3.6271543877905548,3.5067988884579355,3.536475419998169,106428,0.0,0.0
2013-08-20,3.4969059687132487,3.5381233882600607,3.427660216452685,3.46228289604187,131410,0.0,0.0
2013-08-21,3.470526942216285,3.4952573176539157,3.4293091257105934,3.4441475868225098,70635,0.0,0.0
2013-08-22,3.4375531296856776,3.551313888092642,3.4309583885640267,3.5282320976257324,132780,0.0,0.0
2013-08-23,3.5710977820405883,3.5710977820405883,3.528231772162914,3.5463674068450928,71516,0.0,0.0
2013-08-26,3.46228289604187,3.5743950476502975,3.454039569365385,3.46228289604187,94405,0.0,0.0
2013-08-27,3.4622830648232004,3.4903113989032932,3.422714230066323,3.4375526905059814,155704,0.0,0.0
2013-08-28,3.5315291881561284,3.5315291881561284,3.47877047426567,3.531529188156128,79427,0.0,0.0
2013-08-29,3.5315290818072396,3.6172618910269025,3.543069976420311,3.6024234294891357,188803,0.0,0.0
2013-08-30,3.618910683563243,3.618910683563243,3.4952576165540927,3.5018527507781982,396338,0.0,0.0
2013-09-02,3.513393613972208,3.6156134765254806,3.513393613972208,3.577693223953247,106179,0.0,0.0
2013-09-03,3.5842878178949573,3.6090181942064423,3.5265829513644182,3.538123846054077,66365,0.0,0.0
2013-09-04,3.5529620852512775,3.5529620852512775,3.4870138951064535,3.491960048675537,68411,0.0,0.0
2013-09-05,3.5364752941654816,3.5364752941654816,3.4078760782082647,3.454040050506592,196131,0.0,0.0
2013-09-06,3.437552846244624,3.4606346348083403,3.38314554858316,3.4441475868225098,99617,0.0,0.0
2013-09-09,3.46228289604187,3.4787699424770335,3.335332677799331,3.46228289604187,660660,0.0,0.0
2013-09-10,3.4622829857835673,3.477121445884482,3.36336070460854,3.4326064586639404,96800,0.0,0.0
2013-09-11,3.4210658073425293,3.4210658073425293,3.4210658073425293,3.4210658073425293,17588,0.0,0.0
2013-09-12,3.4210655555740836,3.495257069706183,3.4062270955147826,3.4738242626190186,469786,0.0,0.0
2013-09-13,3.457337487408257,3.602423763134175,3.457337487408257,3.5694496631622314,383816,0.0,0.0
2013-09-16,3.6024232119513906,3.613964105867548,3.5447187423706055,3.5447187423706055,39519,0.0,0.0
2013-09-17,3.544719230551089,3.544719230551089,3.4705273102069394,3.5183398723602295,128361,0.0,0.0
2013-09-18,3.519988831388662,3.5595576763153076,3.4903122959642565,3.5595576763153076,133619,0.0,0.0
2013-09-19,3.5645031929016113,3.6139643384753035,3.5150420473279187,3.5645031929016113,251903,0.0,0.0
2013-09-20,3.5645031060392465,3.617261817265087,3.562854519151637,3.5859363079071045,156568,0.0,0.0
2013-09-23,3.5793416787935968,3.706291913986206,3.5776930918546235,3.706291913986206,233744,0.0,0.0
2013-09-24,3.707940889843347,3.7425635740163825,3.6782639664816776,3.7244279384613037,177552,0.0,0.0
2013-09-25,3.6485869884490967,3.7244274814010314,3.6485869884490967,3.6485869884490967,107531,0.0,0.0
2013-09-26,3.6436412334442143,3.684858657895221,3.605720982823233,3.643641233444214,148418,0.0,0.0
2013-09-27,3.643641399428673,3.635397678313588,3.580990376817256,3.6271543502807617,101041,0.0,0.0
2013-09-30,3.4210657858449944,3.7145354747772217,3.4045787379189894,3.7145354747772217,152599,0.0,0.0
2013-10-01,3.7079408168792725,3.709589403783954,3.59912621952554,3.7079408168792725,221576,0.0,0.0
2013-10-02,3.7013456689814825,3.742563486099243,3.605720946476567,3.742563486099243,412255,0.0,0.0
2013-10-03,3.742563545374005,3.823350200908395,3.742563545374005,3.8002684116363525,381319,0.0,0.0
2013-10-04,3.800268137980509,3.923921189305764,3.800268137980509,3.910731315612793,355686,0.0,0.0
2013-10-07,3.8975426705523626,3.915678308550602,3.796971385276693,3.8282968997955322,790990,0.0,0.0
2013-10-08,3.828296402795069,3.9041369054252177,3.828296402795069,3.874459981918335,162425,0.0,0.0
2013-10-09,3.874459327587136,3.9898690420690297,3.874459327587136,3.973381996154785,298470,0.0,0.0
2013-10-10,3.998112566532791,4.183591940526367,3.955246166415918,4.121765613555908,614764,0.0,0.0
2013-10-11,4.142374590106469,4.195957591156303,4.069006975412938,4.1588616371154785,455504,0.0,0.0
2013-10-14,4.121766447960469,4.220688748371773,4.121766447960469,4.204201698303223,288420,0.0,0.0
2013-10-15,4.167105760296863,4.344341844320264,4.162984292568768,4.319611072540283,386716,0.0,0.0
2013-10-16,4.274271433364533,4.4308985936108805,4.274271433364533,4.414411544799805,377576,0.0,0.0
2013-10-17,4.402046912336105,4.410290241241455,4.282515695091285,4.410290241241455,400526,0.0,0.0
2013-10-18,4.406167568670814,4.46387243270874,4.3608282853367335,4.46387243270874,510947,0.0,0.0
2013-10-21,4.46799451898293,4.492724895477295,4.393802603335343,4.492724895477295,269872,0.0,0.0
2013-10-22,4.4473855548749945,4.509211888428913,4.410289597509746,4.439142227172852,443439,0.0,0.0
2013-10-23,4.402046330479555,4.40616779784631,4.278393268585205,4.278393268585205,315129,0.0,0.0
2013-10-24,4.278393293837865,4.459750830759702,4.278393293837865,4.414411544799805,835500,0.0,0.0
2013-10-25,4.385559155374672,4.426776579430077,4.290758333190991,4.402046203613281,215292,0.0,0.0
2013-10-28,4.435020716758567,4.435020716758567,4.327854696598292,4.364950656890869,131150,0.0,0.0
2013-10-29,4.406168460845947,4.430899234178975,4.315489875816894,4.406168460845947,172275,0.0,0.0
2013-10-30,4.4061675567126715,4.517455424251877,4.397924229348042,4.505090236663818,301337,0.0,0.0
2013-10-31,4.500968809157138,4.649352253725893,4.418533562174496,4.604012966156006,385639,0.0,0.0
2013-11-01,4.649351926981091,4.6575956476411395,4.5916474546897,4.616377830505371,58951,0.0,0.0
2013-11-04,4.616377619508969,4.624621339792229,4.484481239634553,4.525698661804199,211058,0.0,0.0
2013-11-05,4.525698418688791,4.558672904968262,4.4679939521346625,4.558672904968262,143646,0.0,0.0
2013-11-06,4.566916465759277,4.60401242077775,4.496846415853765,4.566916465759277,70181,0.0,0.0
2013-11-07,4.542185770788623,4.657595094753793,4.488602772105676,4.579281330108643,193379,0.0,0.0
2013-11-08,4.525699645481464,4.645231257076057,4.505091126458414,4.624622344970703,121895,0.0,0.0
2013-11-11,4.6946916580200195,4.6946916580200195,4.6946916580200195,4.6946916580200195,4415,0.0,0.0
2013-11-12,4.694691692429196,4.81010103225708,4.6658390626605435,4.81010103225708,316599,0.0,0.0
2013-11-13,4.781248176437266,4.797735222849166,4.657595131806921,4.75651741027832,298263,0.0,0.0
2013-11-14,4.69881302867185,4.814222758362402,4.566916643976628,4.7359089851379395,244262,0.0,0.0
2013-11-15,4.715300187573252,4.740030956825922,4.608134569030996,4.653473854064941,174277,0.0,0.0
2013-11-18,4.649352237634254,4.674083008184584,4.595769229010425,4.645230770111084,218304,0.0,0.0
2013-11-19,4.645230822272282,4.740031258768157,4.604013001919652,4.698813438415527,329095,0.0,0.0
2013-11-20,4.735909059998026,4.735909059998026,4.525698898755568,4.538064479827881,175230,0.0,0.0
2013-11-21,4.4803595542907715,4.591647423963287,4.46387250616324,4.4803595542907715,89818,0.0,0.0
2013-11-22,4.480359217042364,4.57516003145144,4.476237357050185,4.554551124572754,90879,0.0,0.0
2013-11-25,4.575160036397144,4.5957685502159045,4.500968128786553,4.533942222595215,89167,0.0,0.0
2013-11-26,4.533942858265107,4.723544120788574,4.533942858265107,4.723544120788574,184240,0.0,0.0
2013-11-27,4.715300003327814,4.7936137753327035,4.64523034486134,4.719421863555908,197308,0.0,0.0
2013-11-28,4.76888318635986,4.76888318635986,4.649351986826245,4.6740827560424805,193693,0.0,0.0
2013-11-29,4.682326694061877,4.735909706779665,4.632865542264448,4.72766637802124,232204,0.0,0.0
2013-12-02,4.694692410279525,4.752396892475751,4.624622344970703,4.624622344970703,170088,0.0,0.0
2013-12-03,4.632864841099482,4.665838937307275,4.467994360060517,4.5009684562683105,243456,0.0,0.0
2013-12-04,4.5298208074918875,4.665839056082108,4.484481522322562,4.612256050109863,293556,0.0,0.0
2013-12-05,4.595768545247923,4.748274220300881,4.542185937678424,4.554551124572754,336725,0.0,0.0
2013-12-06,4.542186787767284,4.649352416044973,4.542186787767284,4.59576940536499,42626,0.0,0.0
2013-12-09,4.595769264717724,4.768883480668275,4.595769264717724,4.7400312423706055,155458,0.0,0.0
2013-12-10,4.7647611300253665,4.768882596816697,4.698812551295574,4.75651741027832,79749,0.0,0.0
2013-12-11,4.768882920685219,4.768882920685219,4.665838775342273,4.744152545928955,72302,0.0,0.0
2013-12-12,4.748274137393681,4.748274137393681,4.5174550919305725,4.558672904968262,141674,0.0,0.0
2013-12-13,4.571038697489646,4.678204711125606,4.566916837023128,4.6287431716918945,162516,0.0,0.0
2013-12-16,4.624621603938956,4.752396130969901,4.616377883184835,4.6946916580200195,277282,0.0,0.0
2013-12-17,4.764762013113083,4.764762013113083,4.6575959950327865,4.7400312423706055,115863,0.0,0.0
2013-12-18,4.768882851444592,4.768882851444592,4.6658387075977705,4.707056522369385,125955,0.0,0.0
2013-12-19,4.74003080416686,4.958484287687178,4.74003080416686,4.855440139770508,547513,0.0,0.0
2013-12-20,4.913145339870158,4.921388667864068,4.8224663734436035,4.8224663734436035,219995,0.0,0.0
2013-12-23,4.863684511372695,4.871927839906784,4.768883678195846,4.830710411071777,73817,0.0,0.0
2013-12-27,4.8059797286987305,4.830710500925565,4.68644851461399,4.8059797286987305,107158,0.0,0.0
2013-12-30,4.805978620559058,4.855439760525924,4.764761200461102,4.793613433837891,75036,0.0,0.0
2014-01-02,4.76888370513916,4.843075627776535,4.678205125340461,4.76888370513916,152641,0.0,0.0
2014-01-03,4.768882825843181,4.814222500464997,4.686447589824715,4.785369873046875,90306,0.0,0.0
2014-01-06,4.82246622039665,4.82246622039665,4.785370262895698,4.81010103225708,88809,0.0,0.0
2014-01-07,4.785369899968107,5.053284909888108,4.785369899968107,4.962605953216553,432418,0.0,0.0
2014-01-08,5.061529159545898,5.094503260148885,4.9255108962880065,5.061529159545898,508635,0.0,0.0
2014-01-09,5.045041561126709,5.061528609636969,4.954362990861396,5.045041561126709,249713,0.0,0.0
2014-01-10,5.045041481189401,5.12747672243454,4.999702196775132,5.049163341522217,274411,0.0,0.0
2014-01-13,5.08625970615336,5.115111944631882,5.02855483611405,5.032676696777344,173864,0.0,0.0
2014-01-14,5.024432868418534,5.110989975092497,4.954363204046527,5.094502925872803,381630,0.0,0.0
2014-01-15,5.061529116359211,5.317078590393066,5.028555016037571,5.317078590393066,607573,0.0,0.0
2014-01-16,5.300590991973877,5.345930670038205,5.201668701240829,5.300590991973877,233635,0.0,0.0
2014-01-17,5.300590869892457,5.473705071229305,5.214033769224033,5.424243927001953,391816,0.0,0.0
2014-01-20,5.424243704453899,5.424243704453899,5.308834372658472,5.374782562255859,168415,0.0,0.0
2014-01-21,5.378904433554873,5.416000388551052,5.308834383691473,5.333564758300781,143967,0.0,0.0
2014-01-22,5.341809057250484,5.35417424589469,5.053285499364695,5.094502925872803,314909,0.0,0.0
2014-01-23,5.135719890619484,5.185181030045731,4.96260570608652,4.991457939147949,269355,0.0,0.0
2014-01-24,4.970850057641203,4.999702294369641,4.789492130279541,4.789492130279541,327978,0.0,0.0
2014-01-27,4.760639655756326,5.036798000335693,4.6163776931555605,5.036798000335693,386919,0.0,0.0
2014-01-28,5.036798147044655,5.139842296737404,4.9955803299346595,5.069772243499756,246808,0.0,0.0
2014-01-29,5.119233131408691,5.152207226209858,4.962605984562046,5.119233131408691,197928,0.0,0.0
2014-01-30,5.1192335425877085,5.152207640037368,5.02031125023873,5.082137584686279,95498,0.0,0.0
2014-01-31,5.0780160745898355,5.0945031244521815,4.987337496888071,5.007946014404297,58320,0.0,0.0
2014-02-03,5.012067617656263,5.024432806147219,4.661717727809316,4.665839195251465,279439,0.0,0.0
2014-02-04,4.674083060669763,4.760640168944472,4.624621912095967,4.698813438415527,213387,0.0,0.0
2014-02-05,4.756517840021913,4.909023131381137,4.731787071628582,4.896657943725586,133001,0.0,0.0
2014-02-06,4.904901331863642,4.987336965473908,4.904901331863642,4.954362869262695,105763,0.0,0.0
2014-02-07,4.999701950400406,5.139842050152455,4.913144853087801,5.078015327453613,186865,0.0,0.0
2014-02-10,5.148086043773697,5.160451625763579,4.999702597635528,5.032676696777344,172755,0.0,0.0
2014-02-11,5.036798348995306,5.160451412200928,5.036798348995306,5.160451412200928,78294,0.0,0.0
2014-02-12,5.168693944085062,5.201668036783995,5.057406479496713,5.152206897735596,215571,0.0,0.0
2014-02-13,5.168694857745685,5.251130104064941,5.0697725621625755,5.251130104064941,175895,0.0,0.0
2014-02-14,5.193425541494727,5.317078212368491,5.160451443517423,5.275860786437988,184719,0.0,0.0
2014-02-17,5.317078013316051,5.391269927528632,5.292347637300017,5.383026599884033,204245,0.0,0.0
2014-02-18,5.333564758300781,5.403634808164181,5.247007661003771,5.333564758300781,141382,0.0,0.0
2014-02-19,5.3335645196537245,5.411878286270937,5.247007426229658,5.345930099487305,218639,0.0,0.0
2014-02-20,5.300591009587946,5.317078058098242,5.11098975517843,5.263495445251465,149858,0.0,0.0
2014-02-21,5.234642967425231,5.304713023897565,5.193425541494727,5.275860786437988,78046,0.0,0.0
2014-02-24,5.275861161532157,5.317078590393066,5.176938860567235,5.317078590393066,126650,0.0,0.0
2014-02-25,5.325322151184082,5.358296250509869,5.238765042183324,5.325322151184082,104238,0.0,0.0
2014-02-26,5.2882256507873535,5.333564934456685,5.234642646587836,5.2882256507873535,52181,0.0,0.0
2014-02-27,5.288225078093725,5.350051403045654,5.119232756348408,5.350051403045654,158329,0.0,0.0
2014-02-28,5.255250985708404,5.350051403045654,5.242885799334456,5.350051403045654,46486,0.0,0.0
2014-03-03,5.226399654505999,5.312956760215972,5.193425556433843,5.23464298248291,143939,0.0,0.0
2014-03-04,5.242885885697454,5.383025977184608,5.242885885697454,5.329442977905273,150512,0.0,0.0
2014-03-05,5.358295917510986,5.395391875217683,5.259373625681292,5.358295917510986,161883,0.0,0.0
2014-03-06,5.370660346744856,5.56438343567968,5.370660346744856,5.527287483215332,489077,0.0,0.0
2014-03-07,5.6056020600768655,5.6056020600768655,5.473705277419903,5.514923095703125,161101,0.0,0.0
2014-03-10,5.465461550476755,5.580870882926431,5.416000407998323,5.531409740447998,91451,0.0,0.0
2014-03-11,5.5643839836120605,5.5643839836120605,5.444852787835535,5.5643839836120605,91408,0.0,0.0
2014-03-12,5.48607087311473,5.556140535448029,5.444853054723615,5.473705291748047,103127,0.0,0.0
2014-03-13,5.444853054723615,5.688037318450249,5.440731194268054,5.473705291748047,234643,0.0,0.0
2014-03-14,5.366539527781718,5.440731048583984,5.139842318865253,5.440731048583984,209940,0.0,0.0
2014-03-17,5.378904427322386,5.609723091125488,5.358295519783697,5.609723091125488,259703,0.0,0.0
2014-03-18,5.60560194076478,5.655063085802546,5.543775214655894,5.617967128753662,212439,0.0,0.0
2014-03-19,5.622089199624242,5.688037395477295,5.593236569126842,5.688037395477295,215396,0.0,0.0
2014-03-20,5.688037138771306,5.964195491254388,5.667428230226761,5.95182991027832,719127,0.0,0.0
2014-03-21,5.935342937690284,6.034265621348173,5.753985404968261,5.753985404968262,331665,0.0,0.0
2014-03-24,5.832298860673291,5.836420721103423,5.696280611136899,5.770472526550293,154758,0.0,0.0
2014-03-25,5.671550750732422,5.807569012644094,5.6674288899272725,5.671550750732422,121337,0.0,0.0
2014-03-26,5.671550506513223,5.811690623195556,5.667428645885563,5.679793834686279,166412,0.0,0.0
2014-03-27,5.663306156492565,5.7704721624201,5.663306156492565,5.667428016662598,211188,0.0,0.0
2014-03-28,5.692159143789013,5.811690344687122,5.692159143789013,5.770472526550293,375496,0.0,0.0
2014-03-31,5.807568336630981,5.976560679148221,5.733376423103515,5.95182991027832,313000,0.0,0.0
2014-04-01,5.984804980527971,6.087849140167236,5.922978248895048,6.087849140167236,374547,0.0,0.0
2014-04-02,6.034265783221054,6.174405502088103,6.034265783221054,6.157918453216553,400931,0.0,0.0
2014-04-03,6.1620402336120605,6.2156232400187,6.087848711195538,6.1620402336120605,156917,0.0,0.0
2014-04-04,6.162039740379965,6.252718697277715,6.1455526930423945,6.2238664627075195,169348,0.0,0.0
2014-04-07,6.211501121520996,6.285693033937391,5.910612397756251,6.211501121520996,394886,0.0,0.0
2014-04-08,6.211501518226785,6.289815295908422,6.091970314523148,6.215623378753662,239119,0.0,0.0
2014-04-09,6.157917917433731,6.314545064626901,6.104335308074951,6.104335308074951,244206,0.0,0.0
2014-04-10,6.190893002492413,6.413468360900879,6.1331881343560495,6.413468360900879,599832,0.0,0.0
2014-04-11,6.260961991441338,6.306301666192606,6.01777814276308,6.067239284515381,603030,0.0,0.0
2014-04-14,6.017778265954017,6.091969783560148,5.778715879382906,5.922977447509766,248672,0.0,0.0
2014-04-15,5.927100193130074,5.935343521614577,5.688037770845299,5.729255199432373,319678,0.0,0.0
2014-04-16,5.8281775968235685,5.910612842893311,5.733376769031669,5.861151695251465,312573,0.0,0.0
2014-04-17,5.844664208806755,5.976560592651367,5.819933440294775,5.976560592651367,119047,0.0,0.0
2014-04-22,5.939464373510279,6.129065613435203,5.890003231757978,6.067239284515381,126935,0.0,0.0
2014-04-23,6.1208222863509265,6.133187473518448,5.980682188178302,6.067239284515381,128390,0.0,0.0
2014-04-24,6.050752759196299,6.11670095388799,5.89412560026241,5.947708606719971,161077,0.0,0.0
2014-04-25,6.030143931293548,6.0383872591999,5.857029721355379,5.943586826324463,42780,0.0,0.0
2014-04-28,5.976561196655955,6.141431693123901,5.927100047715571,6.050753116607666,148278,0.0,0.0
2014-04-29,6.08784931019947,6.124944878516565,6.00541366571983,6.058996677398682,80947,0.0,0.0
2014-04-30,6.100214409808415,6.129066649102048,6.034266209661666,6.0837273597717285,73220,0.0,0.0
2014-05-02,6.124943902617168,6.141430950269725,6.017778289416658,6.100213527679443,107000,0.0,0.0
2014-05-05,6.0672395913029025,6.133187783640613,6.03838696234348,6.091969966888428,72582,0.0,0.0
2014-05-06,6.141431262012703,6.162040170895076,5.8776384861815,5.9106125831604,175212,0.0,0.0
2014-05-07,5.922978213517833,5.922978213517833,5.63857650756836,5.638576507568359,253805,0.0,0.0
2014-05-08,5.74986332338787,5.753985183607177,5.613845080808539,5.704524040222168,390430,0.0,0.0
2014-05-09,5.704523813241318,5.716889000325008,5.366539150350928,5.399513244628906,506259,0.0,0.0
2014-05-12,5.481948332999096,5.486070192943623,5.288225239510528,5.345930099487305,405097,0.0,0.0
2014-05-13,5.436609638138045,5.465462269859811,5.325322151184082,5.325322151184082,151026,0.0,0.0
2014-05-14,5.407757144261421,5.428366053637899,5.1522076900069465,5.3541741371154785,276899,0.0,0.0
2014-05-15,5.275860475674604,5.341808667744675,5.14808555872717,5.247007846832275,288243,0.0,0.0
2014-05-16,5.251130247798735,5.300591396944139,5.08625975064739,5.284104347229004,180952,0.0,0.0
2014-05-19,5.389113845452318,5.389113845452318,5.237899570651526,5.288304328918457,147190,0.12,0.0
2014-05-20,5.250500641893301,5.397514820098877,5.250500641893301,5.397514820098877,70733,0.0,0.0
2014-05-21,5.2757031114575605,5.473121643066406,5.2757031114575605,5.473121643066406,107025,0.0,0.0
2014-05-22,5.401714821690205,5.50252473669318,5.3177068930055595,5.4353179931640625,177993,0.0,0.0
2014-05-23,5.460520949995221,5.615935728963775,5.418516782454994,5.552929878234863,184156,0.0,0.0
2014-05-26,5.641138408625306,5.914164300685025,5.599134240347762,5.825955867767334,447205,0.0,0.0
2014-05-27,5.85535851565515,6.035975877522825,5.767150083182732,6.00657320022583,335165,0.0,0.0
2014-05-28,5.989771943538176,6.098982466067882,5.922565591391112,5.943567276000977,222910,0.0,0.0
2014-05-29,5.943566814594533,6.048576831817627,5.922565131615055,6.048576831817627,82790,0.0,0.0
2014-05-30,5.956168736615726,6.056978264314196,5.8931624813680905,6.0527777671813965,75702,0.0,0.0
2014-06-02,6.048577030547231,6.212392807006836,6.0401764371957185,6.212392807006836,197525,0.0,0.0
2014-06-03,6.199791546400473,6.224993726344227,6.090581031760399,6.187190055847168,171102,0.0,0.0
2014-06-04,6.1745886041105615,6.18718969334415,6.065378095869053,6.182989597320557,137785,0.0,0.0
2014-06-05,6.149387359619141,6.292200660647058,6.098982594447852,6.149387359619141,299967,0.0,0.0
2014-06-06,6.157787037784199,6.233394374588114,6.006572764757775,6.216592788696289,407737,0.0,0.0
2014-06-09,6.166188372754516,6.279598983664264,6.048576864412238,6.187190055847168,274925,0.0,0.0
2014-06-10,6.174589672747016,6.245996525064743,6.1073833177612675,6.170389175415039,163821,0.0,0.0
2014-06-11,6.166188339526118,6.166188339526118,5.977169988059409,6.048576831817627,199302,0.0,0.0
2014-06-12,5.99817229980512,6.086380733651435,5.905763769551982,6.03177547454834,115291,0.0,0.0
2014-06-13,5.956168174743652,6.0359756098309845,5.863759249446676,5.956168174743652,160028,0.0,0.0
2014-06-16,5.956167748481332,5.947766755609465,5.796552489148363,5.842756748199463,184169,0.0,0.0
2014-06-17,5.876360434512785,5.951967774672923,5.80075349493407,5.909963607788086,112059,0.0,0.0
2014-06-18,5.981370592293748,5.998172179327888,5.796553134918213,5.796553134918213,86014,0.0,0.0
2014-06-19,5.813354041192384,5.91836404800415,5.813354041192384,5.91836404800415,118995,0.0,0.0
2014-06-20,5.905763418480587,6.0107734334561345,5.653739222306708,5.741947650909424,344130,0.0,0.0
2014-06-23,5.657940257425914,5.72514660931225,5.582332911263059,5.628537178039551,113162,0.0,0.0
2014-06-24,5.6285368578884665,5.687342612734867,5.468921981528037,5.548729419708252,153679,0.0,0.0
2014-06-25,5.494123563866102,5.716744667745645,5.439518311861424,5.662139415740967,180048,0.0,0.0
2014-06-26,5.712544956258544,5.771350308080823,5.628536624087147,5.708344459533691,93855,0.0,0.0
2014-06-27,5.662139415740967,5.7461477422597875,5.586532482687972,5.662139415740967,53040,0.0,0.0
2014-06-30,5.662139956510168,5.670540950196952,5.468921908691256,5.485723495483398,97745,0.0,0.0
2014-07-01,5.4983244309691175,5.687342377216031,5.4983244309691175,5.636937618255615,43739,0.0,0.0
2014-07-02,5.712544936445492,5.846957626523273,5.645338190825187,5.817554950714111,86150,0.0,0.0
2014-07-03,5.84695811220535,5.84695811220535,5.741948089213992,5.746148586273193,43403,0.0,0.0
2014-07-04,5.8343568832576524,5.8343568832576524,5.678942100985604,5.78815221786499,67599,0.0,0.0
2014-07-07,5.741947692079082,5.762949775341059,5.552929743884125,5.59493350982666,101139,0.0,0.0
2014-07-08,5.586532238845823,5.594932830782201,5.29250431060791,5.29250431060791,186534,0.0,0.0
2014-07-09,5.342909432284776,5.414316271282603,5.3009052679632065,5.368111610412598,140445,0.0,0.0
2014-07-10,5.368111610412598,5.418516367249641,5.166492583064424,5.368111610412598,137491,0.0,0.0
2014-07-11,5.368112004660994,5.586533034244334,5.34710992095776,5.519326686859131,153860,0.0,0.0
2014-07-14,5.578131770296483,5.6327370250469535,5.468921661376953,5.468921661376953,104574,0.0,0.0
2014-07-15,5.557129746183122,5.557129746183122,5.35131021497221,5.355510711669922,96557,0.0,0.0
2014-07-16,5.426917591148467,5.477322350129179,5.35971124584085,5.422717094421387,111274,0.0,0.0
2014-07-17,5.439518449410426,5.439518449410426,5.35131002480025,5.368111610412598,62539,0.0,0.0
2014-07-18,5.351310636667391,5.452120161868006,5.279903789504927,5.326108455657959,122779,0.0,0.0
2014-07-21,5.305106127318958,5.351310390767397,5.1538918464665375,5.2378997802734375,91790,0.0,0.0
2014-07-22,5.233699645129522,5.271503318100529,5.14549120839099,5.242100238800049,93808,0.0,0.0
2014-07-23,5.229498426714063,5.2967047691345215,5.195895255503834,5.2967047691345215,34548,0.0,0.0
2014-07-24,5.3219079480034885,5.384913800982714,5.2084969319431496,5.22109842300415,174983,0.0,0.0
2014-07-25,5.250501386999122,5.254701884248274,5.116088679678014,5.233699798583984,168404,0.0,0.0
2014-07-28,5.275703513811126,5.275703513811126,5.107687243603818,5.124488830566406,106758,0.0,0.0
2014-07-29,5.132889538697322,5.3723122397358765,5.065683194586949,5.254701137542725,94091,0.0,0.0
2014-07-30,5.250500659816695,5.351310176345637,5.191694908217441,5.216897487640381,63342,0.0,0.0
2014-07-31,5.300905456602098,5.330308132324685,5.13288959449958,5.284103870391846,66095,0.0,0.0
2014-08-01,5.158092498779297,5.279904116076332,5.153892402072238,5.158092498779297,76090,0.0,0.0
2014-08-04,5.3219075202941895,5.338709106443775,5.216897506713927,5.3219075202941895,63167,0.0,0.0
2014-08-05,5.32190698325729,5.4185159937231795,5.254700645440781,5.29250431060791,184818,0.0,0.0
2014-08-06,5.250501135985057,5.342910068141198,5.040481090545654,5.040481090545654,292748,0.0,0.0
2014-08-07,5.191694784923653,5.191694784923653,4.872464656829834,4.872464656829834,151233,0.0,0.0
2014-08-08,4.872465214426711,5.090885853381337,4.637242587278744,5.040481090545654,189739,0.0,0.0
2014-08-11,5.170693495149595,5.342909861661477,5.107687243603818,5.124488830566406,131317,0.0,0.0
2014-08-12,5.208496942342463,5.401715399267698,5.191695354809028,5.326108455657959,174531,0.0,0.0
2014-08-13,5.41431676105252,5.653739477831599,5.376513089859732,5.544528961181641,224203,0.0,0.0
2014-08-14,5.578131789872871,5.624336452060028,5.426917515051091,5.5025248527526855,169070,0.0,0.0
2014-08-18,5.544528961181641,5.662140071106977,5.510925786917259,5.544528961181641,124392,0.0,0.0
2014-08-19,5.544529476811231,5.653740003617539,5.410116767253605,5.5403289794921875,148564,0.0,0.0
2014-08-20,5.573931944254966,5.603334621090635,5.5067251962883335,5.519326686859131,39171,0.0,0.0
2014-08-21,5.468921862344155,5.8301561756045786,5.460520868728566,5.767149925231934,344601,0.0,0.0
2014-08-22,5.69574323822339,5.855358104262466,5.69574323822339,5.8217549324035645,133645,0.0,0.0
2014-08-25,5.817555218856246,5.855358489246985,5.741947876911901,5.796553134918213,72240,0.0,0.0
2014-08-26,5.855358574199765,5.964569091796875,5.788152225088139,5.964569091796875,238116,0.0,0.0
2014-08-27,5.943566665134769,6.006572914233095,5.880560816617858,5.993971824645996,171990,0.0,0.0
2014-08-28,5.989771193227323,6.006572779159432,5.88056068437791,5.893161773681641,79142,0.0,0.0
2014-08-29,5.867959955285415,5.964568980180144,5.846957871435691,5.905763626098633,74401,0.0,0.0
2014-09-01,5.880560646384694,5.922564811234289,5.880560646384694,5.897362232208252,62119,0.0,0.0
2014-09-02,5.691542625427246,5.930965320180479,5.632736875583734,5.691542625427246,291061,0.0,0.0
2014-09-03,5.691542481738361,5.901562496558364,5.746147733661329,5.842756748199463,92620,0.0,0.0
2014-09-04,5.779751074509015,5.951967427649384,5.674741064000849,5.867959499359131,268092,0.0,0.0
2014-09-05,5.867959979958664,5.9015631540269435,5.762949960849934,5.796553134918213,152185,0.0,0.0
2014-09-08,5.796553134918213,5.838556902212845,5.712545199747515,5.796553134918213,63949,0.0,0.0
2014-09-09,5.796553134918213,5.838556902212845,5.758749463946041,5.796553134918213,39865,0.0,0.0
2014-09-10,5.720945792973868,5.863759483054771,5.6705410318714495,5.796553134918213,86695,0.0,0.0
2014-09-11,5.746148339099379,5.813354686829897,5.708344668355604,5.729346752166748,32161,0.0,0.0
2014-09-12,5.863759716159226,5.863759716159226,5.737747608103051,5.779751777648926,71762,0.0,0.0
2014-09-15,5.758749429153493,5.804953693072867,5.687342584544459,5.729346752166748,80070,0.0,0.0
2014-09-16,5.775550862118799,5.779751358885335,5.69574342646171,5.7377471923828125,58607,0.0,0.0
2014-09-17,5.838556519256934,5.926764945545859,5.729346410988928,5.893161773681641,130934,0.0,0.0
2014-09-18,5.8973624614155336,5.943566724080743,5.804953535503695,5.880560874938965,201758,0.0,0.0
2014-09-19,5.964568788528645,5.964568788528645,5.767149847614924,5.846957683563232,118289,0.0,0.0
2014-09-22,5.897362483086577,5.909963572844954,5.771350383758544,5.771350383758545,70656,0.0,0.0
2014-09-23,5.821755047809587,5.821755047809587,5.645338191762502,5.674741268157959,84132,0.0,0.0
2014-09-24,5.670540752746776,5.788151856196507,5.50672498679145,5.56973123550415,236626,0.0,0.0
2014-09-25,5.58233244004501,5.62853670292129,5.523526686817673,5.557129859924316,93975,0.0,0.0
2014-09-26,5.5277275268764985,5.615935961904589,5.506725442235249,5.536128520965576,29373,0.0,0.0
2014-09-29,5.5445288517648095,5.5445288517648095,5.376512983758559,5.414316654205322,84372,0.0,0.0
2014-09-30,5.515125942175815,5.552929611026612,5.410115928959782,5.5025248527526855,129623,0.0,0.0
2014-10-01,5.540328198709716,5.578131868090605,5.422717094421387,5.422717094421387,75852,0.0,0.0
2014-10-02,5.460520249583215,5.481522330659427,5.246299743652344,5.246299743652344,122062,0.0,0.0
2014-10-03,5.288304783562367,5.502525325049758,5.267302699000211,5.326108455657959,71351,0.0,0.0
2014-10-06,5.4185159937231795,5.4185159937231795,5.237899060986654,5.29250431060791,149383,0.0,0.0
2014-10-07,5.2925048837072595,5.321907559540511,5.120288123677235,5.174893379211426,131209,0.0,0.0
2014-10-08,5.082484854997946,5.212697048472129,5.074083861570495,5.174893379211426,96421,0.0,0.0
2014-10-09,5.174893791440809,5.275703717693621,5.032080096448984,5.040481090545654,119223,0.0,0.0
2014-10-10,5.0236791832788015,5.036280273040557,4.872464904393464,4.889266490936279,588498,0.0,0.0
2014-10-13,4.918669071184821,5.0656832509995,4.544833277180996,4.927069664001465,158567,0.0,0.0
2014-10-14,4.872465273783139,5.036280654849348,4.822060109751973,4.998476982116699,186124,0.0,0.0
2014-10-15,4.990075756653873,5.149691020991483,4.775855238681181,4.872464656829834,226468,0.0,0.0
2014-10-16,4.914469247882326,4.952272922190734,4.641443334337212,4.7380523681640625,260756,0.0,0.0
2014-10-17,4.901867828049706,4.964873680619227,4.7422525475479524,4.906068325042725,138014,0.0,0.0
2014-10-20,5.019478797912598,5.174893577028658,4.868264515670833,5.019478797912598,155341,0.0,0.0
2014-10-21,5.036280372452066,5.309306659888875,4.973274521818187,5.305106163024902,245738,0.0,0.0
2014-10-22,5.317707477781566,5.393314822202813,5.317707477781566,5.359711647033691,156538,0.0,0.0
2014-10-23,5.29250512853792,5.414316734801056,5.28410413472184,5.334508895874023,100653,0.0,0.0
2014-10-24,5.359711170685856,5.544528617690253,5.317707005166878,5.5025248527526855,218615,0.0,0.0
2014-10-27,5.628536608055909,5.7125449399880335,5.296704978784547,5.317707061767578,289433,0.0,0.0
2014-10-28,5.347110255875471,5.426918098830257,5.292505395640873,5.313507080078125,115412,0.0,0.0
2014-10-29,5.3555109877404234,5.359711484654666,5.191695213317871,5.191695213317871,182034,0.0,0.0
2014-10-30,5.284103572311717,5.284103572311717,5.0488813786372475,5.057281970977783,295020,0.0,0.0
2014-10-31,5.208496898844242,5.229498983231001,5.1412905492717655,5.1538920402526855,135894,0.0,0.0
2014-11-03,5.128689327452411,5.170693495149595,5.06148297960206,5.124488830566406,173797,0.0,0.0
2014-11-04,5.074084327581996,5.170693757963371,4.964873806483556,4.998476982116699,273730,0.0,0.0
2014-11-05,5.0404808957534675,5.183294585226179,5.0404808957534675,5.124488830566406,241816,0.0,0.0
2014-11-06,5.158091754912024,5.191694927211275,4.990075893415767,5.036280155181885,302358,0.0,0.0
2014-11-07,5.0362798208817825,5.107686657423175,4.864063474134209,4.88506555557251,243134,0.0,0.0
2014-11-10,4.956473335614505,4.964873929440109,4.788457052706367,4.92287015914917,215068,0.0,0.0
2014-11-11,4.956473374588687,5.027880225284383,4.87246543276477,4.918669700622559,168950,0.0,0.0
2014-11-12,4.948072359542269,4.948072359542269,4.746453300003168,4.780056476593018,125415,0.0,0.0
2014-11-13,4.83886194229126,4.935470968979426,4.72125043078205,4.83886194229126,340239,0.0,0.0
2014-11-14,4.880865626094764,5.061482986629423,4.725450846329692,4.981675148010254,199455,0.0,0.0
2014-11-17,4.990076609172436,5.082485546540853,4.872465489255387,5.053082466125488,174675,0.0,0.0
2014-11-18,5.011077957405401,5.116087970591054,4.990075874651988,5.0740838050842285,382722,0.0,0.0
2014-11-19,5.246300083876337,5.27570315952238,5.082484722137451,5.082484722137451,236459,0.0,0.0
2014-11-20,5.116087698452744,5.116087698452744,4.973274024023869,5.023678779602051,88257,0.0,0.0
2014-11-21,5.040480802670099,5.120288239123216,5.023679216017789,5.0992865562438965,214980,0.0,0.0
2014-11-24,5.128689818922537,5.212697761785757,5.116088727638422,5.158092498779297,232052,0.0,0.0
2014-11-25,5.158092498779297,5.187495579217526,5.01107869891403,5.158092498779297,396971,0.0,0.0
2014-11-26,5.1412904141070594,5.225298348864084,5.132889820922072,5.195895671844482,71643,0.0,0.0
2014-11-27,5.216897242446592,5.284103583640527,5.158091493611203,5.271502494812012,135411,0.0,0.0
2014-11-28,5.271503044579152,5.342909889690104,5.221098283426969,5.334508895874023,130316,0.0,0.0
2014-12-01,5.233698865446371,5.326107785544401,5.233698865446371,5.2673020362854,143490,0.0,0.0
2014-12-02,5.2673024719945225,5.3597113997365815,5.250500885185187,5.342909812927246,102482,0.0,0.0
2014-12-03,5.368112348960178,5.4437196949085385,5.3093069915171895,5.418517112731934,92444,0.0,0.0
2014-12-04,5.4185159937231795,5.452119162631433,5.191694403301776,5.29250431060791,176736,0.0,0.0
2014-12-05,5.405915318269788,5.460520572060157,5.326107886164725,5.4353179931640625,108276,0.0,0.0
2014-12-08,5.342909359943181,5.456319961145629,5.342909359943181,5.4479193687438965,41440,0.0,0.0
2014-12-09,5.326108190264481,5.401715130106819,5.250500849840719,5.275703430175781,119119,0.0,0.0
2014-12-10,5.317706486998415,5.3807127291374215,5.2505001491819066,5.29250431060791,116751,0.0,0.0
2014-12-11,5.2673026663303855,5.300905841188838,5.208496910037374,5.258902072906494,62348,0.0,0.0
2014-12-12,5.212696891861188,5.292504724698562,5.048881530761719,5.048881530761719,128697,0.0,0.0
2014-12-15,5.048881800645943,5.1622924105015935,4.956472873687744,4.956472873687744,191734,0.0,0.0
2014-12-16,4.990076636960479,5.166493518109194,4.910268790421957,5.120288848876953,219053,0.0,0.0
2014-12-17,5.057282218997781,5.141290149430021,5.01947855015792,5.0740838050842285,27856,0.0,0.0
2014-12-18,5.1664929163595525,5.321907693445067,5.057282402543324,5.275703430175781,79601,0.0,0.0
2014-12-19,5.292505372878752,5.401715493459706,5.27570378505234,5.351310729980469,166475,0.0,0.0
2014-12-22,5.351310729980469,5.368112317806881,5.221098524471136,5.351310729980469,67294,0.0,0.0
2014-12-23,5.309306753818853,5.372312605567404,5.229498914317156,5.330308437347412,55171,0.0,0.0
2014-12-29,5.284103318090161,5.330307575193668,5.242099156664158,5.29250431060791,65378,0.0,0.0
2014-12-30,5.24210039250082,5.351310917489954,5.233699798583984,5.233699798583984,32342,0.0,0.0
2015-01-02,5.250500716687011,5.342909641463498,5.250500716687011,5.317707061767578,25492,0.0,0.0
2015-01-05,5.342909698440434,5.376512871339063,5.317707118475753,5.347109794616699,90666,0.0,0.0
2015-01-06,5.37651306379156,5.37651306379156,5.317707308823296,5.334508895874023,59985,0.0,0.0
2015-01-07,5.313506811915255,5.36811206997548,5.2126972896108885,5.334508895874023,140254,0.0,0.0
2015-01-08,5.355511133696111,5.359711630724831,5.2925052805910875,5.326108455657959,89235,0.0,0.0
2015-01-09,5.267302715027884,5.359711647033691,5.267302715027884,5.359711647033691,112321,0.0,0.0
2015-01-12,5.359711420512265,5.380713504250701,5.305106163024902,5.305106163024902,122013,0.0,0.0
2015-01-13,5.2673017336360335,5.342909063970292,5.242099156664158,5.29250431060791,95654,0.0,0.0
2015-01-14,5.225297624952691,5.292504364028937,5.212696536630246,5.250500202178955,39286,0.0,0.0
2015-01-15,5.275703220222568,5.33870906768069,5.12028804874057,5.254701137542725,108824,0.0,0.0
2015-01-16,5.2042958920784,5.342909063970292,5.2042958920784,5.29250431060791,59192,0.0,0.0
2015-01-19,5.271503017077252,5.5361283121817175,5.267302520191126,5.5151262283325195,281930,0.0,0.0
2015-01-20,5.510925917196647,5.649539114459424,5.4143168890480515,5.57393217086792,246803,0.0,0.0
2015-01-21,5.620136031935477,5.641138114981004,5.485723341374368,5.636937618255615,390105,0.0,0.0
2015-01-22,5.641138438923674,5.712545285030159,5.607535264353733,5.645338535308838,197154,0.0,0.0
2015-01-23,5.691543174605713,5.834356866161946,5.67054109045072,5.754549026489258,224237,0.0,0.0
2015-01-26,5.641138578961568,5.838557134315412,5.468922204870092,5.779751777648926,104637,0.0,0.0
2015-01-27,5.788151931960072,5.800753422216406,5.674741323722992,5.775550842285156,79548,0.0,0.0
2015-01-28,5.750348432094449,5.809154186615601,5.561330479065547,5.800753593444824,115022,0.0,0.0
2015-01-29,5.754548741509603,5.86795974998131,5.657939719994964,5.670540809631348,312699,0.0,0.0
2015-01-30,5.569731362856444,5.804953575134277,5.552929776265171,5.804953575134277,445401,0.0,0.0
2015-02-02,5.7293468159536864,5.804953757701565,5.510925782816308,5.615935802459717,268261,0.0,0.0
2015-02-03,5.611735057025861,5.708344479121917,5.611735057025861,5.670540809631348,205941,0.0,0.0
2015-02-04,5.699943759784782,5.699943759784782,5.578132152557373,5.578132152557373,254997,0.0,0.0
2015-02-05,5.544528750346766,5.59493350982666,5.485723397910934,5.59493350982666,220495,0.0,0.0
2015-02-06,5.628537146801429,5.628537146801429,5.531928116646361,5.561330795288086,131463,0.0,0.0
2015-02-09,5.485723324014892,5.502524910281863,5.376512812988879,5.4605207443237305,238118,0.0,0.0
2015-02-10,5.460521176489657,5.578132289666629,5.460521176489657,5.536128520965576,165257,0.0,0.0
2015-02-11,5.6285370916473605,5.6285370916473605,5.426918039082996,5.531928062438965,127170,0.0,0.0
2015-02-12,5.5697314826579305,5.620136243515927,5.502525134847268,5.586533069610596,357656,0.0,0.0
2015-02-13,5.611735558923094,5.662140322558101,5.540328710294802,5.561330795288086,188899,0.0,0.0
2015-02-16,5.519326265795026,5.628536371673734,5.477322101593018,5.477322101593018,172252,0.0,0.0
2015-02-17,5.510925728032886,5.628536836701544,5.443719380222223,5.586533069610596,190797,0.0,0.0
2015-02-18,5.628536605499989,5.674741268157959,5.590733336845397,5.674741268157959,203127,0.0,0.0
2015-02-19,5.603334315320709,5.8217549324035645,5.603334315320709,5.8217549324035645,443479,0.0,0.0
2015-02-20,5.8049533464741145,5.8343564222867075,5.7041438308974115,5.8217549324035645,128587,0.0,0.0
2015-02-23,5.796553365350986,5.859559219088349,5.720946020400992,5.779751777648926,144403,0.0,0.0
2015-02-24,5.7797512814843826,5.817554950714112,5.683141860054916,5.817554950714111,113658,0.0,0.0
2015-02-25,5.754548946260532,5.838556881127849,5.695743592144126,5.834356784820557,93337,0.0,0.0
2015-02-26,5.846957701985827,5.922565041421096,5.809154032268192,5.880560874938965,223141,0.0,0.0
2015-02-27,5.846957734683232,6.090580940246582,5.846957734683232,6.090580940246582,528867,0.0,0.0
2015-03-02,6.09058078767211,6.258596649168431,6.086380290989349,6.241795063018799,315597,0.0,0.0
2015-03-03,6.216593496067798,6.216593496067798,6.103182477957154,6.19979190826416,189526,0.0,0.0
2015-03-04,6.174588814411912,6.199791394318871,6.0275750334624725,6.132585048675537,108580,0.0,0.0
2015-03-05,6.191390304569903,6.25019605638432,6.132584953336896,6.241795063018799,196887,0.0,0.0
2015-03-06,6.250196227568662,6.283799400788271,6.216593054349053,6.266997814178467,109965,0.0,0.0
2015-03-09,6.258596420288085,6.283798998881567,6.182989485670435,6.258596420288086,108767,0.0,0.0
2015-03-10,6.199791202804464,6.258596553135148,6.132584859237165,6.216592788696289,122389,0.0,0.0
2015-03-11,6.1619876289533995,6.275398235318063,6.1619876289533995,6.241795063018799,140958,0.0,0.0
2015-03-12,6.2669973032748905,6.342604637145997,6.241794725124059,6.342604637145996,163615,0.0,0.0
2015-03-13,6.342605875155826,6.4140127265094256,6.2880006123218095,6.3552069664001465,146598,0.0,0.0
2015-03-16,6.367807537133329,6.430813789367676,6.342605356704739,6.430813789367676,138532,0.0,0.0
2015-03-17,6.426613044990343,6.426613044990343,6.287999856225848,6.4140119552612305,118868,0.0,0.0
2015-03-18,6.372008285098651,6.430814042717815,6.317403024576881,6.376208782196045,188808,0.0,0.0
2015-03-19,6.384609124279534,6.5484248993911125,6.359406943850944,6.430813789367676,155216,0.0,0.0
2015-03-20,6.430813059801824,6.430813059801824,6.334203644235256,6.342604637145996,142105,0.0,0.0
2015-03-23,6.342604961649067,6.422412395477295,6.292199802768553,6.422412395477295,108660,0.0,0.0
2015-03-24,6.439213714776956,6.5274221382909445,6.35940628425544,6.443414211273193,167120,0.0,0.0
2015-03-25,6.519022234842259,6.5358238220214835,6.447615389185194,6.535823822021484,157328,0.0,0.0
2015-03-26,6.502219904757587,6.628232002258302,6.342605035248952,6.628232002258301,308543,0.0,0.0
2015-03-27,6.628232021775628,6.653434601582548,6.552625083517701,6.590428352355957,246991,0.0,0.0
2015-03-30,6.6366330692236915,6.800448837847679,6.6366330692236915,6.771046161651611,511673,0.0,0.0
2015-03-31,6.834052200943899,6.9222602319861934,6.796248530164955,6.821450710296631,435510,0.0,0.0
2015-04-01,6.82145072769016,6.897058069440833,6.73324269642295,6.855053901672363,273727,0.0,0.0
2015-04-02,6.796248094213843,6.922259787951954,6.77944610776193,6.8886566162109375,526609,0.0,0.0
2015-04-07,6.855053463914008,6.955862979423001,6.821450292077677,6.92225980758667,207070,0.0,0.0
2015-04-08,6.951662578588524,7.018868923187256,6.850853061690427,7.018868923187256,279363,0.0,0.0
2015-04-09,7.044072078216625,7.044072078216625,6.909659385681152,6.909659385681152,165417,0.0,0.0
2015-04-10,6.9222598457080835,6.972665004321572,6.8172498329959,6.918059349060059,439494,0.0,0.0
2015-04-13,6.8718559662604,6.9642644954564,6.821450804140753,6.846652984619141,134880,0.0,0.0
2015-04-14,6.846652508369261,6.918059349060059,6.7542439856011525,6.918059349060059,276125,0.0,0.0
2015-04-15,6.888657182102343,6.985266208648682,6.859254504558925,6.985266208648682,179184,0.0,0.0
2015-04-16,6.981066487730036,7.031470848719393,6.7626454536751615,6.7752461433410645,144506,0.0,0.0
2015-04-17,6.758444837059706,6.796248507713766,6.468616962432862,6.468616962432861,251150,0.0,0.0
2015-04-20,6.388809964746516,6.5778279304504395,6.3678078795390896,6.5778279304504395,125357,0.0,0.0
2015-04-21,6.531623175026499,6.804649461143306,6.460216331009905,6.472817420959473,195213,0.0,0.0
2015-04-22,6.552625491621995,6.611430847198239,6.4560160636901855,6.4560160636901855,145647,0.0,0.0
2015-04-23,6.468617110766153,6.670236558684046,6.40981175558374,6.531623363494873,187861,0.0,0.0
2015-04-24,6.535823532475754,6.745843162621196,6.519021946040861,6.737442970275879,175007,0.0,0.0
2015-04-27,6.472817418250836,6.594629022596153,6.384608987477922,6.544224262237549,308681,0.0,0.0
2015-04-28,6.523222122418452,6.523222122418452,6.409811512733868,6.514821529388428,283584,0.0,0.0
2015-04-29,6.460215847291748,6.502219610839021,6.233394242276001,6.258596420288086,241429,0.0,0.0
2015-04-30,6.224993269306183,6.418211703875082,6.224993269306183,6.292199611663818,123003,0.0,0.0
2015-05-04,6.292200280143741,6.401410798368063,6.15358708415958,6.279599189758301,199990,0.0,0.0
2015-05-05,6.384608943334215,6.384608943334215,6.149386729953742,6.157787322998047,115184,0.0,0.0
2015-05-06,6.182990070017315,6.275398598903573,6.086380643623492,6.254396915435791,386643,0.0,0.0
2015-05-07,6.258596630770574,6.493819236755372,6.082179776427329,6.493819236755371,474847,0.0,0.0
2015-05-08,6.498020150722868,6.573627092738663,6.317402788110123,6.535823822021484,415766,0.0,0.0
2015-05-11,6.527421989167607,6.527421989167607,6.401409901229112,6.523221492767334,196901,0.0,0.0
2015-05-12,6.607230355666414,6.69543878968513,6.300601285389866,6.384609222412109,199103,0.0,0.0
2015-05-13,6.397210227066083,6.5358238220214835,6.397210227066083,6.535823822021484,208816,0.0,0.0
2015-05-14,6.535824129945908,6.535824129945908,6.447615692953825,6.510621547698975,96832,0.0,0.0
2015-05-15,6.468616354554925,6.577826859385676,6.468616354554925,6.519021511077881,125197,0.0,0.0
2015-05-18,6.583269731865205,6.630384723128105,6.489039340862159,6.587553024291992,75505,0.15,0.0
2015-05-19,6.5318709718536585,6.7588801437149515,6.5318709718536585,6.656083583831787,183294,0.0,0.0
2015-05-20,6.763163838235051,6.797429360234891,6.617535165497108,6.771730422973633,190450,0.0,0.0
2015-05-21,6.703199178701301,6.784580102336585,6.660367479109749,6.728898525238037,95202,0.0,0.0
2015-05-22,6.690350055694579,6.7417483429491005,6.681783878724131,6.69035005569458,22218,0.0,0.0
2015-05-25,6.596119070037559,6.6560839373932605,6.429074753473571,6.531871318817139,117695,0.0,0.0
2015-05-26,6.4933220334190835,6.4933220334190835,6.296295093238524,6.446207046508789,408729,0.0,0.0
2015-05-27,6.450491274601133,6.557571140053841,6.433358512467791,6.549004554748535,109685,0.0,0.0
2015-05-28,6.59611921370231,6.59611921370231,6.4676237084628125,6.4847564697265625,57136,0.0,0.0
2015-05-29,6.4761900928993335,6.553287725301541,6.3562607602004375,6.459057331085205,93330,0.0,0.0
2015-06-01,6.450490893310073,6.5275881141142325,6.262030112506027,6.364826679229736,125191,0.0,0.0
2015-06-02,6.394809313498705,6.4290748357182395,6.296295630759608,6.399092197418213,103091,0.0,0.0
2015-06-03,6.441924580238139,6.4890395731878865,6.369110240284816,6.390526294708252,65716,0.0,0.0
2015-06-04,6.441924781154719,6.4761903059100145,6.330561621461371,6.416225433349609,118966,0.0,0.0
2015-06-05,6.407659079086287,6.407659079086287,6.202065527766434,6.253464221954346,86614,0.0,0.0
2015-06-08,6.253464438098183,6.279163377603128,6.133534692150841,6.193499565124512,55304,0.0,0.0
2015-06-09,6.210631511153071,6.227764271396474,6.013604564115333,6.146383762359619,106317,0.0,0.0
2015-06-10,6.017887716412484,6.296295166015625,6.017887716412484,6.296295166015625,125296,0.0,0.0
2015-06-11,6.339127540588379,6.433357927999602,6.210631632023481,6.339127540588379,193461,0.0,0.0
2015-06-12,6.232048492983961,6.347694539754323,6.202065851728672,6.317712306976318,67019,0.0,0.0
2015-06-15,6.274879815431681,6.274879815431681,6.150667190551758,6.150667190551758,112199,0.0,0.0
2015-06-16,6.197782384891769,6.210631853663651,6.013604895760059,6.159233570098877,261015,0.0,0.0
2015-06-17,6.172083773127758,6.197783122206071,5.9450745582580575,5.945074558258057,236173,0.0,0.0
2015-06-18,5.9536404643194665,5.987905989210841,5.855127182376086,5.936507701873779,132571,0.0,0.0
2015-06-19,5.953639776462231,5.996471881866455,5.893675319068994,5.996471881866455,183325,0.0,0.0
2015-06-22,6.077852958499563,6.309145450592041,5.992189148183325,6.309145450592041,137353,0.0,0.0
2015-06-23,6.424791343472567,6.424791343472567,6.257746621490476,6.339127540588379,134102,0.0,0.0
2015-06-24,6.35626079337564,6.35626079337564,6.180649881744946,6.253464221954346,131923,0.0,0.0
2015-06-25,6.210632291208364,6.394809793315547,6.202065705772087,6.381959915161133,146389,0.0,0.0
2015-06-26,6.304862000915761,6.638951035421407,6.287729240389246,6.561853408813477,299677,0.0,0.0
2015-06-29,6.266313871112333,6.489039782250932,6.193499528813087,6.381959915161133,511046,0.0,0.0
2015-06-30,6.381959444436019,6.484756419702784,6.27059670131933,6.33056116104126,191459,0.0,0.0
2015-07-01,6.356260282495303,6.596118929866505,6.351976990244367,6.561853408813477,185297,0.0,0.0
2015-07-02,6.59611964255355,6.59611964255355,6.296296096706075,6.416225433349609,142859,0.0,0.0
2015-07-03,6.381959442387673,6.39052602718934,6.210631831126798,6.347693920135498,159314,0.0,0.0
2015-07-06,6.137817656653656,6.274879749289586,6.047870556242013,6.129251480102539,282294,0.0,0.0
2015-07-07,6.180650077321416,6.236331657389218,5.88939270726746,5.936507701873779,255778,0.0,0.0
2015-07-08,5.996471674124785,6.0778521814007895,5.906524582673825,6.073569297790527,123566,0.0,0.0
2015-07-09,5.8936751054157765,6.304861750176812,5.8936751054157765,6.296295166015625,454451,0.0,0.0
2015-07-10,6.403375970274547,6.429075318106101,6.2406145232807795,6.381959915161133,141358,0.0,0.0
2015-07-13,6.347694169736963,6.544721134673007,6.262030360738088,6.493322849273682,175986,0.0,0.0
2015-07-14,6.4290746387597,6.4290746387597,6.304862022399902,6.304862022399902,86863,0.0,0.0
2015-07-15,6.390526551833962,6.467624187469482,6.27059721410548,6.467624187469482,107348,0.0,0.0
2015-07-16,6.467623697784971,6.604685787668681,6.4333581753140425,6.570420265197754,172633,0.0,0.0
2015-07-17,6.519021708904735,6.6389510325382535,6.519021708904735,6.596118927001953,72953,0.0,0.0
2015-07-20,6.53187169772028,6.7246153710395244,6.53187169772028,6.7160491943359375,146798,0.0,0.0
2015-07-21,6.638951163952461,6.724614968243497,6.587552881377841,6.651800632476807,90941,0.0,0.0
2015-07-22,6.583269250920898,6.716048447110264,6.531870970986142,6.673216342926025,98517,0.0,0.0
2015-07-23,6.703199193498494,6.733181832603749,6.591836447532823,6.626101970672607,90417,0.0,0.0
2015-07-24,6.651800563348021,6.686066084708331,6.553287291556439,6.6646504402160645,118487,0.0,0.0
2015-07-27,6.621818279265219,6.673216560878685,6.411941860557595,6.510455131530762,116032,0.0,0.0
2015-07-28,6.553287719811526,6.553287719811526,6.411942332844066,6.493322849273682,131385,0.0,0.0
2015-07-29,6.5532872327888345,6.583269461590927,6.416224740099488,6.561853408813477,84639,0.0,0.0
2015-07-30,6.5704197947623575,6.634667542675961,6.433357714692152,6.450490474700928,99946,0.0,0.0
2015-07-31,6.527588359451233,6.578986644744873,6.386242972774407,6.578986644744873,123020,0.0,0.0
2015-08-03,6.531871524223328,6.621818623846805,6.441924424599851,6.5233049392700195,63899,0.0,0.0
2015-08-04,6.549003602168363,6.549003602168363,6.339127194443008,6.514738082885742,648207,0.0,0.0
2015-08-05,6.519022057610356,6.587553103352411,6.450491011868301,6.506172180175781,217535,0.0,0.0
2015-08-06,6.49332264395316,6.578986450243324,6.454773829003274,6.501889228820801,193819,0.0,0.0
2015-08-07,6.497606015543599,6.570420353896606,6.42050838470459,6.42050838470459,422495,0.0,0.0
2015-08-10,6.583269121450983,6.630384108345284,6.480472563603121,6.514738082885742,159775,0.0,0.0
2015-08-11,6.570420006533267,6.587552767094247,6.219198210794542,6.407658576965332,507309,0.0,0.0
2015-08-12,6.3776764270025526,6.381959310837858,6.236331048506537,6.2920122146606445,152515,0.0,0.0
2015-08-13,6.356260506977262,6.50188918083437,6.296295638778086,6.33056116104126,212603,0.0,0.0
2015-08-14,6.364826972955976,6.407659081972776,6.21919870094884,6.236331462860107,98225,0.0,0.0
2015-08-17,6.317711837431841,6.347694067981507,6.206348683279857,6.266313552856445,89302,0.0,0.0
2015-08-18,6.317711487748023,6.339127540588379,6.227764392600318,6.339127540588379,39408,0.0,0.0
2015-08-19,6.3134290141573794,6.433358762223966,6.3091457213384405,6.317712306976318,88882,0.0,0.0
2015-08-20,6.321995269568542,6.321995269568542,6.210632112956841,6.253464221954346,135222,0.0,0.0
2015-08-21,6.184932524847559,6.2962956771196446,6.022171497344971,6.022171497344971,269089,0.0,0.0
2015-08-24,5.902241852179759,5.953640136688352,5.696648714145384,5.83799409866333,237671,0.0,0.0
2015-08-25,5.803728995305563,6.116402017460479,5.803728995305563,6.0949859619140625,371492,0.0,0.0
2015-08-26,6.013604501026085,6.116401061408051,5.923657408572559,6.077852249145508,101126,0.0,0.0
2015-08-27,6.180649957096611,6.210632188674035,6.107835615999492,6.206348896026611,81433,0.0,0.0
2015-08-28,6.1249683962845705,6.167800097454076,6.0393045854682885,6.103552341461182,74384,0.0,0.0
2015-08-31,6.035020817921862,6.137817382812501,5.975055950830371,6.1378173828125,129731,0.0,0.0
2015-09-01,5.992188798643833,6.052153666605933,5.885108939875457,5.953639984130859,115713,0.0,0.0
2015-09-02,5.996472091029108,6.030737613156808,5.8208611880053285,5.953639984130859,236622,0.0,0.0
2015-09-03,6.013604643712567,6.022171228186269,5.915091373128369,5.979339122772217,193302,0.0,0.0
2015-09-04,5.996471753869148,5.996471753869148,5.786595340518262,5.85512638092041,144360,0.0,0.0
2015-09-07,5.880825321961219,5.910807958521223,5.765179293301044,5.769462585449219,51686,0.0,0.0
2015-09-08,5.760896460593589,5.897958960925593,5.760896460593589,5.889392375946045,64410,0.0,0.0
2015-09-09,5.962206840515137,5.987905779043029,5.919374731665633,5.962206840515137,80670,0.0,0.0
2015-09-10,5.846560603554266,5.945074294086801,5.816578371359584,5.902242183685303,37978,0.0,0.0
2015-09-11,5.987905524561116,5.987905524561116,5.782312391166496,5.799445152282715,66581,0.0,0.0
2015-09-14,5.825144970294617,5.84227773279936,5.6623835222609165,5.83371114730835,62674,0.0,0.0
2015-09-15,5.790878768510946,5.867975986533376,5.756612839028805,5.8422770500183105,60719,0.0,0.0
2015-09-16,5.846560416623105,5.855127001820418,5.782312661552319,5.808012008666992,37258,0.0,0.0
2015-09-17,5.760896337651912,5.850843435631369,5.756613045253546,5.799445152282715,46836,0.0,0.0
2015-09-18,5.799444943129753,5.859409809112549,5.709497848394175,5.859409809112549,68481,0.0,0.0
2015-09-21,5.692365500144752,5.84656035579679,5.692365500144752,5.756613254547119,51298,0.0,0.0
2015-09-22,5.739480517194255,5.760896571578458,5.456789743059109,5.602418422698975,181712,0.0,0.0
2015-09-23,5.533887124395743,5.606701460912311,5.422523973431904,5.439656734466553,173503,0.0,0.0
2015-09-24,5.461072311857317,5.461072311857317,5.246912613353109,5.336859703063965,277253,0.0,0.0
2015-09-25,5.362559770540795,5.516754627227782,5.306878192395621,5.516754627227783,273277,0.0,0.0
2015-09-28,5.4482236922601555,5.4482236922601555,5.2297806677537455,5.2640461921691895,109203,0.0,0.0
2015-09-29,5.225497173556908,5.34542650438579,5.148399950834112,5.25547981262207,133025,0.0,0.0
2015-09-30,5.311161322743787,5.358276726384958,5.234064095064448,5.268329620361328,224558,0.0,0.0
2015-10-01,5.2726129954805945,5.3111614056836,5.191232065271687,5.2040815353393555,122005,0.0,0.0
2015-10-02,5.225497243107794,5.319727637109027,5.139833434232702,5.2426300048828125,186194,0.0,0.0
2015-10-05,5.242630037026964,5.499621873705198,5.242630037026964,5.465356349945068,579875,0.0,0.0
2015-10-06,5.47392217337483,5.6366836049699085,5.332576794867016,5.589568614959717,208479,0.0,0.0
2015-10-07,5.5681526848333736,5.718064651277478,5.5681526848333736,5.696648597717285,155546,0.0,0.0
2015-10-08,5.636683844646732,5.915091729664848,5.610984906631062,5.83799409866333,465557,0.0,0.0
2015-10-09,5.880825815522168,5.8979589855528065,5.718064785003662,5.718064785003662,257303,0.0,0.0
2015-10-12,5.7651801356019226,5.81657842345772,5.576719746797331,5.6452507972717285,148221,0.0,0.0
2015-10-13,5.688081883894362,5.696648468515044,5.525320452396533,5.623834133148193,89426,0.0,0.0
2015-10-14,5.679515838623047,5.679515838623047,5.593852032828473,5.679515838623047,42339,0.0,0.0
2015-10-15,5.705214776122795,5.756613059599539,5.653816492646051,5.679515838623047,53804,0.0,0.0
2015-10-16,5.688081751501945,5.7009316281338815,5.551019668579102,5.551019668579102,135968,0.0,0.0
2015-10-19,5.551019801098088,5.653816365744273,5.529603748010823,5.589568614959717,66362,0.0,0.0
2015-10-20,5.636683260762542,5.636683260762542,5.542452878019154,5.6109843254089355,28898,0.0,0.0
2015-10-21,5.572435721155102,5.6281172944618145,5.4867719193283255,5.551019668579102,63027,0.0,0.0
2015-10-22,5.516753877146428,5.581001623244627,5.4482228390477605,5.542452812194824,135188,0.0,0.0
2015-10-23,5.61098418982435,5.636683124556964,5.546736036038409,5.555302619934082,177507,0.0,0.0
2015-10-26,5.576719356063895,5.585285532534363,5.538170540753653,5.546736717224121,81716,0.0,0.0
2015-10-27,5.4824893048057195,5.572436409961464,5.465356542322591,5.525321006774902,73847,0.0,0.0
2015-10-28,5.508188042062097,5.585285674644222,5.486772396102406,5.516754627227783,22880,0.0,0.0
2015-10-29,5.593852259809909,5.593852259809909,5.473922518353876,5.516754627227783,71077,0.0,0.0
2015-10-30,5.491055135922694,5.619551050690736,5.491055135922694,5.581002235412598,85556,0.0,0.0
2015-11-02,5.615267897419925,5.688082237310936,5.555303435258337,5.568152904510498,137358,0.0,0.0
2015-11-03,5.568152775811025,5.593852122198605,5.495338437603008,5.5124711990356445,175022,0.0,0.0
2015-11-04,5.568153152465821,5.610985263183394,5.319727890649374,5.3539934158325195,392549,0.0,0.0
2015-11-05,5.383975027469792,5.486771999643898,5.353992798510847,5.4011077880859375,169050,0.0,0.0
2015-11-06,5.4310910517332385,5.4310910517332385,5.298311835290588,5.3539934158325195,541765,0.0,0.0
2015-11-09,5.371125972107739,5.41395808118004,5.285462162440404,5.362559795379639,596386,0.0,0.0
2015-11-10,5.379692507560223,5.388258684209101,5.2426300048828125,5.2426300048828125,615883,0.0,0.0
2015-11-11,5.336860653240947,5.413958289141665,5.285462365466229,5.3539934158325195,430941,0.0,0.0
2015-11-12,5.379691806155689,5.5081872984764475,5.336859703063964,5.336859703063965,620819,0.0,0.0
2015-11-13,5.503905166294531,5.5081880504065985,5.345426608307352,5.465356349945068,850014,0.0,0.0
2015-11-16,5.362559781406705,5.538170692886479,5.29402832537414,5.44822359085083,429327,0.0,0.0
2015-11-17,5.4996217208632805,5.628117635631323,5.491055135922694,5.581002235412598,480165,0.0,0.0
2015-11-18,5.610984539300095,5.610984539300095,5.465355871820904,5.482488632202148,123747,0.0,0.0
2015-11-19,5.576719481522783,5.619551181793213,5.469639618130815,5.619551181793213,236513,0.0,0.0
2015-11-20,5.576719217596254,5.628117500574627,5.512471057515356,5.559586048126221,220289,0.0,0.0
2015-11-23,5.533887162527963,5.718064651277478,5.533887162527963,5.696648597717285,450994,0.0,0.0
2015-11-24,5.649533636896902,5.722347979569518,5.50390536002895,5.525321006774902,533203,0.0,0.0
2015-11-25,5.533887291946859,5.786595831217192,5.52532070693154,5.718064785003662,404658,0.0,0.0
2015-11-26,5.718064987709047,5.790879329011505,5.670949585409063,5.726631164550781,383789,0.0,0.0
2015-11-27,5.752330298332098,5.885109098025789,5.692365428758565,5.786595821380615,446117,0.0,0.0
2015-11-30,5.816577573647479,5.9022413742248725,5.756612709004694,5.769462585449219,431252,0.0,0.0
2015-12-01,5.786596012142551,5.953640340391572,5.786596012142551,5.8636932373046875,307288,0.0,0.0
2015-12-02,5.816577905381855,5.867976188659668,5.803728436681714,5.867976188659668,268552,0.0,0.0
2015-12-03,5.859409746863031,5.962206308760959,5.7608960686862645,5.773745536804199,257429,0.0,0.0
2015-12-04,5.756612839028805,5.9279408525305834,5.7309139025137386,5.8422770500183105,278535,0.0,0.0
2015-12-07,5.85512717254469,5.987905979156494,5.85512717254469,5.987905979156494,441931,0.0,0.0
2015-12-08,5.987905165511416,5.987905165511416,5.778028752303142,5.923657417297363,418000,0.0,0.0
2015-12-09,5.996472711403367,5.996472711403367,5.752330738866105,5.940791130065918,592947,0.0,0.0
2015-12-10,5.906525159558263,5.923657921104299,5.640967151356073,5.7351975440979,402077,0.0,0.0
2015-12-11,5.709498267161743,5.769463137542709,5.649533396780778,5.722347736358643,376533,0.0,0.0
2015-12-14,5.679516211864515,5.752330553694363,5.503905296325684,5.503905296325684,127461,0.0,0.0
2015-12-15,5.51247143626359,5.713781698118345,5.51247143626359,5.709498405456543,173456,0.0,0.0
2015-12-16,5.842276855626469,5.842276855626469,5.610984392300578,5.632400035858154,224829,0.0,0.0
2015-12-17,5.683798988494069,5.808011605900515,5.679515696192445,5.743763446807861,125146,0.0,0.0
2015-12-18,5.692365792353556,5.718065140520095,5.623834741879159,5.6452507972717285,177628,0.0,0.0
2015-12-21,5.593852594552351,5.67951640894912,5.525321134557649,5.563869953155518,261681,0.0,0.0
2015-12-22,5.5810029688836424,5.65381731653909,5.538171263983401,5.640967845916748,215899,0.0,0.0
2015-12-23,5.610984780004313,5.799445152282714,5.555303204257292,5.799445152282715,400191,0.0,0.0
2015-12-28,5.773746140150236,5.846560481222875,5.760896670689556,5.829427719116211,91403,0.0,0.0
2015-12-29,5.8551267140295,5.919374465942384,5.816577899490871,5.919374465942383,231893,0.0,0.0
2015-12-30,5.893675670832132,5.932224486301267,5.872259616851807,5.872259616851807,89521,0.0,0.0
2015-12-31,5.872259616851807,5.872259616851807,5.872259616851807,5.872259616851807,0,0.0,0.0
2016-01-04,5.855127084994957,5.855127084994957,5.653816823248324,5.726631164550781,239343,0.0,0.0
2016-01-05,5.7608960686862645,5.773745536804198,5.619550693957308,5.773745536804199,165469,0.0,0.0
2016-01-06,5.7608962125012395,5.7608962125012395,5.653816355731784,5.6923651695251465,109973,0.0,0.0
2016-01-07,5.610985234593636,5.653816936615686,5.448223786564375,5.491055488586426,275508,0.0,0.0
2016-01-08,5.533887124395743,5.718064611876151,5.439656734466553,5.439656734466553,211460,0.0,0.0
2016-01-11,5.473922521100852,5.57671950075436,5.366842657339614,5.499621868133545,164490,0.0,0.0
2016-01-12,5.512471540423402,5.5167548331661385,5.396825495710453,5.508188247680664,149519,0.0,0.0
2016-01-13,5.610985013320714,5.69236552988741,5.525320795700281,5.568152904510498,250107,0.0,0.0
2016-01-14,5.559586338889562,5.559586338889562,5.345426611040615,5.44822359085083,205382,0.0,0.0
2016-01-15,5.491054883440009,5.491054883440009,5.276895171499575,5.4011077880859375,392856,0.0,0.0
2016-01-18,5.405391244885454,5.405391244885454,5.16553258895874,5.16553258895874,541475,0.0,0.0
2016-01-19,5.328293819242923,5.439656975133812,5.182665548243984,5.208364486694336,696147,0.0,0.0
2016-01-20,5.174098742124308,5.174098742124308,4.732929838447724,4.771478652954102,627721,0.0,0.0
2016-01-21,4.822876911447093,5.045602804098832,4.7971775657486555,4.994204521179199,731641,0.0,0.0
2016-01-22,5.122700688488749,5.26832936827077,5.011337532363996,5.139833450317383,900348,0.0,0.0
2016-01-25,5.182665350096363,5.225497048701795,5.118417189472344,5.16553258895874,440034,0.0,0.0
2016-01-26,5.216931192085949,5.311161179879038,4.9984881678362685,5.298311710357666,365518,0.0,0.0
2016-01-27,5.353993295879048,5.388258820294492,5.1740990884593305,5.2640461921691895,428137,0.0,0.0
2016-01-28,5.285462485280642,5.311161425511922,5.067019450928315,5.118417739868164,334456,0.0,0.0
2016-01-29,5.1569657258614585,5.272612163657615,5.1441162578209605,5.259762287139893,345800,0.0,0.0
2016-02-01,5.238346642597832,5.285462043209977,5.101284550221967,5.25547981262207,415736,0.0,0.0
2016-02-02,5.1612488934578264,5.225496640586805,4.994204179054384,5.032752990722656,296307,0.0,0.0
2016-02-03,5.0113370169104385,5.02846977697684,4.7629117917090085,4.848575592041016,781027,0.0,0.0
2016-02-04,4.951373317079648,5.002771605128288,4.690098175569128,4.891408443450928,545235,0.0,0.0
2016-02-05,4.925673755976606,5.054169674784493,4.882841646881556,4.934240341186523,564065,0.0,0.0
2016-02-08,5.0113372586804035,5.0113372586804035,4.463088501628297,4.565885066986084,464112,0.0,0.0
2016-02-09,4.621567023275569,4.651549255192408,4.231796374447564,4.373141765594482,557954,0.0,0.0
2016-02-10,4.4716550385760385,4.959939376132539,4.385991227200496,4.784328460693359,901363,0.0,0.0
2016-02-11,4.737213571732957,4.750063041605257,4.531620011389741,4.600151062011719,374498,0.0,0.0
2016-02-12,4.951372832461636,4.951372832461636,4.613000496235154,4.908540725708008,503787,0.0,0.0
2016-02-15,5.015621193287989,5.12270106470022,4.818594213550392,4.981355667114258,759967,0.0,0.0
2016-02-16,4.934239988867388,5.135549825199125,4.891407882830674,5.058452606201172,500872,0.0,0.0
2016-02-17,5.079867905411326,5.204080514301099,5.024186334739743,5.18266487121582,613551,0.0,0.0
2016-02-18,5.225496719898296,5.225496719898296,4.857142174378734,4.882841110229492,398964,0.0,0.0
2016-02-19,4.87855809249245,4.964221890436002,4.741495607305559,4.8100266456604,315631,0.0,0.0
2016-02-22,4.852859607799728,5.028470526785458,4.852859607799728,4.977072238922119,160659,0.0,0.0
2016-02-23,4.981355195014897,5.122700579205094,4.90854085667725,4.947089672088623,157608,0.0,0.0
2016-02-24,4.934240089312544,4.942806265607925,4.707230494564914,4.754345893859863,237630,0.0,0.0
2016-02-25,4.844292981708634,4.9385229631519065,4.792894290132175,4.840009689331055,227781,0.0,0.0
2016-02-26,4.925673278780854,4.977071559629127,4.840009477367067,4.9513726234436035,148108,0.0,0.0
2016-02-29,4.908541174713393,5.075585916160151,4.882841826614937,5.045603275299072,166123,0.0,0.0
2016-03-01,5.1055675960597675,5.135549825199125,5.019903792463578,5.058452606201172,162065,0.0,0.0
2016-03-02,5.092718701095497,5.302595145658207,5.092718701095497,5.268329620361328,289315,0.0,0.0
2016-03-03,5.353993280299165,5.413958152090333,5.285462231667699,5.349709987640381,374881,0.0,0.0
2016-03-04,5.422524243778961,5.44822359085083,5.315444379854488,5.44822359085083,304627,0.0,0.0
2016-03-07,5.33685991233733,5.439656473615764,5.174098486074531,5.259762287139893,351987,0.0,0.0
2016-03-08,5.225496561807246,5.383974689683095,5.182664867192729,5.336859703063965,165678,0.0,0.0
2016-03-09,5.328293808344122,5.401108147933284,5.208364476040846,5.276895523071289,116922,0.0,0.0
2016-03-10,5.311161164621474,5.538170773551444,5.161249598030067,5.383975505828857,772299,0.0,0.0
2016-03-11,5.401107714033317,5.602417954870859,5.401107714033317,5.482488632202148,250149,0.0,0.0
2016-03-14,5.593851430510207,5.593851430510207,5.422523428891565,5.555302619934082,190716,0.0,0.0
2016-03-15,5.58956884176379,5.58956884176379,5.401108057121504,5.426807403564453,120223,0.0,0.0
2016-03-16,5.491055495449327,5.491055495449327,5.353993395243815,5.456789970397949,105270,0.0,0.0
2016-03-17,5.508187441684312,5.508187441684312,5.251196041884044,5.289744853973389,261283,0.0,0.0
2016-03-18,5.388258709083328,5.516754627227782,5.259762790938872,5.516754627227783,260245,0.0,0.0
2016-03-21,5.401107714033317,5.551019673727126,5.401107714033317,5.482488632202148,153795,0.0,0.0
2016-03-22,5.4653557378925965,5.486771789963659,5.33257654183378,5.443939685821533,129891,0.0,0.0
2016-03-23,5.512471298067739,5.512471298067739,5.2726126337017485,5.311161041259766,131131,0.0,0.0
2016-03-24,5.3068781706196075,5.319727639838148,5.182665545567684,5.225497245788574,134653,0.0,0.0
2016-03-29,5.276895680805141,5.276895680805141,5.058453063985359,5.16124963760376,128517,0.0,0.0
2016-03-30,5.268329354486725,5.2811788237052655,5.139833436869534,5.225497245788574,89009,0.0,0.0
2016-03-31,5.14840037367608,5.216931425492518,5.037037210235722,5.152683258056641,139907,0.0,0.0
2016-04-01,5.182665298418548,5.182665298418548,5.00705398791243,5.0113372802734375,139966,0.0,0.0
2016-04-04,5.097001366666425,5.097001366666425,4.977072033274005,4.985638618469238,64369,0.0,0.0
2016-04-05,5.054169261507846,5.054169261507846,4.852859018785762,4.869991779327393,221115,0.0,0.0
2016-04-06,5.007054083829295,5.007054083829295,4.780044894551391,4.79289436340332,120435,0.0,0.0
2016-04-07,4.840009562339958,4.848575738393115,4.702947069194356,4.732929706573486,171956,0.0,0.0
2016-04-08,4.822877002027487,4.865708701026331,4.754345956847534,4.79289436340332,390489,0.0,0.0
2016-04-11,4.840009801680872,5.037036762373352,4.762912171003782,5.015620708465576,361205,0.0,0.0
2016-04-12,4.925673627707495,5.071302304665642,4.840009820225424,4.87855863571167,177445,0.0,0.0
2016-04-13,4.96850614736385,5.225497591103663,4.955656268818893,5.2040815353393555,260975,0.0,0.0
2016-04-14,5.2212142097208485,5.306878431325494,5.161249744770336,5.302595138549805,185351,0.0,0.0
2016-04-15,5.2726121592290465,5.328293323516846,5.238346230354458,5.328293323516846,122903,0.0,0.0
2016-04-18,5.234063609614345,5.379692282857925,5.225497024846019,5.3711256980896,179930,0.0,0.0
2016-04-19,5.38825859528162,5.448223464743159,5.31116096432782,5.375409126281738,161377,0.0,0.0
2016-04-20,5.431090425522117,5.465355946754408,5.332576745621356,5.4011077880859375,251056,0.0,0.0
2016-04-21,5.396825168417326,5.525320675088533,5.289745307206484,5.46107292175293,251518,0.0,0.0
2016-04-22,5.503904684798011,5.576719018537607,5.439656527010424,5.482488632202148,193193,0.0,0.0
2016-04-25,5.4824891944824286,5.525320895589715,5.379692621652218,5.383975505828857,80435,0.0,0.0
2016-04-26,5.4011081810650285,5.53388739185896,5.336860426199191,5.499621868133545,106580,0.0,0.0
2016-04-27,5.491054944237819,5.533887050491043,5.456789422626135,5.486772060394287,55072,0.0,0.0
2016-04-28,5.4867719193283255,5.568152428944457,5.431090346021614,5.551019668579102,134396,0.0,0.0
2016-04-29,5.568152510451281,5.572435802724625,5.379692143673681,5.4011077880859375,133899,0.0,0.0
2016-05-02,5.418241173431598,5.418241173431598,5.225497492157084,5.3539934158325195,160112,0.0,0.0
2016-05-03,5.246913442538607,5.35827660139438,5.186948570429204,5.195515155792236,141931,0.0,0.0
2016-05-04,5.208364486694336,5.26832935720726,5.152682908748891,5.208364486694336,100779,0.0,0.0
2016-05-05,5.208364145762215,5.259762427775723,5.18266520899408,5.212647438049316,163536,0.0,0.0
2016-05-06,5.2083638063090385,5.27689484452723,5.1483993521067255,5.18266487121582,88913,0.0,0.0
2016-05-09,5.311160713023959,5.311160713023959,5.101284292555006,5.17838191986084,103344,0.0,0.0
2016-05-10,5.3068774801055945,5.3068774801055945,5.161248819653334,5.18266487121582,96939,0.0,0.0
2016-05-11,5.178381992829344,5.178381992829344,5.054169374018131,5.1312665939331055,128770,0.0,0.0
2016-05-12,5.191231262485876,5.191231262485876,5.011337075448678,5.019903659820557,147584,0.0,0.0
2016-05-13,5.062735141926782,5.336859703063964,5.002770687771017,5.336859703063965,231599,0.0,0.0
2016-05-16,5.271027741360295,5.42463778783917,5.222749951378634,5.3763604164123535,76090,0.15,0.0
2016-05-17,5.371971702787345,5.48608231540085,5.240305643506752,5.284194469451904,138307,0.0,0.0
2016-05-18,5.249082753227825,5.393915270164867,5.213971865397924,5.354415416717529,80775,0.0,0.0
2016-05-19,5.332471130336733,5.442192761977858,5.266638318773982,5.424637317657471,114508,0.0,0.0
2016-05-20,5.433415351736911,5.459748309437541,5.363193573128812,5.398304462432861,78957,0.0,0.0
2016-05-23,5.486082010875296,5.512415388691627,5.393915816350398,5.402693748474121,95546,0.0,0.0
2016-05-24,5.481692797128727,5.753802402346565,5.407082051667646,5.727469444274902,406714,0.0,0.0
2016-05-25,5.701136172240204,5.784524850958218,5.648469836575852,5.7362470626831055,171636,0.0,0.0
2016-05-26,5.824024646024231,5.824024646024231,5.591414476095616,5.701136112213135,183984,0.0,0.0
2016-05-27,5.687969841455379,5.70552528713514,5.622137024794987,5.6835808753967285,122722,0.0,0.0
2016-05-30,5.661636151642346,5.696747041066886,5.617747749139079,5.692358493804932,53986,0.0,0.0
2016-05-31,5.648469645910449,5.657247577502289,5.503637123083629,5.582636833190918,81398,0.0,0.0
2016-06-01,5.521192601961492,5.5431370125224,5.442192891364153,5.508026123046875,120922,0.0,0.0
2016-06-02,5.5168034399382435,5.652858445733343,5.486081517378461,5.573858737945557,76485,0.0,0.0
2016-06-03,5.477304191017032,5.626525691740129,5.411471372959123,5.4597487449646,124512,0.0,0.0
2016-06-06,5.442192864785516,5.4992481645433005,5.345638128476787,5.398304462432861,62126,0.0,0.0
2016-06-07,5.385137787879068,5.6923582674020885,5.385137787879068,5.6484694480896,224487,0.0,0.0
2016-06-08,5.639692549212642,5.639692549212642,5.490471049573918,5.534359455108643,92878,0.0,0.0
2016-06-09,5.573858840096271,5.604581181773898,5.486081617920505,5.547525882720947,87031,0.0,0.0
2016-06-10,5.481692351326839,5.521192203776807,5.37197072499017,5.420248508453369,257984,0.0,0.0
2016-06-13,5.363193229503871,5.363193229503871,5.143749976136092,5.148138523101807,182149,0.0,0.0
2016-06-14,5.134972816602829,5.218361499802061,4.946251874969279,4.9945292472839355,233119,0.0,0.0
2016-06-15,4.994529310142323,5.148139361379401,4.985751377671992,5.077917575836182,287366,0.0,0.0
2016-06-16,5.069139496135574,5.073528461880871,4.889196086126501,4.933084487915039,173179,0.0,0.0
2016-06-17,5.051584139944476,5.275416374206543,5.047195174122517,5.275416374206543,434661,0.0,0.0
2016-06-20,5.350026810494846,5.604581392193851,5.350026810494846,5.529970645904541,319816,0.0,0.0
2016-06-21,5.398304247694403,5.626525019092362,5.393915282067281,5.587025165557861,255942,0.0,0.0
2016-06-22,5.52997066957115,5.661636299064173,5.503637292539648,5.639692306518555,228483,0.0,0.0
2016-06-23,5.591414441341112,5.780135788227756,5.556303551486131,5.775746822357178,236940,0.0,0.0
2016-06-24,4.976973163268691,5.398304235782304,4.946251241056227,5.354415416717529,432495,0.0,0.0
2016-06-27,5.253472001481228,5.323693780918951,4.770696640014648,4.770696640014648,563079,0.0,0.0
2016-06-28,5.047195659329324,5.099861998591395,4.757530584110506,4.783863544464111,742933,0.0,0.0
2016-06-29,4.906751704596893,4.9330846628930916,4.739974767353269,4.757530212402344,490552,0.0,0.0
2016-06-30,4.840918419452372,4.845307385305935,4.660975005004501,4.770696640014648,522911,0.0,0.0
2016-07-01,4.959417801441818,4.985750758472706,4.744363505285403,4.897973537445068,395090,0.0,0.0
2016-07-04,4.97258409591835,4.976973061445994,4.542475519524148,4.656585693359375,472682,0.0,0.0
2016-07-05,4.639030362965909,4.660974772584643,4.476642401474956,4.494197845458984,466332,0.0,0.0
2016-07-06,4.502976288182229,4.529309247871801,4.318643896135832,4.371310234069824,653229,0.0,0.0
2016-07-07,4.4327543611791755,4.55564247905828,4.428365395187642,4.472253799438477,431283,0.0,0.0
2016-07-08,4.406421123498798,4.69608619124706,4.406421123498798,4.6653642654418945,646275,0.0,0.0
2016-07-11,4.665364232753729,4.788252353668213,4.5556425915842285,4.788252353668213,405726,0.0,0.0
2016-07-12,4.779474493576672,4.95502893930064,4.77508552779487,4.871640682220459,554085,0.0,0.0
2016-07-13,4.871641417512116,4.9067523119563035,4.753141834846825,4.827752590179443,374852,0.0,0.0
2016-07-14,4.867251743208871,5.060361634567352,4.82336292225908,4.981362342834473,345915,0.0,0.0
2016-07-15,4.972584411222588,5.0998614897112,4.9155291114097865,4.981362342834473,287182,0.0,0.0
2016-07-18,4.972584377451213,5.091083942077965,4.911140112249769,5.055973052978516,166581,0.0,0.0
2016-07-19,5.034028791973456,5.086695127184834,4.897973778761275,5.038417339324951,258219,0.0,0.0
2016-07-20,5.095472509491659,5.178861185349414,5.020861765220956,5.152527809143066,279411,0.0,0.0
2016-07-21,5.143750234564357,5.178861123382832,5.064750525445382,5.117416858673096,249132,0.0,0.0
2016-07-22,5.095472533915954,5.134972389137404,5.029639720916748,5.029639720916748,137417,0.0,0.0
2016-07-25,5.1393618474639275,5.1393618474639275,4.981362829991684,5.077917575836182,172319,0.0,0.0
2016-07-26,5.073528714906669,5.117417118883999,4.919918254598932,5.086695194244385,165423,0.0,0.0
2016-07-27,4.990140131605111,5.156917074452275,4.990140131605111,5.0471954345703125,337068,0.0,0.0
2016-07-28,5.05158430311008,5.05158430311008,4.84091854095459,4.84091854095459,245793,0.0,0.0
2016-07-29,4.827752039971568,5.01208442407305,4.818974108083483,4.976973533630371,248847,0.0,0.0
2016-08-01,5.029639729123002,5.091083994962712,4.827751905426606,4.845307350158691,253671,0.0,0.0
2016-08-02,4.893584627536764,4.893584627536764,4.696085773334595,4.700474739074707,342329,0.0,0.0
2016-08-03,4.665363644991462,4.810196159604201,4.621474826631023,4.718029975891113,162004,0.0,0.0
2016-08-04,4.718029955082028,4.79702966036047,4.656585693359375,4.656585693359375,116785,0.0,0.0
2016-08-05,4.656585787540132,4.801418304443359,4.656585787540132,4.801418304443359,130525,0.0,0.0
2016-08-08,4.770696605408622,4.889196171266315,4.770696605408622,4.845307350158691,114541,0.0,0.0
2016-08-09,4.845307375704884,4.880418265354173,4.687308372283084,4.722419261932373,232336,0.0,0.0
2016-08-10,4.682919088624679,4.8058071940571985,4.665363644991462,4.718029975891113,120683,0.0,0.0
2016-08-11,4.718029746401424,4.718029746401424,4.669752383397034,4.674140930175781,77992,0.0,0.0
2016-08-12,4.687308147485795,4.704863591468502,4.660974772234333,4.678530216217041,60716,0.0,0.0
2016-08-16,4.647808358372467,4.665363802598749,4.529308795928955,4.529308795928955,290877,0.0,0.0
2016-08-17,4.529308721441474,4.555642096625231,4.419587092192952,4.445920467376709,342795,0.0,0.0
2016-08-18,4.476642224169647,4.520531041668821,4.393253973186956,4.437142372131348,241500,0.0,0.0
2016-08-19,4.432753892225573,4.441531404725208,4.243154850708845,4.301087856292725,915029,0.0,0.0
2016-08-22,4.337954286221361,4.3976431308556325,4.222088271740742,4.299332141876221,901338,0.0,0.0
2016-08-23,4.31688823622137,4.5380869269121815,4.31337697979976,4.463476181030273,664331,0.0,0.0
2016-08-24,4.463475881816366,4.704863548278809,4.437142506806638,4.704863548278809,700747,0.0,0.0
2016-08-25,4.700474691051315,4.700474691051315,4.524920248788489,4.529308795928955,242122,0.0,0.0
2016-08-26,4.564420006898284,4.564420006898284,4.459087334097901,4.533698081970215,312794,0.0,0.0
2016-08-29,4.520531955402886,4.57319829591446,4.402032375335693,4.402032375335693,155241,0.0,0.0
2016-08-30,4.441531552556189,4.542475670267931,4.4283650740911105,4.432754039764404,161890,0.0,0.0
2016-08-31,4.511753076577952,4.665363518106931,4.4503092348101845,4.647808074951172,339349,0.0,0.0
2016-09-01,4.652197371597896,4.801418439768443,4.652197371597896,4.700474739074707,419410,0.0,0.0
2016-09-02,4.674141585276124,4.744363784790039,4.625864215505461,4.744363784790039,324477,0.0,0.0
2016-09-05,4.7838631706985435,4.7838631706985435,4.6785305004040945,4.757530212402344,191775,0.0,0.0
2016-09-06,4.7619191783033195,4.801418615747618,4.69608594545317,4.757530212402344,154727,0.0,0.0
2016-09-07,4.76191895962223,4.76191895962223,4.660974841309577,4.726808071136475,363772,0.0,0.0
2016-09-08,4.739974725353494,4.836529881545267,4.722419280459974,4.818974018096924,231390,0.0,0.0
2016-09-09,4.801418690877899,4.89358488346642,4.792641177493428,4.854085445404053,226885,0.0,0.0
2016-09-12,4.757530286637207,4.770696765990753,4.590753346791255,4.608308792114258,336301,0.0,0.0
2016-09-13,4.6829193802238445,4.722419235496885,4.608308635498062,4.612697601318359,228154,0.0,0.0
2016-09-14,4.652197387277791,4.652197387277791,4.5073648658044,4.564419746398926,189787,0.0,0.0
2016-09-15,4.529309064315978,4.595142297981631,4.472253762561011,4.5468645095825195,172873,0.0,0.0
2016-09-16,4.50297587167504,4.529308828928919,4.437142641430723,4.454698085784912,167161,0.0,0.0
2016-09-19,4.524920500163253,4.560031390566347,4.450309753417969,4.450309753417969,85835,0.0,0.0
2016-09-20,4.47664286292553,4.47664286292553,4.371310188163716,4.397643566131592,152756,0.0,0.0
2016-09-21,4.459086780880934,4.533697519496661,4.432753825225257,4.437142372131348,188032,0.0,0.0
2016-09-22,4.520531776556013,4.639030933380127,4.450309991985449,4.639030933380127,290252,0.0,0.0
2016-09-23,4.639030794021367,4.639030794021367,4.428365446638165,4.459087371826172,283026,0.0,0.0
2016-09-26,4.441531682510464,4.445920648312174,4.294066031144418,4.318643569946289,454909,0.0,0.0
2016-09-27,4.355509941085679,4.355509941085679,4.167666722450183,4.2817769050598145,397548,0.0,0.0
2016-09-28,4.306355304309471,4.364288320293729,4.26948857323912,4.302844047546387,381899,0.0,0.0
2016-09-29,4.3221543277537195,4.369554404136288,4.22208833694458,4.22208833694458,331467,0.0,0.0
2016-09-30,4.169422090508671,4.276510596115363,4.062333584901977,4.24139928817749,337945,0.0,0.0
2016-10-03,4.257199252317275,4.327421030066496,4.211555013069318,4.278265953063965,160700,0.0,0.0
2016-10-04,4.320398869660144,4.364287689356873,4.239643742777621,4.3555097579956055,416245,0.0,0.0
2016-10-05,4.353754385387027,4.463476017239412,4.285288026839246,4.454698085784912,311843,0.0,0.0
2016-10-06,4.463475973663878,4.520531271896683,4.410809641115476,4.48103141784668,235380,0.0,0.0
2016-10-07,4.467865034283757,4.498586957617752,4.4020318032832915,4.441531658172607,327505,0.0,0.0
2016-10-10,4.481031574480395,4.481031574480395,4.380087452984701,4.476642608642578,152793,0.0,0.0
2016-10-11,4.450309339910073,4.502975670621136,4.441531408847501,4.485420227050781,169334,0.0,0.0
2016-10-12,4.4941980534390265,4.538086874707558,4.4546981980083125,4.476642608642578,200208,0.0,0.0
2016-10-13,4.489809077938223,4.489809077938223,4.364287836263432,4.428365230560303,145150,0.0,0.0
2016-10-14,4.428365342277327,4.489809191205328,4.393254451874232,4.450309753417969,159047,0.0,0.0
2016-10-17,4.476642734979397,4.560031414031982,4.41519888573521,4.560031414031982,248798,0.0,0.0
2016-10-18,4.53369770665117,4.595141969975523,4.485420340252978,4.507364749908447,168000,0.0,0.0
2016-10-19,4.542475630331159,4.546864177411066,4.459086957490929,4.494197845458984,213097,0.0,0.0
2016-10-20,4.507364840337357,4.652197360992432,4.4766424987814135,4.652197360992432,321053,0.0,0.0
2016-10-21,4.608308223212019,4.70047440441845,4.608308223212019,4.647808074951172,142030,0.0,0.0
2016-10-24,4.634641765418637,4.718030018796038,4.634641765418637,4.691696643829346,191114,0.0,0.0
2016-10-25,4.66975294642852,4.687308391324481,4.542475866294102,4.586364269256592,223228,0.0,0.0
2016-10-26,4.546864582786313,4.6434197425842285,4.5380870692891415,4.6434197425842285,84685,0.0,0.0
2016-10-27,4.546864633762294,4.687308618285133,4.546864633762294,4.630253314971924,124593,0.0,0.0
2016-10-28,4.625863955949736,4.6565858787568315,4.542475700378418,4.542475700378418,82405,0.0,0.0
2016-10-31,4.542476276765442,4.599531163916843,4.485420971059183,4.502976417541504,87155,0.0,0.0
2016-11-01,4.48542033274437,4.560031074315186,4.481031367109663,4.494197845458984,51495,0.0,0.0
2016-11-02,4.432754563133902,4.454698556981663,4.3730657111722095,4.406421184539795,143633,0.0,0.0
2016-11-03,4.388865717321957,4.4634764680008185,4.344976892726797,4.35024356842041,123736,0.0,0.0
2016-11-04,4.450309765591133,4.450309765591133,4.274754894540625,4.37306547164917,219431,0.0,0.0
2016-11-07,4.4590873200187096,4.502976142824378,4.406420983784807,4.472253799438477,55359,0.0,0.0
2016-11-08,4.428365439330192,4.472253844018512,4.381843487598767,4.4108099937438965,74323,0.0,0.0
2016-11-09,4.283532800038119,4.415198847875672,4.211555181970198,4.3888654708862305,194937,0.0,0.0
2016-11-10,4.38886549414658,4.560031399098035,4.38886549414658,4.498587131500244,306866,0.0,0.0
2016-11-11,4.467865185956594,4.639030671547853,4.467865185956594,4.634642124176025,227432,0.0,0.0
2016-11-14,4.5819752253264765,4.783863047467681,4.542475788899671,4.687308311462402,215587,0.0,0.0
2016-11-15,4.687308777239924,4.687308777239924,4.581975680637056,4.625864505767822,270821,0.0,0.0
2016-11-16,4.652197553841791,4.669752998935145,4.533697985545535,4.573197841644287,130530,0.0,0.0
2016-11-17,4.595142403085984,4.595142403085984,4.441531939574104,4.52053165435791,107987,0.0,0.0
2016-11-18,4.564419937950612,4.564419937950612,4.388865485935138,4.450309753417969,163141,0.0,0.0
2016-11-21,4.4766424958663515,4.4766424958663515,4.393254239822655,4.454698085784912,138063,0.0,0.0
2016-11-22,4.45469836809251,4.533698081970215,4.450309820641953,4.533698081970215,123460,0.0,0.0
2016-11-23,4.538086891174316,4.573197780894616,4.410809811299527,4.538086891174316,117961,0.0,0.0
2016-11-24,4.608308618576528,4.608308618576528,4.524920361071167,4.551253318786621,33262,0.0,0.0
2016-11-25,4.529308741009116,4.538086672293224,4.467864896239563,4.507364749908447,75777,0.0,0.0
2016-11-28,4.5205316332969545,4.5205316332969545,4.393254548157601,4.4108099937438965,65590,0.0,0.0
2016-11-29,4.46786493934828,4.5380867160794836,4.380087299879471,4.48103141784668,87309,0.0,0.0
2016-11-30,4.564419720609518,4.652197360992432,4.454698088685685,4.652197360992432,159359,0.0,0.0
2016-12-01,4.577586997109395,4.801418826679587,4.577586997109395,4.7399749755859375,243837,0.0,0.0
2016-12-02,4.63464216937618,4.726808361960659,4.608308792114258,4.608308792114258,175342,0.0,0.0
2016-12-05,4.625863985166595,4.810196360283019,4.4766424987814135,4.652197360992432,160355,0.0,0.0
2016-12-06,4.72241919407768,4.871640682220459,4.6039196292978914,4.871640682220459,329355,0.0,0.0
2016-12-07,4.871640870409015,5.0252509117126465,4.832141013956563,5.0252509117126465,333310,0.0,0.0
2016-12-08,5.047195235557564,5.165694802863926,4.9594180108240495,5.113028049468994,191102,0.0,0.0
2016-12-09,5.152527869699624,5.152527869699624,4.915529155276357,4.955029010772705,151552,0.0,0.0
2016-12-12,4.955029122464989,5.0559732464038145,4.9243071979663515,4.976973533630371,113439,0.0,0.0
2016-12-13,5.038417653418664,5.04719558577852,4.911140564084704,4.9945292472839355,97595,0.0,0.0
2016-12-14,5.073528577261749,5.073528577261749,4.9199181211214675,4.955029010772705,65751,0.0,0.0
2016-12-15,4.91552918033096,5.064750671386719,4.91552918033096,5.064750671386719,143598,0.0,0.0
2016-12-16,4.990140343907158,5.077917575836182,4.950640484900383,5.077917575836182,132380,0.0,0.0
2016-12-19,5.086694766722739,5.086694766722739,4.889195919036866,4.889195919036865,137066,0.0,0.0
2016-12-20,4.871640609298273,5.051584018110522,4.871640609298273,5.007695198059082,129698,0.0,0.0
2016-12-21,4.928695919994542,5.082306385040283,4.928695919994542,5.082306385040283,143490,0.0,0.0
2016-12-22,5.077916860773943,5.170083045959472,5.05158390418082,5.170083045959473,207221,0.0,0.0
2016-12-23,5.1700836142572015,5.178861546456315,5.047195493353516,5.082306385040283,76050,0.0,0.0
2016-12-27,5.099861673582101,5.134972564185898,5.082306228280203,5.086695194244385,38407,0.0,0.0
2016-12-28,5.1261947610650855,5.1261947610650855,4.9857507880333625,5.007695198059082,204570,0.0,0.0
2016-12-29,4.976973119740361,5.042805929206955,4.968195188582257,5.012084007263184,36005,0.0,0.0
2016-12-30,5.012084007263184,5.051583860365059,4.976973119740361,5.012084007263184,78461,0.0,0.0
2017-01-02,4.968195931286187,5.082306542071347,4.968195931286187,5.077917575836182,84103,0.0,0.0
2017-01-03,5.042806022509312,5.23152736035232,5.042806022509312,5.156916618347168,228992,0.0,0.0
2017-01-04,5.152527765222952,5.1920276199183695,5.10863936332623,5.178861141204834,172810,0.0,0.0
2017-01-05,5.200805437840129,5.24030487311803,5.1086392517487536,5.156916618347168,223737,0.0,0.0
2017-01-06,5.178861141204834,5.218360995900253,5.10863936332623,5.178861141204834,68461,0.0,0.0
2017-01-09,5.205193933382804,5.209582898999583,4.981362128139435,4.985750675201416,143325,0.0,0.0
2017-01-10,5.126194876063092,5.126194876063092,4.946251463214099,5.029639720916748,217100,0.0,0.0
2017-01-11,4.976973690508656,5.042806507525077,4.950640312569182,4.9725847244262695,126011,0.0,0.0
2017-01-12,4.9989177184300635,5.047195085963899,4.933084487915039,4.933084487915039,53922,0.0,0.0
2017-01-13,4.963806534567347,5.174471855163574,4.963806534567347,5.174471855163574,119700,0.0,0.0
2017-01-16,5.174472124520273,5.205194047401086,4.994528715838693,5.192027568817139,336658,0.0,0.0
2017-01-17,5.17886125336149,5.253471998612028,5.0910840291122765,5.2008056640625,292245,0.0,0.0
2017-01-18,5.249083016133421,5.2534719819706845,5.113028005062003,5.139361381530762,200965,0.0,0.0
2017-01-19,5.2227495307702645,5.350026607513429,5.108639351264361,5.350026607513428,277382,0.0,0.0
2017-01-20,5.371971086177416,5.429026385935201,5.306138273371027,5.398304462432861,183828,0.0,0.0
2017-01-23,5.39830418480699,5.39830418480699,5.288582556735933,5.367581844329834,196051,0.0,0.0
2017-01-24,5.3719713094901795,5.477303981781006,5.341249384710729,5.477303981781006,235811,0.0,0.0
2017-01-25,5.415860079397994,5.538748195872025,5.407082147515292,5.455359935760498,298347,0.0,0.0
2017-01-26,5.51680388321066,5.547526226793771,5.415860176086426,5.415860176086426,245355,0.0,0.0
2017-01-27,5.393915412563837,5.486081600189208,5.371971002452119,5.486081600189209,131987,0.0,0.0
2017-01-30,5.46852625901238,5.46852625901238,5.200805622550476,5.26224946975708,173154,0.0,0.0
2017-01-31,5.178861526912669,5.284194201575474,5.099861811638145,5.26663875579834,309758,0.0,0.0
2017-02-01,5.275416128377651,5.380748791867354,5.235916274930312,5.354415416717529,158170,0.0,0.0
2017-02-02,5.279804991140412,5.38513807948319,5.279804991140412,5.358804702758789,90598,0.0,0.0
2017-02-03,5.336860461951051,5.424637689571003,5.336860461951051,5.415860176086426,121448,0.0,0.0
2017-02-06,5.310527360648972,5.411471065068459,5.2051942717725534,5.235916614532471,152276,0.0,0.0
2017-02-07,5.328082576033957,5.328082576033957,5.113027860203838,5.192027568817139,164886,0.0,0.0
2017-02-08,5.187638333062142,5.187638333062142,5.02525037713052,5.174471855163574,188240,0.0,0.0
2017-02-09,5.310527360648972,5.310527360648972,5.060361745441656,5.235916614532471,341546,0.0,0.0
2017-02-10,5.266638329978477,5.297360252965812,5.205194065448996,5.253471851348877,96766,0.0,0.0
2017-02-13,5.284194214502454,5.350027031689046,5.266638768682373,5.328083038330078,154182,0.0,0.0
2017-02-14,5.275416452662718,5.4070820808410645,5.275416452662718,5.4070820808410645,112115,0.0,0.0
2017-02-15,5.415860367850249,5.5299709770740115,5.249083420189716,5.288583278656006,398172,0.0,0.0
2017-02-16,5.257860823632352,5.393915842321273,5.257860823632352,5.26663875579834,453576,0.0,0.0
2017-02-17,5.2315277676583625,5.328082926927397,5.2315277676583625,5.306138515472412,234913,0.0,0.0
2017-02-20,5.345638060322486,5.389526462115584,5.284193795546376,5.350026607513428,119835,0.0,0.0
2017-02-21,5.292971687440224,5.332471123192067,5.192027568817139,5.192027568817139,213788,0.0,0.0
2017-02-22,5.257860503940946,5.319304769702368,5.130583425156786,5.26224946975708,119951,0.0,0.0
2017-02-23,5.266638575444152,5.266638575444152,5.161305904388428,5.161305904388428,88803,0.0,0.0
2017-02-24,5.082306542071347,5.143750813699093,4.994529310142323,5.077917575836182,159298,0.0,0.0
2017-02-27,5.073528678508658,5.161305904388428,5.055973233332704,5.161305904388428,59980,0.0,0.0
2017-02-28,5.170083158807354,5.192027568817139,5.126194757342593,5.192027568817139,50619,0.0,0.0
2017-03-01,5.139361929809711,5.323694329091569,5.139361929809711,5.284194469451904,175435,0.0,0.0
2017-03-02,5.310527527133706,5.319305040658267,5.249083258242423,5.2798051834106445,160975,0.0,0.0
2017-03-03,5.266638710145252,5.306138567440116,5.235916784940287,5.292972087860107,224902,0.0,0.0
2017-03-06,5.306138515472412,5.323693960925433,5.271027624566369,5.306138515472412,239637,0.0,0.0
2017-03-07,5.310527263672576,5.310527263672576,5.240305066185694,5.275416374206543,110471,0.0,0.0
2017-03-08,5.2885831676584685,5.301749647352608,5.244694343938211,5.26663875579834,189254,0.0,0.0
2017-03-09,5.279804975315011,5.301749386093766,5.2403051196242165,5.297360420227051,159737,0.0,0.0
2017-03-10,5.310527378223521,5.371971226837045,5.275416488000128,5.3324713706970215,191752,0.0,0.0
2017-03-13,5.3675821203757055,5.398304462432861,5.319304752221341,5.398304462432861,130180,0.0,0.0
2017-03-14,5.35441556261102,5.429026305921203,5.3017492294311515,5.301749229431152,141190,0.0,0.0
2017-03-15,5.279804940551034,5.40708201996399,5.279804940551034,5.371971130371094,190564,0.0,0.0
2017-03-16,5.4246372925012905,5.529970376489953,5.398304335420229,5.512414932250977,243501,0.0,0.0
2017-03-17,5.529970705805668,5.565081596374512,5.464137472072963,5.565081596374512,209803,0.0,0.0
2017-03-20,5.565081509085547,5.652858734130859,5.521192687285478,5.652858734130859,213007,0.0,0.0
2017-03-21,5.666025318511572,5.749413997769921,5.591414571198242,5.6616363525390625,315826,0.0,0.0
2017-03-22,5.521192671760329,5.613358862437449,5.494859713598194,5.591414451599121,216858,0.0,0.0
2017-03-23,5.6001922540903815,5.749413742080833,5.521192544317833,5.705524921417236,341156,0.0,0.0
2017-03-24,5.758191511160107,5.758191511160107,5.648469873176367,5.6616363525390625,180320,0.0,0.0
2017-03-27,5.639692463367572,5.71869175954952,5.604581572052298,5.635303497314453,190035,0.0,0.0
2017-03-28,5.6396923597861806,5.784524888440331,5.626525461868653,5.6616363525390625,331379,0.0,0.0
2017-03-29,5.674803181433452,5.714303037595932,5.578248023986817,5.578248023986816,208668,0.0,0.0
2017-03-30,5.5299706630290775,5.63969229984668,5.5299706630290775,5.626525402069092,123527,0.0,0.0
2017-03-31,5.626525038433355,5.6484694480896,5.543136784005387,5.6484694480896,104296,0.0,0.0
2017-04-03,5.652858761564358,5.652858761564358,5.521192714079997,5.529970645904541,118958,0.0,0.0
2017-04-04,5.569470189172166,5.578248121163335,5.46852648260273,5.538748264312744,139575,0.0,0.0
2017-04-05,5.608969728966578,5.608969728966578,5.529970438285794,5.547525882720947,109882,0.0,0.0
2017-04-06,5.573859471907282,5.573859471907282,5.459748860866656,5.4948601722717285,125156,0.0,0.0
2017-04-07,5.499248150315041,5.569469928741455,5.486081671498792,5.569469928741455,65204,0.0,0.0
2017-04-10,5.569470137188695,5.573859103143315,5.442193054388547,5.551914691925049,63731,0.0,0.0
2017-04-11,5.573858707071352,5.573858707071352,5.45097059895811,5.464137077331543,130793,0.0,0.0
2017-04-12,5.534359229930674,5.534359229930674,5.389526702304717,5.455359935760498,110508,0.0,0.0
2017-04-13,5.371971443602858,5.3983048216104015,5.3017496603225345,5.328083038330078,114663,0.0,0.0
2017-04-18,5.36319371355861,5.36319371355861,5.253472076971801,5.3324713706970215,174575,0.0,0.0
2017-04-19,5.3105275029424845,5.424637689571003,5.3105275029424845,5.415860176086426,198192,0.0,0.0
2017-04-20,5.415859951639624,5.4202489174774415,5.328082727657382,5.371971130371094,173883,0.0,0.0
2017-04-21,5.4158601541925036,5.4158601541925036,5.262249692562441,5.306138515472412,238603,0.0,0.0
2017-04-24,5.450971108631842,5.635303497314453,5.3631938803436565,5.635303497314453,420363,0.0,0.0
2017-04-25,5.661636374739103,5.784524911122234,5.6133590045166954,5.771358013153076,120922,0.0,0.0
2017-04-26,5.7055251751544915,5.758191511160107,5.652858839148877,5.6616363525390625,200312,0.0,0.0
2017-04-27,5.692358528785235,5.701136041917899,5.600192338840738,5.617747783660889,128606,0.0,0.0
2017-04-28,5.556303621474599,5.65285877906944,5.556303621474599,5.626525402069092,172948,0.0,0.0
2017-05-02,5.679191692367041,5.696747137376104,5.604581364994644,5.652858734130859,106997,0.0,0.0
2017-05-03,5.670414298931004,5.7274696010544925,5.670414298931004,5.723080635070801,145157,0.0,0.0
2017-05-04,5.701136172240204,5.749413960515316,5.683580727018754,5.7362470626831055,324571,0.0,0.0
2017-05-05,5.731858521890912,5.749413967132568,5.630914397835267,5.749413967132568,326767,0.0,0.0
2017-05-08,5.740636094765849,5.819635808449958,5.648469901652665,5.784524917602539,325490,0.0,0.0
2017-05-09,5.749413657708859,5.8547463234899695,5.723080281986177,5.793302059173584,259450,0.0,0.0
2017-05-10,5.788913178412293,5.7933021441896155,5.674802998085607,5.705524921417236,129586,0.0,0.0
2017-05-11,5.740635748405281,5.745024714135109,5.60019219348925,5.670413970947266,145125,0.0,0.0
2017-05-12,5.749414005580938,5.995190240607716,5.714303114862827,5.955690383911133,491460,0.0,0.0
2017-05-15,6.14867802896462,6.1980472512608085,5.955690612770787,5.991595268249512,336014,0.15,0.0
2017-05-16,5.933250218760575,6.153166345118785,5.933250218760575,6.1217498779296875,333310,0.0,0.0
2017-05-17,6.04096392994119,6.171118410199248,5.987106947905157,6.014035224914551,424276,0.0,0.0
2017-05-18,6.01403527049632,6.220487250541151,5.924273633089275,6.166630268096924,472046,0.0,0.0
2017-05-19,6.184582595578332,6.22946362829048,6.112773285652696,6.166630268096924,194428,0.0,0.0
2017-05-22,6.229463627184873,6.229463627184873,6.103797334837312,6.198047161102295,205679,0.0,0.0
2017-05-23,6.139702104738943,6.2833207272535,6.12623753786526,6.184582710266113,204335,0.0,0.0
2017-05-24,6.1531659981533045,6.233951684103932,6.148677809374438,6.220487117767334,107060,0.0,0.0
2017-05-25,6.265368283253299,6.265368283253299,6.121749663402025,6.166630268096924,146243,0.0,0.0
2017-05-26,6.1666305687608105,6.207023414567711,6.036476081170393,6.09930944442749,293194,0.0,0.0
2017-05-29,6.045452399361162,6.117261712075327,6.018523693084717,6.018523693084717,116501,0.0,0.0
2017-05-30,6.058916274204501,6.090332740142264,5.91978541587666,5.973642826080322,192245,0.0,0.0
2017-05-31,6.014035339396658,6.094821027997153,5.924273700961249,6.03198766708374,185802,0.0,0.0
2017-06-01,6.014035534076928,6.099309414363907,6.0050595839514544,6.0589165687561035,156146,0.0,0.0
2017-06-02,6.103797335920616,6.2025349230597415,6.099309147045951,6.166630268096924,132977,0.0,0.0
2017-06-05,6.126237377827264,6.1666302213586,5.996082897569206,6.014035224914551,103487,0.0,0.0
2017-06-06,6.036475641712628,6.139701843261719,5.996082798846342,6.139701843261719,174561,0.0,0.0
2017-06-07,6.103797385584934,6.274344284037372,5.946714197831539,6.135213851928711,366176,0.0,0.0
2017-06-08,6.148677760760165,6.283320426940918,6.148677760760165,6.283320426940918,344001,0.0,0.0
2017-06-09,6.283320738895727,6.323713583557104,6.135213927148851,6.2967848777771,469205,0.0,0.0
2017-06-12,6.323713570128246,6.323713570128246,6.1397021030769645,6.215999603271484,148206,0.0,0.0
2017-06-13,6.233951867888481,6.2429278176935945,6.126237474106345,6.135213851928711,105329,0.0,0.0
2017-06-14,6.090333015127797,6.184582845213823,6.027500080415291,6.130725860595703,102887,0.0,0.0
2017-06-15,6.126237869262695,6.139702436864741,6.049940364920226,6.126237869262695,148958,0.0,0.0
2017-06-16,6.085845107985443,6.193559074635776,6.018523557816042,6.103797435760498,190577,0.0,0.0
2017-06-19,6.0723802958949005,6.332689252128691,6.0723802958949005,6.323713302612305,299799,0.0,0.0
2017-06-20,6.34615371773672,6.364106044501887,6.2025346755981445,6.2025346755981445,296077,0.0,0.0
2017-06-21,6.2025353791705715,6.238440036773682,6.157654771175324,6.238440036773682,97547,0.0,0.0
2017-06-22,6.189071239573725,6.238440036773682,6.17111891077217,6.238440036773682,52441,0.0,0.0
2017-06-23,6.175606904238943,6.274344495509335,6.166630526114035,6.2429280281066895,107691,0.0,0.0
2017-06-26,6.260880272606458,6.328201823591114,6.211511477631518,6.265368461608887,155022,0.0,0.0
2017-06-27,6.256391868733047,6.341665744781494,6.207023075453641,6.341665744781494,147020,0.0,0.0
2017-06-28,6.287808566954436,6.346153736114502,6.251903913320125,6.346153736114502,95571,0.0,0.0
2017-06-29,6.3461541824641685,6.431427633838964,6.247416164016566,6.305761337280273,184821,0.0,0.0
2017-06-30,6.274344000828645,6.4134748546745275,6.256391674011488,6.346153736114502,211988,0.0,0.0
2017-07-03,6.444891484344606,6.561581825647576,6.4134750186158245,6.5167012214660645,222270,0.0,0.0
2017-07-04,6.534653306520323,6.714176572626419,6.5167009799097135,6.7052001953125,249858,0.0,0.0
2017-07-05,6.72315282353208,6.72315282353208,6.453867912292481,6.4538679122924805,155428,0.0,0.0
2017-07-06,6.453867862728323,6.561581826396946,6.4134750193482795,6.485284328460693,131560,0.0,0.0
2017-07-07,6.5526062737228195,6.5526062737228195,6.444891875511624,6.507725238800049,93826,0.0,0.0
2017-07-10,6.48079645115584,6.525677485517063,6.444891794873766,6.498748779296875,70568,0.0,0.0
2017-07-11,6.444892176418606,6.534654250455069,6.440404415130615,6.440404415130615,46698,0.0,0.0
2017-07-12,6.489772910434395,6.561582223897012,6.449380064607356,6.507725238800049,137052,0.0,0.0
2017-07-13,6.557093687930015,6.557093687930015,6.444891534575871,6.4538679122924805,124799,0.0,0.0
2017-07-14,6.42693943444427,6.516701502715759,6.417963484427479,6.489772796630859,69440,0.0,0.0
2017-07-17,6.489772218036458,6.489772218036458,6.328201279983676,6.400010585784912,194389,0.0,0.0
2017-07-18,6.359617744267411,6.404498774401796,6.301272576299601,6.400010585784912,146108,0.0,0.0
2017-07-19,6.373082583460921,6.435915946960449,6.3506420659241405,6.435915946960449,87951,0.0,0.0
2017-07-20,6.382058505937214,6.444891436932546,6.251904027139001,6.33268928527832,151758,0.0,0.0
2017-07-21,6.287808698235306,6.292296887037611,6.189070684670817,6.260879993438721,87470,0.0,0.0
2017-07-24,6.220487469727254,6.386546611785888,6.211511519678896,6.386546611785889,39275,0.0,0.0
2017-07-25,6.3865463634696455,6.453867912292481,6.30576110410639,6.4538679122924805,78097,0.0,0.0
2017-07-26,6.471819891586149,6.471819891586149,6.328201279983676,6.400010585784912,102813,0.0,0.0
2017-07-27,6.400010993961432,6.503236770629882,6.400010993961432,6.503236770629883,110674,0.0,0.0
2017-07-28,6.49874854997359,6.507724927735989,6.417963290198252,6.462843894958496,75059,0.0,0.0
2017-07-31,6.449379818967002,6.54362964630127,6.431427491285106,6.5436296463012695,73872,0.0,0.0
2017-08-01,6.516701072972252,6.516701072972252,6.422451249916299,6.426939010620117,82091,0.0,0.0
2017-08-02,6.48079645115584,6.498748779296876,6.417963516670844,6.498748779296875,58484,0.0,0.0
2017-08-03,6.422451786067509,6.507725238800049,6.417963596971778,6.507725238800049,89205,0.0,0.0
2017-08-04,6.521189096928544,6.579534268605862,6.462843925251227,6.534653663635254,111663,0.0,0.0
2017-08-07,6.566069866764875,6.642367362976074,6.525677024298094,6.642367362976074,135239,0.0,0.0
2017-08-08,6.642367668485822,6.839843273162841,6.624415340787912,6.839843273162842,259810,0.0,0.0
2017-08-09,6.750081607996966,6.7859862632508925,6.642367642235187,6.64685583114624,134136,0.0,0.0
2017-08-10,6.673784383186668,6.750081885745015,6.507725238800049,6.507725238800049,144669,0.0,0.0
2017-08-11,6.462843912110511,6.521189083669197,6.3730822743345525,6.422451496124268,143802,0.0,0.0
2017-08-14,6.449379849708033,6.597486660793941,6.449379849708033,6.584022521972656,35108,0.0,0.0
2017-08-16,6.642367851461504,6.7321294924237,6.633391473356651,6.723153114318848,76204,0.0,0.0
2017-08-17,6.777010179460737,6.777010179460737,6.6019746675454565,6.669295787811279,60526,0.0,0.0
2017-08-18,6.69622484549823,6.69622484549823,6.557093980797333,6.570558547973633,102588,0.0,0.0
2017-08-21,6.431427201214685,6.642367362976074,6.426939012492324,6.642367362976074,67338,0.0,0.0
2017-08-22,6.606463577309191,6.633391857147216,6.521189692448433,6.633391857147217,51871,0.0,0.0
2017-08-23,6.597486565273725,6.619927081662471,6.462843894958496,6.462843894958496,39223,0.0,0.0
2017-08-24,6.525677401781056,6.543629729691732,6.467332229067043,6.521189212799072,37280,0.0,0.0
2017-08-25,6.543629696814579,6.552606074733447,6.453868057712188,6.512213230133057,31096,0.0,0.0
2017-08-28,6.507725398942012,6.507725398942012,6.382059097290039,6.382059097290039,43157,0.0,0.0
2017-08-29,6.408986815421303,6.408986815421303,6.314736990429053,6.373082160949707,75747,0.0,0.0
2017-08-30,6.4134751195715145,6.426939258236185,6.314737103990345,6.3910346031188965,40467,0.0,0.0
2017-08-31,6.301272996345085,6.435915667706351,6.301272996345085,6.431427478790283,101610,0.0,0.0
2017-09-01,6.4538679452133465,6.4897726002284415,6.391034584928307,6.462843894958496,65184,0.0,0.0
2017-09-04,6.444891337462379,6.467331853050327,6.337177376260913,6.458355903625488,31110,0.0,0.0
2017-09-05,6.422451479079451,6.49426078910964,6.417963290198252,6.462843894958496,51755,0.0,0.0
2017-09-06,6.404499457701855,6.525677567165703,6.395523079510393,6.507725238800049,63646,0.0,0.0
2017-09-07,6.57953400297283,6.588510380414903,6.3910343568616454,6.458355903625488,29839,0.0,0.0
2017-09-08,6.413475355054937,6.570558547973633,6.323713713965939,6.570558547973633,57680,0.0,0.0
2017-09-11,6.512213602352247,6.588511106954538,6.49874903470435,6.575046539306641,64634,0.0,0.0
2017-09-12,6.597486954352356,6.812915325164794,6.5436299686535655,6.812915325164795,183488,0.0,0.0
2017-09-13,6.812914981640413,6.812914981640413,6.709688776576367,6.759057998657227,109692,0.0,0.0
2017-09-14,6.812914783114199,6.812914783114199,6.624415134157244,6.732129096984863,59597,0.0,0.0
2017-09-15,6.741105228769653,6.768033504486084,6.660319545585908,6.768033504486084,97606,0.0,0.0
2017-09-18,6.768033504486084,6.777009881736379,6.68724782130234,6.768033504486084,91422,0.0,0.0
2017-09-19,6.7770106680322675,6.812915325164794,6.714177304041707,6.812915325164795,82771,0.0,0.0
2017-09-20,6.7770108611800515,6.812915519335878,6.642368179087062,6.696225166320801,75869,0.0,0.0
2017-09-21,6.597487007930119,6.750082015991211,6.570558728870679,6.750082015991211,68444,0.0,0.0
2017-09-22,6.75905811481117,6.808426909723176,6.67378423594276,6.745593547821045,65454,0.0,0.0
2017-09-25,6.669296189013093,6.803938865661621,6.664808427938049,6.803938865661621,88659,0.0,0.0
2017-09-26,6.799449968827663,6.8039381574528095,6.718664713661144,6.768033504486084,89102,0.0,0.0
2017-09-27,6.794962750777585,6.8174028396606445,6.588510765725717,6.8174028396606445,175745,0.0,0.0
2017-09-28,6.821890748517005,6.844331264495849,6.768033766978123,6.84433126449585,102187,0.0,0.0
2017-09-29,6.745593608564647,6.857795766389156,6.745593608564647,6.826379299163818,66876,0.0,0.0
2017-10-02,6.857795796721255,6.884724503045839,6.799450623032376,6.866772174835205,56402,0.0,0.0
2017-10-03,6.884724140167235,6.884724140167235,6.84433129681801,6.884724140167236,87839,0.0,0.0
2017-10-04,6.902676718278405,6.902676718278405,6.732129389060144,6.8174028396606445,110578,0.0,0.0
2017-10-05,6.7186648435275735,6.78149777342524,6.646855536206107,6.714176654815674,192631,0.0,0.0
2017-10-06,6.741105507017915,6.77252197265625,6.6423674932752625,6.77252197265625,56730,0.0,0.0
2017-10-09,6.790474581753604,6.803938720726467,6.700712941905747,6.745593547821045,29504,0.0,0.0
2017-10-10,6.79047472640195,6.803938865661621,6.714177223901693,6.803938865661621,81137,0.0,0.0
2017-10-11,6.826379069881948,6.8308672587683255,6.678272260769535,6.7904744148254395,57333,0.0,0.0
2017-10-12,6.696224720415187,6.78598635982747,6.696224720415187,6.736617565155029,37697,0.0,0.0
2017-10-13,6.6154385622594525,6.741105276550948,6.6154385622594525,6.7052001953125,65730,0.0,0.0
2017-10-16,6.67827244499163,6.682760634001814,6.624415460921205,6.673784255981445,28492,0.0,0.0
2017-10-17,6.633391018680168,6.65134334564209,6.5526057613601365,6.65134334564209,123773,0.0,0.0
2017-10-18,6.619927461023213,6.6333916004211355,6.552606336016328,6.557094097137451,71697,0.0,0.0
2017-10-19,6.525677153995504,6.588510513305665,6.489772499537483,6.588510513305664,75512,0.0,0.0
2017-10-20,6.561582077236423,6.777010440826417,6.5077250933432405,6.777010440826416,122978,0.0,0.0
2017-10-23,6.808426991882843,6.808426991882843,6.65134379924057,6.754570007324219,42997,0.0,0.0
2017-10-24,6.7231526534897785,6.727640842234568,6.642367396169748,6.65134334564209,74072,0.0,0.0
2017-10-25,6.588510938636442,6.673784391474883,6.5615822320458825,6.619927406311035,62056,0.0,0.0
2017-10-26,6.566069866764875,6.669295639275771,6.566069866764875,6.642367362976074,72867,0.0,0.0
2017-10-27,6.669295639275771,6.669295639275771,6.498748319981162,6.642367362976074,130497,0.0,0.0
2017-10-30,6.6109504545281395,6.714176654815673,6.592998127697772,6.714176654815674,78462,0.0,0.0
2017-10-31,6.723153111985404,6.754570007324218,6.6603201773423075,6.754570007324219,78211,0.0,0.0
2017-11-01,6.736617463531398,6.848819618108467,6.5885106537310465,6.830867290496826,98406,0.0,0.0
2017-11-02,6.848819236214606,6.848819236214606,6.682760108062159,6.7052001953125,80151,0.0,0.0
2017-11-03,6.673783976633599,6.71417681999999,6.507724842362959,6.669295787811279,192196,0.0,0.0
2017-11-06,6.534653663635253,6.619927112691485,6.498748580434614,6.534653663635254,132072,0.0,0.0
2017-11-07,6.5615821936177365,6.5705585717677755,6.462844174053643,6.467332363128662,140423,0.0,0.0
2017-11-08,6.494260807594039,6.494260807594039,6.364106325789556,6.3910346031188965,153678,0.0,0.0
2017-11-09,6.453868215045992,6.453868215045992,6.269856743395903,6.355130195617676,260699,0.0,0.0
2017-11-10,6.400010734303718,6.539141160517971,6.400010734303718,6.458355903625488,208935,0.0,0.0
2017-11-13,6.503236884888396,6.521189212799072,6.377570589513662,6.521189212799072,160306,0.0,0.0
2017-11-14,6.525677725615843,6.557094194014245,6.238440036773682,6.238440036773682,270243,0.0,0.0
2017-11-15,6.256392310331039,6.364106710206528,6.198047563254132,6.301273345947266,200386,0.0,0.0
2017-11-16,6.355129818200906,6.422451366183748,6.202534823060488,6.260879993438721,196057,0.0,0.0
2017-11-17,6.274344265164552,6.314737109209197,6.139702022372068,6.2070231437683105,127565,0.0,0.0
2017-11-20,6.1486779540784,6.332689418170061,6.1486779540784,6.27883243560791,160607,0.0,0.0
2017-11-21,6.3282021142762614,6.431427897970233,6.278832889016292,6.350642204284668,195952,0.0,0.0
2017-11-22,6.3730820123316185,6.3730820123316185,6.15316590181715,6.346153736114502,523801,0.0,0.0
2017-11-23,6.2967849690506155,6.449379971975605,6.247416173758463,6.41796350479126,93805,0.0,0.0
2017-11-24,6.3730820300191775,6.462843664354078,6.3730820300191775,6.426939010620117,146747,0.0,0.0
2017-11-27,6.4538683078932975,6.566070468125064,6.4314277902434895,6.444891929626465,153456,0.0,0.0
2017-11-28,6.417963193047824,6.507724829226815,6.373082160949708,6.373082160949707,69581,0.0,0.0
2017-11-29,6.400011197847883,6.62441551394619,6.400011197847883,6.610950946807861,234893,0.0,0.0
2017-11-30,6.516701237044935,6.61543882329065,6.5122130482108815,6.59748649597168,207945,0.0,0.0
2017-12-01,6.606463258819781,6.606463258819781,6.453868253703086,6.507725238800049,85663,0.0,0.0
2017-12-04,6.462843827070778,6.59748649597168,6.462843827070778,6.59748649597168,92669,0.0,0.0
2017-12-05,6.606462546298397,6.669295474792883,6.570557893439484,6.655831336975098,124020,0.0,0.0
2017-12-06,6.69622522346476,6.69622522346476,6.579534869453875,6.633391857147217,117566,0.0,0.0
2017-12-07,6.633390952168736,6.633390952168736,6.55260569565872,6.6019744873046875,63866,0.0,0.0
2017-12-08,6.6244154284562535,6.736617585057407,6.6244154284562535,6.66480827331543,63706,0.0,0.0
2017-12-11,6.75008162081807,6.7590579986572275,6.6513436046736025,6.759057998657227,99959,0.0,0.0
2017-12-12,6.759057883844151,6.821890815581926,6.70071271293247,6.741105556488037,188268,0.0,0.0
2017-12-13,6.790474406992795,6.790474406992795,6.462843894958496,6.462843894958496,254319,0.0,0.0
2017-12-14,6.449379658031256,6.534653533405304,6.404499053955078,6.404499053955078,84844,0.0,0.0
2017-12-15,6.4314277902434895,6.53914176134184,6.386546754943873,6.444891929626465,227680,0.0,0.0
2017-12-18,6.534654308908686,6.543630259582249,6.332690068537331,6.377571105957031,137392,0.0,0.0
2017-12-19,6.40449908696649,6.480796157090982,6.373082193132263,6.413475036621094,107968,0.0,0.0
2017-12-20,6.471820437921037,6.489772765886837,6.408987076032108,6.449379920959473,26190,0.0,0.0
2017-12-21,6.417963558529744,6.45835640411484,6.31473735003258,6.355130195617676,178890,0.0,0.0
2017-12-22,6.386546517015016,6.386546517015016,6.2967848777771,6.2967848777771,98744,0.0,0.0
2017-12-27,6.328201856550036,6.355130134670339,6.274344444274902,6.274344444274902,84633,0.0,0.0
2017-12-28,6.292297456642073,6.426939708761639,6.287809267433479,6.350642204284668,170702,0.0,0.0
2017-12-29,6.346154443093356,6.435916087178827,6.30127340704198,6.350642204284668,186611,0.0,0.0
2018-01-02,6.45386781451316,6.45386781451316,6.301272819780654,6.33268928527832,442659,0.0,0.0
2018-01-03,6.35513027686839,6.426939590818973,6.328201998145558,6.36410665512085,132209,0.0,0.0
2018-01-04,6.31922490274991,6.444891187902073,6.3102489535333675,6.400010585784912,154131,0.0,0.0
2018-01-05,6.4359156177058,6.480796222466043,6.417963290198252,6.462843894958496,135784,0.0,0.0
2018-01-08,6.507724695530145,6.534653399839232,6.400010734328265,6.426939010620117,192050,0.0,0.0
2018-01-09,6.391034798620917,6.47182048911468,6.391034798620917,6.41796350479126,147887,0.0,0.0
2018-01-10,6.417963063064836,6.642367362976074,6.417963063064836,6.642367362976074,300555,0.0,0.0
2018-01-11,6.60646309184643,6.848819732666016,6.5615820580579935,6.848819732666016,451538,0.0,0.0
2018-01-12,6.85779561158014,7.001414661405171,6.821890956128196,6.983462333679199,436322,0.0,0.0
2018-01-15,7.046295299775852,7.082199955396277,6.875747971570206,6.992438316345215,158203,0.0,0.0
2018-01-16,7.064247627586065,7.082199955396277,6.947557282811055,6.992438316345215,499506,0.0,0.0
2018-01-17,6.992438451143683,7.037319485543048,6.884724482205926,6.938581466674805,184075,0.0,0.0
2018-01-18,6.947557335117001,6.956533713098316,6.830867417480728,6.929605007171631,88449,0.0,0.0
2018-01-19,6.938581466674805,7.028343107456269,6.893700432275439,6.938581466674805,161912,0.0,0.0
2018-01-22,6.956533528668513,7.046295166015624,6.911652495986332,7.046295166015625,210526,0.0,0.0
2018-01-23,7.0462950510228834,7.0552714286197284,6.983462119913939,7.0283427238464355,181664,0.0,0.0
2018-01-24,6.983462251942577,7.046295184239435,6.9655099244267245,6.974485874176025,63236,0.0,0.0
2018-01-25,6.974485856137935,7.0642474934850465,6.974485856137935,7.046295166015625,105118,0.0,0.0
2018-01-26,7.05527154375896,7.073223871228382,7.001414561350693,7.046295166015625,91062,0.0,0.0
2018-01-29,7.073224313609854,7.073224313609854,6.88472464938294,6.89370059967041,141060,0.0,0.0
2018-01-30,6.893699891993494,6.947556872241424,6.768033604748324,6.857795238494873,156048,0.0,0.0
2018-01-31,6.866772021673728,6.992438316345215,6.794962710432879,6.992438316345215,136615,0.0,0.0
2018-02-01,7.046295184239435,7.046295184239435,6.85779553131436,6.974485874176025,156238,0.0,0.0
2018-02-02,6.938581392505966,6.938581392505966,6.714177078942406,6.777010440826416,146089,0.0,0.0
2018-02-05,6.6513435934021485,6.705200576294068,6.552606005442257,6.615438938140869,197195,0.0,0.0
2018-02-06,6.498748694070371,6.678272401143673,6.426939382447954,6.552606105804443,271671,0.0,0.0
2018-02-07,6.70520034310962,6.794962406158447,6.570558104570856,6.794962406158447,191209,0.0,0.0
2018-02-08,6.857795714398741,6.857795714398741,6.552606138481524,6.561582088470459,226397,0.0,0.0
2018-02-09,6.579534364005434,6.660320053348028,6.408987035402877,6.624415397644043,223574,0.0,0.0
2018-02-12,6.606462988334176,6.642367643595455,6.552606005442257,6.615438938140869,160103,0.0,0.0
2018-02-13,6.678272381200021,6.678272381200021,6.543629708301449,6.624415397644043,231460,0.0,0.0
2018-02-14,6.6244152974574,6.714176935359821,6.56158193691708,6.687248229980469,76958,0.0,0.0
2018-02-15,6.732129113877195,6.768033768243161,6.57055816923035,6.660319805145264,154576,0.0,0.0
2018-02-16,6.660319805145264,6.7052004090941,6.57953411881322,6.660319805145264,79941,0.0,0.0
2018-02-19,6.642367592330283,6.687248197051871,6.606462937346112,6.678272247314453,84750,0.0,0.0
2018-02-20,6.660319805145264,6.687248081911117,6.606462823596315,6.660319805145264,104045,0.0,0.0
2018-02-21,6.696224492727954,6.71417681999999,6.606462856367776,6.669295787811279,96902,0.0,0.0
2018-02-22,6.642367510911848,6.696224492727954,6.570558201823705,6.669295787811279,103898,0.0,0.0
2018-02-23,6.69622484549823,6.69622484549823,6.570558547973633,6.570558547973633,213925,0.0,0.0
2018-02-26,6.552605777302709,6.678272066341912,6.552605777302709,6.57953405380249,124889,0.0,0.0
2018-02-27,6.606463069792051,6.687248331117387,6.570558414088066,6.624415397644043,190969,0.0,0.0
2018-02-28,6.633391034819292,6.687248015836093,6.579534053802491,6.57953405380249,140748,0.0,0.0
2018-03-01,6.588510380440172,6.624415034174132,6.417963061195245,6.426939010620117,259705,0.0,0.0
2018-03-02,6.426939258236185,6.44489158579483,6.355129948001608,6.3910346031188965,170834,0.0,0.0
2018-03-05,6.328201652660517,6.543629582751083,6.265368292375476,6.462843894958496,201558,0.0,0.0
2018-03-06,6.480796252842921,6.579534268605862,6.453867975464006,6.534653663635254,112946,0.0,0.0
2018-03-07,6.471820189267309,6.561581825647576,6.471820189267309,6.5167012214660645,65008,0.0,0.0
2018-03-08,6.5705583330728965,6.669295921032789,6.534653677811617,6.615438938140869,74043,0.0,0.0
2018-03-09,6.633391168333709,6.633391168333709,6.453867894664328,6.52567720413208,83580,0.0,0.0
2018-03-12,6.597486826291699,6.597486826291699,6.4987488070851676,6.570558547973633,54599,0.0,0.0
2018-03-13,6.489772516543362,6.669295789303897,6.471820189267309,6.5167012214660645,161255,0.0,0.0
2018-03-14,6.480795840802691,6.597486176738311,6.382058259334603,6.400010585784912,125214,0.0,0.0
2018-03-15,6.400010734328265,6.480795991221058,6.400010734328265,6.426939010620117,93529,0.0,0.0
2018-03-16,6.5615819552489505,6.615438938140869,6.489772644726392,6.615438938140869,233789,0.0,0.0
2018-03-19,6.588510761615652,6.597486711559824,6.516701449993235,6.552606105804443,64575,0.0,0.0
2018-03-20,6.54362964630127,6.624415334878429,6.507724990937478,6.5436296463012695,70482,0.0,0.0
2018-03-21,6.525677621958865,6.561582278991648,6.400011322344122,6.444891929626465,119006,0.0,0.0
2018-03-22,6.408986815421303,6.480796124364496,6.301272852006515,6.373082160949707,190623,0.0,0.0
2018-03-23,6.426939601110073,6.462844258142856,6.301273301495331,6.444891929626465,99968,0.0,0.0
2018-03-26,6.435915520283622,6.480796124364496,6.36410621134043,6.373082160949707,82416,0.0,0.0
2018-03-27,6.435915946960449,6.507725260664326,6.40001129010851,6.435915946960449,86579,0.0,0.0
2018-03-28,6.364106573755372,6.426939508650172,6.310249588981,6.355130195617676,101149,0.0,0.0
2018-03-29,6.355130390070261,6.444892034107385,6.34615443967519,6.382059097290039,75521,0.0,0.0
2018-04-03,6.346154245497248,6.382058902013496,6.292297260722875,6.355130195617676,171179,0.0,0.0
2018-04-04,6.355129734766057,6.373082061722341,6.2653680999846335,6.283320426940918,186709,0.0,0.0
2018-04-05,6.274344638974075,6.408987317805478,6.274344638974075,6.301273345947266,116582,0.0,0.0
2018-04-06,6.319225179242314,6.391034488185506,6.292296902397238,6.373082160949707,120389,0.0,0.0
2018-04-09,6.364106325789556,6.4807962409121185,6.364106325789556,6.3910346031188965,121306,0.0,0.0
2018-04-10,6.453867613419959,6.453867613419959,6.337177276611329,6.337177276611328,67552,0.0,0.0
2018-04-11,6.337177276611329,6.400010633666105,6.310249000743015,6.337177276611328,71048,0.0,0.0
2018-04-12,6.310249588981,6.382058902013496,6.310249588981,6.355130195617676,48971,0.0,0.0
2018-04-13,6.337177948380744,6.408987262331327,6.337177948380744,6.36410665512085,163884,0.0,0.0
2018-04-16,6.373082160949708,6.4000108658120265,6.346153884104632,6.373082160949707,70675,0.0,0.0
2018-04-17,6.400010880163095,6.570558203294225,6.382058552887042,6.5167012214660645,179558,0.0,0.0
2018-04-18,6.525677485517063,6.561582141799136,6.444891794873766,6.498748779296875,170996,0.0,0.0
2018-04-19,6.534653967311916,6.534653967311916,6.426939568738828,6.435915946960449,88123,0.0,0.0
2018-04-20,6.480795973234554,6.480795973234554,6.346153736114502,6.346153736114502,132111,0.0,0.0
2018-04-23,6.373082482309621,6.498748779296876,6.373082482309621,6.498748779296875,106038,0.0,0.0
2018-04-24,6.507724697425885,6.642367362976074,6.480795993108953,6.642367362976074,228513,0.0,0.0
2018-04-25,6.63339128471075,6.63339128471075,6.480796285406007,6.5436296463012695,52239,0.0,0.0
2018-04-26,6.570558351832741,6.570558351832741,6.498748613087903,6.5436296463012695,57988,0.0,0.0
2018-04-27,6.534653863596213,6.561582141799136,6.471820501093953,6.498748779296875,82509,0.0,0.0
2018-04-30,6.507724958239087,6.543629613422474,6.480796252842921,6.534653663635254,42976,0.0,0.0
2018-05-02,6.525677485517063,6.579534469940172,6.498748779296876,6.498748779296875,89124,0.0,0.0
2018-05-03,6.498748580434614,6.5526059912269465,6.498748580434614,6.534653663635254,46593,0.0,0.0
2018-05-04,6.4987488070851676,6.588510876191433,6.480796478867369,6.570558547973633,78417,0.0,0.0
2018-05-07,6.561582055748616,6.597486711559824,6.516701449993235,6.552606105804443,74224,0.0,0.0
2018-05-08,6.534653830766604,6.570558486868294,6.4628440905459605,6.489772796630859,117498,0.0,0.0
2018-05-09,6.507724843819416,6.543629498371523,6.498748466172767,6.5167012214660645,90537,0.0,0.0
2018-05-10,6.507725238800049,6.5526062737228195,6.462844203877278,6.507725238800049,66705,0.0,0.0
2018-05-11,6.5526059912269465,6.570558318818641,6.4718203030557,6.534653663635254,124596,0.0,0.0
2018-05-14,6.626950793998645,6.673099653554699,6.608491338197853,6.654640197753906,96048,0.2,0.0
2018-05-15,6.6638699105477,6.691559315154549,6.562343120574952,6.562343120574951,114696,0.0,0.0
2018-05-16,6.590032455559079,6.590032455559079,6.350059509277345,6.350059509277344,199630,0.0,0.0
2018-05-17,6.451585905539821,6.451585905539821,6.248531886641746,6.303910255432129,189207,0.0,0.0
2018-05-18,6.294680537364564,6.31313999301222,6.137774944305421,6.13777494430542,381536,0.0,0.0
2018-05-21,6.18392356935649,6.257761834514798,6.128545200568873,6.174694061279297,250727,0.0,0.0
2018-05-22,6.183923433365288,6.303910116487228,6.1008561020646805,6.193153381347656,269804,0.0,0.0
2018-05-23,6.193153464655938,6.193153464655938,6.110085692129788,6.1470046043396,192258,0.0,0.0
2018-05-24,6.183923653815203,6.19315360212661,6.091626371241932,6.12854528427124,204299,0.0,0.0
2018-05-25,6.1746940770142045,6.1746940770142045,5.777815546304183,5.81473445892334,495176,0.0,0.0
2018-05-28,5.999328679753076,5.999328679753076,5.556301313490063,5.694747447967529,424091,0.0,0.0
2018-05-29,5.7224366256248524,5.7224366256248524,5.334788050686564,5.371706962585449,891497,0.0,0.0
2018-05-30,5.4455447116439855,5.8239637734678835,5.390166344555718,5.67628812789917,661973,0.0,0.0
2018-05-31,5.648598736796575,5.787044874877578,5.473233687241722,5.574760913848877,559378,0.0,0.0
2018-06-01,5.759355733572302,5.842423508226493,5.703977363838894,5.768585681915283,494189,0.0,0.0
2018-06-04,5.750126366920344,5.814734686587555,5.565531796597127,5.620910167694092,459716,0.0,0.0
2018-06-05,5.556301730353539,5.722436840125965,5.500923360429397,5.537842273712158,334611,0.0,0.0
2018-06-06,5.537842002375028,5.574760913848877,5.390166356479632,5.574760913848877,282605,0.0,0.0
2018-06-07,5.583990861771409,5.7132070519298805,5.510152598715571,5.574760913848877,293059,0.0,0.0
2018-06-08,5.537842497546057,5.547072446293894,5.4270857532211,5.473234176635742,146412,0.0,0.0
2018-06-11,5.510152651118045,5.657828738526006,5.5009231432158785,5.602450370788574,163705,0.0,0.0
2018-06-12,5.593220506981474,5.75935561269485,5.556301594600724,5.68551778793335,219635,0.0,0.0
2018-06-13,5.694747720107998,5.7224366842618135,5.630139403568846,5.6578288078308105,164464,0.0,0.0
2018-06-14,5.685517824648135,5.851653371542498,5.620909947618685,5.81473445892334,1107176,0.0,0.0
2018-06-15,5.851653164576218,5.851653164576218,5.66705816790119,5.777815341949463,367265,0.0,0.0
2018-06-18,5.787045054404895,5.870112827852076,5.777815546304183,5.81473445892334,164770,0.0,0.0
2018-06-19,5.8239637126526045,5.91626099016926,5.713206979632619,5.879342079162598,191786,0.0,0.0
2018-06-20,5.990099211522596,6.008559108364722,5.870112962805927,5.9254913330078125,213418,0.0,0.0
2018-06-21,6.008558757712144,6.027018213368834,5.768585394067049,5.777815341949463,218087,0.0,0.0
2018-06-22,5.787045252123248,6.073167054751344,5.777815743707203,5.980869770050049,1894234,0.0,0.0
2018-06-25,5.999328881897625,5.999328881897625,5.787044919241537,5.833193778991699,162507,0.0,0.0
2018-06-26,5.879342351744198,5.888572299977855,5.676288331793445,5.842423439025879,233484,0.0,0.0
2018-06-27,5.731666375780218,5.870112510675554,5.657828554531541,5.722436428070068,147084,0.0,0.0
2018-06-28,5.694747906711826,5.7962751388549805,5.676288449968359,5.7962751388549805,115923,0.0,0.0
2018-06-29,5.851653099060059,5.9070314654101,5.76858532948093,5.851653099060059,127300,0.0,0.0
2018-07-02,5.823963967024053,5.833193915232919,5.676288316547422,5.81473445892334,140194,0.0,0.0
2018-07-03,5.851653439441804,5.934720773744698,5.814734526394259,5.870112895965576,124758,0.0,0.0
2018-07-04,5.879342062181013,5.943950376310127,5.833193643610045,5.851653099060059,46647,0.0,0.0
2018-07-05,5.90703175597964,5.971639633178711,5.860882895030456,5.971639633178711,116320,0.0,0.0
2018-07-06,5.962409848981655,5.990098812182583,5.8424231681559355,5.879342079162598,136539,0.0,0.0
2018-07-09,5.897801673556851,5.99009895324707,5.823963849804675,5.99009895324707,233122,0.0,0.0
2018-07-10,5.953180245783759,6.008559055607564,5.879342419496234,5.897801876068115,379875,0.0,0.0
2018-07-11,5.860882672350494,5.8701126202329075,5.777815341949463,5.777815341949463,256828,0.0,0.0
2018-07-12,5.777815546304183,5.934720704881526,5.777815546304183,5.81473445892334,269512,0.0,0.0
2018-07-13,5.796274802076736,5.907031536102295,5.759355450626744,5.907031536102295,90296,0.0,0.0
2018-07-16,5.860882811835842,5.971639548411917,5.833193847745898,5.8885722160339355,109456,0.0,0.0
2018-07-17,5.897801946122089,5.943950808154028,5.8239641189575195,5.8239641189575195,134785,0.0,0.0
2018-07-18,5.805504240380958,5.897801517631026,5.777815277260005,5.851653099060059,65225,0.0,0.0
2018-07-19,5.777815546304183,5.870112827852076,5.768585598095316,5.81473445892334,44203,0.0,0.0
2018-07-20,5.777815561822899,5.860882895385038,5.731666700870923,5.842423439025879,77997,0.0,0.0
2018-07-23,5.833193600051215,5.833193600051215,5.722436428070068,5.722436428070068,70895,0.0,0.0
2018-07-24,5.731666835001807,5.8239641189575195,5.731666835001807,5.8239641189575195,56665,0.0,0.0
2018-07-25,5.78704515603857,5.860882982573645,5.66705846786499,5.66705846786499,113485,0.0,0.0
2018-07-26,5.676288553470808,5.703977519036813,5.61168023363651,5.648599147796631,209128,0.0,0.0
2018-07-27,5.713207363455294,5.7962751388549805,5.7039774150294775,5.7962751388549805,65287,0.0,0.0
2018-07-30,5.76858547944475,5.860882759094237,5.76858547944475,5.860882759094238,57541,0.0,0.0
2018-07-31,5.851653251183362,5.91626112688393,5.851653251183362,5.860882759094238,85757,0.0,0.0
2018-08-01,5.851653387259536,5.943950669055333,5.8147344745412175,5.842423439025879,54356,0.0,0.0
2018-08-02,5.805504334679961,5.805504334679961,5.694747600180854,5.703977108001709,86180,0.0,0.0
2018-08-03,5.685517635693145,5.787044862075706,5.639369216506992,5.67628812789917,122158,0.0,0.0
2018-08-06,5.67628812789917,5.731666494987438,5.639369216506992,5.67628812789917,51769,0.0,0.0
2018-08-07,5.713207125164155,5.787044949058337,5.685517721149764,5.759355545043945,114460,0.0,0.0
2018-08-08,5.796274743776979,5.796274743776979,5.67628806306873,5.750125885009766,78075,0.0,0.0
2018-08-09,5.833194143619877,5.833194143619877,5.620910167694092,5.620910167694092,169509,0.0,0.0
2018-08-10,5.60245046923842,5.6301394335396315,5.2517203606299585,5.325558185577393,392621,0.0,0.0
2018-08-13,5.417855184306175,5.417855184306175,5.21480117628679,5.233260631561279,231501,0.0,0.0
2018-08-14,5.2332611801256785,5.297869060304698,5.131733945419565,5.159423351287842,175874,0.0,0.0
2018-08-16,5.2517205850696,5.2517205850696,5.076355523270897,5.1317338943481445,301089,0.0,0.0
2018-08-17,5.122504098392598,5.16865251831284,5.067125290315275,5.140963554382324,181704,0.0,0.0
2018-08-20,5.140963842915105,5.214801671018101,5.085585471837858,5.1317338943481445,93640,0.0,0.0
2018-08-21,5.159423026515196,5.214801394657645,5.12250411442023,5.168652534484863,132280,0.0,0.0
2018-08-22,5.187112331390381,5.233261194595719,5.131733959608882,5.187112331390381,60741,0.0,0.0
2018-08-23,5.150193062323114,5.16865251831284,5.011746922346097,5.140963554382324,209562,0.0,0.0
2018-08-24,5.10404467274162,5.15019309293617,5.0486658643351205,5.06712532043457,83549,0.0,0.0
2018-08-27,4.965598766894912,5.159423285164249,4.965598766894912,5.1040449142456055,216173,0.0,0.0
2018-08-28,5.15019307461854,5.15019307461854,4.910220146179199,4.910220146179199,267472,0.0,0.0
2018-08-29,4.919449670187734,4.965598530476819,4.799462985522631,4.937909126281738,496874,0.0,0.0
2018-08-30,4.956368582375743,5.0025174426648285,4.8917607061008015,4.937909126281738,131930,0.0,0.0
2018-08-31,4.965598463830782,5.270179705347975,4.900990148314835,5.011746883392334,187217,0.0,0.0
2018-09-03,5.030206186231223,5.039436133927666,4.910219946934377,5.002517223358154,157598,0.0,0.0
2018-09-04,5.030206408235671,5.1225041288410695,4.956368583837871,5.06712532043457,223568,0.0,0.0
2018-09-05,5.039436315387342,5.436314838354424,5.030206367358549,5.371706962585449,641971,0.0,0.0
2018-09-06,5.325558547193017,5.344018004683308,5.187112395961744,5.242490768432617,204290,0.0,0.0
2018-09-07,5.19634226570676,5.2332611801256785,5.076355573791188,5.159423351287842,122018,0.0,0.0
2018-09-10,5.122504411238945,5.408626216608066,5.122504411238945,5.390166759490967,254771,0.0,0.0
2018-09-11,5.3624773025512695,5.399396216432903,5.334788337194128,5.3624773025512695,188179,0.0,0.0
2018-09-12,5.362476690947002,5.390166093254264,5.307098326440595,5.380936145782471,126876,0.0,0.0
2018-09-13,5.3809364866830505,5.427085346749469,5.362477030678113,5.399395942687988,98469,0.0,0.0
2018-09-14,5.399396010524826,5.408625958697331,5.316328677513039,5.325558185577393,69903,0.0,0.0
2018-09-17,5.33478806672478,5.417855398692926,5.33478806672478,5.399395942687988,33661,0.0,0.0
2018-09-18,5.3624770829268265,5.427085399627686,5.3624770829268265,5.4270853996276855,31697,0.0,0.0
2018-09-19,5.3901665029494366,5.473233835968758,5.35324759047237,5.454774379730225,116054,0.0,0.0
2018-09-20,5.473233888408147,5.583991067008668,5.464004380254528,5.482463836669922,189324,0.0,0.0
2018-09-21,5.537842325377375,5.593220695818169,5.4732340064757,5.5655317306518555,263202,0.0,0.0
2018-09-24,5.528612189444967,5.574761049968168,5.5009232252175675,5.556301593780518,61089,0.0,0.0
2018-09-25,5.556301782190973,5.593220695818169,5.500923411750179,5.5655317306518555,59102,0.0,0.0
2018-09-26,5.611680100277681,5.611680100277681,5.482463903788016,5.537842273712158,101662,0.0,0.0
2018-09-27,5.482463440583195,5.500922895664965,5.325557852334088,5.436314582824707,110107,0.0,0.0
2018-09-28,5.334788149380922,5.334788149380922,5.122504181980979,5.2240309715271,389274,0.0,0.0
2018-10-01,5.214801394657645,5.30709867489506,5.085585202325264,5.168652534484863,114631,0.0,0.0
2018-10-02,5.094814426872324,5.233260559580814,5.002517151769371,5.177882194519043,150502,0.0,0.0
2018-10-03,5.288639218847576,5.30709867489506,5.150193078437381,5.168652534484863,149364,0.0,0.0
2018-10-04,5.168652334988829,5.28863901472038,5.140963372040398,5.260949611663818,118632,0.0,0.0
2018-10-05,5.233260865437769,5.233260865437769,5.06712532043457,5.06712532043457,146471,0.0,0.0
2018-10-08,5.030206322699614,5.030206322699614,4.919449587986276,4.984057903289795,172880,0.0,0.0
2018-10-09,5.011747228857092,5.0209771774705185,4.882531029026341,4.9009904861450195,213096,0.0,0.0
2018-10-10,4.873301250006797,5.076355267040846,4.873301250006797,4.937909126281738,197415,0.0,0.0
2018-10-11,4.900990074469722,4.956368441174065,4.817922304359141,4.827152252197266,184169,0.0,0.0
2018-10-12,4.845611563656647,4.965598241335047,4.845611563656647,4.947138786315918,131379,0.0,0.0
2018-10-15,4.947138857503888,5.039436133927666,4.937908909807446,5.002517223358154,160844,0.0,0.0
2018-10-16,5.002517240492785,5.122503920308739,4.965598329796819,5.030206203460693,226467,0.0,0.0
2018-10-17,5.030206203460693,5.085585009612773,4.993287292764728,5.030206203460693,83367,0.0,0.0
2018-10-18,5.0302063189136925,5.0302063189136925,4.854841709136963,4.854841709136963,64173,0.0,0.0
2018-10-19,4.891760930692825,4.891760930692825,4.697936412752774,4.74408483505249,279387,0.0,0.0
2018-10-22,4.873301105802374,4.928679472445702,4.670246654668701,4.697936058044434,101449,0.0,0.0
2018-10-23,4.661017288469886,4.688706252578194,4.550260111712208,4.564105033874512,178952,0.0,0.0
2018-10-24,4.559490003832066,4.582564433711079,4.393354900897832,4.407199382781982,178964,0.0,0.0
2018-10-25,4.425658692843073,4.5964087641487135,4.384124808450973,4.527185916900635,850607,0.0,0.0
2018-10-26,4.541030603712156,4.591793997982819,4.448733323170882,4.564105033874512,651813,0.0,0.0
2018-10-29,4.651787336770596,4.984057986570823,4.601023942539121,4.937909126281738,458446,0.0,0.0
2018-10-30,4.891760566739733,4.900990074469722,4.771773885492924,4.827152252197266,166375,0.0,0.0
2018-10-31,4.891760773749142,4.919449738218986,4.799463051894582,4.864071369171143,145348,0.0,0.0
2018-11-01,4.882530564441607,4.900990019803824,4.790233287630526,4.799462795257568,66540,0.0,0.0
2018-11-02,4.86407123340546,4.947139004712719,4.86407123340546,4.882530689239502,117322,0.0,0.0
2018-11-05,5.159423110867792,5.159423110867792,4.8271524564725805,4.864071369171143,77440,0.0,0.0
2018-11-06,4.8456119646895806,4.900990334330197,4.744084733627704,4.89176082611084,113123,0.0,0.0
2018-11-07,4.89176082611084,4.965598652298328,4.89176082611084,4.89176082611084,110213,0.0,0.0
2018-11-08,4.8917605121767815,4.947138878263431,4.781003339895352,4.799462795257568,120834,0.0,0.0
2018-11-09,4.8548417127909,5.085585130164426,4.808692853272937,4.984057903289795,179470,0.0,0.0
2018-11-12,5.048666002444313,5.048666002444313,4.891760841360831,4.919449806213379,56929,0.0,0.0
2018-11-13,4.965598443766942,4.974827951598703,4.854841709136963,4.854841709136963,130304,0.0,0.0
2018-11-14,4.799462778044986,4.8917604946331865,4.734854904563001,4.771773815155029,117483,0.0,0.0
2018-11-15,4.827152525285401,4.845611981897828,4.688706380638116,4.790233612060547,86028,0.0,0.0
2018-11-16,4.790233352848422,4.827152264075497,4.651787215692822,4.725625038146973,123378,0.0,0.0
2018-11-19,4.725625311371896,4.836382051456825,4.670246941329433,4.688706398010254,111013,0.0,0.0
2018-11-20,4.679476822056822,4.716395734884602,4.577949591726347,4.633327960968018,134466,0.0,0.0
2018-11-21,4.61486842163426,4.744084614209738,4.596408965552049,4.679476737976074,156242,0.0,0.0
2018-11-22,4.670246529218275,4.697935931850225,4.596408709010575,4.6148681640625,119652,0.0,0.0
2018-11-23,4.642557621002197,4.679476531537917,4.614868218046342,4.642557621002197,124150,0.0,0.0
2018-11-26,4.707165703589368,4.873301248491912,4.707165703589368,4.808692932128906,137451,0.0,0.0
2018-11-27,4.7902336784974455,4.873301454459535,4.771774221629,4.845612049102783,121864,0.0,0.0
2018-11-28,4.873301317399861,4.891760773749142,4.8271524564725805,4.864071369171143,48232,0.0,0.0
2018-11-29,4.891760620680289,4.910220076451953,4.827152305425398,4.854841709136963,135794,0.0,0.0
2018-11-30,4.827152198354959,4.882530564441607,4.744084429170919,4.799462795257568,112536,0.0,0.0
2018-12-03,4.8917607061008015,4.937909126281738,4.836381897710639,4.937909126281738,142512,0.0,0.0
2018-12-04,4.965598806114482,4.965598806114482,4.85484206340241,4.9009904861450195,129109,0.0,0.0
2018-12-05,4.808693200551626,5.011747228857092,4.808693200551626,4.9009904861450195,175923,0.0,0.0
2018-12-06,4.873301049909538,4.873301049909538,4.6425576381547105,4.670246601104736,256541,0.0,0.0
2018-12-07,4.734855039265501,4.781003458764354,4.688706179658506,4.75331449508667,70175,0.0,0.0
2018-12-10,4.716395803085567,4.716395803085567,4.661017433043103,4.688706398010254,57646,0.0,0.0
2018-12-11,4.651787135676872,4.836381688637014,4.633327680380858,4.771773815155029,111144,0.0,0.0
2018-12-12,4.799462917932243,4.891760637210594,4.744084550430118,4.882530689239502,101595,0.0,0.0
2018-12-13,4.9471394003951845,4.984058315016119,4.88253107975446,4.928679943084717,150690,0.0,0.0
2018-12-14,4.90099035173511,4.90099035173511,4.762544207087825,4.790233612060547,72998,0.0,0.0
2018-12-17,4.771773892191468,4.781003399934413,4.596408843994141,4.596408843994141,165533,0.0,0.0
2018-12-18,4.614868581560038,4.688706408447692,4.573334693908691,4.573334693908691,114699,0.0,0.0
2018-12-19,4.707165702045316,4.744084614209738,4.6333278777164715,4.679476737976074,165064,0.0,0.0
2018-12-20,4.6240981657343365,4.707165494385643,4.582564281354619,4.642557621002197,85747,0.0,0.0
2018-12-21,4.601024091440113,4.614868573931622,4.522571290474622,4.559490203857422,186187,0.0,0.0
2018-12-27,4.568719652073258,4.596409056800341,4.485652318108323,4.517956256866455,119809,0.0,0.0
2018-12-28,4.582564281354619,4.670246583849923,4.5364154231309035,4.642557621002197,68254,0.0,0.0
2019-01-02,4.679476874528595,4.679476874528595,4.4902668940293795,4.661017417907715,126502,0.0,0.0
2019-01-03,4.541030465834269,4.725625021312029,4.541030465834269,4.697936058044434,120122,0.0,0.0
2019-01-04,4.762544190174577,4.900990334330197,4.7348552254083485,4.89176082611084,167289,0.0,0.0
2019-01-07,4.9286798772339875,4.9286798772339875,4.8640715574564775,4.8733015060424805,119570,0.0,0.0
2019-01-08,4.900990334330197,4.956368703970813,4.864071421236452,4.89176082611084,111576,0.0,0.0
2019-01-09,4.9009904861450195,4.974828314619734,4.891760977639767,4.9009904861450195,99332,0.0,0.0
2019-01-10,4.93790924742394,4.93790924742394,4.864071421236452,4.89176082611084,85787,0.0,0.0
2019-01-11,4.891760774050956,4.891760774050956,4.716395718667891,4.7348551750183105,134505,0.0,0.0
2019-01-14,4.734854897341498,4.734854897341498,4.605638270358347,4.642557621002197,127727,0.0,0.0
2019-01-15,4.697936346404746,4.716395803085567,4.614868571286968,4.688706398010254,95546,0.0,0.0
2019-01-16,4.661017215980823,4.77177395090784,4.661017215980823,4.75331449508667,77836,0.0,0.0
2019-01-17,4.679476619167198,4.799462860601122,4.679476619167198,4.725625038146973,108244,0.0,0.0
2019-01-18,4.744084820221587,4.799463190873025,4.679476941182325,4.716395854949951,162031,0.0,0.0
2019-01-21,4.7256251742237,4.753314578495405,4.679476753915059,4.707165718078613,80774,0.0,0.0
2019-01-22,4.679476753915059,4.734855122350319,4.679476753915059,4.707165718078613,54643,0.0,0.0
2019-01-23,4.661017212548995,4.734855035779307,4.624098300933838,4.624098300933838,110971,0.0,0.0
2019-01-24,4.614868504554128,4.725625243037469,4.614868504554128,4.633327960968018,54031,0.0,0.0
2019-01-25,4.679476941182325,4.762544277105399,4.661017484298513,4.716395854949951,98880,0.0,0.0
2019-01-28,4.688706056440798,4.762543877785042,4.670246601104736,4.670246601104736,117630,0.0,0.0
2019-01-29,4.651787469543194,4.707165839405833,4.642557961286836,4.661017417907715,44304,0.0,0.0
2019-01-30,4.6887061927820515,4.716395596645379,4.642557773154031,4.651787281036377,76278,0.0,0.0
2019-01-31,4.661017158627304,4.7256250331523315,4.51334107376695,4.596408843994141,193523,0.0,0.0
2019-02-01,4.554874970808577,4.670246678600409,4.481037148239106,4.494881629943848,169871,0.0,0.0
2019-02-04,4.591794013977051,4.591794013977051,4.481037276941732,4.591794013977051,83464,0.0,0.0
2019-02-05,4.614868304465747,4.771773897234885,4.573334419308254,4.725625038146973,202541,0.0,0.0
2019-02-06,4.697936194058284,4.753314562304918,4.670246789880894,4.679476737976074,133611,0.0,0.0
2019-02-07,4.679476681751159,4.799462924789796,4.430273807581461,4.522571086883545,427775,0.0,0.0
2019-02-08,4.513341068720711,4.55948992770825,4.411814283121144,4.467192649841309,262099,0.0,0.0
2019-02-11,4.5179563746104385,4.633328090448405,4.471807512231985,4.601024150848389,220079,0.0,0.0
2019-02-12,4.60563835660491,4.753314441621347,4.60563835660491,4.725625038146973,239256,0.0,0.0
2019-02-13,4.7440846303687865,4.7810035426589605,4.679476753915059,4.707165718078613,152634,0.0,0.0
2019-02-14,4.679476889723925,4.75331471644721,4.651787484648611,4.688706398010254,157061,0.0,0.0
2019-02-15,4.6887061269198975,4.790233352848422,4.633327760079285,4.725625038146973,242198,0.0,0.0
2019-02-18,4.725625359403802,4.85484199759109,4.725625359403802,4.845612049102783,212209,0.0,0.0
2019-02-19,4.799462795257568,4.836381705982001,4.734854921543877,4.799462795257568,127873,0.0,0.0
2019-02-20,4.753314495086671,4.8086928625501795,4.725625091300845,4.75331449508667,231709,0.0,0.0
2019-02-21,4.73485498600781,4.781003404987585,4.6887061269198975,4.725625038146973,134437,0.0,0.0
2019-02-22,4.688706179658506,4.762544002943184,4.688706179658506,4.75331449508667,100619,0.0,0.0
2019-02-25,4.799463120312679,4.845611981897828,4.753314698835692,4.790233612060547,249556,0.0,0.0
2019-02-26,4.7810035437831635,4.854841808489023,4.744084631484309,4.836381912231445,266267,0.0,0.0
2019-02-27,4.864071505971229,4.910220368196428,4.7810037300091395,4.845612049102783,278504,0.0,0.0
2019-02-28,4.873301168576456,5.030206322699614,4.827152309058494,4.984057903289795,435320,0.0,0.0
2019-03-01,5.0025173053726455,5.030206268699664,4.928679483023078,4.956368446350098,154362,0.0,0.0
2019-03-04,4.956368293771421,5.002517151373304,4.900989928714034,4.947138786315918,58221,0.0,0.0
2019-03-05,4.928679825064873,5.002517652538656,4.836382100614477,4.845612049102783,233849,0.0,0.0
2019-03-06,4.8456119128218615,4.919449738218986,4.8456119128218615,4.864071369171143,188390,0.0,0.0
2019-03-07,4.836381688637014,4.910219949929201,4.734854904563001,4.771773815155029,211829,0.0,0.0
2019-03-08,4.716395803085567,4.771774173128032,4.642557976362282,4.688706398010254,165689,0.0,0.0
2019-03-11,4.679476737976074,4.697936194058284,4.61486842163426,4.679476737976074,173104,0.0,0.0
2019-03-12,4.642557703033278,4.707165577558304,4.568719440549032,4.596408843994141,343742,0.0,0.0
2019-03-13,4.596409176588909,4.6148686335186575,4.554875288469934,4.601024150848389,200637,0.0,0.0
2019-03-14,4.6010240837882534,4.6517874795781395,4.5364157654217205,4.545645713806152,533716,0.0,0.0
2019-03-15,4.550259976631314,4.6148682911462915,4.522571013344993,4.582564353942871,278572,0.0,0.0
2019-03-18,4.610253261235506,4.670246601104736,4.587178832038397,4.670246601104736,262944,0.0,0.0
2019-03-19,4.661017281893863,4.744084614209738,4.624098369729441,4.679476737976074,213922,0.0,0.0
2019-03-20,4.67024680578844,4.7256251742237,4.624098385479798,4.707165718078613,191024,0.0,0.0
2019-03-21,4.707165718078613,4.7440846303687865,4.651787349643353,4.707165718078613,200280,0.0,0.0
2019-03-22,4.707165725082546,4.707165725082546,4.568719583734322,4.591794013977051,202582,0.0,0.0
2019-03-25,4.605638216482475,4.670246529218275,4.5410303438548,4.6148681640625,181628,0.0,0.0
2019-03-26,4.614868299588168,4.661017158627304,4.582564362325655,4.596408843994141,65677,0.0,0.0
2019-03-27,4.633327619114425,4.744084349425975,4.591793735220563,4.6148681640625,139936,0.0,0.0
2019-03-28,4.6148686335186575,4.661017495897111,4.58256469391864,4.601024150848389,111421,0.0,0.0
2019-03-29,4.661017212548995,4.661017212548995,4.610253378997047,4.624098300933838,102123,0.0,0.0
2019-04-01,4.716395459498955,4.716395459498955,4.610253261235506,4.670246601104736,180832,0.0,0.0
2019-04-02,4.67024666637025,4.688706121964277,4.5917938700686,4.596408843994141,253850,0.0,0.0
2019-04-03,4.642557909229041,4.679476822056822,4.596409048140237,4.633327960968018,205194,0.0,0.0
2019-04-04,4.633327619114425,4.65178707416635,4.596408709010575,4.6148681640625,220706,0.0,0.0
2019-04-05,4.642557756741416,4.679476668356573,4.610253378997047,4.624098300933838,171409,0.0,0.0
2019-04-08,4.633327619114425,4.65178707416635,4.596408709010575,4.6148681640625,117138,0.0,0.0
2019-04-09,4.633327960968018,4.697936278470712,4.633327960968018,4.633327960968018,209346,0.0,0.0
2019-04-10,4.65178707416635,4.6887059842702,4.610253190272488,4.6148681640625,110139,0.0,0.0
2019-04-11,4.624098317281193,4.661017229026868,4.573334483549783,4.651787281036377,216530,0.0,0.0
2019-04-12,4.661017093490772,4.7533143701710765,4.614868235096554,4.670246601104736,221900,0.0,0.0
2019-04-15,4.670246654668701,4.771773880235537,4.661017146948882,4.697936058044434,229472,0.0,0.0
2019-04-16,4.753314359859015,4.7902332704510435,4.734854904563001,4.771773815155029,309490,0.0,0.0
2019-04-17,4.790233627210952,4.854841945612869,4.744084765479845,4.817922592163086,199137,0.0,0.0
2019-04-18,4.845611653717175,4.845611653717175,4.716395466181661,4.799462795257568,169113,0.0,0.0
2019-04-23,4.799462778044986,4.817922233341,4.7163954492669875,4.771773815155029,191826,0.0,0.0
2019-04-24,4.771773825507138,4.799462788457164,4.651787145768676,4.670246601104736,202653,0.0,0.0
2019-04-25,4.707165854691075,4.707165854691075,4.642557976362282,4.688706398010254,53018,0.0,0.0
2019-04-26,4.707165565764254,4.707165565764254,4.633327743573149,4.697936058044434,110624,0.0,0.0
2019-04-29,4.679476602496657,4.753314424687762,4.679476602496657,4.697936058044434,151708,0.0,0.0
2019-04-30,4.697936058044434,4.744084476859806,4.679476602496657,4.697936058044434,377321,0.0,0.0
2019-05-02,4.707165906453961,4.753314768717577,4.661017484298513,4.716395854949951,205981,0.0,0.0
2019-05-03,4.734855311833764,4.781003733989212,4.707165906453961,4.716395854949951,189137,0.0,0.0
2019-05-06,4.679476874528595,4.707165839405833,4.642557961286836,4.661017417907715,264380,0.0,0.0
2019-05-07,4.688706556424945,4.707166013729445,4.568719863891602,4.568719863891602,347453,0.0,0.0
2019-05-08,4.5825647208234646,4.5825647208234646,4.476422512773113,4.513341426849365,473501,0.0,0.0
2019-05-09,4.490266585089358,4.587178835708243,4.430273685280262,4.439503192901611,317766,0.0,0.0
2019-05-10,4.545645739522633,4.568719730397926,4.4395035330419965,4.457962989807129,216312,0.0,0.0
2019-05-13,4.457962776429296,4.457962776429296,4.393354900897832,4.407199382781982,150825,0.0,0.0
2019-05-14,4.467192870517423,4.467192870517423,4.3887400704279775,4.402584552764893,137978,0.0,0.0
2019-05-15,4.4302738967244615,4.4302738967244615,4.328746667395235,4.361050605773926,285357,0.0,0.0
2019-05-16,4.365665579858925,4.384125036090771,4.319516719225235,4.361050605773926,263157,0.0,0.0
2019-05-17,4.319516719225235,4.361050605773926,4.319516719225235,4.361050605773926,202673,0.0,0.0
2019-05-20,4.385145256804429,4.433333388463537,4.346594567652956,4.375507354736328,232596,0.2,0.0
2019-05-21,4.438152304326078,4.438152304326078,4.361050926634147,4.380326271057129,192911,0.0,0.0
2019-05-22,4.370688116441199,4.389963459750073,4.346594281975431,4.351412773132324,237294,0.0,0.0
2019-05-23,4.336956719187236,4.3465946213744555,4.2405799951173915,4.250217437744141,161602,0.0,0.0
2019-05-24,4.250217282082166,4.336956560348481,4.245398790725502,4.2694926261901855,298828,0.0,0.0
2019-05-27,4.303224919047635,4.361050952661699,4.283949574509613,4.317681312561035,143867,0.0,0.0
2019-05-28,4.317680990377536,4.327318432147173,4.221304274879016,4.298405647277832,262786,0.0,0.0
2019-05-29,4.2887678146362305,4.2887678146362305,4.235760735153196,4.2887678146362305,157722,0.0,0.0
2019-05-30,4.279130657917387,4.32731878986996,4.279130657917387,4.312862396240234,154514,0.0,0.0
2019-05-31,4.312862039712503,4.33695633347724,4.221304274879016,4.298405647277832,414199,0.0,0.0
2019-06-03,4.288767889991083,4.288767889991083,4.202029072909405,4.221304416656494,267482,0.0,0.0
2019-06-04,4.221304262061364,4.264673898794117,4.211666360760561,4.240579605102539,596173,0.0,0.0
2019-06-05,4.245398903216788,4.259855296790744,4.177934967270886,4.197210311889648,266311,0.0,0.0
2019-06-06,4.240579855030901,4.240579855030901,4.124927789967624,4.149021625518799,626435,0.0,0.0
2019-06-07,4.144203229078168,4.2309420500823665,4.144203229078168,4.197210311889648,243148,0.0,0.0
2019-06-10,4.2357607749919275,4.240579725779464,4.197210087812514,4.226123332977295,94101,0.0,0.0
2019-06-11,4.235761009408494,4.308043436980056,4.235761009408494,4.255036354064941,137835,0.0,0.0
2019-06-12,4.255036019163819,4.255036019163819,4.177934646606445,4.177934646606445,87410,0.0,0.0
2019-06-13,4.153840792216514,4.221304730121272,4.149021841031786,4.182754039764404,132070,0.0,0.0
2019-06-14,4.182754033031328,4.202029378178733,4.124927997589111,4.124927997589111,199262,0.0,0.0
2019-06-17,4.173115946130413,4.173115946130413,4.076739224655436,4.086376667022705,183355,0.0,0.0
2019-06-18,4.1201087597915995,4.124927710633335,4.047825875846919,4.100833415985107,268677,0.0,0.0
2019-06-19,4.07673896761181,4.120108604431152,4.062282575192172,4.120108604431152,328997,0.0,0.0
2019-06-20,4.1249277453979465,4.177934826422429,4.086376597899609,4.096014499664307,315825,0.0,0.0
2019-06-21,4.115290008651693,4.134565353393555,4.086376761758664,4.134565353393555,440339,0.0,0.0
2019-06-24,4.124927576849953,4.14420292003129,4.028550401382838,4.057463645935059,206542,0.0,0.0
2019-06-25,4.009275284532849,4.033369579759798,3.9996378421783443,3.9996378421783447,173567,0.0,0.0
2019-06-26,3.999637924377362,4.0719203519832705,3.999637924377362,4.018913269042969,201141,0.0,0.0
2019-06-27,4.047826133543045,4.071920429725183,4.033369739657952,4.06710147857666,218110,0.0,0.0
2019-06-28,4.091195670028926,4.105652523104415,4.047826029923384,4.0815582275390625,127200,0.0,0.0
2019-07-01,4.09601431069147,4.153840339930451,4.07673896761181,4.120108604431152,155399,0.0,0.0
2019-07-02,4.120108890621838,4.168297021888014,4.091195644213762,4.144203186035156,196413,0.0,0.0
2019-07-03,4.158659521926464,4.346594472077833,4.115289882694575,4.3273186683654785,619875,0.0,0.0
2019-07-04,4.394782441002989,4.587536334991455,4.394782441002989,4.587536334991455,940460,0.0,0.0
2019-07-05,4.57789876097218,4.712826174723902,4.510434824316084,4.664638042449951,881138,0.0,0.0
2019-07-08,4.693550428364271,4.7080072804140825,4.510434438443885,4.534528732299805,358220,0.0,0.0
2019-07-09,4.548985159297876,4.55862306073753,4.447789491983686,4.529709815979004,212083,0.0,0.0
2019-07-10,4.520072339810425,4.577898369328374,4.481521653465126,4.534528732299805,233381,0.0,0.0
2019-07-11,4.52971013657908,4.568260825945335,4.481522004651496,4.548985481262207,286294,0.0,0.0
2019-07-12,4.548985411928907,4.621268298059286,4.529710067539565,4.558623313903809,285458,0.0,0.0
2019-07-15,4.563442011457357,4.563442011457357,4.486340638181866,4.529709815979004,226565,0.0,0.0
2019-07-16,4.515253452410616,4.6164491203754405,4.505616010469434,4.587536334991455,385070,0.0,0.0
2019-07-17,4.57307987139174,4.626087415034733,4.520072787309225,4.597174167633057,309622,0.0,0.0
2019-07-18,4.558623477471141,4.621268463874374,4.553804526310782,4.597174167633057,124761,0.0,0.0
2019-07-19,4.5778986139185855,4.6068118600025665,4.491159335227098,4.505616188049316,318232,0.0,0.0
2019-07-22,4.4815219882230215,4.529710119973957,4.4092391012559204,4.433333396911621,180953,0.0,0.0
2019-07-23,4.447789587483528,4.587536403996445,4.447789587483528,4.5778985023498535,196106,0.0,0.0
2019-07-24,4.577898571500428,4.587536473292603,4.544166834348716,4.568260669708252,133489,0.0,0.0
2019-07-25,4.548985446558873,4.6212683332395175,4.510434757486714,4.553804397583008,103800,0.0,0.0
2019-07-26,4.510434748892112,4.539347995421369,4.495978355407715,4.495978355407715,87337,0.0,0.0
2019-07-29,4.500797070535936,4.505616021298327,4.4477895312705,4.467065334320068,75037,0.0,0.0
2019-07-30,4.587536531999093,4.587536531999093,4.380326236420174,4.38514518737793,202448,0.0,0.0
2019-07-31,4.370688438415527,4.4188770300178275,4.370688438415527,4.370688438415527,116421,0.0,0.0
2019-08-01,4.3562321314428685,4.404420724004066,4.308043538881672,4.361051082611084,325317,0.0,0.0
2019-08-02,4.365869746553724,4.365869746553724,4.264674076481141,4.33695650100708,128504,0.0,0.0
2019-08-05,4.317680990377536,4.3706880690116146,4.293586696612799,4.298405647277832,201839,0.0,0.0
2019-08-06,4.298405681660611,4.3514127607186905,4.288767780253451,4.293586730957031,134733,0.0,0.0
2019-08-07,4.336956432099449,4.370688168400882,4.269492499936144,4.346594333648682,193532,0.0,0.0
2019-08-08,4.380326017875854,4.380326017875854,4.322499987949229,4.351412773132324,168029,0.0,0.0
2019-08-09,4.312862352868655,4.356231992882158,4.206847728342367,4.259855270385742,301692,0.0,0.0
2019-08-12,4.274311518623057,4.33695650100708,4.240579781785679,4.33695650100708,145921,0.0,0.0
2019-08-13,4.308043135797247,4.370688116441199,4.283949301331479,4.351412773132324,204622,0.0,0.0
2019-08-14,4.365869647830331,4.365869647830331,4.245398636637622,4.2887678146362305,169438,0.0,0.0
2019-08-16,4.283949301331479,4.409238803058948,4.283949301331479,4.351412773132324,203650,0.0,0.0
2019-08-19,4.380326017875854,4.394782410467402,4.332137429823449,4.351412773132324,380856,0.0,0.0
2019-08-20,4.332137609431363,4.336956560348481,4.259855183916403,4.2694926261901855,210765,0.0,0.0
2019-08-21,4.274311765708505,4.394782786589445,4.274311765708505,4.365869998931885,417210,0.0,0.0
2019-08-22,4.3562321108636235,4.529710216055544,4.3562321108636235,4.481522083282471,271290,0.0,0.0
2019-08-23,4.505616056074665,4.520072448912983,4.438152123561775,4.462246417999268,155598,0.0,0.0
2019-08-26,4.5007970821814975,4.5538041620236465,4.481521738642494,4.524891376495361,130539,0.0,0.0
2019-08-27,4.520072403161427,4.592354826181828,4.515253452410616,4.587536334991455,363219,0.0,0.0
2019-08-28,4.597173776932638,4.611630169624631,4.5345287958534195,4.587536334991455,269995,0.0,0.0
2019-08-29,4.587536380739746,4.674275197317125,4.587536380739746,4.640543460845947,176268,0.0,0.0
2019-08-30,4.606812069953775,4.65981915403629,4.57307987139174,4.597174167633057,122894,0.0,0.0
2019-09-02,4.6164495127140155,4.6164495127140155,4.577898822552099,4.597174167633057,80510,0.0,0.0
2019-09-03,4.626087021877061,4.630905513067433,4.558623090047032,4.587536334991455,88310,0.0,0.0
2019-09-04,4.587536697398567,4.669456568831673,4.587536697398567,4.65981912612915,104618,0.0,0.0
2019-09-05,4.669456292031702,4.698369537546276,4.645362456923412,4.6935505867004395,75144,0.0,0.0
2019-09-06,4.70318857507415,4.712826017383,4.654999984848537,4.683913230895996,118367,0.0,0.0
2019-09-09,4.708007415660827,4.756195545196533,4.669456268647639,4.756195545196533,158603,0.0,0.0
2019-09-10,4.761014404804215,4.886304366405482,4.727282668819426,4.8284783363342285,457889,0.0,0.0
2019-09-11,4.847753679691313,4.915217151660891,4.77547079743192,4.8284783363342285,340377,0.0,0.0
2019-09-12,4.838115778232553,4.876666464946722,4.7802897481613,4.8284783363342285,246635,0.0,0.0
2019-09-13,4.818840469858242,5.030869248325411,4.818840469858242,5.001956462860107,392953,0.0,0.0
2019-09-16,4.953768018545748,4.963405920355044,4.8670292000643585,4.9248552322387695,126988,0.0,0.0
2019-09-17,4.87666688674732,4.9055801340639755,4.765833767747835,4.775471210479736,202622,0.0,0.0
2019-09-18,4.83811596888139,4.857391312998032,4.775470985612194,4.804384231567383,114380,0.0,0.0
2019-09-19,4.84775407857362,4.915217556094219,4.799565486435643,4.895942211151123,135196,0.0,0.0
2019-09-20,4.886304378509522,4.9441304087240185,4.8766664770268875,4.8863043785095215,197892,0.0,0.0
2019-09-23,4.847753818428923,4.847753818428923,4.785108835835456,4.809202671051025,119486,0.0,0.0
2019-09-24,4.847753702379247,4.847753702379247,4.756195476334268,4.765833377838135,75683,0.0,0.0
2019-09-25,4.7658333658593826,4.804384052657076,4.481521706056062,4.708007335662842,652049,0.0,0.0
2019-09-26,4.7031887397720995,4.761014774331534,4.683913394918954,4.722464084625244,76261,0.0,0.0
2019-09-27,4.674275492712146,4.770652216977871,4.674275492712146,4.722464084625244,127030,0.0,0.0
2019-09-30,4.722463740191612,4.8092025559242195,4.722463740191612,4.765833377838135,124500,0.0,0.0
2019-10-01,4.794746209262076,4.857391190957333,4.7802898164279215,4.818840503692627,123887,0.0,0.0
2019-10-02,4.761014774331534,4.847754055950922,4.698369788668695,4.722464084625244,173804,0.0,0.0
2019-10-03,4.68873156701678,4.741739106421858,4.659818781487138,4.703188419342041,155560,0.0,0.0
2019-10-04,4.6742753982543945,4.722463989193698,4.630905758321115,4.6742753982543945,96845,0.0,0.0
2019-10-07,4.654999745584246,4.712825775146484,4.573079422147635,4.712825775146484,110380,0.0,0.0
2019-10-08,4.65018106831385,4.683913265545496,4.592355035351616,4.679094314575195,89003,0.0,0.0
2019-10-09,4.626087113100512,4.75137661816914,4.626087113100512,4.6935505867004395,92589,0.0,0.0
2019-10-10,4.751376559943767,4.765833412304117,4.688731578396908,4.761014461517334,51330,0.0,0.0
2019-10-11,4.7802899121998665,4.876666632292515,4.746558175057553,4.867029190063477,191175,0.0,0.0
2019-10-14,4.876666797008123,4.905580043792725,4.818840762999386,4.905580043792725,161562,0.0,0.0
2019-10-15,4.915217408677486,5.0019566881001785,4.867029277545236,4.973043441772461,310229,0.0,0.0
2019-10-16,4.934492854819194,5.0790581703186035,4.915217510056637,5.0790581703186035,335503,0.0,0.0
2019-10-17,5.098333261685371,5.098333261685371,4.992318640980181,5.050144672393799,359268,0.0,0.0
2019-10-18,5.03086932858926,5.0790579178808315,4.944130511249056,5.050144672393799,251270,0.0,0.0
2019-10-21,5.059782660723981,5.088695906706146,4.973043382337939,5.0405073165893555,336659,0.0,0.0
2019-10-22,4.973043544344307,5.107971417242673,4.915217510056637,5.0790581703186035,344526,0.0,0.0
2019-10-23,5.107971163367864,5.107971163367864,4.992318640980181,5.050144672393799,161488,0.0,0.0
2019-10-24,5.107971480060203,5.107971480060203,4.973043605502502,5.011594295501709,160387,0.0,0.0
2019-10-25,4.973043450748408,5.030869483947754,4.953768106348625,5.030869483947754,146724,0.0,0.0
2019-10-28,4.963405940050853,5.069420562571521,4.963405940050853,5.0405073165893555,83196,0.0,0.0
2019-10-29,4.973043476404398,5.088696002960205,4.973043476404398,5.088696002960205,73927,0.0,0.0
2019-10-30,5.050144819232428,5.069420623157879,4.847753933180244,4.973043441772461,370856,0.0,0.0
2019-10-31,5.011593973981495,5.011593973981495,4.915217255166552,4.992318630218506,36848,0.0,0.0
2019-11-01,5.040507149854138,5.040507149854138,4.973043217834364,5.001956462860107,34543,0.0,0.0
2019-11-04,4.98268107512788,5.1465217231781875,4.973043173684717,5.127246379852295,219429,0.0,0.0
2019-11-05,5.098333310058355,5.262173963731684,5.098333310058355,5.223623275756836,424708,0.0,0.0
2019-11-06,5.223623423262396,5.310362703435387,5.11760879855768,5.146522045135498,280688,0.0,0.0
2019-11-07,5.107971048542639,5.281449138883773,5.107971048542639,5.185072422027588,216363,0.0,0.0
2019-11-08,5.1754348406853055,5.242898776437796,5.117608806994798,5.204348087310791,251895,0.0,0.0
2019-11-11,5.204348078730671,5.25253621027975,5.098333454025956,5.146522045135498,307930,0.0,0.0
2019-11-12,5.22362335437692,5.300724731487058,5.146521977266781,5.271811485290527,269443,0.0,0.0
2019-11-13,5.262173953328121,5.271811395522554,5.146521889632227,5.165797233581543,159113,0.0,0.0
2019-11-14,5.213985207304225,5.2718112374179364,5.146521735285114,5.185072422027588,83589,0.0,0.0
2019-11-15,5.281449138883773,5.281449138883773,5.136883833819277,5.185072422027588,133388,0.0,0.0
2019-11-18,5.175434520561751,5.194709863932988,5.127246391913876,5.185072422027588,76570,0.0,0.0
2019-11-19,5.165797459462362,5.242898838630977,5.1368842124938965,5.1368842124938965,102547,0.0,0.0
2019-11-20,5.1465217231781875,5.165797066504081,5.117608478409131,5.127246379852295,112663,0.0,0.0
2019-11-21,5.098333454025956,5.185072734198947,5.098333454025956,5.146522045135498,204574,0.0,0.0
2019-11-22,5.175434665312231,5.2043479109579724,5.10797119140625,5.10797119140625,186867,0.0,0.0
2019-11-25,5.136884134428033,5.213985512424928,5.0597827564311375,5.088696002960205,142484,0.0,0.0
2019-11-26,5.136884056732259,5.156159400939942,5.08869592599328,5.156159400939941,264196,0.0,0.0
2019-11-27,5.185072819651843,5.339275578446986,5.185072819651843,5.252536296844482,402813,0.0,0.0
2019-11-28,5.252535952305919,5.252535952305919,5.117608547210693,5.117608547210693,181994,0.0,0.0
2019-11-29,5.098333368316894,5.175434745147625,5.098333368316894,5.156159400939941,121565,0.0,0.0
2019-12-02,5.127246379852295,5.194709851712703,5.107971036526402,5.127246379852295,153040,0.0,0.0
2019-12-03,5.156159293098989,5.156159293098989,5.021231886467214,5.050144672393799,105372,0.0,0.0
2019-12-04,5.021231817952347,5.079057848576927,5.011593916401363,5.0597825050354,292598,0.0,0.0
2019-12-05,5.1272467539510735,5.136884196536978,5.001956783411033,5.0212321281433105,247859,0.0,0.0
2019-12-06,5.040507472875588,5.050144915461494,4.963406093946477,5.0212321281433105,95828,0.0,0.0
2019-12-09,5.050144915461494,5.059782817607866,5.001956783411033,5.0212321281433105,96943,0.0,0.0
2019-12-10,5.040507385927875,5.0694206323077795,4.982681352728529,5.030869483947754,135241,0.0,0.0
2019-12-11,5.001956697128311,5.050144828347537,4.982681352728529,5.030869483947754,66905,0.0,0.0
2019-12-12,4.992318640980181,5.069420475758785,4.963405855053595,5.050144672393799,297553,0.0,0.0
2019-12-13,5.088695819563324,5.107971163367864,5.011593984784721,5.050144672393799,151647,0.0,0.0
2019-12-16,5.059782436257027,5.088695680956516,5.011593848278025,5.069420337677002,161486,0.0,0.0
2019-12-17,5.098333348993232,5.098333348993232,5.01159407060719,5.0405073165893555,107287,0.0,0.0
2019-12-18,5.021232197781749,5.040507542781352,4.963406162782937,5.011594295501709,105766,0.0,0.0
2019-12-19,4.963406162782937,5.01159429550171,4.9537682605028985,5.011594295501709,175385,0.0,0.0
2019-12-20,5.001956618510888,5.030869404875899,4.963405930317237,4.9826812744140625,195636,0.0,0.0
2019-12-23,4.9923185613313805,5.040507149854138,4.9923185613313805,5.001956462860107,62039,0.0,0.0
2019-12-27,4.963406162782937,5.01159429550171,4.963406162782937,5.011594295501709,32173,0.0,0.0
2019-12-30,5.059782493351154,5.059782493351154,4.963405775866077,5.001956462860107,71998,0.0,0.0
2020-01-02,5.040507385927875,5.040507385927875,4.99231879514819,5.030869483947754,70201,0.0,0.0
2020-01-03,5.030869394778297,5.030869394778297,4.9055798881806325,4.9248552322387695,93040,0.0,0.0
2020-01-06,4.9248550653191865,4.9248550653191865,4.780289760002727,4.8863043785095215,142066,0.0,0.0
2020-01-07,4.905580113402908,4.953768245980411,4.838116176321835,4.895942211151123,144546,0.0,0.0
2020-01-08,4.838116115629375,4.963406085968018,4.838116115629375,4.963406085968018,91554,0.0,0.0
2020-01-09,4.963406155592493,5.021232190507532,4.886304775705774,4.953768253326416,192899,0.0,0.0
2020-01-10,4.915217175727401,5.001956451039202,4.915217175727401,4.9441304206848145,66722,0.0,0.0
2020-01-13,4.915217563383057,5.001956845535852,4.915217563383057,4.953768253326416,72899,0.0,0.0
2020-01-14,4.895942055267785,4.963405990200854,4.895942055267785,4.915217399597168,107678,0.0,0.0
2020-01-15,4.963406069440077,4.963406069440077,4.780290065607322,4.847754001617432,232295,0.0,0.0
2020-01-16,4.867029346254539,4.886304690891647,4.828478656980324,4.847754001617432,59828,0.0,0.0
2020-01-17,4.818840677950254,4.915217399597168,4.818840677950254,4.915217399597168,168458,0.0,0.0
2020-01-20,4.915217330429474,4.963405920355044,4.8477538560062206,4.9248552322387695,128379,0.0,0.0
2020-01-21,4.905579898026762,4.9826812744140625,4.876666652101298,4.9826812744140625,153892,0.0,0.0
2020-01-22,5.001956767140618,5.011594209695175,4.857391452338544,4.905580043792725,248515,0.0,0.0
2020-01-23,4.915217151660891,4.915217151660891,4.818840434875469,4.8284783363342285,125182,0.0,0.0
2020-01-24,4.847753846044946,4.915217320329575,4.8284785020264165,4.867029190063477,134451,0.0,0.0
2020-01-27,4.8766665230374855,4.895941866624177,4.741739117930642,4.761014461517334,119554,0.0,0.0
2020-01-28,4.770652034692921,4.88630455895322,4.703188560064905,4.804384231567383,179377,0.0,0.0
2020-01-29,4.80920285278275,4.905580035528754,4.804384361293823,4.847754001617432,152639,0.0,0.0
2020-01-30,4.818840808890969,4.818840808890969,4.71764513352184,4.722464084625244,265576,0.0,0.0
2020-01-31,4.785108756120872,4.785108756120872,4.582717418670654,4.582717418670654,239743,0.0,0.0
2020-02-03,4.587536283338978,4.645362313016305,4.582717332642425,4.592354774475098,236409,0.0,0.0
2020-02-04,4.577898360430453,4.722463663724553,4.577898360430453,4.654999732971191,366971,0.0,0.0
2020-02-05,4.814021698996217,4.814021698996217,4.630905699151217,4.741739273071289,267906,0.0,0.0
2020-02-06,4.814021496071074,4.915217163836552,4.785108710744044,4.8863043785095215,381111,0.0,0.0
2020-02-07,5.011594209695175,5.030869554364753,4.857391452338544,4.905580043792725,292547,0.0,0.0
2020-02-10,4.876666464946722,4.95376783837506,4.8284783363342285,4.8284783363342285,124459,0.0,0.0
2020-02-11,4.867029190063477,4.924855222119065,4.799565256218397,4.867029190063477,151568,0.0,0.0
2020-02-12,4.867029058380999,5.050144591822426,4.867029058380999,5.001956462860107,508068,0.0,0.0
2020-02-13,4.9152174944345495,4.963406085968018,4.867029362461549,4.963406085968018,185673,0.0,0.0
2020-02-14,4.973043441772461,5.030869474867436,4.944130655005203,4.973043441772461,248019,0.0,0.0
2020-02-17,5.021232197781749,5.07905823278056,4.92485547278373,5.011594295501709,462084,0.0,0.0
2020-02-18,5.079057966070931,5.300724651706531,5.079057966070931,5.223623275756836,764920,0.0,0.0
2020-02-19,5.223623096481759,5.242898439807652,5.098333135083238,5.127246379852295,326179,0.0,0.0
2020-02-20,5.156159391279354,5.185072637316934,5.069420572287523,5.098333358764648,246478,0.0,0.0
2020-02-21,5.030869236436178,5.079057824845054,4.905579733781888,4.9441304206848145,215225,0.0,0.0
2020-02-24,4.785108656769605,4.809202491083547,4.693550431959071,4.712825775146484,476228,0.0,0.0
2020-02-25,4.756195691858173,4.809202773850107,4.645362576904008,4.679094314575195,285483,0.0,0.0
2020-02-26,4.67909425534327,4.775470975726975,4.626087174022346,4.74655818939209,332009,0.0,0.0
2020-02-27,4.669456316048427,4.703188512582334,4.577898547308847,4.630905628204346,293972,0.0,0.0
2020-02-28,4.577898404056403,4.630905483293194,4.4429710008242935,4.529709815979004,406521,0.0,0.0
2020-03-02,4.57789883709974,4.71282625309522,4.3176814478996475,4.418877124786377,377960,0.0,0.0
2020-03-03,4.592354932954801,4.621268178571462,4.380326150154267,4.394782543182373,391513,0.0,0.0
2020-03-04,4.336956747191243,4.414058126944966,4.163478642745363,4.187572479248047,470401,0.0,0.0
2020-03-05,4.303224882220614,4.303224882220614,3.9225364861822714,3.9659056663513184,696267,0.0,0.0
2020-03-06,3.9032611327642703,3.989999952461827,3.830978246862438,3.9080796241760254,677190,0.0,0.0
2020-03-09,3.662318822597669,3.797246460963474,3.585217446263053,3.6189494132995605,806510,0.0,0.0
2020-03-10,3.7394204645018667,3.8020652184831913,3.5755798084424897,3.6141304969787598,987879,0.0,0.0
2020-03-11,3.8117028005865357,3.8117028005865357,3.618949362457935,3.7731521129608154,489832,0.0,0.0
2020-03-12,3.657500230812781,3.7635146270220314,3.4310145851499394,3.455108880996704,1028960,0.0,0.0
2020-03-13,3.7972464459939475,3.932173854047614,3.561123137229692,3.7394204139709473,851789,0.0,0.0
2020-03-16,3.647862388400737,4.004456709498487,3.4406520971614283,3.8309781551361084,918720,0.0,0.0
2020-03-17,4.062282818675587,4.081558162910564,3.585217474409313,3.7924275398254395,933048,0.0,0.0
2020-03-18,3.7586958755575455,3.845434926305403,3.705688562988183,3.7538769245147705,287888,0.0,0.0
2020-03-19,4.047825903132342,4.047825903132342,3.7105071544647217,3.7105071544647217,323031,0.0,0.0
2020-03-20,3.806884044736704,3.855072403828516,3.7346013912088747,3.777971029281616,290956,0.0,0.0
2020-03-23,3.734601562775326,3.763514579558668,3.5948552000990546,3.6382248401641846,526557,0.0,0.0
2020-03-24,3.816521690152271,3.82615936190396,3.676775334862674,3.6912317276000977,538901,0.0,0.0
2020-03-25,3.787608754658375,3.8550724583408775,3.662318789467789,3.681594133377075,571033,0.0,0.0
2020-03-26,3.6623189186226015,3.758695871348074,3.6334059017390294,3.724963903427124,332617,0.0,0.0
2020-03-27,3.7683334857506527,3.7683334857506527,3.5755798130411662,3.6430435180664062,481569,0.0,0.0
2020-03-30,3.5900362017534766,3.6815942019172323,3.5081161035040167,3.6141304969787598,166967,0.0,0.0
2020-03-31,3.594855166364302,3.7008695602416997,3.594855166364302,3.700869560241699,187290,0.0,0.0
2020-04-01,3.6623189368100513,3.671956609152437,3.5659422133861947,3.6044929027557373,202275,0.0,0.0
2020-04-02,3.604492723960999,3.6864130496978755,3.5996737731387256,3.686413049697876,159535,0.0,0.0
2020-04-03,3.6912318053317184,3.6912318053317184,3.585217413830643,3.681594133377075,134504,0.0,0.0
2020-04-06,3.7201448264329326,3.7779710880224253,3.6864130894343057,3.7105071544647217,237448,0.0,0.0
2020-04-07,3.8020651671057513,3.8068841179977806,3.7105071681792214,3.7394204139709473,291763,0.0,0.0
2020-04-08,3.7731522002659292,3.821340560913086,3.7394204627030336,3.821340560913086,188437,0.0,0.0
2020-04-09,3.8454347917999043,3.903261053389397,3.7105071544647217,3.7105071544647217,254071,0.0,0.0
2020-04-14,3.845434926305403,3.845434926305403,3.7105072842507254,3.7538769245147705,197890,0.0,0.0
2020-04-15,3.787608735710572,3.7924274567736753,3.6430434273338985,3.7731521129608154,150541,0.0,0.0
2020-04-16,3.7297826288613605,3.7586958755575455,3.6960508906828657,3.7538769245147705,194563,0.0,0.0
2020-04-17,3.7586957975752258,3.821340551369971,3.7008695351628194,3.763514518737793,245179,0.0,0.0
2020-04-20,3.79724645614624,3.816521800205441,3.7346014730637234,3.7972464561462402,153045,0.0,0.0
2020-04-21,3.855072523479232,3.855072523479232,3.6864131465330607,3.7924275398254395,213086,0.0,0.0
2020-04-22,3.7731522430465763,3.8165218830108643,3.7297826030822883,3.8165218830108643,184056,0.0,0.0
2020-04-23,3.932173801128723,3.9418117027830757,3.8165217386391594,3.893623113632202,213210,0.0,0.0
2020-04-24,3.8357972705413985,3.8743479599289126,3.8357972705413985,3.8695290088653564,150837,0.0,0.0
2020-04-27,3.903261053389397,3.92253639732582,3.8502535128938975,3.859891414642334,158377,0.0,0.0
2020-04-28,3.9225363590348152,3.932173801128723,3.855072426135681,3.893623113632202,211472,0.0,0.0
2020-04-29,3.922536383705247,3.9803624153137207,3.8743477942512956,3.9803624153137207,146690,0.0,0.0
2020-04-30,3.9803625630317097,4.038188596786205,3.859891544486395,3.903261184692383,215465,0.0,0.0
2020-05-04,3.9032611846923824,3.9273550207530734,3.859891544486395,3.903261184692383,206860,0.0,0.0
2020-05-05,3.951449155807495,4.004456695932175,3.8839856822821877,3.951449155807495,165665,0.0,0.0
2020-05-06,3.970724523989036,4.038188457489014,3.9273548852790827,4.038188457489014,282198,0.0,0.0
2020-05-07,4.03818868368101,4.129746457539009,4.009275436401367,4.009275436401367,99107,0.0,0.0
2020-05-08,4.096014690873517,4.18275397256313,3.7779712707588957,4.071920394897461,1674389,0.0,0.0
2020-05-11,4.221304394172441,4.240579737816864,4.096014430703476,4.105652332305908,215316,0.0,0.0
2020-05-12,4.2261233038964905,4.2261233038964905,4.129746127050706,4.168296813964844,67816,0.0,0.0
2020-05-13,4.139383972794755,4.250217081289678,4.139383972794755,4.235760688781738,157635,0.0,0.0
2020-05-14,4.20202924580536,4.20202924580536,4.0767392765139,4.0815582275390625,139837,0.0,0.0
2020-05-15,4.081558166206752,4.134565248005634,4.028550624847412,4.028550624847412,65330,0.0,0.0
2020-05-18,4.067101348800444,4.144203186035156,4.067101348800444,4.144203186035156,35279,0.0,0.0
2020-05-19,4.163478520625791,4.177934914015474,3.932173928588573,3.9659056663513184,234926,0.0,0.0
2020-05-20,3.9080796241760254,4.033369592090835,3.744239197384652,3.9080796241760254,344330,0.0,0.0
2020-05-21,3.985181390553836,3.985181390553836,3.821340507100282,3.917717456817627,146017,0.0,0.0
2020-05-22,3.826159491787174,3.9466302778826883,3.826159491787174,3.912898540496826,138306,0.0,0.0
2020-05-25,3.9128986355229203,3.9610872268676753,3.903261192990249,3.961087226867676,95962,0.0,0.0
2020-05-26,3.9466302188717752,4.004456710040697,3.9128984819902777,3.9803624153137207,324053,0.0,0.0
2020-05-27,4.009275246171801,4.038188492079586,3.94663026300531,4.033369541168213,480244,0.0,0.0
2020-05-28,4.033369482882162,4.144203054439827,3.9948187952691776,4.100833415985107,307046,0.0,0.0
2020-05-29,4.096014357093553,4.1731157302856445,4.057463670497508,4.1731157302856445,261647,0.0,0.0
2020-06-01,4.192391395568848,4.322500317493489,4.168297099705714,4.192391395568848,226972,0.0,0.0
2020-06-02,4.235761009408494,4.332137732690732,4.235761009408494,4.255036354064941,121061,0.0,0.0
2020-06-03,4.29840581331852,4.346594402709444,4.245398732636861,4.33695650100708,246917,0.0,0.0
2020-06-04,4.327318564889311,4.35141285939315,4.250217190125382,4.341775417327881,199728,0.0,0.0
2020-06-05,4.259855295399418,4.471884086136555,4.259855295399418,4.433333396911621,377002,0.0,0.0
2020-06-08,4.433333053218564,4.573079405715266,4.433333053218564,4.476702690124512,343161,0.0,0.0
2020-06-09,4.45260861994852,4.558623242202662,4.3321376045198665,4.447789669036865,244020,0.0,0.0
2020-06-10,4.409238815307617,4.505615991680158,4.380326030044204,4.409238815307617,187626,0.0,0.0
2020-06-11,4.38032627935074,4.38032627935074,4.149021686276537,4.202029228210449,213020,0.0,0.0
2020-06-12,4.057463855567152,4.187572313873224,3.980362478858301,4.149021625518799,547712,0.0,0.0
2020-06-15,4.076739108773104,4.336956479139028,4.067101207119337,4.221304416656494,168025,0.0,0.0
2020-06-16,4.279130649775618,4.3996016687685335,4.221304615806274,4.255036354064941,211155,0.0,0.0
2020-06-17,4.394782646128125,4.394782646128125,4.206847694118663,4.264674186706543,170856,0.0,0.0
2020-06-18,4.240579651898951,4.3514127607186905,4.240579651898951,4.293586730957031,110638,0.0,0.0
2020-06-19,4.317681241637478,4.341775536804341,4.19721022536362,4.206847667694092,170186,0.0,0.0
2020-06-22,4.182753918315693,4.283949592454314,4.182753918315693,4.197210311889648,99683,0.0,0.0
2020-06-23,4.317681170726168,4.317681170726168,4.182753763392351,4.216485500335693,76483,0.0,0.0
2020-06-24,4.226123269025533,4.274311397490373,4.1731157302856445,4.1731157302856445,68814,0.0,0.0
2020-06-25,4.202029141763652,4.274311567109541,4.110470912794376,4.211666584014893,67412,0.0,0.0
2020-06-26,4.283949423006868,4.298405816009015,4.1586594581604,4.1586594581604,37375,0.0,0.0
2020-06-29,4.153840721130872,4.317681382123954,4.153840721130872,4.308043479919434,92280,0.0,0.0
2020-06-30,4.327318419007617,4.327318419007617,4.192391017719386,4.240579605102539,77573,0.0,0.0
2020-07-01,4.240579784439979,4.255036177442126,4.1586594581604,4.1586594581604,116657,0.0,0.0
2020-07-02,4.173115915150276,4.375507258525456,4.173115915150276,4.3273186683654785,243351,0.0,0.0
2020-07-03,4.293586794248784,4.40923885547693,4.279130401485376,4.346594333648682,100268,0.0,0.0
2020-07-06,4.4285141463678235,4.476702734420228,4.322499987949229,4.351412773132324,149771,0.0,0.0
2020-07-07,4.317681434356986,4.375507469602246,4.264674350272284,4.303225040435791,99610,0.0,0.0
2020-07-08,4.303224742471733,4.322500086218822,4.221304416656494,4.221304416656494,102424,0.0,0.0
2020-07-09,4.221304405570607,4.308043222424494,4.149021522038517,4.163478374481201,179342,0.0,0.0
2020-07-10,4.124927900372407,4.312862396240234,4.124927900372407,4.312862396240234,108367,0.0,0.0
2020-07-13,4.394782761518234,4.394782761518234,4.240580002729674,4.308043479919434,109118,0.0,0.0
2020-07-14,4.3369565702216555,4.3369565702216555,4.211666603454076,4.3273186683654785,99470,0.0,0.0
2020-07-15,4.226123566860503,4.327318781636504,4.226123566860503,4.255036354064941,89869,0.0,0.0
2020-07-16,4.303224798469627,4.351412928684199,4.26949260180293,4.332137584686279,101893,0.0,0.0
2020-07-17,4.332137417464804,4.332137417464804,4.255036044449258,4.293586730957031,63437,0.0,0.0
2020-07-20,4.250217223927596,4.361050795702543,4.250217223927596,4.33695650100708,159763,0.0,0.0
2020-07-21,4.365869886391297,4.500797297622946,4.346594541929633,4.438152313232422,529779,0.0,0.0
2020-07-22,4.4815219882230215,4.4815219882230215,4.414058052299154,4.433333396911621,138216,0.0,0.0
2020-07-23,4.4333331849699364,4.467065381099489,4.341775417327881,4.341775417327881,163614,0.0,0.0
2020-07-24,4.341775573265102,4.3803262620316366,4.288768031540774,4.322500228881836,79497,0.0,0.0
2020-07-27,4.259854961078425,4.356231676576944,4.240579617978721,4.298405647277832,89239,0.0,0.0
2020-07-28,4.317681339088513,4.322500290142742,4.216485664752045,4.255036354064941,106849,0.0,0.0
2020-07-29,4.240579639471195,4.298405669063387,4.202028953076402,4.235760688781738,109802,0.0,0.0
2020-07-30,4.216485772149168,4.216485772149168,4.081558356117329,4.124927997589111,173861,0.0,0.0
2020-07-31,4.124927601820804,4.221304318310919,4.124927601820804,4.1731157302856445,75815,0.0,0.0
2020-08-03,4.197210311889648,4.2309420500823665,4.1056525398406425,4.197210311889648,123726,0.0,0.0
2020-08-04,4.216485664752045,4.279130649775618,4.18757241798714,4.255036354064941,152609,0.0,0.0
2020-08-05,4.3176810473340375,4.3176810473340375,4.182753643856221,4.2309417724609375,95896,0.0,0.0
2020-08-06,4.221304572669927,4.245398868134392,4.163478539291493,4.202029228210449,100409,0.0,0.0
2020-08-07,4.211666827751815,4.211666827751815,4.096014756681213,4.182754039764404,107565,0.0,0.0
2020-08-10,4.211666503942151,4.230941847638619,4.129746178342049,4.163478374481201,146062,0.0,0.0
2020-08-11,4.211666618639556,4.235760913806419,4.144203143644887,4.206847667694092,282744,0.0,0.0
2020-08-12,4.221304330564168,4.279130360626089,4.211666429106963,4.2309417724609375,186050,0.0,0.0
2020-08-13,4.211666705463604,4.2743116903647,4.192391360844842,4.197210311889648,129859,0.0,0.0
2020-08-14,4.182753832087686,4.206847667694092,4.096014553311162,4.206847667694092,141875,0.0,0.0
2020-08-17,4.230941917905971,4.230941917905971,4.149021590945339,4.1538405418396,51996,0.0,0.0
2020-08-18,4.144203030784733,4.173115816549214,4.11047083464558,4.163478374481201,46846,0.0,0.0
2020-08-19,4.1731160162260785,4.202029262934456,4.149021720562509,4.197210311889648,60155,0.0,0.0
2020-08-20,4.153840374591351,4.163478275991817,4.081557952329586,4.115289688110352,99084,0.0,0.0
2020-08-21,4.086376396358387,4.110470690021341,4.062282562255859,4.062282562255859,89203,0.0,0.0
2020-08-24,4.076739319167967,4.153840698135418,4.057463974426104,4.134565353393555,60586,0.0,0.0
2020-08-25,4.134565152756357,4.2116665279823255,4.100833415985107,4.100833415985107,154875,0.0,0.0
2020-08-26,4.153840663259258,4.15865961429438,3.8213406245834842,4.1393842697143555,191880,0.0,0.0
2020-08-27,4.110470892750901,4.14420308936689,4.091195548781958,4.096014499664307,48500,0.0,0.0
2020-08-28,4.144203342736517,4.177935081854357,4.071920453763386,4.124927997589111,43364,0.0,0.0
2020-08-31,4.144203054439827,4.144203054439827,4.071920170495146,4.100833415985107,89856,0.0,0.0
2020-09-01,4.139384039629726,4.139384039629726,4.033369420552103,4.047825813293457,150099,0.0,0.0
2020-09-02,4.086376657599045,4.100833510457296,4.028550624847412,4.028550624847412,102798,0.0,0.0
2020-09-03,4.043007687418457,4.071920475513765,3.999638045715013,4.004456996917725,216806,0.0,0.0
2020-09-04,4.009275058201501,4.110470724793627,4.009275058201501,4.057463645935059,102485,0.0,0.0
2020-09-07,4.091195416303824,4.091195416303824,4.052644729614258,4.052644729614258,30049,0.0,0.0
2020-09-08,4.096014401845224,4.110470794586578,4.043007322086632,4.047825813293457,111745,0.0,0.0
2020-09-09,4.081558356117329,4.134565440382574,4.067101502586415,4.124927997589111,205210,0.0,0.0
2020-09-10,4.139384346682206,4.187572479248047,4.120109001743775,4.187572479248047,129588,0.0,0.0
2020-09-11,4.1731157302856445,4.177934681000258,4.139383994404213,4.1731157302856445,94562,0.0,0.0
2020-09-14,4.192391430372773,4.192391430372773,4.163478642745363,4.187572479248047,184640,0.0,0.0
2020-09-15,4.192391475824792,4.192391475824792,4.071920453763386,4.124927997589111,309579,0.0,0.0
2020-09-16,4.120108725149114,4.120108725149114,4.033369448968993,4.105652332305908,164570,0.0,0.0
2020-09-17,4.0719200039847845,4.091195347003063,4.043007219237581,4.062282562255859,79754,0.0,0.0
2020-09-18,4.057463645935059,4.071920038430953,4.038188302753722,4.057463645935059,147600,0.0,0.0
2020-09-21,4.018913088893249,4.018913088893249,3.932173812005915,3.951449155807495,161270,0.0,0.0
2020-09-22,3.9996378326740416,3.9996378326740416,3.888804258717635,3.9418118000030518,166596,0.0,0.0
2020-09-23,3.9659056571612163,3.9659056571612163,3.8791668374636594,3.9080796241760254,120951,0.0,0.0
2020-09-24,3.859891339930633,3.9466301561854014,3.859891339930633,3.9273548126220703,135712,0.0,0.0
2020-09-25,3.9659056259075243,3.9659056259075243,3.8068841513415483,3.883985757827759,325189,0.0,0.0
2020-09-28,3.9369928355840655,4.062282802389346,3.874347852181425,3.912898540496826,1340941,0.0,0.0
2020-09-29,3.898442102515179,3.927354888639588,3.8550724637681157,3.859891414642334,128285,0.0,0.0
2020-09-30,3.8598915273631187,3.9032611673767095,3.8406159530835646,3.8454349040985107,72203,0.0,0.0
2020-10-01,3.9032611138469044,3.912898556184165,3.787608818656809,3.7924275398254395,127104,0.0,0.0
2020-10-02,3.8261594340595,3.840615827069549,3.782789795468905,3.8309781551361084,74458,0.0,0.0
2020-10-05,3.8743478323830445,3.8743478323830445,3.763514489152525,3.7972464561462402,154568,0.0,0.0
2020-10-06,3.7924275875239863,3.8357972274882743,3.7731522430465763,3.8165218830108643,158638,0.0,0.0
2020-10-07,3.826159382625033,3.830978103636864,3.7490580081939697,3.7490580081939697,124711,0.0,0.0
2020-10-08,3.782789862948519,3.782789862948519,3.734601502421704,3.763514518737793,146658,0.0,0.0
2020-10-09,3.7779711070754094,3.79242750021052,3.744239140126441,3.7683334350585938,38218,0.0,0.0
2020-10-12,3.763514548858196,3.763514548858196,3.7201449091468497,3.7297825813293457,57391,0.0,0.0
2020-10-13,3.720144864890024,3.7249638158140583,3.662318832482978,3.6767754554748535,128157,0.0,0.0
2020-10-14,3.671956578187968,3.7105072672324244,3.623768216882397,3.6382248401641846,318738,0.0,0.0
2020-10-15,3.6141303648364187,3.6623187237448604,3.527391318801224,3.570760726928711,244803,0.0,0.0
2020-10-16,3.585217471129484,3.594855143238156,3.4888405202625337,3.556304454803467,279300,0.0,0.0
2020-10-19,3.551485503859017,3.590036192293706,3.517753766368778,3.556304454803467,122750,0.0,0.0
2020-10-20,3.5273913905193353,3.575579750407531,3.5273913905193353,3.532210111618042,305421,0.0,0.0
2020-10-21,3.5322100716324303,3.623768069273653,3.48402171228974,3.5081160068511963,402695,0.0,0.0
2020-10-22,3.4792028685774827,3.4840218195502213,3.450289852081741,3.4647464752197266,280571,0.0,0.0
2020-10-23,3.493659423707485,3.551485455573321,3.484021751729846,3.532210111618042,373619,0.0,0.0
2020-10-26,3.5177537431271575,3.556304431307144,3.4599274810769516,3.4695651531219482,111861,0.0,0.0
2020-10-27,3.488840451773414,3.4936594026232637,3.4117390764176063,3.416558027267456,209250,0.0,0.0
2020-10-28,3.3731884773574303,3.4165581170245565,3.223804443790943,3.2575364112854004,326928,0.0,0.0
2020-10-29,3.271992689982726,3.271992689982726,3.0888766953393385,3.1226086616516113,479736,0.0,0.0
2020-10-30,3.10815218105408,3.271992839515305,3.035869753879053,3.2527174949645996,797279,0.0,0.0
2020-11-02,3.252717317154313,3.344275313655246,3.1997100076474108,3.3346376419067383,171590,0.0,0.0
2020-11-03,3.3635507557853126,3.4406521320343013,3.3587318048796373,3.4406521320343018,171217,0.0,0.0
2020-11-04,3.411739163420752,3.4888405407427303,3.373188474759763,3.4647464752197266,186725,0.0,0.0
2020-11-05,3.508116066032393,3.517753738063517,3.4406521320343013,3.4406521320343018,1208851,0.0,0.0
2020-11-06,3.537029119906219,3.6478624643381106,3.493659480412801,3.6141304969787598,499216,0.0,0.0
2020-11-09,3.6430435860877144,3.8454349347226264,3.6093116180551514,3.8117029666900635,482539,0.0,0.0
2020-11-10,3.8213404121770767,4.173115775879699,3.8020650686684583,4.047825813293457,778628,0.0,0.0
2020-11-11,4.033369705159959,4.115290035742268,3.941811931923512,4.071920394897461,364050,0.0,0.0
2020-11-12,4.023732142734313,4.086376667022705,3.9755435522165956,4.086376667022705,284504,0.0,0.0
2020-11-13,4.033369493313932,4.168296900308349,4.018913100311785,4.1586594581604,341735,0.0,0.0
2020-11-16,4.187572113280438,4.3369563681683845,4.177934671433712,4.293586730957031,407594,0.0,0.0
2020-11-17,4.2743117068539895,4.312862396240234,4.221304623838019,4.312862396240234,249007,0.0,0.0
2020-11-18,4.288768082537885,4.447789790480855,4.288768082537885,4.433333396911621,405576,0.0,0.0
2020-11-19,4.46224649736138,4.573079610360418,4.404420465419214,4.510434627532959,509532,0.0,0.0
2020-11-20,4.5393480387008776,4.601993023811158,4.481522004651496,4.548985481262207,517653,0.0,0.0
2020-11-23,4.587536724872816,4.664638105196649,4.563442428631499,4.597174167633057,506257,0.0,0.0
2020-11-24,4.664637876996671,4.664637876996671,4.577898598595516,4.626087188720703,535128,0.0,0.0
2020-11-25,4.664637789972942,4.664637789972942,4.500797138076471,4.6357245445251465,810731,0.0,0.0
2020-11-26,4.635724656245427,4.635724656245427,4.4718840004004194,4.563442230224609,261642,0.0,0.0
2020-11-27,4.529709845102609,4.6068116784342585,4.529709845102609,4.587536334991455,125430,0.0,0.0
2020-11-30,4.563442414513219,4.563442414513219,4.481522083282471,4.481522083282471,202228,0.0,0.0
2020-12-01,4.481521970462827,4.553804397583008,4.481521970462827,4.553804397583008,196640,0.0,0.0
2020-12-02,4.505615981500739,4.5923547966554485,4.375507069428021,4.529709815979004,376264,0.0,0.0
2020-12-03,4.539347717418657,4.582717354776229,4.491159129341258,4.529709815979004,145731,0.0,0.0
2020-12-04,4.539347769259504,4.558623112798507,4.467065345878351,4.524891376495361,159701,0.0,0.0
2020-12-07,4.534528922398974,4.563442168150282,4.438152202495365,4.510434627532959,109395,0.0,0.0
2020-12-08,4.481522004651496,4.548985481262207,4.462246659968369,4.548985481262207,85314,0.0,0.0
2020-12-09,4.54416687645432,4.573079662977846,4.500797237108577,4.505616188049316,134464,0.0,0.0
2020-12-10,4.553804484450213,4.553804484450213,4.404420676336108,4.5441670417785645,127733,0.0,0.0
2020-12-11,4.524891312456102,4.529709803602329,4.4285141365646385,4.471883773803711,197808,0.0,0.0
2020-12-14,4.524891557765886,4.548985393484528,4.442971229553223,4.442971229553223,78315,0.0,0.0
2020-12-15,4.4236959625982655,4.515253734787346,4.404420617950014,4.491159439086914,121669,0.0,0.0
2020-12-16,4.457427355915793,4.5297097778632285,4.356231689453125,4.356231689453125,289810,0.0,0.0
2020-12-17,4.414057999812238,4.414057999812238,4.298405933512638,4.322500228881836,276612,0.0,0.0
2020-12-18,4.293586973440024,4.308043366806764,4.206847694118663,4.264674186706543,362108,0.0,0.0
2020-12-21,4.173116137394948,4.255036469293411,4.10565265905067,4.182754039764404,190144,0.0,0.0
2020-12-22,4.192391326200479,4.279130606048363,4.158659588286508,4.202029228210449,119857,0.0,0.0
2020-12-23,4.144203109574851,4.255036223046607,4.144203109574851,4.211666584014893,134422,0.0,0.0
2020-12-28,4.255036174778777,4.341775451858262,4.255036174778777,4.33695650100708,148263,0.0,0.0
2020-12-29,4.336956535575872,4.336956535575872,4.230941913807091,4.332137584686279,167492,0.0,0.0
2020-12-30,4.3128624232796575,4.3128624232796575,4.250217437744141,4.250217437744141,72842,0.0,0.0
2021-01-04,4.2405799171294065,4.303224901512826,4.202029228210449,4.202029228210449,126540,0.0,0.0
2021-01-05,4.202029131661308,4.250217261922565,4.124927755594936,4.1538405418396,185033,0.0,0.0
2021-01-06,4.153840551826091,4.274311567109541,4.134565207763157,4.211666584014893,161915,0.0,0.0
2021-01-07,4.21166637354895,4.298405647277832,4.173115687349542,4.298405647277832,248161,0.0,0.0
2021-01-08,4.327318466761224,4.346594269575545,4.259854995152838,4.293586730957031,148220,0.0,0.0
2021-01-11,4.288768135070863,4.341775678074785,4.2598553475782435,4.308043479919434,92699,0.0,0.0
2021-01-12,4.303225012926539,4.365869998931885,4.279130716838256,4.365869998931885,133413,0.0,0.0
2021-01-13,4.336956346296447,4.404420277125036,4.31768100313977,4.356231689453125,150885,0.0,0.0
2021-01-14,4.351413050612457,4.365869903686321,4.279130623484991,4.317681312561035,84062,0.0,0.0
2021-01-15,4.293586875955016,4.35141290766951,4.216485500335693,4.216485500335693,121763,0.0,0.0
2021-01-18,4.216485379835566,4.264673968000718,4.19239108575299,4.2309417724609375,179479,0.0,0.0
2021-01-19,4.264673990810628,4.279130383513321,4.144202979313836,4.168296813964844,175518,0.0,0.0
2021-01-20,4.163478547889326,4.283949565899962,4.163478547889326,4.259855270385742,167620,0.0,0.0
2021-01-21,4.2694927040383925,4.274311655043378,4.202029228210449,4.202029228210449,154534,0.0,0.0
2021-01-22,4.206847637933567,4.259855178837765,3.9562681648280558,4.033369541168213,485362,0.0,0.0
2021-01-25,4.047825853997137,4.09119549221775,3.9803623808187987,3.9851813316345215,170318,0.0,0.0
2021-01-26,4.047826079950514,4.20202929773829,3.985181554091024,4.192391395568848,280910,0.0,0.0
2021-01-27,4.206847553127923,4.235760798452848,4.1201087362740365,4.163478374481201,205442,0.0,0.0
2021-01-28,4.144203134144837,4.192391264807641,4.081558150678782,4.149021625518799,141382,0.0,0.0
2021-01-29,4.1249277453979465,4.1634784333358335,4.086376597899609,4.096014499664307,151061,0.0,0.0
2021-02-01,4.149021789371185,4.202029332622225,4.139384346682206,4.187572479248047,137828,0.0,0.0
2021-02-02,4.21648539174478,4.2887678146362305,4.197210048336364,4.2887678146362305,196345,0.0,0.0
2021-02-03,4.385145101017119,4.476702869609055,4.341775462372352,4.394782543182373,539602,0.0,0.0
2021-02-04,4.389963764793475,4.491159439086914,4.303224943656574,4.491159439086914,430844,0.0,0.0
2021-02-05,4.481521783686156,4.616449189815333,4.481521783686156,4.5778985023498535,427139,0.0,0.0
2021-02-08,4.640543625933707,4.765833593798775,4.597173986321917,4.679094314575195,663791,0.0,0.0
2021-02-09,4.809202793570029,5.030869483947754,4.722463973551239,5.030869483947754,1705666,0.0,0.0
2021-02-10,5.030869554364753,5.059782801149355,4.857391452338544,4.905580043792725,719705,0.0,0.0
2021-02-11,4.9344927345935785,4.9344927345935785,4.818840668836024,4.857391357421875,361747,0.0,0.0
2021-02-12,4.838116038704239,4.867029285076699,4.7658336121137825,4.794746398925781,313641,0.0,0.0
2021-02-15,4.857391541723041,4.886304789039697,4.775471210479736,4.775471210479736,507626,0.0,0.0
2021-02-16,4.7995653057233225,4.828478551829567,4.722463928853945,4.741739273071289,207400,0.0,0.0
2021-02-17,4.7513767057393075,4.775471000852114,4.654999984848537,4.683913230895996,249619,0.0,0.0
2021-02-18,4.7031885374360005,4.7272828323559875,4.539347883452629,4.568260669708252,266529,0.0,0.0
2021-02-19,4.601992762258273,4.6116302042718615,4.544166731495417,4.582717418670654,271176,0.0,0.0
2021-02-22,4.582717418670654,4.616449155058877,4.534528829921387,4.582717418670654,138851,0.0,0.0
2021-02-23,4.5875365254183675,4.635724656245427,4.51043468888625,4.563442230224609,176456,0.0,0.0
2021-02-24,4.553804380466599,4.6742753982543945,4.544166938015016,4.6742753982543945,141501,0.0,0.0
2021-02-25,4.712826174723902,4.7176451258194385,4.650181189163342,4.664638042449951,181056,0.0,0.0
2021-02-26,4.6164493470718355,4.635724691461178,4.558623313903809,4.558623313903809,140497,0.0,0.0
2021-03-01,4.630905844341667,4.683913387271625,4.5345291202332945,4.664638042449951,155634,0.0,0.0
2021-03-02,4.683913133751324,4.698369526694999,4.592354906133675,4.6357245445251465,123595,0.0,0.0
2021-03-03,4.6405434264036485,4.712825849608389,4.616449132148589,4.645362377166748,196124,0.0,0.0
2021-03-04,4.606811604913445,4.669456125432472,4.568260459082645,4.654999732971191,107167,0.0,0.0
2021-03-05,4.626087079106629,4.717644846702499,4.587536391744111,4.69836950302124,165639,0.0,0.0
2021-03-08,4.722464092148974,4.780290126800537,4.664638057497412,4.780290126800537,422020,0.0,0.0
2021-03-09,4.77065207832348,4.857391357421875,4.77065207832348,4.857391357421875,267982,0.0,0.0
2021-03-10,4.838116038704239,4.847753940681879,4.7658336121137825,4.794746398925781,260589,0.0,0.0
2021-03-11,4.83811616897583,4.83811616897583,4.780290134234343,4.83811616897583,252321,0.0,0.0
2021-03-12,4.818840851674483,4.82847875396686,4.7224641265530884,4.775471210479736,203392,0.0,0.0
2021-03-15,4.799565384652377,4.828478631234101,4.74655830207309,4.7899274826049805,165980,0.0,0.0
2021-03-16,4.789927447936961,4.82847859628706,4.770652103542142,4.794746398925781,165944,0.0,0.0
2021-03-17,4.804384284593332,4.915217399597168,4.804384284593332,4.915217399597168,513861,0.0,0.0
2021-03-18,4.915217399597168,4.973043432585316,4.857391366609019,4.915217399597168,247168,0.0,0.0
2021-03-19,4.867029127410761,4.867029127410761,4.7610145068933365,4.814021587371826,315219,0.0,0.0
2021-03-22,4.818840527197352,4.818840527197352,4.693550563195715,4.756195545196533,278830,0.0,0.0
2021-03-23,4.727282690943545,4.780289770533496,4.7128258386877455,4.765833377838135,137940,0.0,0.0
2021-03-24,4.751376724827377,4.818840659502172,4.732101380571787,4.799565315246582,226314,0.0,0.0
2021-03-25,4.80920260209623,4.828478405289025,4.751376571199171,4.818840503692627,141260,0.0,0.0
2021-03-26,4.83811584732498,4.847753748921377,4.799565160060275,4.818840503692627,117251,0.0,0.0
2021-03-29,4.876666858803488,4.876666858803488,4.814021872943425,4.83811616897583,144560,0.0,0.0
2021-03-30,4.8573915212649315,4.895942211151123,4.828478733630524,4.895942211151123,212282,0.0,0.0
2021-03-31,4.905579938432557,4.905579938432557,4.799565315246581,4.799565315246582,167043,0.0,0.0
2021-04-01,4.804384335676075,4.84775397576843,4.780290040118048,4.7899274826049805,193816,0.0,0.0
2021-04-06,4.818840600236927,4.876666632292515,4.8043842071131415,4.867029190063477,346688,0.0,0.0
2021-04-07,4.867029127410761,4.876666569515739,4.785108801496448,4.814021587371826,195338,0.0,0.0
2021-04-08,4.828478358931952,4.838115800875381,4.703188396744317,4.765833377838135,210790,0.0,0.0
2021-04-09,4.761014816601646,4.785109112772114,4.7176451754069,4.775471210479736,135047,0.0,0.0
2021-04-12,4.7899274826049805,4.8188407291867055,4.703188661980735,4.7899274826049805,145315,0.0,0.0
2021-04-13,4.7995652288768875,4.857391260603061,4.775470934100869,4.809202671051025,156720,0.0,0.0
2021-04-14,4.818840824062001,4.8573915138896595,4.789927576911021,4.83811616897583,156040,0.0,0.0
2021-04-15,4.857391366609019,4.93449274392655,4.838116022279637,4.915217399597168,306046,0.0,0.0
2021-04-16,4.9344928935449754,4.944130795782127,4.83811616897583,4.83811616897583,200362,0.0,0.0
2021-04-19,4.857391444155752,4.895942133429967,4.8188407548815375,4.847754001617432,208213,0.0,0.0
2021-04-20,4.8670292499213765,4.8670292499213765,4.780289970990991,4.799565315246582,184166,0.0,0.0
2021-04-21,4.799565349914601,4.8140217433206,4.751376759147322,4.794746398925781,176559,0.0,0.0
2021-04-22,4.814021673845476,4.814021673845476,4.770652034692921,4.804384231567383,191037,0.0,0.0
2021-04-23,4.814021484146089,4.847753679691313,4.809202533416709,4.8284783363342285,123538,0.0,0.0
2021-04-26,4.8477538560062206,4.953768018545748,4.8477538560062206,4.9248552322387695,349152,0.0,0.0
2021-04-27,4.8670294235167155,4.924855458346004,4.8670294235167155,4.895942211151123,146683,0.0,0.0
2021-04-28,4.915217175727401,4.9730432060817895,4.905579733781888,4.9441304206848145,289292,0.0,0.0
2021-04-29,4.944130741266724,5.011594217941018,4.92485539656543,4.963406085968018,363703,0.0,0.0
2021-04-30,4.963406155592493,5.001956845535852,4.934492908354736,4.953768253326416,174185,0.0,0.0
2021-05-03,4.963405930317237,5.011594060779074,4.944130586220412,4.9826812744140625,155379,0.0,0.0
2021-05-04,5.011594217941018,5.021232120071899,4.934492839135843,4.963406085968018,206245,0.0,0.0
2021-05-05,4.973043382337939,5.0405073165893555,4.963405940050853,5.0405073165893555,239493,0.0,0.0
2021-05-06,5.050144854401294,5.127246691958653,5.040507411931913,5.088696002960205,316693,0.0,0.0
2021-05-07,5.146522045135498,5.146522045135498,5.079058109494231,5.146522045135498,304458,0.0,0.0
2021-05-10,5.146521758706513,5.300724506378174,5.146521758706513,5.300724506378174,502675,0.0,0.0
2021-05-11,5.242898854200022,5.329638135802525,5.194710262296304,5.252536296844482,526257,0.0,0.0
2021-05-12,5.271811249546034,5.271811249546034,5.146521747124975,5.242898464202881,255930,0.0,0.0
2021-05-13,5.223623132542343,5.339275193296089,5.156159200655773,5.300724506378174,317832,0.0,0.0
2021-05-14,5.320000171661377,5.348913418379089,5.291086924943664,5.320000171661377,299573,0.0,0.0
2021-05-17,5.349999904632568,5.5,5.349999904632568,5.5,329601,0.2,0.0
2021-05-18,5.519999980926514,5.53000020980835,5.389999866485596,5.389999866485596,309850,0.0,0.0
2021-05-19,5.369999885559082,5.400000095367432,5.159999847412109,5.260000228881836,438541,0.0,0.0
2021-05-20,5.300000190734863,5.300000190734863,5.139999866485596,5.199999809265137,212517,0.0,0.0
2021-05-21,5.230000019073486,5.239999771118164,5.150000095367432,5.210000038146973,156662,0.0,0.0
2021-05-24,5.199999809265137,5.289999961853027,5.199999809265137,5.260000228881836,115485,0.0,0.0
2021-05-25,5.25,5.289999961853027,5.199999809265137,5.21999979019165,180132,0.0,0.0
2021-05-26,5.239999771118164,5.239999771118164,5.119999885559082,5.199999809265137,198496,0.0,0.0
2021-05-27,5.190000057220459,5.300000190734863,5.190000057220459,5.260000228881836,602490,0.0,0.0
2021-05-28,5.300000190734863,5.360000133514404,5.28000020980835,5.360000133514404,270997,0.0,0.0
2021-05-31,5.360000133514404,5.440000057220459,5.360000133514404,5.440000057220459,174197,0.0,0.0
2021-06-01,5.440000057220459,5.489999771118164,5.429999828338623,5.449999809265137,199401,0.0,0.0
2021-06-02,5.429999828338623,5.46999979019165,5.400000095367432,5.429999828338623,110262,0.0,0.0
2021-06-03,5.46999979019165,5.599999904632568,5.449999809265137,5.570000171661377,469088,0.0,0.0
2021-06-04,5.579999923706055,5.579999923706055,5.480000019073486,5.519999980926514,265776,0.0,0.0
2021-06-07,5.5,5.550000190734863,5.46999979019165,5.539999961853027,206655,0.0,0.0
2021-06-08,5.559999942779541,5.559999942779541,5.46999979019165,5.550000190734863,175682,0.0,0.0
2021-06-09,5.550000190734863,5.550000190734863,5.46999979019165,5.489999771118164,135541,0.0,0.0
2021-06-10,5.489999771118164,5.510000228881836,5.429999828338623,5.46999979019165,176003,0.0,0.0
2021-06-11,5.440000057220459,5.460000038146973,5.409999847412109,5.460000038146973,105107,0.0,0.0
2021-06-14,5.510000228881836,5.510000228881836,5.429999828338623,5.489999771118164,114980,0.0,0.0
2021-06-15,5.519999980926514,5.519999980926514,5.420000076293945,5.460000038146973,140846,0.0,0.0
2021-06-16,5.449999809265137,5.449999809265137,5.349999904632568,5.349999904632568,139745,0.0,0.0
2021-06-17,5.349999904632568,5.429999828338623,5.329999923706055,5.360000133514404,106382,0.0,0.0
2021-06-18,5.320000171661377,5.349999904632568,5.139999866485596,5.150000095367432,435821,0.0,0.0
2021-06-21,5.110000133514404,5.199999809265137,5.079999923706055,5.150000095367432,253801,0.0,0.0
2021-06-22,5.199999809265137,5.289999961853027,5.079999923706055,5.130000114440918,186055,0.0,0.0
2021-06-23,5.159999847412109,5.159999847412109,5.050000190734863,5.099999904632568,209924,0.0,0.0
2021-06-24,5.139999866485596,5.190000057220459,5.099999904632568,5.150000095367432,101242,0.0,0.0
2021-06-25,5.159999847412109,5.21999979019165,5.139999866485596,5.210000038146973,138796,0.0,0.0
2021-06-28,5.21999979019165,5.230000019073486,5.090000152587891,5.110000133514404,158282,0.0,0.0
2021-06-29,5.110000133514404,5.139999866485596,5.059999942779541,5.110000133514404,211875,0.0,0.0
2021-06-30,5.070000171661377,5.110000133514404,5.010000228881836,5.050000190734863,209044,0.0,0.0
2021-07-01,5.079999923706055,5.139999866485596,5.050000190734863,5.139999866485596,190076,0.0,0.0
2021-07-02,5.119999885559082,5.159999847412109,5.079999923706055,5.130000114440918,190584,0.0,0.0
2021-07-05,5.119999885559082,5.199999809265137,5.090000152587891,5.170000076293945,148017,0.0,0.0
2021-07-06,5.170000076293945,5.170000076293945,5.019999980926514,5.050000190734863,208649,0.0,0.0
2021-07-07,5.050000190734863,5.050000190734863,4.989999771118164,5.019999980926514,213974,0.0,0.0
2021-07-08,5.019999980926514,5.019999980926514,4.929999828338623,5.0,278893,0.0,0.0
2021-07-09,5.03000020980835,5.119999885559082,5.03000020980835,5.119999885559082,179006,0.0,0.0
2021-07-12,5.139999866485596,5.190000057220459,5.079999923706055,5.190000057220459,207380,0.0,0.0
2021-07-13,5.210000038146973,5.239999771118164,5.150000095367432,5.210000038146973,341110,0.0,0.0
2021-07-14,5.199999809265137,5.25,5.159999847412109,5.21999979019165,142220,0.0,0.0
2021-07-15,5.179999828338623,5.230000019073486,5.130000114440918,5.199999809265137,224529,0.0,0.0
2021-07-16,5.230000019073486,5.239999771118164,5.159999847412109,5.210000038146973,241886,0.0,0.0
2021-07-19,5.159999847412109,5.179999828338623,5.019999980926514,5.070000171661377,482771,0.0,0.0
2021-07-20,5.099999904632568,5.170000076293945,5.059999942779541,5.130000114440918,280106,0.0,0.0
2021-07-21,5.179999828338623,5.289999961853027,5.159999847412109,5.260000228881836,243501,0.0,0.0
2021-07-22,5.289999961853027,5.389999866485596,5.289999961853027,5.349999904632568,307348,0.0,0.0
2021-07-23,5.380000114440918,5.400000095367432,5.300000190734863,5.340000152587891,188838,0.0,0.0
2021-07-26,5.300000190734863,5.369999885559082,5.21999979019165,5.360000133514404,154951,0.0,0.0
2021-07-27,5.369999885559082,5.369999885559082,5.300000190734863,5.349999904632568,124179,0.0,0.0
2021-07-28,5.360000133514404,5.409999847412109,5.340000152587891,5.360000133514404,191706,0.0,0.0
2021-07-29,5.380000114440918,5.409999847412109,5.360000133514404,5.409999847412109,181064,0.0,0.0
2021-07-30,5.369999885559082,5.420000076293945,5.360000133514404,5.409999847412109,196771,0.0,0.0
2021-08-02,5.429999828338623,5.46999979019165,5.349999904632568,5.389999866485596,220153,0.0,0.0
2021-08-03,5.360000133514404,5.400000095367432,5.309999942779541,5.369999885559082,166565,0.0,0.0
2021-08-04,5.389999866485596,5.389999866485596,5.309999942779541,5.389999866485596,236315,0.0,0.0
2021-08-05,5.409999847412109,5.440000057220459,5.349999904632568,5.440000057220459,222237,0.0,0.0
2021-08-06,5.440000057220459,5.590000152587891,5.309999942779541,5.550000190734863,2033089,0.0,0.0
2021-08-09,5.570000171661377,5.599999904632568,5.539999961853027,5.599999904632568,316467,0.0,0.0
2021-08-10,5.599999904632568,5.610000133514404,5.550000190734863,5.599999904632568,230663,0.0,0.0
2021-08-11,5.619999885559082,5.690000057220459,5.570000171661377,5.679999828338623,355504,0.0,0.0
2021-08-12,5.650000095367432,5.690000057220459,5.570000171661377,5.650000095367432,335797,0.0,0.0
2021-08-13,5.639999866485596,5.670000076293945,5.599999904632568,5.650000095367432,278834,0.0,0.0
2021-08-16,5.619999885559082,5.650000095367432,5.579999923706055,5.639999866485596,195536,0.0,0.0
2021-08-17,5.619999885559082,5.639999866485596,5.539999961853027,5.590000152587891,315244,0.0,0.0
2021-08-18,5.599999904632568,5.630000114440918,5.570000171661377,5.610000133514404,190691,0.0,0.0
2021-08-19,5.519999980926514,5.570000171661377,5.489999771118164,5.550000190734863,244139,0.0,0.0
2021-08-20,5.550000190734863,5.550000190734863,5.460000038146973,5.53000020980835,194899,0.0,0.0
2021-08-23,5.570000171661377,5.570000171661377,5.489999771118164,5.53000020980835,109349,0.0,0.0
2021-08-24,5.53000020980835,5.559999942779541,5.46999979019165,5.559999942779541,249686,0.0,0.0
2021-08-25,5.579999923706055,5.619999885559082,5.539999961853027,5.610000133514404,142513,0.0,0.0
2021-08-26,5.599999904632568,5.610000133514404,5.559999942779541,5.599999904632568,177254,0.0,0.0
2021-08-27,5.599999904632568,5.659999847412109,5.570000171661377,5.650000095367432,176606,0.0,0.0
2021-08-30,5.659999847412109,5.679999828338623,5.630000114440918,5.650000095367432,90397,0.0,0.0
2021-08-31,5.639999866485596,5.739999771118164,5.599999904632568,5.679999828338623,269861,0.0,0.0
2021-09-01,5.710000038146973,5.739999771118164,5.639999866485596,5.690000057220459,221919,0.0,0.0
2021-09-02,5.659999847412109,5.690000057220459,5.630000114440918,5.670000076293945,115042,0.0,0.0
2021-09-03,5.659999847412109,5.670000076293945,5.619999885559082,5.659999847412109,147677,0.0,0.0
2021-09-06,5.650000095367432,5.699999809265137,5.630000114440918,5.690000057220459,133582,0.0,0.0
2021-09-07,5.699999809265137,5.699999809265137,5.610000133514404,5.690000057220459,194565,0.0,0.0
2021-09-08,5.650000095367432,5.71999979019165,5.610000133514404,5.710000038146973,331583,0.0,0.0
2021-09-09,5.659999847412109,5.730000019073486,5.650000095367432,5.71999979019165,1521432,0.0,0.0
2021-09-10,5.71999979019165,5.769999980926514,5.699999809265137,5.739999771118164,169132,0.0,0.0
2021-09-13,5.739999771118164,5.820000171661377,5.739999771118164,5.820000171661377,334118,0.0,0.0
2021-09-14,5.860000133514404,5.900000095367432,5.829999923706055,5.869999885559082,276410,0.0,0.0
2021-09-15,5.869999885559082,5.900000095367432,5.829999923706055,5.900000095367432,198009,0.0,0.0
2021-09-16,5.900000095367432,5.940000057220459,5.880000114440918,5.909999847412109,292206,0.0,0.0
2021-09-17,5.940000057220459,5.940000057220459,5.840000152587891,5.869999885559082,317119,0.0,0.0
2021-09-20,5.829999923706055,5.840000152587891,5.619999885559082,5.730000019073486,465281,0.0,0.0
2021-09-21,5.739999771118164,5.78000020980835,5.699999809265137,5.730000019073486,187591,0.0,0.0
2021-09-22,5.75,5.860000133514404,5.75,5.860000133514404,127869,0.0,0.0
2021-09-23,5.880000114440918,5.980000019073486,5.880000114440918,5.949999809265137,239845,0.0,0.0
2021-09-24,5.909999847412109,6.010000228881836,5.909999847412109,5.96999979019165,205567,0.0,0.0
2021-09-27,5.980000019073486,6.039999961853027,5.96999979019165,6.03000020980835,223537,0.0,0.0
2021-09-28,6.03000020980835,6.079999923706055,5.860000133514404,5.920000076293945,907473,0.0,0.0
2021-09-29,5.960000038146973,6.050000190734863,5.940000057220459,6.03000020980835,196939,0.0,0.0
2021-09-30,6.050000190734863,6.090000152587891,6.0,6.050000190734863,274169,0.0,0.0
2021-10-01,5.980000019073486,6.199999809265137,5.960000038146973,6.199999809265137,445279,0.0,0.0
2021-10-04,6.199999809265137,6.28000020980835,6.139999866485596,6.260000228881836,455482,0.0,0.0
2021-10-05,6.21999979019165,6.449999809265137,6.21999979019165,6.449999809265137,403797,0.0,0.0
2021-10-06,6.449999809265137,6.519999980926514,6.329999923706055,6.420000076293945,419619,0.0,0.0
2021-10-07,6.440000057220459,6.480000019073486,6.349999904632568,6.369999885559082,305217,0.0,0.0
2021-10-08,6.380000114440918,6.400000095367432,6.28000020980835,6.320000171661377,201847,0.0,0.0
2021-10-11,6.369999885559082,6.400000095367432,6.309999942779541,6.309999942779541,199639,0.0,0.0
2021-10-12,6.289999961853027,6.360000133514404,6.239999771118164,6.340000152587891,139673,0.0,0.0
2021-10-13,6.340000152587891,6.340000152587891,6.210000038146973,6.210000038146973,143143,0.0,0.0
2021-10-14,6.21999979019165,6.360000133514404,6.21999979019165,6.349999904632568,146931,0.0,0.0
2021-10-15,6.369999885559082,6.510000228881836,6.360000133514404,6.46999979019165,289557,0.0,0.0
2021-10-18,6.5,6.550000190734863,6.420000076293945,6.449999809265137,183089,0.0,0.0
2021-10-19,6.46999979019165,6.46999979019165,6.300000190734863,6.340000152587891,290042,0.0,0.0
2021-10-20,6.329999923706055,6.440000057220459,6.300000190734863,6.440000057220459,157720,0.0,0.0
2021-10-21,6.389999866485596,6.440000057220459,6.349999904632568,6.409999847412109,120296,0.0,0.0
2021-10-22,6.420000076293945,6.489999771118164,6.369999885559082,6.489999771118164,180211,0.0,0.0
2021-10-25,6.5,6.699999809265137,6.5,6.619999885559082,343360,0.0,0.0
2021-10-26,6.630000114440918,6.71999979019165,6.610000133514404,6.610000133514404,335904,0.0,0.0
2021-10-27,6.630000114440918,6.730000019073486,6.559999942779541,6.590000152587891,269417,0.0,0.0
2021-10-28,6.559999942779541,6.579999923706055,6.5,6.510000228881836,217095,0.0,0.0
2021-10-29,6.539999961853027,6.579999923706055,6.46999979019165,6.559999942779541,163644,0.0,0.0
2021-11-01,6.590000152587891,6.71999979019165,6.579999923706055,6.679999828338623,210892,0.0,0.0
2021-11-02,6.650000095367432,6.699999809265137,6.579999923706055,6.650000095367432,195242,0.0,0.0
2021-11-03,6.670000076293945,6.690000057220459,6.619999885559082,6.650000095367432,201177,0.0,0.0
2021-11-04,6.670000076293945,6.730000019073486,6.550000190734863,6.619999885559082,969068,0.0,0.0
2021-11-05,6.630000114440918,6.670000076293945,6.590000152587891,6.630000114440918,213874,0.0,0.0
2021-11-08,6.650000095367432,6.75,6.630000114440918,6.679999828338623,213270,0.0,0.0
2021-11-09,6.679999828338623,6.71999979019165,6.659999847412109,6.699999809265137,144448,0.0,0.0
2021-11-10,6.699999809265137,6.760000228881836,6.670000076293945,6.760000228881836,143264,0.0,0.0
2021-11-11,6.78000020980835,6.78000020980835,6.619999885559082,6.679999828338623,159147,0.0,0.0
2021-11-12,6.550000190734863,6.570000171661377,6.25,6.400000095367432,848516,0.0,0.0
2021-11-15,6.420000076293945,6.440000057220459,6.21999979019165,6.289999961853027,390775,0.0,0.0
2021-11-16,6.289999961853027,6.320000171661377,6.090000152587891,6.119999885559082,411992,0.0,0.0
2021-11-17,6.099999904632568,6.230000019073486,6.059999942779541,6.070000171661377,255497,0.0,0.0
2021-11-18,6.050000190734863,6.139999866485596,6.050000190734863,6.079999923706055,185092,0.0,0.0
2021-11-19,6.039999961853027,6.090000152587891,5.889999866485596,5.980000019073486,286818,0.0,0.0
2021-11-22,5.980000019073486,6.03000020980835,5.909999847412109,5.989999771118164,211119,0.0,0.0
2021-11-23,5.940000057220459,5.980000019073486,5.880000114440918,5.880000114440918,153946,0.0,0.0
2021-11-24,5.869999885559082,5.940000057220459,5.789999961853027,5.820000171661377,162828,0.0,0.0
2021-11-25,5.829999923706055,5.880000114440918,5.78000020980835,5.78000020980835,170398,0.0,0.0
2021-11-26,5.650000095367432,5.690000057220459,5.570000171661377,5.570000171661377,295625,0.0,0.0
2021-11-29,5.639999866485596,5.78000020980835,5.610000133514404,5.650000095367432,282080,0.0,0.0
2021-11-30,5.610000133514404,5.739999771118164,5.539999961853027,5.739999771118164,434315,0.0,0.0
2021-12-01,5.739999771118164,5.789999961853027,5.679999828338623,5.75,290116,0.0,0.0
2021-12-02,5.710000038146973,5.769999980926514,5.690000057220459,5.699999809265137,164705,0.0,0.0
2021-12-03,5.769999980926514,5.769999980926514,5.679999828338623,5.679999828338623,177854,0.0,0.0
2021-12-06,5.75,5.880000114440918,5.75,5.820000171661377,205510,0.0,0.0
2021-12-07,5.880000114440918,5.940000057220459,5.809999942779541,5.900000095367432,253623,0.0,0.0
2021-12-08,5.869999885559082,5.880000114440918,5.809999942779541,5.809999942779541,92236,0.0,0.0
2021-12-09,5.78000020980835,5.880000114440918,5.690000057220459,5.800000190734863,222257,0.0,0.0
2021-12-10,5.809999942779541,5.900000095367432,5.809999942779541,5.829999923706055,91635,0.0,0.0
2021-12-13,5.840000152587891,5.880000114440918,5.760000228881836,5.769999980926514,98130,0.0,0.0
2021-12-14,5.789999961853027,5.849999904632568,5.760000228881836,5.789999961853027,113051,0.0,0.0
2021-12-15,5.769999980926514,5.840000152587891,5.75,5.789999961853027,107804,0.0,0.0
2021-12-16,5.829999923706055,5.920000076293945,5.820000171661377,5.869999885559082,135043,0.0,0.0
2021-12-17,5.829999923706055,5.869999885559082,5.760000228881836,5.829999923706055,184296,0.0,0.0
2021-12-20,5.78000020980835,5.789999961853027,5.690000057220459,5.730000019073486,135638,0.0,0.0
2021-12-21,5.699999809265137,5.769999980926514,5.679999828338623,5.769999980926514,146137,0.0,0.0
2021-12-22,5.739999771118164,5.78000020980835,5.71999979019165,5.739999771118164,94664,0.0,0.0
2021-12-23,5.760000228881836,5.78000020980835,5.730000019073486,5.760000228881836,113266,0.0,0.0
2021-12-27,5.71999979019165,5.860000133514404,5.710000038146973,5.809999942779541,77407,0.0,0.0
2021-12-28,5.829999923706055,5.880000114440918,5.809999942779541,5.869999885559082,62254,0.0,0.0
2021-12-29,5.889999866485596,5.889999866485596,5.789999961853027,5.869999885559082,102195,0.0,0.0
2021-12-30,5.849999904632568,5.889999866485596,5.820000171661377,5.820000171661377,101145,0.0,0.0
2022-01-03,5.860000133514404,5.940000057220459,5.840000152587891,5.840000152587891,92848,0.0,0.0
2022-01-04,5.889999866485596,6.03000020980835,5.880000114440918,5.980000019073486,198807,0.0,0.0
2022-01-05,6.0,6.050000190734863,5.960000038146973,5.989999771118164,96968,0.0,0.0
2022-01-06,5.829999923706055,5.980000019073486,5.829999923706055,5.909999847412109,139820,0.0,0.0
2022-01-07,5.900000095367432,6.0,5.900000095367432,5.96999979019165,82949,0.0,0.0
2022-01-10,5.96999979019165,5.96999979019165,5.869999885559082,5.869999885559082,51997,0.0,0.0
2022-01-11,5.900000095367432,5.980000019073486,5.900000095367432,5.920000076293945,87100,0.0,0.0
2022-01-12,5.96999979019165,6.190000057220459,5.96999979019165,6.150000095367432,197468,0.0,0.0
2022-01-13,6.130000114440918,6.199999809265137,6.110000133514404,6.199999809265137,99863,0.0,0.0
2022-01-14,6.150000095367432,6.21999979019165,6.119999885559082,6.21999979019165,158403,0.0,0.0
2022-01-17,6.230000019073486,6.239999771118164,6.159999847412109,6.230000019073486,148903,0.0,0.0
2022-01-18,6.179999828338623,6.21999979019165,6.099999904632568,6.099999904632568,54678,0.0,0.0
2022-01-19,6.110000133514404,6.170000076293945,6.070000171661377,6.099999904632568,105768,0.0,0.0
2022-01-20,6.110000133514404,6.150000095367432,6.090000152587891,6.119999885559082,84301,0.0,0.0
2022-01-21,6.079999923706055,6.179999828338623,6.050000190734863,6.119999885559082,79538,0.0,0.0
2022-01-24,6.119999885559082,6.139999866485596,5.96999979019165,6.0,217248,0.0,0.0
2022-01-25,6.059999942779541,6.099999904632568,5.900000095367432,5.940000057220459,222142,0.0,0.0
2022-01-26,6.0,6.170000076293945,6.0,6.099999904632568,132024,0.0,0.0
2022-01-27,6.099999904632568,6.199999809265137,6.070000171661377,6.119999885559082,129885,0.0,0.0
2022-01-28,6.190000057220459,6.190000057220459,6.03000020980835,6.070000171661377,133725,0.0,0.0
2022-01-31,6.150000095367432,6.159999847412109,6.079999923706055,6.090000152587891,154245,0.0,0.0
2022-02-01,6.150000095367432,6.230000019073486,6.150000095367432,6.190000057220459,197338,0.0,0.0
2022-02-02,6.230000019073486,6.349999904632568,6.190000057220459,6.309999942779541,200356,0.0,0.0
2022-02-03,6.269999980926514,6.440000057220459,6.269999980926514,6.420000076293945,254731,0.0,0.0
2022-02-04,6.420000076293945,6.449999809265137,6.300000190734863,6.300000190734863,193129,0.0,0.0
2022-02-07,6.300000190734863,6.480000019073486,6.239999771118164,6.440000057220459,286440,0.0,0.0
2022-02-08,6.539999961853027,7.0,6.519999980926514,6.679999828338623,969420,0.0,0.0
2022-02-09,6.730000019073486,7.139999866485596,6.71999979019165,7.039999961853027,953438,0.0,0.0
2022-02-10,7.079999923706055,7.260000228881836,7.079999923706055,7.21999979019165,512859,0.0,0.0
2022-02-11,7.150000095367432,7.309999942779541,7.110000133514404,7.309999942779541,313030,0.0,0.0
2022-02-14,7.150000095367432,7.309999942779541,6.960000038146973,7.309999942779541,454469,0.0,0.0
2022-02-15,7.320000171661377,7.519999980926514,7.28000020980835,7.519999980926514,384093,0.0,0.0
2022-02-16,7.619999885559082,7.699999809265137,7.25,7.25,321252,0.0,0.0
2022-02-17,7.21999979019165,7.320000171661377,7.139999866485596,7.21999979019165,226521,0.0,0.0
2022-02-18,7.230000019073486,7.320000171661377,7.21999979019165,7.269999980926514,212628,0.0,0.0
2022-02-21,7.300000190734863,7.389999866485596,7.119999885559082,7.139999866485596,210223,0.0,0.0
2022-02-22,6.980000019073486,7.090000152587891,6.869999885559082,7.059999942779541,312274,0.0,0.0
2022-02-23,7.090000152587891,7.159999847412109,7.0,7.050000190734863,184924,0.0,0.0
2022-02-24,6.670000076293945,6.849999904632568,6.550000190734863,6.599999904632568,466668,0.0,0.0
2022-02-25,6.679999828338623,6.789999961853027,6.519999980926514,6.75,321872,0.0,0.0
2022-02-28,6.690000057220459,6.690000057220459,6.460000038146973,6.46999979019165,742369,0.0,0.0
2022-03-01,6.570000171661377,6.630000114440918,6.010000228881836,6.010000228881836,673386,0.0,0.0
2022-03-02,6.0,6.269999980926514,5.880000114440918,6.21999979019165,792929,0.0,0.0
2022-03-03,6.289999961853027,6.320000171661377,5.989999771118164,5.989999771118164,336474,0.0,0.0
2022-03-04,5.949999809265137,5.96999979019165,5.630000114440918,5.630000114440918,408661,0.0,0.0
2022-03-07,5.5,5.510000228881836,5.159999847412109,5.349999904632568,456685,0.0,0.0
2022-03-08,5.199999809265137,5.570000171661377,5.199999809265137,5.349999904632568,500238,0.0,0.0
2022-03-09,5.639999866485596,5.860000133514404,5.46999979019165,5.739999771118164,640699,0.0,0.0
2022-03-10,5.840000152587891,5.869999885559082,5.519999980926514,5.519999980926514,409214,0.0,0.0
2022-03-11,5.590000152587891,5.829999923706055,5.510000228881836,5.630000114440918,481206,0.0,0.0
2022-03-14,5.78000020980835,5.869999885559082,5.760000228881836,5.820000171661377,314032,0.0,0.0
2022-03-15,5.800000190734863,5.880000114440918,5.670000076293945,5.800000190734863,306378,0.0,0.0
2022-03-16,5.940000057220459,6.159999847412109,5.909999847412109,6.099999904632568,412740,0.0,0.0
2022-03-17,6.190000057220459,6.230000019073486,5.960000038146973,6.0,253028,0.0,0.0
2022-03-18,6.010000228881836,6.230000019073486,6.010000228881836,6.230000019073486,410271,0.0,0.0
2022-03-21,6.170000076293945,6.260000228881836,6.130000114440918,6.190000057220459,237464,0.0,0.0
2022-03-22,6.289999961853027,6.300000190734863,6.21999979019165,6.239999771118164,180542,0.0,0.0
2022-03-23,6.239999771118164,6.269999980926514,6.179999828338623,6.230000019073486,146119,0.0,0.0
2022-03-24,6.239999771118164,6.269999980926514,6.179999828338623,6.199999809265137,258377,0.0,0.0
2022-03-25,6.150000095367432,6.190000057220459,6.019999980926514,6.070000171661377,242335,0.0,0.0
2022-03-28,6.150000095367432,6.230000019073486,6.090000152587891,6.139999866485596,181555,0.0,0.0
2022-03-29,6.190000057220459,6.360000133514404,6.119999885559082,6.28000020980835,423891,0.0,0.0
2022-03-30,6.179999828338623,6.260000228881836,6.079999923706055,6.179999828338623,357689,0.0,0.0
2022-03-31,6.179999828338623,6.179999828338623,5.960000038146973,5.980000019073486,390320,0.0,0.0
2022-04-01,6.090000152587891,6.090000152587891,5.96999979019165,6.019999980926514,282536,0.0,0.0
2022-04-04,6.090000152587891,6.119999885559082,5.96999979019165,6.079999923706055,221488,0.0,0.0
2022-04-05,6.079999923706055,6.119999885559082,6.070000171661377,6.079999923706055,191003,0.0,0.0
2022-04-06,5.980000019073486,6.050000190734863,5.800000190734863,5.880000114440918,365075,0.0,0.0
2022-04-07,5.900000095367432,5.929999828338623,5.800000190734863,5.840000152587891,206124,0.0,0.0
2022-04-08,5.869999885559082,6.099999904632568,5.860000133514404,6.099999904632568,304139,0.0,0.0
2022-04-11,6.03000020980835,6.099999904632568,5.96999979019165,6.019999980926514,175398,0.0,0.0
2022-04-12,5.980000019073486,5.989999771118164,5.860000133514404,5.920000076293945,207283,0.0,0.0
2022-04-13,5.900000095367432,5.940000057220459,5.860000133514404,5.869999885559082,128482,0.0,0.0
2022-04-14,5.929999828338623,5.929999828338623,5.860000133514404,5.880000114440918,175131,0.0,0.0
2022-04-19,5.860000133514404,5.900000095367432,5.789999961853027,5.809999942779541,220363,0.0,0.0
2022-04-20,5.900000095367432,6.159999847412109,5.860000133514404,6.070000171661377,301299,0.0,0.0
2022-04-21,6.010000228881836,6.179999828338623,6.010000228881836,6.139999866485596,240011,0.0,0.0
2022-04-22,6.139999866485596,6.179999828338623,6.090000152587891,6.119999885559082,95761,0.0,0.0
2022-04-25,6.110000133514404,6.119999885559082,6.0,6.099999904632568,113086,0.0,0.0
2022-04-26,6.099999904632568,6.130000114440918,5.880000114440918,5.880000114440918,387499,0.0,0.0
2022-04-27,6.0,6.0,5.769999980926514,5.820000171661377,174605,0.0,0.0
2022-04-28,5.849999904632568,5.920000076293945,5.769999980926514,5.849999904632568,134670,0.0,0.0
2022-04-29,5.880000114440918,5.900000095367432,5.800000190734863,5.829999923706055,123605,0.0,0.0
2022-05-02,5.809999942779541,5.920000076293945,5.78000020980835,5.900000095367432,179203,0.0,0.0
2022-05-03,5.940000057220459,5.980000019073486,5.880000114440918,5.889999866485596,130830,0.0,0.0
2022-05-04,5.889999866485596,5.929999828338623,5.789999961853027,5.809999942779541,119566,0.0,0.0
2022-05-05,5.889999866485596,5.900000095367432,5.75,5.75,168840,0.0,0.0
2022-05-06,5.760000228881836,5.949999809265137,5.730000019073486,5.78000020980835,357201,0.0,0.0
2022-05-09,5.829999923706055,5.829999923706055,5.579999923706055,5.590000152587891,323808,0.0,0.0
2022-05-10,5.829999923706055,5.829999923706055,5.579999923706055,5.590000152587891,323808,0.0,0.0
