Date,Open,High,Low,Close,Volume,Dividends,Stock Splits
1980-03-17,0.0,0.7795324450480074,0.749259352684021,0.749259352684021,31050,0.0,0.0
1980-03-18,0.0,0.7416911847018444,0.7341226935386657,0.7341226935386658,17550,0.0,0.0
1980-03-19,0.0,0.7492592373915185,0.7341226935386657,0.7341226935386658,9450,0.0,0.0
1980-03-20,0.0,0.7341226935386657,0.7341226935386657,0.7341226935386658,4050,0.0,0.0
1980-03-21,0.0,0.7492593035875357,0.7189862132072448,0.7189862132072449,18900,0.0,0.0
1980-03-24,0.0,0.7189861488302682,0.6735765173257444,0.6962815523147583,16875,0.0,0.0
1980-03-25,0.0,0.6811450123786927,0.6811450123786927,0.6811450123786926,27675,0.0,0.0
1980-03-26,0.0,0.6811450123786927,0.6811450123786927,0.6811450123786926,7425,0.0,0.0
1980-03-27,0.0,0.6811450123786927,0.6811450123786927,0.6811450123786926,41175,0.0,0.0
1980-03-28,0.0,0.6962813842437973,0.6735763547354069,0.6887128949165344,11475,0.0,0.0
1980-03-31,0.0,0.6962815563001733,0.6811450123786927,0.6811450123786926,6075,0.0,0.0
1980-04-01,0.0,0.6735764145851135,0.6735764145851135,0.6735764145851135,6075,0.0,0.0
1980-04-02,0.0,0.6811450123786927,0.6660084684572121,0.6811450123786926,4725,0.0,0.0
1980-04-03,0.0,0.6660083532333374,0.658439912064513,0.6660083532333374,353025,0.0,0.0
1980-04-07,0.0,0.6735766527977878,0.6433036077587649,0.6508720517158508,18900,0.0,0.0
1980-04-08,0.0,0.6660083532333374,0.6433033707617546,0.6660083532333374,17550,0.0,0.0
1980-04-09,0.0,0.6584404200365287,0.635735809803009,0.635735809803009,85725,0.0,0.0
1980-04-10,0.0,0.6660083532333374,0.6508718119305791,0.6660083532333374,21600,0.0,0.0
1980-04-11,0.0,0.6735764046480012,0.658439912064513,0.6660083532333374,21600,0.0,0.0
1980-04-14,0.0,0.6508720517158508,0.6508720517158508,0.6508720517158508,229500,0.0,0.0
1980-04-15,0.0,0.6660083532333374,0.6433033707617546,0.6660083532333374,14850,0.0,0.0
1980-04-16,0.0,0.6735764046480012,0.6660083532333374,0.6660083532333374,6075,0.0,0.0
1980-04-17,0.0,0.6584402322769165,0.6433036836129576,0.6584402322769165,13500,0.0,0.0
1980-04-18,0.0,0.6584401546379204,0.6508720517158508,0.6508720517158508,12825,0.0,0.0
1980-04-21,0.0,0.6660085985950062,0.6508720517158508,0.6508720517158508,7425,0.0,0.0
1980-04-22,0.0,0.6584402322769165,0.6508721284624652,0.6584402322769165,16875,0.0,0.0
1980-04-23,0.0,0.6660083532333374,0.6508718119305791,0.6660083532333374,16200,0.0,0.0
1980-04-24,0.0,0.6811450123786927,0.673576521181199,0.6811450123786926,7425,0.0,0.0
1980-04-25,0.0,0.6660083532333374,0.6508718119305791,0.6660083532333374,16200,0.0,0.0
1980-04-28,0.0,0.6660085985950062,0.6433036077587649,0.6508720517158508,14850,0.0,0.0
1980-04-29,0.0,0.6508720517158508,0.6508720517158508,0.6508720517158508,29025,0.0,0.0
1980-04-30,0.0,0.6660083532333374,0.658439912064513,0.6660083532333374,20250,0.0,0.0
1980-05-01,0.0,0.6811450123786927,0.6660084684572121,0.6811450123786926,33750,0.0,0.0
1980-05-02,0.0,0.6962815523147583,0.6811450084799171,0.6962815523147583,20925,0.0,0.0
1980-05-05,0.0,0.7189862132072448,0.7038496680170994,0.7189862132072449,17550,0.0,0.0
1980-05-06,0.0,0.7265545129776001,0.7189860231464527,0.7265545129776001,25650,0.0,0.0
1980-05-07,0.0,0.7265547050390893,0.7189862132072448,0.7189862132072449,8100,0.0,0.0
1980-05-08,0.0,0.7416911847018444,0.718986149685813,0.7341226935386658,607500,0.0,0.0
1980-05-09,0.0,0.7492593451099518,0.7341227990809701,0.7416912913322449,4725,0.0,0.0
1980-05-12,0.0,0.7416912913322449,0.726554745303263,0.7416912913322449,37125,0.0,0.0
1980-05-13,0.0,0.7795320625356202,0.7568274736404419,0.7568274736404419,23625,0.0,0.0
1980-05-14,0.0,0.7719640351927272,0.7643955945968628,0.7643955945968628,18225,0.0,0.0
1980-05-15,0.0,0.7568274736404419,0.7568274736404419,0.7568274736404419,52650,0.0,0.0
1980-05-16,0.0,0.749259352684021,0.749259352684021,0.749259352684021,4725,0.0,0.0
1980-05-19,0.0,0.7568274736404419,0.7492589850264778,0.7568274736404419,30375,0.0,0.0
1980-05-20,0.0,0.764395523781049,0.7568274736404419,0.7568274736404419,6750,0.0,0.0
1980-05-21,0.0,0.7568274736404419,0.7492589850264778,0.7568274736404419,18225,0.0,0.0
1980-05-22,0.0,0.764395523781049,0.7568274736404419,0.7568274736404419,12825,0.0,0.0
1980-05-23,0.0,0.7643955945968628,0.7568275437551295,0.7643955945968628,58725,0.0,0.0
1980-05-27,0.0,0.7643958988660142,0.749259352684021,0.749259352684021,14850,0.0,0.0
1980-05-28,0.0,0.7568278373612266,0.726554745303263,0.7416912913322449,26325,0.0,0.0
1980-05-29,0.0,0.7568274736404419,0.7492589850264778,0.7568274736404419,14175,0.0,0.0
1980-05-30,0.0,0.764395523781049,0.7416909348858707,0.7568274736404419,19575,0.0,0.0
1980-06-02,0.0,0.7568274736404419,0.7568274736404419,0.7568274736404419,12825,0.0,0.0
1980-06-03,0.0,0.764395523781049,0.7568274736404419,0.7568274736404419,12825,0.0,0.0
1980-06-04,0.0,0.7568274736404419,0.7568274736404419,0.7568274736404419,8775,0.0,0.0
1980-06-05,0.0,0.764395523781049,0.7416909348858707,0.7568274736404419,224775,0.0,0.0
1980-06-06,0.0,0.7795321345329285,0.7568275435407622,0.7795321345329285,18900,0.0,0.0
1980-06-09,0.0,0.7795328351934744,0.7643962814358441,0.7719647288322449,10800,0.0,0.0
1980-06-10,0.0,0.7871005751266491,0.7643955943803519,0.7795321345329285,28350,0.0,0.0
1980-06-11,0.0,0.8249418735504149,0.787100362856859,0.824941873550415,74925,0.0,0.0
1980-06-12,0.0,0.8476467728614807,0.832510183326698,0.8476467728614807,41850,0.0,0.0
1980-06-13,0.0,0.8476467728614807,0.8476467728614807,0.8476467728614807,18225,0.0,0.0
1980-06-16,0.0,0.8476468828722529,0.8325102913729869,0.8400788307189941,33750,0.0,0.0
1980-06-17,0.0,0.8476465071387304,0.8249418735504149,0.824941873550415,24300,0.0,0.0
1980-06-18,0.0,0.8249418735504149,0.8098049477259213,0.824941873550415,12150,0.0,0.0
1980-06-19,0.0,0.8098049599092874,0.7871003746986389,0.7871003746986389,14175,0.0,0.0
1980-06-20,0.0,0.7795320625356202,0.7568274736404419,0.7568274736404419,23625,0.0,0.0
1980-06-23,0.0,0.7795321345329285,0.7568275435407622,0.7795321345329285,26325,0.0,0.0
1980-06-24,0.0,0.7795328351934744,0.7719647288322449,0.7719647288322449,13500,0.0,0.0
1980-06-25,0.0,0.7871005024303225,0.7568274736404419,0.7568274736404419,142425,0.0,0.0
1980-06-26,0.0,0.764395784710083,0.6811450123786927,0.6811450123786926,78975,0.0,0.0
1980-06-27,0.0,0.7038500905036926,0.6735769819519435,0.7038500905036926,34425,0.0,0.0
1980-06-30,0.0,0.7114179244249248,0.6735763547354069,0.6887128949165344,15525,0.0,0.0
1980-07-01,0.0,0.7114179244249248,0.6811448440626697,0.6887128949165344,22950,0.0,0.0
1980-07-02,0.0,0.6962815563001733,0.6811450123786927,0.6811450123786926,4725,0.0,0.0
1980-07-03,0.0,0.6811448945360957,0.6660083532333374,0.6660083532333374,33750,0.0,0.0
1980-07-07,0.0,0.7189862132072448,0.6735765776368086,0.7189862132072449,172800,0.0,0.0
1980-07-08,0.0,0.7265545129776001,0.7114179717887327,0.7265545129776001,29025,0.0,0.0
1980-07-09,0.0,0.7265547050390893,0.7114181598489437,0.7189862132072449,156600,0.0,0.0
1980-07-10,0.0,0.7265551411544077,0.7038500905036926,0.7038500905036926,24975,0.0,0.0
1980-07-11,0.0,0.7189862132072448,0.7038496680170994,0.7189862132072449,15525,0.0,0.0
1980-07-14,0.0,0.7189862653674532,0.7114182114601135,0.7114182114601135,12825,0.0,0.0
1980-07-15,0.0,0.7189862653674532,0.7038497190791987,0.7114182114601135,18900,0.0,0.0
1980-07-16,0.0,0.7189862132072448,0.7114181598489437,0.7189862132072449,16200,0.0,0.0
1980-07-17,0.0,0.7189862653674532,0.7114182114601135,0.7114182114601135,8775,0.0,0.0
1980-07-18,0.0,0.7189862653674532,0.7114182114601135,0.7114182114601135,45900,0.0,0.0
1980-07-21,0.0,0.7189862132072448,0.6962816146587983,0.7189862132072449,96525,0.0,0.0
1980-07-22,0.0,0.7038496049954269,0.6887130611605857,0.6962815523147583,32400,0.0,0.0
1980-07-23,0.0,0.7038500905036926,0.6887135362278181,0.7038500905036926,16200,0.0,0.0
1980-07-24,0.0,0.6962815563001733,0.6811450123786927,0.6811450123786926,32400,0.0,0.0
1980-07-25,0.0,0.6735764145851135,0.6660083630588001,0.6735764145851135,35775,0.0,0.0
1980-07-28,0.0,0.6811450123786927,0.6660084684572121,0.6811450123786926,25650,0.0,0.0
1980-07-29,0.0,0.6962815523147583,0.6811450084799171,0.6962815523147583,60075,0.0,0.0
1980-07-30,0.0,0.6962813842437973,0.6811448440626697,0.6887128949165344,71550,0.0,0.0
1980-07-31,0.0,0.6962813842437973,0.6887128949165344,0.6887128949165344,44550,0.0,0.0
1980-08-01,0.0,0.7038496049954269,0.6887130611605857,0.6962815523147583,91125,0.0,0.0
1980-08-04,0.0,0.7038500905036926,0.6962820326026586,0.7038500905036926,70875,0.0,0.0
1980-08-05,0.0,0.7114185868785331,0.7038500905036926,0.7038500905036926,35775,0.0,0.0
1980-08-06,0.0,0.7341226935386657,0.6962815531432862,0.7341226935386658,97200,0.0,0.0
1980-08-07,0.0,0.7265545129776001,0.7189860231464527,0.7265545129776001,48600,0.0,0.0
1980-08-08,0.0,0.7265545129776001,0.7265545129776001,0.7265545129776001,20250,0.0,0.0
1980-08-11,0.0,0.7265547050390893,0.7189862132072448,0.7189862132072449,54675,0.0,0.0
1980-08-12,0.0,0.7719643346709231,0.726554745303263,0.7416912913322449,59400,0.0,0.0
1980-08-13,0.0,0.7643958911389337,0.7416912913322449,0.7416912913322449,12825,0.0,0.0
1980-08-14,0.0,0.7568274736404419,0.7341224462719066,0.7568274736404419,18900,0.0,0.0
1980-08-15,0.0,0.7643955945968628,0.7341225142831348,0.7643955945968628,64125,0.0,0.0
1980-08-18,0.0,0.7643958988660142,0.749259352684021,0.749259352684021,10125,0.0,0.0
1980-08-19,0.0,0.7568278450118037,0.7341228065020278,0.749259352684021,12825,0.0,0.0
1980-08-20,0.0,0.7492591055241874,0.7265545129776001,0.7265545129776001,30375,0.0,0.0
1980-08-21,0.0,0.7492593451099518,0.726554745303263,0.7416912913322449,32400,0.0,0.0
1980-08-22,0.0,0.749259352684021,0.7341228065020278,0.749259352684021,11475,0.0,0.0
1980-08-25,0.0,0.7643956467130547,0.7265545129776001,0.7265545129776001,32400,0.0,0.0
1980-08-26,0.0,0.7416912502292347,0.7189862132072448,0.7189862132072449,40500,0.0,0.0
1980-08-27,0.0,0.7416911847018444,0.718986149685813,0.7341226935386658,19575,0.0,0.0
1980-08-28,0.0,0.7189862132072448,0.7038496680170994,0.7189862132072449,58725,0.0,0.0
1980-08-29,0.0,0.7265545129776001,0.7114179717887327,0.7265545129776001,24975,0.0,0.0
1980-09-02,0.0,0.7265545129776001,0.7189860231464527,0.7265545129776001,12825,0.0,0.0
1980-09-03,0.0,0.7416911847018444,0.7265546408489917,0.7341226935386658,24975,0.0,0.0
1980-09-04,0.0,0.7416910541664674,0.7265545129776001,0.7265545129776001,76275,0.0,0.0
1980-09-05,0.0,0.7341231990554417,0.6962820326026586,0.7038500905036926,58050,0.0,0.0
1980-09-08,0.0,0.7265545129776001,0.7038494819575853,0.7265545129776001,22275,0.0,0.0
1980-09-09,0.0,0.7265547050390893,0.7189862132072448,0.7189862132072449,12150,0.0,0.0
1980-09-10,0.0,0.7265545129776001,0.7189860231464527,0.7265545129776001,10800,0.0,0.0
1980-09-11,0.0,0.7341226935386657,0.718986149685813,0.7341226935386658,26325,0.0,0.0
1980-09-12,0.0,0.7341226935386657,0.7265546408489917,0.7341226935386658,16875,0.0,0.0
1980-09-15,0.0,0.7341226935386657,0.7341226935386657,0.7341226935386658,8775,0.0,0.0
1980-09-16,0.0,0.7416912913322449,0.7341227990809701,0.7416912913322449,12150,0.0,0.0
1980-09-17,0.0,0.7416912913322449,0.726554745303263,0.7416912913322449,76275,0.0,0.0
1980-09-18,0.0,0.7492591055241874,0.7265545129776001,0.7265545129776001,46575,0.0,0.0
1980-09-19,0.0,0.7416912913322449,0.726554745303263,0.7416912913322449,22275,0.0,0.0
1980-09-22,0.0,0.7416912913322449,0.7341227990809701,0.7416912913322449,22950,0.0,0.0
1980-09-23,0.0,0.7416912913322449,0.7341227990809701,0.7416912913322449,35100,0.0,0.0
1980-09-24,0.0,0.7416912913322449,0.7341227990809701,0.7416912913322449,12150,0.0,0.0
1980-09-25,0.0,0.7341226935386657,0.7341226935386657,0.7341226935386658,7425,0.0,0.0
1980-09-26,0.0,0.7416912913322449,0.7341227990809701,0.7416912913322449,12825,0.0,0.0
1980-09-29,0.0,0.7416913040366228,0.7114182114601135,0.7114182114601135,43875,0.0,0.0
1980-09-30,0.0,0.7189862653674532,0.7114182114601135,0.7114182114601135,16875,0.0,0.0
1980-10-01,0.0,0.7265547577483682,0.7114182114601135,0.7114182114601135,4725,0.0,0.0
1980-10-02,0.0,0.7114182114601135,0.7114182114601135,0.7114182114601135,1350,0.0,0.0
1980-10-03,0.0,0.7265545129776001,0.7189860231464527,0.7265545129776001,4050,0.0,0.0
1980-10-06,0.0,0.7341228116557079,0.7114182114601135,0.7114182114601135,31725,0.0,0.0
1980-10-07,0.0,0.7265547050390893,0.7038496680170994,0.7189862132072449,46575,0.0,0.0
1980-10-08,0.0,0.73412256433532,0.7114179717887327,0.7265545129776001,12825,0.0,0.0
1980-10-09,0.0,0.7265547050390893,0.7114181598489437,0.7189862132072449,16875,0.0,0.0
1980-10-10,0.0,0.7341227583973903,0.7114181598489437,0.7189862132072449,33075,0.0,0.0
1980-10-13,0.0,0.7265547050390893,0.7189862132072448,0.7189862132072449,9450,0.0,0.0
1980-10-14,0.0,0.7189862132072448,0.7114181598489437,0.7189862132072449,46575,0.0,0.0
1980-10-15,0.0,0.7189862132072448,0.7114181598489437,0.7189862132072449,9450,0.0,0.0
1980-10-16,0.0,0.7189866447795671,0.7038500905036926,0.7038500905036926,18225,0.0,0.0
1980-10-17,0.0,0.7114180961495996,0.6962815523147583,0.6962815523147583,47250,0.0,0.0
1980-10-20,0.0,0.7189862132072448,0.7038496680170994,0.7189862132072449,7425,0.0,0.0
1980-10-21,0.0,0.7114185868785331,0.6962820326026586,0.7038500905036926,8100,0.0,0.0
1980-10-22,0.0,0.7189866447795671,0.6962820326026586,0.7038500905036926,20250,0.0,0.0
1980-10-23,0.0,0.7114180961495996,0.6962815523147583,0.6962815523147583,39150,0.0,0.0
1980-10-24,0.0,0.7114185868785331,0.6962820326026586,0.7038500905036926,15525,0.0,0.0
1980-10-27,0.0,0.7038496049954269,0.6962815523147583,0.6962815523147583,16875,0.0,0.0
1980-10-28,0.0,0.7038500905036926,0.6962820326026586,0.7038500905036926,15525,0.0,0.0
1980-10-29,0.0,0.711418100221654,0.6811450123786927,0.6811450123786926,11475,0.0,0.0
1980-10-30,0.0,0.6962815563001733,0.6811450123786927,0.6811450123786926,23625,0.0,0.0
1980-10-31,0.0,0.6811450123786927,0.673576521181199,0.6811450123786926,9450,0.0,0.0
1980-11-03,0.0,0.696281435838854,0.6660083532333374,0.6660083532333374,35100,0.0,0.0
1980-11-05,0.0,0.6962815523147583,0.6735765173257444,0.6962815523147583,6750,0.0,0.0
1980-11-06,0.0,0.6811449045848641,0.6735764145851135,0.6735764145851135,32400,0.0,0.0
1980-11-07,0.0,0.6735764046480012,0.658439912064513,0.6660083532333374,53325,0.0,0.0
1980-11-10,0.0,0.6887130651026797,0.6660084684572121,0.6811450123786926,12150,0.0,0.0
1980-11-11,0.0,0.6962815523147583,0.6735765173257444,0.6962815523147583,15525,0.0,0.0
1980-11-12,0.0,0.7038496049954269,0.6887130611605857,0.6962815523147583,12825,0.0,0.0
1980-11-13,0.0,0.711418100221654,0.6811450123786927,0.6811450123786926,44550,0.0,0.0
1980-11-14,0.0,0.6811448945360957,0.6660083532333374,0.6660083532333374,6750,0.0,0.0
1980-11-17,0.0,0.6735767322215817,0.6584402322769165,0.6584402322769165,97200,0.0,0.0
1980-11-18,0.0,0.6735764046480012,0.658439912064513,0.6660083532333374,16200,0.0,0.0
1980-11-19,0.0,0.6660083532333374,0.658439912064513,0.6660083532333374,27675,0.0,0.0
1980-11-20,0.0,0.6735764046480012,0.658439912064513,0.6660083532333374,31050,0.0,0.0
1980-11-21,0.0,0.6811448945360957,0.658439912064513,0.6660083532333374,18225,0.0,0.0
1980-11-24,0.0,0.6811452257903832,0.6584402322769165,0.6584402322769165,19575,0.0,0.0
1980-11-25,0.0,0.6735764145851135,0.6584399217783201,0.6735764145851135,26325,0.0,0.0
1980-11-26,0.0,0.6660083159122465,0.6357352837224091,0.6433033347129822,90450,0.0,0.0
1980-11-28,0.0,0.6508720517158508,0.6281670608796096,0.6508720517158508,41175,0.0,0.0
1980-12-01,0.0,0.6508720517158508,0.6357355535559834,0.6508720517158508,22275,0.0,0.0
1980-12-02,0.0,0.6433033347129822,0.6205987432678566,0.6433033347129822,26325,0.0,0.0
1980-12-03,0.0,0.6357356556712546,0.6130306124687195,0.6130306124687195,43875,0.0,0.0
1980-12-04,0.0,0.6281669652902108,0.5978938761386153,0.6205989122390747,102600,0.0,0.0
1980-12-05,0.0,0.6508720517158508,0.6130305140004542,0.6508720517158508,93825,0.0,0.0
1980-12-08,0.0,0.6508723140639708,0.635735809803009,0.635735809803009,16875,0.0,0.0
1980-12-09,0.0,0.6735764145851135,0.6357353287259426,0.6735764145851135,36450,0.0,0.0
1980-12-10,0.0,0.6735769242974905,0.635735809803009,0.635735809803009,37125,0.0,0.0
1980-12-11,0.0,0.6357356556712546,0.6130306124687195,0.6130306124687195,89100,0.0,0.0
1980-12-12,0.0,0.6433038670562592,0.6130307610957203,0.635735809803009,33750,0.0,0.0
1980-12-15,0.0,0.6584402322769165,0.6281671349489987,0.6584402322769165,19575,0.0,0.0
1980-12-16,0.0,0.6584401546379204,0.6508720517158508,0.6508720517158508,29025,0.0,0.0
1980-12-17,0.0,0.6584401546379204,0.6508720517158508,0.6508720517158508,14850,0.0,0.0
1980-12-18,0.0,0.7492593451099518,0.666008561187336,0.7416912913322449,124200,0.0,0.0
1980-12-19,0.0,0.8098049599092874,0.7568273508215044,0.7871003746986389,106650,0.0,0.0
1980-12-22,0.0,0.8098056254177746,0.7795325766618665,0.8022375702857971,88425,0.0,0.0
1980-12-23,0.0,0.8173738552468297,0.7341226935386657,0.7341226935386658,62100,0.0,0.0
1980-12-24,0.0,0.7416910541664674,0.7114179717887327,0.7265545129776001,36450,0.0,0.0
1980-12-26,0.0,0.7416911847018444,0.7265546408489917,0.7341226935386658,11475,0.0,0.0
1980-12-29,0.0,0.7643958911389337,0.7189862530519884,0.7416912913322449,41175,0.0,0.0
1980-12-30,0.0,0.7265546399844408,0.6962815523147583,0.6962815523147583,64800,0.0,0.0
1980-12-31,0.0,0.7114182114601135,0.6887131727909441,0.7114182114601135,37125,0.0,0.0
1981-01-02,0.0,0.7416911847018444,0.718986149685813,0.7341226935386658,22275,0.0,0.0
1981-01-05,0.0,0.749259352684021,0.7265547526478172,0.749259352684021,29025,0.0,0.0
1981-01-06,0.0,0.749259352684021,0.7265547526478172,0.749259352684021,41850,0.0,0.0
1981-01-07,0.0,0.7416912913322449,0.7038497070230066,0.7416912913322449,39825,0.0,0.0
1981-01-08,0.0,0.7492593035875357,0.7189862132072448,0.7189862132072449,60075,0.0,0.0
1981-01-09,0.0,0.7265547050390893,0.7189862132072448,0.7189862132072449,24300,0.0,0.0
1981-01-12,0.0,0.7265547050390893,0.7114181598489437,0.7189862132072449,64125,0.0,0.0
1981-01-13,0.0,0.7416911847018444,0.7265546408489917,0.7341226935386658,13500,0.0,0.0
1981-01-14,0.0,0.7643958988660142,0.7416912988298104,0.749259352684021,74250,0.0,0.0
1981-01-15,0.0,0.7946684236110931,0.7568273508215044,0.7871003746986389,52650,0.0,0.0
1981-01-16,0.0,0.7871008886565043,0.7416912988298104,0.749259352684021,42525,0.0,0.0
1981-01-19,0.0,0.7871005751266491,0.7568275435407622,0.7795321345329285,43200,0.0,0.0
1981-01-20,0.0,0.7795320625356202,0.7568274736404419,0.7568274736404419,18225,0.0,0.0
1981-01-21,0.0,0.7719639636757513,0.7492589850264778,0.7568274736404419,26325,0.0,0.0
1981-01-22,0.0,0.7416913040366228,0.7114182114601135,0.7114182114601135,79650,0.0,0.0
1981-01-23,0.0,0.7265545129776001,0.7114179717887327,0.7265545129776001,16200,0.0,0.0
1981-01-26,0.0,0.7416912913322449,0.726554745303263,0.7416912913322449,35100,0.0,0.0
1981-01-27,0.0,0.7416912913322449,0.726554745303263,0.7416912913322449,10125,0.0,0.0
1981-01-28,0.0,0.7416912502292347,0.7114181598489437,0.7189862132072449,18900,0.0,0.0
1981-01-29,0.0,0.7189862653674532,0.7114182114601135,0.7114182114601135,24300,0.0,0.0
1981-01-30,0.0,0.7189862653674532,0.7038497190791987,0.7114182114601135,24300,0.0,0.0
1981-02-02,0.0,0.7114180961495996,0.6962815523147583,0.6962815523147583,87075,0.0,0.0
1981-02-03,0.0,0.7114182114601135,0.6887131727909441,0.7114182114601135,15525,0.0,0.0
1981-02-04,0.0,0.7038500905036926,0.6887135362278181,0.7038500905036926,24975,0.0,0.0
1981-02-05,0.0,0.7038496049954269,0.6887130611605857,0.6962815523147583,44550,0.0,0.0
1981-02-06,0.0,0.7038500905036926,0.6887135362278181,0.7038500905036926,45900,0.0,0.0
1981-02-09,0.0,0.7265547050390893,0.7038496680170994,0.7189862132072449,63450,0.0,0.0
1981-02-10,0.0,0.7416912913322449,0.7189862530519884,0.7416912913322449,29700,0.0,0.0
1981-02-11,0.0,0.7568274736404419,0.7341224462719066,0.7568274736404419,45225,0.0,0.0
1981-02-12,0.0,0.8098049599092874,0.7568273508215044,0.7871003746986389,56700,0.0,0.0
1981-02-13,0.0,0.8627836704254149,0.7871009794998123,0.862783670425415,222750,0.0,0.0
1981-02-17,0.0,0.8703522662642651,0.8400791685308913,0.8552156686782837,166725,0.0,0.0
1981-02-18,0.0,0.8703522662642651,0.8552156686782838,0.8552156686782837,72900,0.0,0.0
1981-02-19,0.0,0.8552153871985809,0.8325103521347045,0.8325103521347046,111375,0.0,0.0
1981-02-20,0.0,0.8400789685395651,0.8173739314079285,0.8173739314079285,64125,0.0,0.0
1981-02-23,0.0,0.8476467728614807,0.8098052015859869,0.8476467728614807,26325,0.0,0.0
1981-02-24,0.0,0.8552156686782838,0.8400791685308913,0.8552156686782837,24300,0.0,0.0
1981-02-25,0.0,0.8627832649577264,0.8476467728614807,0.8476467728614807,44550,0.0,0.0
1981-02-26,0.0,0.8703519105911255,0.847646877332782,0.8703519105911255,38475,0.0,0.0
1981-02-27,0.0,0.8779199626949262,0.8552153191907789,0.8703519105911255,40500,0.0,0.0
1981-03-02,0.0,0.9536024823671175,0.8779198291900582,0.9384658932685852,318600,0.0,0.0
1981-03-03,0.0,0.9611713431382076,0.9233298051345918,0.9308982491493225,93825,0.0,0.0
1981-03-04,0.0,0.9081931114196777,0.8476469364712179,0.9081931114196777,69525,0.0,0.0
1981-03-05,0.0,0.9233296064375148,0.9006250587878709,0.9081931114196777,58725,0.0,0.0
1981-03-06,0.0,0.9233301281929016,0.9081936246217291,0.9233301281929016,12825,0.0,0.0
1981-03-09,0.0,0.9308985748557096,0.9157620712845371,0.9233301281929016,28350,0.0,0.0
1981-03-10,0.0,0.9308980856201202,0.9157615900039673,0.9157615900039673,22950,0.0,0.0
1981-03-11,0.0,0.915761553805708,0.9081931114196777,0.9081931114196777,27000,0.0,0.0
1981-03-12,0.0,0.9233296429349244,0.9081931473187713,0.9157615900039673,20925,0.0,0.0
1981-03-13,0.0,0.9308982491493225,0.9157617508741683,0.9308982491493225,105975,0.0,0.0
1981-03-16,0.0,0.9308982491493225,0.9233298051345918,0.9308982491493225,67500,0.0,0.0
1981-03-17,0.0,0.946034431414187,0.9384658932685852,0.9384658932685852,35775,0.0,0.0
1981-03-18,0.0,0.9308982491493225,0.9308982491493225,0.9308982491493225,24975,0.0,0.0
1981-03-19,0.0,0.946034431414187,0.9384658932685852,0.9384658932685852,26325,0.0,0.0
1981-03-20,0.0,0.976307511279393,0.9384658924098859,0.9687389731407166,100575,0.0,0.0
1981-03-23,0.0,0.9763078034262672,0.9611712098121644,0.9611712098121643,52650,0.0,0.0
1981-03-24,0.0,0.9611706332106997,0.9460341461154633,0.9536021947860718,43200,0.0,0.0
1981-03-25,0.0,0.9611712098121644,0.9384661732331652,0.9611712098121643,44550,0.0,0.0
1981-03-26,0.0,0.9536032327738574,0.9233301281929016,0.9233301281929016,29025,0.0,0.0
1981-03-27,0.0,0.9384661385510774,0.9081931473187713,0.9157615900039673,51300,0.0,0.0
1981-03-30,0.0,0.9308985748557096,0.9233301281929016,0.9233301281929016,12825,0.0,0.0
1981-03-31,0.0,0.9384658932685852,0.923329401608587,0.9384658932685852,10125,0.0,0.0
1981-04-01,0.0,0.9308980856201202,0.9157615900039673,0.9157615900039673,15525,0.0,0.0
1981-04-02,0.0,0.9233301281929016,0.9006255677133647,0.9233301281929016,27675,0.0,0.0
1981-04-03,0.0,0.9157615900039673,0.9006250943878142,0.9157615900039673,47250,0.0,0.0
1981-04-06,0.0,0.9233301281929016,0.8930570236119458,0.9233301281929016,43875,0.0,0.0
1981-04-07,0.0,0.9157615900039673,0.9157615900039673,0.9157615900039673,10800,0.0,0.0
1981-04-08,0.0,0.915761553805708,0.9081931114196777,0.9081931114196777,24300,0.0,0.0
1981-04-09,0.0,0.9308980856201202,0.9157615900039673,0.9157615900039673,6750,0.0,0.0
1981-04-10,0.0,1.0217172084628654,0.9157614616813432,0.9763076305389404,108000,0.0,0.0
1981-04-13,0.0,0.9914440029255412,0.9687389731407164,0.9687389731407166,47250,0.0,0.0
1981-04-14,0.0,0.9838758111000061,0.968739218186473,0.9838758111000061,7425,0.0,0.0
1981-04-15,0.0,0.9838756824094115,0.9687390914757392,0.9763076305389404,42525,0.0,0.0
1981-04-16,0.0,0.9990121759045377,0.9763076305389404,0.9763076305389404,35775,0.0,0.0
1981-04-20,0.0,1.006581251763339,0.9838762070967311,0.9990127086639404,29700,0.0,0.0
1981-04-21,0.0,1.006580714967739,0.9763076305389404,0.9763076305389404,29025,0.0,0.0
1981-04-22,0.0,0.9838755622253988,0.9687389731407164,0.9687389731407166,17550,0.0,0.0
1981-04-23,0.0,0.9838756824094115,0.9687390914757392,0.9763076305389404,29700,0.0,0.0
1981-04-24,0.0,0.976307511279393,0.9687389731407164,0.9687389731407166,32400,0.0,0.0
1981-04-27,0.0,0.9763076305389404,0.9687390914757392,0.9763076305389404,26325,0.0,0.0
1981-04-28,0.0,0.9763076305389404,0.9687390914757392,0.9763076305389404,16875,0.0,0.0
1981-04-29,0.0,0.9763076305389404,0.9687390914757392,0.9763076305389404,24300,0.0,0.0
1981-04-30,0.0,0.9763082804464488,0.9233301281929016,0.9233301281929016,18225,0.0,0.0
1981-05-01,0.0,0.94603431224823,0.9384657750559889,0.94603431224823,4050,0.0,0.0
1981-05-04,0.0,0.9233296429349244,0.9157615900039673,0.9157615900039673,35775,0.0,0.0
1981-05-05,0.0,0.9384658932685852,0.9157613506556563,0.9384658932685852,28350,0.0,0.0
1981-05-06,0.0,0.9536024823671175,0.9384658932685852,0.9384658932685852,8100,0.0,0.0
1981-05-07,0.0,0.9384658932685852,0.9384658932685852,0.9384658932685852,10125,0.0,0.0
1981-05-08,0.0,0.9536021947860719,0.9384656102523306,0.9536021947860718,9450,0.0,0.0
1981-05-11,0.0,0.9687389731407164,0.9384658924098859,0.9687389731407166,29700,0.0,0.0
1981-05-12,0.0,0.9763076305389404,0.9763076305389404,0.9763076305389404,36450,0.0,0.0
1981-05-13,0.0,0.9687389731407164,0.9687389731407164,0.9687389731407166,13500,0.0,0.0
1981-05-14,0.0,0.9687389731407164,0.9687389731407164,0.9687389731407166,4725,0.0,0.0
1981-05-15,0.0,1.0217169523239136,0.9687388486181134,1.0217169523239136,105975,0.0,0.0
1981-05-18,0.0,1.029286320522808,1.0141494274139404,1.0141494274139404,49275,0.0,0.0
1981-05-19,0.0,1.0292853920512015,1.0141485125966254,1.0217169523239136,85050,0.0,0.0
1981-05-20,0.0,1.029286320522808,1.0141494274139404,1.0141494274139404,54000,0.0,0.0
1981-05-21,0.0,1.029284954071045,1.0141480810574939,1.029284954071045,14850,0.0,0.0
1981-05-22,0.0,1.029284954071045,1.0217165175642695,1.029284954071045,16200,0.0,0.0
1981-05-26,0.0,1.029284954071045,1.029284954071045,1.029284954071045,54000,0.0,0.0
1981-05-27,0.0,1.029284954071045,1.029284954071045,1.029284954071045,6750,0.0,0.0
1981-05-28,0.0,1.0444215347691557,1.029284954071045,1.029284954071045,25650,0.0,0.0
1981-05-29,0.0,1.0444218496732938,1.036853313446045,1.036853313446045,7425,0.0,0.0
1981-06-01,0.0,1.0368530008239,1.029284954071045,1.029284954071045,43200,0.0,0.0
1981-06-02,0.0,1.0519909781158427,1.0065813706139446,1.0141494274139404,27675,0.0,0.0
1981-06-03,0.0,1.006581251763339,0.9914446527575317,0.9990127086639404,35775,0.0,0.0
1981-06-04,0.0,1.0141484019305629,1.0065803527832031,1.0065803527832031,4050,0.0,0.0
1981-06-05,0.0,1.0141494274139404,0.9990128266209013,1.0141494274139404,68175,0.0,0.0
1981-06-08,0.0,1.0217169523239136,1.0141485125966254,1.0217169523239136,15525,0.0,0.0
1981-06-09,0.0,1.0444218652206445,1.0065803527832031,1.0065803527832031,18225,0.0,0.0
1981-06-10,0.0,1.0065803527832031,0.9914437672959289,1.0065803527832031,6075,0.0,0.0
1981-06-11,0.0,1.0065803527832031,1.0065803527832031,1.0065803527832031,4725,0.0,0.0
1981-06-12,0.0,1.0217168408319666,1.0065803527832031,1.0065803527832031,4050,0.0,0.0
1981-06-15,0.0,1.0141494274139404,1.0141494274139404,1.0141494274139404,9450,0.0,0.0
1981-06-16,0.0,1.0141494274139404,0.9990128266209013,1.0141494274139404,64125,0.0,0.0
1981-06-17,0.0,1.021717873968374,1.0141494274139404,1.0141494274139404,13500,0.0,0.0
1981-06-18,0.0,1.021717873968374,1.0065813706139446,1.0141494274139404,51300,0.0,0.0
1981-06-19,0.0,1.0065805920102235,0.9687389731407164,0.9687389731407166,28350,0.0,0.0
1981-06-22,0.0,0.9990127086639403,0.9838762070967311,0.9990127086639404,6075,0.0,0.0
1981-06-23,0.0,0.9838758566369104,0.9536027668472681,0.9611712098121643,16200,0.0,0.0
1981-06-24,0.0,0.94603431224823,0.94603431224823,0.94603431224823,4050,0.0,0.0
1981-06-25,0.0,0.94603431224823,0.94603431224823,0.94603431224823,8100,0.0,0.0
1981-06-26,0.0,0.9611708020015803,0.9384657750559889,0.94603431224823,10125,0.0,0.0
1981-06-29,0.0,0.953602899123477,0.9308982491493225,0.9308982491493225,8775,0.0,0.0
1981-06-30,0.0,0.9233289212365087,0.8930558562278748,0.8930558562278748,29025,0.0,0.0
1981-07-01,0.0,0.885488413880624,0.8779199719429016,0.8779199719429016,10800,0.0,0.0
1981-07-02,0.0,0.9081926061465051,0.885487973690033,0.885487973690033,20925,0.0,0.0
1981-07-06,0.0,0.9081924374514335,0.8854878092123043,0.8930558562278748,2700,0.0,0.0
1981-07-07,0.0,0.9157615900039673,0.9006250943878142,0.9157615900039673,9450,0.0,0.0
1981-07-08,0.0,0.9308982491493225,0.9081933068594377,0.9308982491493225,8775,0.0,0.0
1981-07-09,0.0,0.9384666317640741,0.9233301281929016,0.9233301281929016,12150,0.0,0.0
1981-07-10,0.0,0.9384666317640741,0.9233301281929016,0.9233301281929016,2700,0.0,0.0
1981-07-13,0.0,0.9233301281929016,0.9157620712845371,0.9233301281929016,17550,0.0,0.0
1981-07-14,0.0,0.9157615900039673,0.9081931473187713,0.9157615900039673,7425,0.0,0.0
1981-07-15,0.0,0.9384666317640741,0.9233301281929016,0.9233301281929016,30375,0.0,0.0
1981-07-16,0.0,0.9536021947860719,0.9384656102523306,0.9536021947860718,3375,0.0,0.0
1981-07-17,0.0,0.9687386818813083,0.9536021947860719,0.9536021947860718,6075,0.0,0.0
1981-07-20,0.0,0.94603431224823,0.9308977250563577,0.94603431224823,4050,0.0,0.0
1981-07-21,0.0,0.9384661385510774,0.9157615900039673,0.9157615900039673,3375,0.0,0.0
1981-07-22,0.0,0.9536024823671175,0.9308978423156545,0.9384658932685852,68850,0.0,0.0
1981-07-23,0.0,0.9460348448630534,0.9308982491493225,0.9308982491493225,17550,0.0,0.0
1981-07-24,0.0,0.9536021947860719,0.930897561581722,0.9536021947860718,11475,0.0,0.0
1981-07-27,0.0,0.9611706332106997,0.9384656102523306,0.9536021947860718,48600,0.0,0.0
1981-07-28,0.0,0.9536024823671175,0.9384658932685852,0.9384658932685852,7425,0.0,0.0
1981-07-29,0.0,0.9384658932685852,0.9384658932685852,0.9384658932685852,1350,0.0,0.0
1981-07-30,0.0,0.9687389731407164,0.9460344305485624,0.9687389731407166,16875,0.0,0.0
1981-07-31,0.0,0.9763072177444411,0.9536021947860719,0.9536021947860718,19575,0.0,0.0
1981-08-03,0.0,0.9611712098121644,0.9384661732331652,0.9611712098121643,11475,0.0,0.0
1981-08-04,0.0,0.9763076305389404,0.9687390914757392,0.9763076305389404,7425,0.0,0.0
1981-08-05,0.0,0.9536021947860719,0.9384656102523306,0.9536021947860718,12150,0.0,0.0
1981-08-06,0.0,0.9838758111000061,0.968739218186473,0.9838758111000061,16200,0.0,0.0
1981-08-07,0.0,0.9990127086639403,0.9838762070967311,0.9990127086639404,21600,0.0,0.0
1981-08-10,0.0,0.9838758111000061,0.9838758111000061,0.9838758111000061,30375,0.0,0.0
1981-08-11,0.0,0.9763073891934526,0.94603431224823,0.94603431224823,125550,0.0,0.0
1981-08-12,0.0,0.9611708020015803,0.94603431224823,0.94603431224823,6750,0.0,0.0
1981-08-13,0.0,0.9536021947860719,0.9536021947860719,0.9536021947860718,4050,0.0,0.0
1981-08-14,0.0,0.9687389731407164,0.9611709221947107,0.9687389731407166,7425,0.0,0.0
1981-08-17,0.0,0.9763072177444411,0.9536021947860719,0.9536021947860718,57375,0.0,0.0
1981-08-18,0.0,0.9611712098121644,0.9536027668472681,0.9611712098121643,4050,0.0,0.0
1981-08-19,0.0,0.9536023622478612,0.94603431224823,0.94603431224823,8100,0.0,0.0
1981-08-20,0.0,0.9536021947860719,0.9460341461154633,0.9536021947860718,4725,0.0,0.0
1981-08-21,0.0,0.94603431224823,0.94603431224823,0.94603431224823,2700,0.0,0.0
1981-08-24,0.0,0.9536021947860719,0.9460341461154633,0.9536021947860718,16200,0.0,0.0
1981-08-25,0.0,0.9536023622478612,0.9233292853026387,0.94603431224823,56700,0.0,0.0
1981-08-26,0.0,0.9536032327738574,0.9233301281929016,0.9233301281929016,37800,0.0,0.0
1981-08-27,0.0,0.9384666317640741,0.9233301281929016,0.9233301281929016,4050,0.0,0.0
1981-08-28,0.0,0.9460348448630534,0.9308982491493225,0.9308982491493225,7425,0.0,0.0
1981-08-31,0.0,0.9460348448630534,0.9308982491493225,0.9308982491493225,41175,0.0,0.0
1981-09-01,0.0,0.9233301281929016,0.9233301281929016,0.9233301281929016,11475,0.0,0.0
1981-09-02,0.0,0.9308982491493225,0.9233298051345918,0.9308982491493225,18900,0.0,0.0
1981-09-03,0.0,0.9384661385510774,0.9157615900039673,0.9157615900039673,23625,0.0,0.0
1981-09-04,0.0,0.915761553805708,0.9081931114196777,0.9081931114196777,16200,0.0,0.0
1981-09-08,0.0,0.9233301281929016,0.8930570236119458,0.9233301281929016,24975,0.0,0.0
1981-09-09,0.0,0.9233296064375148,0.9081931114196777,0.9081931114196777,2700,0.0,0.0
1981-09-10,0.0,0.9081931114196777,0.9081931114196777,0.9081931114196777,25650,0.0,0.0
1981-09-11,0.0,0.9233296064375148,0.9081931114196777,0.9081931114196777,11475,0.0,0.0
1981-09-14,0.0,0.9081931114196777,0.9081931114196777,0.9081931114196777,8100,0.0,0.0
1981-09-15,0.0,0.9233296064375148,0.9081931114196777,0.9081931114196777,22275,0.0,0.0
1981-09-16,0.0,0.9157615900039673,0.9157615900039673,0.9157615900039673,675,0.0,0.0
1981-09-17,0.0,0.9233296429349244,0.9157615900039673,0.9157615900039673,28350,0.0,0.0
1981-09-18,0.0,0.9157615900039673,0.9157615900039673,0.9157615900039673,35775,0.0,0.0
1981-09-21,0.0,0.9308985748557096,0.9233301281929016,0.9233301281929016,16200,0.0,0.0
1981-09-22,0.0,0.9308985748557096,0.9233301281929016,0.9233301281929016,26325,0.0,0.0
1981-09-23,0.0,0.9233301281929016,0.9233301281929016,0.9233301281929016,12825,0.0,0.0
1981-09-24,0.0,0.9308985748557096,0.9233301281929016,0.9233301281929016,4725,0.0,0.0
1981-09-25,0.0,0.9233301281929016,0.9081936246217291,0.9233301281929016,46575,0.0,0.0
1981-09-28,0.0,0.9157615900039673,0.8854885013331014,0.9157615900039673,20925,0.0,0.0
1981-09-29,0.0,0.9233301281929016,0.9157620712845371,0.9233301281929016,33075,0.0,0.0
1981-09-30,0.0,0.94603431224823,0.94603431224823,0.94603431224823,14175,0.0,0.0
1981-10-01,0.0,0.9460348448630534,0.9308982491493225,0.9308982491493225,17550,0.0,0.0
1981-10-02,0.0,0.9384658932685852,0.923329401608587,0.9384658932685852,22950,0.0,0.0
1981-10-05,0.0,0.9384666317640741,0.9233301281929016,0.9233301281929016,15525,0.0,0.0
1981-10-06,0.0,0.9233301281929016,0.9233301281929016,0.9233301281929016,5400,0.0,0.0
1981-10-07,0.0,0.9308985748557096,0.9233301281929016,0.9233301281929016,7425,0.0,0.0
1981-10-08,0.0,0.9233301281929016,0.9233301281929016,0.9233301281929016,3375,0.0,0.0
1981-10-09,0.0,0.9687389731407164,0.9384658924098859,0.9687389731407166,14850,0.0,0.0
1981-10-12,0.0,0.9763076305389404,0.9763076305389404,0.9763076305389404,9450,0.0,0.0
1981-10-13,0.0,0.9838758111000061,0.9763077582396364,0.9838758111000061,6750,0.0,0.0
1981-10-14,0.0,0.9838758111000061,0.9838758111000061,0.9838758111000061,43875,0.0,0.0
1981-10-15,0.0,0.9687392630228076,0.9611712098121644,0.9611712098121643,7425,0.0,0.0
1981-10-16,0.9611712098121644,0.9611712098121644,0.9611712098121644,0.9611712098121643,0,0.0,0.0
1981-10-19,0.0,0.9687386818813083,0.9536021947860719,0.9536021947860718,1350,0.0,0.0
1981-10-20,0.0,0.9384658932685852,0.9384658932685852,0.9384658932685852,675,0.0,0.0
1981-10-21,0.0,0.9384661385510774,0.9157615900039673,0.9157615900039673,8775,0.0,0.0
1981-10-22,0.0,0.9308980856201202,0.9157615900039673,0.9157615900039673,5400,0.0,0.0
1981-10-23,0.9157615900039673,0.9157615900039673,0.9157615900039673,0.9157615900039673,0,0.0,0.0
1981-10-26,0.0,0.9308982491493225,0.9308982491493225,0.9308982491493225,4725,0.0,0.0
1981-10-27,0.9308982491493225,0.9308982491493225,0.9308982491493225,0.9308982491493225,0,0.0,0.0
1981-10-28,0.0,0.9157618074136522,0.8627836704254149,0.862783670425415,2133675,0.0,0.0
1981-10-29,0.0,0.885488413880624,0.8779199719429016,0.8779199719429016,22950,0.0,0.0
1981-10-30,0.0,0.885487973690033,0.8779195355147051,0.885487973690033,8775,0.0,0.0
1981-11-02,0.0,0.885487973690033,0.8779195355147051,0.885487973690033,30375,0.0,0.0
1981-11-03,0.0,0.9006245577251838,0.885487973690033,0.885487973690033,22275,0.0,0.0
1981-11-04,0.0,0.9081931114196777,0.8930565189632849,0.9081931114196777,223425,0.0,0.0
1981-11-05,0.0,0.9081924374514335,0.8930558562278748,0.8930558562278748,10125,0.0,0.0
1981-11-06,0.0,0.8930564660641463,0.8779199719429016,0.8779199719429016,158625,0.0,0.0
1981-11-09,0.0,0.885488413880624,0.8703519197593793,0.8779199719429016,29025,0.0,0.0
1981-11-10,0.0,0.885487973690033,0.8779195355147051,0.885487973690033,20925,0.0,0.0
1981-11-11,0.0,0.9081931114196777,0.885488466331478,0.9081931114196777,18225,0.0,0.0
1981-11-12,0.0,0.915761553805708,0.9006250587878709,0.9081931114196777,15525,0.0,0.0
1981-11-13,0.0,0.938466303409746,0.9081933068594377,0.9308982491493225,31050,0.0,0.0
1981-11-16,0.0,0.946035175865493,0.9233301281929016,0.9233301281929016,14175,0.0,0.0
1981-11-17,0.0,0.9233296429349244,0.9081931473187713,0.9157615900039673,26325,0.0,0.0
1981-11-18,0.0,0.9308980856201202,0.9157615900039673,0.9157615900039673,4725,0.0,0.0
1981-11-19,0.0,0.9233296429349244,0.9157615900039673,0.9157615900039673,6075,0.0,0.0
1981-11-20,0.0,0.9536021947860719,0.923329123157094,0.9536021947860718,40500,0.0,0.0
1981-11-23,0.0,0.946034678674833,0.9157615900039673,0.9157615900039673,20925,0.0,0.0
1981-11-24,0.0,0.9308982491493225,0.9081933068594377,0.9308982491493225,10125,0.0,0.0
1981-11-25,0.0,0.9384658932685852,0.9384658932685852,0.9384658932685852,4725,0.0,0.0
1981-11-27,0.0,0.9384658932685852,0.9384658932685852,0.9384658932685852,14175,0.0,0.0
1981-11-30,0.0,0.9460348448630534,0.9308982491493225,0.9308982491493225,10125,0.0,0.0
1981-12-01,0.0,0.9233301281929016,0.9081936246217291,0.9233301281929016,23625,0.0,0.0
1981-12-02,0.0,0.9308985748557096,0.9081936246217291,0.9233301281929016,11475,0.0,0.0
1981-12-03,0.0,0.9233301281929016,0.9233301281929016,0.9233301281929016,2700,0.0,0.0
1981-12-04,0.0,0.9233289212365087,0.8930558562278748,0.8930558562278748,23625,0.0,0.0
1981-12-07,0.0,0.9081931114196777,0.9081931114196777,0.9081931114196777,22950,0.0,0.0
1981-12-08,0.0,0.9081931114196777,0.8930565189632849,0.9081931114196777,27000,0.0,0.0
1981-12-09,0.0,0.900624390435863,0.8854878092123043,0.8930558562278748,20250,0.0,0.0
1981-12-10,0.0,0.9081931114196777,0.8930565189632849,0.9081931114196777,8100,0.0,0.0
1981-12-11,0.0,0.9081931114196777,0.9081931114196777,0.9081931114196777,14175,0.0,0.0
1981-12-14,0.0,0.9233296064375148,0.9081931114196777,0.9081931114196777,16200,0.0,0.0
1981-12-15,0.0,0.9157615900039673,0.9157615900039673,0.9157615900039673,9450,0.0,0.0
1981-12-16,0.0,0.9384658932685852,0.9157613506556563,0.9384658932685852,20925,0.0,0.0
1981-12-17,0.0,0.94603431224823,0.9384657750559889,0.94603431224823,29700,0.0,0.0
1981-12-18,0.0,0.94603431224823,0.9384657750559889,0.94603431224823,14850,0.0,0.0
1981-12-21,0.0,0.9384658932685852,0.9384658932685852,0.9384658932685852,17550,0.0,0.0
1981-12-22,0.0,0.946034431414187,0.9384658932685852,0.9384658932685852,28350,0.0,0.0
1981-12-23,0.0,0.9384658932685852,0.9308978423156545,0.9384658932685852,18900,0.0,0.0
1981-12-24,0.0,0.9384658932685852,0.9308978423156545,0.9384658932685852,21600,0.0,0.0
1981-12-28,0.0,0.9308982491493225,0.9308982491493225,0.9308982491493225,7425,0.0,0.0
1981-12-29,0.0,0.9384658932685852,0.9308978423156545,0.9384658932685852,26325,0.0,0.0
1981-12-30,0.0,0.9384658932685852,0.9384658932685852,0.9384658932685852,24300,0.0,0.0
1981-12-31,0.0,0.9308982491493225,0.9308982491493225,0.9308982491493225,5400,0.0,0.0
1982-01-04,0.0,0.9687388520012116,0.94603431224823,0.94603431224823,51300,0.0,0.0
1982-01-05,0.0,0.9384658932685852,0.9384658932685852,0.9384658932685852,41175,0.0,0.0
1982-01-06,0.0,0.946034431414187,0.9384658932685852,0.9384658932685852,12825,0.0,0.0
1982-01-07,0.0,0.9611712098121644,0.9536027668472681,0.9611712098121643,10125,0.0,0.0
1982-01-08,0.0,0.9687386818813083,0.9536021947860719,0.9536021947860718,63450,0.0,0.0
1982-01-11,0.0,0.9763072177444411,0.9536021947860719,0.9536021947860718,19575,0.0,0.0
1982-01-12,0.0,0.9611706332106997,0.9460341461154633,0.9536021947860718,20250,0.0,0.0
1982-01-13,0.0,0.9763078034262672,0.9536027668472681,0.9611712098121643,16200,0.0,0.0
1982-01-14,0.0,0.9687392630228076,0.9536027668472681,0.9611712098121643,19575,0.0,0.0
1982-01-15,0.0,0.9611712098121644,0.9460347136366248,0.9611712098121643,24975,0.0,0.0
1982-01-18,0.0,0.9763076305389404,0.9536025979806129,0.9763076305389404,24975,0.0,0.0
1982-01-19,0.0,0.9838758111000061,0.968739218186473,0.9838758111000061,17550,0.0,0.0
1982-01-20,0.0,1.0065803527832031,0.9687387429072509,1.0065803527832031,20250,0.0,0.0
1982-01-21,0.0,1.0141494274139404,0.9990128266209013,1.0141494274139404,22950,0.0,0.0
1982-01-22,1.0141494274139404,1.0141494274139404,1.0141494274139404,1.0141494274139404,0,0.0,0.0
1982-01-25,0.0,1.006581251763339,0.9763081511903224,0.9990127086639404,9450,0.0,0.0
1982-01-26,0.0,0.9763076305389404,0.9687390914757392,0.9763076305389404,9450,0.0,0.0
1982-01-27,0.9763076305389404,0.9763076305389404,0.9763076305389404,0.9763076305389404,0,0.0,0.0
1982-01-28,0.0,0.976307511279393,0.9687389731407164,0.9687389731407166,8775,0.0,0.0
1982-01-29,0.0,0.991443932056427,0.9687389038945737,0.991443932056427,13500,0.0,0.0
1982-02-01,0.0,0.9914441240340667,0.9763076305389404,0.9763076305389404,3375,0.0,0.0
1982-02-02,0.0,0.9838755622253988,0.9687389731407164,0.9687389731407166,8100,0.0,0.0
1982-02-03,0.0,0.991443932056427,0.9838754918972821,0.991443932056427,4725,0.0,0.0
1982-02-04,0.0,0.9763072177444411,0.9536021947860719,0.9536021947860718,69525,0.0,0.0
1982-02-05,0.0,0.9536021947860719,0.9536021947860719,0.9536021947860718,28350,0.0,0.0
1982-02-08,0.0,0.9611712098121644,0.9536027668472681,0.9611712098121643,7425,0.0,0.0
1982-02-09,0.0,0.9687389731407164,0.9611709221947107,0.9687389731407166,18900,0.0,0.0
1982-02-10,0.0,0.991443932056427,0.9763074414922458,0.991443932056427,12825,0.0,0.0
1982-02-11,0.991443932056427,0.991443932056427,0.991443932056427,0.991443932056427,0,0.0,0.0
1982-02-12,0.0,0.9990119824614632,0.991443932056427,0.991443932056427,17550,0.0,0.0
1982-02-16,0.0,0.9990121759045377,0.9763076305389404,0.9763076305389404,10125,0.0,0.0
1982-02-17,0.0,0.9763076305389404,0.9763076305389404,0.9763076305389404,4725,0.0,0.0
1982-02-18,0.0,0.9838756824094115,0.9763076305389404,0.9763076305389404,14175,0.0,0.0
1982-02-19,0.0,0.9990119824614632,0.991443932056427,0.991443932056427,56025,0.0,0.0
1982-02-22,0.0,1.0141484019305629,0.9990118164432886,1.0065803527832031,10800,0.0,0.0
1982-02-23,0.0,0.991443932056427,0.991443932056427,0.991443932056427,10125,0.0,0.0
1982-02-24,0.0,1.0065803527832031,1.0065803527832031,1.0065803527832031,4725,0.0,0.0
1982-02-25,0.0,1.0141494274139404,1.0065813706139446,1.0141494274139404,39150,0.0,0.0
1982-02-26,0.0,1.0141494274139404,1.0141494274139404,1.0141494274139404,139050,0.0,0.0
1982-03-01,0.0,1.0141494274139404,1.0065813706139446,1.0141494274139404,72900,0.0,0.0
1982-03-02,0.0,1.0217177533305484,0.9990127086639403,0.9990127086639404,47925,0.0,0.0
1982-03-03,0.0,1.0065803527832031,0.9990118164432886,1.0065803527832031,6075,0.0,0.0
1982-03-04,0.0,1.0141484019305629,0.9990118164432886,1.0065803527832031,120150,0.0,0.0
1982-03-05,0.0,1.0217170106233164,0.991443932056427,0.991443932056427,19575,0.0,0.0
1982-03-08,0.0,1.0065808932159095,0.9611712098121644,0.9611712098121643,14850,0.0,0.0
1982-03-09,0.0,0.9611712098121644,0.9611712098121644,0.9611712098121643,1350,0.0,0.0
1982-03-10,0.0,0.9687389731407164,0.9687389731407164,0.9687389731407166,3375,0.0,0.0
1982-03-11,0.0,0.9611712098121644,0.9536027668472681,0.9611712098121643,21600,0.0,0.0
1982-03-12,0.0,0.9536024823671175,0.9384658932685852,0.9384658932685852,3375,0.0,0.0
1982-03-15,0.0,0.9536024823671175,0.9308978423156545,0.9384658932685852,20925,0.0,0.0
1982-03-16,0.0,0.9384658932685852,0.9384658932685852,0.9384658932685852,3375,0.0,0.0
1982-03-17,0.0,0.9536021947860719,0.9384656102523306,0.9536021947860718,349650,0.0,0.0
1982-03-18,0.0,0.976307511279393,0.9687389731407164,0.9687389731407166,8100,0.0,0.0
1982-03-19,0.0,0.9990127086639403,0.9838762070967311,0.9990127086639404,17550,0.0,0.0
1982-03-22,0.0,0.9990123065749804,0.9838758111000061,0.9838758111000061,2700,0.0,0.0
1982-03-23,0.0,0.9990127086639403,0.9914446527575317,0.9990127086639404,15525,0.0,0.0
1982-03-24,0.0,0.9990127086639403,0.9990127086639403,0.9990127086639404,11475,0.0,0.0
1982-03-25,0.0,0.9990119824614632,0.9838754918972821,0.991443932056427,105975,0.0,0.0
1982-03-26,0.0,1.021717873968374,1.0065813706139446,1.0141494274139404,20250,0.0,0.0
1982-03-29,0.0,1.029286320522808,1.0141494274139404,1.0141494274139404,46575,0.0,0.0
1982-03-30,0.0,1.0141484019305629,0.9990118164432886,1.0065803527832031,9450,0.0,0.0
1982-03-31,0.0,0.9990127086639403,0.9990127086639403,0.9990127086639404,1350,0.0,0.0
1982-04-01,0.0,0.991443932056427,0.9838754918972821,0.991443932056427,2700,0.0,0.0
1982-04-02,0.0,0.991443932056427,0.9838754918972821,0.991443932056427,11475,0.0,0.0
1982-04-05,0.0,0.9990119824614632,0.9838754918972821,0.991443932056427,146475,0.0,0.0
1982-04-06,0.0,1.029284954071045,0.9990115003593831,1.029284954071045,12150,0.0,0.0
1982-04-07,0.0,1.0595592260360718,1.0444227255192624,1.0595592260360718,73575,0.0,0.0
1982-04-08,0.0,1.05955859201208,1.0444221005527206,1.0519901514053345,74925,0.0,0.0
1982-04-12,0.0,1.0519901514053345,1.036853562507442,1.0519901514053345,45225,0.0,0.0
1982-04-13,0.0,1.051990080793544,1.0444220304489136,1.0444220304489136,73575,0.0,0.0
1982-04-14,0.0,1.029286320522808,1.0141494274139404,1.0141494274139404,18900,0.0,0.0
1982-04-15,0.0,1.029284954071045,1.0141480810574939,1.029284954071045,340200,0.0,0.0
1982-04-16,0.0,1.0444220304489136,1.0292854425670208,1.0444220304489136,66825,0.0,0.0
1982-04-19,0.0,1.0519901514053345,1.0444221005527206,1.0519901514053345,154575,0.0,0.0
1982-04-20,0.0,1.0822629205790353,1.0595582873568024,1.0746948719024658,1048275,0.0,0.0
1982-04-21,0.0,1.0898320262416683,1.067126989364624,1.067126989364624,197775,0.0,0.0
1982-04-22,0.0,1.0898320320096369,1.0671269950124254,1.0822635889053345,36450,0.0,0.0
1982-04-23,0.0,1.0822635889053345,1.0671269950124254,1.0822635889053345,61425,0.0,0.0
1982-04-26,0.0,1.0822635889053345,1.0822635889053345,1.0822635889053345,157950,0.0,0.0
1982-04-27,0.0,1.0822635889053345,1.0822635889053345,1.0822635889053345,62100,0.0,0.0
1982-04-28,0.0,1.0898319482803345,1.0822635057574985,1.0898319482803345,99225,0.0,0.0
1982-04-29,0.0,1.0898319482803345,1.0822635057574985,1.0898319482803345,100575,0.0,0.0
1982-04-30,0.0,1.0822629205790353,1.0671263360333718,1.0746948719024658,3375,0.0,0.0
1982-05-03,0.0,1.0822635889053345,1.0671269950124254,1.0822635889053345,18900,0.0,0.0
1982-05-04,0.0,1.0822638793726944,1.0595592260360718,1.0595592260360718,10125,0.0,0.0
1982-05-05,0.0,1.0746955298674346,1.0595589360546362,1.067126989364624,139050,0.0,0.0
1982-05-06,0.0,1.0746955298674346,1.067126989364624,1.067126989364624,12150,0.0,0.0
1982-05-07,0.0,1.0973994076861937,1.0746948719024658,1.0746948719024658,330075,0.0,0.0
1982-05-10,0.0,1.0898313590096242,1.0746948719024658,1.0746948719024658,21600,0.0,0.0
1982-05-11,0.0,1.0822635831774223,1.067126989364624,1.067126989364624,7425,0.0,0.0
1982-05-12,0.0,1.067126989364624,1.067126989364624,1.067126989364624,38475,0.0,0.0
1982-05-13,0.0,1.067126989364624,1.067126989364624,1.067126989364624,4725,0.0,0.0
1982-05-14,0.0,1.0898319482803345,1.0671269130274992,1.0898319482803345,119475,0.0,0.0
1982-05-17,0.0,1.0898319482803345,1.0822635057574985,1.0898319482803345,5400,0.0,0.0
1982-05-18,0.0,1.074694922758684,1.036853313446045,1.036853313446045,16200,0.0,0.0
1982-05-19,0.0,1.0519901514053345,1.0217170710480825,1.0519901514053345,13500,0.0,0.0
1982-05-20,0.0,1.0746958239914721,1.0595592260360718,1.0595592260360718,326025,0.0,0.0
1982-05-21,0.0,1.0746955298674346,1.067126989364624,1.067126989364624,17550,0.0,0.0
1982-05-24,0.0,1.0822635889053345,1.0746955355552927,1.0822635889053345,20925,0.0,0.0
1982-05-25,0.0,1.0822635889053345,1.0822635889053345,1.0822635889053345,24975,0.0,0.0
1982-05-26,0.0,1.0822638793726944,1.0595592260360718,1.0595592260360718,81675,0.0,0.0
1982-05-27,0.0,1.0595592260360718,1.0595592260360718,1.0595592260360718,17550,0.0,0.0
1982-05-28,0.0,1.067126386531435,1.029285264411344,1.036853313446045,16875,0.0,0.0
1982-06-01,0.0,1.0519900291634143,1.0217169523239136,1.0217169523239136,23625,0.0,0.0
1982-06-02,0.0,1.0065805200591353,0.991443932056427,0.991443932056427,8100,0.0,0.0
1982-06-03,0.0,1.029286320522808,0.9914447698209056,1.0141494274139404,29700,0.0,0.0
1982-06-04,0.0,1.0141484019305629,1.0065803527832031,1.0065803527832031,12825,0.0,0.0
1982-06-07,0.0,1.0065803527832031,0.9990118164432886,1.0065803527832031,16875,0.0,0.0
1982-06-08,0.0,1.029284954071045,1.0217165175642695,1.029284954071045,7425,0.0,0.0
1982-06-09,0.0,1.029286320522808,1.0141494274139404,1.0141494274139404,22275,0.0,0.0
1982-06-10,0.0,0.9990121759045377,0.9611710396052681,0.9763076305389404,67500,0.0,0.0
1982-06-11,0.0,1.0141494274139404,0.9914447698209056,1.0141494274139404,45900,0.0,0.0
1982-06-14,1.0141494274139404,1.0141494274139404,1.0141494274139404,1.0141494274139404,0,0.0,0.0
1982-06-15,0.0,1.0444220304489136,1.014148562369549,1.0444220304489136,25650,0.0,0.0
1982-06-16,0.0,1.0822629205790353,1.044421800249644,1.0746948719024658,47250,0.0,0.0
1982-06-17,0.0,1.0822638793726944,1.0595592260360718,1.0595592260360718,34425,0.0,0.0
1982-06-18,0.0,1.067126642864694,1.0519901514053345,1.0519901514053345,16875,0.0,0.0
1982-06-21,0.0,1.05955859201208,1.0519901514053345,1.0519901514053345,8775,0.0,0.0
1982-06-22,0.0,1.0519901514053345,1.0519901514053345,1.0519901514053345,7425,0.0,0.0
1982-06-23,0.0,1.1049688497313288,1.0519907116553109,1.0974003076553345,141750,0.0,0.0
1982-06-24,0.0,1.127673864364624,1.097400755529925,1.127673864364624,34425,0.0,0.0
1982-06-25,0.0,1.1730827609050045,1.1428096705991326,1.1655147075653076,64800,0.0,0.0
1982-06-28,0.0,1.1579460406924402,1.1352413978683116,1.1503779888153076,47925,0.0,0.0
1982-06-29,0.0,1.1730825342008901,1.1503779888153076,1.1503779888153076,95850,0.0,0.0
1982-06-30,0.0,1.1579460406924402,1.1503779888153076,1.1503779888153076,46575,0.0,0.0
1982-07-01,0.0,1.1655144823237575,1.1503779888153076,1.1503779888153076,9450,0.0,0.0
1982-07-02,0.0,1.1428095389480504,1.0898319049718246,1.1125365495681763,121500,0.0,0.0
1982-07-06,0.0,1.127673864364624,1.1125373586665868,1.127673864364624,12825,0.0,0.0
1982-07-07,0.0,1.2184919604707622,1.1428092160869503,1.2109239101409912,150525,0.0,0.0
1982-07-08,0.0,1.195787391905926,1.1503778205827768,1.1579458713531494,43200,0.0,0.0
1982-07-09,0.0,1.1882188805883342,1.1655142424372806,1.1806508302688599,56025,0.0,0.0
1982-07-12,0.0,1.1806508302688599,1.1655142424372806,1.1806508302688599,62100,0.0,0.0
1982-07-13,0.0,1.1806510732707534,1.1503779888153076,1.1503779888153076,20250,0.0,0.0
1982-07-14,0.0,1.1957876316859886,1.165514545587334,1.1882191896438599,72225,0.0,0.0
1982-07-15,0.0,1.2033562660217285,1.180651708421854,1.2033562660217285,14175,0.0,0.0
1982-07-16,0.0,1.1882188805883342,1.173082292756755,1.1806508302688599,12150,0.0,0.0
1982-07-19,0.0,1.2109248091632145,1.1882197643703474,1.2033562660217285,132300,0.0,0.0
1982-07-20,0.0,1.2109236568679533,1.1957870721817017,1.1957870721817017,18900,0.0,0.0
1982-07-21,0.0,1.2033562660217285,1.195788210073235,1.2033562660217285,141750,0.0,0.0
1982-07-22,0.0,1.1957870721817017,1.1957870721817017,1.1957870721817017,9450,0.0,0.0
1982-07-23,0.0,1.203355120928563,1.1957870721817017,1.1957870721817017,6750,0.0,0.0
1982-07-26,0.0,1.203355120928563,1.1957870721817017,1.1957870721817017,4725,0.0,0.0
1982-07-27,0.0,1.203355120928563,1.1957870721817017,1.1957870721817017,33075,0.0,0.0
1982-07-28,0.0,1.2033556839739115,1.1882191896438599,1.1882191896438599,27675,0.0,0.0
1982-07-29,0.0,1.1882188805883342,1.1806508302688599,1.1806508302688599,10800,0.0,0.0
1982-07-30,0.0,1.1806513014375262,1.1655147075653076,1.1655147075653076,381375,0.0,0.0
1982-08-02,0.0,1.1806508302688599,1.173082292756755,1.1806508302688599,7425,0.0,0.0
1982-08-03,0.0,1.1806508302688599,1.1655142424372806,1.1806508302688599,101925,0.0,0.0
1982-08-04,0.0,1.173082947731018,1.173082947731018,1.173082947731018,10125,0.0,0.0
1982-08-05,0.0,1.1655149087441659,1.1428098678588867,1.1428098678588867,306450,0.0,0.0
1982-08-06,0.0,1.1352418661117554,1.1201053663600837,1.1352418661117554,8775,0.0,0.0
1982-08-09,0.0,1.1276734041348786,1.0974003076553345,1.0974003076553345,14850,0.0,0.0
1982-08-10,0.0,1.0974003076553345,1.0898322527722644,1.0974003076553345,23625,0.0,0.0
1982-08-11,0.0,1.1049679517745972,1.1049679517745972,1.1049679517745972,6750,0.0,0.0
1982-08-12,0.0,1.1352414864801892,1.1125365495681763,1.1125365495681763,22275,0.0,0.0
1982-08-13,0.0,1.1125365495681763,1.1125365495681763,1.1125365495681763,2700,0.0,0.0
1982-08-16,0.0,1.1352418661117554,1.127673421358747,1.1352418661117554,3375,0.0,0.0
1982-08-17,0.0,1.1882191896438599,1.1503780512572825,1.1882191896438599,27675,0.0,0.0
1982-08-18,0.0,1.233629670110209,1.2033561817349039,1.226061224937439,164025,0.0,0.0
1982-08-19,0.0,1.2563333863583679,1.233628749847412,1.233628749847412,165375,0.0,0.0
1982-08-20,0.0,1.271469999438386,1.2336288699438642,1.263901948928833,139725,0.0,0.0
1982-08-23,0.0,1.2714704432382333,1.2411973536866072,1.2563339471817017,36450,0.0,0.0
1982-08-24,0.0,1.2639023900870925,1.2411973536866072,1.2563339471817017,92475,0.0,0.0
1982-08-25,0.0,1.2714711427688599,1.248766581069723,1.2714711427688599,119475,0.0,0.0
1982-08-26,0.0,1.362289188337285,1.271469954586111,1.332016110420227,178200,0.0,0.0
1982-08-27,0.0,1.3471527593478707,1.3320162673255953,1.3395847082138062,109350,0.0,0.0
1982-08-30,0.0,1.3244488427806782,1.294175746975563,1.309312343597412,76950,0.0,0.0
1982-08-31,0.0,1.3395845504169104,1.324448060177644,1.332016110420227,75600,0.0,0.0
1982-09-01,0.0,1.332016897495146,1.309312343597412,1.309312343597412,27675,0.0,0.0
1982-09-02,0.0,1.332016110420227,1.3017430325031691,1.332016110420227,69525,0.0,0.0
1982-09-03,0.0,1.3471526006594936,1.3168796201809605,1.332016110420227,50625,0.0,0.0
1982-09-07,0.0,1.3168803417758408,1.301743745803833,1.301743745803833,24975,0.0,0.0
1982-09-08,0.0,1.332016110420227,1.294174982260586,1.332016110420227,23625,0.0,0.0
1982-09-09,0.0,1.3547223806381226,1.3320173321387103,1.3547223806381226,10800,0.0,0.0
1982-09-10,0.0,1.3622904378220833,1.3547223806381226,1.3547223806381226,20250,0.0,0.0
1982-09-13,0.0,1.3698581097862155,1.354721614227055,1.3622896671295166,165375,0.0,0.0
1982-09-14,0.0,1.3698577880859373,1.362289347206627,1.3698577880859375,11475,0.0,0.0
1982-09-15,0.0,1.3698578606960417,1.347152829170227,1.347152829170227,41175,0.0,0.0
1982-09-16,0.0,1.3471526006594936,1.332016110420227,1.332016110420227,97200,0.0,0.0
1982-09-17,0.0,1.316880395341811,1.2941757440567017,1.2941757440567017,8775,0.0,0.0
1982-09-20,0.0,1.2941752247400387,1.241197109222412,1.241197109222412,33750,0.0,0.0
1982-09-21,0.0,1.2563339471817017,1.2336293005354664,1.2563339471817017,3375,0.0,0.0
1982-09-22,0.0,1.2941750279138018,1.256333508665166,1.263901948928833,12825,0.0,0.0
1982-09-23,0.0,1.2563339471817017,1.2563339471817017,1.2563339471817017,675,0.0,0.0
1982-09-24,0.0,1.2487656480756781,1.241197109222412,1.241197109222412,6075,0.0,0.0
1982-09-27,0.0,1.233628749847412,1.233628749847412,1.233628749847412,1350,0.0,0.0
1982-09-28,0.0,1.2563338789654928,1.2411972862922827,1.2487658262252808,4725,0.0,0.0
1982-09-29,0.0,1.2487658262252808,1.2411972862922827,1.2487658262252808,10800,0.0,0.0
1982-09-30,0.0,1.2639023214599336,1.2336292335520707,1.2487658262252808,29025,0.0,0.0
1982-10-01,0.0,1.263901948928833,1.2411969204534172,1.263901948928833,10125,0.0,0.0
1982-10-04,0.0,1.2714703742001456,1.2487658262252808,1.2487658262252808,3375,0.0,0.0
1982-10-05,0.0,1.2941757630971022,1.2411976255413915,1.2790392637252808,41175,0.0,0.0
1982-10-06,0.0,1.2941751101706762,1.2639020292615715,1.2866066694259644,29025,0.0,0.0
1982-10-07,0.0,1.301743745803833,1.286607247270404,1.301743745803833,54675,0.0,0.0
1982-10-08,0.0,1.309312287386283,1.2941756914142755,1.301743745803833,28350,0.0,0.0
1982-10-11,0.0,1.316880464553833,1.233629617419587,1.316880464553833,168075,0.0,0.0
1982-10-12,0.0,1.3849943278795982,1.3320162180089528,1.3774257898330688,117450,0.0,0.0
1982-10-13,0.0,1.3849943278795982,1.339584658616949,1.3774257898330688,376650,0.0,0.0
1982-10-14,0.0,1.4001315335741749,1.309312343597412,1.309312343597412,125550,0.0,0.0
1982-10-15,0.0,1.3395847082138062,1.3017431858425081,1.3395847082138062,17550,0.0,0.0
1982-10-18,0.0,1.3547220067312586,1.3017438671705803,1.316880464553833,1472850,0.0,0.0
1982-10-19,0.0,1.3395845504169104,1.324448060177644,1.332016110420227,207900,0.0,0.0
1982-10-20,0.0,1.3471526006594936,1.332016110420227,1.332016110420227,35100,0.0,0.0
1982-10-21,0.0,1.3622896671295166,1.3320165785726366,1.3622896671295166,220725,0.0,0.0
1982-10-22,0.0,1.362290061826416,1.316880464553833,1.316880464553833,93825,0.0,0.0
1982-10-25,0.0,1.3320169644984983,1.3093124094586757,1.316880464553833,13500,0.0,0.0
1982-10-26,0.0,1.3244483470916746,1.3093118535734036,1.3244483470916748,21600,0.0,0.0
1982-10-27,0.0,1.3395845504169104,1.3168796201809605,1.332016110420227,141075,0.0,0.0
1982-10-28,0.0,1.3320169644984983,1.316880464553833,1.316880464553833,33750,0.0,0.0
1982-10-29,0.0,1.3244483470916746,1.3093118535734036,1.3244483470916748,27000,0.0,0.0
1982-11-01,0.0,1.3244488427806782,1.309312343597412,1.309312343597412,19575,0.0,0.0
1982-11-02,0.0,1.3320168403092698,1.301743745803833,1.301743745803833,87075,0.0,0.0
1982-11-03,0.0,1.332016110420227,1.3017430325031691,1.332016110420227,86400,0.0,0.0
1982-11-04,0.0,1.332016398973718,1.3017433144986295,1.3244483470916748,99225,0.0,0.0
1982-11-05,0.0,1.347152829170227,1.3320163363634336,1.347152829170227,91125,0.0,0.0
1982-11-08,0.0,1.347152829170227,1.3320163363634336,1.347152829170227,90450,0.0,0.0
1982-11-09,0.0,1.422836184501648,1.3471533962913158,1.422836184501648,662175,0.0,0.0
1982-11-10,0.0,1.5136550147167083,1.4304038286209106,1.4304038286209106,268650,0.0,0.0
1982-11-11,0.0,1.490950584411621,1.4228359591407407,1.490950584411621,58050,0.0,0.0
1982-11-12,0.0,1.460677724764688,1.4152681297893548,1.422836184501648,100575,0.0,0.0
1982-11-15,0.0,1.4455403193305756,1.422835388389022,1.4304038286209106,41850,0.0,0.0
1982-11-16,0.0,1.4001310697539655,1.3925626277923582,1.3925626277923584,164700,0.0,0.0
1982-11-17,0.0,1.4076991219613713,1.3925626277923582,1.3925626277923584,54000,0.0,0.0
1982-11-18,0.0,1.3925625586676766,1.3698579159797315,1.3849945068359375,40500,0.0,0.0
1982-11-19,0.0,1.3698579250850345,1.3244483470916746,1.3244483470916748,68175,0.0,0.0
1982-11-22,0.0,1.309312073133813,1.2260608576300756,1.2563339471817017,189000,0.0,0.0
1982-11-23,0.0,1.248766268139974,1.226061224937439,1.226061224937439,84375,0.0,0.0
1982-11-24,0.0,1.2941751101706762,1.2336289483524665,1.2866066694259644,78300,0.0,0.0
1982-11-26,0.0,1.3244483470916746,1.2866068209803583,1.3244483470916748,20925,0.0,0.0
1982-11-29,0.0,1.3622893488086827,1.3244482161915307,1.3395847082138062,56700,0.0,0.0
1982-11-30,0.0,1.3547223806381226,1.3244492749547496,1.3547223806381226,240300,0.0,0.0
1982-12-01,0.0,1.3925625586676766,1.3698579159797315,1.3849945068359375,48600,0.0,0.0
1982-12-02,0.0,1.4001311983430955,1.3622896671295166,1.3622896671295166,58050,0.0,0.0
1982-12-03,0.0,1.3698581097862155,1.347153074131797,1.3622896671295166,28350,0.0,0.0
1982-12-06,0.0,1.3774257898330688,1.339584658616949,1.3774257898330688,45900,0.0,0.0
1982-12-07,0.0,1.3849943775289486,1.362289347206627,1.3698577880859375,35100,0.0,0.0
1982-12-08,0.0,1.384994702783935,1.3622896671295166,1.3622896671295166,24975,0.0,0.0
1982-12-09,0.0,1.3925626277923582,1.3547214898083764,1.3925626277923584,101250,0.0,0.0
1982-12-10,0.0,1.407698870195324,1.3774257898330688,1.3774257898330688,59400,0.0,0.0
1982-12-13,0.0,1.384994702783935,1.3622896671295166,1.3622896671295166,22275,0.0,0.0
1982-12-14,0.0,1.3849954863214955,1.3547223806381226,1.3547223806381226,16875,0.0,0.0
1982-12-15,0.0,1.3698578606960417,1.347152829170227,1.347152829170227,41175,0.0,0.0
1982-12-16,0.0,1.347152829170227,1.347152829170227,1.347152829170227,11475,0.0,0.0
1982-12-17,0.0,1.3698588847605018,1.3471538362610895,1.3547223806381226,12150,0.0,0.0
1982-12-20,0.0,1.3547223806381226,1.3395857790771288,1.3547223806381226,22275,0.0,0.0
1982-12-21,0.0,1.377426162688677,1.3622896671295166,1.3622896671295166,6075,0.0,0.0
1982-12-22,0.0,1.3849954863214955,1.3547223806381226,1.3547223806381226,51975,0.0,0.0
1982-12-23,0.0,1.3849943278795982,1.3622892983712078,1.3774257898330688,16875,0.0,0.0
1982-12-27,0.0,1.3849943775289486,1.362289347206627,1.3698577880859375,35775,0.0,0.0
1982-12-28,0.0,1.3849945068359375,1.3622894743938103,1.3849945068359375,50625,0.0,0.0
1982-12-29,0.0,1.3925625586676766,1.3774259678114706,1.3849945068359375,193050,0.0,0.0
1982-12-30,0.0,1.4001308679580688,1.384994375970625,1.4001308679580688,6075,0.0,0.0
1982-12-31,0.0,1.4001308679580688,1.392562427087274,1.4001308679580688,9450,0.0,0.0
1983-01-03,0.0,1.400131000253598,1.3698579159797315,1.3849945068359375,59400,0.0,0.0
1983-01-04,0.0,1.4001308679580688,1.3774258376612938,1.4001308679580688,16200,0.0,0.0
1983-01-05,0.0,1.407698870195324,1.3774257898330688,1.3774257898330688,37125,0.0,0.0
1983-01-06,0.0,1.4001310697539655,1.377426036184795,1.3925626277923584,20925,0.0,0.0
1983-01-07,0.0,1.4001311983430955,1.3622896671295166,1.3622896671295166,27000,0.0,0.0
1983-01-10,0.0,1.3849945068359375,1.3622894743938103,1.3849945068359375,29025,0.0,0.0
1983-01-11,0.0,1.3849943278795982,1.3622892983712078,1.3774257898330688,124875,0.0,0.0
1983-01-12,0.0,1.3925626277923582,1.3547214898083764,1.3925626277923584,73575,0.0,0.0
1983-01-13,0.0,1.3925625586676766,1.3622894743938103,1.3849945068359375,102600,0.0,0.0
1983-01-14,0.0,1.4152674573840491,1.3774258376612938,1.4001308679580688,153900,0.0,0.0
1983-01-17,0.0,1.4455403193305756,1.3925623095311639,1.4304038286209106,33750,0.0,0.0
1983-01-18,0.0,1.4455403193305756,1.4152673379112457,1.4304038286209106,129600,0.0,0.0
1983-01-19,0.0,1.4531090259552002,1.4228355538233077,1.4531090259552002,189675,0.0,0.0
1983-01-20,0.0,1.4985191822052004,1.44554104825274,1.4985191822052002,47250,0.0,0.0
1983-01-21,0.0,1.5363603306224454,1.4985191822052004,1.4985191822052002,69525,0.0,0.0
1983-01-24,0.0,1.4833822165078765,1.4531091319224916,1.4682456254959106,65475,0.0,0.0
1983-01-25,0.0,1.4909501596906547,1.4531090259552002,1.4531090259552002,48600,0.0,0.0
1983-01-26,0.0,1.4985190276794902,1.4682459366779845,1.490950584411621,87075,0.0,0.0
1983-01-27,0.0,1.5287922272986338,1.483382636289398,1.521223783493042,56700,0.0,0.0
1983-01-28,0.0,1.5439279273515025,1.5136549472808838,1.5136549472808838,79650,0.0,0.0
1983-01-31,0.0,1.521223783493042,1.5136557294417465,1.521223783493042,47250,0.0,0.0
1983-02-01,0.0,1.521222997421491,1.5136549472808838,1.5136549472808838,14850,0.0,0.0
1983-02-02,0.0,1.551496982574463,1.5136559278492503,1.551496982574463,24975,0.0,0.0
1983-02-03,0.0,1.5969053833271802,1.5287911892219492,1.5742007493972778,38475,0.0,0.0
1983-02-04,0.0,1.5969053833271802,1.5742007493972778,1.5742007493972778,36450,0.0,0.0
1983-02-07,0.0,1.5893377776663031,1.5666327476501465,1.5666327476501465,32400,0.0,0.0
1983-02-08,0.0,1.5590655248107008,1.551496982574463,1.551496982574463,38475,0.0,0.0
1983-02-09,0.0,1.5666327476501465,1.559064696627033,1.5666327476501465,33750,0.0,0.0
1983-02-10,0.0,1.5817687983097322,1.5590642618183377,1.5742007493972778,29700,0.0,0.0
1983-02-11,0.0,1.60447474151487,1.5817697048187254,1.5817697048187256,102600,0.0,0.0
1983-02-14,0.0,1.5969059467315674,1.5742013047912402,1.5969059467315674,28350,0.0,0.0
1983-02-15,0.0,1.6271792650222778,1.6044746198027162,1.6271792650222778,13500,0.0,0.0
1983-02-16,0.0,1.634747862815857,1.6120428256842203,1.634747862815857,24975,0.0,0.0
1983-02-17,0.0,1.634747999503305,1.6120429604732145,1.6196115016937256,19575,0.0,0.0
1983-02-18,0.0,1.634747862815857,1.6120428256842203,1.634747862815857,39825,0.0,0.0
1983-02-22,0.0,1.6574516572549216,1.612041711807251,1.612041711807251,38475,0.0,0.0
1983-02-23,0.0,1.642315864562988,1.6120423924187814,1.6423158645629883,30375,0.0,0.0
1983-02-24,0.0,1.6574517084168194,1.6271783455582345,1.6498832702636719,42525,0.0,0.0
1983-02-25,0.0,1.6498839159237866,1.642315864562988,1.6423158645629883,27675,0.0,0.0
1983-02-28,0.0,1.6347482380467964,1.6044751405715942,1.6044751405715942,76950,0.0,0.0
1983-03-01,0.0,1.604474388068275,1.5893378951490287,1.5969059467315674,55350,0.0,0.0
1983-03-02,0.0,1.5969053833271802,1.5742007493972778,1.5742007493972778,102600,0.0,0.0
1983-03-03,0.0,1.5969062985109246,1.5817697048187254,1.5817697048187256,55350,0.0,0.0
1983-03-04,0.0,1.5969059467315674,1.5893378951490287,1.5969059467315674,149175,0.0,0.0
1983-03-07,0.0,1.596905877027343,1.5742012360780633,1.5893378257751465,101925,0.0,0.0
1983-03-08,0.0,1.6271795557213677,1.6044749064455723,1.6196115016937256,60075,0.0,0.0
1983-03-09,0.0,1.60447474151487,1.5817697048187254,1.5817697048187256,11475,0.0,0.0
1983-03-10,0.0,1.619610247165276,1.5969052257221914,1.612041711807251,47925,0.0,0.0
1983-03-11,0.0,1.6271797931604668,1.6044751405715942,1.6044751405715942,41850,0.0,0.0
1983-03-14,0.0,1.5893373344147261,1.5742007493972778,1.5742007493972778,16875,0.0,0.0
1983-03-15,0.0,1.5514970022762078,1.536360502243042,1.536360502243042,33750,0.0,0.0
1983-03-16,0.0,1.5287922272986338,1.521223783493042,1.521223783493042,18900,0.0,0.0
1983-03-17,0.0,1.528791372237646,1.4758132696151733,1.4758132696151733,48600,0.0,0.0
1983-03-18,0.0,1.4531090259552002,1.4531090259552002,1.4531090259552002,74925,0.0,0.0
1983-03-21,0.0,1.4531088570009925,1.4304038286209106,1.4304038286209106,74250,0.0,0.0
1983-03-22,0.0,1.4531088570009925,1.4304038286209106,1.4304038286209106,90450,0.0,0.0
1983-03-23,0.0,1.4531090259552002,1.445540487404783,1.4531090259552002,23625,0.0,0.0
1983-03-24,0.0,1.4758135697825177,1.445540487404783,1.4531090259552002,64125,0.0,0.0
1983-03-25,0.0,1.4455406665802002,1.4379726142844167,1.4455406665802002,53325,0.0,0.0
1983-03-28,0.0,1.4531090259552002,1.4379724360470632,1.4531090259552002,76950,0.0,0.0
1983-03-29,0.0,1.4833824673175593,1.4379727840423584,1.4379727840423584,95175,0.0,0.0
1983-03-30,0.0,1.46067707731292,1.4379724360470632,1.4531090259552002,12150,0.0,0.0
1983-03-31,0.0,1.4682456254959106,1.4531091319224916,1.4682456254959106,26325,0.0,0.0
1983-04-04,0.0,1.4758132696151733,1.4531087304057577,1.4758132696151733,38475,0.0,0.0
1983-04-05,0.0,1.4985190276794902,1.4833825308980209,1.490950584411621,17550,0.0,0.0
1983-04-06,0.0,1.4833821083329348,1.4531090259552002,1.4531090259552002,155925,0.0,0.0
1983-04-07,0.0,1.4531096700523949,1.422836184501648,1.422836184501648,87750,0.0,0.0
1983-04-08,0.0,1.4228351591292558,1.4076985734200032,1.4152671098709106,22950,0.0,0.0
1983-04-11,0.0,1.4304038286209106,1.4076988002408288,1.4304038286209106,113400,0.0,0.0
1983-04-12,0.0,1.4379730734348954,1.422836184501648,1.422836184501648,67500,0.0,0.0
1983-04-13,0.0,1.4379722688527994,1.422835388389022,1.4304038286209106,37125,0.0,0.0
1983-04-14,0.0,1.4379727840423584,1.4228358981554148,1.4379727840423584,211275,0.0,0.0
1983-04-15,0.0,1.4455408372315783,1.4228358981554148,1.4379727840423584,37800,0.0,0.0
1983-04-18,0.0,1.4455408372315783,1.4228358981554148,1.4379727840423584,66825,0.0,0.0
1983-04-19,0.0,1.4379727840423584,1.4076993045841601,1.4379727840423584,42525,0.0,0.0
1983-04-20,0.0,1.4455411281471886,1.422836184501648,1.422836184501648,143100,0.0,0.0
1983-04-21,0.0,1.4304038286209106,1.4152673379112457,1.4304038286209106,141750,0.0,0.0
1983-04-22,0.0,1.5136549472808838,1.4304037648940637,1.5136549472808838,110025,0.0,0.0
1983-04-25,0.0,1.536360502243042,1.5136559470704694,1.536360502243042,56700,0.0,0.0
1983-04-26,0.0,1.536360502243042,1.5136559470704694,1.536360502243042,41850,0.0,0.0
1983-04-27,0.0,1.536360502243042,1.5287924471036352,1.536360502243042,43875,0.0,0.0
1983-04-28,0.0,1.536360502243042,1.521224002209876,1.536360502243042,22275,0.0,0.0
1983-04-29,0.0,1.5514970022762078,1.536360502243042,1.536360502243042,33075,0.0,0.0
1983-05-02,0.0,1.5439287251555212,1.521223783493042,1.521223783493042,34425,0.0,0.0
1983-05-03,0.0,1.5287921720321498,1.4833825826644897,1.4833825826644897,29700,0.0,0.0
1983-05-04,0.0,1.4985191822052004,1.4909507381568814,1.4985191822052002,20925,0.0,0.0
1983-05-05,0.0,1.4909502684174931,1.4682456254959106,1.4682456254959106,17550,0.0,0.0
1983-05-06,0.0,1.4833826632626927,1.4606776237487793,1.4606776237487793,25650,0.0,0.0
1983-05-09,0.0,1.490950584411621,1.4682459366779845,1.490950584411621,53325,0.0,0.0
1983-05-10,0.0,1.506086468696594,1.4909499780708455,1.5060864686965942,26325,0.0,0.0
1983-05-11,0.0,1.521222997421491,1.4985183598070506,1.5136549472808838,50625,0.0,0.0
1983-05-12,0.0,1.5363594874568003,1.5136549472808838,1.5136549472808838,678375,0.0,0.0
1983-05-13,0.0,1.521223783493042,1.5060871881975806,1.521223783493042,198450,0.0,0.0
1983-05-16,0.0,1.521222997421491,1.5136549472808838,1.5136549472808838,42525,0.0,0.0
1983-05-17,0.0,1.521223783493042,1.5136557294417465,1.521223783493042,137700,0.0,0.0
1983-05-18,0.0,1.528791904449463,1.5136554097890897,1.528791904449463,58050,0.0,0.0
1983-05-19,0.0,1.528791904449463,1.528791904449463,1.528791904449463,54000,0.0,0.0
1983-05-20,0.0,1.5212230567608704,1.498518418260775,1.5060864686965942,201150,0.0,0.0
1983-05-23,0.0,1.498519079974186,1.4833825826644897,1.4833825826644897,50625,0.0,0.0
1983-05-24,0.0,1.5590643882751465,1.5136548244166161,1.5590643882751465,157275,0.0,0.0
1983-05-25,0.0,1.6196115016937256,1.551496774357749,1.6196115016937256,172800,0.0,0.0
1983-05-26,0.0,1.6347477074520966,1.6120426724783095,1.6271792650222778,541350,0.0,0.0
1983-05-27,0.0,1.6423164432852424,1.6120429604732145,1.6196115016937256,142425,0.0,0.0
1983-05-31,0.0,1.6196117380284893,1.6044751405715942,1.6044751405715942,58725,0.0,0.0
1983-06-01,0.0,1.6044751405715942,1.5893386405532872,1.6044751405715942,157950,0.0,0.0
1983-06-02,0.0,1.6271792650222778,1.5969061773728976,1.6271792650222778,51300,0.0,0.0
1983-06-03,0.0,1.665020704269409,1.6271792714786188,1.6650207042694092,128925,0.0,0.0
1983-06-06,0.0,1.6952944535347738,1.672589898109436,1.672589898109436,60750,0.0,0.0
1983-06-07,0.0,1.7028619866481585,1.6725890024556669,1.6952935457229614,39150,0.0,0.0
1983-06-08,0.0,1.7028619866481585,1.6801570536267159,1.6952935457229614,29025,0.0,0.0
1983-06-09,0.0,1.6801573038101196,1.665020614582875,1.6801573038101196,101925,0.0,0.0
1983-06-10,0.0,1.71043062210083,1.68015762756711,1.71043062210083,43200,0.0,0.0
1983-06-13,0.0,1.78611331423194,1.7331355734740426,1.7785452604293823,73575,0.0,0.0
1983-06-14,0.0,1.793680149225254,1.7861117124557495,1.7861117124557495,82350,0.0,0.0
1983-06-15,0.0,1.8769317865371704,1.7861120853576453,1.8769317865371704,68175,0.0,0.0
1983-06-16,0.0,1.8769327875420387,1.8163862228393555,1.8163862228393555,123525,0.0,0.0
1983-06-17,0.0,1.8315218882818678,1.7936806678771973,1.7936806678771973,64800,0.0,0.0
1983-06-20,0.0,1.808817350916089,1.7936806678771973,1.7936806678771973,57375,0.0,0.0
1983-06-21,0.0,1.7936813740660154,1.7558399438858032,1.7558399438858032,29700,0.0,0.0
1983-06-22,0.0,1.7558396025285852,1.7028618834037605,1.7331348657608032,68175,0.0,0.0
1983-06-23,0.0,1.7179987345625767,1.6801573038101196,1.6801573038101196,41850,0.0,0.0
1983-06-24,0.0,1.7179988775450137,1.6877258863252258,1.7028623819351196,9450,0.0,0.0
1983-06-27,0.0,1.6952935457229614,1.665020366653396,1.6952935457229614,12825,0.0,0.0
1983-06-28,0.0,1.71042996709503,1.6801569841542894,1.6877254247665405,14850,0.0,0.0
1983-06-29,0.0,1.7255673408508299,1.6801578432217679,1.72556734085083,14175,0.0,0.0
1983-06-30,0.0,1.7407036209598545,1.7028623819351196,1.7028623819351196,81675,0.0,0.0
1983-07-01,0.0,1.6952934756246596,1.6877254247665405,1.6877254247665405,4725,0.0,0.0
1983-07-05,0.0,1.6877254247665405,1.6801569841542894,1.6877254247665405,6075,0.0,0.0
1983-07-06,0.0,1.6877258367718422,1.6574526515637873,1.6650207042694092,35775,0.0,0.0
1983-07-07,0.0,1.6650205159533638,1.6498840224998506,1.6574524641036987,6075,0.0,0.0
1983-07-08,0.0,1.6498842025575085,1.6196112123466846,1.6271792650222778,10125,0.0,0.0
1983-07-11,0.0,1.6120423692858883,1.5742012360780633,1.5893378257751465,359775,0.0,0.0
1983-07-12,0.0,1.5893378257751467,1.5742012360780633,1.5893378257751465,31725,0.0,0.0
1983-07-13,0.0,1.596905877027343,1.5817692873302598,1.5893378257751465,195075,0.0,0.0
1983-07-14,0.0,1.5893373344147261,1.5590642618183377,1.5742007493972778,29025,0.0,0.0
1983-07-15,0.0,1.5893382452612346,1.56663320856509,1.5817697048187256,82350,0.0,0.0
1983-07-18,0.0,1.5893378257751467,1.5742012360780633,1.5893378257751465,15525,0.0,0.0
1983-07-19,0.0,1.612041711807251,1.5817686421986334,1.612041711807251,40500,0.0,0.0
1983-07-20,0.0,1.6196109077307752,1.5893378257751467,1.5893378257751465,54000,0.0,0.0
1983-07-21,0.0,1.6044751405715942,1.5817700982283696,1.6044751405715942,10125,0.0,0.0
1983-07-22,0.0,1.6044751405715942,1.5969066956852647,1.6044751405715942,706050,0.0,0.0
1983-07-25,0.0,1.6196115016937256,1.6044749064455723,1.6196115016937256,47925,0.0,0.0
1983-07-26,0.0,1.634747862815857,1.6196113662718972,1.634747862815857,168075,0.0,0.0
1983-07-27,0.0,1.634747999503305,1.6196115016937256,1.6196115016937256,50625,0.0,0.0
1983-07-28,0.0,1.6271795557213677,1.6196115016937256,1.6196115016937256,32400,0.0,0.0
1983-07-29,0.0,1.6347467332503356,1.612041711807251,1.612041711807251,69525,0.0,0.0
1983-08-01,0.0,1.6271782953308092,1.612041711807251,1.612041711807251,12825,0.0,0.0
1983-08-02,0.0,1.6120431957035717,1.6044751405715942,1.6044751405715942,41175,0.0,0.0
1983-08-03,0.0,1.6196109077307752,1.5893378257751467,1.5893378257751465,20925,0.0,0.0
1983-08-04,0.0,1.5893378257751467,1.5893378257751467,1.5893378257751465,42525,0.0,0.0
1983-08-05,0.0,1.5893378257751467,1.5742012360780633,1.5893378257751465,49950,0.0,0.0
1983-08-08,0.0,1.5893373344147261,1.5742007493972778,1.5742007493972778,22275,0.0,0.0
1983-08-09,0.0,1.5817687983097322,1.5742007493972778,1.5742007493972778,9450,0.0,0.0
1983-08-10,0.0,1.5666327476501465,1.5439281073881301,1.5666327476501465,16875,0.0,0.0
1983-08-11,0.0,1.5742007493972778,1.5742007493972778,1.5742007493972778,3375,0.0,0.0
1983-08-12,0.0,1.5817687983097322,1.5666323107307918,1.5742007493972778,6075,0.0,0.0
1983-08-15,0.0,1.5893378257751467,1.5742012360780633,1.5893378257751465,10800,0.0,0.0
1983-08-16,0.0,1.5742007493972778,1.5666323107307918,1.5742007493972778,15525,0.0,0.0
1983-08-17,0.0,1.5742011884274003,1.5666327476501465,1.5666327476501465,10800,0.0,0.0
1983-08-18,0.0,1.5666327476501465,1.5666327476501465,1.5666327476501465,1350,0.0,0.0
1983-08-19,0.0,1.5742007493972778,1.5666323107307918,1.5742007493972778,4725,0.0,0.0
1983-08-22,0.0,1.5666327476501465,1.5514961584112437,1.5666327476501465,8775,0.0,0.0
1983-08-23,0.0,1.5514959774921098,1.5060864099476579,1.5136549472808838,26325,0.0,0.0
1983-08-24,0.0,1.4909501596906547,1.4531090259552002,1.4531090259552002,35100,0.0,0.0
1983-08-25,0.0,1.5060872364992104,1.4531095897396362,1.4985191822052002,16875,0.0,0.0
1983-08-26,0.0,1.5136549472808838,1.5060864099476579,1.5136549472808838,8100,0.0,0.0
1983-08-29,0.0,1.5060871337518933,1.4833825826644897,1.4833825826644897,19575,0.0,0.0
1983-08-30,0.0,1.4833822921988384,1.4455406665802002,1.4455406665802002,20250,0.0,0.0
1983-08-31,0.0,1.4455408372315783,1.4304043410988867,1.4379727840423584,22275,0.0,0.0
1983-09-01,0.0,1.4985191822052004,1.44554104825274,1.4985191822052002,279450,0.0,0.0
1983-09-02,0.0,1.498519079974186,1.4833825826644897,1.4833825826644897,6075,0.0,0.0
1983-09-06,0.0,1.4985191822052004,1.4833826838628714,1.4985191822052002,6075,0.0,0.0
1983-09-07,0.0,1.5363595473866192,1.4833819276350262,1.5060864686965942,55350,0.0,0.0
1983-09-08,0.0,1.528791904449463,1.5136554097890897,1.528791904449463,39150,0.0,0.0
1983-09-09,0.0,1.5666324378014505,1.5439278020299592,1.5590643882751465,27675,0.0,0.0
1983-09-12,0.0,1.5742007493972778,1.5742007493972778,1.5742007493972778,95850,0.0,0.0
1983-09-13,0.0,1.5742018183078696,1.521223783493042,1.521223783493042,27675,0.0,0.0
1983-09-14,0.0,1.521223675413127,1.490950584411621,1.490950584411621,29025,0.0,0.0
1983-09-15,0.0,1.521222997421491,1.5060864099476579,1.5136549472808838,22275,0.0,0.0
1983-09-16,0.0,1.5136549472808838,1.4985183598070506,1.5136549472808838,5400,0.0,0.0
1983-09-19,0.0,1.5590653204509826,1.5136557294417465,1.521223783493042,39150,0.0,0.0
1983-09-20,0.0,1.5212230567608704,1.4909499780708455,1.5060864686965942,383400,0.0,0.0
1983-09-21,0.0,1.5136549472808838,1.5060864099476579,1.5136549472808838,21600,0.0,0.0
1983-09-22,0.0,1.5514975153064092,1.5136564475878496,1.5439294576644897,24300,0.0,0.0
1983-09-23,0.0,1.5514975153064092,1.5287929526261697,1.5439294576644897,13500,0.0,0.0
1983-09-26,0.0,1.5514970022762078,1.536360502243042,1.536360502243042,4050,0.0,0.0
1983-09-27,0.0,1.5514970022762078,1.521224002209876,1.536360502243042,14175,0.0,0.0
1983-09-28,0.0,1.536360502243042,1.5287924471036352,1.536360502243042,12150,0.0,0.0
1983-09-29,0.0,1.5363602813499293,1.521223783493042,1.521223783493042,4050,0.0,0.0
1983-09-30,0.0,1.5287922272986338,1.4985191341462851,1.521223783493042,22950,0.0,0.0
1983-10-03,0.0,1.5136550063250511,1.506086468696594,1.5060864686965942,8100,0.0,0.0
1983-10-04,0.0,1.5136557779861066,1.4833826838628714,1.4985191822052002,157275,0.0,0.0
1983-10-05,0.0,1.490950584411621,1.4758139901915848,1.490950584411621,9450,0.0,0.0
1983-10-06,0.0,1.5136549472808838,1.5060864099476579,1.5136549472808838,12825,0.0,0.0
1983-10-07,0.0,1.5439294576644897,1.5136564475878496,1.5439294576644897,31725,0.0,0.0
1983-10-10,0.0,1.5817692394505138,1.5439281073881301,1.5666327476501465,30375,0.0,0.0
1983-10-11,0.0,1.5817700796949588,1.551496982574463,1.551496982574463,76950,0.0,0.0
1983-10-12,0.0,1.5666324378014505,1.5439278020299592,1.5590643882751465,11475,0.0,0.0
1983-10-13,0.0,1.5590643882751465,1.5514958515562631,1.5590643882751465,7425,0.0,0.0
1983-10-14,0.0,1.5666327476501465,1.5439281073881301,1.5666327476501465,14850,0.0,0.0
1983-10-17,0.0,1.5439289471368012,1.5287924471036352,1.536360502243042,6075,0.0,0.0
1983-10-18,0.0,1.5439279273515025,1.5136549472808838,1.5136549472808838,15525,0.0,0.0
1983-10-19,0.0,1.5363602813499293,1.5060871881975806,1.521223783493042,23625,0.0,0.0
1983-10-20,0.0,1.5287914373161933,1.4985183598070506,1.5136549472808838,10800,0.0,0.0
1983-10-21,0.0,1.498519079974186,1.4833825826644897,1.4833825826644897,24975,0.0,0.0
1983-10-24,0.0,1.4985182960171868,1.4758132696151733,1.4758132696151733,6750,0.0,0.0
1983-10-25,0.0,1.4758136774055273,1.4682456254959106,1.4682456254959106,4050,0.0,0.0
1983-10-26,0.0,1.4833822165078765,1.460677183832108,1.4682456254959106,51300,0.0,0.0
1983-10-27,0.0,1.468246067691993,1.4455410281780796,1.4606776237487793,13500,0.0,0.0
1983-10-28,0.0,1.4682455184247978,1.4531090259552002,1.4531090259552002,9450,0.0,0.0
1983-10-31,0.0,1.4758135697825177,1.4531090259552002,1.4531090259552002,19575,0.0,0.0
1983-11-01,0.0,1.453109377613613,1.4379727840423584,1.4379727840423584,20250,0.0,0.0
1983-11-02,0.0,1.453109377613613,1.4379727840423584,1.4379727840423584,16200,0.0,0.0
1983-11-03,0.0,1.460677724764688,1.422836184501648,1.422836184501648,20250,0.0,0.0
1983-11-04,0.0,1.422836184501648,1.4076995878841485,1.422836184501648,7425,0.0,0.0
1983-11-07,0.0,1.4682458737463047,1.4379727840423584,1.4379727840423584,59400,0.0,0.0
1983-11-08,0.0,1.4455406665802002,1.4304041722344272,1.4455406665802002,9450,0.0,0.0
1983-11-09,0.0,1.4606776237487793,1.4455410281780796,1.4606776237487793,140400,0.0,0.0
1983-11-10,0.0,1.468246067691993,1.4606776237487793,1.4606776237487793,107325,0.0,0.0
1983-11-11,0.0,1.4682456254959106,1.4531091319224916,1.4682456254959106,49275,0.0,0.0
1983-11-14,0.0,1.4682456254959106,1.4531091319224916,1.4682456254959106,39150,0.0,0.0
1983-11-15,0.0,1.4758132696151733,1.4606767802242033,1.4758132696151733,103275,0.0,0.0
1983-11-16,0.0,1.4758136774055273,1.4531091319224916,1.4682456254959106,28350,0.0,0.0
1983-11-17,0.0,1.4758141218809033,1.4531095695598693,1.4606776237487793,67500,0.0,0.0
1983-11-18,0.0,1.4758141218809033,1.4606776237487793,1.4606776237487793,93825,0.0,0.0
1983-11-21,0.0,1.4682456254959106,1.4455405928201424,1.4682456254959106,16200,0.0,0.0
1983-11-22,0.0,1.483381806626217,1.4682452197967275,1.4758132696151733,83700,0.0,0.0
1983-11-23,0.0,1.506086468696594,1.475813390006569,1.5060864686965942,27000,0.0,0.0
1983-11-25,0.0,1.490950584411621,1.490950584411621,1.490950584411621,18225,0.0,0.0
1983-11-28,0.0,1.5136549472808838,1.4909499199123486,1.5136549472808838,54000,0.0,0.0
1983-11-29,0.0,1.5060871337518933,1.4833825826644897,1.4833825826644897,157950,0.0,0.0
1983-11-30,0.0,1.490950584411621,1.4758139901915848,1.490950584411621,48600,0.0,0.0
1983-12-01,0.0,1.483381806626217,1.4606767802242033,1.4758132696151733,21600,0.0,0.0
1983-12-02,0.0,1.4758132696151733,1.4606767802242033,1.4758132696151733,10800,0.0,0.0
1983-12-05,0.0,1.4909498564446626,1.4606767802242033,1.4758132696151733,66150,0.0,0.0
1983-12-06,0.0,1.4833825826644897,1.4758140416939296,1.4833825826644897,8775,0.0,0.0
1983-12-07,0.0,1.4758132696151733,1.4606767802242033,1.4758132696151733,72225,0.0,0.0
1983-12-08,0.0,1.4833825826644897,1.4682459879162226,1.4833825826644897,102600,0.0,0.0
1983-12-09,0.0,1.536360502243042,1.490950904704956,1.536360502243042,101250,0.0,0.0
1983-12-12,0.0,1.5590643882751465,1.5439278020299592,1.5590643882751465,10125,0.0,0.0
1983-12-13,0.0,1.6271782953308092,1.5666321561135739,1.612041711807251,30375,0.0,0.0
1983-12-14,0.0,1.6271797931604668,1.5969066956852647,1.6044751405715942,32400,0.0,0.0
1983-12-15,0.0,1.6044751405715942,1.5893386405532872,1.6044751405715942,22950,0.0,0.0
1983-12-16,0.0,1.6271792650222778,1.6044746198027162,1.6271792650222778,17550,0.0,0.0
1983-12-19,0.0,1.612041711807251,1.612041711807251,1.612041711807251,15525,0.0,0.0
1983-12-20,0.0,1.612041711807251,1.6044736636417178,1.612041711807251,12825,0.0,0.0
1983-12-21,0.0,1.6120427947645601,1.5817697048187254,1.5817697048187256,22275,0.0,0.0
1983-12-22,0.0,1.5893373344147261,1.5742007493972778,1.5742007493972778,43200,0.0,0.0
1983-12-23,0.0,1.5817697048187254,1.5742016515690354,1.5817697048187256,6075,0.0,0.0
1983-12-27,0.0,1.5893373344147261,1.5742007493972778,1.5742007493972778,24300,0.0,0.0
1983-12-28,0.0,1.5893373344147261,1.5742007493972778,1.5742007493972778,154575,0.0,0.0
1983-12-29,0.0,1.5893373344147261,1.5742007493972778,1.5742007493972778,35775,0.0,0.0
1983-12-30,0.0,1.5742007493972778,1.5742007493972778,1.5742007493972778,239625,0.0,0.0
1984-01-03,0.0,1.5969053833271802,1.5742007493972778,1.5742007493972778,48600,0.0,0.0
1984-01-04,0.0,1.5893373344147261,1.5742007493972778,1.5742007493972778,8100,0.0,0.0
1984-01-05,0.0,1.5969059467315674,1.5817693563737787,1.5969059467315674,68850,0.0,0.0
1984-01-06,0.0,1.6498832702636719,1.5969052750151536,1.6498832702636719,49275,0.0,0.0
1984-01-09,0.0,1.6574524641036987,1.6347475290463376,1.6574524641036987,28350,0.0,0.0
1984-01-10,0.0,1.6423164432852424,1.6196115016937256,1.6196115016937256,11475,0.0,0.0
1984-01-11,0.0,1.604474388068275,1.5969059467315674,1.5969059467315674,6750,0.0,0.0
1984-01-12,0.0,1.6120431957035717,1.5893386405532872,1.6044751405715942,273375,0.0,0.0
1984-01-13,0.0,1.5969062985109246,1.5817697048187254,1.5817697048187256,88425,0.0,0.0
1984-01-16,0.0,1.5969058286894167,1.5666327476501465,1.5666327476501465,20250,0.0,0.0
1984-01-17,0.0,1.5742007493972778,1.5590642618183377,1.5742007493972778,43200,0.0,0.0
1984-01-18,0.0,1.5742011884274003,1.559064696627033,1.5666327476501465,8775,0.0,0.0
1984-01-19,0.0,1.5514964515629157,1.5212234622421692,1.528791904449463,22275,0.0,0.0
1984-01-20,0.0,1.5287914373161933,1.5136549472808838,1.5136549472808838,153225,0.0,0.0
1984-01-23,0.0,1.4985191822052004,1.4833826838628714,1.4985191822052002,31725,0.0,0.0
1984-01-24,0.0,1.5060872364992104,1.4606776440336462,1.4985191822052002,31725,0.0,0.0
1984-01-25,0.0,1.5287914373161933,1.4985183598070506,1.5136549472808838,97200,0.0,0.0
1984-01-26,0.0,1.5363602813499293,1.5136557294417465,1.521223783493042,11475,0.0,0.0
1984-01-27,0.0,1.5363602813499293,1.521223783493042,1.521223783493042,14850,0.0,0.0
1984-01-30,0.0,1.5363594874568003,1.5136549472808838,1.5136549472808838,58050,0.0,0.0
1984-01-31,0.0,1.521222997421491,1.5060864099476579,1.5136549472808838,43200,0.0,0.0
1984-02-01,0.0,1.5363599569025426,1.5136554097890897,1.528791904449463,67500,0.0,0.0
1984-02-02,0.0,1.5287914373161933,1.5136549472808838,1.5136549472808838,322650,0.0,0.0
1984-02-03,0.0,1.5212237285001602,1.4833825826644897,1.4833825826644897,95175,0.0,0.0
1984-02-06,0.0,1.4909502684174931,1.4531091319224916,1.4682456254959106,54675,0.0,0.0
1984-02-07,0.0,1.4833822165078765,1.4531091319224916,1.4682456254959106,58050,0.0,0.0
1984-02-08,0.0,1.4985186008025324,1.445540487404783,1.4531090259552002,60750,0.0,0.0
1984-02-09,0.0,1.4531092060687412,1.4304041722344272,1.4455406665802002,49950,0.0,0.0
1984-02-10,0.0,1.46067707731292,1.4531090259552002,1.4531090259552002,97875,0.0,0.0
1984-02-13,0.0,1.4758132696151733,1.445540193394714,1.4758132696151733,41850,0.0,0.0
1984-02-14,0.0,1.5136557779861066,1.4758141423759752,1.4985191822052002,50625,0.0,0.0
1984-02-15,0.0,1.528791904449463,1.5136554097890897,1.528791904449463,89100,0.0,0.0
1984-02-16,0.0,1.5514975153064092,1.5287929526261697,1.5439294576644897,27000,0.0,0.0
1984-02-17,0.0,1.5742007493972778,1.5514957257133437,1.5742007493972778,68175,0.0,0.0
1984-02-21,0.0,1.5742008770818179,1.5590643882751465,1.5590643882751465,18225,0.0,0.0
1984-02-22,0.0,1.5590643882751465,1.5590643882751465,1.5590643882751465,26325,0.0,0.0
1984-02-23,0.0,1.5742011884274003,1.559064696627033,1.5666327476501465,85050,0.0,0.0
1984-02-24,0.0,1.5742007493972778,1.5666323107307918,1.5742007493972778,9450,0.0,0.0
1984-02-27,0.0,1.5817697048187254,1.5742016515690354,1.5817697048187256,26325,0.0,0.0
1984-02-28,0.0,1.5742008770818179,1.5590643882751465,1.5590643882751465,41175,0.0,0.0
1984-02-29,0.0,1.5666335798540043,1.5439289275311594,1.551496982574463,72900,0.0,0.0
1984-03-01,0.0,1.551496982574463,1.551496982574463,1.551496982574463,1350,0.0,0.0
1984-03-02,0.0,1.6044751217721511,1.551496982574463,1.551496982574463,137025,0.0,0.0
1984-03-05,0.0,1.5363602813499293,1.521223783493042,1.521223783493042,23625,0.0,0.0
1984-03-06,0.0,1.528791904449463,1.5136554097890897,1.528791904449463,4050,0.0,0.0
1984-03-07,0.0,1.528791904449463,1.5136554097890897,1.528791904449463,7425,0.0,0.0
1984-03-08,0.0,1.521223783493042,1.521223783493042,1.521223783493042,7425,0.0,0.0
1984-03-09,0.0,1.5363599569025426,1.5212234622421692,1.528791904449463,12825,0.0,0.0
1984-03-12,0.0,1.5742008770818179,1.5439278020299592,1.5590643882751465,64125,0.0,0.0
1984-03-13,0.0,1.5742008770818179,1.5590643882751465,1.5590643882751465,22275,0.0,0.0
1984-03-14,0.0,1.5742011884274003,1.559064696627033,1.5666327476501465,58050,0.0,0.0
1984-03-15,0.0,1.5666324378014505,1.5590643882751465,1.5590643882751465,18900,0.0,0.0
1984-03-16,0.0,1.5742008770818179,1.5590643882751465,1.5590643882751465,274050,0.0,0.0
1984-03-19,0.0,1.551496982574463,1.5439289275311594,1.551496982574463,47250,0.0,0.0
1984-03-20,0.0,1.536360502243042,1.536360502243042,1.536360502243042,1350,0.0,0.0
1984-03-21,0.0,1.5439287251555212,1.521223783493042,1.521223783493042,17550,0.0,0.0
1984-03-22,0.0,1.528791904449463,1.5212234622421692,1.528791904449463,72225,0.0,0.0
1984-03-23,0.0,1.5439294576644897,1.5287929526261697,1.5439294576644897,6750,0.0,0.0
1984-03-26,0.0,1.528791904449463,1.5212234622421692,1.528791904449463,22950,0.0,0.0
1984-03-27,0.0,1.5363602813499293,1.521223783493042,1.521223783493042,18225,0.0,0.0
1984-03-28,0.0,1.521223783493042,1.521223783493042,1.521223783493042,3375,0.0,0.0
1984-03-29,0.0,1.521223783493042,1.521223783493042,1.521223783493042,14175,0.0,0.0
1984-03-30,0.0,1.5439294576644897,1.521224505229769,1.5439294576644897,48600,0.0,0.0
1984-04-02,0.0,1.5590643882751465,1.5514958515562631,1.5590643882751465,40500,0.0,0.0
1984-04-03,0.0,1.5666330436618425,1.528791904449463,1.528791904449463,49950,0.0,0.0
1984-04-04,0.0,1.5439283991098363,1.528791904449463,1.528791904449463,24975,0.0,0.0
1984-04-05,0.0,1.536360502243042,1.5287924471036352,1.536360502243042,5400,0.0,0.0
1984-04-06,0.0,1.536360502243042,1.5287924471036352,1.536360502243042,28350,0.0,0.0
1984-04-09,0.0,1.536360502243042,1.5287924471036352,1.536360502243042,5400,0.0,0.0
1984-04-10,0.0,1.528791904449463,1.528791904449463,1.528791904449463,12825,0.0,0.0
1984-04-11,0.0,1.528791904449463,1.528791904449463,1.528791904449463,39150,0.0,0.0
1984-04-12,0.0,1.521223783493042,1.521223783493042,1.521223783493042,37800,0.0,0.0
1984-04-13,0.0,1.5363602813499293,1.521223783493042,1.521223783493042,20925,0.0,0.0
1984-04-16,0.0,1.5212235199574904,1.2260607910576298,1.2487658262252808,361800,0.0,0.0
1984-04-17,0.0,1.2411967200497824,1.2033552069110376,1.218491792678833,253125,0.0,0.0
1984-04-18,0.0,1.226061224937439,1.2109247243462655,1.226061224937439,73575,0.0,0.0
1984-04-19,0.0,1.233629670110209,1.226061224937439,1.226061224937439,94500,0.0,0.0
1984-04-23,0.0,1.2411967996201991,1.2260603103205492,1.233628749847412,156600,0.0,0.0
1984-04-24,0.0,1.241197109222412,1.2260606161471397,1.241197109222412,48600,0.0,0.0
1984-04-25,0.0,1.2941757440567017,1.2411976072804252,1.2941757440567017,48600,0.0,0.0
1984-04-26,0.0,1.3698577880859373,1.301743184311655,1.3698577880859375,72900,0.0,0.0
1984-04-27,0.0,1.3547213678892485,1.347152829170227,1.347152829170227,49950,0.0,0.0
1984-04-30,0.0,1.3547212976746181,1.3395847082138062,1.3395847082138062,35775,0.0,0.0
1984-05-01,0.0,1.3547213678892485,1.347152829170227,1.347152829170227,17550,0.0,0.0
1984-05-02,0.0,1.332016110420227,1.332016110420227,1.332016110420227,15525,0.0,0.0
1984-05-03,0.0,1.3622904378220833,1.3320173321387103,1.3547223806381226,74250,0.0,0.0
1984-05-04,0.0,1.3849943278795982,1.3698577389792042,1.3774257898330688,15525,0.0,0.0
1984-05-07,0.0,1.3698578606960417,1.347152829170227,1.347152829170227,62100,0.0,0.0
1984-05-08,0.0,1.339585338942667,1.2941757440567017,1.2941757440567017,22950,0.0,0.0
1984-05-09,0.0,1.2941757630971022,1.2790392637252808,1.2790392637252808,17550,0.0,0.0
1984-05-10,0.0,1.2941761916610772,1.2714711427688599,1.2714711427688599,13500,0.0,0.0
1984-05-11,0.0,1.2639023900870925,1.2563339471817017,1.2563339471817017,24300,0.0,0.0
1984-05-14,0.0,1.2714711427688599,1.2563346383846137,1.2714711427688599,38475,0.0,0.0
1984-05-15,0.0,1.2714704432382333,1.2563339471817017,1.2563339471817017,36450,0.0,0.0
1984-05-16,0.0,1.2790385371405815,1.263901948928833,1.263901948928833,90450,0.0,0.0
1984-05-17,0.0,1.2866066694259644,1.2714700802521446,1.2866066694259644,145125,0.0,0.0
1984-05-18,0.0,1.3017431611612493,1.2790386184353912,1.2866066694259644,33750,0.0,0.0
1984-05-21,0.0,1.2866070367333278,1.2563339471817017,1.2563339471817017,17550,0.0,0.0
1984-05-22,0.0,1.3244483470916746,1.2487656846232265,1.3244483470916748,19575,0.0,0.0
1984-05-23,0.0,1.2563338789654928,1.2487658262252808,1.2487658262252808,20925,0.0,0.0
1984-05-24,0.0,1.2411967996201991,1.233628749847412,1.233628749847412,24975,0.0,0.0
1984-05-25,0.0,1.2411967200497824,1.218491792678833,1.218491792678833,82350,0.0,0.0
1984-05-29,0.0,1.2109239806393306,1.142809282619745,1.1579458713531494,68850,0.0,0.0
1984-05-30,0.0,1.2109239101409912,1.1655142440229989,1.2109239101409912,34425,0.0,0.0
1984-05-31,0.0,1.2109242234545914,1.1882191896438599,1.1882191896438599,7425,0.0,0.0
1984-06-01,0.0,1.2184919604707622,1.1957873222888185,1.2109239101409912,35100,0.0,0.0
1984-06-04,0.0,1.248766268139974,1.2184927797646687,1.226061224937439,48600,0.0,0.0
1984-06-05,0.0,1.226061224937439,1.226061224937439,1.226061224937439,12150,0.0,0.0
1984-06-06,0.0,1.241197109222412,1.2184921747324169,1.241197109222412,58050,0.0,0.0
1984-06-07,0.0,1.309312343597412,1.218492666427736,1.309312343597412,252450,0.0,0.0
1984-06-08,0.0,1.3622896671295166,1.2866069944565963,1.3622896671295166,60750,0.0,0.0
1984-06-11,0.0,1.377425912222355,1.347152829170227,1.347152829170227,41175,0.0,0.0
1984-06-12,0.0,1.3471527593478707,1.3320162673255953,1.3395847082138062,33750,0.0,0.0
1984-06-13,0.0,1.347152829170227,1.3168798435566402,1.347152829170227,98550,0.0,0.0
1984-06-14,0.0,1.3774257898330688,1.3471527094708138,1.3774257898330688,153900,0.0,0.0
1984-06-15,0.0,1.3774257898330688,1.3774257898330688,1.3774257898330688,47925,0.0,0.0
1984-06-18,0.0,1.3698577880859373,1.3698577880859373,1.3698577880859375,30375,0.0,0.0
1984-06-19,0.0,1.3698581097862155,1.3622896671295166,1.3622896671295166,130275,0.0,0.0
1984-06-20,0.0,1.3698577880859373,1.3471527577636158,1.3698577880859375,56700,0.0,0.0
1984-06-21,0.0,1.354721880425149,1.301743745803833,1.301743745803833,256500,0.0,0.0
1984-06-22,0.0,1.3017437987541007,1.2941757440567017,1.2941757440567017,56025,0.0,0.0
1984-06-25,0.0,1.332016110420227,1.3017430325031691,1.332016110420227,120150,0.0,0.0
1984-06-26,0.0,1.332016398973718,1.3244483470916746,1.3244483470916748,57375,0.0,0.0
1984-06-27,0.0,1.3395847082138062,1.3395847082138062,1.3395847082138062,1350,0.0,0.0
1984-06-28,0.0,1.332016110420227,1.332016110420227,1.332016110420227,50625,0.0,0.0
1984-06-29,0.0,1.3395845504169104,1.332016110420227,1.332016110420227,70200,0.0,0.0
1984-07-02,0.0,1.3471526006594936,1.332016110420227,1.332016110420227,8775,0.0,0.0
1984-07-03,0.0,1.332016110420227,1.332016110420227,1.332016110420227,21600,0.0,0.0
1984-07-05,0.0,1.347152829170227,1.3244482848371202,1.347152829170227,48600,0.0,0.0
1984-07-06,0.0,1.3547212976746181,1.3395847082138062,1.3395847082138062,31050,0.0,0.0
1984-07-09,0.0,1.332016110420227,1.332016110420227,1.332016110420227,45225,0.0,0.0
1984-07-10,0.0,1.332016110420227,1.332016110420227,1.332016110420227,263250,0.0,0.0
1984-07-11,0.0,1.332016897495146,1.309312343597412,1.309312343597412,143775,0.0,0.0
1984-07-12,0.0,1.309312073133813,1.2563339471817017,1.2563339471817017,164025,0.0,0.0
1984-07-13,1.2563339471817017,1.2563339471817017,1.2563339471817017,1.2563339471817017,0,0.0,0.0
1984-07-16,0.0,1.241197109222412,1.241197109222412,1.241197109222412,21600,0.0,0.0
1984-07-17,0.0,1.2487658262252808,1.2336292335520707,1.2487658262252808,97200,0.0,0.0
1984-07-18,0.0,1.2866066694259644,1.2639020292615715,1.2866066694259644,41850,0.0,0.0
1984-07-19,0.0,1.2790396872768313,1.2714711427688599,1.2714711427688599,11475,0.0,0.0
1984-07-20,0.0,1.2866070367333278,1.2563339471817017,1.2563339471817017,29700,0.0,0.0
1984-07-23,0.0,1.2487658262252808,1.2487658262252808,1.2487658262252808,65475,0.0,0.0
1984-07-24,0.0,1.2714704432382333,1.2487658940305608,1.2563339471817017,43875,0.0,0.0
1984-07-25,0.0,1.2563338789654928,1.2487658262252808,1.2487658262252808,126900,0.0,0.0
1984-07-26,0.0,1.2411967996201991,1.233628749847412,1.233628749847412,44550,0.0,0.0
1984-07-27,0.0,1.241197109222412,1.241197109222412,1.241197109222412,2700,0.0,0.0
1984-07-30,0.0,1.233628749847412,1.233628749847412,1.233628749847412,10125,0.0,0.0
1984-07-31,0.0,1.2184917056148148,1.1957870721817017,1.1957870721817017,353700,0.0,0.0
1984-08-01,0.0,1.2109239101409912,1.1957873222888185,1.2109239101409912,10800,0.0,0.0
1984-08-02,0.0,1.2109239101409912,1.2109239101409912,1.2109239101409912,1052325,0.0,0.0
1984-08-03,0.0,1.241197109222412,1.2184921747324169,1.241197109222412,11475,0.0,0.0
1984-08-06,0.0,1.2866066694259644,1.2487655375262863,1.2866066694259644,51975,0.0,0.0
1984-08-07,0.0,1.3017437987541007,1.2941757440567017,1.2941757440567017,23625,0.0,0.0
1984-08-08,0.0,1.309312343597412,1.309312343597412,1.309312343597412,16875,0.0,0.0
1984-08-09,0.0,1.316880464553833,1.3017438671705803,1.316880464553833,65475,0.0,0.0
1984-08-10,0.0,1.339585409348006,1.3093124094586757,1.316880464553833,209925,0.0,0.0
1984-08-13,0.0,1.316880464553833,1.3093124094586757,1.316880464553833,61425,0.0,0.0
1984-08-14,0.0,1.316880464553833,1.3093124094586757,1.316880464553833,216675,0.0,0.0
1984-08-15,0.0,1.332016110420227,1.3168796201809605,1.332016110420227,20250,0.0,0.0
1984-08-16,0.0,1.332016398973718,1.3244483470916746,1.3244483470916748,8775,0.0,0.0
1984-08-17,0.0,1.347152829170227,1.3168798435566402,1.347152829170227,81675,0.0,0.0
1984-08-20,0.0,1.332016110420227,1.332016110420227,1.332016110420227,8100,0.0,0.0
1984-08-21,0.0,1.332016110420227,1.332016110420227,1.332016110420227,60750,0.0,0.0
1984-08-22,0.0,1.3395853419639445,1.309312343597412,1.309312343597412,82350,0.0,0.0
1984-08-23,0.0,1.3244483470916746,1.3093118535734036,1.3244483470916748,6075,0.0,0.0
1984-08-24,0.0,1.332016398973718,1.3093118535734036,1.3244483470916748,12825,0.0,0.0
1984-08-27,0.0,1.3244489094033407,1.316880464553833,1.316880464553833,23625,0.0,0.0
1984-08-28,0.0,1.3244489094033407,1.316880464553833,1.316880464553833,3375,0.0,0.0
1984-08-29,0.0,1.332016110420227,1.3168796201809605,1.332016110420227,36450,0.0,0.0
1984-08-30,0.0,1.347152829170227,1.3320163363634336,1.347152829170227,156600,0.0,0.0
1984-08-31,0.0,1.3471526006594936,1.332016110420227,1.332016110420227,51975,0.0,0.0
1984-09-04,0.0,1.347152892491989,1.3244483470916746,1.3244483470916748,24975,0.0,0.0
1984-09-05,0.0,1.3320169644984983,1.3093124094586757,1.316880464553833,31050,0.0,0.0
1984-09-06,0.0,1.3244483470916746,1.3093118535734036,1.3244483470916748,57375,0.0,0.0
1984-09-07,0.0,1.3320169644984983,1.316880464553833,1.316880464553833,25650,0.0,0.0
1984-09-10,0.0,1.316880464553833,1.316880464553833,1.316880464553833,4050,0.0,0.0
1984-09-11,0.0,1.347152829170227,1.3168798435566402,1.347152829170227,78300,0.0,0.0
1984-09-12,0.0,1.332016110420227,1.324448060177644,1.332016110420227,51975,0.0,0.0
1984-09-13,0.0,1.332016110420227,1.3168796201809605,1.332016110420227,19575,0.0,0.0
1984-09-14,0.0,1.3622904378220833,1.3320173321387103,1.3547223806381226,405675,0.0,0.0
1984-09-17,0.0,1.3622904378220833,1.3547223806381226,1.3547223806381226,6075,0.0,0.0
1984-09-18,0.0,1.362289419415562,1.3395847776439136,1.347152829170227,20925,0.0,0.0
1984-09-19,0.0,1.362289419415562,1.347152829170227,1.347152829170227,20925,0.0,0.0
1984-09-20,0.0,1.3849945068359375,1.3622894743938103,1.3849945068359375,19575,0.0,0.0
1984-09-21,0.0,1.3849943775289486,1.362289347206627,1.3698577880859375,15525,0.0,0.0
1984-09-24,0.0,1.3622904378220833,1.3547223806381226,1.3547223806381226,10800,0.0,0.0
1984-09-25,0.0,1.3547214315667633,1.3244483470916746,1.3244483470916748,29700,0.0,0.0
1984-09-26,0.0,1.316880464553833,1.3093124094586757,1.316880464553833,59400,0.0,0.0
1984-09-27,0.0,1.3320169644984983,1.316880464553833,1.316880464553833,20250,0.0,0.0
1984-09-28,0.0,1.3320169644984983,1.316880464553833,1.316880464553833,30375,0.0,0.0
1984-10-01,0.0,1.316880464553833,1.316880464553833,1.316880464553833,6075,0.0,0.0
1984-10-02,0.0,1.316880464553833,1.316880464553833,1.316880464553833,2025,0.0,0.0
1984-10-03,0.0,1.332016110420227,1.332016110420227,1.332016110420227,3375,0.0,0.0
1984-10-04,0.0,1.332016110420227,1.3168796201809605,1.332016110420227,26325,0.0,0.0
1984-10-05,0.0,1.3471526006594936,1.332016110420227,1.332016110420227,3375,0.0,0.0
1984-10-08,0.0,1.3395845504169104,1.324448060177644,1.332016110420227,22275,0.0,0.0
1984-10-09,0.0,1.3547223806381226,1.3395857790771288,1.3547223806381226,228825,0.0,0.0
1984-10-10,0.0,1.3622896671295166,1.347153074131797,1.3622896671295166,479250,0.0,0.0
1984-10-11,0.0,1.3925626277923582,1.377426036184795,1.3925626277923584,67500,0.0,0.0
1984-10-12,0.0,1.400131000253598,1.3849945068359375,1.3849945068359375,14850,0.0,0.0
1984-10-15,0.0,1.3849943278795982,1.3774257898330688,1.3774257898330688,37125,0.0,0.0
1984-10-16,0.0,1.3622896671295166,1.354721614227055,1.3622896671295166,22950,0.0,0.0
1984-10-17,0.0,1.3925626277923582,1.3622895420157821,1.3925626277923584,31050,0.0,0.0
1984-10-18,0.0,1.422836184501648,1.3925630887052316,1.422836184501648,29025,0.0,0.0
1984-10-19,0.0,1.4304046289682717,1.422836184501648,1.422836184501648,17550,0.0,0.0
1984-10-22,0.0,1.4379730734348954,1.422836184501648,1.422836184501648,9450,0.0,0.0
1984-10-23,0.0,1.422836184501648,1.4076995878841485,1.422836184501648,14850,0.0,0.0
1984-10-24,0.0,1.4455408372315783,1.4304043410988867,1.4379727840423584,24300,0.0,0.0
1984-10-25,0.0,1.453109377613613,1.4379727840423584,1.4379727840423584,21600,0.0,0.0
1984-10-26,0.0,1.4379727840423584,1.4379727840423584,1.4379727840423584,4725,0.0,0.0
1984-10-29,0.0,1.4379727840423584,1.4379727840423584,1.4379727840423584,13500,0.0,0.0
1984-10-30,0.0,1.4379722688527994,1.4304038286209106,1.4304038286209106,98550,0.0,0.0
1984-10-31,0.0,1.4228351591292558,1.4152671098709106,1.4152671098709106,18225,0.0,0.0
1984-11-01,0.0,1.4152687261015375,1.4001321231063513,1.4077001810073853,48600,0.0,0.0
1984-11-02,0.0,1.4152687261015375,1.4077001810073853,1.4077001810073853,18900,0.0,0.0
1984-11-05,0.0,1.4077001810073853,1.4077001810073853,1.4077001810073853,9450,0.0,0.0
1984-11-06,0.0,1.4077001810073853,1.4077001810073853,1.4077001810073853,8775,0.0,0.0
1984-11-07,0.0,1.4076991219613713,1.3925626277923582,1.3925626277923584,31050,0.0,0.0
1984-11-08,0.0,1.3925625586676766,1.3849945068359375,1.3849945068359375,12150,0.0,0.0
1984-11-09,0.0,1.384994702783935,1.3622896671295166,1.3622896671295166,20925,0.0,0.0
1984-11-12,0.0,1.3698588847605018,1.3547223806381226,1.3547223806381226,23625,0.0,0.0
1984-11-13,0.0,1.3547213678892485,1.347152829170227,1.347152829170227,10125,0.0,0.0
1984-11-14,0.0,1.3395845504169104,1.3168796201809605,1.332016110420227,180900,0.0,0.0
1984-11-15,0.0,1.3471527593478707,1.3320162673255953,1.3395847082138062,4725,0.0,0.0
1984-11-16,0.0,1.3395845504169104,1.332016110420227,1.332016110420227,6075,0.0,0.0
1984-11-19,0.0,1.3471527593478707,1.3395847082138062,1.3395847082138062,89775,0.0,0.0
1984-11-20,0.0,1.3547223806381226,1.3395857790771288,1.3547223806381226,4725,0.0,0.0
1984-11-21,0.0,1.347152829170227,1.347152829170227,1.347152829170227,7425,0.0,0.0
1984-11-23,0.0,1.347152829170227,1.347152829170227,1.347152829170227,6750,0.0,0.0
1984-11-26,0.0,1.347152829170227,1.347152829170227,1.347152829170227,11475,0.0,0.0
1984-11-27,0.0,1.362289419415562,1.347152829170227,1.347152829170227,27675,0.0,0.0
1984-11-28,0.0,1.3471527593478707,1.3395847082138062,1.3395847082138062,20250,0.0,0.0
1984-11-29,0.0,1.347152829170227,1.347152829170227,1.347152829170227,14175,0.0,0.0
1984-11-30,0.0,1.362289419415562,1.347152829170227,1.347152829170227,31725,0.0,0.0
1984-12-03,0.0,1.3622904378220833,1.3471538362610895,1.3547223806381226,4725,0.0,0.0
1984-12-04,0.0,1.3622896671295166,1.354721614227055,1.3622896671295166,8100,0.0,0.0
1984-12-05,0.0,1.3547223806381226,1.3547223806381226,1.3547223806381226,675,0.0,0.0
1984-12-06,0.0,1.3622896671295166,1.354721614227055,1.3622896671295166,22275,0.0,0.0
1984-12-07,0.0,1.3774257898330688,1.3622892983712078,1.3774257898330688,22275,0.0,0.0
1984-12-10,0.0,1.392562378733463,1.3774257898330688,1.3774257898330688,6750,0.0,0.0
1984-12-11,0.0,1.3925626277923582,1.3698579839773892,1.3925626277923584,24300,0.0,0.0
1984-12-12,0.0,1.3925626277923582,1.3698579839773892,1.3925626277923584,43875,0.0,0.0
1984-12-13,0.0,1.4076989190747182,1.392562427087274,1.4001308679580688,56025,0.0,0.0
1984-12-14,0.0,1.4001310697539655,1.377426036184795,1.3925626277923584,95850,0.0,0.0
1984-12-17,0.0,1.4152671098709106,1.400130524161658,1.4152671098709106,440775,0.0,0.0
1984-12-18,0.0,1.4304035981416507,1.4152671098709106,1.4152671098709106,13500,0.0,0.0
1984-12-19,0.0,1.4228367840025715,1.4001321231063513,1.4077001810073853,33075,0.0,0.0
1984-12-20,0.0,1.4152676613615287,1.3925626277923582,1.3925626277923584,21600,0.0,0.0
1984-12-21,0.0,1.3925625586676766,1.3774259678114706,1.3849945068359375,17550,0.0,0.0
1984-12-24,0.0,1.3925626277923582,1.3849945755849526,1.3925626277923584,49275,0.0,0.0
1984-12-26,0.0,1.4152687261015375,1.4077001810073853,1.4077001810073853,16200,0.0,0.0
1984-12-27,0.0,1.422836184501648,1.4076995878841485,1.422836184501648,184950,0.0,0.0
1984-12-28,0.0,1.4304046289682717,1.4152681297893548,1.422836184501648,31050,0.0,0.0
1984-12-31,0.0,1.4304038286209106,1.422835388389022,1.4304038286209106,70875,0.0,0.0
1985-01-02,0.0,1.4304038286209106,1.4304038286209106,1.4304038286209106,5400,0.0,0.0
1985-01-03,0.0,1.4304046289682717,1.422836184501648,1.422836184501648,5400,0.0,0.0
1985-01-04,0.0,1.4531092060687412,1.4379726142844167,1.4455406665802002,18900,0.0,0.0
1985-01-07,0.0,1.4682456254959106,1.4531091319224916,1.4682456254959106,11475,0.0,0.0
1985-01-08,0.0,1.4682455184247978,1.4531090259552002,1.4531090259552002,4050,0.0,0.0
1985-01-09,0.0,1.4606776237487793,1.4606776237487793,1.4606776237487793,4050,0.0,0.0
1985-01-10,0.0,1.46067707731292,1.4531090259552002,1.4531090259552002,18225,0.0,0.0
1985-01-11,0.0,1.46067707731292,1.4531090259552002,1.4531090259552002,105975,0.0,0.0
1985-01-14,0.0,1.4606776237487793,1.4304045300459558,1.4606776237487793,294300,0.0,0.0
1985-01-15,0.0,1.4682456254959106,1.4531091319224916,1.4682456254959106,882225,0.0,0.0
1985-01-16,0.0,1.4682456254959106,1.4682456254959106,1.4682456254959106,20250,0.0,0.0
1985-01-17,0.0,1.4682456254959106,1.460677183832108,1.4682456254959106,36450,0.0,0.0
1985-01-18,0.0,1.4606766721216438,1.4152671098709106,1.4152671098709106,62775,0.0,0.0
1985-01-21,0.0,1.4531092060687412,1.4228357301844377,1.4455406665802002,106650,0.0,0.0
1985-01-22,0.0,1.4758141218809033,1.4531095695598693,1.4606776237487793,184275,0.0,0.0
1985-01-23,0.0,1.453109377613613,1.415267844966195,1.4379727840423584,367875,0.0,0.0
1985-01-24,0.0,1.460677430802833,1.4379727840423584,1.4379727840423584,89775,0.0,0.0
1985-01-25,0.0,1.4606776237487793,1.4455410281780796,1.4606776237487793,27000,0.0,0.0
1985-01-28,0.0,1.4531090259552002,1.445540487404783,1.4531090259552002,24300,0.0,0.0
1985-01-29,0.0,1.4228367840025715,1.4077001810073853,1.4077001810073853,13500,0.0,0.0
1985-01-30,0.0,1.4077001810073853,1.4077001810073853,1.4077001810073853,15525,0.0,0.0
1985-01-31,0.0,1.4077001810073853,1.4077001810073853,1.4077001810073853,24300,0.0,0.0
1985-02-01,0.0,1.4077001810073853,1.4077001810073853,1.4077001810073853,56025,0.0,0.0
1985-02-04,0.0,1.4077001810073853,1.3925636754508224,1.4077001810073853,1358775,0.0,0.0
1985-02-05,0.0,1.4228367840025715,1.4001321231063513,1.4077001810073853,23625,0.0,0.0
1985-02-06,0.0,1.4304052316581002,1.4077001810073853,1.4077001810073853,12150,0.0,0.0
1985-02-07,0.0,1.4228351591292558,1.4076985734200032,1.4152671098709106,58725,0.0,0.0
1985-02-08,0.0,1.4379730734348954,1.4152681297893548,1.422836184501648,58725,0.0,0.0
1985-02-11,0.0,1.4304046289682717,1.4152681297893548,1.422836184501648,66825,0.0,0.0
1985-02-12,0.0,1.422836184501648,1.422836184501648,1.422836184501648,32400,0.0,0.0
1985-02-13,0.0,1.4379727840423584,1.415267844966195,1.4379727840423584,27000,0.0,0.0
1985-02-14,0.0,1.566633599747962,1.5136559470704694,1.536360502243042,348300,0.0,0.0
1985-02-15,0.0,1.551496982574463,1.5287924276902047,1.551496982574463,95175,0.0,0.0
1985-02-19,0.0,1.5742007493972778,1.5514957257133437,1.5742007493972778,87750,0.0,0.0
1985-02-20,0.0,1.5969062985109246,1.5742016515690354,1.5817697048187256,110025,0.0,0.0
1985-02-21,0.0,1.6044743180336918,1.5817692873302598,1.5893378257751465,48600,0.0,0.0
1985-02-22,0.0,1.6120423692858883,1.5893378257751467,1.5893378257751465,99900,0.0,0.0
1985-02-25,0.0,1.6044743180336918,1.5817692873302598,1.5893378257751465,21600,0.0,0.0
1985-02-26,0.0,1.604474388068275,1.5817693563737787,1.5969059467315674,88425,0.0,0.0
1985-02-27,0.0,1.6044751405715942,1.5969066956852647,1.6044751405715942,130950,0.0,0.0
1985-02-28,0.0,1.672589898109436,1.5893386598072634,1.672589898109436,269325,0.0,0.0
1985-03-01,0.0,1.6801573943119932,1.6423161563983166,1.6650207042694092,189675,0.0,0.0
1985-03-04,0.0,1.6498844973128846,1.6196115016937256,1.6196115016937256,75600,0.0,0.0
1985-03-05,0.0,1.619610247165276,1.6044736636417178,1.612041711807251,34425,0.0,0.0
1985-03-06,0.0,1.6196109077307752,1.5893378257751467,1.5893378257751465,43875,0.0,0.0
1985-03-07,0.0,1.5893378257751467,1.5742012360780633,1.5893378257751465,42525,0.0,0.0
1985-03-08,0.0,1.5893378257751467,1.5742012360780633,1.5893378257751465,85725,0.0,0.0
1985-03-11,0.0,1.5893378257751467,1.5817692873302598,1.5893378257751465,6750,0.0,0.0
1985-03-12,0.0,1.5817687983097322,1.5742007493972778,1.5742007493972778,16875,0.0,0.0
1985-03-13,0.0,1.5666341177833496,1.5439294576644897,1.5439294576644897,20250,0.0,0.0
1985-03-14,0.0,1.5590660601414301,1.5287929526261697,1.5439294576644897,25650,0.0,0.0
1985-03-15,0.0,1.5742008770818179,1.5439278020299592,1.5590643882751465,26325,0.0,0.0
1985-03-18,0.0,1.6271792650222778,1.551496497179549,1.6271792650222778,177525,0.0,0.0
1985-03-19,0.0,1.6347477074520966,1.6196112123466846,1.6271792650222778,60750,0.0,0.0
1985-03-20,0.0,1.6120431957035717,1.6044751405715942,1.6044751405715942,10125,0.0,0.0
1985-03-21,0.0,1.6196109077307752,1.5893378257751467,1.5893378257751465,20250,0.0,0.0
1985-03-22,0.0,1.5817697048187254,1.5817697048187254,1.5817697048187256,7425,0.0,0.0
1985-03-25,0.0,1.5817697048187254,1.5742016515690354,1.5817697048187256,130950,0.0,0.0
1985-03-26,0.0,1.5893378257751467,1.5817692873302598,1.5893378257751465,11475,0.0,0.0
1985-03-27,0.0,1.5969062985109246,1.5817697048187254,1.5817697048187256,19575,0.0,0.0
1985-03-28,0.0,1.5742020246516553,1.551496982574463,1.551496982574463,15525,0.0,0.0
1985-03-29,0.0,1.5590655446085553,1.536360502243042,1.536360502243042,5400,0.0,0.0
1985-04-01,0.0,1.5590660601414301,1.5287929526261697,1.5439294576644897,34425,0.0,0.0
1985-04-02,0.0,1.5439283991098363,1.528791904449463,1.528791904449463,16200,0.0,0.0
1985-04-03,0.0,1.5287914373161933,1.5136549472808838,1.5136549472808838,24300,0.0,0.0
1985-04-04,0.0,1.5363602813499293,1.521223783493042,1.521223783493042,42525,0.0,0.0
1985-04-08,0.0,1.5136549472808838,1.5136549472808838,1.5136549472808838,8100,0.0,0.0
1985-04-09,0.0,1.5212230567608704,1.506086468696594,1.5060864686965942,22275,0.0,0.0
1985-04-10,0.0,1.5060871337518933,1.4833825826644897,1.4833825826644897,63450,0.0,0.0
1985-04-11,0.0,1.4909506364421967,1.4833825826644897,1.4833825826644897,124875,0.0,0.0
1985-04-12,0.0,1.528791904449463,1.498518817690163,1.528791904449463,27000,0.0,0.0
1985-04-15,0.0,1.521223783493042,1.5136557294417465,1.521223783493042,9450,0.0,0.0
1985-04-16,0.0,1.5439283991098363,1.5136554097890897,1.528791904449463,31050,0.0,0.0
1985-04-17,0.0,1.5287914373161933,1.5136549472808838,1.5136549472808838,9450,0.0,0.0
1985-04-18,0.0,1.5136550063250511,1.4833819276350262,1.5060864686965942,199800,0.0,0.0
1985-04-19,0.0,1.5060872364992104,1.4985191822052004,1.4985191822052002,5400,0.0,0.0
1985-04-22,0.0,1.521223783493042,1.4985191341462851,1.521223783493042,41850,0.0,0.0
1985-04-23,0.0,1.521223783493042,1.521223783493042,1.521223783493042,10125,0.0,0.0
1985-04-24,0.0,1.528791904449463,1.5136554097890897,1.528791904449463,27675,0.0,0.0
1985-04-25,0.0,1.5439289471368012,1.536360502243042,1.536360502243042,4050,0.0,0.0
1985-04-26,0.0,1.536360502243042,1.5287924471036352,1.536360502243042,10800,0.0,0.0
1985-04-29,0.0,1.528791904449463,1.5136554097890897,1.528791904449463,34425,0.0,0.0
1985-04-30,0.0,1.506086468696594,1.506086468696594,1.5060864686965942,32400,0.0,0.0
1985-05-01,0.0,1.506086468696594,1.506086468696594,1.5060864686965942,8100,0.0,0.0
1985-05-02,0.0,1.506086468696594,1.506086468696594,1.5060864686965942,2025,0.0,0.0
1985-05-03,0.0,1.5060872364992104,1.4909507381568814,1.4985191822052002,18225,0.0,0.0
1985-05-06,0.0,1.4985191822052004,1.4985191822052004,1.4985191822052002,3375,0.0,0.0
1985-05-07,0.0,1.4985190276794902,1.4833825308980209,1.490950584411621,6075,0.0,0.0
1985-05-08,0.0,1.483381806626217,1.4758132696151733,1.4758132696151733,1350,0.0,0.0
1985-05-09,0.0,1.4985191822052004,1.4833826838628714,1.4985191822052002,31725,0.0,0.0
1985-05-10,0.0,1.506086468696594,1.4909499780708455,1.5060864686965942,6750,0.0,0.0
1985-05-13,0.0,1.5136556218995267,1.490950584411621,1.490950584411621,81000,0.0,0.0
1985-05-14,0.0,1.521223783493042,1.4985191341462851,1.521223783493042,83025,0.0,0.0
1985-05-15,0.0,1.5363599569025426,1.528791904449463,1.528791904449463,9450,0.0,0.0
1985-05-16,0.0,1.5363599569025426,1.528791904449463,1.528791904449463,4050,0.0,0.0
1985-05-17,0.0,1.5439289471368012,1.521224002209876,1.536360502243042,36450,0.0,0.0
1985-05-20,0.0,1.5666327476501465,1.5514961584112437,1.5666327476501465,26325,0.0,0.0
1985-05-21,0.0,1.5590660601414301,1.5439294576644897,1.5439294576644897,39825,0.0,0.0
1985-05-22,0.0,1.5514964515629157,1.5136554097890897,1.528791904449463,119475,0.0,0.0
1985-05-23,0.0,1.5363599569025426,1.528791904449463,1.528791904449463,35775,0.0,0.0
1985-05-24,0.0,1.5590660601414301,1.5287929526261697,1.5439294576644897,375300,0.0,0.0
1985-05-28,0.0,1.5590643882751465,1.5514958515562631,1.5590643882751465,112725,0.0,0.0
1985-05-29,0.0,1.5666327476501465,1.5514961584112437,1.5666327476501465,146475,0.0,0.0
1985-05-30,0.0,1.5893382452612346,1.5590651553154,1.5817697048187256,63450,0.0,0.0
1985-05-31,0.0,1.634747862815857,1.5817697351577351,1.634747862815857,72900,0.0,0.0
1985-06-03,0.0,1.6271782953308092,1.612041711807251,1.612041711807251,10125,0.0,0.0
1985-06-04,0.0,1.6347477074520966,1.6044746198027162,1.6271792650222778,97200,0.0,0.0
1985-06-05,0.0,1.6574517084168194,1.634746783711382,1.6498832702636719,444150,0.0,0.0
1985-06-06,0.0,1.6877257458622936,1.6498841202327335,1.6801573038101196,172800,0.0,0.0
1985-06-07,0.0,1.695293889477464,1.665020704269409,1.6650207042694092,175500,0.0,0.0
1985-06-10,0.0,1.6952935457229614,1.6801570536267159,1.6952935457229614,427275,0.0,0.0
1985-06-11,0.0,1.6952937981602612,1.6801573038101196,1.6801573038101196,25650,0.0,0.0
1985-06-12,0.0,1.6952944535347738,1.672589898109436,1.672589898109436,9450,0.0,0.0
1985-06-13,0.0,1.672589898109436,1.65745320303058,1.672589898109436,53325,0.0,0.0
1985-06-14,0.0,1.6574524641036987,1.6574524641036987,1.6574524641036987,12150,0.0,0.0
1985-06-17,0.0,1.6801579533330964,1.672589898109436,1.672589898109436,12825,0.0,0.0
1985-06-18,0.0,1.6877257458622936,1.6725892515121519,1.6801573038101196,69525,0.0,0.0
1985-06-19,0.0,1.6801573038101196,1.6801573038101196,1.6801573038101196,22950,0.0,0.0
1985-06-20,0.0,1.6801573038101196,1.6801573038101196,1.6801573038101196,35775,0.0,0.0
1985-06-21,0.0,1.6877258367718422,1.665020704269409,1.6650207042694092,22275,0.0,0.0
1985-06-24,0.0,1.6725891524343033,1.6574524641036987,1.6574524641036987,184950,0.0,0.0
1985-06-25,0.0,1.672589093397595,1.5969059467315674,1.5969059467315674,45900,0.0,0.0
1985-06-26,0.0,1.6044751405715942,1.5817700982283696,1.6044751405715942,66825,0.0,0.0
1985-06-27,0.0,1.6271792650222778,1.6044746198027162,1.6271792650222778,29700,0.0,0.0
1985-06-28,0.0,1.634747862815857,1.6271794196667457,1.634747862815857,10125,0.0,0.0
1985-07-01,0.0,1.634747862815857,1.6271794196667457,1.634747862815857,224100,0.0,0.0
1985-07-02,0.0,1.6498842025575085,1.6271792650222778,1.6271792650222778,31725,0.0,0.0
1985-07-03,0.0,1.642315864562988,1.6271789823330756,1.6423158645629883,33750,0.0,0.0
1985-07-05,0.0,1.6650205159533638,1.6347475290463376,1.6574524641036987,62775,0.0,0.0
1985-07-08,0.0,1.6574523332542144,1.5893378257751467,1.5893378257751465,56700,0.0,0.0
1985-07-09,0.0,1.6044751405715942,1.5893386405532872,1.6044751405715942,18900,0.0,0.0
1985-07-10,0.0,1.6196115016937256,1.596906462663635,1.6196115016937256,40500,0.0,0.0
1985-07-11,0.0,1.6044751405715942,1.5893386405532872,1.6044751405715942,43875,0.0,0.0
1985-07-12,0.0,1.6271782953308092,1.6044736636417178,1.612041711807251,60750,0.0,0.0
1985-07-15,0.0,1.6271792650222778,1.6044746198027162,1.6271792650222778,55350,0.0,0.0
1985-07-16,0.0,1.6271792650222778,1.6044746198027162,1.6271792650222778,43875,0.0,0.0
1985-07-17,0.0,1.6271790300086022,1.5969059467315674,1.5969059467315674,57375,0.0,0.0
1985-07-18,0.0,1.6044743180336918,1.5893378257751467,1.5893378257751465,10125,0.0,0.0
1985-07-19,0.0,1.6044751405715942,1.5893386405532872,1.6044751405715942,22950,0.0,0.0
1985-07-22,0.0,1.5893378257751467,1.5742012360780633,1.5893378257751465,118125,0.0,0.0
1985-07-23,0.0,1.6044751405715942,1.5893386405532872,1.6044751405715942,411750,0.0,0.0
1985-07-24,0.0,1.5969059467315674,1.5817693563737787,1.5969059467315674,168750,0.0,0.0
1985-07-25,0.0,1.5893382452612346,1.5817697048187254,1.5817697048187256,31725,0.0,0.0
1985-07-26,0.0,1.5817687983097322,1.5742007493972778,1.5742007493972778,137700,0.0,0.0
1985-07-29,0.0,1.5742007493972778,1.5742007493972778,1.5742007493972778,216675,0.0,0.0
1985-07-30,0.0,1.5742007493972778,1.5666323107307918,1.5742007493972778,102600,0.0,0.0
1985-07-31,0.0,1.5742007493972778,1.5666323107307918,1.5742007493972778,121500,0.0,0.0
1985-08-01,0.0,1.5742011884274003,1.5666327476501465,1.5666327476501465,33075,0.0,0.0
1985-08-02,0.0,1.5666327476501465,1.5666327476501465,1.5666327476501465,10125,0.0,0.0
1985-08-05,0.0,1.5666327476501465,1.559064696627033,1.5666327476501465,22275,0.0,0.0
1985-08-06,0.0,1.551496982574463,1.551496982574463,1.551496982574463,4050,0.0,0.0
1985-08-07,0.0,1.551496982574463,1.551496982574463,1.551496982574463,12825,0.0,0.0
1985-08-08,0.0,1.5439294576644897,1.5439294576644897,1.5439294576644897,26325,0.0,0.0
1985-08-09,0.0,1.5439289471368012,1.536360502243042,1.536360502243042,18225,0.0,0.0
1985-08-12,0.0,1.5439289471368012,1.536360502243042,1.536360502243042,25650,0.0,0.0
1985-08-13,0.0,1.5439294576644897,1.5363610102680891,1.5439294576644897,34425,0.0,0.0
1985-08-14,0.0,1.5590660601414301,1.5439294576644897,1.5439294576644897,46575,0.0,0.0
1985-08-15,0.0,1.5590655248107008,1.551496982574463,1.551496982574463,3375,0.0,0.0
1985-08-16,0.0,1.5439294576644897,1.5439294576644897,1.5439294576644897,16875,0.0,0.0
1985-08-19,0.0,1.5514975153064092,1.5439294576644897,1.5439294576644897,46575,0.0,0.0
1985-08-20,0.0,1.5590655446085553,1.5287924471036352,1.536360502243042,93150,0.0,0.0
1985-08-21,0.0,1.5363599569025426,1.528791904449463,1.528791904449463,22950,0.0,0.0
1985-08-22,0.0,1.5287922272986338,1.521223783493042,1.521223783493042,14175,0.0,0.0
1985-08-23,0.0,1.521223783493042,1.521223783493042,1.521223783493042,4050,0.0,0.0
1985-08-26,0.0,1.521223783493042,1.521223783493042,1.521223783493042,8775,0.0,0.0
1985-08-27,0.0,1.536360502243042,1.521224002209876,1.536360502243042,20250,0.0,0.0
1985-08-28,0.0,1.5287922272986338,1.521223783493042,1.521223783493042,5400,0.0,0.0
1985-08-29,0.0,1.5287914373161933,1.5136549472808838,1.5136549472808838,14850,0.0,0.0
1985-08-30,0.0,1.5136549472808838,1.5136549472808838,1.5136549472808838,8775,0.0,0.0
1985-09-03,0.0,1.521223783493042,1.4985191341462851,1.521223783493042,73575,0.0,0.0
1985-09-04,0.0,1.5212230567608704,1.506086468696594,1.5060864686965942,17550,0.0,0.0
1985-09-05,0.0,1.536360502243042,1.5136559470704694,1.536360502243042,27000,0.0,0.0
1985-09-06,0.0,1.5287914373161933,1.5136549472808838,1.5136549472808838,83700,0.0,0.0
1985-09-09,0.0,1.5136557779861066,1.4985191822052004,1.4985191822052002,22950,0.0,0.0
1985-09-10,0.0,1.5212230567608704,1.506086468696594,1.5060864686965942,8100,0.0,0.0
1985-09-11,0.0,1.521222997421491,1.5136549472808838,1.5136549472808838,59400,0.0,0.0
1985-09-12,0.0,1.5969059467315674,1.5136552356757127,1.5969059467315674,385425,0.0,0.0
1985-09-13,0.0,1.5969058286894167,1.559064696627033,1.5666327476501465,54000,0.0,0.0
1985-09-16,0.0,1.5666335798540043,1.551496982574463,1.551496982574463,402300,0.0,0.0
1985-09-17,0.0,1.5590655248107008,1.551496982574463,1.551496982574463,25650,0.0,0.0
1985-09-18,0.0,1.5590655248107008,1.5439289275311594,1.551496982574463,11475,0.0,0.0
1985-09-19,1.551496982574463,1.551496982574463,1.551496982574463,1.551496982574463,0,0.0,0.0
1985-09-20,0.0,1.5666335798540043,1.551496982574463,1.551496982574463,24300,0.0,0.0
1985-09-23,0.0,1.5590643882751465,1.5514958515562631,1.5590643882751465,4050,0.0,0.0
1985-09-24,0.0,1.5590660601414301,1.5439294576644897,1.5439294576644897,4725,0.0,0.0
1985-09-25,0.0,1.5363599569025426,1.528791904449463,1.528791904449463,12150,0.0,0.0
1985-09-26,0.0,1.5363602813499293,1.521223783493042,1.521223783493042,8100,0.0,0.0
1985-09-30,0.0,1.528791904449463,1.5212234622421692,1.528791904449463,3375,0.0,0.0
1985-10-01,0.0,1.5439286693418461,1.4833825826644897,1.4833825826644897,4050,0.0,0.0
1985-10-02,0.0,1.5590655248107008,1.5287924276902047,1.551496982574463,26325,0.0,0.0
1985-10-03,0.0,1.5439289471368012,1.536360502243042,1.536360502243042,10125,0.0,0.0
1985-10-04,0.0,1.536360502243042,1.536360502243042,1.536360502243042,4050,0.0,0.0
1985-10-07,0.0,1.5439289471368012,1.536360502243042,1.536360502243042,16875,0.0,0.0
1985-10-08,0.0,1.5666327476501465,1.5439281073881301,1.5666327476501465,22275,0.0,0.0
1985-10-09,0.0,1.5742011884274003,1.559064696627033,1.5666327476501465,56025,0.0,0.0
1985-10-10,0.0,1.5742025651797502,1.5439294576644897,1.5439294576644897,82350,0.0,0.0
1985-10-11,0.0,1.5666327476501465,1.5439281073881301,1.5666327476501465,45225,0.0,0.0
1985-10-14,0.0,1.5666327476501465,1.5514961584112437,1.5666327476501465,45900,0.0,0.0
1985-10-15,0.0,1.5439294576644897,1.5439294576644897,1.5439294576644897,16875,0.0,0.0
1985-10-16,0.0,1.5666327476501465,1.5439281073881301,1.5666327476501465,12150,0.0,0.0
1985-10-17,0.0,1.5742007493972778,1.5666323107307918,1.5742007493972778,20925,0.0,0.0
1985-10-18,0.0,1.5969059467315674,1.5742013047912402,1.5969059467315674,31050,0.0,0.0
1985-10-21,0.0,1.5893373344147261,1.5742007493972778,1.5742007493972778,17550,0.0,0.0
1985-10-22,0.0,1.5893373344147261,1.5742007493972778,1.5742007493972778,5400,0.0,0.0
1985-10-23,0.0,1.5969059467315674,1.5817693563737787,1.5969059467315674,13500,0.0,0.0
1985-10-24,0.0,1.5893378257751467,1.5893378257751467,1.5893378257751465,1350,0.0,0.0
1985-10-25,0.0,1.6044751405715942,1.5893386405532872,1.6044751405715942,64800,0.0,0.0
1985-10-28,0.0,1.6196117380284893,1.6044751405715942,1.6044751405715942,8775,0.0,0.0
1985-10-29,0.0,1.612041711807251,1.5969052257221914,1.612041711807251,14175,0.0,0.0
1985-10-30,0.0,1.634747862815857,1.6120428256842203,1.634747862815857,35775,0.0,0.0
1985-10-31,0.0,1.6347477074520966,1.6271792650222778,1.6271792650222778,43875,0.0,0.0
1985-11-01,0.0,1.6725893416063715,1.6347477139384676,1.6650207042694092,72900,0.0,0.0
1985-11-04,0.0,1.6801572042839683,1.6574524641036987,1.6574524641036987,31050,0.0,0.0
1985-11-05,0.0,1.672589898109436,1.65745320303058,1.672589898109436,81675,0.0,0.0
1985-11-06,0.0,1.6725893416063715,1.6574526515637873,1.6650207042694092,72900,0.0,0.0
1985-11-07,0.0,1.6574524641036987,1.6498840224998506,1.6574524641036987,38475,0.0,0.0
1985-11-08,0.0,1.6801573943119932,1.665020704269409,1.6650207042694092,35775,0.0,0.0
1985-11-11,0.0,1.6801573038101196,1.6725892515121519,1.6801573038101196,78300,0.0,0.0
1985-11-12,0.0,1.7179987430572512,1.6725892597822982,1.717998743057251,263925,0.0,0.0
1985-11-13,0.0,1.7255669304728412,1.7028623819351196,1.7028623819351196,178200,0.0,0.0
1985-11-14,0.0,1.7255673408508299,1.7104308416411425,1.72556734085083,18225,0.0,0.0
1985-11-15,0.0,1.7255673408508299,1.7104308416411425,1.72556734085083,137700,0.0,0.0
1985-11-18,0.0,1.7331348657608032,1.710429934115959,1.7331348657608032,138375,0.0,0.0
1985-11-19,0.0,1.7936821388764639,1.7407041919856716,1.76340913772583,116100,0.0,0.0
1985-11-20,0.0,1.7785448799447705,1.7482718917022808,1.7558399438858032,36450,0.0,0.0
1985-11-21,0.0,1.7558400780414263,1.7255668926088024,1.7407035827636719,106650,0.0,0.0
1985-11-22,0.0,1.7407035827636719,1.7407035827636719,1.7407035827636719,12825,0.0,0.0
1985-11-25,0.0,1.7331355628782608,1.7028625683445406,1.71043062210083,57375,0.0,0.0
1985-11-26,0.0,1.7179990656114006,1.69529412483397,1.71043062210083,131625,0.0,0.0
1985-11-27,0.0,1.7255667953926392,1.7179987430572512,1.717998743057251,39150,0.0,0.0
1985-11-29,0.0,1.7255669304728412,1.6952939392530535,1.7028623819351196,36450,0.0,0.0
1985-12-02,0.0,1.717998478744404,1.6952935457229614,1.6952935457229614,53325,0.0,0.0
1985-12-03,0.0,1.71043062210083,1.69529412483397,1.71043062210083,13500,0.0,0.0
1985-12-04,0.0,1.72556711936769,1.7028625683445406,1.71043062210083,43875,0.0,0.0
1985-12-05,0.0,1.7331348657608032,1.7028618834037605,1.7331348657608032,35100,0.0,0.0
1985-12-06,0.0,1.7407035827636719,1.7331353351247945,1.7407035827636719,10800,0.0,0.0
1985-12-09,0.0,1.7558400780414263,1.7407035827636719,1.7407035827636719,132300,0.0,0.0
1985-12-10,0.0,1.7331357853328393,1.717999286123152,1.72556734085083,20925,0.0,0.0
1985-12-11,0.0,1.7255667953926392,1.710430300967655,1.717998743057251,324000,0.0,0.0
1985-12-12,0.0,1.7255667953926392,1.7179987430572512,1.717998743057251,91125,0.0,0.0
1985-12-13,0.0,1.7482712268829348,1.7179980552753975,1.7482712268829346,471150,0.0,0.0
1985-12-16,0.0,1.8163868724772232,1.7558406758741794,1.8088188171386719,280125,0.0,0.0
1985-12-17,0.0,1.8315223455429077,1.8088178025086734,1.8315223455429077,24975,0.0,0.0
1985-12-18,0.0,1.8315232330213247,1.823955178260803,1.8239551782608032,11475,0.0,0.0
1985-12-19,0.0,1.8390916775361792,1.8163867337459485,1.8239551782608032,97875,0.0,0.0
1985-12-20,0.0,1.8466598636293712,1.823954923016471,1.839091420173645,56700,0.0,0.0
1985-12-23,0.0,1.8542285510925363,1.8315236027192514,1.8466604948043823,57375,0.0,0.0
1985-12-24,0.0,1.8315232330213247,1.8163867337459485,1.8239551782608032,172125,0.0,0.0
1985-12-26,0.0,1.8315227178571927,1.8163862228393555,1.8163862228393555,10800,0.0,0.0
1985-12-27,0.0,1.8315243854965568,1.8012511730194092,1.8012511730194092,29025,0.0,0.0
1985-12-30,0.0,1.8088188171386719,1.7861136767371106,1.8088188171386719,25650,0.0,0.0
1985-12-31,0.0,1.8163878766966275,1.8012511730194092,1.8012511730194092,10125,0.0,0.0
1986-01-02,0.0,1.8163878766966275,1.8012511730194092,1.8012511730194092,28350,0.0,0.0
1986-01-03,0.0,1.8163862228393555,1.801249532944407,1.8163862228393555,22275,0.0,0.0
1986-01-06,0.0,1.8012481962408247,1.7861117124557495,1.7861117124557495,34425,0.0,0.0
1986-01-07,0.0,1.801248717081108,1.78611222891924,1.7936806678771973,46575,0.0,0.0
1986-01-08,0.0,1.8163865038278806,1.7785452604293823,1.7785452604293823,225450,0.0,0.0
1986-01-09,0.0,1.7709765733191807,1.7407035827636719,1.7407035827636719,30375,0.0,0.0
1986-01-10,0.0,1.740704034937683,1.7255673408508299,1.72556734085083,31050,0.0,0.0
1986-01-13,0.0,1.748272025279664,1.7255668926088024,1.7407035827636719,42525,0.0,0.0
1986-01-14,0.0,1.7709754705429077,1.7558389846905562,1.7709754705429077,57375,0.0,0.0
1986-01-15,0.0,1.7861119563952592,1.7709754705429077,1.7709754705429077,39825,0.0,0.0
1986-01-16,0.0,1.8088188171386719,1.7861136767371106,1.8088188171386719,66825,0.0,0.0
1986-01-17,0.0,1.808819817173952,1.7936831134967337,1.8012511730194092,39825,0.0,0.0
1986-01-20,0.0,1.808817350916089,1.78611222891924,1.7936806678771973,54000,0.0,0.0
1986-01-21,0.0,1.8012481962408247,1.7861117124557495,1.7861117124557495,37125,0.0,0.0
1986-01-22,0.0,1.7936806678771973,1.7785441797153292,1.7936806678771973,13500,0.0,0.0
1986-01-23,0.0,1.7861117124557495,1.7709752286706744,1.7861117124557495,44550,0.0,0.0
1986-01-24,0.0,1.7861117124557495,1.7861117124557495,1.7861117124557495,2700,0.0,0.0
1986-01-27,0.0,1.78611331423194,1.7785452604293823,1.7785452604293823,11475,0.0,0.0
1986-01-28,0.0,1.7558399438858032,1.7558399438858032,1.7558399438858032,10800,0.0,0.0
1986-01-29,0.0,1.7558399438858032,1.7558399438858032,1.7558399438858032,35100,0.0,0.0
1986-01-30,0.0,1.7709754705429077,1.7558389846905562,1.7709754705429077,8100,0.0,0.0
1986-01-31,0.0,1.7709771931363054,1.76340913772583,1.76340913772583,10800,0.0,0.0
1986-02-03,0.0,1.76340913772583,1.76340913772583,1.76340913772583,1350,0.0,0.0
1986-02-04,0.0,1.7709754705429077,1.7634074224937255,1.7709754705429077,15525,0.0,0.0
1986-02-05,0.0,1.8012481962408247,1.778543665440179,1.7861117124557495,12825,0.0,0.0
1986-02-06,0.0,1.8012511730194092,1.7861146642194798,1.8012511730194092,12825,0.0,0.0
1986-02-07,0.0,1.8239546652253857,1.801249532944407,1.8163862228393555,288900,0.0,0.0
1986-02-10,0.0,1.8315223455429077,1.8163858536020367,1.8315223455429077,244350,0.0,0.0
1986-02-11,0.0,1.8390911602432227,1.8163862228393555,1.8163862228393555,36450,0.0,0.0
1986-02-12,0.0,1.8163854001199995,1.7785441797153292,1.7936806678771973,60075,0.0,0.0
1986-02-13,0.0,1.8239546652253857,1.8088181702075488,1.8163862228393555,91800,0.0,0.0
1986-02-14,0.0,1.8163862228393555,1.8163862228393555,1.8163862228393555,3375,0.0,0.0
1986-02-18,0.0,1.823955178260803,1.808818678985427,1.8239551782608032,21600,0.0,0.0
1986-02-19,0.0,1.8163878766966275,1.8012511730194092,1.8012511730194092,34425,0.0,0.0
1986-02-20,0.0,1.808819817173952,1.8012511730194092,1.8012511730194092,76275,0.0,0.0
1986-02-21,0.0,1.8315223455429077,1.8088178025086734,1.8315223455429077,434025,0.0,0.0
1986-02-24,0.0,1.8390918354795978,1.76340913772583,1.76340913772583,94500,0.0,0.0
1986-02-25,0.0,1.7558400780414263,1.7331353351247945,1.7407035827636719,16875,0.0,0.0
1986-02-26,0.0,1.7482715518163867,1.7255664252944802,1.7331348657608032,201150,0.0,0.0
1986-02-27,0.0,1.748272025279664,1.7255668926088024,1.7407035827636719,32400,0.0,0.0
1986-02-28,0.0,1.7482715518163867,1.7331348657608032,1.7331348657608032,91800,0.0,0.0
1986-03-03,0.0,1.7785452604293823,1.7482722657105836,1.7785452604293823,27675,0.0,0.0
1986-03-04,0.0,1.8163862228393555,1.778544985294763,1.8163862228393555,193050,0.0,0.0
1986-03-05,0.0,1.8163878766966275,1.8012511730194092,1.8012511730194092,26325,0.0,0.0
1986-03-06,0.0,1.8466592272379228,1.8163858536020367,1.8315223455429077,468450,0.0,0.0
1986-03-07,0.0,1.8390916775361792,1.823955178260803,1.8239551782608032,63450,0.0,0.0
1986-03-10,0.0,1.854227917330819,1.823954923016471,1.839091420173645,58725,0.0,0.0
1986-03-11,0.0,1.8466604948043825,1.8239555464310975,1.8466604948043823,335475,0.0,0.0
1986-03-12,0.0,1.907205891180042,1.8617962085446007,1.8693642616271973,218025,0.0,0.0
1986-03-13,0.0,1.8920683461338357,1.869363225090118,1.8844999074935913,39150,0.0,0.0
1986-03-14,0.0,1.8920682734824192,1.8617951047149135,1.8769317865371704,62100,0.0,0.0
1986-03-17,0.0,1.861796498298645,1.8466600000234907,1.861796498298645,51975,0.0,0.0
1986-03-18,0.0,1.8693645525590685,1.8542280542839142,1.861796498298645,43875,0.0,0.0
1986-03-19,0.0,1.8693642616271973,1.8542277657077577,1.8693642616271973,71550,0.0,0.0
1986-03-20,0.0,1.8996366262435913,1.8769320870673256,1.8996366262435913,43200,0.0,0.0
1986-03-21,0.0,1.9450465440750122,1.907205315694729,1.9450465440750122,73575,0.0,0.0
1986-03-24,0.0,1.9526152610778809,1.914773637585881,1.9526152610778809,107325,0.0,0.0
1986-03-25,0.0,1.9753208371014772,1.945047834315759,1.9601843357086182,51975,0.0,0.0
1986-03-26,0.0,2.0131607055664062,1.975319095690454,2.0131607055664062,51300,0.0,0.0
1986-03-27,0.0,2.058571270783339,1.9677520990371704,1.9677520990371704,124875,0.0,0.0
1986-03-31,0.0,1.9677520990371704,1.960183656087624,1.9677520990371704,10125,0.0,0.0
1986-04-01,0.0,1.9980257840679596,1.9526162798893822,1.9601843357086182,39825,0.0,0.0
1986-04-02,0.0,1.9677520990371704,1.9374789118703635,1.9677520990371704,22275,0.0,0.0
1986-04-03,0.0,1.9980247981282917,1.9753198623657227,1.9753198623657227,36450,0.0,0.0
1986-04-04,0.0,1.9753208371014772,1.945047834315759,1.9601843357086182,39150,0.0,0.0
1986-04-07,0.0,1.9526152610778809,1.9299101310810074,1.9526152610778809,31725,0.0,0.0
1986-04-08,0.0,1.9601843357086182,1.9526162798893822,1.9601843357086182,12150,0.0,0.0
1986-04-09,0.0,1.9450466314433954,1.9223418933953649,1.9299099445343018,24300,0.0,0.0
1986-04-10,0.0,1.9299091619549777,1.8920681420965566,1.9072046279907227,1358775,0.0,0.0
1986-04-11,0.0,1.9147728825465073,1.8844999074935913,1.8844999074935913,26325,0.0,0.0
1986-04-14,0.0,1.9450465440750122,1.8769323329905023,1.9450465440750122,708075,0.0,0.0
1986-04-15,0.0,1.9753198623657227,1.9526153163573488,1.9753198623657227,353025,0.0,0.0
1986-04-16,0.0,1.998025417327881,1.9904569731434552,1.9980254173278809,61425,0.0,0.0
1986-04-17,0.0,2.013161352612654,1.990456223487854,1.990456223487854,18900,0.0,0.0
1986-04-18,0.0,2.0131621108195747,1.9828889187133452,1.9980254173278809,433350,0.0,0.0
1986-04-21,0.0,1.9904563562893702,1.9753198623657227,1.9753198623657227,23625,0.0,0.0
1986-04-22,0.0,1.9753201522324644,1.9677520990371704,1.9677520990371704,8775,0.0,0.0
1986-04-23,0.0,1.9753201522324644,1.9677520990371704,1.9677520990371704,15525,0.0,0.0
1986-04-24,0.0,1.9677520990371704,1.9677520990371704,1.9677520990371704,6075,0.0,0.0
1986-04-25,0.0,1.982887864112854,1.975319423953709,1.982887864112854,6750,0.0,0.0
1986-04-28,0.0,2.0055935382843018,1.9828889844865374,2.0055935382843018,106650,0.0,0.0
1986-04-29,0.0,2.0207293033599854,1.9980245651222992,2.0207293033599854,252450,0.0,0.0
1986-04-30,0.0,2.0207302322780856,1.9980254836031566,2.0055935382843018,29700,0.0,0.0
1986-05-01,0.0,2.0207302322780856,1.9980254836031566,2.0055935382843018,30375,0.0,0.0
1986-05-02,0.0,2.0434363160649682,2.020731359843539,2.0282998085021973,135675,0.0,0.0
1986-05-05,0.0,2.0207287547137662,2.0131607055664062,2.0131607055664062,4050,0.0,0.0
1986-05-06,0.0,2.0131621108195747,1.998025417327881,1.9980254173278809,6075,0.0,0.0
1986-05-07,0.0,1.998024354677035,1.9677513735486727,1.982887864112854,190350,0.0,0.0
1986-05-08,0.0,2.0131621108195747,1.9753204745289195,1.9980254173278809,89775,0.0,0.0
1986-05-09,0.0,1.998024354677035,1.982887864112854,1.982887864112854,16875,0.0,0.0
1986-05-12,0.0,2.0131610401182707,1.982887864112854,1.982887864112854,284175,0.0,0.0
1986-05-13,0.0,1.998025417327881,1.9904569731434552,1.9980254173278809,185625,0.0,0.0
1986-05-14,0.0,2.0131607055664062,1.9904555837392175,2.0131607055664062,126225,0.0,0.0
1986-05-15,0.0,2.0358652427625294,2.0131607055664062,2.0131607055664062,27675,0.0,0.0
1986-05-16,0.0,2.0282998085021973,2.0131633009394267,2.0282998085021973,78975,0.0,0.0
1986-05-19,0.0,2.043433904647827,2.0358654649205388,2.043433904647827,22950,0.0,0.0
1986-05-20,0.0,2.0434363160649682,1.9980265984993828,2.0282998085021973,117450,0.0,0.0
1986-05-21,0.0,2.103980302810669,2.043434142096165,2.103980302810669,355050,0.0,0.0
1986-05-22,0.0,2.1796643054539455,2.1039816063888384,2.1418230533599854,318600,0.0,0.0
1986-05-23,0.0,2.194800170719357,2.149390681356325,2.164527177810669,78975,0.0,0.0
1986-05-27,0.0,2.2023682594299316,2.164526829506189,2.2023682594299316,24300,0.0,0.0
1986-05-28,0.0,2.1948001544844695,2.17966365814209,2.17966365814209,83700,0.0,0.0
1986-05-29,0.0,2.1948000861148467,2.164527094373113,2.172095537185669,35100,0.0,0.0
1986-05-30,0.0,2.1948001544844695,2.16452716179971,2.17966365814209,113400,0.0,0.0
1986-06-02,0.0,2.202368753348946,2.1796638123518877,2.187232255935669,50625,0.0,0.0
1986-06-03,0.0,2.2023690599480785,2.187232560427599,2.194800615310669,236250,0.0,0.0
1986-06-04,0.0,2.194800309765165,2.187232255935669,2.187232255935669,320625,0.0,0.0
1986-06-05,0.0,2.2023690599480785,2.194800615310669,2.194800615310669,9450,0.0,0.0
1986-06-06,0.0,2.202368753348946,2.187232255935669,2.187232255935669,22950,0.0,0.0
1986-06-09,0.0,2.2023690599480785,2.1796641157901893,2.194800615310669,29025,0.0,0.0
1986-06-10,0.0,2.1947989699050434,2.1493895053863525,2.1493895053863525,33075,0.0,0.0
1986-06-11,0.0,2.17966365814209,2.1493906654573305,2.17966365814209,536625,0.0,0.0
1986-06-12,0.0,2.2099363115621617,2.1796633235248466,2.2023682594299316,79650,0.0,0.0
1986-06-13,0.0,2.209935426712036,2.202367377610025,2.209935426712036,98550,0.0,0.0
1986-06-16,0.0,2.209936807178442,2.1796638123518877,2.187232255935669,421200,0.0,0.0
1986-06-17,0.0,2.194800170719357,2.156959124460627,2.164527177810669,320625,0.0,0.0
1986-06-18,0.0,2.17966365814209,2.156959108505649,2.17966365814209,695925,0.0,0.0
1986-06-19,0.0,2.172095537185669,2.164527094373113,2.172095537185669,142425,0.0,0.0
1986-06-20,0.0,2.172095537185669,2.1569590413148023,2.172095537185669,102600,0.0,0.0
1986-06-23,0.0,2.172095620914971,2.156959124460627,2.164527177810669,87075,0.0,0.0
1986-06-24,0.0,2.1796636742650133,2.164527177810669,2.164527177810669,267975,0.0,0.0
1986-06-25,0.0,2.17966359024398,2.164527094373113,2.172095537185669,130950,0.0,0.0
1986-06-26,0.0,2.172095537185669,2.1493905985022463,2.172095537185669,255150,0.0,0.0
1986-06-27,0.0,2.17966365814209,2.1493906654573305,2.17966365814209,305775,0.0,0.0
1986-06-30,0.0,2.17966365814209,2.16452716179971,2.17966365814209,249075,0.0,0.0
1986-07-01,0.0,2.172095537185669,2.172095537185669,2.172095537185669,282150,0.0,0.0
1986-07-02,0.0,2.164527177810669,2.141822433129153,2.164527177810669,313200,0.0,0.0
1986-07-03,0.0,2.164527177810669,2.149390681356325,2.164527177810669,17550,0.0,0.0
1986-07-07,0.0,2.1569591130448567,2.12668592541926,2.134253978729248,103950,0.0,0.0
1986-07-08,0.0,2.141822421793494,2.12668592541926,2.134253978729248,25650,0.0,0.0
1986-07-09,0.0,2.1493901196840497,2.126685380935669,2.126685380935669,47925,0.0,0.0
1986-07-10,0.0,2.134253978729248,2.12668592541926,2.134253978729248,55350,0.0,0.0
1986-07-11,0.0,2.1493913037787773,2.126686552522401,2.1418230533599854,24300,0.0,0.0
1986-07-14,0.0,2.134254668998129,2.0661404132843018,2.0661404132843018,167400,0.0,0.0
1986-07-15,0.0,2.0585704755967313,2.005592369799972,2.035865545272827,122850,0.0,0.0
1986-07-16,0.0,2.103980711012328,2.0358660964758917,2.0964126586914062,4273425,0.0,0.0
1986-07-17,0.0,2.1039794867450916,2.051001787185669,2.051001787185669,89100,0.0,0.0
1986-07-18,0.0,2.05100267743105,2.0131612521578313,2.0207293033599854,442800,0.0,0.0
1986-07-21,0.0,2.0207293033599854,2.005592616324453,2.0207293033599854,12825,0.0,0.0
1986-07-22,0.0,2.0207301652496845,1.998025417327881,1.9980254173278809,17550,0.0,0.0
1986-07-23,0.0,2.005592638587759,1.8920689461391462,1.9374784231185913,401625,0.0,0.0
1986-07-24,0.0,1.9753198064434783,1.9526152610778809,1.9526152610778809,145125,0.0,0.0
1986-07-25,0.0,1.9904559145178902,1.9677513735486727,1.982887864112854,96525,0.0,0.0
1986-07-28,0.0,1.9980250913268511,1.9677520990371704,1.9677520990371704,195750,0.0,0.0
1986-07-29,0.0,1.990456223487854,1.9753197305741,1.990456223487854,43875,0.0,0.0
1986-07-30,0.0,2.0055935382843018,1.9828889844865374,2.0055935382843018,12825,0.0,0.0
1986-07-31,0.0,2.0434363160649682,2.0131633009394267,2.0282998085021973,43875,0.0,0.0
1986-08-01,0.0,2.066138106786678,2.0282967009787383,2.0585696697235107,31050,0.0,0.0
1986-08-04,0.0,2.088845165188911,2.0510039120145627,2.0661404132843018,39150,0.0,0.0
1986-08-05,0.0,2.0737063206912882,2.051001787185669,2.051001787185669,43875,0.0,0.0
1986-08-06,0.0,2.051001787185669,2.051001787185669,2.051001787185669,10125,0.0,0.0
1986-08-07,0.0,2.0510024253248313,2.035865545272827,2.035865545272827,105300,0.0,0.0
1986-08-08,0.0,2.0774905681610107,2.032080913763114,2.0774905681610107,118350,0.0,1.5
1986-08-11,0.0,2.1342523728943052,2.0774903593221627,2.1229000091552734,738900,0.0,0.0
1986-08-12,0.0,2.1342530377278077,2.043433904647827,2.043433904647827,68400,0.0,0.0
1986-08-13,0.0,2.043433904647827,2.0320813424954167,2.043433904647827,106650,0.0,0.0
1986-08-14,0.0,2.0661404132843018,2.0434354665025007,2.0661404132843018,98550,0.0,0.0
1986-08-15,0.0,2.145606279373169,2.0661394884021838,2.145606279373169,203400,0.0,0.0
1986-08-18,0.0,2.1683104038238525,2.1001958143594806,2.1683104038238525,241650,0.0,0.0
1986-08-19,0.0,2.1796625755652053,2.156958037205468,2.1683104038238525,165150,0.0,0.0
1986-08-20,0.0,2.1796625755652053,2.156958037205468,2.1683104038238525,117000,0.0,0.0
1986-08-21,0.0,2.1569588451208284,2.145606279373169,2.145606279373169,8100,0.0,0.0
1986-08-22,0.0,2.1683104038238525,2.145605475710051,2.1683104038238525,168750,0.0,0.0
1986-08-25,0.0,2.1683104038238525,2.156958037205468,2.1683104038238525,138600,0.0,0.0
1986-08-26,0.0,2.202368597532788,2.156959108505649,2.17966365814209,514800,0.0,0.0
1986-08-27,0.0,2.191016674041748,2.179664104582592,2.191016674041748,4500,0.0,0.0
1986-08-28,0.0,2.1910162252760035,2.156959108505649,2.17966365814209,57600,0.0,0.0
1986-08-29,0.0,2.202368597532788,2.17966365814209,2.17966365814209,354150,0.0,0.0
1986-09-02,0.0,2.2250730991363525,2.168311244049089,2.2250730991363525,129600,0.0,0.0
1986-09-03,0.0,2.270482393119189,2.202367794655526,2.2477774620056152,146700,0.0,0.0
1986-09-04,0.0,2.3613016605377197,2.225072467492034,2.3613016605377197,351000,0.0,0.0
1986-09-05,0.0,2.474825791122673,2.3840062618255615,2.3840062618255615,522450,0.0,0.0
1986-09-08,0.0,2.384007539577622,2.3272454738616943,2.3272454738616943,69750,0.0,0.0
1986-09-09,0.0,2.3499504170743624,2.304540725526188,2.3272454738616943,99000,0.0,0.0
1986-09-10,0.0,2.384006201250247,2.327244167399246,2.3613016605377197,74250,0.0,0.0
1986-09-11,0.0,2.3499504170743624,2.3272454738616943,2.3272454738616943,72450,0.0,0.0
1986-09-12,0.0,2.304539497473963,2.2364248990103,2.2477774620056152,205200,0.0,0.0
1986-09-15,0.0,2.25913084857097,2.17966365814209,2.17966365814209,64800,0.0,0.0
1986-09-16,0.0,2.1569588451208284,2.145606279373169,2.145606279373169,22950,0.0,0.0
1986-09-17,0.0,2.1683112159913827,2.1229013427549552,2.145606279373169,81900,0.0,0.0
1986-09-18,0.0,2.17966365814209,2.1456065413717353,2.17966365814209,37350,0.0,0.0
1986-09-19,0.0,2.202369048623735,2.179664104582592,2.191016674041748,78750,0.0,0.0
1986-09-22,0.0,2.202368597532788,2.17966365814209,2.17966365814209,98550,0.0,0.0
1986-09-23,0.0,2.2477786842041287,2.179664048704076,2.2364261150360107,66150,0.0,0.0
1986-09-24,0.0,2.2137211646667017,2.17966365814209,2.17966365814209,67050,0.0,0.0
1986-09-25,0.0,2.191015446259852,2.1569583415985107,2.1569583415985107,16650,0.0,0.0
1986-09-26,0.0,2.168310709818958,2.1456057785010043,2.1569583415985107,9000,0.0,0.0
1986-09-29,0.0,2.1569591130448567,2.134253978729248,2.134253978729248,7650,0.0,0.0
1986-09-30,0.0,2.1683104038238525,2.145605475710051,2.1683104038238525,7200,0.0,0.0
1986-10-01,0.0,2.1910162252760035,2.17966365814209,2.17966365814209,79200,0.0,0.0
1986-10-02,0.0,2.2023682594299316,2.1796633235248466,2.2023682594299316,112050,0.0,0.0
1986-10-03,0.0,2.2364253709719115,2.2023682594299316,2.2023682594299316,21150,0.0,0.0
1986-10-06,0.0,2.2364254701538053,2.2137209229960075,2.2250730991363525,110250,0.0,0.0
1986-10-07,0.0,2.2364261150360107,2.2364261150360107,2.2364261150360107,32400,0.0,0.0
1986-10-08,0.0,2.2250730991363525,2.1569588730316362,2.2250730991363525,130500,0.0,0.0
1986-10-09,0.0,2.2364260669648877,2.213721513748169,2.213721513748169,21150,0.0,0.0
1986-10-10,0.0,2.2364254701538053,2.2023683571014474,2.2250730991363525,109350,0.0,0.0
1986-10-13,0.0,2.2364261150360107,2.213721561331266,2.2364261150360107,7650,0.0,0.0
1986-10-14,0.0,2.2364261150360107,2.2023689921631484,2.2364261150360107,24300,0.0,0.0
1986-10-15,0.0,2.2477774620056152,2.2364248990103,2.2477774620056152,13050,0.0,0.0
1986-10-16,0.0,2.2704826086827663,2.2591302394866943,2.2591302394866943,89550,0.0,0.0
1986-10-17,0.0,2.2931883335113525,2.2591312112731474,2.2931883335113525,52650,0.0,0.0
1986-10-20,0.0,2.3385978480294476,2.3158932945711026,2.3272454738616943,12150,0.0,0.0
1986-10-21,0.0,2.3499504170743624,2.304540725526188,2.3272454738616943,89100,0.0,0.0
1986-10-22,0.0,2.3272443935644165,2.3045396557683557,2.315892219543457,4050,0.0,0.0
1986-10-23,0.0,2.338597297668457,2.315892749553357,2.338597297668457,86850,0.0,0.0
1986-10-24,0.0,2.3499498376700663,2.2931877859494056,2.3045401573181152,36450,0.0,0.0
1986-10-27,0.0,2.3045407075907542,2.2931883335113525,2.2931883335113525,16200,0.0,0.0
1986-10-28,0.0,2.3045407075907542,2.2931883335113525,2.2931883335113525,6300,0.0,0.0
1986-10-29,0.0,2.3045407075907542,2.2931883335113525,2.2931883335113525,5400,0.0,0.0
1986-10-30,0.0,2.315892723563938,2.3045401573181152,2.3045401573181152,18900,0.0,0.0
1986-10-31,0.0,2.3272454738616943,2.270483603022928,2.3272454738616943,96750,0.0,0.0
1986-11-03,0.0,2.349949864041681,2.338597297668457,2.338597297668457,7200,0.0,0.0
1986-11-04,0.0,2.3613016605377197,2.3385965351940357,2.3613016605377197,34200,0.0,0.0
1986-11-05,0.0,2.3385978480294476,2.2931883513584346,2.3272454738616943,73350,0.0,0.0
1986-11-06,0.0,2.3499503135681152,2.31589319256494,2.3499503135681152,12600,0.0,0.0
1986-11-07,0.0,2.3726558685302734,2.3158937906554216,2.3726558685302734,454950,0.0,0.0
1986-11-10,0.0,2.3840062618255615,2.3613017205361335,2.3840062618255615,13050,0.0,0.0
1986-11-11,0.0,2.384006201250247,2.3613016605377197,2.3613016605377197,8100,0.0,0.0
1986-11-12,0.0,2.3726558685302734,2.327245972377748,2.3726558685302734,189000,0.0,0.0
1986-11-13,0.0,2.395359516143799,2.372654773424183,2.395359516143799,56250,0.0,0.0
1986-11-14,0.0,2.4407693840880227,2.3953598915324457,2.418064832687378,74700,0.0,0.0
1986-11-17,0.0,2.531588430527422,2.4407690674440867,2.5202362537384033,88200,0.0,0.0
1986-11-18,0.0,2.5429397117440082,2.486177682876587,2.486177682876587,78750,0.0,0.0
1986-11-19,0.0,2.474826893258993,2.418064832687378,2.418064832687378,175500,0.0,0.0
1986-11-20,0.0,2.4407675907806268,2.3953581315887833,2.429415225982666,118350,0.0,0.0
1986-11-21,0.0,2.452122449874878,2.4294175041109343,2.452122449874878,279000,0.0,0.0
1986-11-24,0.0,2.486179576205018,2.4294175041109343,2.452122449874878,372150,0.0,0.0
1986-11-25,0.0,2.4748254933700427,2.429415636746335,2.440768003463745,70200,0.0,0.0
1986-11-26,0.0,2.4748254933700427,2.440768003463745,2.440768003463745,134100,0.0,0.0
1986-11-28,0.0,2.4521205650581885,2.440768003463745,2.440768003463745,14400,0.0,0.0
1986-12-01,0.0,2.4407682351012476,2.3385965351940357,2.3613016605377197,84600,0.0,0.0
1986-12-02,0.0,2.406712998328863,2.3613034919307436,2.3726558685302734,77400,0.0,0.0
1986-12-03,0.0,2.3840062618255615,2.3613017205361335,2.3840062618255615,8550,0.0,0.0
1986-12-04,0.0,2.372655255780718,2.3499503135681152,2.3499503135681152,19350,0.0,0.0
1986-12-05,0.0,2.338597271424243,2.2931877859494056,2.3045401573181152,49500,0.0,0.0
1986-12-08,0.0,2.3045392930367825,2.2704821917032363,2.281834363937378,51300,0.0,0.0
1986-12-09,0.0,2.2931873470749093,2.236425111340399,2.2591302394866943,126000,0.0,0.0
1986-12-10,0.0,2.2591302394866943,2.225072742144327,2.2591302394866943,122850,0.0,0.0
1986-12-11,0.0,2.247778281437056,2.17966365814209,2.17966365814209,69750,0.0,0.0
1986-12-12,0.0,2.2704837322235107,2.2023690935866433,2.2704837322235107,156150,0.0,0.0
1986-12-15,0.0,2.2931869259256,2.2704821917032363,2.281834363937378,40950,0.0,0.0
1986-12-16,0.0,2.3045401573181152,2.270483043211987,2.3045401573181152,30150,0.0,0.0
1986-12-17,0.0,2.338596762462447,2.315892219543457,2.315892219543457,49500,0.0,0.0
1986-12-18,0.0,2.315892651907297,2.2250730991363525,2.2250730991363525,91800,0.0,0.0
1986-12-19,0.0,2.2591302394866943,2.225072742144327,2.2591302394866943,76050,0.0,0.0
1986-12-22,0.0,2.2591302394866943,2.225072742144327,2.2591302394866943,33300,0.0,0.0
1986-12-23,0.0,2.2591303896673662,2.066139320996336,2.088844060897827,493650,0.0,0.0
1986-12-24,0.0,2.2023682594299316,2.1115491004408873,2.2023682594299316,87300,0.0,0.0
1986-12-26,0.0,2.2250730991363525,2.2023683571014474,2.2250730991363525,10350,0.0,0.0
1986-12-29,0.0,2.2364260669648877,2.213721513748169,2.213721513748169,17100,0.0,0.0
1986-12-30,0.0,2.2477780360483655,2.2023683571014474,2.2250730991363525,125550,0.0,0.0
1986-12-31,0.0,2.2137211693253622,2.134253978729248,2.134253978729248,76950,0.0,0.0
1987-01-02,0.0,2.191016674041748,2.156959550295787,2.191016674041748,63900,0.0,0.0
1987-01-05,0.0,2.3272440272591464,2.1796626701826582,2.281834363937378,301500,0.0,0.0
1987-01-06,0.0,2.315892219543457,2.2704825490742646,2.315892219543457,261000,0.0,0.0
1987-01-07,0.0,2.3840080502526,2.327245972377748,2.3726558685302734,70200,0.0,0.0
1987-01-08,0.0,2.3953589967067406,2.315892219543457,2.315892219543457,109800,0.0,0.0
1987-01-09,0.0,2.338596762462447,2.2931872868703254,2.315892219543457,51750,0.0,0.0
1987-01-12,0.0,2.315892219543457,2.2704825490742646,2.315892219543457,178650,0.0,0.0
1987-01-13,0.0,2.3726540283325095,2.327244167399246,2.3613016605377197,66600,0.0,0.0
1987-01-14,0.0,2.418064453740528,2.361302402064375,2.395359516143799,49500,0.0,0.0
1987-01-15,0.0,2.406711192869104,2.372654088619376,2.3840062618255615,37800,0.0,0.0
1987-01-16,0.0,2.3726548019110125,2.338597297668457,2.338597297668457,56700,0.0,0.0
1987-01-19,0.0,2.4521205650581885,2.3158917746952006,2.440768003463745,173700,0.0,0.0
1987-01-20,0.0,2.4634727101305502,2.429415225982666,2.429415225982666,40950,0.0,0.0
1987-01-21,0.0,2.4521219521040605,2.418064832687378,2.418064832687378,92700,0.0,0.0
1987-01-22,0.0,2.429417010949128,2.3953598915324457,2.418064832687378,118350,0.0,0.0
1987-01-23,0.0,2.4407675907806268,2.3953581315887833,2.429415225982666,100350,0.0,0.0
1987-01-26,0.0,2.429415929035589,2.3840062618255615,2.3840062618255615,91350,0.0,0.0
1987-01-27,0.0,2.3908708095550537,2.367991554999851,2.3908708095550537,6750,0.044444,0.0
1987-01-28,0.0,2.4595079181254667,2.379431216636766,2.436629056930542,259650,0.0,0.0
1987-01-29,0.0,2.425189462644212,2.413749933242798,2.413749933242798,64350,0.0,0.0
1987-01-30,0.0,2.4823882579803467,2.4251902008169175,2.4823882579803467,535950,0.0,0.0
1987-02-02,0.0,2.5624642372131348,2.4938270600277237,2.5624642372131348,137700,0.0,0.0
1987-02-03,0.0,2.6082223854622497,2.5510245450802356,2.573903799057007,247500,0.0,0.0
1987-02-04,0.0,2.573902487173315,2.539583918259788,2.551023244857788,151200,0.0,0.0
1987-02-05,0.0,2.5624637332961235,2.516705624171,2.5395848751068115,354600,0.0,0.0
1987-02-06,0.0,2.5395850376496543,2.5167057852494863,2.5281453132629395,75150,0.0,0.0
1987-02-09,0.0,2.5281452103750186,2.4938266277313232,2.4938266277313232,64800,0.0,0.0
1987-02-10,0.0,2.482386749511553,2.459507304901289,2.470947027206421,71550,0.0,0.0
1987-02-11,0.0,2.4595071904999055,2.4480676651000977,2.4480676651000977,43650,0.0,0.0
1987-02-12,0.0,2.482386749511553,2.436628449410705,2.470947027206421,160650,0.0,0.0
1987-02-13,0.0,2.5395850376496543,2.4709474768224124,2.5281453132629395,45450,0.0,0.0
1987-02-17,0.0,2.5624637332961235,2.5281451514522812,2.5395848751068115,65700,0.0,0.0
1987-02-18,0.0,2.5510254552804317,2.4823882579803467,2.4823882579803467,102600,0.0,0.0
1987-02-19,0.0,2.516706705093384,2.4709483799418677,2.516706705093384,337950,0.0,0.0
1987-02-20,0.0,2.551025301677021,2.4938276407042927,2.516706705093384,251550,0.0,0.0
1987-02-23,0.0,2.539585965855809,2.4938276407042927,2.516706705093384,28350,0.0,0.0
1987-02-24,0.0,2.516706856630389,2.4823882579803467,2.4823882579803467,104850,0.0,0.0
1987-02-25,0.0,2.5052659589059676,2.482387100183425,2.4938266277313232,34200,0.0,0.0
1987-02-26,0.0,2.5052659589059676,2.482387100183425,2.4938266277313232,99000,0.0,0.0
1987-02-27,0.0,2.5281453132629395,2.4823872012091277,2.5281453132629395,92250,0.0,0.0
1987-03-02,0.0,2.51670568282712,2.482387100183425,2.4938266277313232,61650,0.0,0.0
1987-03-03,0.0,2.5052659589059676,2.470947376262272,2.4938266277313232,195750,0.0,0.0
1987-03-04,0.0,2.5853428840637207,2.4938262835640224,2.5853428840637207,137250,0.0,0.0
1987-03-05,0.0,2.653982162475586,2.608223825629219,2.653982162475586,178650,0.0,0.0
1987-03-06,0.0,2.6539801846253313,2.6196616048461476,2.631101131439209,98550,0.0,0.0
1987-03-09,0.0,2.608221775661556,2.5739031972799764,2.5967824459075928,71100,0.0,0.0
1987-03-10,0.0,2.631101131439209,2.5967825516600254,2.631101131439209,62100,0.0,0.0
1987-03-11,0.0,2.642540693283081,2.6311009710142907,2.642540693283081,13500,0.0,0.0
1987-03-12,0.0,2.653982162475586,2.6425428237307242,2.653982162475586,47700,0.0,0.0
1987-03-13,0.0,2.6768598556518555,2.6539806024901944,2.6768598556518555,40950,0.0,0.0
1987-03-16,0.0,2.6539808735385853,2.619662284851074,2.619662284851074,67950,0.0,0.0
1987-03-17,0.0,2.768376390893124,2.6196621230208557,2.6997392177581787,244350,0.0,0.0
1987-03-18,0.0,2.7111784408344435,2.6768598556518555,2.6768598556518555,18000,0.0,0.0
1987-03-19,0.0,2.7111789978672287,2.6654206785157735,2.688300132751465,137250,0.0,0.0
1987-03-20,0.0,2.734057903289795,2.711178648376714,2.734057903289795,112950,0.0,0.0
1987-03-23,0.0,2.734057903289795,2.711178648376714,2.734057903289795,89100,0.0,0.0
1987-03-24,0.0,2.734057554761404,2.7111783027648926,2.7111783027648926,36900,0.0,0.0
1987-03-25,0.0,2.7340576311586227,2.711178378522801,2.7226181030273438,9450,0.0,0.0
1987-03-26,0.0,2.75693668742118,2.7226181030273438,2.7226181030273438,131400,0.0,0.0
1987-03-27,0.0,2.7226173578822324,2.665419340133667,2.665419340133667,19350,0.0,0.0
1987-03-30,0.0,2.6539801846253313,2.6082218818798486,2.631101131439209,86850,0.0,0.0
1987-03-31,0.0,2.6997396634960014,2.653981147771237,2.688300132751465,165150,0.0,0.0
1987-04-01,0.0,2.7454972789462886,2.6654199951451285,2.7111783027648926,91800,0.0,0.0
1987-04-02,0.0,2.7340576311586227,2.6997390467647864,2.7226181030273438,20250,0.0,0.0
1987-04-03,0.0,2.7226180269497773,2.699738971326525,2.7111783027648926,32850,0.0,0.0
1987-04-06,0.0,2.734057554761404,2.7111783027648926,2.7111783027648926,21600,0.0,0.0
1987-04-07,0.0,2.722618275469827,2.6882996889023545,2.6997392177581787,13500,0.0,0.0
1987-04-08,0.0,2.745497628932977,2.676860060567018,2.734057903289795,61650,0.0,0.0
1987-04-09,0.0,2.75693668742118,2.6997390467647864,2.7226181030273438,91350,0.0,0.0
1987-04-10,0.0,2.7226181656019084,2.6768598556518555,2.6768598556518555,44550,0.0,0.0
1987-04-13,0.0,2.6882998549726738,2.619662284851074,2.619662284851074,106650,0.0,0.0
1987-04-14,0.0,2.592014349876626,2.534414052963257,2.534414052963257,90900,0.044444,0.0
1987-04-15,0.0,2.534414052963257,2.522893835376582,2.534414052963257,11700,0.0,0.0
1987-04-16,0.0,2.5459340727949304,2.522893835376582,2.534414052963257,67500,0.0,0.0
1987-04-20,0.0,2.5689727032653513,2.4192119343388665,2.4422521591186523,161100,0.0,0.0
1987-04-21,0.0,2.442253051342787,2.4076929981796815,2.419212818145752,112050,0.0,0.0
1987-04-22,0.0,2.465292258321772,2.37313175201416,2.37313175201416,212850,0.0,0.0
1987-04-23,0.0,2.3961735894722316,2.304013028770412,2.3270530700683594,45450,0.0,0.0
1987-04-24,0.0,2.338570754595837,2.3040107271727477,2.31553053855896,78750,0.0,0.0
1987-04-27,0.0,2.3040137893284003,2.211853000449168,2.246413469314575,77400,0.0,0.0
1987-04-28,0.0,2.280972719192505,2.2464126583141395,2.280972719192505,67950,0.0,0.0
1987-04-29,0.0,2.2924936062754417,2.2579331398010254,2.2579331398010254,50400,0.0,0.0
1987-04-30,0.0,2.280973384865614,2.2464133139013307,2.2579331398010254,60750,0.0,0.0
1987-05-01,0.0,2.246413469314575,2.2348932471077463,2.246413469314575,87750,0.0,0.0
1987-05-04,0.0,2.2233708620092973,2.165770405397228,2.1888108253479004,45000,0.0,0.0
1987-05-05,0.0,2.200330837568366,2.165770405397228,2.1888108253479004,44100,0.0,0.0
1987-05-06,0.0,2.1772919397764365,2.142731882092836,2.165771722793579,102600,0.0,0.0
1987-05-07,0.0,2.200330837568366,2.177290615372564,2.1888108253479004,117000,0.0,0.0
1987-05-08,0.0,2.2118494510650635,2.188809636888941,2.2118494510650635,152100,0.0,0.0
1987-05-11,0.0,2.211850652033961,2.1888108253479004,2.1888108253479004,166950,0.0,0.0
1987-05-12,0.0,2.200330837568366,2.165770405397228,2.1888108253479004,69750,0.0,0.0
1987-05-13,0.0,2.200332175987161,2.165771722793579,2.165771722793579,10350,0.0,0.0
1987-05-14,0.0,2.1772913932800293,2.165771179188726,2.1772913932800293,16200,0.0,0.0
1987-05-15,0.0,2.200332175987161,2.165771722793579,2.165771722793579,54000,0.0,0.0
1987-05-18,0.0,2.1888108153909975,2.154250383377075,2.154250383377075,44550,0.0,0.0
1987-05-19,0.0,2.1657713322746934,2.131211280822754,2.131211280822754,21600,0.0,0.0
1987-05-20,0.0,2.131211280822754,2.131211280822754,2.131211280822754,28350,0.0,0.0
1987-05-21,0.0,2.165771722793579,2.1312116651099786,2.165771722793579,18450,0.0,0.0
1987-05-22,0.0,2.1772919397764365,2.165771722793579,2.165771722793579,34650,0.0,0.0
1987-05-26,0.0,2.1888108253479004,2.165770405397228,2.1888108253479004,58500,0.0,0.0
1987-05-27,0.0,2.2348896607507123,2.2118494510650635,2.2118494510650635,274950,0.0,0.0
1987-05-28,0.0,2.211850652033961,2.1888108253479004,2.1888108253479004,15300,0.0,0.0
1987-05-29,0.0,2.211850652033961,2.1888108253479004,2.1888108253479004,34650,0.0,0.0
1987-06-01,0.0,2.188811607371333,2.1542511628523635,2.1772913932800293,33750,0.0,0.0
1987-06-02,0.0,2.1888108253479004,2.165770405397228,2.1888108253479004,103050,0.0,0.0
1987-06-03,0.0,2.2003321647644043,2.1772919286711963,2.2003321647644043,117000,0.0,0.0
1987-06-04,0.0,2.2233726978302,2.1888126326328363,2.2233726978302,64350,0.0,0.0
1987-06-05,0.0,2.2348896607507123,2.2118494510650635,2.2118494510650635,63900,0.0,0.0
1987-06-08,0.0,2.2233696547852695,2.2118494510650635,2.2118494510650635,25200,0.0,0.0
1987-06-09,0.0,2.2233696547852695,2.188809636888941,2.2118494510650635,323100,0.0,0.0
1987-06-10,0.0,2.257931444654508,2.2003313696240734,2.234891414642334,346050,0.0,0.0
1987-06-11,0.0,2.3040126468368474,2.2348921388910035,2.292492628097534,379350,0.0,0.0
1987-06-12,0.0,2.3616127967834473,2.2924926827012317,2.3616127967834473,242550,0.0,0.0
1987-06-15,0.0,2.45377254486084,2.384652063361581,2.45377254486084,300600,0.0,0.0
1987-06-16,0.0,2.465292751595829,2.4076926708221436,2.4076926708221436,72000,0.0,0.0
1987-06-17,0.0,2.4192130896069473,2.3616127967834473,2.3616127967834473,63900,0.0,0.0
1987-06-18,0.0,2.396171808242798,2.3500915621463143,2.396171808242798,826650,0.0,0.0
1987-06-19,0.0,2.4422537015129615,2.40769363914937,2.4307336807250977,74700,0.0,0.0
1987-06-22,0.0,2.545933572602566,2.442253018977326,2.511373519897461,238950,0.0,0.0
1987-06-23,0.0,2.5459332654799973,2.488332986831665,2.488332986831665,347850,0.0,0.0
1987-06-24,0.0,2.545933572602566,2.4883332870057617,2.511373519897461,199350,0.0,0.0
1987-06-25,0.0,2.5574517030764534,2.5113714726128884,2.5228912830352783,176850,0.0,0.0
1987-06-26,0.0,2.5459314971444615,2.5228912830352783,2.5228912830352783,16200,0.0,0.0
1987-06-29,0.0,2.5344135550341975,2.4998535023290924,2.511373519897461,63000,0.0,0.0
1987-06-30,0.0,2.511373216943961,2.465292756719369,2.488332986831665,20250,0.0,0.0
1987-07-01,0.0,2.488331718459607,2.4537716875397817,2.4652915000915527,44100,0.0,0.0
1987-07-02,0.0,2.476812375769082,2.442252332774359,2.45377254486084,33300,0.0,0.0
1987-07-06,0.0,2.465293743088689,2.4307336807250977,2.4307336807250977,228600,0.0,0.0
1987-07-07,0.0,2.499851926521053,2.442251479478336,2.4652915000915527,311400,0.0,0.0
1987-07-08,0.0,2.5228930353677015,2.476812772898048,2.488332986831665,305550,0.0,0.0
1987-07-09,0.0,2.4998518241761905,2.476811408996582,2.476811408996582,124200,0.0,0.0
1987-07-10,0.0,2.488332986831665,2.476812772898048,2.488332986831665,52650,0.0,0.0
1987-07-13,0.0,2.5320045046795294,2.473931031559573,2.508774995803833,58050,0.048889,0.0
1987-07-14,0.0,2.508773373993396,2.485543880134534,2.4971585273742676,82350,0.0,0.0
1987-07-15,0.0,2.6016924813538367,2.508775042268702,2.5668485164642334,175500,0.0,0.0
1987-07-16,0.0,2.590077531807869,2.5668482245234547,2.578463077545166,93600,0.0,0.0
1987-07-17,0.0,2.6249223869724396,2.6016926765441895,2.6016926765441895,144450,0.0,0.0
1987-07-20,0.0,2.659765534080906,2.5900772218094366,2.648150682449341,81000,0.0,0.0
1987-07-21,0.0,2.648152489515207,2.636538028717041,2.636538028717041,40050,0.0,0.0
1987-07-22,0.0,2.6946093462878444,2.6365360881426962,2.671380043029785,292950,0.0,0.0
1987-07-23,0.0,2.7642993496197623,2.6829965389901296,2.741070032119751,230400,0.0,0.0
1987-07-24,0.0,2.787528866499366,2.7062256571105494,2.741070032119751,612900,0.0,0.0
1987-07-27,0.0,2.822373693710628,2.7410708585677415,2.787529706954956,1966950,0.0,0.0
1987-07-28,0.0,2.8107571599839853,2.7178397178649902,2.7178397178649902,245250,0.0,0.0
1987-07-29,0.0,2.752683387752213,2.6597659556294913,2.729454278945923,376650,0.0,0.0
1987-07-30,0.0,2.787526896353041,2.7410680948092114,2.775912046432495,193950,0.0,0.0
1987-07-31,0.0,2.775914008369768,2.729455373369745,2.741070032119751,186300,0.0,0.0
1987-08-03,0.0,2.741069227929389,2.7178397178649902,2.7178397178649902,34650,0.0,0.0
1987-08-04,0.0,2.7062269288412355,2.6713829362170647,2.6946122646331787,261450,0.0,0.0
1987-08-05,0.0,2.6946093462878444,2.671380043029785,2.671380043029785,34200,0.0,0.0
1987-08-06,0.0,2.6946122646331787,2.6713829362170647,2.6946122646331787,22500,0.0,0.0
1987-08-07,0.0,2.7178397178649902,2.682995751837692,2.7178397178649902,157950,0.0,0.0
1987-08-10,0.0,2.7526844914901645,2.7178405152401472,2.741070032119751,79650,0.0,0.0
1987-08-11,0.0,2.741069227929389,2.6946102078005914,2.7178397178649902,184950,0.0,0.0
1987-08-12,0.0,2.729454572586956,2.706224863143024,2.7178397178649902,226350,0.0,0.0
1987-08-13,0.0,2.7526841163635254,2.706225288315165,2.7526841163635254,334350,0.0,0.0
1987-08-14,0.0,2.775912046432495,2.752682545970855,2.775912046432495,34200,0.0,0.0
1987-08-17,0.0,2.787529706954956,2.7759148453234133,2.787529706954956,221850,0.0,0.0
1987-08-18,0.0,2.775912046432495,2.752682545970855,2.775912046432495,114750,0.0,0.0
1987-08-19,0.0,2.787529706954956,2.7643001830715224,2.787529706954956,109350,0.0,0.0
1987-08-20,0.0,2.787529706954956,2.7643001830715224,2.787529706954956,135000,0.0,0.0
1987-08-21,0.0,2.787526896353041,2.775912046432495,2.775912046432495,25650,0.0,0.0
1987-08-24,0.0,2.7875269865649726,2.764297485351563,2.7642974853515625,17550,0.0,0.0
1987-08-25,0.0,2.787526896353041,2.752682545970855,2.775912046432495,149850,0.0,0.0
1987-08-26,0.0,2.8223728311456715,2.7875288550389095,2.7991433143615723,72900,0.0,0.0
1987-08-27,0.0,2.8223732119285367,2.7875292311207693,2.810758352279663,62550,0.0,0.0
1987-08-28,0.0,2.8804450035095215,2.8339863899992466,2.8804450035095215,96750,0.0,0.0
1987-08-31,0.0,2.880446712654434,2.7759143714718957,2.810758352279663,233100,0.0,0.0
1987-09-01,0.0,2.83398855534217,2.7643001830715224,2.787529706954956,259200,0.0,0.0
1987-09-02,0.0,2.787526896353041,2.7642973958914006,2.775912046432495,58500,0.0,0.0
1987-09-03,0.0,2.775912046432495,2.7642973958914006,2.775912046432495,232200,0.0,0.0
1987-09-04,0.0,2.7759131939566872,2.671380897115726,2.7178397178649902,398250,0.0,0.0
1987-09-08,0.0,2.6946103219799387,2.590078020709606,2.6016926765441895,52200,0.0,0.0
1987-09-09,0.0,2.624922275543213,2.601692566101075,2.624922275543213,25650,0.0,0.0
1987-09-10,0.0,2.636537042807023,2.578463564254565,2.6016926765441895,120600,0.0,0.0
1987-09-11,0.0,2.6365369308847484,2.613307420822144,2.624922275543213,36450,0.0,0.0
1987-09-14,0.0,2.624922275543213,2.613307420822144,2.624922275543213,123750,0.0,0.0
1987-09-15,0.0,2.706223964691162,2.682994861097768,2.706223964691162,135900,0.0,0.0
1987-09-16,0.0,2.7062249078930614,2.6713809412895846,2.6829957962036133,225450,0.0,0.0
1987-09-17,0.0,2.6713820496509215,2.6597673892974854,2.6597673892974854,158400,0.0,0.0
1987-09-18,0.0,2.7178397178649902,2.6365369310884277,2.7178397178649902,207900,0.0,0.0
1987-09-21,0.0,2.717841792428978,2.6946122646331787,2.6946122646331787,27000,0.0,0.0
1987-09-22,0.0,2.8688294274579493,2.671379586025175,2.845600128173828,291600,0.0,0.0
1987-09-23,0.0,2.833988071577411,2.6946113508278686,2.810758352279663,427050,0.0,0.0
1987-09-24,0.0,2.775912136268539,2.7410681835176103,2.7642974853515625,72000,0.0,0.0
1987-09-25,0.0,2.775912136268539,2.764297485351563,2.7642974853515625,15300,0.0,0.0
1987-09-28,0.0,2.810758832079085,2.787529706954956,2.787529706954956,103500,0.0,0.0
1987-09-29,0.0,2.810758832079085,2.7759148453234133,2.787529706954956,44550,0.0,0.0
1987-09-30,0.0,2.8804450961798267,2.8107567749133873,2.868830442428589,640350,0.0,0.0
1987-10-01,0.0,3.1708126915947794,2.8804453275887942,3.1011247634887695,984600,0.0,0.0
1987-10-02,0.0,3.1824273562749497,3.0778950715775224,3.0895097255706787,270450,0.0,0.0
1987-10-05,0.0,3.217271522246373,3.1243538856506348,3.1243538856506348,387900,0.0,0.0
1987-10-06,0.0,3.1475835816056317,3.0895099094249123,3.1011247634887695,275850,0.0,0.0
1987-10-07,0.0,3.1243538734779173,3.0778952547405773,3.1011247634887695,94950,0.0,0.0
1987-10-08,0.0,3.1127380314953763,2.938517878924466,2.996591329574585,226800,0.0,0.0
1987-10-09,0.0,3.031437182434853,2.9385197227205775,2.9617488384246826,96300,0.0,0.0
1987-10-12,0.0,3.0198204307034078,2.961746980053289,2.996591329574585,132750,0.0,0.0
1987-10-13,0.0,3.0198210938014354,2.903674166997436,2.938518524169922,167400,0.0,0.0
1987-10-14,0.0,2.9269048319589555,2.9036753177642822,2.9036753177642822,83250,0.0,0.0
1987-10-15,0.0,2.8804463358790047,2.741070032119751,2.741070032119751,165150,0.0,0.0
1987-10-16,0.0,2.7265577887360415,2.644644343208715,2.6914520263671875,135000,0.048889,0.0
1987-10-19,0.0,2.43400839428873,2.106353282928467,2.106353282928467,487800,0.0,0.0
1987-10-20,0.0,2.199970470592562,1.9659313323629228,2.059546947479248,929700,0.0,0.0
1987-10-21,0.0,2.434008954612449,2.106353767823961,2.3872010707855225,203400,0.0,0.0
1987-10-22,0.0,2.4106051921844482,2.293585559716021,2.4106051921844482,144450,0.0,0.0
1987-10-23,0.0,2.4808184660613817,2.316990852355957,2.316990852355957,326250,0.0,0.0
1987-10-26,0.0,2.2467786466939543,2.1531630204066303,2.1765670776367188,204300,0.0,0.0
1987-10-27,0.0,2.246778499422538,2.1882686614990234,2.1882686614990234,371700,0.0,0.0
1987-10-28,0.0,2.199971044859131,2.164865255355835,2.164865255355835,139500,0.0,0.0
1987-10-29,0.0,2.153163024615085,2.0595471972671078,2.14146089553833,235800,0.0,0.0
1987-10-30,0.0,2.188268804935248,2.1531630204066303,2.1765670776367188,233550,0.0,0.0
1987-11-02,0.0,2.153163024615085,2.1063551109410965,2.14146089553833,337950,0.0,0.0
1987-11-03,0.0,2.176567386067972,2.1180575360181066,2.164865255355835,507150,0.0,0.0
1987-11-04,0.0,2.1765670776367188,2.1531630204066303,2.1765670776367188,23400,0.0,0.0
1987-11-05,0.0,2.270181179046631,2.1297577334990314,2.270181179046631,171900,0.0,0.0
1987-11-06,0.0,2.352096640442886,2.270182934029022,2.316990852355957,90000,0.0,0.0
1987-11-09,0.0,2.3169898265230326,2.293585777282715,2.293585777282715,33750,0.0,0.0
1987-11-10,0.0,2.3169898265230326,2.270181928920005,2.293585777282715,42750,0.0,0.0
1987-11-11,0.0,2.3169898265230326,2.270181928920005,2.293585777282715,87750,0.0,0.0
1987-11-12,0.0,2.398902611393377,2.3169889714752063,2.3754987716674805,367650,0.0,0.0
1987-11-13,0.0,2.3989027906453178,2.3872010707855225,2.3872010707855225,127800,0.0,0.0
1987-11-16,0.0,2.3989031314849854,2.3754992866850437,2.3989031314849854,57150,0.0,0.0
1987-11-17,0.0,2.3872008104065547,2.3520946502685547,2.3520946502685547,49050,0.0,0.0
1987-11-18,0.0,2.3754987716674805,2.3520947310640508,2.3754987716674805,28350,0.0,0.0
1987-11-19,0.0,2.4223066519968066,2.3520947310640508,2.3754987716674805,69300,0.0,0.0
1987-11-20,0.0,2.3872010707855225,2.3637970284332845,2.3872010707855225,6750,0.0,0.0
1987-11-23,0.0,2.387202194852042,2.3520960143543954,2.363798141479492,27450,0.0,0.0
1987-11-24,0.0,2.410604531256325,2.3637968518045325,2.3754987716674805,57600,0.0,0.0
1987-11-25,0.0,2.410604531256325,2.3754987716674805,2.3754987716674805,25650,0.0,0.0
1987-11-27,0.0,2.3989039202218514,2.363798141479492,2.363798141479492,21150,0.0,0.0
1987-11-30,0.0,2.340392274421805,2.2233727109200823,2.2467763423919678,70200,0.0,0.0
1987-12-01,0.0,2.246777661583525,2.19996976852417,2.19996976852417,40050,0.0,0.0
1987-12-02,0.0,2.1882677317700097,2.12975811958313,2.12975811958313,27000,0.0,0.0
1987-12-03,0.0,2.1414590370589393,2.106353282928467,2.106353282928467,22500,0.0,0.0
1987-12-04,0.0,2.047843890771376,2.001036008601326,2.024440050125122,84150,0.0,0.0
1987-12-07,0.0,2.1063544030325816,2.0244407322910978,2.0829503536224365,166950,0.0,0.0
1987-12-08,0.0,2.1765670818909175,2.0946529818643413,2.14146089553833,391500,0.0,0.0
1987-12-09,0.0,2.2818838810697875,2.153162122195918,2.2584798336029053,286650,0.0,0.0
1987-12-10,0.0,2.235075862829935,2.1531620025634766,2.1531620025634766,248850,0.0,0.0
1987-12-11,0.0,2.17656604873,2.1531620025634766,2.1531620025634766,145800,0.0,0.0
1987-12-14,0.0,2.188268804935248,2.141460891352748,2.1765670776367188,62550,0.0,0.0
1987-12-15,0.0,2.2116718924472,2.176566123310875,2.19996976852417,28800,0.0,0.0
1987-12-16,0.0,2.2233740163702307,2.19996976852417,2.19996976852417,117900,0.0,0.0
1987-12-17,0.0,2.246777672849085,2.1999697795550306,2.2350759506225586,42750,0.0,0.0
1987-12-18,0.0,2.293585777282715,2.23507615637594,2.293585777282715,157500,0.0,0.0
1987-12-21,0.0,2.316990852355957,2.270182934029022,2.316990852355957,45450,0.0,0.0
1987-12-22,0.0,2.316990852355957,2.2818850642690287,2.316990852355957,174150,0.0,0.0
1987-12-23,0.0,2.387202667511118,2.2818849086761475,2.2818849086761475,58950,0.0,0.0
1987-12-24,0.0,2.3872010707855225,2.3637970284332845,2.3872010707855225,58950,0.0,0.0
1987-12-28,0.0,2.3637990739002213,2.340395212173462,2.340395212173462,30150,0.0,0.0
1987-12-29,0.0,2.3520946502685547,2.3286910122241182,2.3520946502685547,139050,0.0,0.0
1987-12-30,0.0,2.4106051921844482,2.375499422970474,2.4106051921844482,119700,0.0,0.0
1987-12-31,0.0,2.4457117151761696,2.3872018905203665,2.4340097904205322,53100,0.0,0.0
1988-01-04,0.0,2.504220925188384,2.4574130330221657,2.4808170795440674,46800,0.0,0.0
1988-01-05,2.480816522575439,2.5042203629653548,2.4574124813079834,2.4574124813079834,47250,0.0,0.0
1988-01-06,2.4808165470371115,2.5159223079681396,2.4808165470371115,2.5159223079681396,108000,0.0,0.0
1988-01-07,2.5744324167159074,2.703154148034355,2.5744324167159074,2.6914520263671875,146250,0.0,0.0
1988-01-08,2.714855515061694,2.726557434330263,2.6095378398895264,2.6095378398895264,76050,0.0,0.0
1988-01-11,2.59783673286438,2.621240376031726,2.5276247989744856,2.59783673286438,79650,0.0,0.0
1988-01-12,2.586135459762477,2.586135459762477,2.539327756291739,2.551029682159424,117900,0.0,0.0
1988-01-13,2.53932785987854,2.53932785987854,2.5276257326558538,2.53932785987854,79200,0.0,0.0
1988-01-14,2.53932802227808,2.5744338035583496,2.53932802227808,2.5744338035583496,40050,0.0,0.0
1988-01-15,2.59783673286438,2.6680482649991317,2.59783673286438,2.59783673286438,70650,0.0,0.0
1988-01-18,2.621240439076641,2.621240439076641,2.586134672164917,2.586134672164917,17550,0.0,0.0
1988-01-19,2.586135730651773,2.586135730651773,2.5744338035583496,2.5744338035583496,11250,0.0,0.0
1988-01-20,2.551028470654251,2.551028470654251,2.5159223079681396,2.5159223079681396,51300,0.0,0.0
1988-01-21,2.539326982949284,2.5978367953464008,2.539326982949284,2.586134672164917,92250,0.0,0.0
1988-01-22,2.5744338035583496,2.5978378586228543,2.5510299493715034,2.5744338035583496,185850,0.0,0.0
1988-01-25,2.562731675587268,2.5744338035583496,2.5510299493715034,2.5744338035583496,49050,0.0,0.0
1988-01-26,2.571601774891544,2.58339786529541,2.559805481990117,2.58339786529541,16650,0.048889,0.0
1988-01-27,2.571601542179496,2.6069904176813297,2.524415969848633,2.524415969848633,49500,0.0,0.0
1988-01-28,2.5362131119026277,2.5598061084747314,2.5362131119026277,2.5598061084747314,9000,0.0,0.0
1988-01-29,2.5480093147553733,2.5833981980174734,2.5480093147553733,2.5716021060943604,109350,0.0,0.0
1988-02-01,2.595194520580804,2.618787310334738,2.595194520580804,2.6069908142089844,36450,0.0,0.0
1988-02-02,2.60699055529302,2.618787050247193,2.60699055529302,2.6187870502471924,7200,0.0,0.0
1988-02-03,2.6305834014653455,2.6305834014653455,2.6069908142089844,2.6069908142089844,13500,0.0,0.0
1988-02-04,2.618787310334738,2.618787310334738,2.595194520580804,2.6069908142089844,61650,0.0,0.0
1988-02-05,2.6069909893564605,2.6187874862747473,2.5716021060943604,2.5716021060943604,136350,0.0,0.0
1988-02-08,2.5480093147553733,2.5716021060943604,2.5480093147553733,2.5716021060943604,37350,0.0,0.0
1988-02-09,2.5480093955993652,2.5480093955993652,2.524416603511819,2.5480093955993652,37800,0.0,0.0
1988-02-10,2.5480089865911295,2.58339786529541,2.5480089865911295,2.58339786529541,49500,0.0,0.0
1988-02-11,2.5833980817832463,2.5951945781707764,2.55980569650092,2.5951945781707764,14400,0.0,0.0
1988-02-12,2.6187875693644096,2.6187875693644096,2.5480093955993652,2.5480093955993652,76500,0.0,0.0
1988-02-16,2.55980581167366,2.5716021060943604,2.5480093147553733,2.5716021060943604,25650,0.0,0.0
1988-02-17,2.571601933324443,2.618787310334738,2.548009143570509,2.6069908142089844,104400,0.0,0.0
1988-02-18,2.618787310334738,2.6305834014653455,2.6069908142089844,2.6069908142089844,29250,0.0,0.0
1988-02-19,2.6187873684482583,2.6187873684482583,2.5833980817832463,2.5951945781707764,87750,0.0,0.0
1988-02-22,2.5833977678822277,2.618787050247193,2.5833977678822277,2.6187870502471924,22950,0.0,0.0
1988-02-23,2.618787050247193,2.618787050247193,2.60699055529302,2.6187870502471924,120150,0.0,0.0
1988-02-24,2.630583140206259,2.630583140206259,2.60699055529302,2.6187870502471924,14400,0.0,0.0
1988-02-25,2.60699055529302,2.618787050247193,2.5951942628364004,2.6187870502471924,13500,0.0,0.0
1988-02-26,2.6069908142089844,2.618787310334738,2.6069908142089844,2.6069908142089844,198450,0.0,0.0
1988-02-29,2.6305828983730635,2.677768468856812,2.6305828983730635,2.6777684688568115,160650,0.0,0.0
1988-03-01,2.6659730094473244,2.71315818966095,2.6659730094473244,2.701361894607544,187650,0.0,0.0
1988-03-02,2.701361896924853,2.760343574740079,2.701361896924853,2.748547077178955,77400,0.0,0.0
1988-03-03,2.760343064905454,2.831121227209096,2.760343064905454,2.8193247318267822,127350,0.0,0.0
1988-03-04,2.819324569824602,2.819324569824602,2.795731782913208,2.795731782913208,18450,0.0,0.0
1988-03-07,2.807527780532837,2.819324070651176,2.7957312879169853,2.807527780532837,64800,0.0,0.0
1988-03-08,2.8193247318267822,2.831121227209096,2.8075284389420285,2.8193247318267822,76950,0.0,0.0
1988-03-09,2.8193256606890666,2.8311221599578857,2.807529363917875,2.8311221599578857,156600,0.0,0.0
1988-03-10,2.8193247318267822,2.831121227209096,2.8075284389420285,2.8193247318267822,25650,0.0,0.0
1988-03-11,2.8075284389420285,2.8193247318267822,2.7721395602877683,2.8193247318267822,265950,0.0,0.0
1988-03-14,2.807529332244114,2.807529332244114,2.7721404423297864,2.7839367389678955,27450,0.0,0.0
1988-03-15,2.795733152012232,2.878307845391006,2.78393705652619,2.866511344909668,101700,0.0,0.0
1988-03-16,2.878307845391006,2.9019002388607382,2.84291854644464,2.866511344909668,81450,0.0,0.0
1988-03-17,2.878307922631375,2.960882010733109,2.878307922631375,2.9490857124328613,217350,0.0,0.0
1988-03-18,2.960880497646794,2.9962697794580078,2.960880497646794,2.972676992416382,224550,0.0,0.0
1988-03-21,2.960880756378174,2.960880756378174,2.9372883722700682,2.960880756378174,29250,0.0,0.0
1988-03-22,2.9490840859365504,3.114232778549194,2.9490840859365504,3.1142327785491943,94950,0.0,0.0
1988-03-23,3.1378262210798846,3.1614188096041134,3.0670480505120303,3.0788445472717285,115200,0.0,0.0
1988-03-24,3.067047533090236,3.067047533090236,2.972676992416382,2.972676992416382,99000,0.0,0.0
1988-03-25,2.972678099178776,3.031659784996079,2.972678099178776,2.9962708950042725,158400,0.0,0.0
1988-03-28,2.9962700412818184,2.9962700412818184,2.960880756378174,2.960880756378174,63450,0.0,0.0
1988-03-29,2.9726788521879794,2.9726788521879794,2.925493451082079,2.9372899532318115,48600,0.0,0.0
1988-03-30,2.9372895112492636,2.9490856066286497,2.878307819366455,2.878307819366455,112050,0.0,0.0
1988-03-31,2.8547129410061927,2.8547129410061927,2.807527780532837,2.807527780532837,41850,0.0,0.0
1988-04-04,2.8193245634012656,2.8547134399414062,2.8193245634012656,2.8547134399414062,80550,0.0,0.0
1988-04-05,2.8311224253606793,2.878307819366455,2.8311224253606793,2.878307819366455,84150,0.0,0.0
1988-04-06,2.8783082524738557,2.937289953231812,2.8783082524738557,2.9372899532318115,91800,0.0,0.0
1988-04-07,2.9254915714263916,2.937288065996766,2.9136952793535635,2.9254915714263916,18900,0.0,0.0
1988-04-08,2.925493451082079,2.937289953231812,2.901900649280291,2.9372899532318115,60750,0.0,0.0
1988-04-11,2.9136952793535635,2.9254915714263916,2.901898784783189,2.9254915714263916,20700,0.0,0.0
1988-04-12,2.901899078044254,2.9254918670717043,2.901899078044254,2.9136955738067627,11250,0.0,0.0
1988-04-13,2.9136953285586418,2.972676992416382,2.9136953285586418,2.972676992416382,226350,0.0,0.0
1988-04-14,2.9490844536015874,2.9490844536015874,2.8901029872768795,2.9136955738067627,165600,0.0,0.0
1988-04-15,2.901898811159142,2.901898811159142,2.8547134399414062,2.8547134399414062,29250,0.0,0.0
1988-04-18,2.8429171542384473,2.8429171542384473,2.795731782913208,2.795731782913208,28800,0.0,0.0
1988-04-19,2.795731782913208,2.831121064529073,2.795731782913208,2.795731782913208,32850,0.0,0.0
1988-04-20,2.782889026316652,2.782889026316652,2.759103536605835,2.759103536605835,30150,0.053333,0.0
1988-04-21,2.759103536605835,2.7709961793854823,2.7472110979777096,2.759103536605835,20700,0.0,0.0
1988-04-22,2.747210154623655,2.747210154623655,2.711531830233113,2.7234246730804443,61650,0.0,0.0
1988-04-25,2.6996399585156827,2.8185665744200166,2.6996399585156827,2.782888650894165,164700,0.0,0.0
1988-04-26,2.7947814962209434,2.7947814962209434,2.782888650894165,2.782888650894165,10800,0.0,0.0
1988-04-27,2.782888650894165,2.782888650894165,2.7709958055673862,2.782888650894165,30600,0.0,0.0
1988-04-28,2.7709963084801372,2.85424542427063,2.7709963084801372,2.85424542427063,42750,0.0,0.0
1988-04-29,2.8780292484694323,2.949385485576689,2.8780292484694323,2.937492847442627,350550,0.0,0.0
1988-05-02,2.937492847442627,2.937492847442627,2.9137075711745033,2.937492847442627,48600,0.0,0.0
1988-05-03,2.913708228143253,3.0683131711999554,2.913708228143253,3.05642032623291,135450,0.0,0.0
1988-05-04,3.056419931531346,3.0683127749625667,3.044527292251587,3.044527292251587,34200,0.0,0.0
1988-05-05,3.044527292251587,3.0683127749625667,3.044527292251587,3.044527292251587,111150,0.0,0.0
1988-05-06,3.068311214447022,3.0920962767582076,3.068311214447022,3.0683112144470215,276750,0.0,0.0
1988-05-09,3.05642032623291,3.09209824867958,3.0445276854173535,3.05642032623291,101700,0.0,0.0
1988-05-10,3.056418377064391,3.0802036435269358,3.056418377064391,3.0683112144470215,39600,0.0,0.0
1988-05-11,3.0683127749625667,3.0683127749625667,3.044527292251587,3.044527292251587,101250,0.0,0.0
1988-05-12,3.032635927200318,3.032635927200318,3.020743486274574,3.0326359272003174,28800,0.0,0.0
1988-05-13,3.0564198424474363,3.092097759246826,3.0564198424474363,3.092097759246826,31050,0.0,0.0
1988-05-16,3.1158829181336882,3.163453465816128,3.1158829181336882,3.1396679878234863,104400,0.0,0.0
1988-05-17,3.1396685191308027,3.1634540011485193,3.092097759246826,3.092097759246826,83250,0.0,0.0
1988-05-18,3.080204333051675,3.080204333051675,2.985062837600708,2.985062837600708,188100,0.0,0.0
1988-05-19,2.9612789646855915,2.9612789646855915,2.9256006343078913,2.9493861198425293,52650,0.0,0.0
1988-05-20,2.96127752745856,2.96127752745856,2.866135835647583,2.866135835647583,55800,0.0,0.0
1988-05-23,2.8780305806913544,2.889923428481982,2.794782075217721,2.8066747188568115,96300,0.0,0.0
1988-05-24,2.8066747188568115,2.818567158344365,2.794782075217721,2.8066747188568115,117000,0.0,0.0
1988-05-25,2.8066746467842996,2.85424542427063,2.8066746467842996,2.85424542427063,46350,0.0,0.0
1988-05-26,2.8542434048793686,2.866135835647583,2.8542434048793686,2.866135835647583,30600,0.0,0.0
1988-05-27,2.8661367137412506,2.8661367137412506,2.8423514366149902,2.8423514366149902,94500,0.0,0.0
1988-05-31,2.8423525767853985,2.866137863452798,2.8423525767853985,2.85424542427063,14850,0.0,0.0
1988-06-01,2.842353025955045,2.8899238109588623,2.842353025955045,2.8899238109588623,93150,0.0,0.0
1988-06-02,2.878030961594235,2.90181666032349,2.878030961594235,2.8899238109588623,6300,0.0,0.0
1988-06-03,2.8899219013968636,2.9374926549675466,2.8899219013968636,2.9255998134613037,21150,0.0,0.0
1988-06-06,2.9493849299201482,2.985062837600708,2.9493849299201482,2.985062837600708,15750,0.0,0.0
1988-06-07,2.9731705670319872,2.9850632043868006,2.925599813461304,2.9255998134613037,36000,0.0,0.0
1988-06-08,2.949385485576689,2.9612783278621935,2.937492847442627,2.937492847442627,58050,0.0,0.0
1988-06-09,2.9493844428500062,2.9493844428500062,2.9018139071318667,2.9137065410614014,15300,0.0,0.0
1988-06-10,2.9018139071318667,2.925598970839566,2.9018139071318667,2.9137065410614014,52650,0.0,0.0
1988-06-13,2.9137073802579194,2.925599813461304,2.901814742903106,2.9255998134613037,36000,0.0,0.0
1988-06-14,2.925599813461304,2.9374926549675466,2.925599813461304,2.9255998134613037,9900,0.0,0.0
1988-06-15,2.9018149330404412,2.937492847442627,2.9018149330404412,2.937492847442627,44100,0.0,0.0
1988-06-16,2.9137075711745033,2.9612783278621935,2.9137075711745033,2.937492847442627,63000,0.0,0.0
1988-06-17,2.9612777699650725,2.985062837600708,2.9612777699650725,2.985062837600708,52200,0.0,0.0
1988-06-20,2.985065674576065,2.985065674576065,2.961280584335327,2.961280584335327,51750,0.0,0.0
1988-06-21,2.9731699210516838,2.996955394744873,2.961277490432167,2.996955394744873,116550,0.0,0.0
1988-06-22,3.0088485176905557,3.0088485176905557,2.985062837600708,2.985062837600708,9000,0.0,0.0
1988-06-23,2.996958525923831,2.996958525923831,2.961280584335327,2.961280584335327,40050,0.0,0.0
1988-06-24,2.94938529232236,2.961278133828603,2.925599813461304,2.9255998134613037,110700,0.0,0.0
1988-06-27,2.9137093055365533,2.9256017465980526,2.8899238109588623,2.8899238109588623,62100,0.0,0.0
1988-06-28,2.8780282309700564,2.9137065410614014,2.8780282309700564,2.9137065410614014,20700,0.0,0.0
1988-06-29,2.9256000051571225,2.937492847442627,2.9137075711745033,2.937492847442627,25200,0.0,0.0
1988-06-30,2.9137093055365533,2.9137093055365533,2.866138316381172,2.8899238109588623,42300,0.0,0.0
1988-07-01,2.9137065410614014,2.937491808920471,2.9018139071318667,2.9137065410614014,101250,0.0,0.0
1988-07-05,2.925598970839566,2.925598970839566,2.8899210690509616,2.9137065410614014,146250,0.0,0.0
1988-07-06,2.913707187637571,2.913707187637571,2.8780288696289062,2.8780288696289062,29700,0.0,0.0
1988-07-07,2.8780288696289062,2.8780288696289062,2.866136233060295,2.8780288696289062,58950,0.0,0.0
1988-07-08,2.9018145510689597,2.9018145510689597,2.8780288696289062,2.8780288696289062,29250,0.0,0.0
1988-07-11,2.877071692299518,2.9010469913482666,2.853095981682382,2.9010469913482666,52650,0.053333,0.0
1988-07-12,2.9010462455495243,2.9130342006683345,2.9010462455495243,2.913034200668335,11700,0.0,0.0
1988-07-13,2.937009923316532,2.9609854221343994,2.9250221739075983,2.9609854221343994,336150,0.0,0.0
1988-07-14,2.9489943971669685,3.044896909960536,2.9489943971669685,3.020921230316162,94500,0.0,0.0
1988-07-15,3.020924061963919,3.032912015914917,2.984960817463286,3.032912015914917,92700,0.0,0.0
1988-07-18,3.0448998455259737,3.080863090988542,3.0448998455259737,3.05688738822937,267750,0.0,0.0
1988-07-19,3.044898869838364,3.0688743591308594,3.044898869838364,3.0688743591308594,55350,0.0,0.0
1988-07-20,3.0688752508329564,3.0928509528759682,3.0688752508329564,3.0808629989624023,73350,0.0,0.0
1988-07-21,3.0808629989624023,3.0928509528759682,3.0808629989624023,3.0808629989624023,79200,0.0,0.0
1988-07-22,3.1048384952212937,3.1048384952212937,3.0688752508329564,3.0808629989624023,14850,0.0,0.0
1988-07-25,3.0808629989624023,3.0808629989624023,3.0808629989624023,3.0808629989624023,0,0.0,0.0
1988-07-26,3.104838991391168,3.1288146972656254,3.0928514471301685,3.128814697265625,18000,0.0,0.0
1988-07-27,3.1288148394532134,3.188753798187027,3.1288148394532134,3.1527905464172363,481050,0.0,0.0
1988-07-28,3.164775848388672,3.1887515383614438,3.164775848388672,3.164775848388672,61650,0.0,0.0
1988-07-29,3.1767660475970967,3.1767660475970967,3.1527905464172363,3.1527905464172363,22500,0.0,0.0
1988-08-01,3.164775848388672,3.164775848388672,3.1527883120783105,3.164775848388672,55800,0.0,0.0
1988-08-02,3.1527905464172363,3.1767660475970967,3.1527905464172363,3.1527905464172363,208350,0.0,0.0
1988-08-03,3.1527894720475924,3.1887527115622634,3.1527894720475924,3.176764965057373,76050,0.0,0.0
1988-08-04,3.164778091223004,3.1767660475970967,3.1527905464172363,3.1527905464172363,13950,0.0,0.0
1988-08-05,3.1527894144530144,3.1527894144530144,3.140801668167114,3.1408016681671143,63000,0.0,0.0
1988-08-08,3.140801668167114,3.140801668167114,3.140801668167114,3.1408016681671143,9450,0.0,0.0
1988-08-09,3.140800569983933,3.164775848388672,3.1288126221055386,3.164775848388672,256050,0.0,0.0
1988-08-10,3.152791298217803,3.248693737374038,3.1408035447693265,3.1887545585632324,156150,0.0,0.0
1988-08-11,3.212730065460186,3.212730065460186,3.164778845882068,3.1887545585632324,216450,0.0,0.0
1988-08-12,3.1647774490057907,3.26068005161654,3.140802158475314,3.2367043495178223,78750,0.0,0.0
1988-08-15,3.236704201367514,3.236704201367514,3.1887530051490196,3.212728500366211,111150,0.0,0.0
1988-08-16,3.188754499807352,3.4285103874959946,3.188754499807352,3.3445959091186523,626850,0.0,0.0
1988-08-17,3.3565812760695484,3.416520201704927,3.3565812760695484,3.3925445079803467,258300,0.0,0.0
1988-08-18,3.3805591688014243,3.3925471278132227,3.3445959091186523,3.3445959091186523,90450,0.0,0.0
1988-08-19,3.3326056003570557,3.3565815014757505,3.308630316590548,3.3326056003570557,75600,0.0,0.0
1988-08-22,3.332605511167466,3.332605511167466,3.296642277804085,3.3086302280426025,246600,0.0,0.0
1988-08-23,3.344592869736343,3.464470704642272,3.344592869736343,3.440495014190674,1160550,0.0,0.0
1988-08-24,3.4524838989839055,3.5244107840687877,3.4404959476137074,3.512423038482666,558000,0.0,0.0
1988-08-25,3.488447142724447,3.6323009131821364,3.476459808682485,3.6203131675720215,1107450,0.0,0.0
1988-08-26,3.644288247224098,3.668264150012482,3.5963372647836374,3.6203131675720215,171450,0.0,0.0
1988-08-29,3.6083250038841057,3.6083250038841057,3.488447136431067,3.5603740215301514,278550,0.0,0.0
1988-08-30,3.5363971015377476,3.5483852552459876,3.5244097709655766,3.524409770965576,75600,0.0,0.0
1988-08-31,3.512423213316056,3.536398294113523,3.452484070833781,3.4644718170166016,88650,0.0,0.0
1988-09-01,3.416521672881094,3.4285092162292243,3.356582721435618,3.3805580139160156,264150,0.0,0.0
1988-09-02,3.404531999081484,3.476459074912895,3.404531999081484,3.4524831771850586,192150,0.0,0.0
1988-09-06,3.476459074912895,3.476459074912895,3.404531999081484,3.4524831771850586,134550,0.0,0.0
1988-09-07,3.428507271856885,3.452482962308483,3.4165197353071166,3.440495014190674,47250,0.0,0.0
1988-09-08,3.4165199479454027,3.5004341495045987,3.4165199479454027,3.4524831771850586,264600,0.0,0.0
1988-09-09,3.4764588585441016,3.4764588585441016,3.4045317871893075,3.440495014190674,48150,0.0,0.0
1988-09-12,3.416521672881094,3.416521672881094,3.380558013916016,3.3805580139160156,39150,0.0,0.0
1988-09-13,3.404532880318414,3.4764599747675953,3.3925451341355934,3.4644718170166016,420300,0.0,0.0
1988-09-14,3.488448143005371,3.51242405266863,3.4644726449103835,3.488448143005371,224550,0.0,0.0
1988-09-15,3.4884464064247136,3.4884464064247136,3.452483177185058,3.4524831771850586,65250,0.0,0.0
1988-09-16,3.476459074912895,3.476459074912895,3.4404952283211396,3.4524831771850586,81450,0.0,0.0
1988-09-19,3.4285092162292243,3.4285092162292243,3.356582721435618,3.3805580139160156,88200,0.0,0.0
1988-09-20,3.380556558226032,3.4045322519506125,3.380556558226032,3.3925445079803467,57150,0.0,0.0
1988-09-21,3.40453314781189,3.4165211007206877,3.40453314781189,3.4045331478118896,65700,0.0,0.0
1988-09-22,3.3925445079803467,3.4285077398911445,3.3925445079803467,3.3925445079803467,141750,0.0,0.0
1988-09-23,3.404533717964689,3.404533717964689,3.380558013916016,3.3805580139160156,37350,0.0,0.0
1988-09-26,3.404533717964689,3.404533717964689,3.380558013916016,3.3805580139160156,49050,0.0,0.0
1988-09-27,3.392545968832421,3.392545968832421,3.380558013916016,3.3805580139160156,36450,0.0,0.0
1988-09-28,3.392545968832421,3.392545968832421,3.356582721435618,3.3805580139160156,17100,0.0,0.0
1988-09-29,3.3805560967377093,3.440495014190674,3.3565808178541525,3.440495014190674,122850,0.0,0.0
1988-09-30,3.4404952283211396,3.4884464064247136,3.4404952283211396,3.4524831771850586,214650,0.0,0.0
1988-10-03,3.4764604616836787,3.4884477979772823,3.3925456092984896,3.4165213108062744,70650,0.0,0.0
1988-10-04,3.4404969410312605,3.500435892052865,3.4404969410312605,3.488448143005371,171450,0.0,0.0
1988-10-05,3.48844713574227,3.512423038482666,3.464471644570027,3.512423038482666,35100,0.0,0.0
1988-10-06,3.512422028825371,3.5244097709655766,3.488446132976925,3.524409770965576,34200,0.0,0.0
1988-10-07,3.512422028825371,3.5363971015377476,3.500433875117131,3.524409770965576,68850,0.0,0.0
1988-10-10,3.500433875117131,3.5244097709655766,3.4764588024047542,3.524409770965576,110250,0.0,0.0
1988-10-11,3.5244129758653737,3.5423943996429443,3.5244129758653737,3.5423943996429443,45000,0.0,1.5
1988-10-12,3.5603750488586052,3.5603750488586052,3.488448143005371,3.488448143005371,30300,0.0,0.0
1988-10-13,3.4783038409809706,3.4964201450347896,3.4783038409809706,3.49642014503479,117900,0.06,0.0
1988-10-14,3.5326532082344255,3.5326532082344255,3.460188388824463,3.460188388824463,124800,0.0,0.0
1988-10-17,3.460188388824463,3.4783046973385114,3.442072494956646,3.460188388824463,172800,0.0,0.0
1988-10-18,3.4964196070792117,3.6594650745391846,3.4964196070792117,3.6594650745391846,428700,0.0,0.0
1988-10-19,3.6594650745391846,3.7138135636925087,3.641348773272721,3.6594650745391846,214500,0.0,0.0
1988-10-20,3.6594650745391846,3.677580961159582,3.641348773272721,3.6594650745391846,102000,0.0,0.0
1988-10-21,3.695697852851524,3.695697852851524,3.6232330508547443,3.677581548690796,82800,0.0,0.0
1988-10-24,3.6775791705937633,3.750043925731397,3.659463292793753,3.7319276332855225,216900,0.0,0.0
1988-10-25,3.731930046526848,3.750046350687576,3.6594656591762003,3.677581548690796,91800,0.0,0.0
1988-10-26,3.6775808521975892,3.6775808521975892,3.605116478570894,3.623232364654541,90000,0.0,0.0
1988-10-27,3.6232330294731345,3.6232330294731345,3.4783038409809706,3.49642014503479,288600,0.0,0.0
1988-10-28,3.514536380767822,3.532652686606837,3.514536380767822,3.5145363807678223,69300,0.0,0.0
1988-10-31,3.4964204895749775,3.550768992445852,3.4964204895749775,3.5145363807678223,81900,0.0,0.0
1988-11-01,3.5326523491830533,3.5870008468627925,3.51453604507443,3.587000846862793,73500,0.0,0.0
1988-11-02,3.659464411013607,3.7681613696115757,3.659464411013607,3.6956965923309326,308700,0.0,0.0
1988-11-03,3.6956959344123197,3.8587413432834516,3.6956959344123197,3.7862765789031982,332400,0.0,0.0
1988-11-04,3.7681610753405423,4.148600400723377,3.7681610753405423,4.130484104156494,606600,0.0,0.0
1988-11-07,4.11236888358074,4.11236888358074,3.949323415756225,3.9493234157562256,392100,0.0,0.0
1988-11-08,3.985556125640869,4.09425310711611,3.967439823846303,3.985556125640869,397500,0.0,0.0
1988-11-09,3.9855545154532592,3.9855545154532592,3.9130897521972656,3.967438220977783,141000,0.0,0.0
1988-11-10,3.9312069416046143,3.9312069416046143,3.8587421618521494,3.9312069416046143,163500,0.0,0.0
1988-11-11,3.894973939036275,3.949322414532809,3.8587417602539062,3.8587417602539062,275100,0.0,0.0
1988-11-14,3.8406256580797726,3.8406256580797726,3.7319287015808547,3.7681612968444824,220800,0.0,0.0
1988-11-15,3.7681602181772718,3.8043923884231563,3.713811755485512,3.7319276332855225,102300,0.0,0.0
1988-11-16,3.6956982974345034,3.7138146037745763,3.51453647797232,3.550769090652466,180900,0.0,0.0
1988-11-17,3.568884571949792,3.5870008762066177,3.4783038799579327,3.5326523780822754,162600,0.0,0.0
1988-11-18,3.532652784312393,3.550769090652466,3.496420586278429,3.550769090652466,144900,0.0,0.0
1988-11-21,3.550769090652466,3.6232334867203937,3.550769090652466,3.550769090652466,224400,0.0,0.0
1988-11-22,3.5870003078294834,3.7681620777533995,3.5870003078294834,3.7500457763671875,454200,0.0,0.0
1988-11-23,3.7319276332855225,3.750043925731397,3.695695463039638,3.7319276332855225,251100,0.0,0.0
1988-11-25,3.7500444040360303,3.804392873659741,3.7138122291688624,3.7862765789031982,190500,0.0,0.0
1988-11-28,3.822508930283087,3.8949732755030673,3.7862763430272057,3.8406248092651367,297900,0.0,0.0
1988-11-29,3.8768573965210176,3.8768573965210176,3.8043926366551464,3.8406248092651367,147300,0.0,0.0
1988-11-30,3.8587423515744383,4.094252586364746,3.7862775682591074,4.094252586364746,1229400,0.0,0.0
1988-12-01,4.094253677207223,4.1486021755124245,4.058021068572998,4.058021068572998,878700,0.0,0.0
1988-12-02,4.637737065594592,4.80078250444777,4.637737065594592,4.782666206359863,1998600,0.0,0.0
1988-12-05,4.800781724825858,4.927594546909481,4.800781724825858,4.855130195617676,767700,0.0,0.0
1988-12-06,4.873246867507409,4.8913631655953145,4.782666206359863,4.782666206359863,856800,0.0,0.0
1988-12-07,4.782666206359863,4.80078250444777,4.746434024830044,4.782666206359863,846000,0.0,0.0
1988-12-08,4.800782951181584,4.891363620758057,4.782666651407878,4.891363620758057,911400,0.0,0.0
1988-12-09,4.855131435856674,4.891363620758057,4.800782951181584,4.891363620758057,448500,0.0,0.0
1988-12-12,4.909479920531764,4.927595805659439,4.81889883630926,4.891363620758057,636300,0.0,0.0
1988-12-13,4.927598373664184,5.000063195877829,4.855133966096787,4.909482479095459,170400,0.0,0.0
1988-12-14,4.855131248382312,4.945711914461134,4.837014949308141,4.927595615386963,169800,0.0,0.0
1988-12-15,4.927597690185044,4.96383030358937,4.909481798129071,4.945713996887207,148200,0.0,0.0
1988-12-16,5.072526087728156,5.163106770039807,5.072526087728156,5.090641975402832,929400,0.0,0.0
1988-12-19,5.144990120531323,5.21745491027832,5.1268742340791205,5.21745491027832,768900,0.0,0.0
1988-12-20,5.1812222641554975,5.1812222641554975,5.108757480822112,5.1631059646606445,266700,0.0,0.0
1988-12-21,5.144989665165792,5.1812222641554975,5.108757480822112,5.1631059646606445,339600,0.0,0.0
1988-12-22,5.144991259108987,5.1812238693237305,5.144991259108987,5.1812238693237305,208500,0.0,0.0
1988-12-23,5.1631059646606445,5.1631059646606445,5.126873780316965,5.1631059646606445,146700,0.0,0.0
1988-12-27,5.126873016357422,5.144988898506787,5.090640422766765,5.126873016357422,616500,0.0,0.0
1988-12-28,5.126874951176003,5.126874951176003,5.054410151293341,5.072526454925537,546600,0.0,0.0
1988-12-29,5.054407416265677,5.09063958927809,5.018175243253265,5.036291122436523,559500,0.0,0.0
1988-12-30,5.036291122436523,5.072523710094831,5.036291122436523,5.036291122436523,241800,0.0,0.0
1989-01-03,5.05440978540739,5.108758277723599,5.036293483086624,5.090641975402832,238800,0.0,0.0
1989-01-04,5.072526867971807,5.199339759784949,5.072526867971807,5.1812238693237305,398400,0.0,0.0
1989-01-05,5.1812238693237305,5.199339759784949,5.1812238693237305,5.1812238693237305,242400,0.0,0.0
1989-01-06,5.181222422097505,5.253686792993837,5.181222422097505,5.235570907592773,412800,0.0,0.0
1989-01-09,5.217453298041332,5.271801769895929,5.217453298041332,5.253685474395752,155700,0.0,0.0
1989-01-10,5.253685652433259,5.308034126129624,5.235569770965103,5.271801948547363,78300,0.0,0.0
1989-01-11,5.253687831127479,5.30803632736206,5.253687831127479,5.3080363273620605,127200,0.0,0.0
1989-01-12,5.289919376373291,5.308035261717113,5.271803076383432,5.289919376373291,470400,0.0,0.0
1989-01-13,5.253686776393573,5.308035261717113,5.253686776393573,5.289919376373291,168600,0.0,0.0
1989-01-16,5.271801948547363,5.289918244661468,5.253685652433259,5.271801948547363,209400,0.0,0.0
1989-01-17,5.271803093040939,5.289919393088041,5.235570907592773,5.235570907592773,245700,0.0,0.0
1989-01-18,5.235570907592773,5.289919393088041,5.235570907592773,5.235570907592773,190200,0.0,0.0
1989-01-19,5.235570907592773,5.253686792993837,5.235570907592773,5.235570907592773,153000,0.0,0.0
1989-01-20,5.235570907592773,5.253686792993837,5.217454607545672,5.235570907592773,195600,0.0,0.0
1989-01-23,5.235571211376585,5.253687097828788,5.181222722727853,5.21745491027832,190800,0.0,0.0
1989-01-24,5.144989665165792,5.1631059646606445,5.126873780316965,5.1631059646606445,409800,0.0,0.0
1989-01-25,5.126873016357422,5.144988898506787,5.090640422766765,5.126873016357422,415500,0.0,0.0
1989-01-26,5.108756719562094,5.126873016357422,5.036291947026743,5.126873016357422,474900,0.0,0.0
1989-01-27,5.126873016357422,5.144988898506787,5.090640422766765,5.126873016357422,162000,0.0,0.0
1989-01-30,5.1268745800443645,5.144990467719041,5.090641975402833,5.090641975402832,106500,0.0,0.0
1989-01-31,5.108757019042968,5.126873316900294,5.054408540116979,5.108757019042969,335400,0.0,0.0
1989-02-01,5.126872649832315,5.253685474395752,5.126872649832315,5.253685474395752,233100,0.0,0.0
1989-02-02,5.253687228886089,5.344268321990967,5.1812228519774735,5.344268321990967,237000,0.0,0.0
1989-02-03,5.315868924028995,5.315868924028995,5.206638743512509,5.261253833770752,195900,0.06,0.0
1989-02-06,5.261253293040421,5.315868377685547,5.224842958823652,5.315868377685547,131700,0.0,0.0
1989-02-07,5.3158670442395595,5.3158670442395595,5.1702265772653755,5.188431739807129,656700,0.0,0.0
1989-02-08,5.170227588252678,5.188432754354274,5.07920259110471,5.133817672729492,603300,0.0,0.0
1989-02-09,5.133820324153691,5.133820324153691,4.969974994659424,4.969974994659424,1739400,0.0,0.0
1989-02-10,4.969970234085133,5.024585291602552,4.951765076019386,4.988175392150879,180900,0.0,0.0
1989-02-13,4.9881781906006175,5.006382942199707,4.951767854042329,5.006382942199707,226800,0.0,0.0
1989-02-14,4.988178322018132,5.00638307409684,4.933563232421875,4.933563232421875,121200,0.0,0.0
1989-02-15,4.8971505224339325,4.951765585571411,4.860740619235568,4.915355682373047,166800,0.0,0.0
1989-02-16,4.8971505224339325,4.915355682373046,4.842535459296454,4.915355682373047,307800,0.0,0.0
1989-02-17,4.915355682373046,4.915355682373046,4.8971505224339325,4.915355682373047,78900,0.0,0.0
1989-02-21,4.915357934164094,5.060998030357086,4.915357934164094,5.006382942199707,213000,0.0,0.0
1989-02-22,5.006382942199707,5.0245881104788515,4.969973022321473,5.006382942199707,159600,0.0,0.0
1989-02-23,4.969973022321473,5.042793278757996,4.969973022321473,5.006382942199707,94200,0.0,0.0
1989-02-24,4.969970234085133,5.024585291602552,4.969970234085133,4.988175392150879,111000,0.0,0.0
1989-02-27,4.98817888497752,5.006383639110793,4.860743522644043,4.860743522644043,361500,0.0,0.0
1989-02-28,4.8425379504248065,4.860743119729136,4.7333077679589834,4.7879228591918945,359100,0.0,0.0
1989-03-01,4.769719522826728,4.860744563016024,4.733309173406847,4.806129455566406,299700,0.0,0.0
1989-03-02,4.787919457964415,4.9153547192075004,4.7697147182723905,4.897149562835693,248700,0.0,0.0
1989-03-03,4.878948693457429,4.878948693457429,4.824333597697383,4.860743522644043,55800,0.0,0.0
1989-03-06,4.8425374031066895,4.878947737600144,4.806127485293266,4.8425374031066895,131700,0.0,0.0
1989-03-07,4.8243314982579735,5.133816767323906,4.806126335367061,5.0609965324401855,1547400,0.0,0.0
1989-03-08,5.060996111273163,5.060996111273163,5.024586205201236,5.042791366577148,112500,0.0,0.0
1989-03-09,5.060998030357086,5.060998030357086,4.969973022321473,5.006382942199707,355500,0.0,0.0
1989-03-10,4.988175392150879,5.006380133536805,4.988175392150879,4.988175392150879,32700,0.0,0.0
1989-03-13,4.988180170163305,5.006384928986965,4.951769819155543,4.969974994659424,166500,0.0,0.0
1989-03-14,4.897150570923638,4.933560891162387,4.878945827484131,4.878945827484131,201300,0.0,0.0
1989-03-15,4.897149562835693,4.951764615271332,4.860739666771861,4.897149562835693,184500,0.0,0.0
1989-03-16,4.9153547192075004,4.9153547192075004,4.8789448231436685,4.897149562835693,43800,0.0,0.0
1989-03-17,4.878947317602336,4.897152066601899,4.824332237243652,4.824332237243652,213600,0.0,0.0
1989-03-20,4.733304518691803,4.806124729240222,4.696894621757489,4.769714832305908,342000,0.0,0.0
1989-03-21,4.806124729240222,4.824329886047274,4.769714832305908,4.769714832305908,93300,0.0,0.0
1989-03-22,4.769716065672764,4.951766014099121,4.769716065672764,4.951766014099121,589200,0.0,0.0
1989-03-23,5.315869894108498,5.352279822031657,5.224844449280378,5.243049621582031,2391600,0.0,0.0
1989-03-27,5.2430486647913135,5.297663755049556,5.2430486647913135,5.261253833770752,240600,0.0,0.0
1989-03-28,5.261253833770752,5.279458586070119,5.261253833770752,5.261253833770752,141000,0.0,0.0
1989-03-29,5.261250444365024,5.297660342187824,5.243045287113723,5.279455184936523,307800,0.0,0.0
1989-03-30,5.297663755049556,5.315868924028995,5.261253833770752,5.261253833770752,377700,0.0,0.0
1989-03-31,5.279458586070119,5.279458586070119,5.261253833770752,5.261253833770752,694500,0.0,0.0
1989-04-03,5.261254793883685,5.279459549505191,5.224844449280378,5.243049621582031,277200,0.0,0.0
1989-04-04,5.2430472942686475,5.27945720602997,5.206637382507324,5.206637382507324,196200,0.0,0.0
1989-04-05,5.243049621582031,5.279459549505191,5.243049621582031,5.243049621582031,254100,0.0,0.0
1989-04-06,5.170227468015688,5.243047714048584,5.170227468015688,5.224842548370361,315600,0.0,0.0
1989-04-07,5.243049621582031,5.261254793883685,5.224844449280378,5.243049621582031,137400,0.0,0.0
1989-04-10,5.224842548370361,5.243047714048584,5.206637799372134,5.224842548370361,126300,0.0,0.0
1989-04-11,5.243046239479301,5.297661304473877,5.224841078921149,5.297661304473877,105900,0.0,0.0
1989-04-12,5.243045287113723,5.315865499439126,5.243045287113723,5.279455184936523,57000,0.0,0.0
1989-04-13,5.2750608745374175,5.2750608745374175,5.220112323760986,5.220112323760986,139500,0.073333,0.0
1989-04-14,5.238429069519042,5.275061299915945,5.220112744708488,5.238429069519043,116700,0.0,0.0
1989-04-17,5.275061299915945,5.275061299915945,5.238429069519042,5.238429069519043,139800,0.0,0.0
1989-04-18,5.2384294315876385,5.27506166451648,5.2384294315876385,5.256745338439941,59400,0.0,0.0
1989-04-19,5.2750608745374175,5.293377197870953,5.220112323760986,5.220112323760986,43800,0.0,0.0
1989-04-20,5.220113335397568,5.238429662280732,5.201797008514403,5.201797008514404,171300,0.0,0.0
1989-04-21,5.201797008514403,5.220113335397568,5.183481100855494,5.201797008514404,63900,0.0,0.0
1989-04-24,5.201797008514403,5.220113335397568,5.183481100855494,5.201797008514404,75600,0.0,0.0
1989-04-25,5.201797183282597,5.238429838279695,5.146848620011216,5.165164947509766,107700,0.0,0.0
1989-04-26,5.16516346368248,5.1834797859191895,5.146847141445769,5.1834797859191895,31500,0.0,0.0
1989-04-27,5.1651647739723305,5.220113335397568,5.1651647739723305,5.201797008514404,91200,0.0,0.0
1989-04-28,5.238428647094521,5.238428647094521,5.220112323760986,5.220112323760986,20100,0.0,0.0
1989-05-01,5.220112744708488,5.238429069519042,5.201796419897933,5.238429069519043,20700,0.0,0.0
1989-05-02,5.201796667100991,5.293377876281738,5.201796667100991,5.293377876281738,98100,0.0,0.0
1989-05-03,5.275063514709473,5.330012092987696,5.256747182208604,5.275063514709473,34200,0.0,0.0
1989-05-04,5.311695760486828,5.311695760486828,5.275063514709473,5.275063514709473,35400,0.0,0.0
1989-05-05,5.275059542821938,5.34832439843582,5.275059542821938,5.311691761016846,143100,0.0,0.0
1989-05-08,5.311692186597884,5.348324826951922,5.293376285644964,5.330008506774902,23100,0.0,0.0
1989-05-09,5.330008506774902,5.348324826951922,5.311692186597884,5.330008506774902,7800,0.0,0.0
1989-05-10,5.366640727904841,5.38495704808186,5.330008506774902,5.330008506774902,16800,0.0,0.0
1989-05-11,5.348326683044434,5.366642590353736,5.348326683044434,5.348326683044434,72600,0.0,0.0
1989-05-12,5.384961415238288,5.421593666076659,5.384961415238288,5.42159366607666,82800,0.0,0.0
1989-05-15,5.458222231682352,5.476538133716182,5.366641044616699,5.366641044616699,161400,0.0,0.0
1989-05-16,5.384959162438366,5.421591397951627,5.384959162438366,5.403275489807129,47700,0.0,0.0
1989-05-17,5.421592174493847,5.476540745246233,5.421592174493847,5.439908504486084,170700,0.0,0.0
1989-05-18,5.458224052689153,5.494856288202414,5.403275489807129,5.403275489807129,144300,0.0,0.0
1989-05-19,5.40327336825888,5.421589269211799,5.330008506774902,5.330008506774902,126600,0.0,0.0
1989-05-22,5.348325142582869,5.366641044616699,5.330008821324913,5.366641044616699,33600,0.0,0.0
1989-05-23,5.348326683044434,5.384958916887285,5.3300103565108845,5.348326683044434,154500,0.0,0.0
1989-05-24,5.348324143415084,5.403272677699404,5.348324143415084,5.384956359863281,115800,0.0,0.0
1989-05-25,5.201795909600193,5.238428555627629,5.0735829061766635,5.128531455993652,881700,0.0,0.0
1989-05-26,5.165164947509766,5.183481275008315,5.110216384238385,5.165164947509766,345900,0.0,0.0
1989-05-30,5.146847359783205,5.165163682796923,5.128531455993652,5.128531455993652,299700,0.0,0.0
1989-05-31,5.146847141445769,5.220112011168463,5.128531238433206,5.1834797859191895,120000,0.0,0.0
1989-06-01,5.183481100855494,5.220113335397568,5.183481100855494,5.201797008514404,92400,0.0,0.0
1989-06-02,5.220113335397568,5.256745569939642,5.201797008514403,5.201797008514404,119700,0.0,0.0
1989-06-05,5.220112323760986,5.256744551203883,5.201796000427452,5.220112323760986,85800,0.0,0.0
1989-06-06,5.183481275008315,5.201797183282597,5.165164947509766,5.165164947509766,130800,0.0,0.0
1989-06-07,5.165163682796923,5.2201122326139116,5.128531455993652,5.128531455993652,116700,0.0,0.0
1989-06-08,5.128531031734089,5.146846934008452,5.110214710235596,5.110214710235596,15600,0.0,0.0
1989-06-09,5.110214393899018,5.128530714263681,5.0552658520291365,5.073582172393799,144000,0.0,0.0
1989-06-12,5.073583489095094,5.091899394989014,5.073583489095094,5.091899394989014,60000,0.0,0.0
1989-06-13,5.055267810821533,5.091900046520847,5.055267810821533,5.055267810821533,67500,0.0,0.0
1989-06-14,5.0552658520291365,5.091898073534357,5.0552658520291365,5.073582172393799,95100,0.0,0.0
1989-06-15,5.0735841972499705,5.091900105700366,5.018635633450239,5.036951541900635,124500,0.0,0.0
1989-06-16,5.01863557512222,5.055267810821533,5.01863557512222,5.055267810821533,91200,0.0,0.0
1989-06-19,5.0735829061766635,5.165163682796923,5.0735829061766635,5.128531455993652,174600,0.0,0.0
1989-06-20,5.128531455993652,5.146847359783205,5.091898809966216,5.128531455993652,119400,0.0,0.0
1989-06-21,5.146847359783205,5.165163682796923,5.128531455993652,5.128531455993652,131100,0.0,0.0
1989-06-22,5.110216433375034,5.110216433375034,5.018635633450239,5.036951541900635,267300,0.0,0.0
1989-06-23,5.0552671639769615,5.1102157201071465,5.0552671639769615,5.091899394989014,232200,0.0,0.0
1989-06-26,5.091900114692102,5.183481334002892,5.091900114692102,5.146848678588867,541800,0.0,0.0
1989-06-27,5.16516346368248,5.201795688931752,5.146847141445769,5.1834797859191895,26700,0.0,0.0
1989-06-28,5.1834797859191895,5.220112011168463,5.1834797859191895,5.1834797859191895,66900,0.0,0.0
1989-06-29,5.220113335397568,5.238429662280732,5.201797008514403,5.201797008514404,199200,0.0,0.0
1989-06-30,5.183481275008315,5.201797183282597,5.128532711736935,5.165164947509766,198600,0.0,0.0
1989-07-03,5.165164947509766,5.183481275008315,5.165164947509766,5.165164947509766,97500,0.0,0.0
1989-07-05,5.165163255506946,5.165163255506946,5.110214710235596,5.110214710235596,247500,0.0,0.0
1989-07-06,5.110216442399115,5.165165006295879,5.110216442399115,5.146848678588867,21900,0.0,0.0
1989-07-07,5.165165650724161,5.714651358248008,5.146849320731924,5.439908504486084,1153500,0.0,0.0
1989-07-10,5.458224834478321,5.476540745246233,5.403276263725936,5.439908504486084,357900,0.0,0.0
1989-07-11,5.421592174493847,5.439908504486084,5.403276263725936,5.439908504486084,87000,0.0,0.0
1989-07-12,5.435482542000519,5.453907624924406,5.417057037353516,5.417057037353516,58200,0.073333,0.0
1989-07-13,5.453913336973631,5.6934434613593865,5.41706271080796,5.5460405349731445,1248600,0.0,0.0
1989-07-14,5.546037294208529,5.546037294208529,5.4170595454100425,5.509186267852783,367200,0.0,0.0
1989-07-17,5.490764384862859,5.5460405349731445,5.472338860918245,5.5460405349731445,232800,0.0,0.0
1989-07-18,5.527611781030656,5.546037294208529,5.490761176398222,5.509186267852783,55500,0.0,0.0
1989-07-19,5.490761176398222,5.509186267852783,5.490761176398222,5.509186267852783,68400,0.0,0.0
1989-07-20,5.509186267852783,5.527611781030656,5.490761176398222,5.509186267852783,340200,0.0,0.0
1989-07-21,5.472336769104004,5.490762286005419,5.453911252202589,5.472336769104004,78900,0.0,0.0
1989-07-24,5.4539123957287075,5.4539123957287075,5.232807833446145,5.306509494781494,663000,0.0,0.0
1989-07-25,5.269658874975562,5.343360114587426,5.269658874975562,5.306509494781494,201600,0.0,0.0
1989-07-26,5.2696570302116355,5.3065076371171696,5.232806001582763,5.288082122802734,139800,0.0,0.0
1989-07-27,5.306507262476481,5.306507262476481,5.269656658172607,5.269656658172607,200100,0.0,0.0
1989-07-28,5.269656658172607,5.343357866780354,5.251231145159018,5.269656658172607,300900,0.0,0.0
1989-07-31,5.2696570302116355,5.288082122802734,5.251231515897199,5.288082122802734,90600,0.0,0.0
1989-08-01,5.288082329126174,5.288082329126174,5.232806205749512,5.232806205749512,65100,0.0,0.0
1989-08-02,5.269656658172607,5.269656658172607,5.251231145159018,5.269656658172607,20700,0.0,0.0
1989-08-03,5.269657235816188,5.288082329126174,5.232806205749512,5.232806205749512,108600,0.0,0.0
1989-08-04,5.251231145159018,5.306507262476481,5.214380540855145,5.269656658172607,78900,0.0,0.0
1989-08-07,5.2696570302116355,5.3065076371171696,5.251231515897199,5.288082122802734,34200,0.0,0.0
1989-08-08,5.288083974016786,5.3249350155462025,5.269658874975562,5.306509494781494,149700,0.0,0.0
1989-08-09,5.269657235816188,5.288082329126174,5.232806205749512,5.232806205749512,217800,0.0,0.0
1989-08-10,5.232806205749512,5.269657235816188,5.232806205749512,5.232806205749512,48300,0.0,0.0
1989-08-11,5.19595580446388,5.214381320231471,5.159105194652068,5.177530288696289,62100,0.0,0.0
1989-08-14,5.1406783593537915,5.159103870391846,5.122252848315736,5.159103870391846,68100,0.0,0.0
1989-08-15,5.1591044441431135,5.1591044441431135,5.085402813517696,5.12225341796875,44100,0.0,0.0
1989-08-16,5.085403442382812,5.103828957748508,5.085403442382812,5.0854034423828125,30600,0.0,0.0
1989-08-17,5.08540224796289,5.159103870391846,5.08540224796289,5.159103870391846,52800,0.0,0.0
1989-08-18,5.159103870391846,5.195954470744692,5.103827759000945,5.159103870391846,233700,0.0,0.0
1989-08-21,5.140677594534599,5.140677594534599,5.103826999664307,5.103826999664307,32400,0.0,0.0
1989-08-22,5.140679566756538,5.140679566756538,5.048552833374782,5.0854034423828125,25500,0.0,0.0
1989-08-23,5.103828957748508,5.1222540513908426,5.085403442382812,5.0854034423828125,11700,0.0,0.0
1989-08-24,5.103826999664307,5.122252086237853,5.066975983070814,5.103826999664307,33600,0.0,0.0
1989-08-25,5.1406784910904735,5.251230716705322,5.103827889793281,5.251230716705322,264000,0.0,0.0
1989-08-28,5.195953697701638,5.195953697701638,5.103826999664307,5.103826999664307,143400,0.0,0.0
1989-08-29,5.1222540513908426,5.1222540513908426,5.048552833374782,5.0854034423828125,58800,0.0,0.0
1989-08-30,5.085403442382812,5.140679566756538,5.085403442382812,5.0854034423828125,366000,0.0,0.0
1989-08-31,5.085402813517696,5.1959550485941675,5.066977300430515,5.12225341796875,632100,0.0,0.0
1989-09-01,5.1406779289245605,5.159103438419846,5.122252419429276,5.1406779289245605,176400,0.0,0.0
1989-09-05,5.1406779289245605,5.159103438419846,5.1406779289245605,5.1406779289245605,161700,0.0,0.0
1989-09-06,5.1406779289245605,5.159103438419846,5.1406779289245605,5.1406779289245605,97800,0.0,0.0
1989-09-07,5.140679678884477,5.177530288696289,5.140679678884477,5.177530288696289,88200,0.0,0.0
1989-09-08,5.1591044441431135,5.1591044441431135,5.12225341796875,5.12225341796875,51900,0.0,0.0
1989-09-11,4.8274503653426235,5.048554955790018,4.790599319119032,5.030129432678223,2643600,0.0,0.0
1989-09-12,5.011703909566426,5.0669800571782755,5.011703909566426,5.030129432678223,152400,0.0,0.0
1989-09-13,5.066978296293833,5.066978296293833,4.993277072906494,4.993277072906494,270600,0.0,0.0
1989-09-14,5.011703909566426,5.0669800571782755,4.974853285066374,5.030129432678223,1796100,0.0,0.0
1989-09-15,5.04855288392586,5.085403493302876,5.030127368375671,5.0669779777526855,1683300,0.0,0.0
1989-09-18,5.1038275687835,5.232804876073166,5.1038275687835,5.214379787445068,852900,0.0,0.0
1989-09-19,5.195955753326416,5.232806362775552,5.177530237740164,5.195955753326416,264900,0.0,0.0
1989-09-20,5.195955753326416,5.214381268912667,5.177530237740164,5.195955753326416,57300,0.0,0.0
1989-09-21,5.214381268912667,5.214381268912667,5.177530237740164,5.195955753326416,114900,0.0,0.0
1989-09-22,5.195955753326416,5.214381268912667,5.195955753326416,5.195955753326416,410400,0.0,0.0
1989-09-25,5.195955753326416,5.214381268912667,5.177530237740164,5.195955753326416,122100,0.0,0.0
1989-09-26,5.177529514827964,5.288081749462891,5.1591044235376815,5.269656658172607,344400,0.0,0.0
1989-09-27,5.232805205195089,5.269656228215554,5.21438011540813,5.251230716705322,444300,0.0,0.0
1989-09-28,5.269656658172607,5.269656658172607,5.2328056321454275,5.269656658172607,1237800,0.0,0.0
1989-09-29,5.306505970119201,5.361782073974609,5.288080461592997,5.361782073974609,448500,0.0,0.0
1989-10-02,5.380209714088468,5.435485839843749,5.30650807250697,5.43548583984375,310200,0.0,0.0
1989-10-03,5.453911252202589,5.472336769104004,5.43548615702457,5.472336769104004,342600,0.0,0.0
1989-10-04,5.490760180857615,5.564461376759573,5.490760180857615,5.527610778808594,357300,0.0,0.0
1989-10-05,5.546037294208529,5.546037294208529,5.490761176398222,5.509186267852783,210900,0.0,0.0
1989-10-06,5.546036288645701,5.546036288645701,5.509185268971487,5.527610778808594,176100,0.0,0.0
1989-10-09,5.527615011028531,5.564465637194202,5.509189487083916,5.5460405349731445,75600,0.0,0.0
1989-10-10,5.564461376759573,5.564461376759573,5.509185268971487,5.527610778808594,85800,0.0,0.0
1989-10-11,5.527615011028531,5.5460405349731445,5.527615011028531,5.5460405349731445,108000,0.0,0.0
1989-10-12,5.564465637194202,5.564465637194202,5.527615011028531,5.5460405349731445,204600,0.0,0.0
1989-10-13,5.564461739442945,5.564461739442945,5.159103870391846,5.159103870391846,372000,0.0,0.0
1989-10-16,4.753750515468229,5.444702625274658,4.726112431075972,5.444702625274658,580600,0.0,1.5
1989-10-17,5.499973297119141,5.527611353888584,5.38942107004137,5.499973297119141,103400,0.0,0.0
1989-10-18,5.527611244015578,5.721077637556123,5.527611244015578,5.665801525115967,461600,0.0,0.0
1989-10-19,5.638165519787716,5.776355851155062,5.638165519787716,5.748717784881592,171000,0.0,0.0
1989-10-20,5.803991806216357,5.803991806216357,5.665801525115967,5.665801525115967,284200,0.0,0.0
1989-10-23,5.67581584666035,5.703638473359665,5.620170593261719,5.620170593261719,66000,0.085,0.0
1989-10-24,5.564529727203677,5.592352375839695,5.508884429931641,5.508884429931641,260600,0.0,0.0
1989-10-25,5.536707078567659,5.536707078567659,5.508884429931641,5.508884429931641,415200,0.0,0.0
1989-10-26,5.508883327694994,5.5645286138333265,5.508883327694994,5.53670597076416,240200,0.0,0.0
1989-10-27,5.508881709297297,5.508881709297297,5.453236439506415,5.4810590744018555,188400,0.0,0.0
1989-10-30,5.4810606846258265,5.53670597076416,5.45323804155666,5.53670597076416,293600,0.0,0.0
1989-10-31,5.5645297415814,5.592352390289307,5.536707092873493,5.592352390289307,381200,0.0,0.0
1989-11-01,5.620170593261719,5.67581584666035,5.564525339863088,5.620170593261719,259200,0.0,0.0
1989-11-02,5.564526979088178,5.564526979088178,5.397591169715533,5.4810590744018555,232000,0.0,0.0
1989-11-03,5.4254150390625,5.453237680288461,5.397592397836538,5.4254150390625,105600,0.0,0.0
1989-11-06,5.341947856702302,5.341947856702302,5.258479921441329,5.28630256652832,158000,0.0,0.0
1989-11-07,5.258480094373226,5.34194803237915,5.230657448371251,5.34194803237915,246600,0.0,0.0
1989-11-08,5.341946037448182,5.481059215506728,5.341946037448182,5.4532365798950195,278400,0.0,0.0
1989-11-09,5.481059986291472,5.481059986291472,5.397592067718505,5.397592067718506,128000,0.0,0.0
1989-11-10,5.397592067718505,5.397592067718505,5.369769428194183,5.397592067718506,211400,0.0,0.0
1989-11-13,5.397592755418327,5.53670597076416,5.341947469279994,5.53670597076416,79000,0.0,0.0
1989-11-14,5.564525339863088,5.620170593261719,5.508880086464457,5.620170593261719,383800,0.0,0.0
1989-11-15,5.620175038997214,5.620175038997214,5.5645297415814,5.592352390289307,53200,0.0,0.0
1989-11-16,5.564528942108154,5.592351586818695,5.564528942108154,5.564528942108154,70600,0.0,0.0
1989-11-17,5.592351586818695,5.592351586818695,5.536706297397614,5.564528942108154,84600,0.0,0.0
1989-11-20,5.564528942108154,5.592351586818695,5.536706297397614,5.564528942108154,81000,0.0,0.0
1989-11-21,5.5645286138333265,5.5645286138333265,5.508883327694994,5.53670597076416,44000,0.0,0.0
1989-11-22,5.536707078567659,5.536707078567659,5.453239132659603,5.508884429931641,16200,0.0,0.0
1989-11-24,5.508884429931641,5.536707078567659,5.481061781295622,5.508884429931641,63800,0.0,0.0
1989-11-27,5.508883652687073,5.564528942108154,5.481061007976532,5.564528942108154,69600,0.0,0.0
1989-11-28,5.5645286138333265,5.5645286138333265,5.53670597076416,5.53670597076416,126200,0.0,0.0
1989-11-29,5.536707092873493,5.592352390289307,5.536707092873493,5.592352390289307,106600,0.0,0.0
1989-11-30,5.5645286138333265,5.5645286138333265,5.53670597076416,5.53670597076416,95200,0.0,0.0
1989-12-01,5.508883652687073,5.564528942108154,5.508883652687073,5.564528942108154,94400,0.0,0.0
1989-12-04,5.564528942108154,5.564528942108154,5.508883652687073,5.564528942108154,25000,0.0,0.0
1989-12-05,5.536706297397614,5.564528942108154,5.536706297397614,5.564528942108154,29200,0.0,0.0
1989-12-06,5.536706297397614,5.564528942108154,5.536706297397614,5.564528942108154,7800,0.0,0.0
1989-12-07,5.564526979088178,5.564526979088178,5.4810590744018555,5.4810590744018555,44400,0.0,0.0
1989-12-08,5.481061781295622,5.508884429931641,5.453239132659603,5.508884429931641,65200,0.0,0.0
1989-12-11,5.453239132659603,5.508884429931641,5.453239132659603,5.508884429931641,22600,0.0,0.0
1989-12-12,5.508881851118438,5.508881851118438,5.4532365798950195,5.4532365798950195,24000,0.0,0.0
1989-12-13,5.4810590744018555,5.4810590744018555,5.453236439506415,5.4810590744018555,113200,0.0,0.0
1989-12-14,5.481061781295622,5.508884429931641,5.481061781295622,5.508884429931641,51200,0.0,0.0
1989-12-15,5.508881709297297,5.508881709297297,5.4810590744018555,5.4810590744018555,32400,0.0,0.0
1989-12-18,5.481059215506728,5.481059215506728,5.4532365798950195,5.4532365798950195,52600,0.0,0.0
1989-12-19,5.453238616387049,5.453238616387049,5.314125386377175,5.34194803237915,66000,0.0,0.0
1989-12-20,5.314123153686523,5.314123153686523,5.2584778850615335,5.314123153686523,68800,0.0,0.0
1989-12-21,5.31412372487114,5.31412372487114,5.20283317565918,5.20283317565918,75800,0.0,0.0
1989-12-22,5.202834631267347,5.341947856702302,5.202834631267347,5.28630256652832,99000,0.0,0.0
1989-12-26,5.258479921441329,5.28630256652832,5.258479921441329,5.28630256652832,23600,0.0,0.0
1989-12-27,5.2862988830243465,5.2862988830243465,5.23065363162409,5.258476257324219,3800,0.0,0.0
1989-12-28,5.258479921441329,5.314125211615312,5.258479921441329,5.28630256652832,20200,0.0,0.0
1989-12-29,5.286300519374029,5.341945787999019,5.286300519374029,5.314123153686523,64400,0.0,0.0
1990-01-02,5.286300519374029,5.369768422311513,5.286300519374029,5.314123153686523,117000,0.0,0.0
1990-01-03,5.341945787999019,5.369768422311513,5.286300519374029,5.314123153686523,46000,0.0,0.0
1990-01-04,5.314123153686523,5.341945787999019,5.314123153686523,5.314123153686523,110200,0.0,0.0
1990-01-05,5.341945787999019,5.341945787999019,5.314123153686523,5.314123153686523,51000,0.0,0.0
1990-01-08,5.314123153686523,5.369768422311513,5.286300519374029,5.314123153686523,52000,0.0,0.0
1990-01-09,5.341946788669861,5.397592067718505,5.286301509621216,5.397592067718506,83000,0.0,0.0
1990-01-10,5.34194803237915,5.3697706783811245,5.34194803237915,5.34194803237915,200400,0.0,0.0
1990-01-11,5.34194803237915,5.3697706783811245,5.34194803237915,5.34194803237915,10800,0.0,0.0
1990-01-12,5.34194767728765,5.36977032144019,5.23065710067749,5.23065710067749,36200,0.0,0.0
1990-01-15,5.202834631267347,5.28630256652832,5.202834631267347,5.28630256652832,59800,0.0,0.0
1990-01-16,5.230656230572572,5.397592067718505,5.230656230572572,5.397592067718506,137000,0.0,0.0
1990-01-17,5.425414707242828,5.425414707242828,5.397592067718505,5.397592067718506,11000,0.0,0.0
1990-01-18,5.3975933243831,5.3975933243831,5.34194803237915,5.34194803237915,6000,0.0,0.0
1990-01-19,5.369769096374511,5.397591734179561,5.341946458569462,5.369769096374512,133600,0.0,0.0
1990-01-22,5.34194803237915,5.3697706783811245,5.314125386377175,5.34194803237915,91600,0.0,0.0
1990-01-23,5.341947856702302,5.369770501789294,5.2306572763543375,5.28630256652832,80000,0.0,0.0
1990-01-24,5.23065581296217,5.25847845026516,5.20283317565918,5.20283317565918,41600,0.0,0.0
1990-01-25,5.202833319223055,5.286301233435189,5.175010681152344,5.175010681152344,148800,0.0,0.0
1990-01-26,5.202834631267347,5.341947856702302,5.202834631267347,5.28630256652832,272800,0.0,0.0
1990-01-29,5.286301182959363,5.397591734179561,5.286301182959363,5.369769096374512,197400,0.0,0.0
1990-01-30,5.34194803237915,5.3697706783811245,5.34194803237915,5.34194803237915,45200,0.0,0.0
1990-01-31,5.369768422311513,5.369768422311513,5.314123153686523,5.314123153686523,51000,0.0,0.0
1990-02-01,5.314123153686523,5.369768422311513,5.286300519374029,5.314123153686523,127600,0.0,0.0
1990-02-02,5.314123153686523,5.314123153686523,5.286300519374029,5.314123153686523,122000,0.0,0.0
1990-02-05,5.3242121941132075,5.352234363555908,5.268167855227805,5.352234363555908,30600,0.085,0.0
1990-02-06,5.352233185051636,5.40827751159668,5.352233185051636,5.40827751159668,99200,0.0,0.0
1990-02-07,5.40828044968422,5.548391342163086,5.40828044968422,5.548391342163086,96400,0.0,0.0
1990-02-08,5.548389191530188,5.548389191530188,5.492344856262207,5.492344856262207,43000,0.0,0.0
1990-02-09,5.4923440284535365,5.548388355274491,5.4923440284535365,5.520366191864014,93600,0.0,0.0
1990-02-12,5.548390520535983,5.548390520535983,5.464323997497559,5.464323997497559,47800,0.0,0.0
1990-02-13,5.4923440284535365,5.520366191864014,5.464321865043059,5.520366191864014,86000,0.0,0.0
1990-02-14,5.548391342163086,5.576413520658859,5.492346985171539,5.548391342163086,64000,0.0,0.0
1990-02-15,5.576411258998176,5.716522094651396,5.576411258998176,5.688499927520752,88000,0.0,0.0
1990-02-16,5.716522094651396,5.716522094651396,5.6604777603901075,5.688499927520752,56800,0.0,0.0
1990-02-20,5.660476207733154,5.716520526621601,5.660476207733154,5.660476207733154,18800,0.0,0.0
1990-02-21,5.6604777603901075,5.716522094651396,5.632455593259464,5.688499927520752,101200,0.0,0.0
1990-02-22,5.716519965195075,5.77256427857934,5.716519965195075,5.744542121887207,238800,0.0,0.0
1990-02-23,5.744546273579964,5.884657158301427,5.744546273579964,5.828612804412842,446200,0.0,0.0
1990-02-26,5.800589443410485,5.856633785858895,5.772567272186279,5.772567272186279,261400,0.0,0.0
1990-02-27,5.772565589231604,5.772565589231604,5.716521263122559,5.716521263122559,152600,0.0,0.0
1990-02-28,5.716522929737868,5.772567272186279,5.716522929737868,5.772567272186279,23400,0.0,0.0
1990-03-01,5.744545100962074,5.772567272186279,5.744545100962074,5.772567272186279,23600,0.0,0.0
1990-03-02,5.744543426177081,5.744543426177081,5.716521263122559,5.716521263122559,16000,0.0,0.0
1990-03-05,5.77256621128064,5.856632709503174,5.77256621128064,5.856632709503174,193200,0.0,0.0
1990-03-06,5.856634981357134,5.856634981357134,5.800590627468549,5.828612804412842,12800,0.0,0.0
1990-03-07,5.856630723431425,5.940697193145752,5.828608566859983,5.940697193145752,47000,0.0,0.0
1990-03-08,5.996747388526308,5.996747388526308,5.968725204467773,5.968725204467773,20400,0.0,0.0
1990-03-09,6.024765366705778,6.0527875312020845,5.996743202209473,5.996743202209473,84800,0.0,0.0
1990-03-12,5.968721037713166,5.996743202209473,5.940698873216861,5.996743202209473,77400,0.0,0.0
1990-03-13,5.996741506288636,5.996741506288636,5.940697193145752,5.940697193145752,23800,0.0,0.0
1990-03-14,5.884657493699783,5.940701850782639,5.856635315158356,5.912679672241211,173200,0.0,0.0
1990-03-15,5.940701850782639,5.940701850782639,5.912679672241211,5.912679672241211,5400,0.0,0.0
1990-03-16,5.968725204467773,5.996747388526308,5.94070302040924,5.968725204467773,90200,0.0,0.0
1990-03-19,5.94070302040924,5.996747388526308,5.94070302040924,5.968725204467773,67400,0.0,0.0
1990-03-20,5.996742851789608,6.024765014648438,5.996742851789608,6.0247650146484375,54800,0.0,0.0
1990-03-21,6.024765014648438,6.080809340366097,5.996742851789608,6.0247650146484375,186600,0.0,0.0
1990-03-22,5.996743202209473,6.024765366705778,5.996743202209473,5.996743202209473,46200,0.0,0.0
1990-03-23,5.996743202209473,6.024765366705778,5.968721037713166,5.996743202209473,43600,0.0,0.0
1990-03-26,5.968725204467773,5.996747388526308,5.94070302040924,5.968725204467773,44000,0.0,0.0
1990-03-27,5.996743202209473,6.024765366705778,5.968721037713166,5.996743202209473,14000,0.0,0.0
1990-03-28,5.996743202209473,5.996743202209473,5.996743202209473,5.996743202209473,10000,0.0,0.0
1990-03-29,5.996743202209473,6.024765366705778,5.996743202209473,5.996743202209473,25400,0.0,0.0
1990-03-30,6.052788257598877,6.052788257598877,6.0247660897396225,6.052788257598877,61000,0.0,0.0
1990-04-02,6.0247660897396225,6.052788257598877,5.996743921880369,6.052788257598877,32600,0.0,0.0
1990-04-03,6.052789327735725,6.080811500549316,6.052789327735725,6.080811500549316,150800,0.0,0.0
1990-04-04,6.080811500549316,6.080811500549316,6.052789327735725,6.080811500549316,143000,0.0,0.0
1990-04-05,6.052788257598877,6.080810425458131,6.0247660897396225,6.052788257598877,167800,0.0,0.0
1990-04-06,6.080811500549316,6.108833673362907,6.052789327735725,6.080811500549316,139000,0.0,0.0
1990-04-09,6.080807141824202,6.1648736000061035,6.080807141824202,6.1648736000061035,808800,0.0,0.0
1990-04-10,6.164878819669997,6.333011878388269,6.164878819669997,6.276967525482178,72400,0.0,0.0
1990-04-11,6.333012580871582,6.445101299117097,6.333012580871582,6.333012580871582,52000,0.0,0.0
1990-04-12,6.276968221748825,6.36103476043296,6.276968221748825,6.333012580871582,107600,0.0,0.0
1990-04-16,6.333006931527313,6.361029086091593,6.248940467834473,6.248940467834473,145000,0.0,0.0
1990-04-17,6.22091999053955,6.3330086390177405,6.22091999053955,6.304986476898193,171000,0.0,0.0
1990-04-18,6.304989701935224,6.333011878388269,6.248945349029133,6.276967525482178,122600,0.0,0.0
1990-04-19,6.276967525482179,6.304989701935224,6.248945349029133,6.276967525482178,50200,0.0,0.0
1990-04-20,6.315308917263698,6.315308917263698,6.230728887121773,6.287115573883057,61000,0.085,0.0
1990-04-23,6.287114210562272,6.287114210562272,6.202534198760986,6.202534198760986,26000,0.0,0.0
1990-04-24,6.174342108881751,6.174342108881751,6.033375394067099,6.061568737030029,31800,0.0,0.0
1990-04-25,6.061568737030029,6.061568737030029,6.0051820511041685,6.061568737030029,30200,0.0,0.0
1990-04-26,6.0615689963239685,6.1461490288308145,6.03337565215502,6.117955684661865,49800,0.0,0.0
1990-04-27,6.174342688524498,6.174342688524498,5.976989269256592,5.976989269256592,124800,0.0,0.0
1990-04-30,6.033375051286486,6.089761734008789,6.005181709925333,6.089761734008789,10000,0.0,0.0
1990-05-01,6.146148728894758,6.315308785653329,6.146148728894758,6.258922100067139,83400,0.0,0.0
1990-05-02,6.287117023299969,6.399890422821045,6.287117023299969,6.399890422821045,94400,0.0,0.0
1990-05-03,6.399888567078165,6.512661933898925,6.399888567078165,6.512661933898926,28600,0.0,0.0
1990-05-04,6.4844699191232005,6.597243309020995,6.4844699191232005,6.597243309020996,88400,0.0,0.0
1990-05-07,6.597241959014496,6.597241959014496,6.512661933898925,6.512661933898926,29600,0.0,0.0
1990-05-08,6.484472274780273,6.484472274780273,6.4562789170638375,6.484472274780273,75800,0.0,0.0
1990-05-09,6.4562789170638375,6.484472274780273,6.428085559347402,6.484472274780273,109200,0.0,0.0
1990-05-10,6.4844678418110995,6.681821210909699,6.4844678418110995,6.653627872467041,172600,0.0,0.0
1990-05-11,6.681824804354115,6.738211511563854,6.625438097144375,6.710018157958984,264800,0.0,0.0
1990-05-14,6.710014412250925,6.710014412250925,6.625434398651123,6.625434398651123,139000,0.0,0.0
1990-05-15,6.653627057618732,6.710013727598552,6.597240387638912,6.681820392608643,193200,0.0,0.0
1990-05-16,6.738209757785248,6.850983142852784,6.653629718984597,6.850983142852783,395400,0.0,0.0
1990-05-17,6.850981307029723,6.935561323165893,6.766401290893554,6.766401290893555,128200,0.0,0.0
1990-05-18,6.710014549352356,6.710014549352356,6.625434534024385,6.653627872467041,145200,0.0,0.0
1990-05-21,6.653627057618732,6.681820392608642,6.597240387638912,6.681820392608643,65800,0.0,0.0
1990-05-22,6.710014549352356,6.710014549352356,6.569047857139071,6.653627872467041,94000,0.0,0.0
1990-05-23,6.681821074384325,6.681821074384325,6.569047722917922,6.625434398651123,40800,0.0,0.0
1990-05-24,6.597243309020995,6.625436656495444,6.569049961546547,6.597243309020996,35000,0.0,0.0
1990-05-25,6.540858990213146,6.569052347929582,6.484472274780273,6.484472274780273,23400,0.0,0.0
1990-05-29,6.512661933898925,6.540855275604115,6.512661933898925,6.512661933898926,34000,0.0,0.0
1990-05-30,6.569049707774458,6.569049707774458,6.484469668618564,6.54085636138916,154800,0.0,0.0
1990-05-31,6.540855275604115,6.540855275604115,6.512661933898925,6.512661933898926,188600,0.0,0.0
1990-06-01,6.54085636138916,6.54085636138916,6.512663015003862,6.54085636138916,199000,0.0,0.0
1990-06-04,6.597243460651223,6.738210201263429,6.597243460651223,6.738210201263428,49400,0.0,0.0
1990-06-05,6.766401290893554,6.766401290893554,6.710014613469441,6.766401290893555,177000,0.0,0.0
1990-06-06,6.76640354938587,6.794596897508311,6.710016853140988,6.738210201263428,162200,0.0,0.0
1990-06-07,6.738207887795013,6.76640122623767,6.653627872467042,6.653627872467041,145600,0.0,0.0
1990-06-08,6.710016439700949,6.710016439700949,6.54085636138916,6.54085636138916,127400,0.0,0.0
1990-06-11,6.54085636138916,6.597243054159756,6.54085636138916,6.54085636138916,212000,0.0,0.0
1990-06-12,6.597241060784523,6.625434398651123,6.569047722917922,6.625434398651123,40200,0.0,0.0
1990-06-13,6.625438097144375,6.738211511563854,6.625438097144375,6.710018157958984,74800,0.0,0.0
1990-06-14,6.738210201263429,6.794596897508311,6.738210201263429,6.738210201263428,123400,0.0,0.0
1990-06-15,6.738211982618503,6.935565471649171,6.738211982618503,6.93556547164917,395800,0.0,0.0
1990-06-18,6.963753170013428,7.104719833374023,6.963753170013428,7.048333168029785,218600,0.0,0.0
1990-06-19,7.076529462327841,7.161109495742117,6.963756084442138,6.963756084442139,244800,0.0,0.0
1990-06-20,6.991952061174386,7.048338771345147,6.907371995918244,7.020145416259766,148600,0.0,0.0
1990-06-21,7.048333168029785,7.048333168029785,6.90736650466919,7.048333168029785,54200,0.0,0.0
1990-06-22,7.048333168029785,7.189299831390381,7.048333168029785,7.048333168029785,345200,0.0,0.0
1990-06-25,7.104720255131777,7.1611069238233,7.076526920786017,7.132913589477539,37200,0.0,0.0
1990-06-26,7.104720255131777,7.1611069238233,7.104720255131777,7.132913589477539,73000,0.0,0.0
1990-06-27,7.189301490783691,7.273881508322323,7.1611081516041475,7.189301490783691,57600,0.0,0.0
1990-06-28,7.189300476118576,7.302073816920435,7.189300476118576,7.273880481719971,245200,0.0,0.0
1990-06-29,7.245690596149695,7.330270642019146,7.245690596149695,7.302077293395996,52800,0.0,0.0
1990-07-02,7.330267566373979,7.38665423996147,7.302074229580232,7.358460903167725,56000,0.0,0.0
1990-07-03,7.386655384436586,7.584008772570388,7.386655384436586,7.499428749084473,223400,0.0,0.0
1990-07-05,7.640398245037726,7.640398245037726,7.471238136291503,7.471238136291504,174000,0.0,0.0
1990-07-06,7.443039274034391,7.527619265784782,7.414845943450928,7.414845943450928,131000,0.0,0.0
1990-07-09,7.443044784833799,7.5276248392069105,7.4148514333760955,7.471238136291504,79600,0.0,0.0
1990-07-10,7.443042173981667,7.443042173981667,7.217495441436768,7.217495441436768,109600,0.0,0.0
1990-07-11,7.161110550280243,7.358463990642297,7.161110550280243,7.302077293395996,113200,0.0,0.0
1990-07-12,7.24568878300488,7.302075466141105,7.1329154167324305,7.217495441436768,129000,0.0,0.0
1990-07-13,7.2560458183288565,7.312733676284551,7.227701889351009,7.256045818328857,207000,0.085,0.0
1990-07-16,7.227703024521757,7.454454491957734,7.227703024521757,7.341078758239746,379400,0.0,0.0
1990-07-17,7.341078758239746,7.341078758239746,7.284390891380752,7.341078758239746,39800,0.0,0.0
1990-07-18,7.2843875885009775,7.341075429656627,7.2843875885009775,7.284387588500977,190000,0.0,0.0
1990-07-19,7.284390891380752,7.341078758239746,7.284390891380752,7.341078758239746,63200,0.0,0.0
1990-07-20,7.3410751782930825,7.3977630175077005,7.284387339078464,7.369419097900391,98000,0.0,0.0
1990-07-23,7.369421534240245,7.369421534240245,7.199357960373162,7.256045818328857,86000,0.0,0.0
1990-07-24,7.256041999876969,7.284385913938989,7.199354171752931,7.19935417175293,15000,0.0,0.0
1990-07-25,7.22769808581495,7.22769808581495,7.171010257690911,7.19935417175293,146000,0.0,0.0
1990-07-26,7.199352560372188,7.397759914398193,7.199352560372188,7.397759914398193,179000,0.0,0.0
1990-07-27,7.4261069371150095,7.454450856722318,7.3694190979003915,7.369419097900391,137600,0.0,0.0
1990-07-30,7.39776491026842,7.426108837127686,7.341077056549889,7.4261088371276855,38000,0.0,0.0
1990-07-31,7.369417663692504,7.426105491874754,7.284385921419129,7.312729835510254,77800,0.0,0.0
1990-08-01,7.284385913938989,7.341073742063028,7.171010257690911,7.19935417175293,61800,0.0,0.0
1990-08-02,7.1426677857675855,7.1426677857675855,7.000948186843625,7.029292106628418,69000,0.0,0.0
1990-08-03,7.000947964044265,7.029291882927035,6.689164856333792,6.887572288513184,181400,0.0,0.0
1990-08-06,6.774199485778808,6.802543416681648,6.689167693070288,6.774199485778809,104000,0.0,0.0
1990-08-07,6.774196900492129,6.830884740663611,6.519101619720458,6.519101619720459,232800,0.0,0.0
1990-08-08,6.547444347625083,6.802539581948138,6.547444347625083,6.660820007324219,199200,0.0,0.0
1990-08-09,6.7175087752165625,6.887572288513184,6.660820937451022,6.887572288513184,203200,0.0,0.0
1990-08-10,6.887572538852692,7.029292138417563,6.774196859200796,6.8025407791137695,75200,0.0,0.0
1990-08-13,6.802541748816226,6.802541748816226,6.745853900909424,6.745853900909424,170200,0.0,0.0
1990-08-14,6.745855359707848,6.774199289790654,6.689167499542235,6.689167499542236,153400,0.0,0.0
1990-08-15,6.745851524605238,6.915915008418816,6.745851524605238,6.859227180480957,76200,0.0,0.0
1990-08-16,6.887569198842908,6.915913105010986,6.8308813865067535,6.915913105010986,83800,0.0,0.0
1990-08-17,6.859231278487329,6.859231278487329,6.774199485778808,6.774199485778809,48800,0.0,0.0
1990-08-20,6.802539352543097,6.859227180480957,6.717507610636309,6.859227180480957,143800,0.0,0.0
1990-08-21,6.74585175209857,6.774195667023354,6.660820007324218,6.660820007324219,41800,0.0,0.0
1990-08-22,6.689163437217091,6.689163437217091,6.575787785738835,6.604131698608398,180000,0.0,0.0
1990-08-23,6.49075870003019,6.49075870003019,6.264007304395948,6.349039077758789,96600,0.0,0.0
1990-08-24,6.405725939377494,6.5474455398061995,6.349038099206012,6.519101619720459,240400,0.0,0.0
1990-08-27,6.604134281142419,6.774197824862824,6.604134281142419,6.745853900909424,37800,0.0,0.0
1990-08-28,6.774197824862824,6.802541748816226,6.745853900909424,6.745853900909424,19200,0.0,0.0
1990-08-29,6.7175099769560225,6.802541748816226,6.660822129049221,6.745853900909424,22000,0.0,0.0
1990-08-30,6.80254321987346,6.80254321987346,6.6608235694594295,6.689167499542236,82200,0.0,0.0
1990-08-31,6.632479952527332,6.660823883948388,6.54744815826416,6.54744815826416,38000,0.0,0.0
1990-09-04,6.519102509282216,6.774197824862824,6.519102509282216,6.745853900909424,51600,0.0,0.0
1990-09-05,6.774193574170598,6.915913105010986,6.774193574170598,6.915913105010986,25200,0.0,0.0
1990-09-06,6.887572775243228,6.887572775243228,6.83088493347168,6.83088493347168,10400,0.0,0.0
1990-09-07,6.83088493347168,6.83088493347168,6.8025410125859045,6.83088493347168,109800,0.0,0.0
1990-09-10,6.80254077911377,6.859228618939718,6.774196859200796,6.8025407791137695,52800,0.0,0.0
1990-09-11,6.8025410125859045,6.83088493347168,6.8025410125859045,6.83088493347168,121600,0.0,0.0
1990-09-12,6.859228369630413,6.915916207395954,6.830884450747643,6.887572288513184,138200,0.0,0.0
1990-09-13,6.915917608902038,7.029293307408629,6.887573684275391,7.000949382781982,65000,0.0,0.0
1990-09-14,7.00094482351522,7.029288729683298,6.915913105010986,6.915913105010986,88200,0.0,0.0
1990-09-17,6.915917608902038,7.0009493827819815,6.915917608902038,7.000949382781982,10000,0.0,0.0
1990-09-18,7.057636026413209,7.057636026413209,6.972604267058833,7.029292106628418,15000,0.0,0.0
1990-09-19,7.085979691607207,7.171011447906493,7.057635772840778,7.171011447906494,20800,0.0,0.0
1990-09-20,7.171011447906493,7.312731041738638,7.1426675291400645,7.171011447906494,179800,0.0,0.0
1990-09-21,7.14266900591522,7.14266900591522,6.944261533528686,7.000949382781982,127400,0.0,0.0
1990-09-24,6.972604298591614,6.972604298591614,6.80254077911377,6.8025407791137695,165000,0.0,0.0
1990-09-25,6.774196859200796,6.830884699026744,6.774196859200796,6.8025407791137695,225400,0.0,0.0
1990-09-26,6.830887347584488,6.830887347584488,6.745855554875968,6.774199485778809,25200,0.0,0.0
1990-09-27,6.830887149956267,6.830887149956267,6.689167499542235,6.689167499542236,104000,0.0,0.0
1990-09-28,6.632479831264607,6.774199485778808,6.575791969458926,6.774199485778809,90600,0.0,0.0
1990-10-01,6.745852694099332,6.887572288513184,6.745852694099332,6.887572288513184,215800,0.0,0.0
1990-10-02,6.915916207395954,6.915916207395954,6.887572288513184,6.887572288513184,48000,0.0,0.0
1990-10-03,6.859228854357454,6.887572775243228,6.83088493347168,6.83088493347168,72400,0.0,0.0
1990-10-04,6.80254077911377,6.830884699026744,6.774196859200796,6.8025407791137695,116800,0.0,0.0
1990-10-05,6.80254077911377,6.80254077911377,6.80254077911377,6.8025407791137695,35400,0.0,0.0
1990-10-08,6.77419709170013,6.83088493347168,6.77419709170013,6.83088493347168,30000,0.0,0.0
1990-10-09,6.774199485778808,6.802543416681648,6.745855554875968,6.774199485778809,145000,0.0,0.0
1990-10-10,6.80254321987346,6.80254321987346,6.632479639376624,6.689167499542236,141400,0.0,0.0
1990-10-11,6.689165131799106,6.745852971899098,6.575789451599121,6.575789451599121,84000,0.0,0.0
1990-10-12,6.6324772916991135,6.6324772916991135,6.547445531549125,6.575789451599121,39800,0.0,0.0
1990-10-15,6.60413217747465,6.660820007324218,6.5757882625498665,6.660820007324219,58600,0.0,0.0
1990-10-16,6.6324753761291495,6.6324753761291495,6.6324753761291495,6.63247537612915,25800,0.0,0.0
1990-10-17,6.604133371649118,6.6324772916991135,6.575789451599121,6.575789451599121,43200,0.0,0.0
1990-10-18,6.575791779211012,6.689167499542235,6.575791779211012,6.689167499542236,31800,0.0,0.0
1990-10-19,6.732530183429959,6.789585523967501,6.732530183429959,6.7610578536987305,33000,0.095,0.0
1990-10-22,6.789587024750747,7.017808437347411,6.789587024750747,7.017808437347412,97600,0.0,0.0
1990-10-23,7.017808144351086,7.1319188458852505,7.017808144351086,7.103391170501709,81800,0.0,0.0
1990-10-24,7.074863495118168,7.1319188458852505,7.074863495118168,7.103391170501709,39000,0.0,0.0
1990-10-25,7.103391170501709,7.1319188458852505,7.074863495118168,7.103391170501709,67200,0.0,0.0
1990-10-26,7.103385363855669,7.103385363855669,7.074857711791992,7.074857711791992,38200,0.0,0.0
1990-10-29,7.07485914624427,7.07485914624427,6.846637883462197,6.903693199157715,46800,0.0,0.0
1990-10-30,6.903691683567411,6.903691683567411,6.875164031982421,6.875164031982422,8000,0.0,0.0
1990-10-31,6.846637725830077,6.903693040211995,6.78958241144816,6.846637725830078,58800,0.0,0.0
1990-11-01,6.81810998916626,6.846637646024696,6.789582332307823,6.81810998916626,40200,0.0,0.0
1990-11-02,6.846637883462197,6.932220857005475,6.789582567766678,6.903693199157715,63600,0.0,0.0
1990-11-05,6.875164147346251,7.074857711791992,6.875164147346251,7.074857711791992,73000,0.0,0.0
1990-11-06,7.017805647753511,7.131916308692593,7.017805647753511,7.046333312988281,63200,0.0,0.0
1990-11-07,7.046333168963996,7.074860833615673,6.9892778396606445,6.9892778396606445,55800,0.0,0.0
1990-11-08,6.989277982518741,7.074860978223052,6.989277982518741,7.046333312988281,35800,0.0,0.0
1990-11-09,7.046333312988282,7.046333312988282,7.017805647753511,7.046333312988281,13200,0.0,0.0
1990-11-12,6.989277982518741,7.131916308692593,6.989277982518741,7.046333312988281,217000,0.0,0.0
1990-11-13,7.017802407664637,7.074857711791992,7.017802407664637,7.074857711791992,60800,0.0,0.0
1990-11-14,7.074860978223052,7.074860978223052,7.017805647753511,7.046333312988281,181200,0.0,0.0
1990-11-15,7.046333168963996,7.046333168963996,6.9892778396606445,6.9892778396606445,129800,0.0,0.0
1990-11-16,7.017802462165738,7.017802462165738,6.903691853024832,6.932219505310059,151200,0.0,0.0
1990-11-19,6.903691936711796,6.960747241973877,6.875164284080756,6.960747241973877,60600,0.0,0.0
1990-11-20,6.903697731049079,7.017808437347411,6.903697731049079,7.017808437347412,88600,0.0,0.0
1990-11-21,6.960748354593912,7.017803668975829,6.846637725830077,6.846637725830078,110200,0.0,0.0
1990-11-23,6.846636380397432,6.875164031982421,6.846636380397432,6.875164031982422,46800,0.0,0.0
1990-11-26,6.903693040211995,6.903693040211995,6.78958241144816,6.846637725830078,23400,0.0,0.0
1990-11-27,6.9036948457056155,7.046333168963996,6.87516718105394,6.9892778396606445,48000,0.0,0.0
1990-11-28,7.017802462165738,7.017802462165738,6.932219505310059,6.932219505310059,61200,0.0,0.0
1990-11-29,6.903691853024832,6.960747157595285,6.846636548454379,6.932219505310059,55200,0.0,0.0
1990-11-30,6.90369498681443,7.046333312988282,6.90369498681443,7.046333312988281,56000,0.0,0.0
1990-12-03,7.017802547235958,7.017802547235958,6.932219589342837,6.960747241973877,218000,0.0,0.0
1990-12-04,6.960750175008968,6.9892778396606445,6.932222510357292,6.9892778396606445,22800,0.0,0.0
1990-12-05,6.989274894604918,7.017802547235958,6.960747241973877,6.960747241973877,138400,0.0,0.0
1990-12-06,7.017808144351086,7.103391170501709,6.960752793584004,7.103391170501709,114800,0.0,0.0
1990-12-07,7.074857711791992,7.131913015919347,7.074857711791992,7.074857711791992,47600,0.0,0.0
1990-12-10,7.074863495118168,7.1319188458852505,7.074863495118168,7.103391170501709,26200,0.0,0.0
1990-12-11,7.103385780168616,7.217496395111084,7.103385780168616,7.217496395111084,72400,0.0,0.0
1990-12-12,7.2745538502931595,7.331609174609184,7.246026188135147,7.303081512451172,134000,0.0,0.0
1990-12-13,7.303083486594115,7.3886664962026405,7.274555816724607,7.331611156463623,161600,0.0,0.0
1990-12-14,7.274555615552767,7.303083284633366,7.246027946472168,7.246027946472168,10600,0.0,0.0
1990-12-17,7.217496086569394,7.303079044117648,7.217496086569394,7.2745513916015625,71200,0.0,0.0
1990-12-18,7.274551391601563,7.274551391601563,7.246023739085478,7.2745513916015625,32800,0.0,0.0
1990-12-19,7.303083486594115,7.360138826333132,7.274555816724607,7.331611156463623,74400,0.0,0.0
1990-12-20,7.331609174609184,7.360136836767197,7.246026188135147,7.303081512451172,138400,0.0,0.0
1990-12-21,7.303081512451172,7.360136836767197,7.2745538502931595,7.303081512451172,91200,0.0,0.0
1990-12-24,7.274551702582317,7.274551702582317,7.217496395111084,7.217496395111084,9000,0.0,0.0
1990-12-26,7.246026804280835,7.360137462615967,7.246026804280835,7.360137462615967,19800,0.0,0.0
1990-12-27,7.3886637687683105,7.3886637687683105,7.331608450090563,7.3886637687683105,26400,0.0,0.0
1990-12-28,7.360136836767197,7.360136836767197,7.2745538502931595,7.303081512451172,105000,0.0,0.0
1990-12-31,7.303083486594115,7.331611156463624,7.303083486594115,7.331611156463623,28800,0.0,0.0
1991-01-02,7.303083284633366,7.303083284633366,7.246027946472168,7.246027946472168,102000,0.0,0.0
1991-01-03,7.217493918206957,7.246021562152438,7.188966274261475,7.188966274261475,39400,0.0,0.0
1991-01-04,7.188971639162133,7.188971639162133,6.989277982518741,7.046333312988281,84200,0.0,0.0
1991-01-07,6.989276172700992,7.046331488396511,6.818110225614438,6.903693199157715,72000,0.0,0.0
1991-01-08,6.875165302883132,6.875165302883132,6.81810998916626,6.81810998916626,78400,0.0,0.0
1991-01-09,6.818109581613133,6.818109581613133,6.675471305847168,6.675471305847168,124000,0.0,0.0
1991-01-10,6.6469429230793216,6.675470575109705,6.532832314957788,6.589887619018555,68400,0.0,0.0
1991-01-11,6.589889677809032,6.646944999694825,6.561362016866136,6.646944999694824,52200,0.0,0.0
1991-01-14,6.675471387010941,6.703999042510987,6.5898884205108,6.703999042510986,46800,0.0,0.0
1991-01-15,6.732530249267065,6.903696272553516,6.675474908171581,6.789585590362549,139800,0.0,0.0
1991-01-16,6.789581191155218,7.074857711791992,6.789581191155218,7.074857711791992,113000,0.0,0.0
1991-01-17,7.303083284633366,7.388666291875164,7.18897260831097,7.246027946472168,149400,0.0,0.0
1991-01-18,7.246027946472168,7.274555615552767,7.246027946472168,7.246027946472168,32800,0.0,0.0
1991-01-21,7.246027946472168,7.303083284633366,7.18897260831097,7.246027946472168,21400,0.0,0.0
1991-01-22,7.217499139697052,7.360137462615967,7.217499139697052,7.360137462615967,119800,0.0,0.0
1991-01-23,7.417192604705577,7.502775596298334,7.360137276977073,7.474247932434082,64800,0.0,0.0
1991-01-24,7.531300152472729,7.645410760843529,7.50277250038003,7.55982780456543,44200,0.0,0.0
1991-01-25,7.559833589353059,7.759527306807668,7.559833589353059,7.5883612632751465,132000,0.0,0.0
1991-01-28,7.559833589353059,7.616888937197233,7.531305915430972,7.5883612632751465,72400,0.0,0.0
1991-01-29,7.55982780456543,7.588355456658129,7.531300152472729,7.55982780456543,35600,0.0,0.0
1991-01-30,7.559828845893636,7.759522438049316,7.559828845893636,7.759522438049316,132400,0.0,0.0
1991-01-31,7.730995577353019,7.788050895267063,7.61688494152493,7.702467918395996,91400,0.0,0.0
1991-02-01,7.759522193426537,7.759522193426537,7.588356262689186,7.673939228057861,133200,0.0,0.0
1991-02-04,7.730995577353019,7.730995577353019,7.673940259438974,7.702467918395996,75600,0.0,0.0
1991-02-05,7.759520231372248,7.845103175100618,7.702464935553334,7.816575527191162,124200,0.0,0.0
1991-02-06,7.788052910523449,7.987746574895845,7.788052910523449,7.930691242218018,49200,0.0,0.0
1991-02-07,7.873632513659095,7.987743129799082,7.845104859624098,7.902160167694092,396200,0.0,0.0
1991-02-08,7.888390948047569,7.888390948047569,7.802335774068868,7.831020832061768,145800,0.095,0.0
1991-02-11,7.859707887621893,7.97444814875506,7.859707887621893,7.917078018188477,105000,0.0,0.0
1991-02-12,7.945763111114501,7.974448176497586,7.888392980348332,7.945763111114502,87400,0.0,0.0
1991-02-13,7.974444631119849,8.146554946899414,7.9457595784899215,8.146554946899414,98400,0.0,0.0
1991-02-14,8.203930312247664,8.203930312247664,8.089190028160283,8.117875099182129,139200,0.0,0.0
1991-02-15,8.06050174219625,8.261297159261638,8.06050174219625,8.203927040100098,400800,0.0,0.0
1991-02-19,8.146557487830982,8.289982795715332,8.146557487830982,8.289982795715332,60800,0.0,0.0
1991-02-20,8.289982732580098,8.347352855296917,8.203927548504872,8.232612609863281,105000,0.0,0.0
1991-02-21,8.175241218196403,8.203926275102354,7.974445819854736,7.974445819854736,125200,0.0,0.0
1991-02-22,7.974445819854736,8.089186047478545,7.974445819854736,7.974445819854736,248600,0.0,0.0
1991-02-25,8.031820297241211,8.060505369731358,7.945765079770769,8.031820297241211,70800,0.0,0.0
1991-02-26,7.974453457794737,8.03182362655585,7.945768373414181,8.003138542175293,216800,0.0,0.0
1991-02-27,7.945765079770769,8.060505369731358,7.945765079770769,8.031820297241211,192600,0.0,0.0
1991-02-28,8.089193795316964,8.089193795316964,7.945768373414181,8.003138542175293,134000,0.0,0.0
1991-03-01,7.945766056683047,8.089191436767578,7.945766056683047,8.089191436767578,52400,0.0,0.0
1991-03-04,8.089191436767578,8.089191436767578,8.031821284733764,8.089191436767578,57600,0.0,0.0
1991-03-05,8.089185353329308,8.318665788884749,8.089185353329308,8.175240516662598,222000,0.0,0.0
1991-03-06,8.203929947482216,8.289985156721539,8.146559807989332,8.261300086975098,80800,0.0,0.0
1991-03-07,8.318673667261157,8.462099075317383,8.289988585649912,8.462099075317383,52800,0.0,0.0
1991-03-08,8.490775463117266,8.490775463117266,8.404720306396484,8.404720306396484,38400,0.0,0.0
1991-03-11,8.37603798044594,8.40472304202281,8.289982795715332,8.289982795715332,61800,0.0,0.0
1991-03-12,8.318667857292201,8.37603798044594,8.289982795715332,8.289982795715332,39400,0.0,0.0
1991-03-13,8.318670272827148,8.347355342733449,8.289985202920848,8.318670272827148,39600,0.0,0.0
1991-03-14,8.289985156721539,8.318670226467981,8.261300086975098,8.261300086975098,36800,0.0,0.0
1991-03-15,8.289982218842407,8.289982218842407,8.17524198051933,8.203927040100098,35800,0.0,0.0
1991-03-18,8.175242487146464,8.232612609863281,8.175242487146464,8.232612609863281,5000,0.0,0.0
1991-03-19,8.203929993201948,8.318670272827148,8.203929993201948,8.318670272827148,17200,0.0,0.0
1991-03-20,8.261300133014549,8.318670272827148,8.261300133014549,8.318670272827148,23000,0.0,0.0
1991-03-21,8.26129767122169,8.289982732580098,8.146557425788055,8.232612609863281,46600,0.0,0.0
1991-03-22,8.17524198051933,8.232612099680868,8.17524198051933,8.203927040100098,37800,0.0,0.0
1991-03-25,8.261297734138461,8.289982795715332,8.175242549407853,8.289982795715332,16400,0.0,0.0
1991-03-26,8.232615063108248,8.318670272827148,8.232615063108248,8.318670272827148,16000,0.0,0.0
1991-03-27,8.376038667317983,8.490778923034668,8.376038667317983,8.490778923034668,165800,0.0,0.0
1991-03-28,8.548148025460796,8.57683308594892,8.4334077835083,8.4334077835083,233400,0.0,0.0
1991-04-01,8.404723349223568,8.576833724975586,8.404723349223568,8.576833724975586,127000,0.0,0.0
1991-04-02,8.548148281526881,8.662888526916504,8.519463220179476,8.662888526916504,78800,0.0,0.0
1991-04-03,8.720258333783972,8.863683635326472,8.720258333783972,8.806313514709473,189000,0.0,0.0
1991-04-04,8.806312489118731,8.834997546086544,8.72025731821529,8.748942375183105,114000,0.0,0.0
1991-04-05,8.777627432150918,8.806312489118731,8.748942375183105,8.748942375183105,71200,0.0,0.0
1991-04-08,8.748942375183105,8.86368260305436,8.748942375183105,8.748942375183105,43400,0.0,0.0
1991-04-09,8.806313960380804,8.806313960380804,8.748943836860407,8.777628898620605,23200,0.0,0.0
1991-04-10,8.748943836860407,8.777628898620605,8.748943836860407,8.777628898620605,20800,0.0,0.0
1991-04-11,8.777628519002674,8.863683700561523,8.748943458483057,8.863683700561523,157800,0.0,0.0
1991-04-12,8.863683700561523,8.863683700561523,8.80631357952229,8.863683700561523,61400,0.0,0.0
1991-04-15,8.834998575017972,8.892368695634971,8.748943394092473,8.806313514709473,63400,0.0,0.0
1991-04-16,8.777632823357216,8.97842834546016,8.777632823357216,8.949743270874023,34600,0.0,0.0
1991-04-17,8.92105539892889,9.007110595703125,8.92105539892889,9.007110595703125,119200,0.0,0.0
1991-04-18,9.035798494632427,9.035798494632427,8.92105819628789,8.949743270874023,66200,0.0,0.0
1991-04-19,8.89236876108114,8.89236876108114,8.80631357952229,8.863683700561523,45000,0.0,0.0
1991-04-22,8.863683700561523,8.89236876108114,8.80631357952229,8.863683700561523,44800,0.0,0.0
1991-04-23,8.834997546086544,8.892367660022172,8.748942375183105,8.748942375183105,77000,0.0,0.0
1991-04-24,8.76393307545146,8.8504192571171,8.76393307545146,8.79276180267334,65800,0.095,0.0
1991-04-25,8.821592330932617,8.821592330932617,8.792763597824996,8.821592330932617,30200,0.0,0.0
1991-04-26,8.763935202419168,8.792763936637652,8.735106468200682,8.735106468200684,13200,0.0,0.0
1991-04-29,8.763937479654947,8.792766221364339,8.648622512817383,8.648622512817383,22400,0.0,0.0
1991-04-30,8.648620720292413,8.677449456026721,8.533305777355181,8.619791984558105,110200,0.0,0.0
1991-05-01,8.619791142892518,8.619791142892518,8.533304944134398,8.590962409973145,48400,0.0,0.0
1991-05-02,8.648622392419961,8.706279875036094,8.648622392419961,8.677451133728027,22000,0.0,0.0
1991-05-03,8.677451133728027,8.706279875036094,8.619793651111895,8.677451133728027,17200,0.0,0.0
1991-05-06,8.677449112696364,8.706277847290039,8.677449112696364,8.706277847290039,4200,0.0,0.0
1991-05-07,8.735106468200682,8.763935202419168,8.735106468200682,8.735106468200684,13600,0.0,0.0
1991-05-08,8.706277847290039,8.792764051071066,8.706277847290039,8.706277847290039,73200,0.0,0.0
1991-05-09,8.706277847290039,8.792764051071066,8.706277847290039,8.706277847290039,17000,0.0,0.0
1991-05-10,8.7062756210077,8.82159052989522,8.7062756210077,8.79276180267334,25600,0.0,0.0
1991-05-13,8.792765736579895,8.821594476699829,8.763936996459961,8.763936996459961,45600,0.0,0.0
1991-05-14,8.763935697971803,8.850421905517578,8.763935697971803,8.850421905517578,24400,0.0,0.0
1991-05-15,8.792763936637652,8.85042140507462,8.735106468200682,8.735106468200684,18800,0.0,0.0
1991-05-16,8.792765736579895,8.792765736579895,8.706279516220093,8.763936996459961,24800,0.0,0.0
1991-05-17,8.7062756210077,8.82159052989522,8.7062756210077,8.79276180267334,48200,0.0,0.0
1991-05-20,8.82159052989522,8.82159052989522,8.76393307545146,8.79276180267334,16000,0.0,0.0
1991-05-21,8.821593427810425,9.052223321347952,8.821593427810425,9.023394584655762,61800,0.0,0.0
1991-05-22,8.994568824768066,9.023397571001297,8.965740078534836,8.994568824768066,73400,0.0,0.0
1991-05-23,9.023392351367805,9.109878540039062,8.99456362181072,9.109878540039062,33400,0.0,0.0
1991-05-24,9.225192279935632,9.28284973168523,9.109877376436437,9.167534828186035,211000,0.0,0.0
1991-05-28,9.16754207432827,9.28285706897391,9.138713325666862,9.2540283203125,222200,0.0,0.0
1991-05-29,9.254021005810431,9.31167845756003,9.081048650561637,9.167534828186035,116600,0.0,0.0
1991-05-30,9.109880678213326,9.138709414536786,9.052223205566406,9.052223205566406,52200,0.0,0.0
1991-05-31,9.109879317792874,9.109879317792874,8.90807819366455,8.90807819366455,51400,0.0,0.0
1991-06-03,8.85042106404024,8.994564729578356,8.763934864717372,8.821592330932617,61600,0.0,0.0
1991-06-04,8.821592107995764,8.96573576989112,8.821592107995764,8.879249572753906,51000,0.0,0.0
1991-06-05,8.850420840374836,8.994564502270192,8.850420840374836,8.879249572753906,49200,0.0,0.0
1991-06-06,8.936909437179565,8.936909437179565,8.763936996459961,8.763936996459961,19400,0.0,0.0
1991-06-07,8.706277341650637,8.706277341650637,8.533304944134398,8.590962409973145,49000,0.0,0.0
1991-06-10,8.590966602907343,8.590966602907343,8.504480361938477,8.504480361938477,22600,0.0,0.0
1991-06-11,8.533304435055271,8.619790628653805,8.446818241456738,8.47564697265625,110800,0.0,0.0
1991-06-12,8.475644212533997,8.475644212533997,8.446815490722656,8.446815490722656,103800,0.0,0.0
1991-06-13,8.475651614948855,8.5333091089281,8.475651614948855,8.504480361938477,20200,0.0,0.0
1991-06-14,8.504478685879628,8.706279875036094,8.504478685879628,8.677451133728027,80800,0.0,0.0
1991-06-17,8.677451133728027,8.763937357652226,8.677451133728027,8.677451133728027,15800,0.0,0.0
1991-06-18,8.706279875036094,8.706279875036094,8.619793651111895,8.677451133728027,56400,0.0,0.0
1991-06-19,8.677448608731265,8.677448608731265,8.562133677053772,8.590962409973145,65000,0.0,0.0
1991-06-20,8.533304435055271,8.533304435055271,8.360332047858206,8.47564697265625,67000,0.0,0.0
1991-06-21,8.533301656156677,8.533301656156677,8.417986768911316,8.446815490722656,45800,0.0,0.0
1991-06-24,8.389164338509241,8.417993081940546,8.302678108215332,8.302678108215332,61400,0.0,0.0
1991-06-25,8.331506851646635,8.389164338509241,8.273849364784029,8.302678108215332,94600,0.0,0.0
1991-06-26,8.302675134995406,8.36033260121065,8.302675134995406,8.331503868103027,48000,0.0,0.0
1991-06-27,8.360331427190722,8.38916015625,8.360331427190722,8.38916015625,63400,0.0,0.0
1991-06-28,8.389163135660105,8.389163135660105,8.302676917766703,8.360334396362305,125200,0.0,0.0
1991-07-01,8.446821320851644,8.648622512817383,8.38916383743286,8.648622512817383,123800,0.0,0.0
1991-07-02,8.648622512817383,8.648622512817383,8.619793771107991,8.648622512817383,41000,0.0,0.0
1991-07-03,8.648622392419961,8.706279875036094,8.648622392419961,8.677451133728027,40600,0.0,0.0
1991-07-05,8.677449112696364,8.706277847290039,8.648620378102688,8.706277847290039,8600,0.0,0.0
1991-07-08,8.706277847290039,8.706277847290039,8.677449112696364,8.706277847290039,46600,0.0,0.0
1991-07-09,8.735108256340027,8.792765736579895,8.735108256340027,8.763936996459961,43000,0.0,0.0
1991-07-10,8.821592330932617,8.85042106404024,8.792763597824996,8.821592330932617,49800,0.0,0.0
1991-07-11,8.821591997609556,8.90807819366455,8.821591997609556,8.90807819366455,136000,0.0,0.0
1991-07-12,8.87924946164622,8.965735657701215,8.87924946164622,8.90807819366455,32200,0.0,0.0
1991-07-15,8.952113400599,9.125940845270826,8.894170919041725,9.096969604492188,68800,0.095,0.0
1991-07-16,9.154916345505487,9.154916345505487,9.125945091247559,9.125945091247559,71000,0.0,0.0
1991-07-17,9.067998111440911,9.067998111440911,8.894170671604984,8.952113151550293,73400,0.0,0.0
1991-07-18,8.92314654531203,9.039031565381016,8.92314654531203,9.01006031036377,15800,0.0,0.0
1991-07-19,9.039026871468257,9.039026871468257,8.923141911577638,8.952113151550293,161800,0.0,0.0
1991-07-22,8.981089715833788,9.010060972981638,8.923147201538086,8.923147201538086,25400,0.0,0.0
1991-07-23,8.952115161411148,8.952115161411148,8.894172668457031,8.894172668457031,53800,0.0,0.0
1991-07-24,8.894173932844591,8.981087684631348,8.836231431653422,8.981087684631348,108400,0.0,0.0
1991-07-25,8.952114435342642,9.06799941185193,8.923143191215319,9.03902816772461,64400,0.0,0.0
1991-07-26,9.068002820398263,9.096974075415512,9.01006031036377,9.01006031036377,12600,0.0,0.0
1991-07-29,8.981085679469963,9.03902816772461,8.981085679469963,9.03902816772461,25200,0.0,0.0
1991-07-30,9.039030495543068,9.068001747131348,8.981087992366511,9.068001747131348,47400,0.0,0.0
1991-07-31,9.068001747131348,9.125944250307906,9.039030495543068,9.068001747131348,115800,0.0,0.0
1991-08-01,9.06799836371355,9.096969604492188,9.06799836371355,9.096969604492188,75000,0.0,0.0
1991-08-02,9.125940845270826,9.125940845270826,9.010055882156275,9.096969604492188,248400,0.0,0.0
1991-08-05,9.125945091247559,9.125945091247559,9.039031328473774,9.125945091247559,102800,0.0,0.0
1991-08-06,9.096969604492188,9.212854567606737,9.06799836371355,9.096969604492188,82800,0.0,0.0
1991-08-07,9.096970655979254,9.154913144233898,9.03902816772461,9.03902816772461,80600,0.0,0.0
1991-08-08,9.039031565381016,9.039031565381016,8.981089055346523,9.01006031036377,20800,0.0,0.0
1991-08-09,9.03902749454274,9.03902749454274,8.86520004272461,8.86520004272461,68800,0.0,0.0
1991-08-12,8.836228191659675,8.981084391522948,8.836228191659675,8.952113151550293,44000,0.0,0.0
1991-08-13,8.952116434035762,9.039030185822517,8.952116434035762,8.981087684631348,49000,0.0,0.0
1991-08-14,8.981089715833788,8.981089715833788,8.923147201538086,8.923147201538086,98800,0.0,0.0
1991-08-15,8.952118458685936,8.952118458685936,8.894175944390234,8.923147201538086,40800,0.0,0.0
1991-08-16,8.981085679469963,9.06799941185193,8.952114435342642,9.03902816772461,37200,0.0,0.0
1991-08-19,9.01006031036377,9.039031565381016,8.92314654531203,9.01006031036377,55600,0.0,0.0
1991-08-20,9.03903261399427,9.03903261399427,8.7493200302124,8.749320030212402,85000,0.0,0.0
1991-08-21,8.83622942191146,8.83622942191146,8.720344445886392,8.778286933898926,70000,0.0,0.0
1991-08-22,8.749319197336831,8.749319197336831,8.604462919235228,8.691376686096191,60000,0.0,0.0
1991-08-23,8.691377225129502,8.7203484825466,8.662405967712402,8.662405967712402,40800,0.0,0.0
1991-08-26,8.633434835106435,8.633434835106435,8.546521061598654,8.604463577270508,82200,0.0,0.0
1991-08-27,8.604460507136245,8.720345497131348,8.604460507136245,8.720345497131348,34400,0.0,0.0
1991-08-28,8.720346758240147,8.836231764994169,8.720346758240147,8.807260513305664,127200,0.0,0.0
1991-08-29,8.778287992128897,8.836230487126448,8.720345497131348,8.720345497131348,115800,0.0,0.0
1991-08-30,8.691376686096191,8.691376686096191,8.63343417485555,8.691376686096191,144800,0.0,0.0
1991-09-03,8.720346758240147,8.807260513305664,8.720346758240147,8.807260513305664,18800,0.0,0.0
1991-09-04,8.778287992128897,8.836230487126448,8.720345497131348,8.720345497131348,15000,0.0,0.0
1991-09-05,8.749316744630121,8.749316744630121,8.691374249632572,8.720345497131348,24600,0.0,0.0
1991-09-06,8.720344210631096,8.720344210631096,8.633430480957031,8.633430480957031,50800,0.0,0.0
1991-09-09,8.662405967712402,8.662405967712402,8.633434710295305,8.662405967712402,40400,0.0,0.0
1991-09-10,8.633434710295305,8.691377225129502,8.633434710295305,8.662405967712402,102400,0.0,0.0
1991-09-11,8.691377225129502,8.691377225129502,8.662405967712402,8.662405967712402,24200,0.0,0.0
1991-09-12,8.691377513456027,8.778291288590589,8.691377513456027,8.749320030212402,216800,0.0,0.0
1991-09-13,8.749319866450147,8.778291124286074,8.604463577270508,8.604463577270508,121400,0.0,0.0
1991-09-16,8.57548599507157,8.57548599507157,8.372687339782715,8.372687339782715,46000,0.0,0.0
1991-09-17,8.401665670711667,8.430636931645155,8.169895583243758,8.198866844177246,125000,0.0,0.0
1991-09-18,8.169895324972863,8.34372288507867,8.169895324972863,8.314751625061035,246400,0.0,0.0
1991-09-19,8.314747507661682,8.546517473032042,8.314747507661682,8.488574981689453,154600,0.0,0.0
1991-09-20,8.517547497878203,8.604461247856552,8.48857624788542,8.57548999786377,92200,0.0,0.0
1991-09-23,8.54651215936051,8.575483387019359,8.459598476383961,8.51754093170166,34600,0.0,0.0
1991-09-24,8.517549152374267,8.691376686096191,8.517549152374267,8.691376686096191,64800,0.0,0.0
1991-09-25,8.691373201880126,8.778286933898926,8.691373201880126,8.778286933898926,281200,0.0,0.0
1991-09-26,8.807257558785233,8.894171284694298,8.807257558785233,8.86520004272461,316200,0.0,0.0
1991-09-27,8.86520004272461,8.894171284694298,8.836228800754922,8.86520004272461,134000,0.0,0.0
1991-09-30,8.894171284694298,8.894171284694298,8.836228800754922,8.86520004272461,146600,0.0,0.0
1991-10-01,8.83622942191146,8.865200665917728,8.74931568989266,8.778286933898926,122600,0.0,0.0
1991-10-02,8.778290452957153,8.807261708577473,8.66240543047587,8.691376686096191,56000,0.0,0.0
1991-10-03,8.662404254863135,8.836231764994169,8.662404254863135,8.807260513305664,83000,0.0,0.0
1991-10-04,8.778291288590589,8.778291288590589,8.720348771834214,8.749320030212402,78400,0.0,0.0
1991-10-07,8.778286933898926,8.83622942191146,8.74931568989266,8.778286933898926,45600,0.0,0.0
1991-10-08,8.807260513305664,8.807260513305664,8.778289261617159,8.807260513305664,16800,0.0,0.0
1991-10-09,8.778289261617159,8.836231764994169,8.778289261617159,8.807260513305664,53800,0.0,0.0
1991-10-10,8.807262546968776,8.807262546968776,8.7493200302124,8.749320030212402,8400,0.0,0.0
1991-10-11,8.749318009928652,8.836231764994169,8.749318009928652,8.807260513305664,17800,0.0,0.0
1991-10-14,8.807258177905194,8.807258177905194,8.778286933898926,8.778286933898926,10400,0.0,0.0
1991-10-15,8.807258929025856,8.952115161411148,8.778287682548797,8.894172668457031,113000,0.0,0.0
1991-10-16,8.923141911577638,8.952113151550293,8.894170671604984,8.952113151550293,67600,0.0,0.0
1991-10-17,8.923141911577638,8.981084391522948,8.923141911577638,8.952113151550293,153200,0.0,0.0
1991-10-18,9.001049041748047,9.05930825884674,8.9719194331987,9.001049041748047,63800,0.105,0.0
1991-10-21,9.001052626459545,9.059311866760254,8.913663766008481,9.059311866760254,62600,0.0,0.0
1991-10-22,9.05930825884674,9.05930825884674,9.001049041748047,9.001049041748047,76400,0.0,0.0
1991-10-23,9.0301822466099,9.059311866760254,8.97192300630919,9.059311866760254,28600,0.0,0.0
1991-10-24,9.059316029915443,9.088445663452148,9.001056762842031,9.088445663452148,85800,0.0,0.0
1991-10-25,9.05930825884674,9.05930825884674,9.001049041748047,9.001049041748047,26400,0.0,0.0
1991-10-28,9.00105226578251,9.030181884765625,8.971922646799396,9.030181884765625,22000,0.0,0.0
1991-10-29,9.001052494172926,9.001052494172926,8.971922874450684,8.971922874450684,48800,0.0,0.0
1991-10-30,9.001049041748047,9.030178650297394,8.9719194331987,9.001049041748047,41000,0.0,0.0
1991-10-31,9.030178650297394,9.030178650297394,9.001049041748047,9.001049041748047,11400,0.0,0.0
1991-11-01,9.001052494172926,9.001052494172926,8.971922874450684,8.971922874450684,25600,0.0,0.0
1991-11-04,8.942797660827637,8.971927294901995,8.942797660827637,8.942797660827637,24600,0.0,0.0
1991-11-05,8.942794680595398,8.942794680595398,8.826276183128357,8.855405807495117,155200,0.0,0.0
1991-11-06,8.855405807495117,8.855405807495117,8.797146558761597,8.855405807495117,57600,0.0,0.0
1991-11-07,8.826276183128357,8.913665056228638,8.826276183128357,8.855405807495117,35400,0.0,0.0
1991-11-08,8.884532412025225,8.884532412025225,8.768013954162598,8.768013954162598,25800,0.0,0.0
1991-11-11,8.76801717202395,8.797146797180176,8.76801717202395,8.797146797180176,18400,0.0,0.0
1991-11-12,8.826272010803223,8.826272010803223,8.797142400206512,8.826272010803223,69000,0.0,0.0
1991-11-13,8.8262764223364,8.8262764223364,8.797146797180176,8.797146797180176,63400,0.0,0.0
1991-11-14,8.826271351735302,9.146697044372559,8.768012134892166,9.146697044372559,140600,0.0,0.0
1991-11-15,9.088446273803712,9.117575909296672,8.738890647888184,8.738890647888184,161600,0.0,0.0
1991-11-18,8.680627463241219,8.709757085601089,8.564108973801739,8.651497840881348,197400,0.0,0.0
1991-11-19,8.680628296555271,8.8262764223364,8.680628296555271,8.797146797180176,43400,0.0,0.0
1991-11-20,8.797142400206512,8.855401621399933,8.768012789609802,8.826272010803223,50800,0.0,0.0
1991-11-21,8.8262764223364,8.8262764223364,8.709757921711498,8.797146797180176,149600,0.0,0.0
1991-11-22,8.797149918874105,8.797149918874105,8.738890647888184,8.738890647888184,14000,0.0,0.0
1991-11-25,8.738887546867725,8.797146797180176,8.680628296555271,8.797146797180176,54000,0.0,0.0
1991-11-26,8.797146797180176,8.855406047492627,8.76801717202395,8.797146797180176,84400,0.0,0.0
1991-11-27,8.797147857165728,8.884536743164062,8.797147857165728,8.884536743164062,37000,0.0,0.0
1991-11-29,8.855401621399933,8.884531231996643,8.826272010803223,8.826272010803223,26400,0.0,0.0
1991-12-02,8.797143568628254,8.855402797559568,8.768013954162598,8.768013954162598,158600,0.0,0.0
1991-12-03,8.797149918874105,8.826279554367066,8.738890647888184,8.738890647888184,110800,0.0,0.0
1991-12-04,8.709757921711498,8.8262764223364,8.709757921711498,8.797146797180176,80400,0.0,0.0
1991-12-05,8.797149568895831,8.826279203229923,8.680631031559463,8.709760665893555,62600,0.0,0.0
1991-12-06,8.680629626775191,8.680629626775191,8.593240737915039,8.593240737915039,46600,0.0,0.0
1991-12-09,8.564111108294988,8.651499997155142,8.564111108294988,8.593240737915039,20800,0.0,0.0
1991-12-10,8.59323906817127,8.738887187970784,8.534979820251465,8.534979820251465,59400,0.0,0.0
1991-12-11,8.534975844416126,8.534975844416126,8.447587013244629,8.447587013244629,113200,0.0,0.0
1991-12-12,8.505846234025627,8.505846234025627,8.447587013244629,8.447587013244629,59400,0.0,0.0
1991-12-13,8.44758942013695,8.564107894897461,8.44758942013695,8.564107894897461,63200,0.0,0.0
1991-12-16,8.59324247042338,8.797149918874105,8.59324247042338,8.738890647888184,98600,0.0,0.0
1991-12-17,8.73888614130955,8.913663864135742,8.73888614130955,8.913663864135742,133400,0.0,0.0
1991-12-18,8.884535431861877,8.884535431861877,8.826276183128357,8.855405807495117,29600,0.0,0.0
1991-12-19,8.797142400206512,8.826272010803223,8.738883179013092,8.826272010803223,78600,0.0,0.0
1991-12-20,8.855402797559568,8.855402797559568,8.768013954162598,8.768013954162598,87400,0.0,0.0
1991-12-23,8.797146797180176,8.797146797180176,8.738887546867725,8.797146797180176,52800,0.0,0.0
1991-12-24,8.738883179013092,8.855401621399933,8.738883179013092,8.826272010803223,46000,0.0,0.0
1991-12-26,8.855409189860026,8.855409189860026,8.709761012395223,8.738890647888184,23800,0.0,0.0
1991-12-27,8.768016934394836,8.855405807495117,8.709757685661316,8.855405807495117,122800,0.0,0.0
1991-12-30,8.913660216100007,9.001049041748047,8.826271390451968,9.001049041748047,151000,0.0,0.0
1991-12-31,9.059312829403295,9.292349815368652,9.059312829403295,9.292349815368652,76800,0.0,0.0
1992-01-02,9.146704071287123,9.20496333288768,9.117574440486846,9.175833702087402,100400,0.0,0.0
1992-01-03,9.117571207432965,9.117571207432965,8.913663864135742,8.913663864135742,173400,0.0,0.0
1992-01-06,8.971927129305326,9.117575296988853,8.971927129305326,9.088445663452148,143600,0.0,0.0
1992-01-07,9.059311866760254,9.08844148691061,9.001052626459545,9.059311866760254,71800,0.0,0.0
1992-01-08,9.059316029915443,9.117575296988853,8.971927129305326,9.088445663452148,103400,0.0,0.0
1992-01-09,9.030182113895169,9.059311733617411,8.971922874450684,8.971922874450684,36600,0.0,0.0
1992-01-10,8.9719194331987,9.05930825884674,8.9719194331987,9.001049041748047,110800,0.0,0.0
1992-01-13,9.030178650297394,9.088437867396086,8.9719194331987,9.001049041748047,44600,0.0,0.0
1992-01-14,9.001049674383484,9.001049674383484,8.797142400206512,8.826272010803223,113800,0.0,0.0
1992-01-15,8.797147672200941,8.855406928308232,8.447592135557194,8.47672176361084,118400,0.0,0.0
1992-01-16,8.33107585200557,8.33107585200557,7.777612770928276,7.865001678466797,664800,0.0,0.0
1992-01-17,7.8650008867371755,7.8650008867371755,7.661093456340286,7.719352722167969,853000,0.0,0.0
1992-01-20,7.6902224892064135,7.777611381129214,7.515444705360814,7.748481750488281,441000,0.0,0.0
1992-01-21,7.719352722167969,7.74848235508181,7.515445291771079,7.719352722167969,510200,0.0,0.0
1992-01-22,7.719352119847347,7.777611381129214,7.602833597283614,7.748481750488281,420200,0.0,0.0
1992-01-23,7.7484802003210405,7.777609825134277,7.719350575507804,7.777609825134277,148200,0.0,0.0
1992-01-24,7.748481974672916,7.865000500607847,7.748481974672916,7.806741237640381,147600,0.0,0.0
1992-01-27,7.806739449947514,7.806739449947514,7.690220950694567,7.777609825134277,161000,0.0,0.0
1992-01-28,7.777611987995652,7.777611987995652,7.719352722167969,7.719352722167969,137600,0.0,0.0
1992-01-29,7.748476718411301,7.7776063301346525,7.6902174949646005,7.6902174949646,177400,0.0,0.0
1992-01-30,7.719347106687951,7.748476718411301,7.6902174949646005,7.6902174949646,88000,0.0,0.0
1992-01-31,7.71935407441991,7.71935407441991,7.631965160369874,7.631965160369873,166600,0.0,0.0
1992-02-03,7.5737058843365155,7.661094798386553,7.515446608303158,7.631965160369873,223200,0.0,0.0
1992-02-04,7.602835522353194,7.661094798386553,7.602835522353194,7.631965160369873,105800,0.0,0.0
1992-02-05,7.651896962648109,7.710532188415527,7.6225793497644,7.710532188415527,72600,0.105,0.0
1992-02-06,7.6812145755318175,7.739849801299236,7.6812145755318175,7.710532188415527,214000,0.0,0.0
1992-02-07,7.739852439356215,7.739852439356215,7.651899570727167,7.681217193603516,109800,0.0,0.0
1992-02-10,7.710534816479866,7.710534816479866,7.622581947850818,7.681217193603516,268200,0.0,0.0
1992-02-11,7.710532188415527,7.710532188415527,7.6225793497644,7.710532188415527,45800,0.0,0.0
1992-02-12,7.710534816479866,7.710534816479866,7.651899570727167,7.681217193603516,214200,0.0,0.0
1992-02-13,7.681216004272224,7.681216004272224,7.505310294250723,7.593263149261475,183600,0.0,0.0
1992-02-14,7.505308356418078,7.505308356418078,7.300085081047271,7.358720302581787,128200,0.0,0.0
1992-02-18,7.41735551060443,7.505308342745985,7.300085067749024,7.300085067749023,249200,0.0,0.0
1992-02-19,7.3000828438117855,7.3000828438117855,7.124177233117526,7.153494834899902,282800,0.0,0.0
1992-02-20,7.094862708266901,7.212133166254784,6.801686563297195,7.1828155517578125,347600,0.0,0.0
1992-02-21,7.153498649597168,7.50531005859375,7.153498649597168,7.50531005859375,348000,0.0,0.0
1992-02-24,7.5053081660307654,7.563943386077881,7.44667294598365,7.563943386077881,193400,0.0,0.0
1992-02-25,7.651896962648109,7.710532188415527,7.651896962648109,7.710532188415527,430800,0.0,0.0
1992-02-26,7.6812152969303416,7.857120990753174,7.6812152969303416,7.857120990753174,464800,0.0,0.0
1992-02-27,7.857119531342478,7.857119531342478,7.739849090576173,7.739849090576172,179200,0.0,0.0
1992-02-28,7.6812171936035165,7.739852439356215,7.6812171936035165,7.681217193603516,730600,0.0,0.0
1992-03-02,7.6812171936035165,7.710534816479866,7.593264324974468,7.681217193603516,283800,0.0,0.0
1992-03-03,7.651895695783961,7.651895695783961,7.446672439575195,7.446672439575195,109400,0.0,0.0
1992-03-04,7.475989797840948,7.475989797840948,7.388036976689878,7.417354583740234,127800,0.0,0.0
1992-03-05,7.417357685073974,7.417357685073974,7.358722446456788,7.388040065765381,107000,0.0,0.0
1992-03-06,7.388039588928223,7.534627676010132,7.388039588928223,7.50531005859375,149400,0.0,0.0
1992-03-09,7.475990047605019,7.475990047605019,7.417354831545372,7.446672439575195,189200,0.0,0.0
1992-03-10,7.44667294598365,7.593260996101439,7.44667294598365,7.563943386077881,240200,0.0,0.0
1992-03-11,7.5932629108428955,7.5932629108428955,7.50531005859375,7.50531005859375,151200,0.0,0.0
1992-03-12,7.534627676010132,7.534627676010132,7.475992441177368,7.50531005859375,144600,0.0,0.0
1992-03-13,7.505307404891305,7.505307404891305,7.417354583740235,7.417354583740234,56800,0.0,0.0
1992-03-16,7.446674823760986,7.50531005859375,7.4173572063446045,7.50531005859375,107000,0.0,0.0
1992-03-17,7.505307655634843,7.534625263664666,7.446672439575195,7.446672439575195,116800,0.0,0.0
1992-03-18,7.475988388061524,7.505305989583334,7.446670786539714,7.475988388061523,95200,0.0,0.0
1992-03-19,7.475992441177368,7.534627676010132,7.475992441177368,7.50531005859375,79600,0.0,0.0
1992-03-20,7.563941192626954,7.563941192626954,7.475988388061524,7.475988388061523,70400,0.0,0.0
1992-03-23,7.475992441177368,7.5932629108428955,7.446674823760986,7.50531005859375,149600,0.0,0.0
1992-03-24,7.563945293426514,7.622580528259277,7.475992441177368,7.50531005859375,160600,0.0,0.0
1992-03-25,7.50531005859375,7.50531005859375,7.446674823760986,7.50531005859375,84400,0.0,0.0
1992-03-26,7.475986527097828,7.563939309769567,7.475986527097828,7.534621715545654,111800,0.0,0.0
1992-03-27,7.505305989583334,7.534623591105144,7.475988388061524,7.475988388061523,54800,0.0,0.0
1992-03-30,7.475990047605019,7.475990047605019,7.446672439575195,7.446672439575195,17200,0.0,0.0
1992-03-31,7.475986527097828,7.563939309769567,7.446668932873915,7.534621715545654,77400,0.0,0.0
1992-04-01,7.563939309769567,7.59325690399348,7.534621715545654,7.534621715545654,52400,0.0,0.0
1992-04-02,7.593259835151876,7.681212651775257,7.593259835151876,7.651895046234131,52600,0.0,0.0
1992-04-03,7.651898385935308,7.681216004272224,7.563945530924557,7.593263149261475,70000,0.0,0.0
1992-04-06,7.593260996101439,7.593260996101439,7.534625776054323,7.563943386077881,122200,0.0,0.0
1992-04-07,7.5932629108428955,7.5932629108428955,7.50531005859375,7.50531005859375,71400,0.0,0.0
1992-04-08,7.50531005859375,7.534627676010132,7.475992441177368,7.50531005859375,139400,0.0,0.0
1992-04-09,7.50531005859375,7.534627676010132,7.475992441177368,7.50531005859375,72600,0.0,0.0
1992-04-10,7.50531005859375,7.534627676010132,7.475992441177368,7.50531005859375,134000,0.0,0.0
1992-04-13,7.505305989583334,7.505305989583334,7.417353185017904,7.475988388061523,104200,0.0,0.0
1992-04-14,7.44667294598365,7.563943386077881,7.358720115912977,7.563943386077881,131600,0.0,0.0
1992-04-15,7.563943386077881,7.563943386077881,7.5053081660307654,7.563943386077881,64400,0.0,0.0
1992-04-16,7.563943386077881,7.593260996101439,7.534625776054323,7.563943386077881,131600,0.0,0.0
1992-04-20,7.475989797840948,7.593260226042375,7.417354583740235,7.417354583740234,68400,0.0,0.0
1992-04-21,7.446672190790592,7.475989797840948,7.388036976689878,7.417354583740234,59600,0.0,0.0
1992-04-22,7.407912733055386,7.466939926147461,7.378399136509349,7.466939926147461,127400,0.105,0.0
1992-04-23,7.437423683166504,7.466937269210816,7.348882925033569,7.378396511077881,98800,0.0,0.0
1992-04-24,7.378397234882492,7.437424412761552,7.378397234882492,7.4079108238220215,116000,0.0,0.0
1992-04-27,7.378400333466068,7.378400333466068,7.319373130798339,7.31937313079834,45800,0.0,0.0
1992-04-28,7.319371215696257,7.348884809307935,7.2603440284728995,7.2603440284729,109400,0.0,0.0
1992-04-29,7.289859762153473,7.348886966705322,7.289859762153473,7.348886966705322,110600,0.0,0.0
1992-04-30,7.378397234882492,7.407910823822022,7.348883645942962,7.4079108238220215,50600,0.0,0.0
1992-05-01,7.407913934799932,7.407913934799932,7.319373130798339,7.31937313079834,61000,0.0,0.0
1992-05-04,7.319373130798339,7.319373130798339,7.260345928130611,7.31937313079834,161200,0.0,0.0
1992-05-05,7.260345928130611,7.348886732132203,7.260345928130611,7.31937313079834,104400,0.0,0.0
1992-05-06,7.348882925033569,7.437423683166504,7.319369338989258,7.378396511077881,149600,0.0,0.0
1992-05-07,7.378400333466068,7.378400333466068,7.289859529464475,7.31937313079834,79200,0.0,0.0
1992-05-08,7.319372177124023,7.348885774612427,7.1422905921936035,7.1422905921936035,681800,0.0,0.0
1992-05-11,7.171805124129018,7.348886732132203,7.171805124129018,7.31937313079834,85000,0.0,0.0
1992-05-12,7.319370501437168,7.378397682900371,7.289856910705566,7.289856910705566,122800,0.0,0.0
1992-05-13,7.260345928130611,7.348886732132203,7.260345928130611,7.31937313079834,81600,0.0,0.0
1992-05-14,7.348885532301299,7.378399128816565,7.2308311462402335,7.230831146240234,52000,0.0,0.0
1992-05-15,7.2308325865631735,7.2308325865631735,7.083264574592497,7.171805381774902,111200,0.0,0.0
1992-05-18,7.1422910730044045,7.17180467247963,7.024236675103506,7.083263874053955,300000,0.0,0.0
1992-05-19,7.05375027457873,7.083263874053955,7.024236675103506,7.083263874053955,163000,0.0,0.0
1992-05-20,7.083264594297528,7.083264594297528,7.024237389345049,7.053750991821289,73800,0.0,0.0
1992-05-21,7.083261954684217,7.083261954684217,6.994721180250665,7.024234771728516,173600,0.0,0.0
1992-05-22,7.053750991821289,7.053750991821289,6.99472378686881,7.053750991821289,80800,0.0,0.0
1992-05-26,7.053748363206367,7.083261954684217,6.994721180250665,7.024234771728516,32200,0.0,0.0
1992-05-27,7.053747385235156,7.053747385235156,6.965206623077393,6.965206623077393,60200,0.0,0.0
1992-05-28,6.965206623077393,7.053747385235156,6.935693035691472,6.965206623077393,214000,0.0,0.0
1992-05-29,6.994721180250665,7.083261954684217,6.935693997294963,7.024234771728516,76400,0.0,0.0
1992-06-01,7.024237389345049,7.053750991821289,7.024237389345049,7.053750991821289,37000,0.0,0.0
1992-06-02,7.05375027457873,7.083263874053955,7.024236675103506,7.083263874053955,84400,0.0,0.0
1992-06-03,7.053745780248366,7.201313683600842,7.02423219957787,7.1127729415893555,472800,0.0,0.0
1992-06-04,7.11277747352918,7.11277747352918,7.024236675103506,7.083263874053955,73200,0.0,0.0
1992-06-05,7.083263874053955,7.083263874053955,6.994723075628281,7.083263874053955,257600,0.0,0.0
1992-06-08,7.053749078436743,7.053749078436743,6.965208295025404,6.99472188949585,26000,0.0,0.0
1992-06-09,6.99472188949585,7.024235483966296,6.965208295025404,6.99472188949585,140400,0.0,0.0
1992-06-10,6.935695167227741,6.965208763684029,6.817640781402588,6.817640781402588,138800,0.0,0.0
1992-06-11,6.788125669575173,6.817639259442891,6.433962591162555,6.463476181030273,336200,0.0,0.0
1992-06-12,6.49299381015537,6.581534634839307,6.49299381015537,6.552021026611328,153400,0.0,0.0
1992-06-15,6.522503376007079,6.581530555880446,6.492989786070396,6.52250337600708,177200,0.0,0.0
1992-06-16,6.522503376007079,6.699584915627181,6.492989786070396,6.52250337600708,333000,0.0,0.0
1992-06-17,6.492989990446302,6.492989990446302,6.374935626983643,6.374935626983643,169000,0.0,0.0
1992-06-18,6.3749368179676145,6.433964010726574,6.345423221588135,6.345423221588135,74800,0.0,0.0
1992-06-19,6.3749368179676145,6.3749368179676145,6.286396028829175,6.345423221588135,178400,0.0,0.0
1992-06-22,6.286396028829175,6.345423221588135,6.286396028829175,6.345423221588135,86400,0.0,0.0
1992-06-23,6.345422980941344,6.404450171461729,6.3159093856811515,6.315909385681152,178400,0.0,0.0
1992-06-24,6.315908445252313,6.374935626983643,6.315908445252313,6.374935626983643,50200,0.0,0.0
1992-06-25,6.374936576201536,6.374936576201536,6.3159093856811515,6.315909385681152,106600,0.0,0.0
1992-06-26,6.315909625208655,6.345423221588135,6.315909625208655,6.345423221588135,43800,0.0,0.0
1992-06-29,6.345423221588135,6.345423221588135,6.315909625208655,6.345423221588135,101400,0.0,0.0
1992-06-30,6.3454218064585035,6.404448986053467,6.315908216661022,6.404448986053467,302800,0.0,0.0
1992-07-01,6.374935396255985,6.4339625758509476,6.374935396255985,6.404448986053467,120400,0.0,0.0
1992-07-02,6.4339625758509476,6.4339625758509476,6.404448986053467,6.404448986053467,58000,0.0,0.0
1992-07-06,6.433962821960449,6.433962821960449,6.374935640107601,6.433962821960449,12000,0.0,0.0
1992-07-07,6.4339628087149725,6.463476399580638,6.374935626983643,6.374935626983643,97600,0.0,0.0
1992-07-08,6.374935626983643,6.404449217849308,6.345422036117977,6.374935626983643,107400,0.0,0.0
1992-07-09,6.374935396255985,6.4339625758509476,6.3454218064585035,6.404448986053467,186200,0.0,0.0
1992-07-10,6.463476399580638,6.463476399580638,6.345422036117977,6.374935626983643,179000,0.0,0.0
1992-07-13,6.404448345303535,6.670070626905986,6.404448345303535,6.611043453216553,470000,0.0,0.0
1992-07-14,6.581532009752282,6.847154377858876,6.581532009752282,6.817640781402588,1088600,0.0,0.0
1992-07-15,6.847153655342434,6.935694435368414,6.6110449086064875,6.788126468658447,631600,0.0,0.0
1992-07-16,6.788127422332764,7.1422905921936035,6.788127422332764,7.1422905921936035,581000,0.0,0.0
1992-07-17,7.142291779380767,7.2308325865631735,7.083264574592497,7.171805381774902,167200,0.0,0.0
1992-07-20,7.201317050788976,7.201317050788976,6.99472188949585,6.99472188949585,110600,0.0,0.0
1992-07-21,6.935694418122283,6.935694418122283,6.581531298899018,6.670072078704834,543000,0.0,0.0
1992-07-22,6.61104340986772,6.61104340986772,6.433961889960549,6.4929890632629395,77200,0.0,0.0
1992-07-23,6.552016965943763,6.552016965943763,6.463476196133712,6.52250337600708,166600,0.0,0.0
1992-07-24,6.5724698852848356,6.631949250762527,6.54273020254599,6.602209568023682,610000,0.105,0.0
1992-07-27,6.602204437255859,6.750902735392252,6.602204437255859,6.691423416137695,78000,0.0,0.0
1992-07-28,6.691425496881659,6.869863510131836,6.691425496881659,6.869863510131836,77200,0.0,0.0
1992-07-29,6.840125196858457,6.929344221165306,6.7806458473205575,6.780645847320557,166400,0.0,0.0
1992-07-30,6.810385522089507,6.899604546396357,6.721166497782658,6.780645847320557,183200,0.0,0.0
1992-07-31,6.780644999141186,6.810384670190051,6.721165657043457,6.721165657043457,273200,0.0,0.0
1992-08-03,6.750905328092322,6.8401243412389165,6.721165657043457,6.721165657043457,186000,0.0,0.0
1992-08-04,6.691426642665779,6.78064566456799,6.661686968698375,6.750905990600586,91600,0.0,0.0
1992-08-05,6.78064431729524,6.840123653411865,6.721164981178616,6.840123653411865,128600,0.0,0.0
1992-08-06,6.840123653411865,6.840123653411865,6.7509046492369285,6.840123653411865,105000,0.0,0.0
1992-08-07,6.810383319854736,6.869862650159145,6.780643654702533,6.810383319854736,227800,0.0,0.0
1992-08-10,6.780643654702533,6.840122985006941,6.780643654702533,6.810383319854736,49400,0.0,0.0
1992-08-11,6.780642813649671,6.899601459503174,6.780642813649671,6.899601459503174,45800,0.0,0.0
1992-08-12,6.899602315311349,6.899602315311349,6.810383319854736,6.810383319854736,44400,0.0,0.0
1992-08-13,6.810385338535393,6.8698646864701995,6.750905990600586,6.750905990600586,32600,0.0,0.0
1992-08-14,6.780643654702533,6.899602315311349,6.750903989550329,6.810383319854736,393800,0.0,0.0
1992-08-17,6.840124576649767,6.988822937011719,6.810384904577377,6.988822937011719,52600,0.0,0.0
1992-08-18,6.959078105222513,6.959078105222513,6.869859155155558,6.929338455200195,72400,0.0,0.0
1992-08-19,6.959078105222513,7.01855740526715,6.929338455200195,6.929338455200195,74400,0.0,0.0
1992-08-20,6.9293428478818955,6.988822185631955,6.869863510131836,6.869863510131836,34400,0.0,0.0
1992-08-21,6.899603683336646,6.899603683336646,6.721165657043457,6.721165657043457,43800,0.0,0.0
1992-08-24,6.661684036254883,6.661684036254883,6.57246505362647,6.661684036254883,88400,0.0,0.0
1992-08-25,6.631944375378745,6.750903018883297,6.631944375378745,6.661684036254883,72400,0.0,0.0
1992-08-26,6.661686314945727,6.780644999141186,6.661686314945727,6.721165657043457,204000,0.0,0.0
1992-08-27,6.750905990600586,6.840125012502797,6.721166316633183,6.750905990600586,165800,0.0,0.0
1992-08-28,6.750905990600586,6.810385338535393,6.721166316633183,6.750905990600586,57200,0.0,0.0
1992-08-31,6.780643654702533,6.840122985006941,6.780643654702533,6.810383319854736,31800,0.0,0.0
1992-09-01,6.780643654702533,6.840122985006941,6.780643654702533,6.810383319854736,39600,0.0,0.0
1992-09-02,6.810383319854736,6.840122985006941,6.780643654702533,6.810383319854736,116600,0.0,0.0
1992-09-03,6.810384904577377,7.01856260908411,6.810384904577377,6.988822937011719,74600,0.0,0.0
1992-09-04,6.9888241881998185,7.0185638655964135,6.9590845108032235,6.959084510803223,100600,0.0,0.0
1992-09-08,6.959078105222513,7.048297055289469,6.929338455200195,6.929338455200195,227800,0.0,0.0
1992-09-09,6.95908492180094,7.107783317565918,6.95908492180094,7.107783317565918,150600,0.0,0.0
1992-09-10,7.048302146028882,7.197000503540039,7.048302146028882,7.197000503540039,192000,0.0,0.0
1992-09-11,7.197001091639201,7.197001091639201,7.107782069842021,7.137521743774414,105600,0.0,0.0
1992-09-14,7.167262675871909,7.167262675871909,7.107783317565918,7.107783317565918,139800,0.0,0.0
1992-09-15,7.107783317565918,7.137522996718913,7.107783317565918,7.107783317565918,50400,0.0,0.0
1992-09-16,7.107781035990654,7.107781035990654,6.9888223575640325,7.048301696777344,30000,0.0,0.0
1992-09-17,7.078040215928676,7.107779880701486,7.018560886383057,7.018560886383057,111800,0.0,0.0
1992-09-18,7.048300933437186,7.078040599822997,7.048300933437186,7.078040599822998,53400,0.0,0.0
1992-09-21,7.078038809210433,7.226737103521577,7.078038809210433,7.167257785797119,236400,0.0,0.0
1992-09-22,7.197000503540039,7.256479846544503,7.167260832037808,7.197000503540039,124400,0.0,0.0
1992-09-23,7.196998607774495,7.345696926116943,7.196998607774495,7.345696926116943,200000,0.0,0.0
1992-09-24,7.345698142424226,7.6133551597595215,7.345698142424226,7.6133551597595215,351200,0.0,0.0
1992-09-25,7.583616549574485,7.583616549574485,7.524137204087626,7.553876876831055,224000,0.0,0.0
1992-09-28,7.494398530707302,7.494398530707302,7.375439823870678,7.405179500579834,135800,0.0,0.0
1992-09-29,7.434915542602539,7.464655204772949,7.434915542602539,7.434915542602539,50400,0.0,0.0
1992-09-30,7.464655399322511,7.524134725213527,7.434915736377002,7.46465539932251,119600,0.0,0.0
1992-10-01,7.434915736377002,7.494395062268018,7.434915736377002,7.46465539932251,153800,0.0,0.0
1992-10-02,7.464655399322511,7.524134725213527,7.434915736377002,7.46465539932251,141800,0.0,0.0
1992-10-05,7.464657547060123,7.464657547060123,7.197000503540039,7.197000503540039,167200,0.0,0.0
1992-10-06,7.256479846544503,7.256479846544503,7.197000503540039,7.197000503540039,127200,0.0,0.0
1992-10-07,7.197000503540039,7.226740175042271,7.197000503540039,7.197000503540039,338400,0.0,0.0
1992-10-08,7.22673674489631,7.315955717055524,7.22673674489631,7.256476402282715,386800,0.0,0.0
1992-10-09,7.256479846544503,7.286219518046734,7.197000503540039,7.197000503540039,106400,0.0,0.0
1992-10-12,7.226739022789931,7.315958023071288,7.226739022789931,7.315958023071289,22600,0.0,0.0
1992-10-13,7.315958023071288,7.375437356592193,7.315958023071288,7.315958023071289,9600,0.0,0.0
1992-10-14,7.3456976898317405,7.375437356592193,7.315958023071288,7.315958023071289,12600,0.0,0.0
1992-10-15,7.315960291893251,7.375439643859862,7.315960291893251,7.375439643859863,80600,0.0,0.0
1992-10-16,7.368252557298915,7.398204803466797,7.338300311131033,7.398204803466797,52400,0.11,0.0
1992-10-19,7.428151733398437,7.5479606323242185,7.428151733398437,7.488056182861328,38000,0.0,0.0
1992-10-20,7.607869994315656,7.787583458748308,7.607869994315656,7.697726726531982,157200,0.0,0.0
1992-10-21,7.697724049910904,7.697724049910904,7.637819582596422,7.667771816253662,53600,0.0,0.0
1992-10-22,7.697723500977151,7.787580195541087,7.697723500977151,7.757627964019775,120000,0.0,0.0
1992-10-23,7.727677822113038,7.757630061733631,7.697725582492445,7.727677822113037,40800,0.0,0.0
1992-10-26,7.727676283568145,7.757628517225386,7.667771816253663,7.667771816253662,80000,0.0,0.0
1992-10-27,7.6677744824598735,7.6977267265319815,7.607869994315656,7.697726726531982,91000,0.0,0.0
1992-10-28,7.727673575457405,7.727673575457405,7.577912459653967,7.637816905975342,78200,0.0,0.0
1992-10-29,7.6677744824598735,7.6977267265319815,7.6378222383877645,7.697726726531982,98400,0.0,0.0
1992-10-30,7.907389672715425,8.057150840759277,7.907389672715425,8.057150840759277,134800,0.0,0.0
1992-11-02,8.057150840759277,8.296768709629442,8.027198607150508,8.057150840759277,180600,0.0,0.0
1992-11-03,8.087102525374469,8.14700698852539,8.057150293799008,8.14700698852539,120400,0.0,0.0
1992-11-04,8.117057037353517,8.14700927734375,8.087104797363281,8.087104797363281,117000,0.0,0.0
1992-11-05,8.057150293799008,8.14700698852539,8.027198062223547,8.14700698852539,173800,0.0,0.0
1992-11-06,8.147003006149124,8.206907440017869,8.117050789214753,8.176955223083496,40600,0.0,0.0
1992-11-09,8.236863725021857,8.326720420203914,8.176959261567154,8.296768188476562,568800,0.0,0.0
1992-11-10,8.266812494451349,8.266812494451349,8.20690805608576,8.236860275268555,63000,0.0,0.0
1992-11-11,8.236863725021857,8.326720420203914,8.206911493294506,8.296768188476562,66600,0.0,0.0
1992-11-12,8.296764090820984,8.41657295855847,8.176955223083496,8.176955223083496,241400,0.0,0.0
1992-11-13,8.206916791222962,8.23686904228582,7.847489778468671,7.997251033782959,808600,0.0,0.0
1992-11-16,8.057150293799008,8.176959220100853,8.057150293799008,8.14700698852539,86200,0.0,0.0
1992-11-17,8.14700698852539,8.236863683251775,8.087102525374469,8.14700698852539,100400,0.0,0.0
1992-11-18,8.176955223083496,8.266811873886612,8.147003006149124,8.176955223083496,118200,0.0,0.0
1992-11-19,8.176961328672325,8.266818046569824,8.176961328672325,8.266818046569824,138200,0.0,0.0
1992-11-20,8.26681336643857,8.476478922833751,8.26681336643857,8.416574478149414,71400,0.0,0.0
1992-11-23,8.446528434753418,8.476480663245452,8.356671749277318,8.446528434753418,58600,0.0,0.0
1992-11-24,8.38662643159162,8.44653090610299,8.356674194335938,8.356674194335938,98400,0.0,0.0
1992-11-25,8.356670289290578,8.56633585210432,8.356670289290578,8.536383628845215,101600,0.0,0.0
1992-11-27,8.536386860554295,8.536386860554295,8.476482391357422,8.476482391357422,28200,0.0,0.0
1992-11-30,8.476480663245452,8.476480663245452,8.386623977769352,8.446528434753418,51400,0.0,0.0
1992-12-01,8.416574478149414,8.446526700491582,8.386622255807245,8.416574478149414,70600,0.0,0.0
1992-12-02,8.416576206261386,8.446528434753418,8.416576206261386,8.446528434753418,65800,0.0,0.0
1992-12-03,8.41657473580879,8.536383628845215,8.386622512549684,8.536383628845215,77200,0.0,0.0
1992-12-04,8.506432891737486,8.506432891737486,8.416576206261386,8.446528434753418,30600,0.0,0.0
1992-12-07,8.38662643159162,8.416578668847306,8.356674194335938,8.356674194335938,102200,0.0,0.0
1992-12-08,8.356670033465075,8.416574478149414,8.356670033465075,8.416574478149414,109000,0.0,0.0
1992-12-09,8.41657473580879,8.56633585210432,8.41657473580879,8.536383628845215,63400,0.0,0.0
1992-12-10,8.506437124524798,8.566341611317226,8.386628150939941,8.386628150939941,163200,0.0,0.0
1992-12-11,8.416577894910635,8.416577894910635,8.266816722403329,8.32672119140625,86600,0.0,0.0
1992-12-14,8.386627003766488,8.386627003766488,8.266818046569824,8.266818046569824,43400,0.0,0.0
1992-12-15,8.296766813654099,8.296766813654099,8.147005679833628,8.206910133361816,41600,0.0,0.0
1992-12-16,8.14700361772017,8.266812494451349,8.14700361772017,8.236860275268555,40600,0.0,0.0
1992-12-17,8.20690805608576,8.236860275268555,8.087099179354581,8.236860275268555,85200,0.0,0.0
1992-12-18,8.236860275268555,8.236860275268555,8.14700361772017,8.236860275268555,101400,0.0,0.0
1992-12-21,8.176955836902966,8.266812494451349,8.176955836902966,8.236860275268555,29200,0.0,0.0
1992-12-22,8.236863683251775,8.236863683251775,8.11705475694993,8.14700698852539,29600,0.0,0.0
1992-12-23,8.14700927734375,8.14700927734375,8.087104797363281,8.087104797363281,48400,0.0,0.0
1992-12-24,8.08710133851464,8.117053565694325,8.027196884155273,8.027196884155273,42800,0.0,0.0
1992-12-28,8.057150840759277,8.057150840759277,7.997246373541737,8.057150840759277,38200,0.0,0.0
1992-12-29,8.05715142140969,8.117055892944336,8.027199185642369,8.117055892944336,79000,0.0,0.0
1992-12-30,8.117055307976818,8.17695977519436,8.057150840759277,8.057150840759277,37000,0.0,0.0
1992-12-31,8.087104797363281,8.087104797363281,8.027200317382814,8.087104797363281,36400,0.0,0.0
1993-01-04,8.057148988981893,8.057148988981893,7.967292308807374,7.967292308807373,48200,0.0,0.0
1993-01-05,7.937340800088781,7.967293029523078,7.847484111785889,7.847484111785889,96000,0.0,0.0
1993-01-06,7.877436890105022,7.877436890105022,7.7576279640197745,7.757627964019775,103200,0.0,0.0
1993-01-07,7.787583458748308,7.937344679108853,7.6677744824598735,7.697726726531982,206200,0.0,0.0
1993-01-08,7.697728523154384,7.997251033782959,7.697728523154384,7.997251033782959,182400,0.0,0.0
1993-01-11,7.997246611890176,8.32672119140625,7.997246611890176,8.32672119140625,176600,0.0,0.0
1993-01-12,8.326720103411608,8.506433486938477,8.326720103411608,8.506433486938477,146000,0.0,0.0
1993-01-13,8.476482391357422,8.506434625955858,8.446530156758987,8.476482391357422,41600,0.0,0.0
1993-01-14,8.416573590365324,8.416573590365324,8.20690805608576,8.236860275268555,138800,0.0,0.0
1993-01-15,8.236864487901867,8.386625660409173,8.236864487901867,8.32672119140625,51000,0.0,0.0
1993-01-18,8.326721957080252,8.38662643159162,8.326721957080252,8.356674194335938,24800,0.0,0.0
1993-01-19,8.356673425907712,8.446530129412096,8.32672119140625,8.32672119140625,175400,0.0,0.0
1993-01-20,8.266811873886612,8.266811873886612,8.147003006149124,8.176955223083496,59400,0.0,0.0
1993-01-21,8.206912600246302,8.236864836013625,8.117055892944336,8.117055892944336,182800,0.0,0.0
1993-01-22,8.14700361772017,8.236860275268555,8.117051398537376,8.236860275268555,106800,0.0,0.0
1993-01-25,8.236864487901867,8.32672119140625,8.206912253400406,8.32672119140625,35200,0.0,0.0
1993-01-26,8.32672119140625,8.32672119140625,8.266816722403329,8.32672119140625,54200,0.0,0.0
1993-01-27,8.296768146402696,8.296768146402696,8.14700698852539,8.14700698852539,59200,0.0,0.0
1993-01-28,8.206910133361816,8.266814586890005,8.147005679833628,8.206910133361816,43800,0.0,0.0
1993-01-29,8.147003006149124,8.206907440017869,8.117050789214753,8.176955223083496,49000,0.0,0.0
1993-02-01,8.147003006149124,8.176955223083496,8.08709857228038,8.176955223083496,309000,0.0,0.0
1993-02-02,8.176957906597721,8.356671267182287,8.147005679833628,8.206910133361816,65000,0.0,0.0
1993-02-03,8.176955223083496,8.206907440017869,8.147003006149124,8.176955223083496,89400,0.0,0.0
1993-02-04,8.20690805608576,8.356669151999734,8.20690805608576,8.236860275268555,144000,0.0,0.0
1993-02-05,8.169339653297707,8.199484818070022,8.13919448852539,8.13919448852539,39400,0.11,0.0
1993-02-08,8.139191570138573,8.139191570138573,8.018610954284668,8.018610954284668,47200,0.0,0.0
1993-02-09,8.018613829436125,8.169339653297707,8.018613829436125,8.13919448852539,37200,0.0,0.0
1993-02-10,8.109049797058105,8.169340130121736,8.018614297462662,8.109049797058105,167000,0.0,0.0
1993-02-11,8.139196417548439,8.139196417548439,7.898035042213671,7.958325386047363,346800,0.0,0.0
1993-02-12,7.95832584681136,8.048761367797852,7.95832584681136,8.048761367797852,37000,0.0,0.0
1993-02-16,7.988466198627765,7.988466198627765,7.837740421295166,7.837740421295166,82400,0.0,0.0
1993-02-17,7.77745198646872,7.807597149206972,7.626726172777466,7.747306823730469,126200,0.0,0.0
1993-02-18,7.807595200632133,7.837740355846929,7.68701457977295,7.687014579772949,159200,0.0,0.0
1993-02-19,7.717158794403076,7.898029703646898,7.687013642862439,7.717158794403076,101800,0.0,0.0
1993-02-22,7.656868491321802,7.747303945943713,7.626723339781165,7.717158794403076,88000,0.0,0.0
1993-02-23,7.717159734987746,7.717159734987746,7.68701457977295,7.687014579772949,50800,0.0,0.0
1993-02-24,7.717158794403076,7.807594249024987,7.687013642862439,7.717158794403076,161400,0.0,0.0
1993-02-25,7.656868993773941,7.928175375443097,7.656868993773941,7.777449607849121,118600,0.0,0.0
1993-02-26,7.958322503100867,7.958322503100867,7.867887020111084,7.867887020111084,69800,0.0,0.0
1993-03-01,7.837741859114489,7.898032181107678,7.807596698117895,7.867887020111084,60200,0.0,0.0
1993-03-02,7.86788986673895,7.9884705543518075,7.86788986673895,7.988470554351807,120200,0.0,0.0
1993-03-03,7.958320646357715,8.018610954284668,7.898030338430763,8.018610954284668,58400,0.0,0.0
1993-03-04,8.078906541460016,8.109051715122181,8.018616194135689,8.048761367797852,64000,0.0,0.0
1993-03-05,8.109051715122181,8.169342062446509,8.048761367797852,8.048761367797852,35400,0.0,0.0
1993-03-08,8.109049797058105,8.169340130121736,8.078904630526292,8.109049797058105,65800,0.0,0.0
1993-03-09,8.13919448852539,8.259775147614654,8.13919448852539,8.13919448852539,108200,0.0,0.0
1993-03-10,8.139197817587766,8.199488171792119,8.139197817587766,8.169342994689941,140800,0.0,0.0
1993-03-11,8.169342062446509,8.259777583433001,8.018616194135689,8.048761367797852,312800,0.0,0.0
1993-03-12,8.048755580481467,8.048755580481467,7.898029820547358,7.92817497253418,91000,0.0,0.0
1993-03-15,7.928177342104272,7.928177342104272,7.837741859114489,7.867887020111084,297600,0.0,0.0
1993-03-16,7.867889870296825,7.958325386047363,7.867889870296825,7.958325386047363,288800,0.0,0.0
1993-03-17,8.04875653572665,8.139192002420208,7.898030757904053,7.898030757904053,90600,0.0,0.0
1993-03-18,7.958323964399034,8.109049797058105,7.958323964399034,8.109049797058105,249400,0.0,0.0
1993-03-19,8.109051715122181,8.109051715122181,8.048761367797852,8.048761367797852,154800,0.0,0.0
1993-03-22,8.048760898158235,8.048760898158235,7.958325382448593,7.988470554351807,46400,0.0,0.0
1993-03-23,7.988468664663809,8.13919448852539,7.988468664663809,8.13919448852539,221200,0.0,0.0
1993-03-24,8.109047941728072,8.380354378440163,8.109047941728072,8.289918899536133,146000,0.0,0.0
1993-03-25,8.3200678570839,8.500938897455288,8.3200678570839,8.470793724060059,182800,0.0,0.0
1993-03-26,8.470792293548584,8.470792293548584,8.289921283721924,8.320066452026367,52200,0.0,0.0
1993-03-29,8.289918916750471,8.35020923614502,8.289918916750471,8.35020923614502,49400,0.0,0.0
1993-03-30,8.320065505213016,8.380355834960938,8.320065505213016,8.380355834960938,13600,0.0,0.0
1993-03-31,8.410503377269595,8.470793724060059,8.410503377269595,8.470793724060059,118200,0.0,0.0
1993-04-01,8.440646178333472,8.500936508178711,8.440646178333472,8.500936508178711,39400,0.0,0.0
1993-04-02,8.53108408117807,8.53108408117807,8.410503387451172,8.410503387451172,279800,0.0,0.0
1993-04-05,8.440645244759574,8.621516214290136,8.440645244759574,8.561225891113281,58800,0.0,0.0
1993-04-06,8.621516214290136,8.621516214290136,8.531080729524854,8.561225891113281,135800,0.0,0.0
1993-04-07,8.561229244245752,8.561229244245752,8.470793724060059,8.470793724060059,32400,0.0,0.0
1993-04-08,8.470789874934118,8.531080194328666,8.35020923614502,8.35020923614502,329600,0.0,0.0
1993-04-12,8.350213040587724,8.440648560882897,8.350213040587724,8.410503387451172,65800,0.0,0.0
1993-04-13,8.440644324242651,8.621515274047852,8.440644324242651,8.621515274047852,129200,0.0,0.0
1993-04-14,8.681805590649585,8.772241065552185,8.621515274047852,8.621515274047852,81200,0.0,0.0
1993-04-15,8.591370115746985,8.772241065552185,8.561224957446118,8.621515274047852,186000,0.0,0.0
1993-04-16,8.621515742519446,8.621515742519446,8.531080262702808,8.591370582580566,158400,0.0,0.0
1993-04-19,8.440645244759574,8.561225891113281,8.410500083171147,8.561225891113281,59800,0.0,0.0
1993-04-20,8.591371526145261,8.591371526145261,8.470790873146731,8.531081199645996,56600,0.0,0.0
1993-04-21,8.561227333095067,8.77224349975586,8.531082166429238,8.77224349975586,142200,0.0,0.0
1993-04-22,8.802383987991899,8.983254891854745,8.802383987991899,8.953109741210938,290400,0.0,0.0
1993-04-23,8.832532862890963,8.892823189600117,8.68180704611808,8.711952209472656,137400,0.0,0.0
1993-04-26,8.651662353012297,8.74209784799152,8.621517188019224,8.681807518005371,108600,0.0,0.0
1993-04-27,8.68180704611808,8.802387699536386,8.68180704611808,8.711952209472656,101000,0.0,0.0
1993-04-28,8.711952682998445,8.772243012984594,8.681807518005371,8.681807518005371,29200,0.0,0.0
1993-04-29,8.68180704611808,8.742097372827233,8.68180704611808,8.711952209472656,35000,0.0,0.0
1993-04-30,8.742096005259333,8.922966957092285,8.742096005259333,8.922966957092285,66200,0.0,0.0
1993-05-03,8.892818868976748,8.892818868976748,8.74209312543477,8.802383422851562,48400,0.0,0.0
1993-05-04,8.832531481175808,8.922966957092285,8.832531481175808,8.922966957092285,74600,0.0,0.0
1993-05-05,8.885361983969405,8.976338386535645,8.855036516447326,8.976338386535645,68000,0.11,0.0
1993-05-06,8.976338386535645,9.036989321579805,8.946012919013565,8.976338386535645,94800,0.0,0.0
1993-05-07,9.036992883519508,9.036992883519508,8.88536548614502,8.88536548614502,29000,0.0,0.0
1993-05-10,8.915689882181459,8.946015357971191,8.885364406391725,8.946015357971191,34000,0.0,0.0
1993-05-11,8.915690965619916,8.915690965619916,8.855040006670121,8.88536548614502,19000,0.0,0.0
1993-05-12,8.855035993787977,8.855035993787977,8.703408665127224,8.733734130859375,212200,0.0,0.0
1993-05-13,8.764059596591526,8.764059596591526,8.733734130859375,8.733734130859375,50800,0.0,0.0
1993-05-14,8.733734130859375,8.794385062323675,8.703408665127224,8.733734130859375,58400,0.0,0.0
1993-05-17,8.703413009643556,8.733738490513394,8.703413009643556,8.703413009643555,77600,0.0,0.0
1993-05-18,8.703407915545181,8.703407915545181,8.582106063063716,8.612431526184082,49200,0.0,0.0
1993-05-19,8.582106063063716,8.612431526184082,8.430478747461883,8.612431526184082,99800,0.0,0.0
1993-05-20,8.6427640914917,8.673089579532022,8.612438603451377,8.6427640914917,37000,0.0,0.0
1993-05-21,8.703410033123715,8.794386444619782,8.703410033123715,8.764060974121094,71800,0.0,0.0
1993-05-24,8.703410331517048,8.855037689208984,8.703410331517048,8.855037689208984,92000,0.0,0.0
1993-05-25,8.79438591003418,8.82471137868947,8.70340950406831,8.79438591003418,35400,0.0,0.0
1993-05-26,8.70340950406831,8.79438591003418,8.70340950406831,8.79438591003418,210800,0.0,0.0
1993-05-27,8.764066043652987,8.794391531693307,8.6427640914917,8.6427640914917,265000,0.0,0.0
1993-05-28,8.612438603451377,8.764066043652987,8.612438603451377,8.6427640914917,183000,0.0,0.0
1993-06-01,8.642759092126338,8.764060974121094,8.642759092126338,8.764060974121094,106400,0.0,0.0
1993-06-02,8.79438674613221,8.946014103824144,8.79438674613221,8.855037689208984,21400,0.0,0.0
1993-06-03,8.855037689208984,8.88536316074737,8.79438674613221,8.855037689208984,103600,0.0,0.0
1993-06-04,8.79438945225307,8.79438945225307,8.673087528773717,8.703413009643555,40200,0.0,0.0
1993-06-07,8.673083199395073,8.794385062323675,8.673083199395073,8.733734130859375,80000,0.0,0.0
1993-06-08,8.703415067572342,8.764066043652987,8.6427640914917,8.6427640914917,160600,0.0,0.0
1993-06-09,8.642763018608093,8.642763018608093,8.491135597229004,8.491135597229004,57200,0.0,0.0
1993-06-10,8.49113298499066,8.49113298499066,8.248529185419498,8.369831085205078,113400,0.0,0.0
1993-06-11,8.430484628677368,8.551786565780638,8.400159144401549,8.491135597229004,42600,0.0,0.0
1993-06-14,8.460810112953185,8.551786565780638,8.430484628677368,8.491135597229004,31000,0.0,0.0
1993-06-15,8.521462190065451,8.582113166507199,8.430485725402832,8.430485725402832,56600,0.0,0.0
1993-06-16,8.460811213623705,8.551787678286326,8.400160237181957,8.430485725402832,22000,0.0,0.0
1993-06-17,8.430481739533253,8.460807213416466,8.278854370117188,8.278854370117188,59400,0.0,0.0
1993-06-18,8.278856684691714,8.339507649414731,8.278856684691714,8.309182167053223,238600,0.0,0.0
1993-06-21,8.3091798440004,8.3091798440004,8.278854370117188,8.278854370117188,62600,0.0,0.0
1993-06-22,8.278856966230604,8.30918244962339,8.15755503265946,8.187880516052246,107600,0.0,0.0
1993-06-23,8.187872533048138,8.187872533048138,8.005919810091513,8.096896171569824,56000,0.0,0.0
1993-06-24,8.096896171569824,8.187872533048138,8.096896171569824,8.096896171569824,89000,0.0,0.0
1993-06-25,8.12722162539593,8.12722162539593,8.096896171569824,8.096896171569824,117800,0.0,0.0
1993-06-28,8.127229549266675,8.218205999445033,8.066578582481101,8.187880516052246,224200,0.0,0.0
1993-06-29,8.218203958343057,8.339505861787236,8.218203958343057,8.248529434204102,72400,0.0,0.0
1993-06-30,8.309180135312287,8.400156560151473,8.309180135312287,8.369831085205078,124400,0.0,0.0
1993-07-01,8.369833660125732,8.521461081504821,8.369833660125732,8.491135597229004,99200,0.0,0.0
1993-07-02,8.460811213623705,8.460811213623705,8.400160237181957,8.430485725402832,29600,0.0,0.0
1993-07-06,8.430481615933504,8.460807089372114,8.339505195617676,8.339505195617676,41200,0.0,0.0
1993-07-07,8.339505195617676,8.369830669056284,8.309179722179065,8.339505195617676,23800,0.0,0.0
1993-07-08,8.339509260740211,8.491136701844578,8.309183772519336,8.430485725402832,44800,0.0,0.0
1993-07-09,8.430481494118592,8.491132440119445,8.339505075117312,8.400156021118164,30400,0.0,0.0
1993-07-12,8.430481494118592,8.460806967119018,8.309179602116885,8.400156021118164,129800,0.0,0.0
1993-07-13,8.46080493927002,8.52145587073432,8.46080493927002,8.46080493927002,40400,0.0,0.0
1993-07-14,8.49113040500217,8.55178133646647,8.46080493927002,8.46080493927002,27800,0.0,0.0
1993-07-15,8.430482289370369,8.430482289370369,8.248529434204102,8.248529434204102,31800,0.0,0.0
1993-07-16,8.369836006964837,8.673090934753418,8.369836006964837,8.673090934753418,148600,0.0,0.0
1993-07-19,8.673090934753418,8.733741920311134,8.612439949195702,8.673090934753418,118200,0.0,0.0
1993-07-20,8.642763018608093,8.642763018608093,8.491135597229004,8.491135597229004,220000,0.0,0.0
1993-07-21,8.49113298499066,8.49113298499066,8.369831085205078,8.369831085205078,111000,0.0,0.0
1993-07-22,8.339508345206285,8.339508345206285,8.218206405639648,8.218206405639648,78200,0.0,0.0
1993-07-23,8.218205999445033,8.278856966230604,8.15755503265946,8.187880516052246,66200,0.0,0.0
1993-07-26,8.157553260006123,8.157553260006123,8.127227783203125,8.127227783203125,33200,0.0,0.0
1993-07-27,8.12722162539593,8.12722162539593,7.9755943562654075,8.096896171569824,31200,0.0,0.0
1993-07-28,8.096901179266519,8.096901179266519,7.97559928894043,7.97559928894043,25600,0.0,0.0
1993-07-29,7.9988025067800494,7.9988025067800494,7.601915359497069,7.60191535949707,254400,0.11,0.0
1993-07-30,7.662979756868802,7.937747955322266,7.662979756868802,7.937747955322266,213200,0.0,0.0
1993-08-02,7.937746770454176,8.059865951538086,7.907216975183198,8.059865951538086,167600,0.0,0.0
1993-08-03,8.059865951538086,8.090395746809063,7.998806360996131,8.059865951538086,98600,0.0,0.0
1993-08-04,7.998805231014584,8.120924394846869,7.998805231014584,8.029335021972656,72400,0.0,0.0
1993-08-05,7.9988037109375,8.1209228515625,7.9988037109375,8.09039306640625,77200,0.0,0.0
1993-08-06,8.029333879019466,8.029333879019466,7.937744519182743,7.998804092407227,45600,0.0,0.0
1993-08-09,7.998805231014584,8.059864812930726,7.998805231014584,8.029335021972656,19600,0.0,0.0
1993-08-10,8.029331285834768,8.029331285834768,7.9072121788258745,7.968271732330322,30400,0.0,0.0
1993-08-11,7.90721435546875,8.09039306640625,7.90721435546875,8.09039306640625,109200,0.0,0.0
1993-08-12,8.090395156602215,8.151454742689777,8.090395156602215,8.120924949645996,100600,0.0,0.0
1993-08-13,8.1209228515625,8.15145263671875,8.05986328125,8.09039306640625,22200,0.0,0.0
1993-08-16,8.090390919718503,8.120920696774045,7.907212257385254,7.907212257385254,59600,0.0,0.0
1993-08-17,7.937744140625,8.09039306640625,7.815625,8.09039306640625,87800,0.0,0.0
1993-08-18,8.120920972470884,8.243040084838867,8.090391194378888,8.243040084838867,78600,0.0,0.0
1993-08-19,8.181980918435489,8.334629816167494,8.120921359342686,8.304100036621094,62800,0.0,0.0
1993-08-20,8.304105160010122,8.365164756774902,8.304105160010122,8.365164756774902,168000,0.0,0.0
1993-08-23,8.365161325658818,8.365161325658818,8.273571968078613,8.273571968078613,303000,0.0,0.0
1993-08-24,8.27357177734375,8.27357177734375,8.05986328125,8.09039306640625,111200,0.0,0.0
1993-08-25,8.090396954463078,8.12092675429124,7.907218155494102,7.937747955322266,80000,0.0,0.0
1993-08-26,7.937747955322266,7.968277755150428,7.87668835566594,7.937747955322266,91800,0.0,0.0
1993-08-27,7.937744519182743,7.998804092407226,7.87668494595826,7.998804092407227,56600,0.0,0.0
1993-08-30,7.968274305794984,7.998804092407226,7.937744519182743,7.998804092407227,117800,0.0,0.0
1993-08-31,7.998805231014584,8.090394603888798,7.998805231014584,8.029335021972656,169200,0.0,0.0
1993-09-01,8.029329580002114,8.212508201599121,8.029329580002114,8.212508201599121,125200,0.0,0.0
1993-09-02,8.21251069798189,8.334629816167494,8.21251069798189,8.304100036621094,317000,0.0,0.0
1993-09-03,8.273570284516373,8.487278742050007,8.273570284516373,8.456748962402344,276400,0.0,0.0
1993-09-07,8.36515919720685,8.395688975298846,8.243040084838867,8.243040084838867,68800,0.0,0.0
1993-09-08,8.181982421875,8.181982421875,7.9988037109375,8.09039306640625,125600,0.0,0.0
1993-09-09,8.120918890800617,8.273567742131457,8.120918890800617,8.212508201599121,44400,0.0,0.0
1993-09-10,8.212510306746871,8.243040084838867,8.181980528654876,8.243040084838867,42600,0.0,0.0
1993-09-13,8.243040084838867,8.273569862930863,8.243040084838867,8.243040084838867,19400,0.0,0.0
1993-09-14,8.243040084838867,8.243040084838867,8.090391194378888,8.243040084838867,69600,0.0,0.0
1993-09-15,8.243040504868711,8.456748962402344,8.243040504868711,8.456748962402344,148800,0.0,0.0
1993-09-16,8.456752736517725,8.60940170288086,8.39569314997247,8.60940170288086,83400,0.0,0.0
1993-09-17,8.57887019706699,8.63992977142334,8.487280835532468,8.63992977142334,142600,0.0,0.0
1993-09-20,8.609402295521328,8.609402295521328,8.51781290939876,8.54834270477295,34800,0.0,0.0
1993-09-21,8.54834270477295,8.578872500147138,8.48728311402457,8.54834270477295,117200,0.0,0.0
1993-09-22,8.609402295521328,8.639932090895517,8.48728311402457,8.54834270477295,41800,0.0,0.0
1993-09-23,8.548338499000605,8.548338499000605,8.456749157939884,8.487278938293457,33800,0.0,0.0
1993-09-24,8.456747808318207,8.456747808318207,8.426218032836914,8.426218032836914,4800,0.0,0.0
1993-09-27,8.426219182754682,8.456748962402344,8.39568940310702,8.456748962402344,80600,0.0,0.0
1993-09-28,8.426224353539682,8.426224353539682,8.334634958392511,8.365164756774902,77200,0.0,0.0
1993-09-29,8.36515923239968,8.395689010620117,8.36515923239968,8.395689010620117,52800,0.0,0.0
1993-09-30,8.395691111518888,8.395691111518888,8.212512396358475,8.273571968078613,53600,0.0,0.0
1993-10-01,8.273569155430447,8.426218032836914,8.273569155430447,8.426218032836914,29200,0.0,0.0
1993-10-04,8.426219182754682,8.456748962402344,8.39568940310702,8.456748962402344,98600,0.0,0.0
1993-10-05,8.487278742050007,8.54833830134533,8.456748962402344,8.456748962402344,52600,0.0,0.0
1993-10-06,8.456748962402344,8.487278742050007,8.426219182754682,8.456748962402344,32600,0.0,0.0
1993-10-07,8.456752673127598,8.456752673127598,8.090395156602215,8.120924949645996,108600,0.0,0.0
1993-10-08,8.151450157165527,8.212509708904596,8.151450157165527,8.151450157165527,30600,0.0,0.0
1993-10-11,8.18198013305664,8.212509909672523,8.120920579824874,8.18198013305664,42400,0.0,0.0
1993-10-12,8.1209228515625,8.15145263671875,8.05986328125,8.09039306640625,86400,0.0,0.0
1993-10-13,8.090394603888798,8.151454185804939,7.968275440056514,8.029335021972656,84600,0.0,0.0
1993-10-14,7.968270039469779,8.212508201599121,7.968270039469779,8.212508201599121,114400,0.0,0.0
1993-10-15,8.273575361627731,8.395694555157291,8.273575361627731,8.365164756774902,63000,0.0,0.0
1993-10-18,8.304099239520172,8.334629016136056,8.18198013305664,8.18198013305664,31200,0.0,0.0
1993-10-19,8.181978431332952,8.212508201599121,8.151448661066786,8.212508201599121,46600,0.0,0.0
1993-10-20,8.395689375260297,8.4872787138995,8.273570257074692,8.304100036621094,118400,0.0,0.0
1993-10-21,8.273570475818442,8.51780871864703,8.273570475818442,8.487278938293457,47800,0.0,0.0
1993-10-22,8.456748122599587,8.456748122599587,8.18198013305664,8.18198013305664,50000,0.0,0.0
1993-10-25,8.181978431332952,8.212508201599121,8.151448661066786,8.212508201599121,57600,0.0,0.0
1993-10-26,8.21251072522105,8.517808521697669,8.21251072522105,8.456748962402344,98000,0.0,0.0
1993-10-27,8.517807960510254,8.548337738146492,8.487278182874016,8.517807960510254,165400,0.0,0.0
1993-10-28,8.482156457453428,8.574353810251834,8.451424006520625,8.51288890838623,117800,0.115,0.0
1993-10-29,8.482159923206675,8.543624850186434,8.35923006924716,8.451427459716797,30200,0.0,0.0
1993-11-01,8.389959104655022,8.543621359319031,8.389959104655022,8.51288890838623,18200,0.0,0.0
1993-11-02,8.512890110085735,8.512890110085735,8.359227833730397,8.389960289001465,31800,0.0,0.0
1993-11-03,8.359228342883991,8.359228342883991,8.113368685740344,8.1441011428833,51400,0.0,0.0
1993-11-04,8.11336767764492,8.144100130969333,8.021170317671682,8.051902770996094,55600,0.0,0.0
1993-11-05,8.021172352937551,8.021172352937551,7.898242508448087,7.9904398918151855,62800,0.0,0.0
1993-11-08,7.990441786176036,7.990441786176036,7.867511912542558,7.898244380950928,67800,0.0,0.0
1993-11-09,7.928976849359297,7.990441786176036,7.867511912542558,7.898244380950928,120400,0.0,0.0
1993-11-10,7.898242508448087,7.9904398918151855,7.898242508448087,7.9904398918151855,132200,0.0,0.0
1993-11-11,7.990440061722679,8.082637447050248,7.928975138170966,8.021172523498535,49000,0.0,0.0
1993-11-12,8.051898777036739,8.205560967438203,8.051898777036739,8.17482852935791,71600,0.0,0.0
1993-11-15,8.144101446325129,8.144101446325129,8.051904071461072,8.11336898803711,169000,0.0,0.0
1993-11-16,7.990440597534179,7.990440597534179,7.68311595916748,7.6831159591674805,190800,0.0,0.0
1993-11-17,7.683117380026381,7.806047258106804,7.5601875019459595,7.5909199714660645,121600,0.0,0.0
1993-11-18,7.621647357940674,7.652379806964627,7.5294500108688105,7.621647357940674,140800,0.0,0.0
1993-11-19,7.621650621294975,7.8675103187561035,7.621650621294975,7.8675103187561035,68000,0.0,0.0
1993-11-22,7.806041159002904,7.806041159002904,7.713843822479247,7.713843822479248,94800,0.0,0.0
1993-11-23,7.7138484230041495,7.7445808868408195,7.65238349533081,7.6831159591674805,76800,0.0,0.0
1993-11-24,7.683112255988582,7.683112255988582,7.560182459892765,7.621647357940674,68600,0.0,0.0
1993-11-26,7.621653238932292,7.683118184407552,7.590920766194661,7.652385711669922,30200,0.0,0.0
1993-11-29,7.683117380026381,7.744582319066593,7.590919971466065,7.5909199714660645,38200,0.0,0.0
1993-11-30,7.590914908916719,7.652379806964627,7.590914908916719,7.621647357940674,99000,0.0,0.0
1993-12-01,7.621650423322405,7.806045191628592,7.621650423322405,7.744580268859863,71000,0.0,0.0
1993-12-02,7.744576267987133,7.7753087134950185,7.683111376971362,7.713843822479248,70400,0.0,0.0
1993-12-03,7.713850657145183,7.806048075358073,7.590920766194661,7.652385711669922,189200,0.0,0.0
1993-12-06,7.62165244098617,7.652384910506276,7.5294550324258545,7.5909199714660645,54000,0.0,0.0
1993-12-07,7.529456770516992,7.590921723745702,7.467991817288282,7.560189247131348,325800,0.0,0.0
1993-12-08,7.56018159493982,7.7753087134950185,7.49871670392405,7.713843822479248,67400,0.0,0.0
1993-12-09,7.744576267987133,7.806041159002904,7.683111376971362,7.713843822479248,41000,0.0,0.0
1993-12-10,7.683115346091134,7.775312730244228,7.683115346091134,7.744580268859863,59800,0.0,0.0
1993-12-13,7.744580470025539,7.8675103187561035,7.744580470025539,7.8675103187561035,55400,0.0,0.0
1993-12-14,7.836776080093984,7.836776080093984,7.775311169661875,7.80604362487793,85200,0.0,0.0
1993-12-15,7.7445831298828125,7.775315602620442,7.652385711669922,7.652385711669922,120800,0.0,0.0
1993-12-16,7.652382884706769,7.744580268859863,7.652382884706769,7.744580268859863,90400,0.0,0.0
1993-12-17,7.744580268859863,7.744580268859863,7.713847807475498,7.744580268859863,302200,0.0,0.0
1993-12-20,7.713850657145183,7.713850657145183,7.621653238932292,7.652385711669922,493200,0.0,0.0
1993-12-21,7.621654200360058,7.652386676974412,7.529456770516992,7.560189247131348,190600,0.0,0.0
1993-12-22,7.560182459892765,7.652379806964627,7.560182459892765,7.621647357940674,167400,0.0,0.0
1993-12-23,7.590919971466065,7.62165244098617,7.5601875019459595,7.5909199714660645,136600,0.0,0.0
1993-12-27,7.560183233373305,7.836775302886962,7.560183233373305,7.836775302886963,77600,0.0,0.0
1993-12-28,7.806045258692069,7.9289751052856445,7.806045258692069,7.9289751052856445,88600,0.0,0.0
1993-12-29,7.898242643637251,7.9289751052856445,7.836777720340463,7.9289751052856445,61200,0.0,0.0
1993-12-30,7.928976849359297,7.9597093177676665,7.898244380950928,7.898244380950928,97400,0.0,0.0
1993-12-31,7.898244380950928,7.9597093177676665,7.898244380950928,7.898244380950928,16400,0.0,0.0
1994-01-03,7.8675103187561035,7.928975243121386,7.8367778565734625,7.8675103187561035,73600,0.0,0.0
1994-01-04,7.836780548095703,7.867513020833333,7.621653238932292,7.652385711669922,289400,0.0,0.0
1994-01-05,7.56018159493982,7.744576267987133,7.56018159493982,7.713843822479248,147200,0.0,0.0
1994-01-06,7.7445831298828125,7.7445831298828125,7.652385711669922,7.652385711669922,53400,0.0,0.0
1994-01-07,7.652381348797656,7.836776080093984,7.652381348797656,7.80604362487793,102800,0.0,0.0
1994-01-10,7.836779266478044,7.836779266478044,7.713849395631329,7.7753143310546875,55600,0.0,0.0
1994-01-11,7.806045814514159,7.806045814514159,7.62165103149414,7.6831159591674805,46200,0.0,0.0
1994-01-12,7.683118184407552,7.7445831298828125,7.621653238932292,7.652385711669922,131600,0.0,0.0
1994-01-13,7.652384460207973,7.898244201901401,7.652384460207973,7.7753143310546875,112800,0.0,0.0
1994-01-14,7.7445831298828125,7.806048075358073,7.652385711669922,7.652385711669922,45000,0.0,0.0
1994-01-17,7.652382884706769,7.744580268859863,7.621650423322405,7.744580268859863,214200,0.0,0.0
1994-01-18,7.744577946382409,7.867507755055146,7.744577946382409,7.836775302886963,44200,0.0,0.0
1994-01-19,7.8675103187561035,7.959707705304027,7.8367778565734625,7.8675103187561035,63200,0.0,0.0
1994-01-20,7.928976849359297,7.928976849359297,7.867511912542558,7.898244380950928,16200,0.0,0.0
1994-01-21,7.8675103187561035,7.8982427809387445,7.8675103187561035,7.8675103187561035,32000,0.0,0.0
1994-01-24,7.92897503716605,7.92897503716605,7.683115346091134,7.744580268859863,443200,0.0,0.0
1994-01-25,7.775312730244228,7.806045191628592,7.713847807475498,7.744580268859863,65400,0.0,0.0
1994-01-26,7.775311169661875,7.80604362487793,7.7445787144458205,7.80604362487793,38800,0.0,0.0
1994-01-27,7.8060453943908215,7.8675103187561035,7.713848007842898,7.8675103187561035,170000,0.0,0.0
1994-01-28,7.898244380950928,7.898244380950928,7.77531450731745,7.898244380950928,56600,0.0,0.0
1994-01-31,7.836777720340463,7.9289751052856445,7.836777720340463,7.9289751052856445,39200,0.0,0.0
1994-02-01,7.898242508448087,7.9904398918151855,7.867510047325721,7.9904398918151855,81000,0.0,0.0
1994-02-02,8.051904985274392,8.051904985274392,7.990440061722679,8.021172523498535,42000,0.0,0.0
1994-02-03,8.082633712577083,8.113366160153422,7.928971474695389,7.9597039222717285,80200,0.0,0.0
1994-02-04,8.016664822277857,8.016664822277857,7.92380770078429,7.9547600746154785,112200,0.115,0.0
1994-02-07,7.985712448446668,8.016664822277857,7.954760074615479,7.9547600746154785,51600,0.0,0.0
1994-02-08,7.954754454220912,7.98570680618286,7.923802102258962,7.985706806182861,26200,0.0,0.0
1994-02-09,7.985708232924872,7.985708232924872,7.830946445465088,7.830946445465088,59400,0.0,0.0
1994-02-10,7.861895194708131,7.892847537994384,7.830942851421879,7.892847537994385,26800,0.0,0.0
1994-02-11,7.861898802957045,7.923803517940958,7.830946445465088,7.830946445465088,34000,0.0,0.0
1994-02-14,7.861895194708131,7.892847537994384,7.861895194708131,7.892847537994385,86400,0.0,0.0
1994-02-15,7.892850022763014,7.923802375793457,7.892850022763014,7.923802375793457,97600,0.0,0.0
1994-02-16,7.954755126512967,8.047612190246582,7.954755126512967,8.047612190246582,27200,0.0,0.0
1994-02-17,8.109513905057575,8.109513905057575,8.016656875610352,8.016656875610352,66200,0.0,0.0
1994-02-18,8.047612190246582,8.109516899402324,8.01665983566871,8.047612190246582,64800,0.0,0.0
1994-02-22,8.016661067425977,8.140470504760742,8.016661067425977,8.140470504760742,104600,0.0,0.0
1994-02-23,8.171419143676758,8.326180869882759,8.14046679843556,8.171419143676758,121400,0.0,0.0
1994-02-24,8.140472236720994,8.202376968559177,8.078567504882812,8.078567504882812,131600,0.0,0.0
1994-02-25,8.14046679843556,8.202371488917958,8.14046679843556,8.171419143676758,30600,0.0,0.0
1994-02-28,8.202371597290039,8.264276288590342,8.140466905989737,8.202371597290039,55400,0.0,0.0
1994-03-01,8.26427870856391,8.357135772705078,8.171421644422743,8.357135772705078,87600,0.0,0.0
1994-03-02,8.357135772705078,8.357135772705078,8.233326353850188,8.357135772705078,99600,0.0,0.0
1994-03-03,8.357133325540795,8.388085671190945,8.202371597290039,8.202371597290039,29000,0.0,0.0
1994-03-04,8.171419143676758,8.202371488917958,8.14046679843556,8.171419143676758,89400,0.0,0.0
1994-03-07,8.109519870801902,8.109519870801902,8.078567504882812,8.078567504882812,44000,0.0,0.0
1994-03-08,8.109516899402324,8.109516899402324,8.047612190246582,8.047612190246582,74800,0.0,0.0
1994-03-09,8.0785615619085,8.0785615619085,8.016656875610352,8.016656875610352,42400,0.0,0.0
1994-03-10,8.0785615619085,8.109513905057575,8.016656875610352,8.016656875610352,36800,0.0,0.0
1994-03-11,8.078563862068707,8.078563862068707,7.98570680618286,7.985706806182861,99200,0.0,0.0
1994-03-14,8.047609762711959,8.202371488917958,8.016657417470759,8.171419143676758,88000,0.0,0.0
1994-03-15,8.171424602640085,8.171424602640085,8.078567504882812,8.078567504882812,25800,0.0,0.0
1994-03-16,8.14046679843556,8.171419143676758,8.14046679843556,8.171419143676758,75600,0.0,0.0
1994-03-17,8.202371811598875,8.264276504516602,8.140467118681148,8.264276504516602,90000,0.0,0.0
1994-03-18,8.48094654083252,8.511898900470594,8.388089461918295,8.48094654083252,251600,0.0,0.0
1994-03-21,8.51189647022233,8.51189647022233,8.264277663815863,8.32618236541748,92800,0.0,0.0
1994-03-22,8.32618226222138,8.357134612638559,8.2952299118042,8.2952299118042,68200,0.0,0.0
1994-03-23,8.357131350171436,8.44998836517334,8.326179011837468,8.44998836517334,167000,0.0,0.0
1994-03-24,8.3880881274188,8.419040482132523,8.357135772705078,8.357135772705078,21600,0.0,0.0
1994-03-25,8.419039417819906,8.419039417819906,8.264277663815863,8.32618236541748,144800,0.0,0.0
1994-03-28,8.326184660762888,8.326184660762888,8.140470504760742,8.140470504760742,30000,0.0,0.0
1994-03-29,8.109516899402324,8.109516899402324,8.01665983566871,8.047612190246582,134000,0.0,0.0
1994-03-30,8.016660590416828,8.016660590416828,7.830946445465088,7.830946445465088,105000,0.0,0.0
1994-03-31,7.552374362945557,7.552374362945557,7.428564947159564,7.552374362945557,170600,0.0,0.0
1994-04-04,7.4904669950783,7.4904669950783,7.304752937349086,7.335705280303955,91400,0.0,0.0
1994-04-05,7.366660239266568,7.6142790708385535,7.366660239266568,7.552374362945557,126200,0.0,0.0
1994-04-06,7.552377398421125,7.614282131195068,7.552377398421125,7.614282131195068,85600,0.0,0.0
1994-04-07,7.707136289889996,8.047612190246582,7.707136289889996,8.047612190246582,245600,0.0,0.0
1994-04-08,7.985712448446668,8.016664822277857,7.92380770078429,7.9547600746154785,72800,0.0,0.0
1994-04-11,7.92380770078429,7.985712448446668,7.830950579290724,7.9547600746154785,85600,0.0,0.0
1994-04-12,7.985707081854343,7.985707081854343,7.861897669732571,7.923802375793457,26200,0.0,0.0
1994-04-13,7.954754318509783,7.954754318509783,7.799992561340332,7.799992561340332,63600,0.0,0.0
1994-04-14,7.799992561340332,7.830944912774222,7.799992561340332,7.799992561340332,51400,0.0,0.0
1994-04-15,7.830942816715903,8.016656875610352,7.830942816715903,8.016656875610352,72600,0.0,0.0
1994-04-18,7.985707081854343,8.078564140945673,7.923802375793457,7.923802375793457,136600,0.0,0.0
1994-04-19,7.861898062779352,8.109516899402324,7.861898062779352,8.047612190246582,180800,0.0,0.0
1994-04-20,8.016664822277857,8.03214100919345,7.92380770078429,7.9547600746154785,161400,0.0,0.0
1994-04-21,7.954756348758596,8.140470504760742,7.923803989424904,8.140470504760742,44400,0.0,0.0
1994-04-22,8.171421608558067,8.202373963135939,8.047612190246582,8.047612190246582,52200,0.0,0.0
1994-04-25,8.04761342675967,8.140470504760742,8.016661067425977,8.140470504760742,53800,0.0,0.0
1994-04-26,8.109519870801902,8.109519870801902,8.047615138963721,8.078567504882812,19400,0.0,0.0
1994-04-28,8.016661067425977,8.140470504760742,7.985708708092287,8.140470504760742,130600,0.0,0.0
1994-04-29,8.140469253980196,8.140469253980196,8.047612190246582,8.047612190246582,22400,0.0,0.0
1994-05-02,8.078562214689434,8.202371597290039,8.047609869039283,8.202371597290039,70400,0.0,0.0
1994-05-03,8.202375223428124,8.202375223428124,8.140470504760742,8.140470504760742,46200,0.0,0.0
1994-05-04,8.14046679843556,8.171419143676758,8.10951445319436,8.171419143676758,79800,0.0,0.0
1994-05-05,8.197604397262975,8.322282791137697,8.197604397262975,8.322282791137695,42800,0.115,0.0
1994-05-06,8.291112972303035,8.291112972303035,8.197604179382324,8.197604179382324,38200,0.0,0.0
1994-05-09,8.197604179382324,8.259943374662798,8.197604179382324,8.197604179382324,15800,0.0,0.0
1994-05-10,8.228771209716797,8.228771209716797,8.16643203388561,8.228771209716797,209000,0.0,0.0
1994-05-11,8.228773412164651,8.259943008422852,8.197603815906453,8.259943008422852,35200,0.0,0.0
1994-05-12,8.22877377702256,8.22877377702256,8.197604179382324,8.197604179382324,81800,0.0,0.0
1994-05-13,8.197603288063636,8.197603288063636,8.104094505310059,8.104094505310059,27600,0.0,0.0
1994-05-16,8.135269165039062,8.166438778698216,8.135269165039062,8.135269165039062,17000,0.0,0.0
1994-05-17,8.16643203388561,8.25994079763239,8.16643203388561,8.228771209716797,151000,0.0,0.0
1994-05-18,8.166434581742086,8.197604179382324,8.166434581742086,8.197604179382324,220000,0.0,0.0
1994-05-19,8.197601621801203,8.353449561379172,8.197601621801203,8.228771209716797,104800,0.0,0.0
1994-05-20,8.291112674101617,8.291112674101617,8.166434288024902,8.166434288024902,136400,0.0,0.0
1994-05-23,8.166434219648252,8.259943008422852,8.166434219648252,8.259943008422852,67200,0.0,0.0
1994-05-24,8.259943374662798,8.291112972303035,8.197604179382324,8.197604179382324,70800,0.0,0.0
1994-05-25,8.228771209716797,8.25994079763239,8.228771209716797,8.228771209716797,48000,0.0,0.0
1994-05-26,8.22877348106326,8.259943077582438,8.135264691505723,8.166434288024902,110400,0.0,0.0
1994-05-27,8.197604179382324,8.197604179382324,8.13526498410185,8.197604179382324,10600,0.0,0.0
1994-05-31,8.19760839235737,8.19760839235737,8.135269165039062,8.135269165039062,139000,0.0,0.0
1994-06-01,8.135264691505723,8.197603884544082,8.104095094986544,8.166434288024902,60400,0.0,0.0
1994-06-02,8.135264691505723,8.166434288024902,8.135264691505723,8.166434288024902,31200,0.0,0.0
1994-06-03,8.166434581742086,8.197604179382324,8.13526498410185,8.197604179382324,58400,0.0,0.0
1994-06-06,8.228773995731654,8.322282791137697,8.228773995731654,8.322282791137695,82200,0.0,0.0
1994-06-07,8.291110643699987,8.353449821472168,8.291110643699987,8.353449821472168,26800,0.0,0.0
1994-06-08,8.322279973463578,8.322279973463578,8.228771209716797,8.228771209716797,23600,0.0,0.0
1994-06-09,8.197601621801203,8.228771209716797,8.16643203388561,8.228771209716797,66800,0.0,0.0
1994-06-10,8.228771465927808,8.353449821472168,8.228771465927808,8.353449821472168,112400,0.0,0.0
1994-06-13,8.353449821472168,8.353449821472168,8.322280232586078,8.353449821472168,100400,0.0,0.0
1994-06-14,8.38461971282959,8.415789302840109,8.38461971282959,8.38461971282959,115800,0.0,0.0
1994-06-15,8.38461971282959,8.415789302840109,8.353450122819071,8.38461971282959,43000,0.0,0.0
1994-06-16,8.415793040219475,8.478132247924805,8.415793040219475,8.478132247924805,21600,0.0,0.0
1994-06-17,8.540467662882184,8.540467662882184,8.38461971282959,8.38461971282959,58000,0.0,0.0
1994-06-20,8.384620963202583,8.415790557861328,8.353451368543837,8.415790557861328,327000,0.0,0.0
1994-06-21,8.353451867139976,8.353451867139976,8.135264691505723,8.166434288024902,167200,0.0,0.0
1994-06-22,8.166434581742086,8.22877377702256,8.104095386461614,8.197604179382324,44800,0.0,0.0
1994-06-23,8.135269165039062,8.166438778698216,8.135269165039062,8.135269165039062,85200,0.0,0.0
1994-06-24,8.135261429473758,8.135261429473758,7.979413509368897,7.9794135093688965,198000,0.0,0.0
1994-06-27,7.979413509368897,7.979413509368897,7.823565589264036,7.9794135093688965,84800,0.0,0.0
1994-06-28,7.979413509368897,7.979413509368897,7.917074341326953,7.9794135093688965,118000,0.0,0.0
1994-06-29,7.979417215182087,7.979417215182087,7.917078018188477,7.917078018188477,43200,0.0,0.0
1994-06-30,7.823567986017159,7.885907173156738,7.730059205307791,7.885907173156738,113400,0.0,0.0
1994-07-01,7.917083599224164,8.010592460632324,7.917083599224164,8.010592460632324,23600,0.0,0.0
1994-07-05,8.010586813678891,8.010586813678891,7.885908419691671,7.917078018188477,38400,0.0,0.0
1994-07-06,7.948247616685282,7.948247616685282,7.885908419691671,7.917078018188477,9600,0.0,0.0
1994-07-07,7.88590639545804,7.917075985953922,7.792397623970396,7.854736804962158,49600,0.0,0.0
1994-07-08,7.854738821194866,7.917078018188477,7.854738821194866,7.917078018188477,13800,0.0,0.0
1994-07-11,7.917074985130161,7.979414158241422,7.885905398574531,7.948244571685791,27800,0.0,0.0
1994-07-12,7.948243925347925,8.010583093389869,7.948243925347925,7.9794135093688965,35200,0.0,0.0
1994-07-13,8.041755901948186,8.22877348106326,8.041755901948186,8.166434288024902,58000,0.0,0.0
1994-07-14,8.166431692309844,8.291110038757324,8.166431692309844,8.291110038757324,77400,0.0,0.0
1994-07-15,8.259943008422852,8.259943008422852,8.197603815906453,8.259943008422852,43600,0.0,0.0
1994-07-18,8.25994079763239,8.25994079763239,8.228771209716797,8.228771209716797,29400,0.0,0.0
1994-07-19,8.197601621801203,8.228771209716797,8.197601621801203,8.228771209716797,25800,0.0,0.0
1994-07-20,8.22877160738794,8.22877160738794,8.07292366027832,8.07292366027832,13600,0.0,0.0
1994-07-21,8.072925498467365,8.166434288024902,8.072925498467365,8.166434288024902,11000,0.0,0.0
1994-07-22,8.166438778698216,8.166438778698216,8.104099551379909,8.135269165039062,61200,0.0,0.0
1994-07-25,8.135264099561251,8.228772882314829,8.104094505310059,8.104094505310059,70400,0.0,0.0
1994-07-26,8.135262445970016,8.228771209716797,8.135262445970016,8.228771209716797,218800,0.0,0.0
1994-07-27,8.19760839235737,8.19760839235737,8.135269165039062,8.135269165039062,11000,0.0,0.0
1994-07-28,8.135264099561251,8.135264099561251,8.104094505310059,8.104094505310059,48400,0.0,0.0
1994-07-29,8.09907294219395,8.318815231323242,8.09907294219395,8.318815231323242,103800,0.115,0.0
1994-08-01,8.287423746667434,8.318815503283599,8.25603199005127,8.25603199005127,47600,0.0,0.0
1994-08-02,8.28742244225422,8.28742244225422,8.224638938903809,8.224638938903809,53400,0.0,0.0
1994-08-03,8.224638938903809,8.256030690579014,8.224638938903809,8.224638938903809,8200,0.0,0.0
1994-08-04,8.256029479431383,8.287421226501465,8.224637732361302,8.287421226501465,31400,0.0,0.0
1994-08-05,8.256030690579014,8.28742244225422,8.224638938903809,8.224638938903809,108800,0.0,0.0
1994-08-08,8.193247187228604,8.224638938903809,8.161855435553399,8.224638938903809,24600,0.0,0.0
1994-08-09,8.193247187228604,8.256030690579014,8.193247187228604,8.224638938903809,100200,0.0,0.0
1994-08-10,8.25603199005127,8.25603199005127,8.224640233435105,8.25603199005127,39600,0.0,0.0
1994-08-11,8.224640233435105,8.25603199005127,8.224640233435105,8.25603199005127,18400,0.0,0.0
1994-08-12,8.19324847681894,8.25603199005127,8.19324847681894,8.25603199005127,29800,0.0,0.0
1994-08-15,8.287422868542205,8.381598128412003,8.287422868542205,8.35020637512207,16600,0.0,0.0
1994-08-16,8.38160027032611,8.38160027032611,8.193249702453613,8.193249702453613,38400,0.0,0.0
1994-08-17,8.193249702453613,8.193249702453613,8.16185794114153,8.193249702453613,10400,0.0,0.0
1994-08-18,8.193249702453613,8.224641463765696,8.099074418517365,8.193249702453613,30800,0.0,0.0
1994-08-19,8.130464824721043,8.130464824721043,8.067681312561035,8.067681312561035,34200,0.0,0.0
1994-08-22,8.036286956188725,8.036286956188725,7.910719972498277,8.004895210266113,60800,0.0,0.0
1994-08-23,8.036286601870078,8.036286601870078,7.785152645561639,7.973503112792969,189600,0.0,0.0
1994-08-24,7.973506044321023,8.067681312561035,7.973506044321023,8.067681312561035,45800,0.0,0.0
1994-08-25,8.067677258524656,8.193244219746829,8.067677258524656,8.130460739135742,93800,0.0,0.0
1994-08-26,8.16185423822114,8.287421226501465,8.16185423822114,8.287421226501465,57000,0.0,0.0
1994-08-29,8.287424986389862,8.287424986389862,8.099074418517365,8.193249702453613,43000,0.0,0.0
1994-08-30,8.130460739135742,8.161852479441286,8.0990689988302,8.130460739135742,503600,0.0,0.0
1994-08-31,8.067682602608851,8.099074363708496,8.036290841509205,8.099074363708496,21800,0.0,0.0
1994-09-01,8.067678702111337,8.09907044803395,7.942111718420889,8.004895210266113,55800,0.0,0.0
1994-09-02,8.004897385246668,8.004897385246668,7.942113876342773,7.942113876342773,33200,0.0,0.0
1994-09-06,7.973506246294294,8.004898003169467,7.87933097566877,7.910722732543945,68600,0.0,0.0
1994-09-07,7.910720954378288,7.910720954378288,7.847937454740365,7.879329204559326,17000,0.0,0.0
1994-09-08,7.847939218793596,7.94211448941912,7.847939218793596,7.910722732543945,66800,0.0,0.0
1994-09-09,7.8793326370146595,7.8793326370146595,7.75376558303833,7.75376558303833,231800,0.0,0.0
1994-09-12,7.785157346532412,7.785157346532412,7.75376558303833,7.75376558303833,119400,0.0,0.0
1994-09-13,7.753766684028191,7.753766684028191,7.72237491607666,7.72237491607666,18200,0.0,0.0
1994-09-14,7.690979134841044,7.753762637982603,7.659587383270264,7.659587383270264,18400,0.0,0.0
1994-09-15,7.75376558303833,7.75376558303833,7.722373819544248,7.75376558303833,32800,0.0,0.0
1994-09-16,7.75376374044536,7.75376374044536,7.56541320424021,7.628196716308594,122000,0.0,0.0
1994-09-19,7.596804618835449,7.628196373458737,7.5654128642121625,7.596804618835449,39400,0.0,0.0
1994-09-20,7.5654096663752695,7.5654096663752695,7.439842700958252,7.439842700958252,47000,0.0,0.0
1994-09-21,7.471233252202118,7.534016724909699,7.439841515848328,7.502624988555908,211000,0.0,0.0
1994-09-22,7.471234083175659,7.534017562866211,7.408450603485107,7.408450603485107,97600,0.0,0.0
1994-09-23,7.3770599365234375,7.408451680934176,7.3456681921127,7.3770599365234375,58800,0.0,0.0
1994-09-26,7.408452897624396,7.4398446471906015,7.2828858993595755,7.314277648925781,210200,0.0,0.0
1994-09-27,7.3456681921127,7.3770599365234375,7.251492958880486,7.3770599365234375,72400,0.0,0.0
1994-09-28,7.314277045747154,7.345668792724609,7.314277045747154,7.345668792724609,37200,0.0,0.0
1994-09-29,7.345668792724609,7.345668792724609,7.282885298769698,7.345668792724609,90000,0.0,0.0
1994-09-30,7.314275735541235,7.439842700958252,7.251492252832727,7.439842700958252,109200,0.0,0.0
1994-10-03,7.502625823020935,7.502625823020935,7.408450603485107,7.408450603485107,118600,0.0,0.0
1994-10-04,7.3770599365234375,7.3770599365234375,7.3456681921127,7.3770599365234375,133400,0.0,0.0
1994-10-05,7.345669792009436,7.345669792009436,7.220102787017822,7.220102787017822,101200,0.0,0.0
1994-10-06,7.188710057837332,7.345668792724609,7.188710057837332,7.345668792724609,39200,0.0,0.0
1994-10-07,7.345671591820655,7.345671591820655,7.220104556063037,7.251496315002441,126600,0.0,0.0
1994-10-10,7.314277648925781,7.377061148058191,7.314277648925781,7.314277648925781,52400,0.0,0.0
1994-10-11,7.345666306786956,7.565408461263489,7.345666306786956,7.502624988555908,87000,0.0,0.0
1994-10-12,7.502624988555908,7.534016724909699,7.502624988555908,7.502624988555908,81600,0.0,0.0
1994-10-13,7.534022808074951,7.565414569775263,7.534022808074951,7.534022808074951,113400,0.0,0.0
1994-10-14,7.534022808074951,7.534022808074951,7.502631046374639,7.534022808074951,52000,0.0,0.0
1994-10-17,7.534021448206018,7.628196716308594,7.534021448206018,7.628196716308594,115400,0.0,0.0
1994-10-18,7.69097988270531,7.69097988270531,7.596804618835449,7.596804618835449,41200,0.0,0.0
1994-10-19,7.628197393611986,7.690980911254883,7.565413875969089,7.690980911254883,38000,0.0,0.0
1994-10-20,7.628196373458737,7.6595881280820235,7.534021109588876,7.596804618835449,71400,0.0,0.0
1994-10-21,7.596803795747242,7.596803795747242,7.53402029330305,7.5654120445251465,66800,0.0,0.0
1994-10-24,7.5654128642121625,7.628196373458737,7.5654128642121625,7.596804618835449,37400,0.0,0.0
1994-10-25,7.5654121285579246,7.690979134841044,7.5654121285579246,7.659587383270264,190000,0.0,0.0
1994-10-26,7.62819371684905,7.785152435302734,7.62819371684905,7.785152435302734,117800,0.0,0.0
1994-10-27,7.7509899352624165,7.845900016102365,7.7509899352624165,7.782626628875732,187000,0.12,0.0
1994-10-28,7.814263322489049,7.877536709715681,7.782626628875732,7.782626628875732,59400,0.0,0.0
1994-10-31,7.7509864336227485,7.7509864336227485,7.592803037018203,7.624439716339111,180600,0.0,0.0
1994-11-01,7.624442647715084,7.719352722167969,7.624442647715084,7.719352722167969,72000,0.0,0.0
1994-11-02,7.656079339199379,7.7826261051365595,7.624442647715084,7.719352722167969,103800,0.0,0.0
1994-11-03,7.592803088858658,7.592803088858658,7.213162934415726,7.244799613952637,276800,0.0,0.0
1994-11-04,7.244803785203813,7.244803785203813,6.960073505435978,7.023346900939941,498600,0.0,0.0
1994-11-07,7.054978247122331,7.086614920876243,6.928431552106684,6.960068225860596,87800,0.0,0.0
1994-11-08,6.896797481572853,6.896797481572853,6.612067310315258,6.706977367401123,511400,0.0,0.0
1994-11-09,6.770250826103743,6.896797570516896,6.770250826103743,6.801887512207031,73400,0.0,0.0
1994-11-10,6.770251799512792,6.83352518081665,6.770251799512792,6.83352518081665,119000,0.0,0.0
1994-11-11,6.83352419831032,6.865160884413608,6.770250826103743,6.801887512207031,255600,0.0,0.0
1994-11-14,6.833526575676749,6.833526575676749,6.738616484347905,6.7702531814575195,57400,0.0,0.0
1994-11-15,6.738614715941965,6.9284348487854,6.706978027134726,6.9284348487854,616000,0.0,0.0
1994-11-16,6.928433111735752,7.181526558739798,6.928433111735752,7.086616516113281,202800,0.0,0.0
1994-11-17,7.054975986480713,7.086612650097218,6.991702659247702,7.054975986480713,330200,0.0,0.0
1994-11-18,7.054979835237775,7.118253196988787,7.054979835237775,7.086616516113281,79800,0.0,0.0
1994-11-21,7.02334157336842,7.054978247122331,6.896794878352773,6.960068225860596,125400,0.0,0.0
1994-11-22,6.960069105165814,6.960069105165814,6.896795749664307,6.896795749664307,155000,0.0,0.0
1994-11-23,6.896799969895978,6.928436667005593,6.675343090128676,6.7702531814575195,103200,0.0,0.0
1994-11-25,6.770248183337125,6.960068225860596,6.770248183337125,6.960068225860596,18800,0.0,0.0
1994-11-28,6.96007153759264,6.96007153759264,6.896798159978161,6.9284348487854,340000,0.0,0.0
1994-11-29,6.928431552106684,6.960068225860596,6.896794878352773,6.960068225860596,48000,0.0,0.0
1994-11-30,7.023342093730943,7.023342093730943,6.96006874153517,6.991705417633057,95400,0.0,0.0
1994-12-01,6.928432065437282,7.054978769828831,6.928432065437282,6.991705417633057,77600,0.0,0.0
1994-12-02,6.991710203187959,7.086620296443905,6.991710203187959,7.023346900939941,86200,0.0,0.0
1994-12-05,7.023343154362269,7.118253196988787,7.023343154362269,7.086616516113281,230600,0.0,0.0
1994-12-06,7.086618292821597,7.086618292821597,6.9284348487854,6.9284348487854,196200,0.0,0.0
1994-12-07,6.896798159978161,6.991708226399879,6.865161471170922,6.9284348487854,189400,0.0,0.0
1994-12-08,6.8967990655503515,6.960072451472832,6.865162372589111,6.865162372589111,26800,0.0,0.0
1994-12-09,6.833526575676749,6.833526575676749,6.738616484347905,6.7702531814575195,266400,0.0,0.0
1994-12-12,6.738612174987793,6.77024885186567,6.738612174987793,6.738612174987793,139800,0.0,0.0
1994-12-13,6.77024885186567,6.77024885186567,6.738612174987793,6.738612174987793,50200,0.0,0.0
1994-12-14,6.738616484347905,6.833526575676749,6.738616484347905,6.7702531814575195,26600,0.0,0.0
1994-12-15,6.77024885186567,6.77024885186567,6.738612174987793,6.738612174987793,288800,0.0,0.0
1994-12-16,6.7702531814575195,6.801889878567134,6.738616484347905,6.7702531814575195,90600,0.0,0.0
1994-12-19,6.770250826103743,6.801887512207031,6.706977453897165,6.801887512207031,51800,0.0,0.0
1994-12-20,6.675340767793877,6.83352419831032,6.675340767793877,6.801887512207031,152400,0.0,0.0
1994-12-21,6.801884857091037,7.02334157336842,6.801884857091037,6.960068225860596,120000,0.0,0.0
1994-12-22,6.960073505435978,7.054983598691923,6.960073505435978,7.023346900939941,167400,0.0,0.0
1994-12-23,6.991702659247702,7.086612650097218,6.991702659247702,7.054975986480713,28600,0.0,0.0
1994-12-27,6.991705417633057,7.023342093730943,6.96006874153517,6.991705417633057,39400,0.0,0.0
1994-12-28,7.054979138418075,7.054979138418075,6.865159071913553,6.896795749664307,62200,0.0,0.0
1994-12-29,6.865158204598861,6.991704899614508,6.833521530844949,6.960068225860596,74400,0.0,0.0
1994-12-30,6.928431552106684,7.02334157336842,6.896794878352773,6.960068225860596,54200,0.0,0.0
1995-01-03,6.896795389339395,6.991705417633057,6.896795389339395,6.991705417633057,79600,0.0,0.0
1995-01-04,7.054975986480713,7.181522640946735,7.054975986480713,7.054975986480713,254800,0.0,0.0
1995-01-05,7.054978769828831,7.054978769828831,6.991705417633057,6.991705417633057,79000,0.0,0.0
1995-01-06,7.023344915207119,7.023344915207119,6.9284348487854,6.9284348487854,96400,0.0,0.0
1995-01-09,6.991702659247702,7.086612650097218,6.991702659247702,7.054975986480713,88000,0.0,0.0
1995-01-10,7.149888038635254,7.2131613841099025,7.149888038635254,7.149888038635254,44000,0.0,0.0
1995-01-11,7.181527169127214,7.276437219820525,7.181527169127214,7.21316385269165,145800,0.0,0.0
1995-01-12,7.181527169127214,7.21316385269165,7.181527169127214,7.21316385269165,17600,0.0,0.0
1995-01-13,7.213163945582005,7.3713473654412605,7.213163945582005,7.308073997497559,158600,0.0,0.0
1995-01-16,7.3713473654412605,7.3713473654412605,7.276437313525707,7.308073997497559,57600,0.0,0.0
1995-01-17,7.308073903384962,7.308073903384962,7.149890485562777,7.21316385269165,46000,0.0,0.0
1995-01-18,7.24480290980066,7.24480290980066,7.118256134083618,7.181529521942139,40800,0.0,0.0
1995-01-19,7.181526558739798,7.181526558739798,7.086616516113281,7.086616516113281,72800,0.0,0.0
1995-01-20,7.118249313713724,7.118249313713724,7.023339322864207,7.054975986480713,98000,0.0,0.0
1995-01-23,7.054980434869465,7.21316385269165,7.054980434869465,7.21316385269165,78200,0.0,0.0
1995-01-24,7.2131593045632405,7.2131593045632405,7.023339322864207,7.054975986480713,74800,0.0,0.0
1995-01-25,7.086616550021701,7.149889912075467,7.054979868994819,7.118253231048584,186400,0.0,0.0
1995-01-26,7.086614693160606,7.149888038635254,7.054978020423282,7.149888038635254,163800,0.0,0.0
1995-01-27,7.118253231048584,7.181526593102349,7.118253231048584,7.118253231048584,16400,0.0,0.0
1995-01-30,7.149888038635254,7.244798056847227,7.149888038635254,7.149888038635254,28200,0.0,0.0
1995-01-31,7.149892828012878,7.213166215871399,7.149892828012878,7.181529521942139,27400,0.0,0.0
1995-02-01,7.181527169127214,7.21316385269165,7.086617118433902,7.21316385269165,55400,0.0,0.0
1995-02-02,7.210607471137211,7.402039527893066,7.210607471137211,7.402039527893066,406800,0.12,0.0
1995-02-03,7.40204323478367,7.465853952324909,7.306327158471812,7.338232517242432,58800,0.0,0.0
1995-02-06,7.3701385431414606,7.402043904800082,7.306327819824219,7.306327819824219,97800,0.0,0.0
1995-02-07,7.338228842307781,7.402039527893066,7.338228842307781,7.402039527893066,61400,0.0,0.0
1995-02-08,7.40204323478367,7.465853952324909,7.338232517242432,7.338232517242432,189200,0.0,0.0
1995-02-09,7.338233014370533,7.497759819030762,7.338233014370533,7.497759819030762,54000,0.0,0.0
1995-02-10,7.497759819030762,7.497759819030762,7.465854458098716,7.497759819030762,65000,0.0,0.0
1995-02-13,7.497759819030762,7.529665179962808,7.465854458098716,7.497759819030762,28200,0.0,0.0
1995-02-14,7.497759819030762,7.529665179962808,7.465854458098716,7.497759819030762,46600,0.0,0.0
1995-02-15,7.5296630859375,7.5296630859375,7.4977577338784425,7.5296630859375,156600,0.0,0.0
1995-02-16,7.4977577338784425,7.5296630859375,7.465852381819386,7.5296630859375,22600,0.0,0.0
1995-02-17,7.529665179962808,7.529665179962808,7.465854458098716,7.497759819030762,243800,0.0,0.0
1995-02-21,7.5296630859375,7.593473790055614,7.4977577338784425,7.5296630859375,90400,0.0,0.0
1995-02-22,7.5615692138671875,7.5934745691999606,7.497758503201641,7.5615692138671875,97200,0.0,0.0
1995-02-23,7.593476492511339,7.784908672994819,7.529665765683513,7.721097946166992,784200,0.0,0.0
1995-02-24,7.721097122713266,7.97634000280296,7.721097122713266,7.944434642791748,410800,0.0,0.0
1995-02-27,7.912529282780537,7.944434642791748,7.912529282780537,7.944434642791748,300000,0.0,0.0
1995-02-28,7.912530329122961,8.008246421813965,7.912530329122961,8.008246421813965,133600,0.0,0.0
1995-03-01,8.008244916210025,8.167771707369587,8.008244916210025,8.103960990905762,401600,0.0,0.0
1995-03-02,8.07205563267385,8.103960990905762,8.040150274441936,8.103960990905762,117800,0.0,0.0
1995-03-03,8.103962330502759,8.199678421020508,8.103962330502759,8.199678421020508,294400,0.0,0.0
1995-03-06,8.199678421020508,8.231583784526425,8.199678421020508,8.199678421020508,68800,0.0,0.0
1995-03-07,8.199671582658162,8.327292930248172,8.199671582658162,8.231576919555664,129800,0.0,0.0
1995-03-08,8.263484954833984,8.359200996781869,8.263484954833984,8.263484954833984,432200,0.0,0.0
1995-03-09,8.263484954833984,8.263484954833984,8.19967426020206,8.263484954833984,31400,0.0,0.0
1995-03-10,8.263482256453166,8.263482256453166,8.231576919555664,8.231576919555664,143400,0.0,0.0
1995-03-13,8.231583784526425,8.26348914803234,8.199678421020508,8.199678421020508,56200,0.0,0.0
1995-03-14,8.199674781411886,8.231580130755901,8.135864082723856,8.167769432067871,308600,0.0,0.0
1995-03-15,8.167772480085784,8.167772480085784,8.13586711883545,8.13586711883545,116600,0.0,0.0
1995-03-16,8.135864082723856,8.167769432067871,8.10395873337984,8.167769432067871,155400,0.0,0.0
1995-03-17,8.13586711883545,8.167772480085784,8.13586711883545,8.13586711883545,69600,0.0,0.0
1995-03-20,8.135864082723856,8.199674781411886,8.135864082723856,8.167769432067871,197400,0.0,0.0
1995-03-21,8.199674781411886,8.199674781411886,8.135864082723856,8.167769432067871,318600,0.0,0.0
1995-03-22,8.1677689128861,8.263484954833984,8.1677689128861,8.263484954833984,157000,0.0,0.0
1995-03-23,8.263486561022306,8.518729389161992,8.263486561022306,8.486824035644531,743000,0.0,0.0
1995-03-24,8.518730205648085,8.710162345100851,8.518730205648085,8.67825698852539,323200,0.0,0.0
1995-03-27,8.678253956330128,8.742064647185497,8.678253956330128,8.710159301757812,316800,0.0,0.0
1995-03-28,8.710162345100851,8.710162345100851,8.67825698852539,8.67825698852539,224200,0.0,0.0
1995-03-29,8.678256395128038,8.678256395128038,8.582540331946479,8.614445686340332,135400,0.0,0.0
1995-03-30,8.614446855809566,8.74206829071045,8.614446855809566,8.74206829071045,311400,0.0,0.0
1995-03-31,8.710162345100851,8.710162345100851,8.67825698852539,8.67825698852539,170400,0.0,0.0
1995-04-03,8.678260632415316,8.678260632415316,8.550639152526855,8.550639152526855,317200,0.0,0.0
1995-04-04,8.550636852912183,8.550636852912183,8.454920768737793,8.454920768737793,291200,0.0,0.0
1995-04-05,8.454920768737793,8.486826130129256,8.423015407346329,8.454920768737793,129200,0.0,0.0
1995-04-06,8.486826130129256,8.486826130129256,8.423015407346329,8.454920768737793,113200,0.0,0.0
1995-04-07,8.423013687133789,8.423013687133789,8.391108332258282,8.423013687133789,84800,0.0,0.0
1995-04-10,8.454920371980156,8.454920371980156,8.359204292297363,8.359204292297363,93200,0.0,0.0
1995-04-11,8.3272954757397,8.359200822390044,8.295390129089355,8.295390129089355,102800,0.0,0.0
1995-04-12,8.327299323171939,8.454920768737793,8.327299323171939,8.454920768737793,48800,0.0,0.0
1995-04-13,8.423015199858567,8.423015199858567,8.327299118041992,8.327299118041992,89400,0.0,0.0
1995-04-17,8.327301587442028,8.42301769764251,8.327301587442028,8.391112327575684,36200,0.0,0.0
1995-04-18,8.359200996781869,8.359200996781869,8.231579607518023,8.263484954833984,150800,0.0,0.0
1995-04-19,8.231576919555664,8.231576919555664,8.199671582658162,8.231576919555664,95400,0.0,0.0
1995-04-20,8.231580130755901,8.231580130755901,8.167769432067871,8.167769432067871,140200,0.0,0.0
1995-04-21,8.135864082723856,8.199674781411886,8.135864082723856,8.167769432067871,85200,0.0,0.0
1995-04-24,8.199674781411886,8.231580130755901,8.167769432067871,8.167769432067871,42000,0.0,0.0
1995-04-25,8.167766245760658,8.263482256453166,8.167766245760658,8.231576919555664,42400,0.0,0.0
1995-04-26,8.231576919555664,8.263482256453166,8.231576919555664,8.231576919555664,15600,0.0,0.0
1995-04-27,8.231583036225418,8.327299118041992,8.231583036225418,8.327299118041992,37200,0.0,0.0
1995-04-28,8.3272954757397,8.3272954757397,8.263484782439011,8.295390129089355,29600,0.0,0.0
1995-05-01,8.295390129089355,8.3272954757397,8.295390129089355,8.295390129089355,75800,0.0,0.0
1995-05-02,8.295393572508834,8.359204292297363,8.295393572508834,8.359204292297363,38600,0.0,0.0
1995-05-03,8.327298932403098,8.359204292297363,8.327298932403098,8.359204292297363,92800,0.0,0.0
1995-05-04,8.356626510620117,8.453049124204195,8.356626510620117,8.356626510620117,190600,0.12,0.0
1995-05-05,8.356635871974902,8.42091768637471,8.356635871974902,8.388776779174805,55000,0.0,0.0
1995-05-08,8.356630019559205,8.42091178894043,8.356630019559205,8.42091178894043,624600,0.0,0.0
1995-05-09,8.356630019559205,8.42091178894043,8.356630019559205,8.42091178894043,19200,0.0,0.0
1995-05-10,8.42091178894043,8.453052673631042,8.42091178894043,8.42091178894043,87800,0.0,0.0
1995-05-11,8.42091178894043,8.453052673631042,8.42091178894043,8.42091178894043,33800,0.0,0.0
1995-05-12,8.42091178894043,8.453052673631042,8.42091178894043,8.42091178894043,39600,0.0,0.0
1995-05-15,8.420914679765701,8.453055575489998,8.195928409695625,8.228069305419922,374600,0.0,0.0
1995-05-16,8.228068512561274,8.228068512561274,8.163786727306888,8.195927619934082,182400,0.0,0.0
1995-05-17,8.163788795471191,8.228070597010335,8.163788795471191,8.163788795471191,552800,0.0,0.0
1995-05-18,8.163788795471191,8.195929696240762,8.13164789470162,8.163788795471191,143200,0.0,0.0
1995-05-19,8.131646156311035,8.163787050209498,8.099505262412572,8.131646156311035,29400,0.0,0.0
1995-05-22,8.1316444041237,8.1316444041237,8.099503517150879,8.099503517150879,40400,0.0,0.0
1995-05-23,8.13164789470162,8.163788795471191,8.099506993932048,8.163788795471191,112600,0.0,0.0
1995-05-24,8.163788795471191,8.260211497779906,8.13164789470162,8.163788795471191,44400,0.0,0.0
1995-05-25,8.163787378257965,8.195928273447956,8.067364692687988,8.067364692687988,83600,0.0,0.0
1995-05-26,8.067362630178058,8.099503517150879,8.067362630178058,8.099503517150879,57400,0.0,0.0
1995-05-30,8.09950558787798,8.09950558787798,8.067364692687988,8.067364692687988,6400,0.0,0.0
1995-05-31,8.099506993932048,8.163788795471191,8.067366093162477,8.163788795471191,35600,0.0,0.0
1995-06-01,8.13164789470162,8.163788795471191,8.13164789470162,8.163788795471191,100000,0.0,0.0
1995-06-02,8.13164789470162,8.260211497779906,8.13164789470162,8.163788795471191,48200,0.0,0.0
1995-06-05,8.163787050209498,8.228068838006424,8.131646156311035,8.131646156311035,66400,0.0,0.0
1995-06-06,8.163787513971329,8.228069305419922,8.131646618247032,8.228069305419922,181800,0.0,0.0
1995-06-07,8.228068033854166,8.292349815368652,8.195927143096924,8.292349815368652,200800,0.0,0.0
1995-06-08,8.260210201144218,8.260210201144218,8.195928409695625,8.228069305419922,79200,0.0,0.0
1995-06-09,8.195929696240762,8.195929696240762,8.13164789470162,8.163788795471191,111400,0.0,0.0
1995-06-12,8.163788795471191,8.195929696240762,8.163788795471191,8.163788795471191,89000,0.0,0.0
1995-06-13,8.163786727306888,8.195927619934082,8.131645834679697,8.195927619934082,70600,0.0,0.0
1995-06-14,8.195922154646652,8.388767381814809,8.195922154646652,8.356626510620117,121800,0.0,0.0
1995-06-15,8.324485639425424,8.356626510620117,8.324485639425424,8.356626510620117,52200,0.0,0.0
1995-06-16,8.324490706125895,8.356631596883139,8.292349815368652,8.292349815368652,74400,0.0,0.0
1995-06-19,8.324490706125895,8.324490706125895,8.26020892461141,8.292349815368652,50600,0.0,0.0
1995-06-20,8.292353804473283,8.292353804473283,8.260212898254395,8.260212898254395,49200,0.0,0.0
1995-06-21,8.26020892461141,8.292349815368652,8.26020892461141,8.292349815368652,11800,0.0,0.0
1995-06-22,8.29234476823073,8.356626510620117,8.228063025841346,8.356626510620117,82800,0.0,0.0
1995-06-23,8.324490706125895,8.356631596883139,8.26020892461141,8.292349815368652,42400,0.0,0.0
1995-06-26,8.26020892461141,8.324490706125895,8.26020892461141,8.292349815368652,70800,0.0,0.0
1995-06-27,8.292351096868515,8.324491992592812,8.228069305419922,8.228069305419922,111400,0.0,0.0
1995-06-28,8.228071992035506,8.292353804473283,8.228071992035506,8.260212898254395,47600,0.0,0.0
1995-06-29,8.26020892461141,8.292349815368652,8.26020892461141,8.292349815368652,293200,0.0,0.0
1995-06-30,8.2923506070288,8.324491500854492,8.2923506070288,8.324491500854492,71400,0.0,0.0
1995-07-03,8.292349815368652,8.292349815368652,8.26020892461141,8.292349815368652,119600,0.0,0.0
1995-07-05,8.292353804473283,8.292353804473283,8.260212898254395,8.260212898254395,39600,0.0,0.0
1995-07-06,8.26020892461141,8.324490706125895,8.26020892461141,8.292349815368652,90600,0.0,0.0
1995-07-07,8.324494710692171,8.324494710692171,8.260212898254395,8.260212898254395,115000,0.0,0.0
1995-07-10,8.260210201144218,8.292351096868515,8.228069305419922,8.228069305419922,78000,0.0,0.0
1995-07-11,8.228070597010335,8.228070597010335,8.163788795471191,8.163788795471191,223400,0.0,0.0
1995-07-12,8.163788795471191,8.163788795471191,8.099506993932048,8.163788795471191,74800,0.0,0.0
1995-07-13,8.13164789470162,8.228070597010335,8.13164789470162,8.163788795471191,91400,0.0,0.0
1995-07-14,8.163787513971329,8.228069305419922,8.163787513971329,8.228069305419922,37600,0.0,0.0
1995-07-17,8.163787050209498,8.19592794410796,8.131646156311035,8.131646156311035,89000,0.0,0.0
1995-07-18,8.163787050209498,8.163787050209498,8.099505262412572,8.131646156311035,46800,0.0,0.0
1995-07-19,8.099505262412572,8.163787050209498,8.099505262412572,8.131646156311035,41600,0.0,0.0
1995-07-20,8.131645834679697,8.195927619934082,8.099504942052505,8.195927619934082,151200,0.0,0.0
1995-07-21,8.163786727306888,8.228068512561274,8.163786727306888,8.195927619934082,117200,0.0,0.0
1995-07-24,8.195928409695625,8.260210201144218,8.195928409695625,8.228069305419922,292800,0.0,0.0
1995-07-25,8.228068512561274,8.228068512561274,8.195927619934082,8.195927619934082,75400,0.0,0.0
1995-07-26,8.195927143096924,8.324490706125895,8.195927143096924,8.292349815368652,368400,0.0,0.0
1995-07-27,8.324491992592812,8.324491992592812,8.228069305419922,8.228069305419922,181400,0.0,0.0
1995-07-28,8.228068512561274,8.228068512561274,8.195927619934082,8.195927619934082,70000,0.0,0.0
1995-07-31,8.195927619934082,8.195927619934082,8.131645834679697,8.195927619934082,18600,0.0,0.0
1995-08-01,8.193337300467112,8.193337300467112,8.128567835641286,8.1609525680542,28600,0.12,0.0
1995-08-02,8.1609525680542,8.193337300467112,8.1609525680542,8.1609525680542,14800,0.0,0.0
1995-08-03,8.160956257367989,8.160956257367989,8.063802016208847,8.128571510314941,65400,0.0,0.0
1995-08-04,8.160953247070312,8.160953247070312,8.096183776855469,8.096183776855469,42800,0.0,0.0
1995-08-07,8.128573651370324,8.258112673702918,8.128573651370324,8.193343162536621,21800,0.0,0.0
1995-08-08,8.160956257367989,8.193341004421036,8.096186763261894,8.128571510314941,43600,0.0,0.0
1995-08-09,8.128568511962891,8.128568511962891,8.096183776855469,8.096183776855469,39800,0.0,0.0
1995-08-10,8.096186763261894,8.128571510314941,8.096186763261894,8.128571510314941,23600,0.0,0.0
1995-08-11,8.096186763261894,8.160956257367989,8.096186763261894,8.128571510314941,23000,0.0,0.0
1995-08-14,8.128573651370324,8.193343162536621,8.128573651370324,8.193343162536621,28200,0.0,0.0
1995-08-15,8.16094924742917,8.16094924742917,8.06379508972168,8.06379508972168,43800,0.0,0.0
1995-08-16,8.09617980895751,8.12856452819334,8.03141037048585,8.06379508972168,21400,0.0,0.0
1995-08-17,8.128571510314941,8.128571510314941,8.096186763261894,8.128571510314941,31800,0.0,0.0
1995-08-18,8.160953247070312,8.193337982177734,8.096183776855469,8.096183776855469,54800,0.0,0.0
1995-08-21,8.128573651370324,8.193343162536621,8.096188895787176,8.193343162536621,48200,0.0,0.0
1995-08-22,8.160953247070312,8.193337982177734,8.063799041748046,8.096183776855469,68600,0.0,0.0
1995-08-23,8.128568511962891,8.355261657714843,8.096183776855469,8.096183776855469,22400,0.0,0.0
1995-08-24,8.096188895787176,8.193343162536621,8.096188895787176,8.193343162536621,17200,0.0,0.0
1995-08-25,8.193337300467112,8.225722032880027,8.1609525680542,8.1609525680542,60000,0.0,0.0
1995-08-28,8.22572135925293,8.22572135925293,8.160951899731252,8.22572135925293,48800,0.0,0.0
1995-08-29,8.19333662949209,8.258106089013769,8.19333662949209,8.22572135925293,60600,0.0,0.0
1995-08-30,8.193343162536621,8.22572791811977,8.160958406953473,8.193343162536621,76600,0.0,0.0
1995-08-31,8.160951899731252,8.22572135925293,8.160951899731252,8.22572135925293,17800,0.0,0.0
1995-09-01,8.19333662949209,8.258106089013769,8.19333662949209,8.22572135925293,92000,0.0,0.0
1995-09-05,8.225724351172353,8.290493834252452,8.193339609632305,8.258109092712402,65600,0.0,0.0
1995-09-06,8.258104473352432,8.290489196777344,8.22571974992752,8.290489196777344,92400,0.0,0.0
1995-09-07,8.25810759566551,8.387646538342617,8.25810759566551,8.35526180267334,104400,0.0,0.0
1995-09-08,8.355262074103722,8.420031547546387,8.355262074103722,8.420031547546387,83000,0.0,0.0
1995-09-11,8.420030453950742,8.420030453950742,8.355260988920351,8.387645721435547,79000,0.0,0.0
1995-09-12,8.355262074103722,8.420031547546387,8.355262074103722,8.420031547546387,134200,0.0,0.0
1995-09-13,8.420029121660008,8.517183303833008,8.420029121660008,8.517183303833008,57800,0.0,0.0
1995-09-14,8.517183303833008,8.549568031224007,8.517183303833008,8.517183303833008,50400,0.0,0.0
1995-09-15,8.549568031224007,8.549568031224007,8.517183303833008,8.517183303833008,53800,0.0,0.0
1995-09-18,8.549570083618164,8.581954818783384,8.517185348452943,8.549570083618164,66200,0.0,0.0
1995-09-19,8.517185348452943,8.581954818783384,8.517185348452943,8.549570083618164,77600,0.0,0.0
1995-09-20,8.549568031224007,8.549568031224007,8.517183303833008,8.517183303833008,85200,0.0,0.0
1995-09-21,8.549572120522553,8.58195686340332,8.517187377641786,8.58195686340332,82400,0.0,0.0
1995-09-22,8.549570083618164,8.549570083618164,8.517185348452943,8.549570083618164,38200,0.0,0.0
1995-09-25,8.517186019500391,8.711494445800781,8.517186019500391,8.711494445800781,43200,0.0,0.0
1995-09-26,8.743882666539102,8.873421669006348,8.743882666539102,8.873421669006348,162600,0.0,0.0
1995-09-27,8.873421669006348,8.873421669006348,8.808652167772724,8.873421669006348,124200,0.0,0.0
1995-09-28,8.8734141887318,8.93818363536488,8.84102946541526,8.90579891204834,101000,0.0,0.0
1995-09-29,8.905801379979724,9.035340309143066,8.905801379979724,9.035340309143066,110400,0.0,0.0
1995-10-02,9.002954338431788,9.002954338431788,8.970569610595703,8.970569610595703,79800,0.0,0.0
1995-10-03,8.970569610595703,9.035339066267873,8.970569610595703,8.970569610595703,46800,0.0,0.0
1995-10-04,9.002958684629393,9.100112915039062,8.970573941159502,9.100112915039062,112400,0.0,0.0
1995-10-05,9.100105128969464,9.132489844730921,9.067720413208008,9.067720413208008,84000,0.0,0.0
1995-10-06,9.067720413208008,9.067720413208008,9.03533569744655,9.067720413208008,26200,0.0,0.0
1995-10-09,9.100109242378396,9.13249397277832,9.03533978157855,9.13249397277832,42600,0.0,0.0
1995-10-10,9.100105128969464,9.100105128969464,9.03533569744655,9.067720413208008,25400,0.0,0.0
1995-10-11,9.132497658508953,9.164882401978842,9.067728171569172,9.100112915039062,46800,0.0,0.0
1995-10-12,9.035339211388457,9.067723939744688,9.002954483032227,9.002954483032227,44800,0.0,0.0
1995-10-13,9.03533569744655,9.164874560492379,9.03533569744655,9.067720413208008,214800,0.0,0.0
1995-10-16,9.100109383411205,9.164878845214844,9.067724652509387,9.164878845214844,140600,0.0,0.0
1995-10-17,9.132495201809306,9.197264671325684,9.100110467051117,9.197264671325684,36200,0.0,0.0
1995-10-18,9.197259276253837,9.197259276253837,9.067720413208008,9.067720413208008,60200,0.0,0.0
1995-10-19,9.002958684629393,9.132497658508953,9.002958684629393,9.100112915039062,176000,0.0,0.0
1995-10-20,9.13249397277832,9.164878703178243,9.100109242378396,9.13249397277832,52800,0.0,0.0
1995-10-23,9.132494114313024,9.164878845214844,9.100109383411205,9.164878845214844,16800,0.0,0.0
1995-10-24,9.164874391388475,9.229643821716309,9.164874391388475,9.229643821716309,94600,0.0,0.0
1995-10-25,9.229643821716309,9.262028536880225,9.19725910655239,9.229643821716309,56000,0.0,0.0
1995-10-26,9.229648307018483,9.229648307018483,9.100109383411205,9.164878845214844,33800,0.0,0.0
1995-10-27,9.132494506015572,9.132494506015572,9.00295557685223,9.035340309143066,230200,0.0,0.0
1995-10-30,9.002953081997958,9.002953081997958,8.90579891204834,8.90579891204834,91800,0.0,0.0
1995-10-31,8.90580641962316,8.938191170239971,8.873421669006348,8.873421669006348,124600,0.0,0.0
1995-11-01,8.873421669006348,8.93866741657257,8.873421669006348,8.873421669006348,41200,0.125,0.0
1995-11-02,8.87341681710125,8.971285384936925,8.87341681710125,8.9386625289917,137400,0.0,0.0
1995-11-03,8.971285384936925,8.971285384936925,8.9386625289917,8.9386625289917,82800,0.0,0.0
1995-11-06,8.906039673046473,8.9386625289917,8.906039673046473,8.9386625289917,16800,0.0,0.0
1995-11-07,8.938661135160006,8.938661135160006,8.87341543344351,8.906038284301758,57400,0.0,0.0
1995-11-08,8.87341681710125,8.971285384936925,8.87341681710125,8.9386625289917,87200,0.0,0.0
1995-11-09,8.9386625289917,8.9386625289917,8.87341681710125,8.9386625289917,83400,0.0,0.0
1995-11-10,8.9386625289917,8.971285384936925,8.9386625289917,8.9386625289917,59400,0.0,0.0
1995-11-13,8.873417946144388,8.906040806240506,8.77554936585603,8.808172225952148,56000,0.0,0.0
1995-11-14,8.808171105210798,8.9386625289917,8.775548249265574,8.9386625289917,88600,0.0,0.0
1995-11-15,8.906036639213562,9.13439655303955,8.906036639213562,9.13439655303955,132800,0.0,0.0
1995-11-16,9.134400279809398,9.19964599609375,9.134400279809398,9.19964599609375,55400,0.0,0.0
1995-11-17,9.19964599609375,9.264891712378104,9.19964599609375,9.19964599609375,100600,0.0,0.0
1995-11-20,9.232265087536403,9.232265087536403,9.13439655303955,9.13439655303955,65600,0.0,0.0
1995-11-21,9.13440079875688,9.199646518748002,9.13440079875688,9.167023658752441,30000,0.0,0.0
1995-11-22,9.134399496394096,9.16702235173836,9.069153785705566,9.069153785705566,23600,0.0,0.0
1995-11-24,9.069153785705566,9.101776641049831,9.069153785705566,9.069153785705566,6000,0.0,0.0
1995-11-27,9.036528018542699,9.13439655303955,9.036528018542699,9.13439655303955,34200,0.0,0.0
1995-11-28,9.13440098401011,9.13440098401011,9.036532402038574,9.036532402038574,103000,0.0,0.0
1995-11-29,9.003911548961293,9.069157284823332,8.938665813099254,8.971288681030273,162400,0.0,0.0
1995-11-30,8.906036202625561,9.134396105256986,8.906036202625561,9.101773262023926,240400,0.0,0.0
1995-12-01,9.101773262023926,9.134396105256986,9.069150418790866,9.101773262023926,248400,0.0,0.0
1995-12-04,9.13440079875688,9.232269378743561,9.13440079875688,9.167023658752441,213200,0.0,0.0
1995-12-05,9.199646518748002,9.199646518748002,9.06915507876576,9.167023658752441,120600,0.0,0.0
1995-12-06,9.199642626219841,9.23226547241211,9.134396933835303,9.23226547241211,556400,0.0,0.0
1995-12-07,9.264893431763548,9.33013916015625,9.264893431763548,9.33013916015625,154800,0.0,0.0
1995-12-08,9.362760974301233,9.395383834838867,9.330138113763597,9.395383834838867,50800,0.0,0.0
1995-12-11,9.460629030907443,9.460629030907443,9.395383313452909,9.428006172180176,117200,0.0,0.0
1995-12-12,9.460629030907443,9.460629030907443,9.428006172180176,9.428006172180176,19400,0.0,0.0
1995-12-13,9.460627323872334,9.786855852281725,9.460627323872334,9.656364440917969,299600,0.0,0.0
1995-12-14,9.656360524495442,9.819474722544353,9.656360524495442,9.78685188293457,408200,0.0,0.0
1995-12-15,9.91735079341803,10.210956573486328,9.91735079341803,10.210956573486328,638600,0.0,0.0
1995-12-18,10.178333282470703,10.178333282470703,10.145710419385862,10.178333282470703,189400,0.0,0.0
1995-12-19,10.145710419385862,10.210956145555546,10.145710419385862,10.178333282470703,203000,0.0,0.0
1995-12-20,10.243573188781738,10.30881887788226,10.243573188781738,10.243573188781738,155200,0.0,0.0
1995-12-21,10.210952889104806,10.537181415913267,10.178330036423962,10.504558563232422,289200,0.0,0.0
1995-12-22,10.504555527756853,10.76553827378808,10.504555527756853,10.700292587280273,194200,0.0,0.0
1995-12-26,10.66766980235562,10.66766980235562,10.60242411549106,10.63504695892334,73400,0.0,0.0
1995-12-27,10.602430441062147,10.602430441062147,10.50456185237542,10.537184715270996,321800,0.0,0.0
1995-12-28,10.50455864071846,10.50455864071846,10.439312934875488,10.439312934875488,144000,0.0,0.0
1995-12-29,10.471938133239746,10.471938133239746,10.439315273011584,10.471938133239746,160600,0.0,0.0
1996-01-02,10.471938133239746,10.537183853696067,10.406692412783423,10.471938133239746,365000,0.0,0.0
1996-01-03,10.439315273011584,10.504560993467907,10.439315273011584,10.471938133239746,79600,0.0,0.0
1996-01-04,10.439311608155066,10.439311608155066,10.308820213053128,10.341443061828613,104800,0.0,0.0
1996-01-05,10.308825166842427,10.34144803129446,10.178333709034295,10.210956573486328,44200,0.0,0.0
1996-01-08,10.178330264514006,10.308821678161621,10.178330264514006,10.308821678161621,41400,0.0,0.0
1996-01-09,10.374071545735422,10.439317278727469,10.308825812743375,10.406694412231445,89600,0.0,0.0
1996-01-10,10.341441722432519,10.341441722432519,10.210950344231478,10.243573188781738,160200,0.0,0.0
1996-01-11,10.210950344231478,10.30881887788226,10.210950344231478,10.243573188781738,396800,0.0,0.0
1996-01-12,10.243576209775863,10.243576209775863,10.08046193891956,10.11308479309082,64000,0.0,0.0
1996-01-15,10.08046047787191,10.178329026200764,10.04783762842896,10.145706176757812,63600,0.0,0.0
1996-01-16,10.178327499681219,10.30881887788226,10.178327499681219,10.243573188781738,33200,0.0,0.0
1996-01-17,10.243573188781738,10.341441722432519,10.178327499681219,10.243573188781738,128000,0.0,0.0
1996-01-18,10.27620187172523,10.27620187172523,10.145710419385862,10.178333282470703,119200,0.0,0.0
1996-01-19,10.178329026200764,10.178329026200764,10.113083327314861,10.145706176757812,139600,0.0,0.0
1996-01-22,10.178337763814092,10.178337763814092,10.080469131469727,10.080469131469727,63600,0.0,0.0
1996-01-23,10.113092008917848,10.113092008917848,10.047846254021604,10.080469131469727,21600,0.0,0.0
1996-01-24,10.080458192082194,10.113081034127768,10.047835350036621,10.047835350036621,72000,0.0,0.0
1996-01-25,10.047835350036621,10.080458192082194,10.015212507991048,10.047835350036621,11600,0.0,0.0
1996-01-26,10.047835350036621,10.047835350036621,10.015212507991048,10.047835350036621,40200,0.0,0.0
1996-01-29,10.015214477489197,10.047837325950075,9.98259162902832,9.98259162902832,35000,0.0,0.0
1996-01-30,10.015223376573482,10.080469131469727,9.917354744229115,10.080469131469727,130400,0.0,0.0
1996-01-31,10.080469131469727,10.080469131469727,10.047846254021604,10.080469131469727,43600,0.0,0.0
1996-02-01,10.11308479309082,10.145707647262082,10.08046193891956,10.11308479309082,75200,0.0,0.0
1996-02-02,10.080469131469727,10.14571488636597,10.080469131469727,10.080469131469727,68200,0.0,0.0
1996-02-05,10.080458192082194,10.080458192082194,10.015212507991048,10.047835350036621,28800,0.0,0.0
1996-02-06,10.08046193891956,10.11308479309082,10.08046193891956,10.11308479309082,90200,0.0,0.0
1996-02-07,10.113092008917848,10.113092008917848,10.047846254021604,10.080469131469727,32000,0.0,0.0
1996-02-08,10.080466270446777,10.146137060482262,10.014795480411294,10.080466270446777,107000,0.125,0.0
1996-02-09,10.047624368416635,10.080459742169632,9.916282873404654,9.981953620910645,68600,0.0,0.0
1996-02-12,9.981953620910645,10.01478899466364,9.94911824715765,9.981953620910645,41600,0.0,0.0
1996-02-13,10.014792043109273,10.047627426857172,9.883450508117676,9.883450508117676,101800,0.0,0.0
1996-02-14,9.883452425131926,9.916287815248644,9.71927547454834,9.71927547454834,100400,0.0,0.0
1996-02-15,9.784944534301758,9.850615302988347,9.719273765615169,9.784944534301758,72800,0.0,0.0
1996-02-16,9.81778221901017,9.81778221901017,9.7192760428997,9.752111434936523,176400,0.0,0.0
1996-02-20,9.78494839456708,9.78494839456708,9.620771408081055,9.620771408081055,37000,0.0,0.0
1996-02-21,9.620769304198188,9.71927547454834,9.620769304198188,9.71927547454834,70200,0.0,0.0
1996-02-22,9.719269615351955,9.81777572631836,9.719269615351955,9.81777572631836,141400,0.0,0.0
1996-02-23,9.81777572631836,9.81777572631836,9.784940355996225,9.81777572631836,274000,0.0,0.0
1996-02-26,9.7849477152871,10.113301665464519,9.719276925251616,10.080466270446777,288000,0.0,0.0
1996-02-27,10.113298397253056,10.14613378165972,9.949121475219727,9.949121475219727,105000,0.0,0.0
1996-02-28,10.014788262984332,10.14612974840052,10.014788262984332,10.047623634338379,50400,0.0,0.0
1996-02-29,10.047627628439724,10.047627628439724,9.949121475219727,9.949121475219727,63000,0.0,0.0
1996-03-01,9.981951243082683,10.014786609013877,9.85060977935791,9.85060977935791,43000,0.0,0.0
1996-03-04,9.916286672203286,10.146134376525879,9.916286672203286,10.146134376525879,75200,0.0,0.0
1996-03-05,10.113290786743164,10.146126146440382,10.047620067348728,10.113290786743164,34400,0.0,0.0
1996-03-06,10.146137060482262,10.211807850517745,10.080466270446777,10.080466270446777,30800,0.0,0.0
1996-03-07,10.080455427045946,10.113290786743164,10.080455427045946,10.113290786743164,41200,0.0,0.0
1996-03-08,10.113301665464519,10.113301665464519,10.047630875429036,10.080466270446777,42200,0.0,0.0
1996-03-11,10.080462427328754,10.080462427328754,9.916285514831543,9.916285514831543,112800,0.0,0.0
1996-03-12,9.949120897330985,9.949120897330985,9.817779367333216,9.916285514831543,45000,0.0,0.0
1996-03-13,9.916282873404654,9.981953620910645,9.883447499651657,9.981953620910645,54000,0.0,0.0
1996-03-14,9.94911824715765,10.01478899466364,9.94911824715765,9.981953620910645,25200,0.0,0.0
1996-03-15,9.949121475219727,9.981956859626392,9.883450706406395,9.949121475219727,28400,0.0,0.0
1996-03-18,9.981956106717469,10.047626870577453,9.916285342857485,10.014791488647461,17000,0.0,0.0
1996-03-19,9.981953620910645,10.047624368416635,9.94911824715765,9.981953620910645,30200,0.0,0.0
1996-03-20,9.94911824715765,9.981953620910645,9.883447499651657,9.981953620910645,72400,0.0,0.0
1996-03-21,9.949121475219727,10.014792244033059,9.949121475219727,9.949121475219727,22000,0.0,0.0
1996-03-22,9.949121475219727,9.981956859626392,9.916286090813061,9.949121475219727,134400,0.0,0.0
1996-03-25,10.014791488647461,10.014791488647461,9.981956106717469,10.014791488647461,54200,0.0,0.0
1996-03-26,9.981956659361375,9.981956659361375,9.850615124369778,9.883450508117676,57400,0.0,0.0
1996-03-27,9.883450508117676,9.981956659361375,9.850615124369778,9.883450508117676,242200,0.0,0.0
1996-03-28,9.883447499651657,9.981953620910645,9.883447499651657,9.981953620910645,18200,0.0,0.0
1996-03-29,10.014791488647461,10.047626870577453,10.014791488647461,10.014791488647461,28600,0.0,0.0
1996-04-01,10.014791488647461,10.047626870577453,9.981956106717469,10.014791488647461,117800,0.0,0.0
1996-04-02,10.014791488647461,10.014791488647461,9.949120724787477,10.014791488647461,100800,0.0,0.0
1996-04-03,10.01478899466364,10.01478899466364,9.94911824715765,9.981953620910645,4600,0.0,0.0
1996-04-04,10.047627628439724,10.047627628439724,9.916286090813061,9.949121475219727,18000,0.0,0.0
1996-04-08,9.850611096640495,9.88344646696263,9.81777572631836,9.81777572631836,52600,0.0,0.0
1996-04-09,9.883450706406395,9.949121475219727,9.883450706406395,9.949121475219727,32800,0.0,0.0
1996-04-10,9.916287815248644,9.916287815248644,9.71927547454834,9.71927547454834,62800,0.0,0.0
1996-04-11,9.719273765615169,9.784944534301758,9.719273765615169,9.784944534301758,26600,0.0,0.0
1996-04-12,9.817779740621878,9.883450508117676,9.817779740621878,9.883450508117676,32600,0.0,0.0
1996-04-15,9.850617035015208,9.883452425131926,9.71927547454834,9.71927547454834,62200,0.0,0.0
1996-04-16,9.752111434936523,9.752111434936523,9.653605258826053,9.752111434936523,17600,0.0,0.0
1996-04-17,9.71927626982692,9.71927626982692,9.456593127399167,9.489428520202637,122400,0.0,0.0
1996-04-18,9.423754418113015,9.423754418113015,8.996894461891868,9.029729843139648,139600,0.0,0.0
1996-04-19,9.095401406709382,9.292413711547852,9.029730638429891,9.292413711547852,1315200,0.0,0.0
1996-04-22,9.226740682628792,9.390917563102615,9.226740682628792,9.325246810913086,230800,0.0,0.0
1996-04-23,9.325244440351213,9.325244440351213,9.12823223386492,9.193902969360352,1139600,0.0,0.0
1996-04-24,9.161067962646484,9.193903331688228,9.128232593604741,9.161067962646484,64800,0.0,0.0
1996-04-25,9.161074068906496,9.161074068906496,9.128238677978516,9.128238677978516,46600,0.0,0.0
1996-04-26,9.09540060563521,9.128235986882991,9.029729843139648,9.029729843139648,248200,0.0,0.0
1996-04-29,9.029736764290753,9.029736764290753,8.931230545043945,8.931230545043945,196400,0.0,0.0
1996-04-30,8.964060404004842,8.996895790100098,8.89838963181433,8.996895790100098,225000,0.0,0.0
1996-05-01,8.996890762874058,9.259573704855782,8.996890762874058,9.193902969360352,61800,0.0,0.0
1996-05-02,9.161071368130772,9.226742130626333,8.996894461891868,9.029729843139648,106800,0.0,0.0
1996-05-03,8.996895976612048,8.996895976612048,8.832719042732267,8.89838981628418,54600,0.0,0.0
1996-05-06,8.898387326134575,8.931222703721788,8.83271657096015,8.865551948547363,102200,0.0,0.0
1996-05-07,8.865551948547363,8.931222703721788,8.865551948547363,8.865551948547363,32400,0.0,0.0
1996-05-08,8.865552266438803,8.898632685343424,8.70015017191569,8.733230590820312,202600,0.125,0.0
1996-05-09,8.766314176688518,8.832475038399373,8.70015331497766,8.799394607543945,327400,0.0,0.0
1996-05-10,8.799394607543945,8.799394607543945,8.766314176688518,8.799394607543945,87200,0.0,0.0
1996-05-13,8.76631008399712,9.097114238110217,8.76631008399712,9.030953407287598,97200,0.0,0.0
1996-05-14,9.064033522072252,9.163274765014648,9.064033522072252,9.163274765014648,144600,0.0,0.0
1996-05-15,9.130196880093582,9.29559899748658,9.130196880093582,9.196357727050781,94800,0.0,0.0
1996-05-16,9.130194350700517,9.196355179328782,9.064033522072252,9.163274765014648,88800,0.0,0.0
1996-05-17,9.196358033588956,9.262518882751465,9.1632776090077,9.262518882751465,77600,0.0,0.0
1996-05-20,9.295595195931448,9.427916835731184,9.295595195931448,9.39483642578125,251000,0.0,0.0
1996-05-21,9.361761093139648,9.427921948921554,9.361761093139648,9.361761093139648,214400,0.0,0.0
1996-05-22,9.39483896891276,9.427919387817383,9.328678131103516,9.328678131103516,54600,0.0,0.0
1996-05-23,9.361761093139648,9.394841521030601,9.328680665248696,9.361761093139648,19000,0.0,0.0
1996-05-24,9.328675300196597,9.427916526794434,9.328675300196597,9.427916526794434,44400,0.0,0.0
1996-05-28,9.42791622001808,9.527157443386692,9.42791622001808,9.460996627807617,120000,0.0,0.0
1996-05-29,9.46099849384184,9.494078908155972,9.163274765014648,9.163274765014648,169000,0.0,0.0
1996-05-30,9.229436874389648,9.361758550008139,9.196356455485025,9.328678131103516,69800,0.0,0.0
1996-05-31,9.328678131103516,9.427919387817383,9.295597712198893,9.328678131103516,32600,0.0,0.0
1996-06-03,9.361761093139648,9.394841521030601,9.295600237357743,9.361761093139648,154200,0.0,0.0
1996-06-04,9.328678131103516,9.361758550008139,9.295597712198893,9.328678131103516,155600,0.0,0.0
1996-06-05,9.361756015831315,9.39483642578125,9.328675605881381,9.39483642578125,55600,0.0,0.0
1996-06-06,9.394837998147507,9.394837998147507,9.196355505228897,9.229435920715332,56600,0.0,0.0
1996-06-07,9.196357727050781,9.196357727050781,9.097116456614982,9.196357727050781,58400,0.0,0.0
1996-06-10,9.229440030678312,9.36176175154825,9.229440030678312,9.295600891113281,80400,0.0,0.0
1996-06-11,9.295595770296844,9.295595770296844,9.130193710327148,9.130193710327148,64600,0.0,0.0
1996-06-12,9.13019884333891,9.163279273930717,8.99787712097168,8.99787712097168,121600,0.0,0.0
1996-06-13,8.997877192676516,8.997877192676516,8.733233745833088,8.799394607543945,135800,0.0,0.0
1996-06-14,8.832471530828903,8.964793201702744,8.832471530828903,8.865551948547363,137800,0.0,0.0
1996-06-17,8.898636118338926,9.130199140005738,8.898636118338926,9.064038276672363,60400,0.0,0.0
1996-06-18,9.064033843283157,9.229435920715332,9.064033843283157,9.229435920715332,163200,0.0,0.0
1996-06-19,9.196357727050781,9.229438150529381,9.163277303572182,9.196357727050781,139800,0.0,0.0
1996-06-20,9.229438150529381,9.229438150529381,9.163277303572182,9.196357727050781,201400,0.0,0.0
1996-06-21,9.163275068932837,9.163275068932837,9.030953407287598,9.030953407287598,113800,0.0,0.0
1996-06-24,8.997875885124063,8.997875885124063,8.832473754882812,8.832473754882812,556200,0.0,0.0
1996-06-25,8.865555106268989,8.964796394772,8.832474676767985,8.931715965270996,532400,0.0,0.0
1996-06-26,8.997869441943541,9.030949844303628,8.898628234863281,8.898628234863281,204400,0.0,0.0
1996-06-27,8.931714636938914,9.262518882751465,8.915174424648285,9.262518882751465,136200,0.0,0.0
1996-06-28,9.229438377638996,9.7587251663208,9.196357953346382,9.7587251663208,457400,0.0,0.0
1996-07-01,9.725642513406688,9.758722930118955,9.527160013133082,9.593320846557617,127000,0.0,0.0
1996-07-02,9.560241063435873,9.626401901245117,9.494080225626627,9.52716064453125,83600,0.0,0.0
1996-07-03,9.527162228488592,9.560242652893066,9.494081804084118,9.560242652893066,162800,0.0,0.0
1996-07-05,9.527160963530324,9.560241383542582,9.461000123505809,9.494080543518066,16200,0.0,0.0
1996-07-08,9.494079596420814,9.626401263269885,9.477539388064681,9.593320846557617,111400,0.0,0.0
1996-07-09,9.527160013133082,9.626401263269885,9.527160013133082,9.593320846557617,243200,0.0,0.0
1996-07-10,9.626403501702015,9.626403501702015,9.527162228488592,9.560242652893066,60200,0.0,0.0
1996-07-11,9.52716064453125,9.52716064453125,9.460999806722006,9.52716064453125,62600,0.0,0.0
1996-07-12,9.560238162258216,9.560238162258216,9.427916526794434,9.427916526794434,118000,0.0,0.0
1996-07-15,9.461002376812507,9.461002376812507,9.328680665248696,9.361761093139648,81400,0.0,0.0
1996-07-16,9.361757250899442,9.361757250899442,9.130194350700517,9.163274765014648,179600,0.0,0.0
1996-07-17,9.229434946308967,9.229434946308967,9.130193710327148,9.130193710327148,174200,0.0,0.0
1996-07-18,9.130198542277018,9.130198542277018,8.931715965270996,8.931715965270996,153200,0.0,0.0
1996-07-19,8.336263265766082,8.369343675550867,8.071619987487793,8.071619987487793,831600,0.0,0.0
1996-07-22,8.104703935120396,8.104703935120396,7.8731409655455264,7.906221389770508,378400,0.0,0.0
1996-07-23,7.9723822382204705,8.137784359345376,7.906221389770508,7.906221389770508,339200,0.0,0.0
1996-07-24,7.906219643354416,7.939300060272217,7.873139226436615,7.939300060272217,243200,0.0,0.0
1996-07-25,7.939300060272217,7.9723804771900175,7.906219643354416,7.939300060272217,126000,0.0,0.0
1996-07-26,7.906221389770508,8.005462662445451,7.906221389770508,7.906221389770508,200800,0.0,0.0
1996-07-29,7.906219643354416,7.9723804771900175,7.873139226436615,7.939300060272217,261600,0.0,0.0
1996-07-30,8.038542113028281,8.071622533246506,7.906220432155389,8.005461692810059,299400,0.0,0.0
1996-07-31,7.972107410430909,8.005463508382503,7.938751312479315,7.972107410430908,194200,0.125,0.0
1996-08-01,8.005461692810059,8.005461692810059,7.905393421649933,8.005461692810059,303600,0.0,0.0
1996-08-02,7.972109629635066,8.038821844109,7.905397415161133,7.905397415161133,154000,0.0,0.0
1996-08-05,7.938749512036641,8.005461692810059,7.938749512036641,8.005461692810059,91000,0.0,0.0
1996-08-06,7.97210560242335,8.038817783196768,7.97210560242335,8.005461692810059,60000,0.0,0.0
1996-08-07,8.005463508382503,8.005463508382503,7.938751312479315,7.972107410430908,171400,0.0,0.0
1996-08-08,7.838680103045552,8.005460530769925,7.838680103045552,7.938748359680176,254000,0.0,0.0
1996-08-09,7.972107410430909,7.972107410430909,7.938751312479315,7.972107410430908,132000,0.0,0.0
1996-08-12,7.938751312479315,8.005463508382503,7.905395214527721,7.972107410430908,107400,0.0,0.0
1996-08-13,7.938752872385877,7.9721089768917,7.805328454362585,7.838684558868408,119000,0.0,0.0
1996-08-14,7.872036188590426,7.938748359680176,7.771967931955802,7.938748359680176,133400,0.0,0.0
1996-08-15,7.905395214527721,7.972107410430909,7.905395214527721,7.972107410430908,99200,0.0,0.0
1996-08-16,7.938748359680176,7.9721044452250505,7.872036188590426,7.938748359680176,216400,0.0,0.0
1996-08-19,7.9387535223981,7.9387535223981,7.8720413079241665,7.905397415161133,102600,0.0,0.0
1996-08-20,7.905387755167687,7.905387755167687,7.805319555735184,7.8720316886901855,181800,0.0,0.0
1996-08-21,7.872039827949557,7.872039827949557,7.705259323120117,7.705259323120117,142200,0.0,0.0
1996-08-22,7.738611271506861,7.771967354573701,7.571830856172662,7.605186939239502,147800,0.0,0.0
1996-08-23,7.638543022306341,7.638543022306341,7.571830856172662,7.605186939239502,113200,0.0,0.0
1996-08-26,7.638546083284461,7.705258276151574,7.605189986850904,7.671902179718018,94800,0.0,0.0
1996-08-27,7.738614372585131,7.738614372585131,7.638546083284461,7.671902179718018,138400,0.0,0.0
1996-08-28,7.671902179718018,7.705258276151574,7.638546083284461,7.671902179718018,111600,0.0,0.0
1996-08-29,7.705258276151574,7.705258276151574,7.605189986850904,7.671902179718018,247200,0.0,0.0
1996-08-30,7.638545036315918,7.671901128177559,7.571832852592634,7.638545036315918,318000,0.0,0.0
1996-09-03,7.638547121188341,7.705259323120117,7.5384788182906775,7.705259323120117,396600,0.0,0.0
1996-09-04,7.705259323120117,7.738615424086005,7.67190322215423,7.705259323120117,181600,0.0,0.0
1996-09-05,7.671895729643958,7.671895729643958,7.47175931930542,7.47175931930542,365400,0.0,0.0
1996-09-06,7.505122340958694,7.872039433183341,7.505122340958694,7.738615036010742,245200,0.0,0.0
1996-09-09,7.738616878976299,7.905397415161133,7.738616878976299,7.905397415161133,199800,0.0,0.0
1996-09-10,7.872036188590426,7.9721044452250505,7.872036188590426,7.938748359680176,149200,0.0,0.0
1996-09-11,7.905392335011409,7.905392335011409,7.805324077606201,7.805324077606201,110400,0.0,0.0
1996-09-12,7.838685200687199,7.972109629635066,7.838685200687199,7.905397415161133,74600,0.0,0.0
1996-09-13,7.905392158322218,8.339021264052972,7.905392158322218,8.205596923828125,443200,0.0,0.0
1996-09-16,8.272314630837805,8.339026845602625,8.238958523455393,8.305670738220215,118800,0.0,0.0
1996-09-17,8.272314630837805,8.305670738220215,8.205602416072983,8.305670738220215,95000,0.0,0.0
1996-09-18,8.305669610799566,8.305669610799566,8.238957405090332,8.238957405090332,51800,0.0,0.0
1996-09-19,8.238955117041066,8.305667304223583,8.238955117041066,8.272311210632324,47200,0.0,0.0
1996-09-20,8.205601302235715,8.272313507944949,8.205601302235715,8.238957405090332,145600,0.0,0.0
1996-09-23,8.238952480316163,8.372376811981201,8.172240314483643,8.339020729064941,63400,0.0,0.0
1996-09-24,8.305670738220215,8.305670738220215,8.272314630837805,8.305670738220215,84600,0.0,0.0
1996-09-25,8.305664646148681,8.339020729064941,8.272308563232421,8.339020729064941,63600,0.0,0.0
1996-09-26,8.305667117297412,8.439091488659619,8.305667117297412,8.372379302978516,39400,0.0,0.0
1996-09-27,8.405735030712322,8.605871579062613,8.405735030712322,8.572515487670898,143800,0.0,0.0
1996-09-30,8.53916015625,8.672584533691406,8.505804061889648,8.672584533691406,152600,0.0,0.0
1996-10-01,8.67258626361226,8.705942364626152,8.605874061584473,8.605874061584473,116600,0.0,0.0
1996-10-02,8.605872344970704,8.672584533691406,8.505804061889648,8.672584533691406,161800,0.0,0.0
1996-10-03,8.672585469371867,8.97279035100397,8.639229371412744,8.83936595916748,211000,0.0,0.0
1996-10-04,8.872722039399324,9.072858626754195,8.872722039399324,9.006146430969238,370000,0.0,0.0
1996-10-07,8.972789950916248,9.072858240331671,8.93943385444444,9.039502143859863,196600,0.0,0.0
1996-10-08,9.039502528861718,9.072858626754195,8.939434235184281,9.006146430969238,212200,0.0,0.0
1996-10-09,9.006147559951334,9.106215866173015,9.006147559951334,9.072859764099121,125600,0.0,0.0
1996-10-10,9.10621509064723,9.172927289113511,9.072858991414092,9.139571189880371,98200,0.0,0.0
1996-10-11,9.13956758250361,9.239635840706203,9.13956758250361,9.206279754638672,100000,0.0,0.0
1996-10-14,9.272992095667801,9.272992095667801,9.039499488942353,9.10621166229248,34600,0.0,0.0
1996-10-15,9.106214336803479,9.106214336803479,9.006146047388055,9.039502143859863,59400,0.0,0.0
1996-10-16,9.072858991414092,9.172927289113511,9.072858991414092,9.139571189880371,31600,0.0,0.0
1996-10-17,9.17292366857114,9.239635840706203,9.13956758250361,9.206279754638672,62800,0.0,0.0
1996-10-18,9.106214509593496,9.272994995117188,9.106214509593496,9.272994995117188,99000,0.0,0.0
1996-10-21,9.272993480060117,9.473130029989472,9.272993480060117,9.406417846679688,693400,0.0,0.0
1996-10-22,9.473131563975196,9.573199855143947,9.439775466918945,9.439775466918945,309800,0.0,0.0
1996-10-23,9.473128863743373,9.473128863743373,9.339704513549805,9.339704513549805,168800,0.0,0.0
1996-10-24,9.373061755024795,9.43977393833458,9.373061755024795,9.406417846679688,66600,0.0,0.0
1996-10-25,9.373064041137695,9.439776240718746,9.33970794134717,9.373064041137695,76200,0.0,0.0
1996-10-28,9.339704513549805,9.406416688646589,9.339704513549805,9.339704513549805,33000,0.0,0.0
1996-10-29,9.406417846679688,9.406417846679688,9.272993480060117,9.406417846679688,62400,0.0,0.0
1996-10-30,9.442710592391643,9.644334306108192,9.442710592391643,9.476314544677734,105800,0.13,0.0
1996-10-31,9.509918212890625,9.509918212890625,9.409106359043728,9.509918212890625,146000,0.0,0.0
1996-11-01,9.509918107305253,9.509918107305253,9.409106254577637,9.409106254577637,42600,0.0,0.0
1996-11-04,9.44271469116211,9.476318658034572,9.409110724289645,9.44271469116211,42800,0.0,0.0
1996-11-05,9.409106640105552,9.476314544677734,9.409106640105552,9.476314544677734,24600,0.0,0.0
1996-11-06,9.476314544677734,9.509918496963826,9.476314544677734,9.476314544677734,60200,0.0,0.0
1996-11-07,9.476314261608326,9.509918212890625,9.442710310326028,9.509918212890625,65600,0.0,0.0
1996-11-08,9.509918496963826,9.509918496963826,9.409106640105552,9.476314544677734,134600,0.0,0.0
1996-11-11,9.476314156396048,9.476314156396048,9.409106254577637,9.409106254577637,155800,0.0,0.0
1996-11-12,9.442710205486842,9.476314156396048,9.409106254577637,9.409106254577637,102200,0.0,0.0
1996-11-13,9.409106640105552,9.543522449249917,9.409106640105552,9.476314544677734,126800,0.0,0.0
1996-11-14,9.409106640105552,9.543522449249917,9.409106640105552,9.476314544677734,107000,0.0,0.0
1996-11-15,9.476310603268496,9.711538171434736,9.476310603268496,9.610726356506348,209000,0.0,0.0
1996-11-18,9.543522449249917,9.543522449249917,9.476314544677734,9.476314544677734,61600,0.0,0.0
1996-11-19,9.476314156396048,9.54352205821446,9.37550230366843,9.409106254577637,161400,0.0,0.0
1996-11-20,9.44270844390427,9.44270844390427,9.274688720703125,9.274688720703125,91200,0.0,0.0
1996-11-21,9.274689373485545,9.442709108512457,9.241085426480161,9.425907135009766,211200,0.0,0.0
1996-11-22,9.409102992007606,9.644330566807797,9.409102992007606,9.577122688293457,212800,0.0,0.0
1996-11-25,9.577122688293457,9.610726627550626,9.543518749036286,9.577122688293457,118200,0.0,0.0
1996-11-26,9.610729888756516,9.745145691396468,9.577125938096529,9.644333839416504,99200,0.0,0.0
1996-11-27,9.677937721719548,9.879561424255371,9.677937721719548,9.879561424255371,88400,0.0,0.0
1996-11-29,9.87955896918838,9.980370795404589,9.87955896918838,9.94676685333252,40600,0.0,0.0
1996-12-02,9.91316291126045,10.013974737476659,9.845955027116313,9.94676685333252,240800,0.0,0.0
1996-12-03,10.013976491292317,10.148392283121744,9.98037254333496,10.081184387207031,218400,0.0,0.0
1996-12-04,10.114786563692867,10.148390505764937,9.94676685333252,9.94676685333252,150400,0.0,0.0
1996-12-05,9.946773764205306,9.980377729624918,9.812357902526855,9.812357902526855,46600,0.0,0.0
1996-12-06,9.778746323836478,9.778746323836478,9.543518749036286,9.577122688293457,74200,0.0,0.0
1996-12-09,9.610728661219278,9.745144446690878,9.610728661219278,9.677936553955078,54600,0.0,0.0
1996-12-10,9.577125870451635,9.879561424255371,9.577125870451635,9.879561424255371,175000,0.0,0.0
1996-12-11,9.845961570739746,9.94677346395551,9.845961570739746,9.845961570739746,143200,0.0,0.0
1996-12-12,9.845960982371185,9.98037683195987,9.845960982371185,9.913168907165527,156800,0.0,0.0
1996-12-13,9.94677346395551,9.94677346395551,9.81235760633449,9.845961570739746,99000,0.0,0.0
1996-12-16,9.879560232162476,9.913164178530375,9.677936553955078,9.677936553955078,46200,0.0,0.0
1996-12-17,9.677934233125272,9.677934233125272,9.543518479887421,9.610726356506348,134000,0.0,0.0
1996-12-18,9.610726356506348,9.677934233125272,9.577122418196884,9.610726356506348,57400,0.0,0.0
1996-12-19,9.67793761577803,9.778749465942383,9.67793761577803,9.778749465942383,87400,0.0,0.0
1996-12-20,9.812349986363124,9.812349986363124,9.610726356506348,9.610726356506348,109000,0.0,0.0
1996-12-23,9.610726356506348,9.644330294815811,9.543518479887421,9.610726356506348,85800,0.0,0.0
1996-12-24,9.577124874356766,9.644332768211902,9.5435209274292,9.5435209274292,52200,0.0,0.0
1996-12-26,9.577122688293457,9.610726627550626,9.509914809779117,9.577122688293457,117400,0.0,0.0
1996-12-27,9.610728821284335,9.610728821284335,9.509916980501632,9.5435209274292,61800,0.0,0.0
1996-12-30,9.610728821284335,9.610728821284335,9.509916980501632,9.5435209274292,356400,0.0,0.0
1996-12-31,9.509918496963826,9.543522449249917,9.442710592391643,9.476314544677734,88800,0.0,0.0
1997-01-02,9.476314048904804,9.543521949960866,9.274690345736616,9.308294296264648,204400,0.0,0.0
1997-01-03,9.341897245863793,9.5435209274292,9.341897245863793,9.5435209274292,97000,0.0,0.0
1997-01-06,9.577122418196884,9.711538171434736,9.577122418196884,9.610726356506348,74200,0.0,0.0
1997-01-07,9.577122418196884,9.644330294815811,9.543518479887421,9.610726356506348,52600,0.0,0.0
1997-01-08,9.644333665723243,9.778749465942383,9.644333665723243,9.778749465942383,158400,0.0,0.0
1997-01-09,9.812353415997167,9.812353415997167,9.67793761577803,9.778749465942383,273600,0.0,0.0
1997-01-10,9.745143200900104,9.94676685333252,9.745143200900104,9.94676685333252,68400,0.0,0.0
1997-01-13,9.946769216216307,9.946769216216307,9.778749465942383,9.778749465942383,40800,0.0,0.0
1997-01-14,9.845956638605907,9.980372428894043,9.845956638605907,9.980372428894043,119600,0.0,0.0
1997-01-15,9.980371326307125,10.114787101745605,9.946767382447506,10.114787101745605,78400,0.0,0.0
1997-01-16,10.114787937010695,10.114787937010695,10.013976097106934,10.013976097106934,73400,0.0,0.0
1997-01-17,10.013976097106934,10.04758004374152,9.913164257203173,10.013976097106934,82400,0.0,0.0
1997-01-20,10.013976097106934,10.013976097106934,9.845956363933999,10.013976097106934,65800,0.0,0.0
1997-01-21,9.946769325100647,9.946769325100647,9.64433377129691,9.879561424255371,380400,0.0,0.0
1997-01-22,9.913169798785693,9.946773764205306,9.812357902526855,9.812357902526855,561800,0.0,0.0
1997-01-23,9.745142109744199,9.745142109744199,9.50991454157796,9.610726356506348,224200,0.0,0.0
1997-01-24,9.610729960032872,9.610729960032872,9.37550230366843,9.409106254577637,198600,0.0,0.0
1997-01-27,9.341901709816673,9.341901709816673,9.241089820861816,9.241089820861816,251200,0.0,0.0
1997-01-28,9.241086500031606,9.442710205486842,9.241086500031606,9.409106254577637,212800,0.0,0.0
1997-01-29,9.37550219732071,9.40910614784874,9.308294296264648,9.308294296264648,141600,0.0,0.0
1997-01-30,9.308294296264648,9.37550219732071,9.274690345736616,9.308294296264648,423000,0.0,0.0
1997-01-31,9.24108540508109,9.67793671513947,9.24108540508109,9.5435209274292,153400,0.0,0.0
1997-02-03,9.577126401536008,9.577126401536008,9.442710592391643,9.476314544677734,67400,0.0,0.0
1997-02-04,9.476314261608326,9.543522164172924,9.476314261608326,9.509918212890625,96400,0.0,0.0
1997-02-05,9.543522449249917,9.610730353822099,9.476314544677734,9.476314544677734,23400,0.0,0.0
1997-02-06,9.442709813015066,9.509917712040085,9.30829401496503,9.341897964477539,71400,0.0,0.0
1997-02-07,9.308294401850018,9.409106254577637,9.308294401850018,9.409106254577637,60800,0.0,0.0
1997-02-10,9.409106254577637,9.54352205821446,9.409106254577637,9.409106254577637,32600,0.0,0.0
1997-02-11,9.409110366657217,9.409110366657217,9.375506401062012,9.375506401062012,32400,0.0,0.0
1997-02-12,9.378212005972005,9.445924728036784,9.378212005972005,9.412068367004395,65400,0.13,0.0
1997-02-13,9.412063694000244,9.547489070892334,9.412063694000244,9.479776382446289,82400,0.0,0.0
1997-02-14,9.513637573161024,9.581350296101672,9.513637573161024,9.547493934631348,56200,0.0,0.0
1997-02-18,9.615203816983389,9.615203816983389,9.479778411110383,9.581347465515137,108000,0.0,0.0
1997-02-19,9.547493934631348,9.581350296101672,9.445924850220376,9.547493934631348,44600,0.0,0.0
1997-02-20,9.513637573161024,9.547493934631348,9.445924850220376,9.547493934631348,64000,0.0,0.0
1997-02-21,9.547489070892334,9.547489070892334,9.378207349777222,9.479776382446289,97600,0.0,0.0
1997-02-24,9.445923736379465,9.513636451335591,9.344354663945277,9.37821102142334,95000,0.0,0.0
1997-02-25,9.412065423053244,9.412065423053244,9.31049637172533,9.344352722167969,118400,0.0,0.0
1997-02-26,9.344352722167969,9.47977812393852,9.31049637172533,9.344352722167969,483600,0.0,0.0
1997-02-27,9.344355644939615,9.412068367004395,9.310499283907225,9.412068367004395,78800,0.0,0.0
1997-02-28,9.378209072610606,9.378209072610606,9.31049637172533,9.344352722167969,48800,0.0,0.0
1997-03-03,9.344355644939615,9.445924728036784,9.344355644939615,9.412068367004395,99200,0.0,0.0
1997-03-04,9.378212005972005,9.412068367004395,9.378212005972005,9.412068367004395,34200,0.0,0.0
1997-03-05,9.412068367004395,9.445924728036784,9.310499283907225,9.412068367004395,60200,0.0,0.0
1997-03-06,9.445921773495881,9.445921773495881,9.344352722167969,9.344352722167969,16600,0.0,0.0
1997-03-07,9.344355644939615,9.412068367004395,9.344355644939615,9.412068367004395,78000,0.0,0.0
1997-03-10,9.445920038223267,9.479776382446289,9.412063694000244,9.479776382446289,56800,0.0,0.0
1997-03-11,9.615203897576583,9.649060249328613,9.479778490568462,9.649060249328613,135600,0.0,0.0
1997-03-12,9.64906016845164,9.68291651991989,9.581347465515137,9.581347465515137,37000,0.0,0.0
1997-03-13,9.547490824823793,9.581347175266432,9.344352722167969,9.344352722167969,98200,0.0,0.0
1997-03-14,9.344355551979758,9.412068273370917,9.31049919128418,9.31049919128418,44000,0.0,0.0
1997-03-17,9.344355644939615,9.412068367004395,9.344355644939615,9.412068367004395,111600,0.0,0.0
1997-03-18,9.412068367004395,9.445924728036784,9.378212005972005,9.412068367004395,31200,0.0,0.0
1997-03-19,9.412068367004395,9.445924728036784,9.242786561842445,9.412068367004395,100200,0.0,0.0
1997-03-20,9.378211912675338,9.412068273370917,9.276642830588601,9.31049919128418,70200,0.0,0.0
1997-03-21,9.310501989196329,9.412071101805743,9.208932876586914,9.208932876586914,70600,0.0,0.0
1997-03-24,9.175075604097685,9.310501074268869,9.175075604097685,9.276644706726074,62200,0.0,0.0
1997-03-25,9.242783670840057,9.445921773495881,9.208927320397418,9.344352722167969,118800,0.0,0.0
1997-03-26,9.344355644939615,9.412068367004395,9.310499283907225,9.412068367004395,51400,0.0,0.0
1997-03-27,9.412065296382695,9.412065296382695,9.242783546447754,9.242783546447754,125600,0.0,0.0
1997-03-31,9.276642541240031,9.276642541240031,9.005791664123535,9.005791664123535,58600,0.0,0.0
1997-04-01,9.039646993983876,9.039646993983876,8.938077926635742,8.938077926635742,28400,0.0,0.0
1997-04-02,8.938075843224158,9.00578853900616,8.667225060096154,8.802650451660156,206200,0.0,0.0
1997-04-03,8.802648595466467,8.870361276970057,8.734935913962879,8.836504936218262,105400,0.0,0.0
1997-04-04,8.836511534313823,8.836511534313823,8.701086070186408,8.734942436218262,198200,0.0,0.0
1997-04-07,8.768800843436763,9.005795460826945,8.768800843436763,8.971939086914062,46600,0.0,0.0
1997-04-08,8.971937229570825,9.073506330282948,8.971937229570825,9.039649963378906,85000,0.0,0.0
1997-04-09,9.039645363923809,9.175070762634277,9.039645363923809,9.175070762634277,108000,0.0,0.0
1997-04-10,9.141217167697736,9.175073527578098,9.073504447937012,9.073504447937012,91400,0.0,0.0
1997-04-11,9.005795460826945,9.005795460826945,8.971939086914062,8.971939086914062,74000,0.0,0.0
1997-04-14,8.938079775744722,8.971936138531634,8.802654324597075,8.870367050170898,153400,0.0,0.0
1997-04-15,8.904222648535201,9.107360807817374,8.87036628865484,9.073504447937012,87400,0.0,0.0
1997-04-16,9.073504383402659,9.073504383402659,9.005791664123535,9.005791664123535,63800,0.0,0.0
1997-04-17,9.03964808805665,9.141217167697736,9.005791728176288,9.073504447937012,73000,0.0,0.0
1997-04-18,9.073506330282948,9.073506330282948,8.971937229570825,9.039649963378906,27000,0.0,0.0
1997-04-21,9.00579349532327,9.073506228370812,8.870368029228182,8.904224395751953,111800,0.0,0.0
1997-04-22,8.904222951518546,9.412068367004395,8.904222951518546,9.412068367004395,136200,0.0,0.0
1997-04-23,9.412067378901403,9.513636451335591,9.344354663945277,9.37821102142334,92600,0.0,0.0
1997-04-24,9.378208860699981,9.412065210377598,9.14121441295666,9.175070762634277,70400,0.0,0.0
1997-04-25,9.175073839777665,9.412068367004395,9.039648395648106,9.412068367004395,87200,0.0,0.0
1997-04-28,9.412067378901403,9.445923736379465,9.310498306467215,9.37821102142334,92800,0.0,0.0
1997-04-29,9.378213977474335,9.54749581822297,9.378213977474335,9.513639450073242,133400,0.0,0.0
1997-04-30,9.448150080146519,9.652803150474602,9.448150080146519,9.618694305419922,479800,0.13,0.0
1997-05-01,9.618694305419922,9.755129685638645,9.584585460365242,9.618694305419922,150400,0.0,0.0
1997-05-02,9.65279893807962,9.755125428589297,9.618690107909726,9.686907768249512,77800,0.0,0.0
1997-05-05,9.686907768249512,9.686907768249512,9.618690107909726,9.686907768249512,117600,0.0,0.0
1997-05-06,9.65279893807962,9.686907768249512,9.65279893807962,9.686907768249512,70200,0.0,0.0
1997-05-07,9.686906610216413,9.686906610216413,9.550471305847168,9.550471305847168,50000,0.0,0.0
1997-05-08,9.584580131939479,9.61868895803179,9.516362479754855,9.550471305847168,51800,0.0,0.0
1997-05-09,9.584584642909334,9.584584642909334,9.482258116472579,9.516366958618164,49200,0.0,0.0
1997-05-12,9.550476615310561,9.652803150474602,9.482258925201199,9.618694305419922,22400,0.0,0.0
1997-05-13,9.61868895803179,9.61868895803179,9.482253653662545,9.550471305847168,46600,0.0,0.0
1997-05-14,9.584584642909334,9.584584642909334,9.448149274326996,9.516366958618164,126000,0.0,0.0
1997-05-15,9.550471305847168,9.550471305847168,9.482253653662545,9.550471305847168,20400,0.0,0.0
1997-05-16,9.584580218318568,9.584580218318568,9.414036086320015,9.448144912719727,38800,0.0,0.0
1997-05-19,9.448149274326996,9.516366958618164,9.41404043218141,9.516366958618164,20800,0.0,0.0
1997-05-20,9.482253653662545,9.550471305847168,9.482253653662545,9.550471305847168,68800,0.0,0.0
1997-05-21,9.516362479754855,9.550471305847168,9.516362479754855,9.550471305847168,108600,0.0,0.0
1997-05-22,9.550472643735597,9.550472643735597,9.482254981994629,9.482254981994629,71800,0.0,0.0
1997-05-23,9.516362565519147,9.550471391918856,9.448144912719727,9.448144912719727,167800,0.0,0.0
1997-05-27,9.482255443667354,9.652799606323242,9.482255443667354,9.652799606323242,83800,0.0,0.0
1997-05-28,9.61868895803179,9.652797784124102,9.550471305847168,9.550471305847168,61600,0.0,0.0
1997-05-29,9.618694305419922,9.652803150474602,9.584585460365242,9.618694305419922,92400,0.0,0.0
1997-05-30,9.584581182393462,9.823342991207536,9.584581182393462,9.789234161376953,120200,0.0,0.0
1997-06-02,9.789234161376953,9.789234161376953,9.755125331546372,9.789234161376953,114400,0.0,0.0
1997-06-03,9.789233585826137,9.789233585826137,9.686907102350602,9.721015930175781,232000,0.0,0.0
1997-06-04,9.721017271385596,9.721017271385596,9.652799606323242,9.652799606323242,34200,0.0,0.0
1997-06-05,9.686907671885209,9.789234161376953,9.618690012224045,9.789234161376953,360600,0.0,0.0
1997-06-06,9.789237570185149,9.857455253601074,9.721019886769225,9.857455253601074,162600,0.0,0.0
1997-06-09,9.891561578821253,10.13032341003418,9.891561578821253,10.13032341003418,100600,0.0,0.0
1997-06-10,10.130326813279984,10.266762191236616,10.062109124301667,10.1985445022583,131200,0.0,0.0
1997-06-11,10.198542871475219,10.266760549545289,10.198542871475219,10.232651710510254,111200,0.0,0.0
1997-06-12,10.232648571718086,10.539628028869629,10.232648571718086,10.539628028869629,138600,0.0,0.0
1997-06-13,10.505525205001579,10.539634053069767,10.334980964660645,10.334980964660645,185200,0.0,0.0
1997-06-16,10.369086820315692,10.437304496765137,10.334977982090969,10.437304496765137,69000,0.0,0.0
1997-06-17,10.437302018466749,10.437302018466749,10.334975528089624,10.369084358215332,63400,0.0,0.0
1997-06-18,10.369086820315692,10.47141333498986,10.369086820315692,10.437304496765137,45200,0.0,0.0
1997-06-19,10.471409711530132,10.607845017217821,10.471409711530132,10.573736190795898,76600,0.0,0.0
1997-06-20,10.369083317560946,10.505518624370959,10.369083317560946,10.471409797668457,121800,0.0,0.0
1997-06-23,10.437301543152447,10.539628028869629,10.437301543152447,10.539628028869629,52800,0.0,0.0
1997-06-24,10.505522738681751,10.71017577904568,10.505522738681751,10.624903678894043,181800,0.0,0.0
1997-06-25,10.641953931180971,10.641953931180971,10.437300970965953,10.471409797668457,141600,0.0,0.0
1997-06-26,10.45435905456543,10.505522312581249,10.266760441840765,10.45435905456543,87600,0.0,0.0
1997-06-27,10.420246557614702,10.488464211019709,10.420246557614702,10.471409797668457,41800,0.0,0.0
1997-06-30,10.4714111359393,10.4714111359393,10.386139058285073,10.403193473815918,59200,0.0,0.0
1997-07-01,10.42024712886625,10.539628028869629,10.42024712886625,10.539628028869629,84600,0.0,0.0
1997-07-02,10.607846162881062,10.710172653198242,10.590791747828197,10.710172653198242,46000,0.0,0.0
1997-07-03,10.710175652193152,10.778393331506484,10.710175652193152,10.727230072021484,32400,0.0,0.0
1997-07-07,10.71017371419925,10.71017371419925,10.55668396351805,10.607847213745117,56200,0.0,0.0
1997-07-08,10.590792797002761,10.727228130941606,10.573738380260407,10.607847213745117,73600,0.0,0.0
1997-07-09,10.539631567992174,10.539631567992174,10.43730504791458,10.505522727966309,96000,0.0,0.0
1997-07-10,10.43730505856044,10.641958098924372,10.420250638530113,10.624903678894043,75200,0.0,0.0
1997-07-11,10.624903678894043,10.624903678894043,10.539631578742405,10.624903678894043,37600,0.0,0.0
1997-07-14,10.624904359212437,10.624904359212437,10.573741095845442,10.590795516967773,143000,0.0,0.0
1997-07-15,10.52257303772221,10.573736277775966,10.454355384317205,10.471409797668457,146000,0.0,0.0
1997-07-16,10.334978527836986,10.539631567992174,10.334978527836986,10.505522727966309,161600,0.0,0.0
1997-07-17,10.522574382531838,10.539628798062685,10.386139058285073,10.403193473815918,59800,0.0,0.0
1997-07-18,10.369086125733629,10.386140543703586,10.26675961791389,10.352031707763672,43800,0.0,0.0
1997-07-21,10.352035134281945,10.352035134281945,10.181490898132324,10.181490898132324,63200,0.0,0.0
1997-07-22,10.215597031333228,10.33497796492143,10.1985426122492,10.317923545837402,95800,0.0,0.0
1997-07-23,10.33784008026123,10.355012572088906,10.286322604778201,10.33784008026123,68400,0.13,0.0
1997-07-24,10.320669809977215,10.320669809977215,10.234807332356771,10.303497314453125,96000,0.0,0.0
1997-07-25,10.320669809977215,10.37218729654948,10.286324818929037,10.303497314453125,72800,0.0,0.0
1997-07-28,10.234807968139648,10.269152961321325,10.200462974957972,10.234807968139648,246200,0.0,0.0
1997-07-29,10.234807332356771,10.389359792073568,10.200462341308594,10.303497314453125,298200,0.0,0.0
1997-07-30,10.303501684810058,10.543916724122292,10.303501684810058,10.492399215698242,132200,0.0,0.0
1997-07-31,10.526741358794665,10.543913856932992,10.406533871826372,10.440878868103027,156000,0.0,0.0
1997-08-01,10.458049774169922,10.475222269694012,10.406532287597656,10.458049774169922,81800,0.0,0.0
1997-08-04,10.440880120969286,10.543915122163062,10.440880120969286,10.509570121765137,102800,0.0,0.0
1997-08-05,10.440879164284807,10.561086654663086,10.440879164284807,10.561086654663086,175000,0.0,0.0
1997-08-06,10.543910667493746,10.578255653381348,10.303495766280532,10.578255653381348,99200,0.0,0.0
1997-08-07,10.543910667493746,10.646945625156551,10.492393188662342,10.578255653381348,151000,0.0,0.0
1997-08-08,10.561089226930308,10.561089226930308,10.475226712890224,10.492399215698242,222600,0.0,0.0
1997-08-11,10.492393188662342,10.595428146325148,10.475220695718543,10.578255653381348,110200,0.0,0.0
1997-08-12,10.543912571766338,10.664120044082892,10.47522258758545,10.47522258758545,163600,0.0,0.0
1997-08-13,10.475223535036768,10.578258520627294,10.475223535036768,10.526741027832031,106000,0.0,0.0
1997-08-14,10.526741358794665,10.543913856932992,10.4237063699647,10.440878868103027,98000,0.0,0.0
1997-08-15,10.389360440722204,10.389360440722204,10.131772991778677,10.183290481567383,196600,0.0,0.0
1997-08-18,10.183291396028118,10.440878868103027,10.183291396028118,10.440878868103027,46000,0.0,0.0
1997-08-19,10.492399215698242,10.543916724122292,10.440881707274192,10.492399215698242,55200,0.0,0.0
1997-08-20,10.440875717434244,10.646945632909919,10.440875717434244,10.629773139953613,34400,0.0,0.0
1997-08-21,10.612600615625523,10.612600615625523,10.355013222042379,10.42370319366455,134400,0.0,0.0
1997-08-22,10.389358207853464,10.458048179475636,10.286323250420207,10.42370319366455,160600,0.0,0.0
1997-08-25,10.372189532897238,10.38936203212389,10.286327036763984,10.320672035217285,209600,0.0,0.0
1997-08-26,10.32067012317845,10.47522258758545,10.286325131088006,10.47522258758545,194200,0.0,0.0
1997-08-27,10.458051662910275,10.578259153288554,10.458051662910275,10.561086654663086,222400,0.0,0.0
1997-08-28,10.595428146325148,10.681290611044153,10.526738174549944,10.578255653381348,243200,0.0,0.0
1997-08-29,10.526742580432247,10.681295081613145,10.492397580169825,10.664122581481934,120600,0.0,0.0
1997-09-02,10.66412223124542,10.801502227783203,10.66412223124542,10.801502227783203,264600,0.0,0.0
1997-09-03,10.801501289416661,10.92170877594435,10.698466300964355,10.698466300964355,119800,0.0,0.0
1997-09-04,10.7671537399292,10.818671221938429,10.715636257919968,10.7671537399292,108200,0.0,0.0
1997-09-05,10.767154064840323,10.887361526489258,10.715636581276494,10.887361526489258,152000,0.0,0.0
1997-09-08,10.92170650943829,10.973223992973375,10.749981564321336,10.784326553344727,53200,0.0,0.0
1997-09-09,10.853018118900323,10.973225598065358,10.853018118900323,10.921708106994629,86000,0.0,0.0
1997-09-10,10.904535609971052,10.973225598065358,10.904535609971052,10.921708106994629,170400,0.0,0.0
1997-09-11,10.904529919273603,10.973219871520996,10.904529919273603,10.973219871520996,136200,0.0,0.0
1997-09-12,10.973225584695506,11.076260566711426,10.938880590690198,11.076260566711426,123600,0.0,0.0
1997-09-15,11.076261845198612,11.076261845198612,10.990399350274592,11.041916847229004,48600,0.0,0.0
1997-09-16,11.093431792626014,11.179294267801138,10.990396822415864,11.162121772766113,157800,0.0,0.0
1997-09-17,11.110607147216797,11.213642143945236,11.059089648852577,11.110607147216797,74600,0.0,0.0
1997-09-18,11.110609343158119,11.196471857401999,11.110609343158119,11.179299354553223,67000,0.0,0.0
1997-09-19,11.110603019526264,11.230810471051278,11.041913047226258,11.14494800567627,81600,0.0,0.0
1997-09-22,11.179296839107437,11.179296839107437,11.007571849259396,11.041916847229004,86400,0.0,0.0
1997-09-23,11.024743075703466,11.179295548727346,11.024743075703466,11.076260566711426,71800,0.0,0.0
1997-09-24,11.144946391538063,11.247981335065381,11.059083938598633,11.059083938598633,126000,0.0,0.0
1997-09-25,11.007565574295487,11.265152912227519,11.007565574295487,11.213635444641113,121000,0.0,0.0
1997-09-26,11.21364021010515,11.36819267854458,11.17929521711861,11.265157699584961,154600,0.0,0.0
1997-09-29,11.333842869009395,11.333842869009395,11.127772998663769,11.213635444641113,111600,0.0,0.0
1997-09-30,11.213636353889608,11.282326316241152,11.059083938598633,11.059083938598633,266200,0.0,0.0
1997-10-01,11.093425809240049,11.265150666968223,11.093425809240049,11.196460723876953,96600,0.0,0.0
1997-10-02,11.265158959591028,11.385366448489103,11.265158959591028,11.33384895324707,206400,0.0,0.0
1997-10-03,11.368190115082392,11.385362607703362,11.213637681493658,11.282327651977539,78000,0.0,0.0
1997-10-06,11.282330193179511,11.385365172112657,11.265157696690654,11.316675186157227,126400,0.0,0.0
1997-10-07,11.29950014459851,11.33384512984045,11.282327651977539,11.282327651977539,81600,0.0,0.0
1997-10-08,11.316668124286675,11.316668124286675,11.196460723876953,11.196460723876953,86600,0.0,0.0
1997-10-09,11.162115394333263,11.162115394333263,11.110597938667109,11.12777042388916,93600,0.0,0.0
1997-10-10,11.19646834167666,11.368193316242253,11.19646834167666,11.299503326416016,62400,0.0,0.0
1997-10-13,11.33384768555804,11.33384768555804,11.247985203091691,11.265157699584961,14000,0.0,0.0
1997-10-14,11.299497624568968,11.436877534898073,11.299497624568968,11.351015090942383,149600,0.0,0.0
1997-10-15,11.31667645483306,11.351021451661081,11.265158959591028,11.33384895324707,39000,0.0,0.0
1997-10-16,11.333850843334629,11.419713349723528,11.333850843334629,11.385368347167969,98800,0.0,0.0
1997-10-17,11.33384672311636,11.351019218151386,11.007569317450889,11.162121772766113,94000,0.0,0.0
1997-10-20,11.162122717757507,11.351020179134942,11.162122717757507,11.316675186157227,68200,0.0,0.0
1997-10-21,11.265158020392835,11.316675511339753,11.230813026428223,11.230813026428223,60200,0.0,0.0
1997-10-22,11.230805695422587,11.230805695422587,11.110598295012865,11.196460723876953,26800,0.0,0.0
1997-10-23,11.127776776735312,11.144949271761138,10.921706836425399,10.95605182647705,49600,0.0,0.0
1997-10-24,10.956050581851247,11.213637977976276,10.921705595701244,11.14494800567627,75200,0.0,0.0
1997-10-27,11.127776113993813,11.162121101999967,10.7671537399292,10.7671537399292,107800,0.0,0.0
1997-10-28,10.440879736871521,10.835847226917648,10.286327240766516,10.801502227783203,326600,0.0,0.0
1997-10-29,10.801505705445013,10.921713241117693,10.801505705445013,10.835850715637207,54200,0.0,0.0
1997-10-30,10.788125358099295,10.874568670263553,10.667104721069336,10.667104721069336,357400,0.1325,0.0
1997-10-31,10.736264372400928,11.030171770679214,10.63253234947918,10.909151077270508,146600,0.0,0.0
1997-11-03,10.943728162039175,11.16848087310791,10.839996141545912,11.16848087310791,85000,0.0,0.0
1997-11-04,11.099324582317681,11.133901917465089,10.822705901138425,10.978303909301758,63600,0.0,0.0
1997-11-05,10.978309614775116,11.133907703803425,10.840000202305509,10.943732261657715,122600,0.0,0.0
1997-11-06,10.961020938216416,10.961020938216416,10.788134172629405,10.943732261657715,53000,0.0,0.0
1997-11-07,10.891860995111585,11.012881672835048,10.874572326865376,10.926438331604004,138200,0.0,0.0
1997-11-10,10.961017608642578,10.995594951256592,10.909151594721557,10.961017608642578,30800,0.0,0.0
1997-11-11,10.978309614775116,10.978309614775116,10.891866231981611,10.943732261657715,21800,0.0,0.0
1997-11-12,10.909149663357795,11.047459009327465,10.891860995111585,10.926438331604004,87000,0.0,0.0
1997-11-13,10.90915099029541,10.978305671691894,10.788130297851563,10.805418968200684,41400,0.0,0.0
1997-11-14,10.85728142966687,11.082034070726852,10.85728142966687,11.047456741333008,185800,0.0,0.0
1997-11-17,11.064749502086494,11.427811595123707,11.064749502086494,11.393234252929688,233000,0.0,0.0
1997-11-18,11.393227334749902,11.445093316546942,11.203052068160753,11.220340728759766,115200,0.0,0.0
1997-11-19,11.185767461451649,11.496963465015993,11.133901460857592,11.462386131286621,80000,0.0,0.0
1997-11-20,11.496967141346264,11.514255813739267,11.237637055451236,11.254925727844238,132000,0.0,0.0
1997-11-21,11.306784676342476,11.410516645850205,11.289496014757853,11.341361999511719,55000,0.0,0.0
1997-11-24,11.375943876129817,11.479675887158356,11.099325180053711,11.099325180053711,182800,0.0,0.0
1997-11-25,11.133899852542058,11.393229818051578,11.082033859440154,11.272209167480469,40000,0.0,0.0
1997-11-26,11.34136546323382,11.514252131880678,11.34136546323382,11.462386131286621,143600,0.0,0.0
1997-11-28,11.462382816406617,11.548826125730951,11.375939507082284,11.479671478271484,71800,0.0,0.0
1997-12-01,11.427807510432912,11.66984881927718,11.410518845515465,11.583405494689941,164800,0.0,0.0
1997-12-02,11.58340679933942,11.58340679933942,11.358654130098506,11.462386131286621,40400,0.0,0.0
1997-12-03,11.462383086864765,11.687135696411133,11.42780576231917,11.687135696411133,115800,0.0,0.0
1997-12-04,11.687143303166511,11.7217206502173,11.531545241437962,11.652565956115723,83200,0.0,0.0
1997-12-05,11.63527111336037,11.860023750022606,11.617982449001737,11.669848442077637,94000,0.0,0.0
1997-12-08,11.687140068468718,11.77358341217041,11.635274062247703,11.77358341217041,40400,0.0,0.0
1997-12-09,11.773582134850963,11.773582134850963,11.410520130692564,11.462386131286621,231000,0.0,0.0
1997-12-10,11.427805492676884,11.531537463866083,11.375939507082284,11.479671478271484,127800,0.0,0.0
1997-12-11,11.445101714856698,11.47967906142726,11.410524368286133,11.410524368286133,69600,0.0,0.0
1997-12-12,11.410517735783788,11.462383725491895,11.203053776951355,11.44509506225586,109400,0.0,0.0
1997-12-15,11.445098547217743,11.617985232221033,11.445098547217743,11.600696563720703,39800,0.0,0.0
1997-12-16,11.669856590383194,11.773588648964378,11.669856590383194,11.75629997253418,56400,0.0,0.0
1997-12-17,11.739003140605888,11.790869133863351,11.652559818510115,11.704425811767578,114800,0.0,0.0
1997-12-18,11.70442746739222,11.70442746739222,11.06474679339885,11.462386131286621,291800,0.0,0.0
1997-12-19,11.410520094786397,11.496963428837809,11.393231427976115,11.42780876159668,142200,0.0,0.0
1997-12-22,11.44509870610398,11.77358341217041,11.44509870610398,11.77358341217041,69600,0.0,0.0
1997-12-23,11.842741751133051,11.877319099311542,11.496968269348145,11.496968269348145,143200,0.0,0.0
1997-12-24,11.531545617526636,11.58341163979437,11.496968269348145,11.496968269348145,19200,0.0,0.0
1997-12-26,11.496962130426647,11.600694119573355,11.375941476422156,11.548828125,39000,0.0,0.0
1997-12-29,11.600693865622969,11.756291845936838,11.600693865622969,11.73900318145752,55200,0.0,0.0
1997-12-30,11.756290345502324,11.790867670047918,11.635269709592741,11.687135696411133,46600,0.0,0.0
1997-12-31,11.756290345502324,11.808156332320715,11.617981047319944,11.687135696411133,55800,0.0,0.0
1998-01-02,11.617988240142866,11.8081636428833,11.496967529308046,11.8081636428833,103000,0.0,0.0
1998-01-05,11.808157839374795,11.87731249729207,11.721714516978201,11.73900318145752,139200,0.0,0.0
1998-01-06,11.687145266813392,11.877320707545561,11.687145266813392,11.75629997253418,64600,0.0,0.0
1998-01-07,11.73900318145752,11.756291845936838,11.56611653666433,11.73900318145752,117800,0.0,0.0
1998-01-08,11.739009323742694,11.739009323742694,11.60069993553954,11.652565956115723,97400,0.0,0.0
1998-01-09,11.687138763750916,11.704427430561198,11.272210760304137,11.42780876159668,193200,0.0,0.0
1998-01-12,11.35865610918122,11.583408817582066,11.35865610918122,11.566120147705078,59000,0.0,0.0
1998-01-13,11.60069415960739,11.652560154359731,11.583405494689941,11.583405494689941,111600,0.0,0.0
1998-01-14,11.6525660011269,11.721720695495605,11.496967938797312,11.721720695495605,226400,0.0,0.0
1998-01-15,11.704425770794904,11.877312414381239,11.63527111336037,11.669848442077637,263800,0.0,0.0
1998-01-16,11.721718499698447,11.963759884647972,11.721718499698447,11.946471214294434,274200,0.0,0.0
1998-01-20,11.911900081853757,12.032920837402344,11.87732272312559,12.032920837402344,124200,0.0,0.0
1998-01-21,12.032909806156571,12.050198469671164,11.9637551520982,11.981043815612793,158400,0.0,0.0
1998-01-22,11.98104743705447,11.98104743705447,11.756294743430072,11.77358341217041,89200,0.0,0.0
1998-01-23,11.825452315859703,11.825452315859703,11.63527691311927,11.8081636428833,105400,0.0,0.0
1998-01-26,11.808156332320715,11.808156332320715,11.548826398228753,11.687135696411133,102800,0.0,0.0
1998-01-27,11.687142932048479,11.911895680741718,11.687142932048479,11.8081636428833,501600,0.0,0.0
1998-01-28,11.877316674900463,12.24037875666598,11.877316674900463,12.11935806274414,507000,0.0,0.0
1998-01-29,12.119353419820523,12.223085403442383,12.119353419820523,12.223085403442383,67400,0.0,0.0
1998-01-30,12.153939530428719,12.171228206858917,11.721722619673786,11.75629997253418,244200,0.0,0.0
1998-02-02,11.877314704785244,12.205799390943787,11.877314704785244,12.015624046325684,179800,0.0,0.0
1998-02-03,12.015627790431672,12.015627790431672,11.842741059634095,11.911895751953125,74200,0.0,0.0
1998-02-04,11.9334616298564,11.968253063179596,11.794295896563614,11.898670196533203,63000,0.1325,0.0
1998-02-05,11.89867222515834,12.107420860687432,11.881276505530915,12.037837982177734,152000,0.0,0.0
1998-02-06,12.07263012456825,12.194400169052367,12.020442962646484,12.020442962646484,76600,0.0,0.0
1998-02-09,12.055229361160942,12.124812214616416,11.968250794341598,12.003042221069336,133600,0.0,0.0
1998-02-10,12.003044202623174,12.177001364980033,12.003044202623174,12.072627067565918,172400,0.0,0.0
1998-02-11,12.072628455112746,12.142211328052877,11.759505526882155,11.776901245117188,138400,0.0,0.0
1998-02-12,11.759506848393654,11.968255490672831,11.759506848393654,11.933464050292969,72600,0.0,0.0
1998-02-13,11.933467329249662,11.950863054219413,11.8116972544614,11.829092979431152,171600,0.0,0.0
1998-02-17,11.829091821896732,11.898674714966713,11.829091821896732,11.881278991699219,90600,0.0,0.0
1998-02-18,11.881274333366981,12.2987715280973,11.863878616919884,12.211792945861816,165600,0.0,0.0
1998-02-19,12.316163755036479,12.385746601110132,12.281372331999654,12.298768043518066,155400,0.0,0.0
1998-02-20,12.246580908962827,12.316163755036479,12.107415216815522,12.298768043518066,103200,0.0,0.0
1998-02-23,12.298772043802522,12.298772043802522,12.211793457919901,12.24658489227295,71600,0.0,0.0
1998-02-24,12.246582118818374,12.28137354529229,12.10741641292271,12.124812126159668,95200,0.0,0.0
1998-02-25,12.14220885748274,12.420540292611284,12.14220885748274,12.385748863220215,226200,0.0,0.0
1998-02-26,12.403138126267327,12.611886594030592,12.403138126267327,12.524908065795898,280200,0.0,0.0
1998-02-27,12.559699477089776,12.594490888383653,12.455325243208144,12.524908065795898,118200,0.0,0.0
1998-03-02,12.57709851677035,12.8032427501286,12.559702806512025,12.681472778320312,164200,0.0,0.0
1998-03-03,12.646689272056808,12.838042204646388,12.646689272056808,12.76845932006836,80800,0.0,0.0
1998-03-04,12.768459428031491,12.925020919655855,12.733667985448298,12.907625198364258,165800,0.0,0.0
1998-03-05,12.87282787553416,12.994597868951374,12.855432162188842,12.959806442260742,143800,0.0,0.0
1998-03-06,12.959809259132102,13.394702187290898,12.959809259132102,13.151162147521973,332600,0.0,0.0
1998-03-09,13.168556213378906,13.255534788103999,13.151160498433889,13.168556213378906,129200,0.0,0.0
1998-03-10,13.116366239885489,13.359906196594238,13.081574817498526,13.359906196594238,106400,0.0,0.0
1998-03-11,13.394702723849791,13.464285595142517,13.377307006026609,13.446889877319336,123400,0.0,0.0
1998-03-12,13.307719063013792,13.359906196594238,13.220740507046381,13.359906196594238,160400,0.0,0.0
1998-03-13,13.359913934137404,13.516475425553077,13.359913934137404,13.499079704284668,98800,0.0,0.0
1998-03-16,13.46428352804745,13.516470673504998,13.307722091674805,13.307722091674805,93800,0.0,0.0
1998-03-17,13.290329670844777,13.533869743347168,13.290329670844777,13.533869743347168,183200,0.0,0.0
1998-03-18,13.533871146821484,13.58605831062671,13.464288261747853,13.499079704284668,133800,0.0,0.0
1998-03-19,13.568663799624645,13.655642413724804,13.499080908344519,13.51647663116455,93200,0.0,0.0
1998-03-20,13.464286865489342,13.533869743347168,13.464286865489342,13.533869743347168,90400,0.0,0.0
1998-03-23,13.516471196339992,13.516471196339992,13.307722606435126,13.342514038085938,128600,0.0,0.0
1998-03-24,13.307724826694152,13.499077732698904,13.307724826694152,13.429494857788086,120800,0.0,0.0
1998-03-25,13.464282210235002,13.499073637134833,13.394699356435337,13.412095069885254,67800,0.0,0.0
1998-03-26,13.412098323381864,13.638242653088692,13.359911170372596,13.568659782409668,192400,0.0,0.0
1998-03-27,13.533871851275045,13.55126757344892,13.35991462953629,13.481684684753418,42600,0.0,0.0
1998-03-30,13.464290947749697,13.638248195136644,13.429499498272307,13.62085247039795,70000,0.0,0.0
1998-03-31,13.620847003800527,13.742617028100149,13.60345128604344,13.638242721557617,105600,0.0,0.0
1998-04-01,13.638244824281271,13.638244824281271,13.5512662220856,13.586057662963867,189000,0.0,0.0
1998-04-02,13.60345128604344,13.742617028100149,13.60345128604344,13.638242721557617,237600,0.0,0.0
1998-04-03,13.70782470703125,13.794803290197692,13.673033273764673,13.70782470703125,157800,0.0,0.0
1998-04-06,13.725215815890367,13.77740294827018,13.638237261924015,13.655632972717285,68800,0.0,0.0
1998-04-07,13.655632182460307,13.707819311820028,13.272926567155688,13.603445053100586,236600,0.0,0.0
1998-04-08,13.638244060133907,13.690431218527277,13.533869743347168,13.533869743347168,137400,0.0,0.0
1998-04-09,13.533868614752688,13.916574411056748,13.516472896738867,13.846991539001465,546000,0.0,0.0
1998-04-13,13.864377556515576,13.986147497413453,13.864377556515576,13.899168968200684,319800,0.0,0.0
1998-04-14,13.88178232061954,13.916573755007057,13.620846562713158,13.673033714294434,101000,0.0,0.0
1998-04-15,13.70781620393259,13.899168968200684,13.70781620393259,13.899168968200684,176400,0.0,0.0
1998-04-16,13.864388854102751,13.916576014155835,13.760014533996582,13.760014533996582,74000,0.0,0.0
1998-04-17,13.777411066499868,13.88178539276123,13.690432461282064,13.88178539276123,64600,0.0,0.0
1998-04-20,13.84699395067411,13.88178539276123,13.777411066499868,13.88178539276123,97800,0.0,0.0
1998-04-21,13.88177697523585,13.88177697523585,13.638237028301887,13.82958984375,109200,0.0,0.0
1998-04-22,13.81219835186479,14.003551225757123,13.81219835186479,13.98615550994873,147600,0.0,0.0
1998-04-23,13.986151937873899,14.003547649239414,13.81219482421875,13.81219482421875,83400,0.0,0.0
1998-04-24,13.777402922164562,13.829590054445488,13.429488706958386,13.464280128479004,104400,0.0,0.0
1998-04-27,13.464286874193665,13.499078313145068,13.151163923631021,13.272933959960938,66200,0.0,0.0
1998-04-28,13.25554407729417,13.568667165734189,13.238148350158612,13.551271438598633,94800,0.0,0.0
1998-04-29,13.551258475825472,13.846985554245283,13.551258475825472,13.82958984375,46000,0.0,0.0
1998-04-30,13.881777781049166,14.125317742120204,13.881777781049166,14.07313060760498,165200,0.0,0.0
1998-05-01,14.090531211244198,14.160114081423181,13.916574035796739,13.95136547088623,130400,0.0,0.0
1998-05-04,14.008035458458794,14.217893667574282,14.008035458458794,14.16542911529541,77800,0.1325,0.0
1998-05-05,14.1654164063179,14.1654164063179,14.060487395900731,14.147928237915039,58000,0.0,0.0
1998-05-06,14.182906229299798,14.217882570185864,14.0255126953125,14.0255126953125,66200,0.0,0.0
1998-05-07,14.025515286247234,14.060491633594484,13.93807441787911,13.955562591552734,66600,0.0,0.0
1998-05-08,13.990540079551169,14.182910005644997,13.990540079551169,14.13044548034668,275600,0.0,0.0
1998-05-11,14.112957039875772,14.147933389416975,14.025516166022761,14.060492515563965,119800,0.0,0.0
1998-05-12,14.07797629509739,14.07797629509739,13.79816558612651,13.92058277130127,93400,0.0,0.0
1998-05-13,13.903095502211269,14.112953547527665,13.903095502211269,14.0255126953125,51600,0.0,0.0
1998-05-14,14.025512721571369,14.060489062522917,13.920583698716719,13.973048210144043,65200,0.0,0.0
1998-05-15,13.920582794150969,13.973047302169126,13.868118286132812,13.868118286132812,83400,0.0,0.0
1998-05-18,13.885612229455877,13.903100406067281,13.745706816564633,13.815659523010254,119800,0.0,0.0
1998-05-19,13.81565375543719,13.92058277130127,13.81565375543719,13.92058277130127,94200,0.0,0.0
1998-05-20,13.920589748559662,13.973054282787901,13.920589748559662,13.938077926635742,62200,0.0,0.0
1998-05-21,13.955562355244053,13.973050528621553,13.833145141601562,13.833145141601562,79200,0.0,0.0
1998-05-22,13.83314778975078,13.850635966476128,13.71073055267334,13.71073055267334,45600,0.0,0.0
1998-05-26,13.780678862148953,13.85063154672839,13.535844466120928,13.570820808410645,86500,0.0,2.0
1998-05-27,13.57082024216652,13.57082024216652,13.29100951552391,13.430914878845215,74700,0.0,0.0
1998-05-28,13.291005762856152,13.50086374858546,13.256029431901267,13.325982093811035,58700,0.0,0.0
1998-05-29,13.36095842476592,13.430911086675689,13.325982093811035,13.325982093811035,47100,0.0,0.0
1998-06-01,13.325991281040052,13.430920346245092,13.186085860766665,13.360967636108398,126300,0.0,0.0
1998-06-02,13.430914878845215,13.57082024216652,13.360962197184563,13.430914878845215,73000,0.0,0.0
1998-06-03,13.395937542582667,13.675748248432956,13.36096120435138,13.535842895507812,96600,0.0,0.0
1998-06-04,13.60579709445729,13.990536858053769,13.60579709445729,13.675749778747559,123800,0.0,0.0
1998-06-05,13.535851848912118,13.885615462579098,13.535851848912118,13.780686378479004,39700,0.0,0.0
1998-06-08,13.710726177569518,13.88560788901811,13.500868123831209,13.570820808410645,74000,0.0,0.0
1998-06-09,13.535851848912118,13.885615462579098,13.535851848912118,13.780686378479004,58300,0.0,0.0
1998-06-10,13.640777845771945,13.850635966476128,13.500872431969155,13.71073055267334,88400,0.0,0.0
1998-06-11,13.745701216180404,13.780677555152874,13.605795860290527,13.605795860290527,38700,0.0,0.0
1998-06-12,13.675754199222641,13.71073055267334,13.640777845771945,13.71073055267334,56100,0.0,0.0
1998-06-15,13.640772199262996,13.710724877207934,13.605795860290527,13.605795860290527,19000,0.0,0.0
1998-06-16,13.605796582996845,13.675749264657497,13.325985856354237,13.430914878845215,74600,0.0,0.0
1998-06-17,13.430911746062831,13.570817076750984,13.151101084686522,13.256030082702637,103800,0.0,0.0
1998-06-18,13.081152241280739,13.291010298627489,12.906270526825114,13.151104927062988,112500,0.0,0.0
1998-06-19,12.731390397178934,13.081153869628906,12.731390397178934,13.081153869628906,128900,0.0,0.0
1998-06-22,13.011198662561002,13.151104024524024,12.87129330059798,13.046175003051758,145900,0.0,0.0
1998-06-23,13.046179600383924,13.325990422912266,12.836321483487668,12.871297836303711,173100,0.0,0.0
1998-06-24,12.73138793863496,13.18608036501478,12.73138793863496,13.046175003051758,100500,0.0,0.0
1998-06-25,13.08115373934553,13.186082780035466,12.801342964172363,12.801342964172363,106200,0.0,0.0
1998-06-26,12.801337840106036,13.011195837484824,12.801337840106036,12.941243171691895,82000,0.0,0.0
1998-06-29,12.591482953327457,13.011199051771706,12.24171953795725,12.906270027160645,206600,0.0,0.0
1998-06-30,12.941247295325912,12.941247295325912,12.311673102580325,12.41660213470459,249100,0.0,0.0
1998-07-01,12.556506057634746,12.87129311757545,12.556506057634746,12.766364097595215,109700,0.0,0.0
1998-07-02,12.766365155260614,13.43091567019199,12.766365155260614,13.151104927062988,115700,0.0,0.0
1998-07-06,13.081150721478206,13.116127060305688,12.906269027340796,13.011198043823242,62900,0.0,0.0
1998-07-07,12.941240655051336,13.011193307240804,12.381619437535603,12.591477394104004,321100,0.0,0.0
1998-07-08,12.6614356364015,13.046175393308728,12.556506611790438,12.906270027160645,321400,0.0,0.0
1998-07-09,12.906275497145483,12.97622820986714,12.66144100261969,12.836322784423828,107200,0.0,0.0
1998-07-10,12.801340437588626,12.836316777582038,12.696411417608392,12.766364097595215,60500,0.0,0.0
1998-07-13,12.766364432953216,12.836317114777618,12.451577364743411,12.731388092041016,73100,0.0,0.0
1998-07-14,12.871299140784656,12.906275497145483,12.836322784423828,12.836322784423828,85500,0.0,0.0
1998-07-15,12.801343380416954,12.871296076484807,12.591485292213397,12.66143798828125,104300,0.0,0.0
1998-07-16,12.801342964172363,12.871295657965655,12.66143757658578,12.801342964172363,168200,0.0,0.0
1998-07-17,12.73138881236949,13.151104927062988,12.73138881236949,13.151104927062988,125000,0.0,0.0
1998-07-20,13.151101084686522,13.256030082702637,13.046172086670406,13.256030082702637,46400,0.0,0.0
1998-07-21,13.18608036501478,13.25603304599629,12.906269641088736,13.046175003051758,62700,0.0,0.0
1998-07-22,13.046173669524112,13.081150006439726,12.381623268127441,12.381623268127441,109100,0.0,0.0
1998-07-23,12.521527176934319,13.046172170381288,12.521527176934319,12.941243171691895,115100,0.0,0.0
1998-07-24,12.906270027160645,13.011199051771706,12.766364661012561,12.906270027160645,127000,0.0,0.0
1998-07-27,12.906275497145483,12.941251853506312,12.731393715341344,12.836322784423828,43300,0.0,0.0
1998-07-28,12.836317114777618,12.94124613751422,12.731388092041016,12.731388092041016,75600,0.0,0.0
1998-07-29,12.76636572908764,12.836318418014148,12.591484006771372,12.696413040161133,91200,0.0,0.0
1998-07-30,12.626463280855162,12.976226806640625,12.591486928276616,12.976226806640625,51400,0.0,0.0
1998-07-31,13.011201045552237,13.046177392448884,12.766366617275716,12.801342964172363,80800,0.0,0.0
1998-08-03,12.801341793873963,12.801341793873963,12.451578356882871,12.626460075378418,64000,0.0,0.0
1998-08-04,12.665587397984096,12.665587397984096,12.313765525817871,12.313765525817871,106200,0.132,0.0
1998-08-05,12.384124164105783,12.947038898837864,12.243395480422762,12.700763702392578,168000,0.0,0.0
1998-08-06,12.73595021601777,12.73595021601777,12.384128386846008,12.419310569763184,141900,0.0,0.0
1998-08-07,12.41931176510429,13.052591118565697,12.384129578800877,12.91186237335205,108200,0.0,0.0
1998-08-10,12.771133628138404,12.91186237335205,12.384129578800877,12.91186237335205,64800,0.0,0.0
1998-08-11,12.771131467552825,12.771131467552825,12.348945303336203,12.595220565795898,48900,0.0,0.0
1998-08-12,12.73594249519142,13.228492757436392,12.73594249519142,13.017399787902832,70400,0.0,0.0
1998-08-13,12.947041944047095,12.947041944047095,12.419309256110393,12.489673614501953,38200,0.0,0.0
1998-08-14,12.63040311148997,12.806314018335234,12.454492204644707,12.524856567382812,52500,0.0,0.0
1998-08-17,12.595219791102476,12.66558414747735,12.384126721977854,12.560037612915039,36100,0.0,0.0
1998-08-18,12.700769255531581,12.982226745958874,12.700769255531581,12.91186237335205,81800,0.0,0.0
1998-08-19,12.91185813159733,12.91185813159733,12.489672034651369,12.80631160736084,84600,0.0,0.0
1998-08-20,12.80631160736084,12.947040306342828,12.665582908378852,12.80631160736084,70500,0.0,0.0
1998-08-21,12.806313878264874,12.806313878264874,12.384127706453944,12.735949516296387,55200,0.0,0.0
1998-08-24,12.665585292859022,12.735949655597128,12.489674386013759,12.524856567382812,121000,0.0,0.0
1998-08-25,12.52485602546203,12.735949104542852,12.384127306074816,12.630402565002441,140300,0.0,0.0
1998-08-26,12.63040366726624,12.63040366726624,12.17303528934295,12.419310569763184,62900,0.0,0.0
1998-08-27,12.348941293813414,12.454487800598145,11.997119604530981,12.454487800598145,70100,0.0,0.0
1998-08-28,12.384125886140048,12.419308061952945,12.243397182888456,12.348943710327148,61300,0.0,0.0
1998-08-31,12.348942133096548,12.348942133096548,11.891573905944824,11.891573905944824,93300,0.0,0.0
1998-09-01,11.891579828619614,12.313766094724452,11.891579828619614,12.208219528198242,169500,0.0,0.0
1998-09-02,12.278586387634277,12.313768583587384,12.13785760382185,12.278586387634277,100200,0.0,0.0
1998-09-03,12.173038870789284,12.173038870789284,11.9971279044484,12.10267448425293,70200,0.0,0.0
1998-09-04,12.10266009870782,12.173024401607284,11.680474281311035,11.680474281311035,146800,0.0,0.0
1998-09-08,11.715668694966041,12.173037142517268,11.715668694966041,12.067490577697754,124600,0.0,0.0
1998-09-09,11.926755563954105,12.067484243174803,11.926755563954105,11.997119903564453,61200,0.0,0.0
1998-09-10,12.067482996411423,12.067482996411423,11.68047916853817,11.856389999389648,78200,0.0,0.0
1998-09-11,11.821209563306098,11.891573905944824,11.715663049348008,11.891573905944824,93500,0.0,0.0
1998-09-14,11.891575528573298,12.173032937533613,11.856393352453258,12.137850761413574,73500,0.0,0.0
1998-09-15,12.10266923904419,12.10266923904419,11.71566528081894,11.821211814880371,55300,0.0,0.0
1998-09-16,11.750851050793942,11.786033239568775,11.39902916304562,11.504575729370117,84400,0.0,0.0
1998-09-17,11.328661918640137,11.434208458254798,11.293479738768584,11.328661918640137,247200,0.0,0.0
1998-09-18,11.399024929217438,11.786028861999512,11.363842753509976,11.786028861999512,106900,0.0,0.0
1998-09-21,11.645303013745476,12.173035778718836,11.293481170429903,11.961942672729492,120200,0.0,0.0
1998-09-22,12.032303296163409,12.032303296163409,11.715663735738056,11.750845909118652,144100,0.0,0.0
1998-09-23,11.715663049348008,11.961938248583552,11.698071963688326,11.891573905944824,148200,0.0,0.0
1998-09-24,11.821211037706972,11.961939740536817,11.504571456339821,11.786028861999512,71600,0.0,0.0
1998-09-25,11.68048078519804,11.750845127277545,11.539752101039026,11.715662956237793,44700,0.0,0.0
1998-09-28,11.78602900021318,12.173032937533613,11.78602900021318,12.137850761413574,200800,0.0,0.0
1998-09-29,12.137853594387279,12.173035778718836,11.85639611973482,11.961942672729492,51100,0.0,0.0
1998-09-30,11.96193894940222,11.997121122782815,11.610117215596272,11.750845909118652,40600,0.0,0.0
1998-10-01,11.821210965243253,11.821210965243253,11.504571385817094,11.61011791229248,44300,0.0,0.0
1998-10-02,11.610118746757507,11.926758348941803,11.610118746757507,11.821211814880371,136500,0.0,0.0
1998-10-05,11.821209469357052,11.821209469357052,11.399023416880015,11.715662956237793,22700,0.0,0.0
1998-10-06,11.821212436841883,11.821212436841883,10.941657940053052,11.328661918640137,129700,0.0,0.0
1998-10-07,11.328659320901508,11.469388008117676,10.976837602861089,11.469388008117676,187800,0.0,0.0
1998-10-08,11.434205836313634,11.53975235172576,11.18793063368534,11.469388008117676,222900,0.0,0.0
1998-10-09,11.539754814407774,11.539754814407774,11.293479559222241,11.36384391784668,108900,0.0,0.0
1998-10-12,11.399026278383245,11.434208458254798,11.187933199153925,11.328661918640137,61800,0.0,0.0
1998-10-13,11.293479559222241,11.399026097158899,11.258297379910022,11.36384391784668,111600,0.0,0.0
1998-10-14,11.293478965759277,11.328661143222703,11.15275025590558,11.293478965759277,61500,0.0,0.0
1998-10-15,11.258297379910022,11.539754814407774,11.223115200597803,11.36384391784668,105700,0.0,0.0
1998-10-16,11.328663271390475,11.504574191753681,11.328663271390475,11.434209823608398,85400,0.0,0.0
1998-10-19,11.434205836313634,11.750845382550011,11.328659320901508,11.469388008117676,153700,0.0,0.0
1998-10-20,11.539757940198914,12.208219528198242,11.539757940198914,12.208219528198242,248800,0.0,0.0
1998-10-21,12.208217963050393,12.208217963050393,11.85639611973482,11.961942672729492,223800,0.0,0.0
1998-10-22,11.997126582040952,12.243401907771998,11.961944392650803,12.1730375289917,123500,0.0,0.0
1998-10-23,12.067492307814875,12.384132047670077,11.856399147911409,11.926763534545898,144500,0.0,0.0
1998-10-26,11.961945711180222,12.4544964169347,11.961945711180222,12.10267448425293,144200,0.0,0.0
1998-10-27,12.24340151906361,12.384130272156295,12.032308389424582,12.067490577697754,91900,0.0,0.0
1998-10-28,12.067489225724163,12.067489225724163,11.821213935403263,11.961942672729492,67900,0.0,0.0
1998-10-29,12.00131231597638,12.567745935609484,11.824301809841035,12.35533332824707,77400,0.132,0.0
1998-10-30,12.28452205657959,12.28452205657959,11.965903328887324,12.28452205657959,116200,0.0,0.0
1998-11-02,12.319924998487163,12.673945831777024,12.249120831829192,12.426131248474121,72500,0.0,0.0
1998-11-03,12.39073626373125,13.027974128723145,12.35533416012059,13.027974128723145,61300,0.0,0.0
1998-11-04,13.02796861602039,13.27578323643382,13.02796861602039,13.063370704650879,69300,0.0,0.0
1998-11-05,13.134174859082256,13.59440201047867,13.063370681944347,13.381989479064941,86400,0.0,0.0
1998-11-06,13.346581796697668,13.38198387042896,13.027963133116026,13.098767280578613,54400,0.0,0.0
1998-11-09,13.098772358387075,13.311184883117676,13.027968183476874,13.311184883117676,56100,0.0,0.0
1998-11-10,13.452790424387942,13.452790424387942,13.169573783874512,13.169573783874512,31800,0.0,0.0
1998-11-11,13.16957697054235,13.16957697054235,12.780153995606957,13.063370704650879,49300,0.0,0.0
1998-11-12,13.098767504216525,13.134169578552246,12.850952983866483,13.134169578552246,25900,0.0,0.0
1998-11-13,13.169576660660672,13.169576660660672,12.815555782685923,12.850957870483398,30500,0.0,0.0
1998-11-16,12.921759223425259,13.275780024067048,12.673944662976007,13.169573783874512,86800,0.0,0.0
1998-11-17,13.027974128723145,13.240386750387108,12.744757299837858,13.027974128723145,84000,0.0,0.0
1998-11-18,13.027968733278039,13.16957708907454,12.88636037748154,12.921762466430664,26100,0.0,0.0
1998-11-19,12.921759223425259,13.169573783874512,12.88635714336108,13.169573783874512,74100,0.0,0.0
1998-11-20,13.027968733278039,13.275783355921915,12.88636037748154,12.921762466430664,85700,0.0,0.0
1998-11-23,12.992561059384732,13.523592165354136,12.992561059384732,13.098767280578613,77000,0.0,0.0
1998-11-24,13.13417327860014,13.13417327860014,12.815554519820083,12.957162857055664,90700,0.0,0.0
1998-11-25,13.027970515716792,13.700610297778256,12.992568421924082,13.559001922607422,100000,0.0,0.0
1998-11-27,13.558995467921099,13.59439754486084,13.488191314041615,13.59439754486084,40400,0.0,0.0
1998-11-30,13.73601052502841,14.090031414848731,13.594402169100283,14.0546293258667,88300,0.0,0.0
1998-12-01,14.125432437792087,14.550257473515156,13.736009488379272,14.196236610412598,149300,0.0,0.0
1998-12-02,14.160831157977764,14.373243625347431,14.090027002187876,14.267037391662598,79300,0.0,0.0
1998-12-03,14.302444665225934,14.444053028247973,14.231640483714916,14.337846755981445,64900,0.0,0.0
1998-12-04,14.337846755981445,14.550259300514503,14.302444665225934,14.337846755981445,39400,0.0,0.0
1998-12-07,14.302440403014655,14.337842483220138,13.452790478083092,13.488192558288574,90500,0.0,0.0
1998-12-08,13.452791248311726,13.842214152868118,13.381987083846928,13.77140998840332,113200,0.0,0.0
1998-12-09,13.842222986342033,14.054635615288458,13.629810357395607,13.983831405639648,41800,0.0,0.0
1998-12-10,13.948427001331902,13.948427001331902,13.842220704367445,13.91302490234375,58500,0.0,0.0
1998-12-11,13.913014916812672,13.948416990392348,13.736004548914291,13.84221076965332,32600,0.0,0.0
1998-12-14,13.806820881517629,14.125439824937265,13.629810357395607,13.983831405639648,117700,0.0,0.0
1998-12-15,14.125435215054138,14.160837308324949,13.594403815991951,14.0192289352417,148500,0.0,0.0
1998-12-16,14.30243968963623,14.30243968963623,14.01922306211868,14.30243968963623,106600,0.0,0.0
1998-12-17,14.337843935540382,15.081287695160993,14.196235600374552,14.975081443786621,188200,0.0,0.0
1998-12-18,14.833469580666732,14.868871656038252,14.408644676208496,14.408644676208496,141900,0.0,0.0
1998-12-21,14.550254014822153,14.76266648219182,14.160831157977764,14.267037391662598,117700,0.0,0.0
1998-12-22,14.267043588137387,14.302445681408198,13.983826841970888,14.0192289352417,165600,0.0,0.0
1998-12-23,14.125434211448386,14.550259300514503,13.877619576159818,14.337846755981445,113300,0.0,0.0
1998-12-24,14.479453406310434,14.656463839150415,14.302442973470454,14.373247146606445,30400,0.0,0.0
1998-12-28,14.40865236156983,15.4353130949495,14.40865236156983,15.081292152404785,73000,0.0,0.0
1998-12-29,15.081290702546696,15.22289906595089,14.479455158078869,14.833476066589355,66000,0.0,0.0
1998-12-30,14.833483320995443,14.868885429160109,14.550266455678107,14.585668563842773,115900,0.0,0.0
1998-12-31,14.621066521403458,15.718531562961585,14.267045540255674,15.541521072387695,159200,0.0,0.0
1999-01-04,15.470705637607976,15.50610771000525,15.081282841237982,15.116684913635254,136500,0.0,0.0
1999-01-05,15.22288659444222,15.25828865628976,14.72725772857666,14.72725772857666,67600,0.0,0.0
1999-01-06,14.727268007577184,14.868876353803888,14.160834622670368,14.691865921020508,153900,0.0,0.0
1999-01-07,14.550254797035793,15.081285994007901,14.550254797035793,15.010481834411621,67000,0.0,0.0
1999-01-08,15.081281551148644,15.081281551148644,14.160827747557411,14.621054649353027,184300,0.0,0.0
1999-01-11,14.656466261784834,14.656466261784834,14.090032783068512,14.125434875488281,118000,0.0,0.0
1999-01-12,14.12543535232544,14.12543535232544,13.66520813533238,13.877620697021484,146200,0.0,0.0
1999-01-13,13.806816509791782,14.090033258710589,13.594403948102679,13.877620697021484,106700,0.0,0.0
1999-01-14,13.8422146804573,13.983823014784228,13.311183426731317,13.700606346130371,111500,0.0,0.0
1999-01-15,13.665207862854004,13.94842460612559,13.452795305400315,13.665207862854004,61100,0.0,0.0
1999-01-19,13.594396425111313,13.700602647182496,12.921757018660493,13.417386054992676,137100,0.0,0.0
1999-01-20,13.311181583506539,13.665202370301925,13.240377426147461,13.240377426147461,48400,0.0,0.0
1999-01-21,13.311179832921495,13.417386054992676,12.95715909268422,13.417386054992676,46300,0.0,0.0
1999-01-22,13.381989622769291,13.381989622769291,12.921762466430664,12.921762466430664,88300,0.0,0.0
1999-01-25,12.921761921111573,13.594401582758477,12.780153571291173,13.311184883117676,163900,0.0,0.0
1999-01-26,13.311179722966374,13.45278801789155,12.603138248340503,13.098767280578613,85500,0.0,0.0
1999-01-27,13.240375575503787,13.275777649235081,12.709344469534384,13.098767280578613,107000,0.0,0.0
1999-01-28,13.240380708207475,13.311184883117676,13.134174445842175,13.311184883117676,84300,0.0,0.0
1999-01-29,13.27577829360962,13.27577829360962,12.744747161865234,12.744747161865234,181900,0.0,0.0
1999-02-01,13.027969100995374,13.275783730633872,12.355329391976591,12.49693775177002,267100,0.0,0.0
1999-02-02,12.60314050284765,13.275780024067048,12.532336342719292,13.169573783874512,260500,0.0,0.0
1999-02-03,13.134174125710715,13.73600959777832,13.134174125710715,13.73600959777832,160600,0.0,0.0
1999-02-04,13.704397879148786,13.704397879148786,13.20605613808883,13.526418685913086,108000,0.132,0.0
1999-02-05,13.526420077762088,13.526420077762088,13.028078285423485,13.170461654663086,102700,0.0,0.0
1999-02-08,13.277246910137135,13.597609436118995,12.814501039274447,12.956884384155273,125200,0.0,0.0
1999-02-09,13.099269497097364,13.099269497097364,12.743311086850154,12.850098609924316,64400,0.0,0.0
1999-02-10,12.850100816842115,12.850100816842115,12.173779721218844,12.35175895690918,181000,0.0,0.0
1999-02-11,12.351762663486392,12.707721241684848,12.173783374387165,12.244975090026855,153900,0.0,0.0
1999-02-12,12.102583885192871,12.17377555510577,11.889008875454174,12.102583885192871,145000,0.0,0.0
1999-02-16,12.173779886419123,12.28056742928245,11.74662971496582,11.74662971496582,176200,0.0,0.0
1999-02-17,11.817820976906159,12.42295036427786,11.71103343795821,12.13818359375,164400,0.0,0.0
1999-02-18,12.13817972014932,12.565329739626716,12.102583885192871,12.102583885192871,176700,0.0,0.0
1999-02-19,12.1025883849238,12.672121955979039,11.96020499215999,12.636526107788086,198900,0.0,0.0
1999-02-22,12.565332615742829,12.814503517471442,12.565332615742829,12.70771598815918,147700,0.0,0.0
1999-02-23,12.778909500551896,12.8501011969338,12.1025883849238,12.636526107788086,238600,0.0,0.0
1999-02-24,12.814503517471442,13.028078576095965,12.672120145055091,12.70771598815918,230100,0.0,0.0
1999-02-25,12.565335486854256,12.743314743041992,12.529739635616707,12.743314743041992,178400,0.0,0.0
1999-02-26,12.672116702581569,13.063670870357965,12.672116702581569,12.921287536621094,226500,0.0,0.0
1999-03-01,13.06367916561051,13.06367916561051,12.529741325054223,12.565337181091309,113600,0.0,0.0
1999-03-02,12.565330561944993,12.885693097518661,12.494138887373067,12.600926399230957,90400,0.0,0.0
1999-03-03,12.672121770701178,12.672121770701178,12.351759141666598,12.494142532348633,148400,0.0,0.0
1999-03-04,12.529739635616707,12.814506445517088,12.529739635616707,12.743314743041992,227000,0.0,0.0
1999-03-05,12.778912317313823,13.134870877684683,12.565337181091309,12.565337181091309,100100,0.0,0.0
1999-03-08,12.707717985827943,13.028080624126126,12.672122137128145,12.778909683227539,186100,0.0,0.0
1999-03-09,12.814502768899596,12.92129029197376,12.529736040701827,12.850098609924316,90400,0.0,0.0
1999-03-10,12.743313834527742,12.95688892672653,12.387355347529759,12.778909683227539,119300,0.0,0.0
1999-03-11,12.92129429595111,13.063677704170958,12.88569844389615,12.992486000061035,70600,0.0,0.0
1999-03-12,13.028076562988623,13.028076562988623,12.565330674139302,12.672118186950684,42900,0.0,0.0
1999-03-15,12.636521858173412,12.956884384155273,12.600926021953205,12.956884384155273,80300,0.0,0.0
1999-03-16,12.956888741506656,13.028080437888562,12.600930259597133,12.636526107788086,46300,0.0,0.0
1999-03-17,12.95688613299848,13.099269497097364,12.67211940480071,12.850098609924316,65900,0.0,0.0
1999-03-18,12.81450153736586,12.81450153736586,12.529734836535507,12.672118186950684,76200,0.0,0.0
1999-03-19,12.422954379126084,12.52974195258562,12.244975090026855,12.244975090026855,177800,0.0,0.0
1999-03-22,12.244969627577117,12.494140521161535,11.960202892052068,12.422948837280273,109300,0.0,0.0
1999-03-23,12.422947262871196,12.458543100300625,12.031393051147461,12.031393051147461,72500,0.0,0.0
1999-03-24,12.10258969089441,12.173781394958496,11.853418726670114,12.173781394958496,145500,0.0,0.0
1999-03-25,12.244971132697948,12.28056697901393,11.5330542063783,12.13818359375,133800,0.0,0.0
1999-03-26,12.13818201395516,12.280565380687772,11.675436072074172,11.711031913757324,251500,0.0,0.0
1999-03-29,11.71103855749456,11.889017866878975,11.533059248110142,11.675442695617676,162400,0.0,0.0
1999-03-30,11.782221442002516,11.782221442002516,11.390667255108173,11.568646430969238,174700,0.0,0.0
1999-03-31,11.675438019723604,12.138184038798014,11.639842172102496,11.74662971496582,152200,0.0,0.0
1999-04-01,11.889014578702156,12.280568951054622,11.817822874638072,12.173781394958496,165000,0.0,0.0
1999-04-05,12.31616329399609,12.63652592303067,12.28056744632558,12.494142532348633,229800,0.0,0.0
1999-04-06,12.636528621519233,12.636528621519233,12.20937835825661,12.316165924072266,139400,0.0,0.0
1999-04-07,12.173783080918447,12.316166508765447,11.889016225224449,11.96020793914795,68400,0.0,0.0
1999-04-08,11.9602020538605,12.031393732752527,11.604243659400368,11.853414535522461,68400,0.0,0.0
1999-04-09,11.924612082186199,11.995803796109698,11.5686535125687,11.96020793914795,93500,0.0,0.0
1999-04-12,11.960212775036297,12.209383874516218,11.782233418264923,12.067000389099121,68300,0.0,0.0
1999-04-13,11.995800834929872,12.244971772153935,11.817821594055541,11.889013290405273,54000,0.0,0.0
1999-04-14,11.9246104307342,12.280568951054622,11.9246104307342,12.173781394958496,97900,0.0,0.0
1999-04-15,11.960200068462326,12.138179236147778,11.817816734313965,11.817816734313965,122400,0.0,0.0
1999-04-16,11.889009701429739,12.244968075724044,11.675434676853158,12.031393051147461,201800,0.0,0.0
1999-04-19,12.102587747434018,12.244971132697948,11.675437591642229,12.13818359375,249500,0.0,0.0
1999-04-20,12.173776400865183,12.280563913153474,11.995797213718031,12.031393051147461,179900,0.0,0.0
1999-04-21,12.173781394958496,12.173781394958496,11.995802134798284,12.173781394958496,92300,0.0,0.0
1999-04-22,12.209377246990538,12.280568951054622,11.960206282766242,12.173781394958496,32800,0.0,0.0
1999-04-23,12.102588026942712,12.35175895690918,12.102588026942712,12.35175895690918,36300,0.0,0.0
1999-04-26,12.458548211214834,12.458548211214834,11.533056058381733,12.173781394958496,146200,0.0,0.0
1999-04-27,12.209381590560305,12.244977455255817,11.426272567259062,11.639847755432129,288500,0.0,0.0
1999-04-28,11.711029233702694,12.066987569073596,11.568645899554333,11.817816734313965,214900,0.0,0.0
1999-04-29,11.9246104307342,12.209377246990538,11.9246104307342,12.173781394958496,164100,0.0,0.0
1999-04-30,12.316166508765447,12.494145793574196,11.924612082186199,11.96020793914795,135200,0.0,0.0
1999-05-03,12.17377555510577,12.422946399800917,12.102583885192871,12.102583885192871,319500,0.0,0.0
1999-05-04,12.178238824356434,12.536422319190446,12.142420474873033,12.321512222290039,242500,0.132,0.0
1999-05-05,12.32150436622509,12.464777672809102,12.178231059641078,12.357322692871094,255900,0.0,0.0
1999-05-06,12.393142754075217,12.679689407348633,12.070777769142625,12.679689407348633,189600,0.0,0.0
1999-05-07,12.679693524089377,12.679693524089377,12.214055061340332,12.214055061340332,222300,0.0,0.0
1999-05-10,12.35733057177344,12.464785620223644,12.214057173839835,12.321512222290039,102100,0.0,0.0
1999-05-11,12.464783913120414,12.57223894685421,12.321510534808684,12.42896556854248,315900,0.0,0.0
1999-05-12,12.42896460128306,12.608056310235266,12.357327917702179,12.572237968444824,297300,0.0,0.0
1999-05-13,12.572236776351929,12.858783483505249,12.500600099563599,12.751328468322754,141000,0.0,0.0
1999-05-14,12.751330921415649,12.751330921415649,12.35732912328202,12.393147468566895,45200,0.0,0.0
1999-05-17,12.393149172946941,12.428967523157771,12.178239071681965,12.285694122314453,111900,0.0,0.0
1999-05-18,12.357322692871094,12.643869306039118,12.32150436622509,12.357322692871094,192800,0.0,0.0
1999-05-19,12.393151394030866,12.751334960332336,12.393151394030866,12.643879890441895,58000,0.0,0.0
1999-05-20,12.536420111669852,12.85878520025565,12.428965082141254,12.500601768493652,31100,0.0,0.0
1999-05-21,12.572241230171269,12.89460638991925,12.536422879088159,12.787151336669922,47900,0.0,0.0
1999-05-24,12.822966126189835,12.894602808459052,12.357327691439925,12.46478271484375,87100,0.0,0.0
1999-05-25,12.536415909275863,13.324419195001775,12.500597578106504,13.002054214477539,116400,0.0,0.0
1999-05-26,12.930424741002359,13.073698145334795,12.428967825838832,12.787151336669922,147300,0.0,0.0
1999-05-27,12.715502606497871,13.1453224129147,12.715502606497871,12.894594192504883,116700,0.0,0.0
1999-05-28,12.93042508522886,13.539337069851825,12.93042508522886,13.14533519744873,215300,0.0,0.0
1999-06-01,13.145329950933588,13.539331666084186,13.037874937710697,13.07369327545166,114600,0.0,0.0
1999-06-02,13.252781677246093,13.467691650390623,13.00205337524414,13.431873321533203,93400,0.0,0.0
1999-06-03,13.431877848949838,13.503514530810904,12.966239416852911,13.467696189880371,126800,0.0,0.0
1999-06-04,13.467694751636401,13.467694751636401,13.21696639189849,13.252784729003906,75600,0.0,0.0
1999-06-07,13.109512790556876,13.431877859177128,13.002057767683459,13.324422836303711,40300,0.0,0.0
1999-06-08,13.360243152786087,13.360243152786087,12.89460465148255,13.037878036499023,186900,0.0,0.0
1999-06-09,13.037878036499023,13.10951472900726,12.822967958974314,13.037878036499023,50100,0.0,0.0
1999-06-10,13.037878948709238,13.18115234375,12.787150507387908,13.18115234375,48700,0.0,0.0
1999-06-11,13.145333994989809,13.39606243631114,13.10951564622962,13.18115234375,58100,0.0,0.0
1999-06-14,13.10951138058224,13.28860306610932,13.002056369265993,13.252784729003906,56900,0.0,0.0
1999-06-15,13.467698482417795,13.467698482417795,12.858786582946777,12.858786582946777,73500,0.0,0.0
1999-06-16,12.787149612720196,13.037878036499023,12.787149612720196,13.037878036499023,63400,0.0,0.0
1999-06-17,13.03787397347659,13.03787397347659,12.894600633108714,12.930418968200684,35100,0.0,0.0
1999-06-18,13.252787642716045,13.252787642716045,12.894604192912908,12.966240882873535,163100,0.0,0.0
1999-06-21,12.966235046386718,13.539328308105468,12.930416717529296,13.431873321533203,121600,0.0,0.0
1999-06-22,13.503513088741817,13.503513088741817,13.10951138058224,13.252784729003906,84900,0.0,0.0
1999-06-23,13.28860739003057,13.39606243631114,13.037878948709238,13.18115234375,96800,0.0,0.0
1999-06-24,13.181153920775685,13.32442733295803,12.643878625091894,12.822970390319824,124900,0.0,0.0
1999-06-25,12.966230826907688,13.181140730116104,12.85877587530348,12.894594192504883,60300,0.0,0.0
1999-06-28,12.894601821899414,13.28860354423523,12.679691791534424,12.751328468322754,79000,0.0,0.0
1999-06-29,12.894605553668478,13.18115234375,12.894605553668478,13.18115234375,109400,0.0,0.0
1999-06-30,13.324420308220317,13.324420308220317,12.106596946716309,12.106596946716309,190000,0.0,0.0
1999-07-01,12.24987060145328,13.145328978752495,12.24987060145328,12.930418968200684,167600,0.0,0.0
1999-07-02,12.96623826222877,13.324421639638405,12.96623826222877,13.07369327545166,59300,0.0,0.0
1999-07-06,12.966241071540813,13.431879563060233,12.966241071540813,13.21696949005127,69600,0.0,0.0
1999-07-07,13.288603301897442,13.396058315120332,12.930419924487808,13.07369327545166,67000,0.0,0.0
1999-07-08,13.109514262794791,13.252787642716045,12.966240882873535,12.966240882873535,63500,0.0,0.0
1999-07-09,13.002055638384622,13.073692308568559,12.787145627832809,12.930418968200684,87600,0.0,0.0
1999-07-12,13.03787944355949,13.181152844038166,12.966242743320151,13.109516143798828,54600,0.0,0.0
1999-07-13,13.145333075261378,13.145333075261378,13.002059690244906,13.037878036499023,45000,0.0,0.0
1999-07-14,13.03787944355949,13.181152844038166,12.966242743320151,13.109516143798828,45900,0.0,0.0
1999-07-15,13.181147352939636,13.360239028930664,13.181147352939636,13.360239028930664,50100,0.0,0.0
1999-07-16,13.288604736328125,13.503514785972245,13.181149711506064,13.288604736328125,65900,0.0,0.0
1999-07-19,13.252788114023733,13.396061499040206,12.858786305228433,13.037878036499023,35300,0.0,0.0
1999-07-20,13.109511613192625,13.252784964156477,13.002056599969734,13.07369327545166,50500,0.0,0.0
1999-07-21,13.002060599949049,13.18115234375,12.930423902428668,13.18115234375,55800,0.0,0.0
1999-07-22,13.109516143798828,13.181152844038166,12.966242743320151,13.109516143798828,93000,0.0,0.0
1999-07-23,13.109514262794791,13.109514262794791,12.930422537893222,12.966240882873535,31400,0.0,0.0
1999-07-26,12.966242743320151,13.145334493918497,12.858787692961146,13.109516143798828,55800,0.0,0.0
1999-07-27,13.10951564622962,13.39606243631114,13.002060599949049,13.18115234375,81000,0.0,0.0
1999-07-28,13.181150952755418,13.216969297735732,12.822967502952281,12.966240882873535,44300,0.0,0.0
1999-07-29,12.930424741002359,12.930424741002359,12.608059581254377,12.787151336669922,51300,0.0,0.0
1999-07-30,12.75133017072705,12.787148513903249,12.500601768493652,12.500601768493652,177900,0.0,0.0
1999-08-02,12.500595999455106,12.572232652747113,12.249867712933083,12.357322692871094,154500,0.0,0.0
1999-08-03,12.357327227006879,12.42896390658373,12.17823552806475,12.249872207641602,110700,0.0,0.0
1999-08-04,12.290530914484068,12.578871815703636,12.254488301831621,12.398658752441406,63100,0.133,0.0
1999-08-05,12.362615826550652,12.362615826550652,12.110317544376148,12.254487991333008,92800,0.0,0.0
1999-08-06,12.182403411184039,12.182403411184039,12.07427557025637,12.110318183898926,121900,0.0,0.0
1999-08-09,12.182402767854578,12.43470105002908,12.110317544376148,12.254487991333008,84100,0.0,0.0
1999-08-10,12.254490991782026,12.43470409460235,12.110320509525767,12.326576232910156,74800,0.0,0.0
1999-08-11,12.326564371233156,12.326564371233156,12.110308855948363,12.182394027709961,62800,0.0,0.0
1999-08-12,12.146351441829163,12.326564371233156,12.146351441829163,12.182394027709961,27900,0.0,0.0
1999-08-13,12.254489495957003,12.326574728286161,12.218446879792422,12.290532112121582,20200,0.0,0.0
1999-08-16,12.146361647463264,12.290532112121582,12.146361647463264,12.290532112121582,52800,0.0,0.0
1999-08-17,12.43470409460235,12.43470409460235,12.146363130089833,12.326576232910156,23600,0.0,0.0
1999-08-18,12.254487272539903,12.326572491790138,12.110316834039434,12.14635944366455,36900,0.0,0.0
1999-08-19,12.146360797541483,12.218446024826596,12.038232956613813,12.110318183898926,123200,0.0,0.0
1999-08-20,12.074273109436035,12.290528747216978,12.002187896842386,12.074273109436035,24000,0.0,0.0
1999-08-23,11.930107524178245,12.110320628773083,11.894064903259277,11.894064903259277,72800,0.0,0.0
1999-08-24,11.89405784145943,12.110313438576874,11.821972642420283,11.930100440979004,193200,0.0,0.0
1999-08-25,12.038227868736337,12.110313065555118,11.785929679870605,11.785929679870605,94100,0.0,0.0
1999-08-26,11.858019262201646,12.362615826550652,11.749891426984,12.254487991333008,193200,0.0,0.0
1999-08-27,12.182401263256692,12.32657169240766,12.146358655968951,12.218443870544434,65400,0.0,0.0
1999-08-30,12.182398430601564,12.21844102950867,12.00218543606604,12.038228034973145,125200,0.0,0.0
1999-08-31,12.002181098305968,12.326564371233156,12.002181098305968,12.182394027709961,145800,0.0,0.0
1999-09-01,12.254484916219907,12.398655326998965,12.146357108135613,12.3626127243042,116400,0.0,0.0
1999-09-02,12.290532112121582,12.542830425273637,12.254489495957003,12.290532112121582,101200,0.0,0.0
1999-09-03,12.398656062308074,12.578869086469528,12.398656062308074,12.470741271972656,72300,0.0,0.0
1999-09-07,12.434699172404274,12.506784384997923,12.074273109436035,12.074273109436035,87400,0.0,0.0
1999-09-08,12.074274224414316,12.254487272539903,12.074274224414316,12.14635944366455,54400,0.0,0.0
1999-09-09,12.110313232787355,12.21844102950867,11.984164136612486,12.038228034973145,52000,0.0,0.0
1999-09-10,12.074277888961703,12.43470409460235,12.074277888961703,12.326576232910156,81100,0.0,0.0
1999-09-13,12.326577565367792,13.119515303490868,12.218449691987374,12.79513168334961,135300,0.0,0.0
1999-09-14,12.795120627103078,13.119503966945127,12.578865067208378,12.939291000366211,207600,0.0,0.0
1999-09-15,12.939302887332406,12.975345513759516,12.434706117352869,12.650961875915527,135400,0.0,0.0
1999-09-16,12.723032815921941,12.723032815921941,12.146351441829163,12.182394027709961,40100,0.0,0.0
1999-09-17,12.182404263627843,12.614915657602797,12.110319031298685,12.290532112121582,82700,0.0,0.0
1999-09-20,12.254489495957003,12.290532112121582,12.020212490887236,12.290532112121582,111300,0.0,0.0
1999-09-21,12.29052622732288,12.29052622732288,12.038228034973145,12.038228034973145,40800,0.0,0.0
1999-09-22,12.11031604868121,12.3626142996954,12.038230834105725,12.218443870544434,63100,0.0,0.0
1999-09-23,12.182398821856525,12.39865442224451,12.002185821533203,12.002185821533203,75900,0.0,0.0
1999-09-24,12.038229769970998,12.074272374072708,11.749888937157321,11.966144561767578,94900,0.0,0.0
1999-09-27,11.930100238251828,12.038228034973145,11.605716848087882,12.038228034973145,145400,0.0,0.0
1999-09-28,11.966147729328702,12.110318183898926,11.605721592903137,12.110318183898926,155500,0.0,0.0
1999-09-29,11.894058889272262,12.398655326998965,11.785931081187968,12.3626127243042,82600,0.0,0.0
1999-09-30,12.36261468882132,13.26367989937681,12.218444255132441,13.22763729095459,269600,0.0,0.0
1999-10-01,13.155553284813376,13.155553284813376,12.182402767854578,12.254487991333008,82800,0.0,0.0
1999-10-04,12.398654904953046,12.723038318164027,12.398654904953046,12.57886791229248,67400,0.0,0.0
1999-10-05,12.578873041438218,12.650958273767376,12.254489495957003,12.290532112121582,48900,0.0,0.0
1999-10-06,12.290531252111707,12.398659093039377,12.110318183898926,12.110318183898926,108200,0.0,0.0
1999-10-07,12.11031267119617,12.11031267119617,11.749886698839141,11.821971893310547,145900,0.0,0.0
1999-10-08,11.785934661115919,12.326573865754265,11.785934661115919,12.110318183898926,109300,0.0,0.0
1999-10-11,12.07427063388025,12.110313232787355,11.858015040437618,12.038228034973145,49900,0.0,0.0
1999-10-12,12.002188013516939,12.002188013516939,11.533634127103365,11.713847160339355,74100,0.0,0.0
1999-10-13,11.713845641524703,11.749888243498624,11.533632631655092,11.677803039550781,80400,0.0,0.0
1999-10-14,11.641760868096501,11.677803471403301,11.3894626449489,11.4615478515625,144300,0.0,0.0
1999-10-15,11.38946900412301,11.7498952384307,11.38946900412301,11.569682121276855,97200,0.0,0.0
1999-10-18,11.533637710764438,11.713850799995132,11.281339385841466,11.389467239379883,125900,0.0,0.0
1999-10-19,11.42550596751665,11.497591178668173,10.956952095031738,10.956952095031738,265100,0.0,0.0
1999-10-20,10.956953298550445,11.353422003432204,10.956953298550445,11.281336784362793,341100,0.0,0.0
1999-10-21,11.20925479638772,11.20925479638772,10.992999076843262,10.992999076843262,129200,0.0,0.0
1999-10-22,10.9929947006075,11.173207728486313,10.884866883880214,10.956952095031738,200500,0.0,0.0
1999-10-25,10.920910110473633,11.065080540974934,10.812782287597656,10.812782287597656,132600,0.0,0.0
1999-10-26,10.848819732666016,10.956947504087935,10.524436418400255,10.848819732666016,108200,0.0,0.0
1999-10-27,10.704654240372157,11.029037702201617,10.704654240372157,10.920909881591797,111400,0.0,0.0
1999-10-28,10.956953210768356,11.10112364775215,10.84882538303051,11.029038429260254,83200,0.0,0.0
1999-10-29,11.10112364775215,11.10112364775215,10.920910601522408,11.029038429260254,85400,0.0,0.0
1999-11-01,11.029037134536845,11.029037134536845,10.848824109462713,10.884866714477539,98600,0.0,0.0
1999-11-02,10.84882376498024,10.992994180461706,10.524440330146943,10.74069595336914,136400,0.0,0.0
1999-11-03,10.854247178181563,11.108359988373104,10.781643518126836,10.999454498291016,118300,0.133,0.0
1999-11-04,11.108356730953144,11.398771286010742,11.108356730953144,11.398771286010742,473300,0.0,0.0
1999-11-05,11.435081225175123,11.562137683232626,11.326175689697266,11.326175689697266,122500,0.0,0.0
1999-11-08,11.362473487854004,11.543982649001832,11.326171655624439,11.362473487854004,169000,0.0,0.0
1999-11-09,11.362477534856552,11.47138307033441,11.253571999378693,11.326175689697266,156300,0.0,0.0
1999-11-10,11.326176879490305,11.36247872846303,11.035762087708502,11.289875030517578,196500,0.0,0.0
1999-11-11,11.326171724419845,11.326171724419845,11.035757064819336,11.035757064819336,78200,0.0,0.0
1999-11-12,11.072061538696289,11.180967062027728,11.03575969758581,11.072061538696289,117300,0.0,0.0
1999-11-15,11.108362197875977,11.144664035123936,11.035758523380055,11.108362197875977,193100,0.0,0.0
1999-11-16,11.326175063756228,11.907004554205265,11.326175063756228,11.725495338439941,155900,0.0,0.0
1999-11-17,11.725493593358282,12.306322997363646,11.725493593358282,12.161115646362305,207800,0.0,0.0
1999-11-18,12.088511910931818,12.778246824768768,12.088511910931818,12.633039474487305,281100,0.0,0.0
1999-11-19,12.6330444792397,12.85085559095073,12.6330444792397,12.741950035095215,238400,0.0,0.0
1999-11-22,12.596730153236164,12.70563560124685,12.270013809204102,12.270013809204102,161800,0.0,0.0
1999-11-23,12.306319353823175,12.415224834830461,12.124810218811035,12.124810218811035,90500,0.0,0.0
1999-11-24,12.052209630742803,12.23371881192869,11.870700449556919,12.08851146697998,137700,0.0,0.0
1999-11-26,12.052212223862156,12.197419600053266,11.907004847671045,11.979608535766602,41500,0.0,0.0
1999-11-29,12.052206564806179,12.124810218811035,11.689188294781896,12.124810218811035,153200,0.0,0.0
1999-11-30,12.124813640818877,12.415228338802562,11.979606291827032,12.34262466430664,70900,0.0,0.0
1999-12-01,12.27002098981072,12.524133850546443,12.088511803570915,12.34262466430664,136500,0.0,0.0
1999-12-02,12.41522956937117,12.451531410217285,12.306324046832827,12.451531410217285,48500,0.0,0.0
1999-12-03,12.41522844906511,12.633039474487305,12.342624773924378,12.633039474487305,86500,0.0,0.0
1999-12-06,12.560432142840174,12.596733969842601,11.83439560279161,12.124810218811035,151500,0.0,0.0
1999-12-07,12.270013809204102,12.270013809204102,11.979599281175602,12.270013809204102,211200,0.0,0.0
1999-12-08,12.197419600053266,12.270023288148822,11.616590095288824,11.979608535766602,182100,0.0,0.0
1999-12-09,12.052210664749145,12.233719861507415,11.580286753177644,11.616588592529297,84600,0.0,0.0
1999-12-10,11.652891652133812,11.8707027110522,11.652891652133812,11.725495338439941,67500,0.0,0.0
1999-12-13,11.870704151759638,12.01591154199523,11.543987523729557,11.65289306640625,240000,0.0,0.0
1999-12-14,11.61658927845278,11.61658927845278,11.32617454649146,11.507683753967285,89200,0.0,0.0
1999-12-15,11.5076806740191,11.652888001136061,11.5076806740191,11.54398250579834,112100,0.0,0.0
1999-12-16,11.616587805369544,11.616587805369544,11.362474947127085,11.435078620910645,88900,0.0,0.0
1999-12-17,11.28986968334366,11.6891898329153,11.21726601978518,11.54398250579834,158900,0.0,0.0
1999-12-20,11.543982649001832,11.543982649001832,11.326171655624439,11.362473487854004,103100,0.0,0.0
1999-12-21,11.362475003568356,11.580286026000977,11.326173166496252,11.580286026000977,128700,0.0,0.0
1999-12-22,11.543984131585985,11.543984131585985,11.253569436451746,11.435078620910645,141200,0.0,0.0
1999-12-23,11.47137884223986,11.6891898329153,11.108360524447459,11.54398250579834,121100,0.0,0.0
1999-12-27,11.543978563539541,11.543978563539541,11.253564008481943,11.398771286010742,145300,0.0,0.0
1999-12-28,11.471378984542701,11.543982649001832,11.362473487854004,11.362473487854004,134600,0.0,0.0
1999-12-29,11.435075733396742,11.761792182922363,11.326170250221535,11.761792182922363,105100,0.0,0.0
1999-12-30,11.761792919452374,11.943302069443924,11.616585599459135,11.798094749450684,77800,0.0,0.0
1999-12-31,11.870696278437515,11.870696278437515,11.580281690585833,11.834394454956055,61500,0.0,0.0
2000-01-03,11.907002500503783,11.907002500503783,11.253569436451746,11.435078620910645,84400,0.0,0.0
2000-01-04,11.435079949801086,11.435079949801086,11.03575969758581,11.072061538696289,102700,0.0,0.0
2000-01-05,11.035758469919426,11.761795211361493,11.035758469919426,11.580286026000977,115400,0.0,0.0
2000-01-06,11.580289822299381,11.616591671272106,11.253573181544853,11.289875030517578,94900,0.0,0.0
2000-01-07,11.289869526893861,11.471378683274791,11.108360370512932,11.253567695617676,119100,0.0,0.0
2000-01-10,11.326174426469647,11.471381790911565,11.03575969758581,11.072061538696289,125600,0.0,0.0
2000-01-11,11.0720588972694,11.144662562169527,10.926851567469145,11.035757064819336,209700,0.0,0.0
2000-01-12,11.035759426900093,11.072061267120159,10.963155746459961,10.963155746459961,120400,0.0,0.0
2000-01-13,11.108358697983824,11.289867827035849,11.035755046363017,11.217264175415039,104500,0.0,0.0
2000-01-14,11.180968207281989,11.180968207281989,10.745346069335938,10.745346069335938,251200,0.0,0.0
2000-01-18,10.745346069335938,10.781647914164775,10.56383684519175,10.745346069335938,92000,0.0,0.0
2000-01-19,10.636434555053711,10.709038203893668,10.454925432953818,10.636434555053711,166300,0.0,0.0
2000-01-20,10.636437765757243,10.89055061340332,10.563834095001221,10.89055061340332,144000,0.0,0.0
2000-01-21,10.817944995202254,10.890548652888175,9.9467011029712,10.418624877929688,393100,0.0,0.0
2000-01-24,10.418624253459672,10.600133386795207,10.128209640122817,10.200813293457031,256300,0.0,0.0
2000-01-25,10.200816973324478,10.745344569765289,10.164515133561759,10.527533531188965,255400,0.0,0.0
2000-01-26,10.672739267349243,10.672739267349243,10.055608085223607,10.16451358795166,170900,0.0,0.0
2000-01-27,10.237119408063991,10.346024933681694,10.055610198701155,10.128213882446289,90900,0.0,0.0
2000-01-28,10.164518115322513,10.600140320264906,9.946707012851316,10.055612564086914,224000,0.0,0.0
2000-01-31,10.20081428281304,11.035756377135815,10.20081428281304,10.672738075256348,344100,0.0,0.0
2000-02-01,10.672738210552703,10.672738210552703,10.200814412126904,10.491229057312012,132100,0.0,0.0
2000-02-02,10.45492980530212,10.527533484505607,10.309722446895146,10.382326126098633,234200,0.0,0.0
2000-02-03,10.527537103426658,10.817951920072911,10.491235251345877,10.709046363830566,147700,0.0,0.0
2000-02-04,10.640596225455,10.96968683036598,10.640596225455,10.823424339294434,101800,0.133,0.0
2000-02-07,10.750289232977506,10.750289232977506,10.457764355889683,10.604026794433594,58000,0.0,0.0
2000-02-08,10.604021837967078,10.786849800690648,10.53089065287765,10.567456245422363,52300,0.0,0.0
2000-02-09,10.604028370645311,10.713725215858883,10.53089714050293,10.53089714050293,158800,0.0,0.0
2000-02-10,10.53089349465292,11.664427169424588,10.53089349465292,11.152508735656738,394900,0.0,0.0
2000-02-11,11.079370238564232,11.29876370863481,10.78684561180346,10.859976768493652,360400,0.0,0.0
2000-02-14,10.933114413011113,11.11594241322869,10.823417612880567,11.006245613098145,100500,0.0,0.0
2000-02-15,11.079378401848578,11.554731270574754,11.042812796561948,11.33533763885498,192000,0.0,0.0
2000-02-16,11.335336747716685,11.371902350128675,11.04281192842077,11.152508735656738,65600,0.0,0.0
2000-02-17,11.298771611417825,11.44503402709961,11.189074799656487,11.44503402709961,181900,0.0,0.0
2000-02-18,11.48159794359917,11.48159794359917,11.152507556680723,11.2987699508667,99900,0.0,0.0
2000-02-22,11.37190324414161,11.37190324414161,11.115944007135207,11.33533763885498,104900,0.0,0.0
2000-02-23,11.335336627768832,11.335336627768832,10.896549403468104,10.933115005493164,169000,0.0,0.0
2000-02-24,10.786858716526547,10.823424339294434,10.677161848222887,10.823424339294434,142700,0.0,0.0
2000-02-25,10.823417612880567,11.006245613098145,10.786852012837052,11.006245613098145,140000,0.0,0.0
2000-02-28,11.00624850042935,11.00624850042935,10.49432996552566,10.604026794433594,157000,0.0,0.0
2000-02-29,10.677153023056507,10.786849800690648,10.53089065287765,10.567456245422363,91200,0.0,0.0
2000-03-01,10.56745802101336,11.115942001342773,10.56745802101336,11.115942001342773,199600,0.0,0.0
2000-03-02,11.042816937980005,11.115948175979874,10.640595128980735,10.786857604980469,87800,0.0,0.0
2000-03-03,10.8965459903637,10.93311158093539,10.457758903503418,10.457758903503418,223100,0.0,0.0
2000-03-06,10.823416972409557,10.823416972409557,10.4943265914917,10.4943265914917,103800,0.0,0.0
2000-03-07,10.494325060332935,10.640587430511792,10.494325060332935,10.567456245422363,127700,0.0,0.0
2000-03-08,10.56746275557412,10.604028370645311,10.494331525431738,10.53089714050293,108800,0.0,0.0
2000-03-09,10.604022825267952,10.604022825267952,10.384629249572754,10.384629249572754,74600,0.0,0.0
2000-03-10,10.38463623158253,10.42120185211627,10.018980026245117,10.018980026245117,227800,0.0,0.0
2000-03-13,9.94584628118985,10.421199228452599,9.94584628118985,10.092108726501465,114600,0.0,0.0
2000-03-14,10.092108726501465,10.274936783140983,10.05554311517356,10.092108726501465,89000,0.0,0.0
2000-03-15,10.018972357251652,10.567456245422363,9.982406764706939,10.567456245422363,282100,0.0,0.0
2000-03-16,10.567456739344893,11.408465407182028,10.567456739344893,11.225637435913086,142600,0.0,0.0
2000-03-17,10.78684561180346,11.115935816909328,10.78684561180346,10.859976768493652,176000,0.0,0.0
2000-03-20,10.713714455113267,11.079370238564232,10.713714455113267,10.859976768493652,94100,0.0,0.0
2000-03-21,10.896550106136713,11.079378128051758,10.823418897370694,11.079378128051758,98800,0.0,0.0
2000-03-22,11.115942001342773,11.262204396097284,10.85998281052238,11.115942001342773,260700,0.0,0.0
2000-03-23,11.11594313324475,11.262205542892707,11.11594313324475,11.152508735656738,245400,0.0,0.0
2000-03-24,11.07938369866964,11.115949321437526,10.786858716526547,10.823424339294434,360000,0.0,0.0
2000-03-27,10.71372098796415,11.07937699437931,10.71372098796415,11.042811393737793,111600,0.0,0.0
2000-03-28,11.042810803965518,11.262204396097284,11.00624520527689,11.115942001342773,168800,0.0,0.0
2000-03-29,11.152508913301954,11.262205722285252,11.152508913301954,11.189074516296387,98200,0.0,0.0
2000-03-30,11.225643420219422,11.774127626419068,11.225643420219422,11.700996398925781,219800,0.0,0.0
2000-03-31,11.700998049730446,12.505441665649414,11.554735574108816,12.505441665649414,279500,0.0,0.0
2000-04-03,12.432307905377963,12.432307905377963,11.84725812159547,11.956954956054688,122300,0.0,0.0
2000-04-04,12.030083905733548,12.212911928617038,11.408468627929688,11.883821487426758,161800,0.0,0.0
2000-04-05,11.956952696580153,12.030083905733548,11.554731046236478,11.883821487426758,86800,0.0,0.0
2000-04-06,11.84725728908919,11.920388506923075,11.371904373168945,11.371904373168945,133000,0.0,0.0
2000-04-07,11.408466790851794,11.408466790851794,11.042810803965518,11.115942001342773,221900,0.0,0.0
2000-04-10,11.152509336817776,11.152509336817776,11.042812523668749,11.079378128051758,117700,0.0,0.0
2000-04-11,11.079377707313089,11.262205722285252,10.896549692340924,11.189074516296387,375700,0.0,0.0
2000-04-12,11.189071841659297,11.408465407182028,11.11594065315172,11.225637435913086,129700,0.0,0.0
2000-04-13,11.26220243903482,11.591292770045579,11.26220243903482,11.481595993041992,67500,0.0,0.0
2000-04-14,11.371901613533298,11.408467213576813,10.859983212924082,11.006245613098145,146100,0.0,0.0
2000-04-17,11.079375058897933,11.298768624420664,10.60402233359868,11.225637435913086,115700,0.0,0.0
2000-04-18,11.33533721533827,11.5181652349405,10.969681176133811,11.44503402709961,169200,0.0,0.0
2000-04-19,11.59129521379439,11.59129521379439,10.933114413011113,11.006245613098145,328400,0.0,0.0
2000-04-20,10.01897772799111,10.421199461596593,10.01897772799111,10.348068237304688,325400,0.0,0.0
2000-04-24,10.23837117181308,10.23837117181308,10.018977503845656,10.092108726501465,236200,0.0,0.0
2000-04-25,10.201802253723145,10.494327049528826,9.945843057393173,10.201802253723145,224700,0.0,0.0
2000-04-26,9.982411892517753,10.201805560485175,9.836149447206138,10.092108726501465,420200,0.0,0.0
2000-04-27,9.653321329752604,9.982411829630534,9.653321329752604,9.87271499633789,238800,0.0,0.0
2000-04-28,9.836148171370475,9.909279384540515,9.616754531860352,9.616754531860352,224700,0.0,0.0
2000-05-01,9.470491933458634,9.689885568982772,9.360795115696565,9.580188751220703,390900,0.0,0.0
2000-05-02,9.47049210552027,9.799582564785453,9.47049210552027,9.616754531860352,106900,0.0,0.0
2000-05-03,9.763019396846456,10.018978706876139,9.580191318253826,9.72645378112793,155500,0.0,0.0
2000-05-04,9.804885842986266,10.136630100831667,9.804885842986266,9.915467262268066,163300,0.133,0.0
2000-05-05,9.878610809797486,9.952331785990005,9.473145440738634,9.546866416931152,168500,0.0,0.0
2000-05-08,9.620585398240522,10.02605068322384,9.620585398240522,9.73116683959961,324300,0.0,0.0
2000-05-09,9.804888873137246,9.915470326593681,9.436284028282461,9.510004997253418,535000,0.0,0.0
2000-05-10,9.510006930577616,9.657448898493548,9.43628594661965,9.473146438598633,144600,0.0,0.0
2000-05-11,9.546867344929622,9.731169803325947,9.473146361571093,9.583727836608887,189200,0.0,0.0
2000-05-12,9.583724010949847,9.65744496488023,9.43628210308908,9.620584487915039,165100,0.0,0.0
2000-05-15,9.546866351411543,9.731168790627981,9.510005863568255,9.657447814941406,74400,0.0,0.0
2000-05-16,9.69431013071312,9.841752109887466,9.473147161951605,9.768031120300293,204900,0.0,0.0
2000-05-17,9.694309311646682,9.694309311646682,9.546867344929622,9.583727836608887,80800,0.0,0.0
2000-05-18,9.546866351411543,9.804889766314558,9.510005863568255,9.657447814941406,211200,0.0,0.0
2000-05-19,9.620584487915039,9.87860782667138,9.473142580054272,9.620584487915039,243100,0.0,0.0
2000-05-22,9.73117068330598,9.804891673331024,9.546868208243366,9.694310188293457,278300,0.0,0.0
2000-05-23,9.694309311646682,10.06291422843933,9.546867344929622,9.583727836608887,165000,0.0,0.0
2000-05-24,9.546868928273518,10.062915897369384,9.510008430480957,9.9523344039917,297300,0.0,0.0
2000-05-25,9.989191825049264,10.468378148760113,9.952331338609968,10.32093620300293,341700,0.0,0.0
2000-05-26,10.431517521263416,10.689540922849437,10.394657035322556,10.578959465026855,190600,0.0,0.0
2000-05-30,10.615819891567888,10.873843291710163,10.247215034221782,10.68954086303711,306000,0.0,0.0
2000-05-31,10.615823165230129,10.615823165230129,10.173497200012207,10.173497200012207,268200,0.0,0.0
2000-06-01,10.431517521263416,10.615819950967715,10.320936063440834,10.578959465026855,124200,0.0,0.0
2000-06-02,10.615822943697548,10.615822943697548,10.39465996570385,10.431520462036133,138100,0.0,0.0
2000-06-05,10.394658209184447,10.578960659701902,10.210355758666992,10.210355758666992,185300,0.0,0.0
2000-06-06,10.17349429782346,10.28407575758241,10.026052351478192,10.247215270996094,154300,0.0,0.0
2000-06-07,10.247217980374717,10.615822943697548,10.247217980374717,10.431520462036133,427200,0.0,0.0
2000-06-08,10.431520492472547,10.46838098891238,10.210357513833554,10.394659996032715,60800,0.0,0.0
2000-06-09,10.431517683049684,10.431517683049684,10.13663379094934,10.284075736999512,151100,0.0,0.0
2000-06-12,10.173494257245745,10.357796689442225,10.136633770806448,10.32093620300293,141200,0.0,0.0
2000-06-13,10.284074618329639,10.689539925862348,10.210353653323692,10.652679443359375,256700,0.0,0.0
2000-06-14,10.689541088637485,10.800122548175114,10.13663379094934,10.284075736999512,97900,0.0,0.0
2000-06-15,10.284075736999512,10.39465719653714,10.173494277461883,10.284075736999512,400800,0.0,0.0
2000-06-16,10.28407575758241,10.468378190513995,10.136633811237143,10.247215270996094,362400,0.0,0.0
2000-06-19,10.247215230124336,10.32093620300293,10.173494257245745,10.32093620300293,143900,0.0,0.0
2000-06-20,10.247215270996094,10.320936244168728,10.136633811237143,10.247215270996094,326800,0.0,0.0
2000-06-21,10.210354910177342,10.284075884258046,10.026052474975586,10.026052474975586,323800,0.0,0.0
2000-06-22,10.136631743548667,10.873841324897661,10.026050306346319,10.763259887695312,448000,0.0,0.0
2000-06-23,10.689541488397316,11.942798076692174,10.615820512615265,11.242448806762695,532700,0.0,0.0
2000-06-26,11.242450286294812,12.090241619359666,11.242450286294812,11.832218170166016,396800,0.0,0.0
2000-06-27,11.79535887111871,11.905940360535448,11.500474899340743,11.537335395812988,265800,0.0,0.0
2000-06-28,11.463613593733156,11.463613593733156,11.279311124380532,11.353032112121582,279500,0.0,0.0
2000-06-29,11.279311920507267,11.61105638875748,11.279311920507267,11.537335395812988,99200,0.0,0.0
2000-06-30,11.463614947087056,11.463614947087056,10.800125979088447,10.910707473754883,370800,0.0,0.0
2000-07-03,11.058143565529273,11.205585479736328,11.058143565529273,11.205585479736328,49500,0.0,0.0
2000-07-05,11.316163995463377,11.721629154909948,11.205582588341585,11.574187278747559,226000,0.0,0.0
2000-07-06,11.426753936669765,11.795358902368791,11.131869964110546,11.50047492980957,348500,0.0,0.0
2000-07-07,11.500475917215132,11.721638915623116,11.426754917745805,11.463615417480469,416400,0.0,0.0
2000-07-10,11.389893440099863,11.758498405798887,11.389893440099863,11.50047492980957,145200,0.0,0.0
2000-07-11,11.574194052911574,11.574194052911574,11.353031109225364,11.426752090454102,97200,0.0,0.0
2000-07-12,11.42674540258517,11.611047747788156,11.389884933544572,11.574187278747559,159500,0.0,0.0
2000-07-13,11.463614402868496,11.592626140521357,11.463614402868496,11.537335395812988,73500,0.0,0.0
2000-07-14,11.500467318932987,11.574188263285121,11.389885902404785,11.389885902404785,323200,0.0,0.0
2000-07-17,11.389893440099863,11.50047492980957,11.35303294352996,11.50047492980957,157900,0.0,0.0
2000-07-18,11.389890502303933,11.758495372928657,11.389890502303933,11.684774398803711,119100,0.0,0.0
2000-07-19,11.574192875623703,11.905937257409096,11.574192875623703,11.795355796813965,123100,0.0,0.0
2000-07-20,11.721636826478983,11.721636826478983,11.611055346983898,11.647915840148926,100500,0.0,0.0
2000-07-21,11.574188263285121,11.72163015198939,11.353025430228717,11.389885902404785,103900,0.0,0.0
2000-07-24,11.389888810176474,11.389888810176474,11.242446883831148,11.27930736541748,179700,0.0,0.0
2000-07-25,11.242449637382261,11.64791503414031,11.242449637382261,11.426752090454102,133900,0.0,0.0
2000-07-26,11.316167831420898,11.316167831420898,10.98442349760074,11.316167831420898,465500,0.0,0.0
2000-07-27,11.316170618610997,11.611054543525942,11.279310127996629,11.426752090454102,276200,0.0,0.0
2000-07-28,11.42675390639625,11.574195892285234,11.24245142403502,11.537335395812988,169000,0.0,0.0
2000-07-31,11.426753936669765,11.611056419519278,11.242451453820253,11.50047492980957,236800,0.0,0.0
2000-08-01,11.353031109225364,11.426752090454102,11.242449637382261,11.426752090454102,232700,0.0,0.0
2000-08-02,11.316173418541814,11.57419691668446,11.242452419072485,11.463615417480469,147700,0.0,0.0
2000-08-03,11.505474544706798,11.802390016828264,11.357016808646065,11.691046714782715,197900,0.133,0.0
2000-08-04,11.61681671512937,11.69104557592892,11.431244563130498,11.468358993530273,196600,0.0,0.0
2000-08-07,11.431244563130498,11.505473423930047,11.375572917530837,11.468358993530273,153100,0.0,0.0
2000-08-08,11.431248309565525,11.46836275212905,11.357019424438477,11.357019424438477,175100,0.0,0.0
2000-08-09,11.394129583122506,12.470448012798574,11.319900725903468,12.284875869750977,598400,0.0,0.0
2000-08-10,12.321991164509843,12.581792183038665,12.17353343963623,12.17353343963623,784600,0.0,0.0
2000-08-11,12.21065588792165,12.470457077026367,11.950854698816935,12.470457077026367,259900,0.0,0.0
2000-08-14,12.39621639251709,12.470445233190844,12.24775871116958,12.39621639251709,129700,0.0,0.0
2000-08-15,12.321994249474047,12.767367535599615,12.284879808963584,12.507566452026367,147200,0.0,0.0
2000-08-16,12.396226543978035,12.544684346899928,12.247768741056143,12.32199764251709,60900,0.0,0.0
2000-08-17,12.43333963808299,12.43333963808299,12.099309617955386,12.13642406463623,91900,0.0,0.0
2000-08-18,12.247759988702878,12.32198883711926,12.025073443453735,12.099302291870117,57700,0.0,0.0
2000-08-21,12.025080636282947,12.136423975507789,11.876622850649824,11.913737297058105,219300,0.0,0.0
2000-08-22,11.987968491203517,12.247769665935483,11.987968491203517,12.210655212402344,212100,0.0,0.0
2000-08-23,12.210655212402344,12.210655212402344,11.913739584137241,12.210655212402344,129800,0.0,0.0
2000-08-24,12.210652199387551,12.210652199387551,11.728164422512055,11.876622200012207,192100,0.0,0.0
2000-08-25,11.876622596153846,12.06219482421875,11.802393704927885,12.06219482421875,142200,0.0,0.0
2000-08-28,12.062192257539726,12.099306695255233,11.987963382108713,12.025077819824219,115500,0.0,0.0
2000-08-29,11.913737041766828,12.433339280348557,11.913737041766828,12.06219482421875,251200,0.0,0.0
2000-08-30,12.13642406463623,12.28488185135961,12.099309617955386,12.13642406463623,114500,0.0,0.0
2000-08-31,12.025075714762618,12.28487673329144,12.025075714762618,12.17353343963623,136800,0.0,0.0
2000-09-01,12.247767404678765,12.247767404678765,12.062195171274542,12.13642406463623,105600,0.0,0.0
2000-09-05,12.136415450158946,12.433330812853967,12.136415450158946,12.39621639251709,200900,0.0,0.0
2000-09-06,12.396221317964441,12.618907928466797,12.13642027237836,12.618907928466797,274400,0.0,0.0
2000-09-07,12.544677069276485,12.878706932067871,12.507562640077442,12.878706932067871,98300,0.0,0.0
2000-09-08,12.804477977198223,12.915821263956468,12.693134690439978,12.767363548278809,237300,0.0,0.0
2000-09-11,12.618903718756501,12.69313256416095,12.4704460279476,12.54467487335205,151800,0.0,0.0
2000-09-12,12.618909773557759,12.693138654578688,12.507566452026367,12.507566452026367,101000,0.0,0.0
2000-09-13,12.54468245435117,12.54468245435117,12.396224673826303,12.43333911895752,185200,0.0,0.0
2000-09-14,12.359104726970015,12.433333584189056,12.173532583922418,12.284875869750977,115100,0.0,0.0
2000-09-15,12.21065210222124,12.433338766699439,12.21065210222124,12.359109878540039,202100,0.0,0.0
2000-09-18,12.359110389122597,12.359110389122597,12.02508037860577,12.06219482421875,62300,0.0,0.0
2000-09-19,12.062194325902441,12.359109878540039,11.765278773264843,12.359109878540039,129900,0.0,0.0
2000-09-20,12.359110788865522,12.359110788865522,12.247767448425293,12.247767448425293,43700,0.0,0.0
2000-09-21,12.09930876998214,12.470453210779139,12.09930876998214,12.359109878540039,113600,0.0,0.0
2000-09-22,12.24776654630094,12.433338766699439,12.24776654630094,12.359109878540039,112600,0.0,0.0
2000-09-25,12.396223737902028,12.396223737902028,11.394133795017732,11.839507102966309,381700,0.0,0.0
2000-09-26,11.876622200012207,12.099308866262437,11.802393311262131,11.876622200012207,257000,0.0,0.0
2000-09-27,11.950851873918012,12.321996342052111,11.839508533477783,12.247767448425293,110300,0.0,0.0
2000-09-28,12.173538511317076,12.28488185135961,12.025080724593696,12.13642406463623,531800,0.0,0.0
2000-09-29,12.173531140286498,12.210645564494689,12.099302291870117,12.099302291870117,97300,0.0,0.0
2000-10-02,12.099308199269643,12.099308199269643,11.839507102966309,11.839507102966309,100300,0.0,0.0
2000-10-03,11.87662568482213,12.025083505882408,11.728167863761854,11.802396774291992,132700,0.0,0.0
2000-10-04,11.876622250205592,12.025080028333162,11.802393361141807,11.98796558380127,140000,0.0,0.0
2000-10-05,11.950854037670378,12.28488411946862,11.913739584137241,12.210655212402344,428800,0.0,0.0
2000-10-06,12.247766643762589,12.247766643762589,11.83950775563717,11.876622200012207,197100,0.0,0.0
2000-10-09,11.876622200012207,11.913736644387246,11.83950775563717,11.876622200012207,66600,0.0,0.0
2000-10-10,11.913735987624404,11.9879648722825,11.80239266063726,11.839507102966309,107000,0.0,0.0
2000-10-11,11.87662568482213,11.9137401400872,11.802396774291992,11.802396774291992,247800,0.0,0.0
2000-10-12,11.802390016828264,11.802390016828264,11.691046714782715,11.691046714782715,61600,0.0,0.0
2000-10-13,11.691049219320377,11.728163661286473,11.282790357693315,11.616820335388184,216700,0.0,0.0
2000-10-16,11.691047963063427,11.728162401041407,11.65393352508545,11.65393352508545,72800,0.0,0.0
2000-10-17,11.616822821753365,11.691051721572876,11.357021672385079,11.43125057220459,220600,0.0,0.0
2000-10-18,11.319905680994834,11.505477905273438,11.319905680994834,11.505477905273438,84200,0.0,0.0
2000-10-19,11.579707449272131,11.579707449272131,11.35702076755536,11.542593002319336,69800,0.0,0.0
2000-10-20,11.579710658592514,11.728168487548828,11.542596201353435,11.728168487548828,87400,0.0,0.0
2000-10-23,11.728164929610033,11.728164929610033,11.579707145690918,11.579707145690918,57900,0.0,0.0
2000-10-24,11.57970837184361,11.57970837184361,11.394136122294835,11.43125057220459,95400,0.0,0.0
2000-10-25,11.43125057220459,11.505479472024101,11.394136122294835,11.43125057220459,197700,0.0,0.0
2000-10-26,11.319907222475324,11.468365022114344,11.28279277256557,11.43125057220459,169500,0.0,0.0
2000-10-27,11.468363410875153,11.468363410875153,11.357020076788986,11.394134521484375,128300,0.0,0.0
2000-10-30,11.431246897217575,11.839505714975346,11.394132459239595,11.65393352508545,249900,0.0,0.0
2000-10-31,11.728168487548828,11.802397402026985,11.505481744114357,11.728168487548828,154800,0.0,0.0
2000-11-01,11.839505631246684,12.173535570686246,11.691047880384657,12.025077819824219,143300,0.0,0.0
2000-11-02,11.913735403858944,12.544680892536832,11.913735403858944,12.507566452026367,187000,0.0,0.0
2000-11-03,12.507571532612754,12.544685988199143,12.470457077026367,12.470457077026367,104600,0.0,0.0
2000-11-06,12.549929917916744,12.774035809308113,12.549929917916744,12.624631881713867,71400,0.133,0.0
2000-11-07,12.624640302224591,13.184905404394323,12.624640302224591,13.147554397583008,148000,0.0,0.0
2000-11-08,13.110202887962604,13.203580401409631,12.96079886644736,12.998149871826172,132000,0.0,0.0
2000-11-09,13.110201488841664,13.110201488841664,12.512585466558283,12.73669147491455,81300,0.0,0.0
2000-11-10,12.848743247423199,12.886094245235476,12.587286262737262,12.661988258361816,43000,0.0,0.0
2000-11-13,12.736691913548137,12.736691913548137,12.400532889436896,12.587287902832031,73800,0.0,0.0
2000-11-14,12.699338038083155,13.110198974609375,12.624636049623842,13.110198974609375,77700,0.0,0.0
2000-11-15,13.14754800742629,13.259600973398673,13.035495041453906,13.222249984741211,68800,0.0,0.0
2000-11-16,13.259607418016953,13.44636245207353,13.110203390771693,13.147554397583008,53500,0.0,0.0
2000-11-17,13.296954556241062,13.670464515686035,13.222252564352067,13.670464515686035,108200,0.0,0.0
2000-11-20,13.521058032937246,13.745163967184824,13.483707043895983,13.633111000061035,156800,0.0,0.0
2000-11-21,13.707820184185577,13.857224218890597,13.371661106099282,13.782522201538086,189400,0.0,0.0
2000-11-22,13.745164068960547,13.782515058278374,13.334303186464442,13.409005165100098,124300,0.0,0.0
2000-11-24,13.48371399627937,13.5957670211792,13.446362987979427,13.5957670211792,45500,0.0,0.0
2000-11-27,13.595766914637927,13.707819938659668,13.595766914637927,13.707819938659668,56900,0.0,0.0
2000-11-28,13.782522062678913,13.857224079278799,13.5957670211792,13.5957670211792,239300,0.0,0.0
2000-11-29,13.670462090324891,13.670462090324891,13.334303186464442,13.409005165100098,96200,0.0,0.0
2000-11-30,13.409006733364528,13.483708720737033,13.334304745992025,13.446357727050781,144600,0.0,0.0
2000-12-01,13.37165417578227,13.52105813305358,13.296952197146615,13.409005165100098,203700,0.0,0.0
2000-12-04,13.44635654503191,13.483707535434776,13.259601593017578,13.259601593017578,126600,0.0,0.0
2000-12-05,13.296952583420444,13.33430357382331,13.184899612211845,13.259601593017578,92100,0.0,0.0
2000-12-06,13.296960954963316,13.296960954963316,13.110205885371135,13.184907913208008,67600,0.0,0.0
2000-12-07,13.072846030111368,13.371653939371056,13.072846030111368,13.222249984741211,66500,0.0,0.0
2000-12-08,13.296952197146615,13.409005165100098,13.22225021851096,13.409005165100098,192400,0.0,0.0
2000-12-11,13.483713458884846,13.483713458884846,13.072852383960377,13.147554397583008,165900,0.0,0.0
2000-12-12,13.072846748767404,13.110197739478169,12.960793776635112,13.03549575805664,52500,0.0,0.0
2000-12-13,13.03549869901183,13.11020069728697,12.923445701599121,12.923445701599121,56800,0.0,0.0
2000-12-14,13.03549575805664,13.110197739478169,12.886091795213584,13.03549575805664,45900,0.0,0.0
2000-12-15,13.035500877204983,13.110202887962604,12.923447861068551,12.998149871826172,162100,0.0,0.0
2000-12-18,12.960797929622299,13.110201940338406,12.587287902832031,12.587287902832031,138100,0.0,0.0
2000-12-19,12.325827151536942,12.51258210837841,11.728211289644241,11.952317237854004,477200,0.0,0.0
2000-12-20,12.176429039094506,12.363184085706385,11.989673992482627,12.251131057739258,155800,0.0,0.0
2000-12-21,12.32582950592041,12.512584498434355,12.213776510412043,12.32582950592041,151600,0.0,0.0
2000-12-22,12.363184085706385,12.363184085706385,12.176429039094506,12.251131057739258,108600,0.0,0.0
2000-12-26,12.176429039094506,12.32583307638401,12.101727020449754,12.251131057739258,92900,0.0,0.0
2000-12-27,12.325833693794582,12.923449872887653,12.251131671407949,12.886098861694336,81500,0.0,0.0
2000-12-28,12.774039577505443,13.371655464172363,12.774039577505443,13.371655464172363,122800,0.0,0.0
2000-12-29,13.3343099630796,13.5957670211792,13.259607946479713,13.5957670211792,130600,0.0,0.0
2001-01-02,13.558411762248669,13.558411762248669,12.77404083385412,12.811391830444336,96900,0.0,0.0
2001-01-03,12.960796700736692,13.14755169642454,12.661988707636134,12.923445701599121,79700,0.0,0.0
2001-01-04,12.811395247777304,12.886097260883878,12.400534175691151,12.549938201904297,144200,0.0,0.0
2001-01-05,12.549936900153003,12.811393918906191,12.25112887872079,12.587287902832031,149200,0.0,0.0
2001-01-08,12.437879228306388,12.811389115042315,12.400528239632795,12.47523021697998,100400,0.0,0.0
2001-01-09,12.587291690513027,13.222258927126443,12.512589662676154,13.184907913208008,165000,0.0,0.0
2001-01-10,13.184899229193132,13.409005165100098,13.147548239875304,13.409005165100098,190900,0.0,0.0
2001-01-11,13.44635745000573,13.483708442922412,13.18490049958895,13.371655464172363,80000,0.0,0.0
2001-01-12,13.296951962056134,13.296951962056134,13.184898996083751,13.222249984741211,104600,0.0,0.0
2001-01-16,13.22225060261471,13.296952583420444,12.998144660197513,13.259601593017578,283800,0.0,0.0
2001-01-17,13.33430357382331,13.409005554629044,13.259601593017578,13.259601593017578,101300,0.0,0.0
2001-01-18,13.296959060711213,13.521065112296233,13.296959060711213,13.48371410369873,140300,0.0,0.0
2001-01-19,13.483711678106912,13.59576468374215,13.29695666871485,13.334307670593262,100700,0.0,0.0
2001-01-22,13.409010930993091,13.521063947129523,12.96079886644736,12.998149871826172,92500,0.0,0.0
2001-01-23,13.072846641003245,13.296952583420444,13.072846641003245,13.259601593017578,82400,0.0,0.0
2001-01-24,13.371650390410691,13.55840528413151,13.259597454178198,13.296948432922363,88300,0.0,0.0
2001-01-25,13.371653939371056,13.371653939371056,12.998144052796446,13.222249984741211,278600,0.0,0.0
2001-01-26,13.371655739678276,13.483708720737033,13.184900771247015,13.446357727050781,74300,0.0,0.0
2001-01-29,13.374648181678042,13.565886296384415,13.207316398620605,13.207316398620605,166900,0.0,0.0
2001-01-30,13.356722760845223,13.73919677734375,13.356722760845223,13.73919677734375,99400,0.0,0.0
2001-01-31,13.739198035800534,13.739198035800534,13.183414717254484,13.344771385192871,111900,0.0,0.0
2001-02-01,13.464291836980586,13.685409167048867,13.446362942706546,13.67943286895752,45800,0.0,0.0
2001-02-02,13.733218458156033,13.739194756267501,13.56588667048417,13.5957670211792,77100,0.0,0.0
2001-02-05,13.65552670227078,13.822858463472517,13.50014639553907,13.733216285705566,99100,0.0,0.0
2001-02-06,13.879289465303994,13.945410309926784,13.825190800885022,13.891311645507812,175000,0.133,0.0
2001-02-07,13.969444116617694,14.16780537040862,13.82518149081497,14.1016845703125,123800,0.0,0.0
2001-02-08,14.101685264536211,14.306057614442315,13.88529188842783,14.017532348632812,138300,0.0,0.0
2001-02-09,14.047596548662819,14.059617582368428,13.861256194998267,13.891311645507812,88100,0.0,0.0
2001-02-12,14.04157620743807,14.047587293579646,13.837203864614247,13.861247062683105,112700,0.0,0.0
2001-02-13,13.981470781671195,14.360160152782996,13.83720810950966,13.915349960327148,255900,0.0,0.0
2001-02-14,14.065620216249048,14.185839653015137,13.97545621192324,14.185839653015137,79000,0.0,0.0
2001-02-15,14.185838355111485,14.342123150009444,14.185838355111485,14.227914810180664,164500,0.0,0.0
2001-02-16,14.107696675167924,14.366167661666752,14.107696675167924,14.185839653015137,134800,0.0,0.0
2001-02-20,14.336116631000362,14.336116631000362,14.11972205428408,14.245952606201172,99800,0.0,0.0
2001-02-21,14.324093184192755,14.324093184192755,13.9574248831829,13.975458145141602,71600,0.0,0.0
2001-02-22,14.065624771997868,14.077646948867873,13.67491319570585,13.807153701782227,111300,0.0,0.0
2001-02-23,13.716989879567395,13.807153914485651,13.22409208528288,13.67491340637207,167700,0.0,0.0
2001-02-26,13.674906870237955,13.674906870237955,12.89949401826617,12.911516189575195,286400,0.0,0.0
2001-02-27,12.91151317847953,12.983645043014443,12.622988013334052,12.923535346984863,578200,0.0,0.0
2001-02-28,12.923544082880245,13.12791649963167,12.773270314474662,13.013708114624023,228800,0.0,0.0
2001-03-01,12.983647923070592,13.13392162322998,12.74321023211504,13.13392162322998,375500,0.0,0.0
2001-03-02,13.194030966085398,13.530643724072638,13.194030966085398,13.404413223266602,260400,0.0,0.0
2001-03-05,13.37435531616211,13.43446500755662,13.254135933373087,13.37435531616211,140400,0.0,0.0
2001-03-06,13.37436338617034,13.897316526403179,13.344309095587013,13.855238914489746,246200,0.0,0.0
2001-03-07,13.855239113096658,13.885294550608508,13.765075093556531,13.82518482208252,263400,0.0,0.0
2001-03-08,13.825179986003462,13.9754536815035,13.825179986003462,13.951409339904785,63100,0.0,0.0
2001-03-09,13.951413795863333,14.077644336578889,13.83720657628459,13.975458145141602,115300,0.0,0.0
2001-03-12,13.975453300750418,14.107693736448606,13.861244974262682,13.981464385986328,115100,0.0,0.0
2001-03-13,13.981461443943422,14.12572401975704,13.95140602408827,14.095669746398926,131600,0.0,0.0
2001-03-14,14.336116631000362,14.402236304387621,14.185842874169117,14.245952606201172,259800,0.0,0.0
2001-03-15,14.342126819598871,14.342126819598871,14.035568237304688,14.035568237304688,128900,0.0,0.0
2001-03-16,14.113703630310876,14.119714715039375,13.957418866861442,13.999496459960938,135000,0.0,0.0
2001-03-19,13.999496737904359,14.318076209359562,13.82517871680855,14.312065124511719,280700,0.0,0.0
2001-03-20,14.276006066280862,14.420268726844608,13.82518482208252,13.82518482208252,93200,0.0,0.0
2001-03-21,13.975454141361553,14.095673560316289,13.825180440916805,14.005508422851562,96900,0.0,0.0
2001-03-22,14.005512861162773,14.011523948665142,13.578735966973909,13.82518482208252,168500,0.0,0.0
2001-03-23,13.704966109029366,13.87327312873944,13.68693399204106,13.753053665161133,67100,0.0,0.0
2001-03-26,13.704961121463635,13.765070831377416,13.404413718392087,13.44048023223877,120100,0.0,0.0
2001-03-27,13.434474784389785,13.554693108169742,13.28420101979146,13.548683166503906,99800,0.0,0.0
2001-03-28,13.608789954514494,13.765074786597854,13.236111709659905,13.554691314697266,148700,0.0,0.0
2001-03-29,13.554685604850455,13.855232967676383,13.476543794974484,13.644850730895996,111700,0.0,0.0
2001-03-30,13.644853171182715,13.704961737300136,13.512611574130611,13.692940711975098,181000,0.0,0.0
2001-04-02,13.698950464127401,13.698950464127401,13.163975335088892,13.19403076171875,135700,0.0,0.0
2001-04-03,13.284202167612923,13.284202167612923,12.773271094532054,13.025731086730957,104300,0.0,0.0
2001-04-04,13.103867637641171,13.344306501559153,12.983649352179654,13.200042724609375,174700,0.0,0.0
2001-04-05,13.200038343625005,13.200038343625005,12.905502094226861,12.923535346984863,268500,0.0,0.0
2001-04-06,12.923539811004938,12.923539811004938,12.051951783756772,12.112061500549316,290000,0.0,0.0
2001-04-09,12.232284941307771,12.47272274074546,12.202229499816895,12.202229499816895,244400,0.0,0.0
2001-04-10,12.262333442644326,12.262333442644326,12.021895756807638,12.100037574768066,330400,0.0,0.0
2001-04-11,12.082004331640453,12.082004331640453,11.61315002836285,11.9016752243042,250700,0.0,0.0
2001-04-12,11.90167705032006,12.358509253898658,11.90167705032006,12.328454971313477,253100,0.0,0.0
2001-04-16,12.32845202153325,12.442660331726074,12.190200520324478,12.442660331726074,78400,0.0,0.0
2001-04-17,12.41260942046281,12.604959604477148,12.41260942046281,12.580916404724121,82000,0.0,0.0
2001-04-18,12.520810300632998,12.592942213713236,12.14212090983087,12.202229499816895,256600,0.0,0.0
2001-04-19,12.021896522337622,12.021896522337622,11.402768438698173,11.468889236450195,310200,0.0,0.0
2001-04-20,11.462881855381626,11.462881855381626,10.483097476606313,10.657414436340332,545800,0.0,0.0
2001-04-23,10.657413907243752,10.789655538922686,10.21861483930369,10.507140159606934,606200,0.0,0.0
2001-04-24,10.507138897966007,10.813697443914936,10.501127811202588,10.75358772277832,209700,0.0,0.0
2001-04-25,10.711512496614079,10.879819505897306,10.70550140915778,10.819709777832031,403900,0.0,0.0
2001-04-26,10.927905996234122,11.060146467918244,10.837741986154148,10.945938110351562,235600,0.0,0.0
2001-04-27,11.096213082492923,11.096213082492923,10.729545914331567,10.807687759399414,704800,0.0,0.0
2001-04-30,10.95796134983377,11.420804765489367,10.819709777832031,10.819709777832031,425500,0.0,0.0
2001-05-01,10.819707826840494,11.270528986292181,10.819707826840494,11.240474700927734,251800,0.0,0.0
2001-05-02,11.360695515067336,11.360695515067336,11.1202577391951,11.180367469787598,111700,0.0,0.0
2001-05-03,11.030089760039571,11.090199469070592,10.96998005100855,11.00003433227539,83600,0.0,0.0
2001-05-04,10.84442537646726,11.413591525673015,10.84442537646726,11.377262115478516,198700,0.133,0.0
2001-05-07,11.256162313664625,11.504415395599429,11.171393306630625,11.389370918273926,192100,0.0,0.0
2001-05-08,11.395422741288224,11.595236168291496,11.371203526898226,11.552851676940918,343000,0.0,0.0
2001-05-09,11.504417409225638,11.564967205515613,11.322769175247018,11.413593292236328,199400,0.0,0.0
2001-05-10,11.413592305358113,11.47414209641264,11.256163310572825,11.328822135925293,90000,0.0,0.0
2001-05-11,11.480197458660516,11.498362744695148,11.256164705356786,11.310659408569336,118900,0.0,0.0
2001-05-14,11.35304265833883,11.474142241984268,11.171394437761899,11.292492866516113,52300,0.0,0.0
2001-05-15,11.298545622219308,11.322765995890904,11.110842345828372,11.304600715637207,76500,0.0,0.0
2001-05-16,11.304602533939422,11.498360934913558,11.171393921992495,11.28038215637207,255000,0.0,0.0
2001-05-17,11.431755653324702,11.480195251881076,11.231942164918262,11.377262115478516,152200,0.0,0.0
2001-05-18,11.31670630457579,11.504409504704252,11.256156549888718,11.41964054107666,161300,0.0,0.0
2001-05-21,11.419643651628867,11.419643651628867,11.304599201875972,11.353038787841797,113700,0.0,0.0
2001-05-22,11.353042386247651,11.504416284730953,11.201668487764348,11.359097480773926,199200,0.0,0.0
2001-05-23,11.413593571013445,11.534692011659919,11.322769451805755,11.346988677978516,183400,0.0,0.0
2001-05-24,11.46808519695415,11.504414603912808,11.201666851178262,11.443864822387695,139100,0.0,0.0
2001-05-25,11.504414603912808,11.534688917229854,11.359095821187148,11.443864822387695,131500,0.0,0.0
2001-05-29,11.44386390832295,11.57707364801644,11.29249004404648,11.534687995910645,84100,0.0,0.0
2001-05-30,11.474141080199031,11.52258067777433,11.310657005298227,11.389370918273926,100400,0.0,0.0
2001-05-31,11.474138865868603,11.583127073211672,11.443863401419796,11.516523361206055,154200,0.0,0.0
2001-06-01,11.516525112619396,11.746612902967295,11.504414924998176,11.704228401184082,178800,0.0,0.0
2001-06-04,11.667899588729146,11.782942912329261,11.619459990663016,11.746613502502441,111200,0.0,0.0
2001-06-05,11.807162195499549,11.958536069800825,11.6497332276393,11.928261756896973,118000,0.0,0.0
2001-06-06,11.928257539099157,11.928257539099157,11.752663352651595,11.879817962646484,297600,0.0,0.0
2001-06-07,11.819276442754775,11.867716052975434,11.782945868920727,11.861660957336426,79200,0.0,0.0
2001-06-08,11.861655056251411,11.92825992025367,11.807160377502441,11.807160377502441,58900,0.0,0.0
2001-06-11,11.86771354866844,11.86771354866844,11.80716375994689,11.819273948669434,43100,0.0,0.0
2001-06-12,11.879818027857759,12.01908166656232,11.807158085334603,11.97064208984375,64400,0.0,0.0
2001-06-13,12.031199580271208,12.079639188115287,11.837439994003537,11.910099983215332,341700,0.0,0.0
2001-06-14,11.910094955098499,11.910094955098499,11.716336605521661,11.825325965881348,81800,0.0,0.0
2001-06-15,11.776885924531845,11.80716023240219,11.686060691139174,11.692115783691406,164100,0.0,0.0
2001-06-18,11.698170924251247,11.740555417399998,11.62551212310791,11.62551212310791,57400,0.0,0.0
2001-06-19,11.625517756270677,11.704231688132055,11.504418155831685,11.510473251342773,50700,0.0,0.0
2001-06-20,11.510469551286352,11.807162206609096,11.510469551286352,11.776887893676758,84700,0.0,0.0
2001-06-21,11.776885855527592,11.819270348254058,11.595236544697405,11.813215255737305,74400,0.0,0.0
2001-06-22,11.813215817404714,11.922205178106637,11.625512560024104,11.764776229858398,149400,0.0,0.0
2001-06-25,11.716337828926473,11.73450195428919,11.262216216602898,11.304600715637207,110300,0.0,0.0
2001-06-26,11.365152864563438,11.897988492634145,11.262218564779284,11.383316993713379,243900,0.0,0.0
2001-06-27,11.53468346473155,11.867706528252622,11.53468346473155,11.801101684570312,138000,0.0,0.0
2001-06-28,11.837438944474243,11.87376951330468,11.686065039021164,11.79505443572998,81200,0.0,0.0
2001-06-29,11.885881206955666,12.430828312407186,11.807167266663505,12.424773216247559,275500,0.0,0.0
2001-07-02,12.424768217375352,12.424768217375352,12.000920895860405,12.043305397033691,121900,0.0,0.0
2001-07-03,12.097798737527505,12.146238327026367,11.934314689884749,12.146238327026367,124300,0.0,0.0
2001-07-05,12.025140918996224,12.17045969943566,11.98881035771811,12.085689544677734,110800,0.0,0.0
2001-07-06,12.025141055698827,12.115965150144593,11.910096586792312,12.049360275268555,107400,0.0,0.0
2001-07-09,12.09779675551174,12.170456705301408,11.897983337203554,11.904038429260254,110000,0.0,0.0
2001-07-10,11.952483803227612,11.952483803227612,11.686065398074952,11.752670288085938,70800,0.0,0.0
2001-07-11,11.813215470129085,11.867710148878055,11.740555513500182,11.807160377502441,84200,0.0,0.0
2001-07-12,11.897983605108541,12.043302353069276,11.867709299034086,11.988807678222656,161200,0.0,0.0
2001-07-13,11.928261867637872,12.109910056529406,11.867712086377022,12.049360275268555,216200,0.0,0.0
2001-07-16,11.988808478699411,12.109908020864385,11.976699448395575,12.079633712768555,70600,0.0,0.0
2001-07-17,12.079634746929514,12.1522935545363,12.019084970663243,12.109909057617188,307600,0.0,0.0
2001-07-18,12.049359415475527,12.17045896935606,12.019085104450863,12.073579788208008,165600,0.0,0.0
2001-07-19,12.109909918863144,12.200734012276415,12.01908582544987,12.085689544677734,141300,0.0,0.0
2001-07-20,12.025141089397904,12.352108061297155,12.025141089397904,12.285504341125488,85500,0.0,0.0
2001-07-23,12.291555879675258,12.31577624947433,12.14018203310344,12.212841987609863,108100,0.0,0.0
2001-07-24,12.15229285841408,12.255227125703058,12.15229285841408,12.194677352905273,166100,0.0,0.0
2001-07-25,12.255226874518328,12.30972155343032,12.170457887273379,12.261281967163086,143600,0.0,0.0
2001-07-26,12.26128849096834,12.412662422955604,12.170464362754272,12.388442039489746,184800,0.0,0.0
2001-07-27,12.327888279658085,12.352107498191584,12.170459317071945,12.18256950378418,98600,0.0,0.0
2001-07-30,12.200733913683868,12.358162879943848,12.061470227916155,12.358162879943848,80800,0.0,0.0
2001-07-31,12.327892526026629,12.521650960599002,12.261287631058112,12.4126615524292,79300,0.0,0.0
2001-08-01,12.41265629754041,12.41265629754041,12.22495303787388,12.339996337890625,60800,0.0,0.0
2001-08-02,12.339996901380724,12.533756417664302,12.273393186458835,12.442931175231934,102600,0.0,0.0
2001-08-03,12.463046678448245,12.615406656608178,12.341158230954544,12.554462432861328,71400,0.133,0.0
2001-08-06,12.554464360723717,12.700729822728038,12.213178282713637,12.219271659851074,68700,0.0,0.0
2001-08-07,12.28021178123863,12.43866626929248,12.188796043395996,12.188796043395996,251900,0.0,0.0
2001-08-08,12.249738055711449,12.249738055711449,12.079094523286997,12.15832233428955,144100,0.0,0.0
2001-08-09,12.188796043395996,12.188796043395996,12.048625167876343,12.188796043395996,43700,0.0,0.0
2001-08-10,12.15832581097653,12.182702801199815,12.066908900999898,12.097381591796875,46600,0.0,0.0
2001-08-13,12.158327103482755,12.158327103482755,11.938928356078254,12.073004722595215,50100,0.0,0.0
2001-08-14,12.073004722595215,12.12785440944634,12.005967120543945,12.073004722595215,160300,0.0,0.0
2001-08-15,12.073003426726144,12.176608250500573,12.012059207609251,12.164419174194336,93600,0.0,0.0
2001-08-16,12.10347263538385,12.2802095413208,12.10347263538385,12.2802095413208,111300,0.0,0.0
2001-08-17,12.249740941665257,12.432572427582882,12.249740941665257,12.310685157775879,69200,0.0,0.0
2001-08-20,12.432574355270146,12.719011866678311,12.371630129710042,12.71291732788086,142600,0.0,0.0
2001-08-21,12.676341618137476,12.999344983916222,12.615398595745779,12.86526870727539,88500,0.0,0.0
2001-08-22,12.889648081301882,13.029818918737236,12.840892956871592,12.968875885009766,63100,0.0,0.0
2001-08-23,12.950594902038574,13.072483319023398,12.950594902038574,12.950594902038574,187500,0.0,0.0
2001-08-24,12.950591813802232,13.200461962863665,12.895742155480082,13.072480201721191,216700,0.0,0.0
2001-08-27,13.072482032160458,13.346729199758117,13.072482032160458,13.249218940734863,91500,0.0,0.0
2001-08-28,13.249222416724187,13.322355711385445,13.163901208297958,13.188278198242188,180200,0.0,0.0
2001-08-29,13.224841211767673,13.407672646527484,13.163897012709766,13.389389038085938,187100,0.0,0.0
2001-08-30,13.389394035186426,13.46252733383302,13.346733428648557,13.40767765045166,286800,0.0,0.0
2001-08-31,13.40767439381398,13.499090123107171,13.346730186813831,13.401579856872559,60000,0.0,0.0
2001-09-04,13.40767515369944,13.712395043556246,13.40767515369944,13.620979309082031,102800,0.0,0.0
2001-09-05,13.627071389770895,13.80380828957154,13.480806008497076,13.694108963012695,91000,0.0,0.0
2001-09-06,13.633172227208732,13.712398909445389,13.444245005295741,13.468623161315918,108800,0.0,0.0
2001-09-07,13.468619609037614,13.620979556736197,13.31625966133903,13.346731185913086,81500,0.0,0.0
2001-09-10,13.285783843325532,13.371106184370673,13.102952414140288,13.316256523132324,101300,0.0,0.0
2001-09-17,13.316257195024184,13.316257195024184,12.920121636859287,12.938404083251953,149000,0.0,0.0
2001-09-18,13.090770059238316,13.304074277679135,12.999354297739243,13.054203987121582,63000,0.0,0.0
2001-09-19,13.090767515656857,13.163900808094748,12.676348237475388,12.725103378295898,125600,0.0,0.0
2001-09-20,12.72510270762926,12.72510270762926,11.87188720703125,11.87188720703125,213700,0.0,0.0
2001-09-21,11.71952665020861,11.756093873821316,11.061331736563572,11.42090129852295,173900,0.0,0.0
2001-09-24,11.512319549497247,11.792662513077984,11.317298963918152,11.664679527282715,263700,0.0,0.0
2001-09-25,11.701246211999223,11.853606182663722,11.542791703018425,11.60373592376709,176100,0.0,0.0
2001-09-26,11.664678576511848,11.701245805138173,11.335581655774927,11.51231861114502,92100,0.0,0.0
2001-09-27,11.579359872726746,11.762191405751352,11.201506565417477,11.689059257507324,132400,0.0,0.0
2001-09-28,11.579358913783844,11.731718899491527,11.27463894236848,11.353865623474121,178400,0.0,0.0
2001-10-01,11.353860813804848,11.420899551090214,11.122274245095142,11.20150089263916,274500,0.0,0.0
2001-10-02,11.213693218515749,11.579357367878996,10.969917506411681,11.51231861114502,176400,0.0,0.0
2001-10-03,11.481844751073682,11.884074884955991,11.1344642865766,11.85360336303711,430800,0.0,0.0
2001-10-04,11.853606176435546,11.884077705586705,11.512319005388074,11.518413543701172,227300,0.0,0.0
2001-10-05,11.579357485159878,11.676867770989134,11.164938189178395,11.640301704406738,186100,0.0,0.0
2001-10-08,11.640301586508585,11.640301586508585,11.213693218515749,11.51231861114502,87900,0.0,0.0
2001-10-09,11.512317063920609,11.542789750347099,11.030860242523358,11.213691711425781,226900,0.0,0.0
2001-10-10,11.091805131550379,11.49403531767515,11.091805131550379,11.335580825805664,178000,0.0,0.0
2001-10-11,11.335582716000504,11.701246899564596,11.311204561302846,11.487942695617676,137700,0.0,0.0
2001-10-12,11.426995251629803,11.426995251629803,11.000386963936664,11.274635314941406,194500,0.0,0.0
2001-10-15,11.213692731334183,11.280731485155643,11.061332772586669,11.244165420532227,108900,0.0,0.0
2001-10-16,11.244165027968753,11.481846183344244,11.244165027968753,11.457468032836914,125500,0.0,0.0
2001-10-17,11.396522521972656,11.54888244252088,10.976008815783658,11.396522521972656,230400,0.0,0.0
2001-10-18,11.487943154842123,11.494037693760164,11.21978925452056,11.353865623474121,104900,0.0,0.0
2001-10-19,11.36605104447163,11.36605104447163,11.091803855880956,11.274635314941406,127500,0.0,0.0
2001-10-22,11.15274747076708,11.51841156999524,11.15274747076708,11.42090129852295,168200,0.0,0.0
2001-10-23,11.518414073375348,11.548886766342118,11.213694118193914,11.262449264526367,224800,0.0,0.0
2001-10-24,11.201500762583821,11.262444962825292,11.030858396804428,11.091802597045898,115600,0.0,0.0
2001-10-25,10.787080263788965,10.908967473672105,10.36656665802002,10.36656665802002,748200,0.0,0.0
2001-10-26,10.366571985498013,10.42142166497797,10.086229050109978,10.208117485046387,386500,0.0,0.0
2001-10-29,10.214211530815545,10.543308429421968,10.214211530815545,10.464081764221191,845300,0.0,0.0
2001-10-30,10.470174121207371,10.470174121207371,9.903395020217896,10.086226463317871,741800,0.0,0.0
2001-10-31,10.177645383283418,10.232495059668684,9.872925475549353,9.909491539001465,257500,0.0,0.0
2001-11-01,9.933868466067324,9.994812679722143,9.751036987517056,9.811981201171875,300700,0.0,0.0
2001-11-02,9.801535328001515,9.985890343867213,9.740084046745242,9.9244384765625,395800,0.133,0.0
2001-11-05,9.924437948147087,9.985889812179865,9.77695417772651,9.81997013092041,262100,0.0,0.0
2001-11-06,9.832259943333094,9.832259943333094,9.740082740783691,9.740082740783691,301900,0.0,0.0
2001-11-07,9.74622624289602,9.74622624289602,9.58645248413086,9.58645248413086,338400,0.0,0.0
2001-11-08,9.617178069957061,10.071919906637005,9.555726803027728,10.02890396118164,1355600,0.0,0.0
2001-11-09,10.078064185283967,10.090354789050178,9.942871060145123,9.967451095581055,421900,0.0,0.0
2001-11-12,10.121078257727762,10.151804761470292,9.770804319736817,9.813820838928223,187100,0.0,0.0
2001-11-13,9.936726920191168,10.102646574146984,9.770807266235352,9.770807266235352,194700,0.0,0.0
2001-11-14,9.862982850445183,9.905999961632347,9.703209111230377,9.89985466003418,289700,0.0,0.0
2001-11-15,9.924439555866412,10.01661678079951,9.709359169006348,9.709359169006348,195200,0.0,0.0
2001-11-16,9.770808315209964,10.231695510947194,9.770808315209964,10.157954216003418,345900,0.0,0.0
2001-11-19,10.26241832083955,10.323868987066687,10.047337472755594,10.188675880432129,240200,0.0,0.0
2001-11-20,10.19482642346062,10.661858993923376,10.19482642346062,10.557391166687012,300400,0.0,0.0
2001-11-21,10.465210800159033,10.538952084206823,10.416049553428314,10.520517349243164,175800,0.0,0.0
2001-11-23,10.581969772128748,10.581969772128748,10.452921917734178,10.514373779296875,61200,0.0,0.0
2001-11-26,10.637274577668263,10.637274577668263,10.385323041661254,10.520517349243164,122100,0.0,0.0
2001-11-27,10.600403985218705,10.72330768866857,10.45906554671897,10.692581176757812,211400,0.0,0.0
2001-11-28,10.846207693230868,11.030563205457211,10.600401515692052,10.907659530639648,315700,0.0,0.0
2001-11-29,10.9076573509659,11.20877000479174,10.9076573509659,11.073576927185059,204200,0.0,0.0
2001-11-30,11.135033920445487,11.196484601999556,10.969114267217618,10.993694305419922,201800,0.0,0.0
2001-12-03,10.932246722170683,11.184198338657076,10.840068329522092,11.122746467590332,194400,0.0,0.0
2001-12-04,11.122747765787249,11.208779692063777,10.944537436103483,11.135038375854492,162800,0.0,0.0
2001-12-05,11.122747016716175,11.399278692023358,11.122747016716175,11.288666725158691,237100,0.0,0.0
2001-12-06,11.350113940661496,11.67580795288086,11.227211402310212,11.67580795288086,429000,0.0,0.0
2001-12-07,11.552908771883814,11.559054077025213,11.239506414352219,11.522183418273926,215600,0.0,0.0
2001-12-10,11.430005728077015,11.497601737733934,11.368553851218584,11.393135070800781,124700,0.0,0.0
2001-12-11,11.399274450843217,11.423855660176649,11.153468217991765,11.300951957702637,125600,0.0,0.0
2001-12-12,11.300953803162834,11.300953803162834,11.061292833507796,11.153470039367676,394100,0.0,0.0
2001-12-13,11.15346682025578,11.362402385020161,11.15346682025578,11.233354568481445,215100,0.0,0.0
2001-12-14,11.245642218034805,11.436143020027744,11.122739722528907,11.380836486816406,440200,0.0,0.0
2001-12-17,11.47301716179877,11.921613693237305,11.460726556858827,11.921613693237305,210200,0.0,0.0
2001-12-18,11.860161018387265,12.136693749881399,11.804854472088438,12.044516563415527,239300,0.0,0.0
2001-12-19,11.98306193858825,12.167416268804955,11.933900705724044,12.013787269592285,184400,0.0,0.0
2001-12-20,11.983066375247978,12.228872630577317,11.983066375247978,12.155131340026855,170800,0.0,0.0
2001-12-21,12.339487116203566,12.339487116203566,12.00764892748339,12.31490707397461,430600,0.0,0.0
2001-12-24,12.290325655491863,12.474680071485524,12.27188974505378,12.419373512268066,54300,0.0,0.0
2001-12-26,12.419373243225465,12.751212591341522,12.388647898591058,12.708196640014648,210300,0.0,0.0
2001-12-27,12.71434157779082,12.904841287659664,12.603728464932546,12.874115943908691,249200,0.0,0.0
2001-12-28,12.904842555356625,12.99701976776123,12.775794692409546,12.99701976776123,221600,0.0,0.0
2001-12-31,12.997021606968561,12.997021606968561,12.68361810276572,12.7880859375,254000,0.0,0.0
2002-01-02,12.788079830242083,12.794225131950087,12.517693587668647,12.689757347106934,401100,0.0,0.0
2002-01-03,12.695902368722264,12.74506360920526,12.413225528969141,12.536128044128418,105200,0.0,0.0
2002-01-04,12.597583796879158,12.677470397917268,12.228873792795046,12.419373512268066,141400,0.0,0.0
2002-01-07,12.351776659513513,12.351776659513513,12.185856993395605,12.192002296447754,189400,0.0,0.0
2002-01-08,12.259600818576248,12.400939288172236,12.198148953331128,12.351778030395508,182700,0.0,0.0
2002-01-09,12.351773619808498,12.351773619808498,12.216579330125214,12.271885871887207,160800,0.0,0.0
2002-01-10,12.413226186875873,12.413226186875873,12.001500336472954,12.093677520751953,209500,0.0,0.0
2002-01-11,12.093682418412289,12.16742372686041,12.050666459801393,12.124407768249512,279500,0.0,0.0
2002-01-14,12.1305489144479,12.456242902724988,12.118258309887278,12.290323257446289,239000,0.0,0.0
2002-01-15,12.290316853184049,12.394784593319951,12.24115563265515,12.357913970947266,176000,0.0,0.0
2002-01-16,12.382502555847168,12.505406278187277,12.339486604657157,12.382502555847168,345300,0.0,0.0
2002-01-17,12.321051511724527,12.486971196257299,12.185858345862735,12.351778030395508,121100,0.0,0.0
2002-01-18,12.413228587071124,12.566857647940338,12.296470172623442,12.339486122131348,227800,0.0,0.0
2002-01-22,12.321050386733907,12.400938155887351,12.198147839562296,12.34563159942627,70400,0.0,0.0
2002-01-23,12.351776728304097,12.370211465466504,12.26574365719157,12.339486122131348,47000,0.0,0.0
2002-01-24,12.032230718147481,12.253456990839114,11.983069454449007,12.130553245544434,301800,0.0,0.0
2002-01-25,12.099824959584017,12.173566251191971,11.915469386370738,12.161276817321777,138700,0.0,0.0
2002-01-28,12.07524136387755,12.400935325124763,12.07524136387755,12.228870391845703,200800,0.0,0.0
2002-01-29,12.19815118271617,12.204296487573508,11.860166448144929,11.976924896240234,161400,0.0,0.0
2002-01-30,11.96462416453973,12.00149596249048,11.675802113168563,11.87244701385498,308500,0.0,0.0
2002-01-31,11.767984017996046,12.08138739461274,11.706532168681619,11.958483695983887,241000,0.0,0.0
2002-02-01,11.983071285264298,12.04452316730047,11.675813047180599,11.77413558959961,188400,0.0,0.0
2002-02-04,11.79256973431558,11.79256973431558,11.620504724881979,11.632795333862305,136800,0.0,0.0
2002-02-05,11.65122477166665,12.26574087579497,11.516031650713142,11.614354133605957,166300,0.0,0.0
2002-02-06,11.572891632300705,11.60383471939117,11.32534221396454,11.541947364807129,209200,0.133,0.0
2002-02-07,11.541948460860443,11.622402383580742,11.436740302197666,11.498627662658691,104000,0.0,0.0
2002-02-08,11.498630240943692,11.498630240943692,11.176816838710197,11.473875999450684,93400,0.0,0.0
2002-02-11,11.44911907622019,11.529571826026974,11.418175983310658,11.442930221557617,135100,0.0,0.0
2002-02-12,11.449119157255348,11.628592402530252,11.368666406879132,11.591459274291992,121600,0.0,0.0
2002-02-13,11.5852689743042,11.690477130381032,11.455306582893332,11.5852689743042,72000,0.0,0.0
2002-02-14,11.603838117871693,11.746178248820756,11.560517311096191,11.560517311096191,140600,0.0,0.0
2002-02-15,11.560514567694106,12.129876136779785,11.541948006166262,12.129876136779785,553500,0.0,0.0
2002-02-19,12.439312870567612,12.618784926608713,12.191764596509225,12.197952270507812,337400,0.0,0.0
2002-02-20,12.19795233356792,12.53214339057688,12.19795233356792,12.439312934875488,291500,0.0,0.0
2002-02-21,12.439308784301499,12.569271142838778,12.284591016288802,12.309345245361328,368900,0.0,0.0
2002-02-22,12.433124638091323,12.996297432396226,12.36504841666875,12.922032356262207,749000,0.0,0.0
2002-02-25,12.922031954128283,13.188146796422288,12.810636113998905,13.169581413269043,379200,0.0,0.0
2002-02-26,13.212901322666111,13.330487189780946,13.163391670260374,13.305731773376465,133900,0.0,0.0
2002-02-27,13.243846730894296,13.280978681597153,13.132449698382294,13.1633939743042,120200,0.0,0.0
2002-02-28,13.243846759625853,13.243846759625853,13.144827437267798,13.175771713256836,123300,0.0,0.0
2002-03-01,13.175769732098543,13.578035816242327,13.126258897960717,13.571846961975098,268700,0.0,0.0
2002-03-04,13.615168167495089,13.646111259350807,13.404751837746991,13.4295072555542,141400,0.0,0.0
2002-03-05,13.398563154315074,13.398563154315074,13.120071782849063,13.293354988098145,322900,0.0,0.0
2002-03-06,13.293354065174226,13.305731773376465,13.151013962058135,13.305731773376465,197900,0.0,0.0
2002-03-07,13.30573160054613,13.342863544267313,13.181956880937905,13.336674690246582,261600,0.0,0.0
2002-03-08,13.336676019039539,13.497582698400802,13.311921780893442,13.398563385009766,142700,0.0,0.0
2002-03-11,13.3985635613303,13.448073218677347,13.280977682479808,13.367620468139648,142600,0.0,0.0
2002-03-12,13.305729170930036,13.460446951987361,13.262408381098464,13.410937309265137,153300,0.0,0.0
2002-03-13,13.410942240289172,13.528528127640335,13.349054869030484,13.491394996643066,129000,0.0,0.0
2002-03-14,13.460448371788218,13.54708996059027,13.367617929442716,13.404749870300293,85500,0.0,0.0
2002-03-15,13.318114192250265,13.52234172821045,13.305736479669976,13.52234172821045,145400,0.0,0.0
2002-03-18,13.491390463723643,13.899845324231034,13.491390463723643,13.881279945373535,153000,0.0,0.0
2002-03-19,13.881276094463525,14.079314616691011,13.862709540353686,13.868898391723633,184800,0.0,0.0
2002-03-20,13.862715190518633,14.011244142726671,13.652298879789782,13.732752799987793,81400,0.0,0.0
2002-03-21,13.578034400147473,14.122640534429095,13.578034400147473,13.986489295959473,123800,0.0,0.0
2002-03-22,13.986492452879821,14.246418461647092,13.980303597861148,14.240229606628418,128600,0.0,0.0
2002-03-25,14.203097176928106,14.203097176928106,13.83796300598985,14.017435073852539,138800,0.0,0.0
2002-03-26,14.011247151471002,14.463024139404297,14.011247151471002,14.463024139404297,150200,0.0,0.0
2002-03-27,14.46301557745784,14.475392100170398,14.165956604704403,14.203089714050293,131900,0.0,0.0
2002-03-28,14.20310004826937,14.432081820496512,14.20310004826937,14.246420860290527,102000,0.0,0.0
2002-04-01,14.15358561208782,14.320679947820558,13.844149995718988,14.234038352966309,233400,0.0,0.0
2002-04-02,14.240229339591433,14.407324880751982,14.178341970968633,14.339248657226562,81200,0.0,0.0
2002-04-03,14.295924752863904,14.295924752863904,13.992678010822935,14.029809951782227,242400,0.0,0.0
2002-04-04,14.029813347766394,14.234040843081425,13.86271780239862,14.17215347290039,176400,0.0,0.0
2002-04-05,14.20309771926864,14.221663104002758,14.048379884332832,14.159775733947754,86300,0.0,0.0
2002-04-08,14.159770505454725,14.240224410939659,14.048374696972685,14.165959358215332,85600,0.0,0.0
2002-04-09,14.079322402349641,14.258795650116062,14.079322402349641,14.221662521362305,116600,0.0,0.0
2002-04-10,14.221658804474085,14.295923862168767,14.178338012653457,14.25879192352295,215700,0.0,0.0
2002-04-11,14.203096475180342,14.295926931929872,14.110264838027511,14.13502025604248,126200,0.0,0.0
2002-04-12,14.190718078020359,14.401134399330637,14.1412084247946,14.364001274108887,130200,0.0,0.0
2002-04-15,14.363995784533746,14.487770460496044,14.264976515925024,14.357808113098145,184200,0.0,0.0
2002-04-16,14.388757982786743,14.636306271141114,14.388757982786743,14.630117416381836,136200,0.0,0.0
2002-04-17,14.630117416381836,14.729136731723584,14.357814889393703,14.630117416381836,220200,0.0,0.0
2002-04-18,14.667250722283557,14.667250722283557,14.425890105366753,14.599174499511719,105700,0.0,0.0
2002-04-19,14.69200610139349,14.766271184762797,14.54347711505833,14.568232536315918,51500,0.0,0.0
2002-04-22,14.53728726589573,14.846722928040133,14.382569434823527,14.772459030151367,147500,0.0,0.0
2002-04-23,14.772460418652885,14.846724323521908,14.722950755272374,14.753893852233887,79300,0.0,0.0
2002-04-24,14.760081221030461,14.976686419154422,14.760081221030461,14.95193099975586,287200,0.0,0.0
2002-04-25,14.995252762687537,15.230424540406576,14.939554245880577,15.180914878845215,277400,0.0,0.0
2002-04-26,15.22423507231066,15.273744731879013,15.075706093605605,15.230423927307129,133500,0.0,0.0
2002-04-29,15.193289181211151,15.273743107203924,15.081893344334132,15.255176544189453,117800,0.0,0.0
2002-04-30,15.255169480168716,15.465585708618164,15.199470997320173,15.465585708618164,141100,0.0,0.0
2002-05-01,15.471782939338516,15.58936882019043,15.40370671667635,15.58936882019043,195800,0.0,0.0
2002-05-02,15.595552779915367,15.62649586392035,15.348003386263544,15.440834999084473,165900,0.0,0.0
2002-05-03,15.459403434823146,15.515101941370329,15.224232880826444,15.317063331604004,147800,0.0,0.0
2002-05-06,15.250493288268084,15.5553785657429,15.250493288268084,15.474491119384766,112400,0.133,0.0
2002-05-07,15.53670356602908,15.555370437795444,15.39981673341749,15.505593299865723,82900,0.0,0.0
2002-05-08,15.511812795855043,15.555367635349162,15.076262027353119,15.530478477478027,119600,0.0,0.0
2002-05-09,15.493147917410287,15.55536963329959,15.22559536983265,15.275372505187988,129500,0.0,0.0
2002-05-10,15.08871380072313,15.182045813680695,14.777606299677293,15.001604080200195,106600,0.0,0.0
2002-05-13,15.08871199744679,15.387374877929688,15.08871199744679,15.387374877929688,71900,0.0,0.0
2002-05-14,15.430929732985845,15.51804062987895,15.244265729379231,15.387374877929688,121800,0.0,0.0
2002-05-15,15.399813216291717,15.430923475349879,15.300258963169226,15.393590927124023,95000,0.0,0.0
2002-05-16,15.356258653647519,15.374924334704252,15.070039280714177,15.28159236907959,94000,0.0,0.0
2002-05-17,15.3064883207043,15.399820327758789,15.076268262307764,15.399820327758789,51400,0.0,0.0
2002-05-20,14.995377927815872,15.275373894615,14.982933346149965,15.076265335083008,95700,0.0,0.0
2002-05-21,15.05760081848384,15.05760081848384,14.622049920604606,14.808713912963867,111800,0.0,0.0
2002-05-22,14.808713912963867,14.839825369544224,14.566050485540684,14.808713912963867,147000,0.0,0.0
2002-05-23,14.790051156629623,15.11982435426504,14.466499064762349,15.09493637084961,360300,0.0,0.0
2002-05-24,15.03271154908547,15.144710418437478,14.827380684200357,15.0264892578125,171600,0.0,0.0
2002-05-28,14.80871382655912,14.821158409118652,14.491385278756047,14.821158409118652,141000,0.0,0.0
2002-05-29,14.870925626484693,14.908258162463738,14.55981839083949,14.690484046936035,123800,0.0,0.0
2002-05-30,14.622051117102489,15.08871232296746,14.547384801980533,14.839826583862305,236800,0.0,0.0
2002-05-31,14.870935813729151,14.995379267948435,14.80871408661951,14.852270126342773,165500,0.0,0.0
2002-06-03,14.883370644086115,14.883370644086115,14.6220405108884,14.696706771850586,99700,0.0,0.0
2002-06-04,14.696715069851232,14.696715069851232,14.429162498277206,14.497605323791504,133600,0.0,0.0
2002-06-05,14.435385704040527,14.435385704040527,14.248720527799758,14.435385704040527,122200,0.0,0.0
2002-06-06,14.429168712093174,14.429168712093174,14.06206170278765,14.298502922058105,126500,0.0,0.0
2002-06-07,14.248721441366468,14.528718630289486,14.174056315507515,14.472719192504883,94100,0.0,0.0
2002-06-10,14.466490590054057,14.466490590054057,14.2487152255359,14.31093692779541,154800,0.0,0.0
2002-06-11,14.37316790195721,14.49761019997172,14.348278730285692,14.385612487792969,132200,0.0,0.0
2002-06-12,14.373161315917969,14.422938449671205,14.248717888144634,14.373161315917969,116700,0.0,0.0
2002-06-13,14.342055106580581,14.342055106580581,14.1553910834887,14.174057960510254,109000,0.0,0.0
2002-06-14,14.124278884549764,14.385609193348383,14.080722844099364,14.379386901855469,147900,0.0,0.0
2002-06-17,14.310939606715914,14.622046989470608,14.310939606715914,14.615824699401855,147600,0.0,0.0
2002-06-18,14.559828530335501,14.771381692842711,14.541162842737114,14.659382820129395,212200,0.0,0.0
2002-06-19,14.64693945122448,14.85849142734429,14.54738397446473,14.622050285339355,119000,0.0,0.0
2002-06-20,14.609605373717317,14.653160226255661,14.373164237031713,14.398052215576172,165700,0.0,0.0
2002-06-21,14.622048949319167,14.622048949319167,14.261164384424218,14.335830688476562,321800,0.0,0.0
2002-06-24,14.360722699622903,14.37316728492442,14.155391789271738,14.273612976074219,172000,0.0,0.0
2002-06-25,14.248722282392,14.342054288614968,14.161612568154677,14.186500549316406,218000,0.0,0.0
2002-06-26,14.2487152255359,14.31093692779541,14.093161563277254,14.31093692779541,121900,0.0,0.0
2002-06-27,14.248714109058051,14.342046061744032,13.987383929469207,14.15538215637207,213100,0.0,0.0
2002-06-28,14.093170384027976,14.310945884849275,14.093170384027976,14.161614418029785,145900,0.0,0.0
2002-07-01,14.1616115847574,14.205166438851567,13.937613835952241,14.124279022216797,132200,0.0,0.0
2002-07-02,14.12427860067881,14.12427860067881,13.74472713470459,13.74472713470459,140600,0.0,0.0
2002-07-03,13.744727770640482,13.77583804213844,13.358953995449568,13.688728332519531,286300,0.0,0.0
2002-07-05,13.707391019751052,13.862944703279311,13.564280728951934,13.813167572021484,64200,0.0,0.0
2002-07-08,13.800723739989266,13.999832275804721,13.564281463623047,13.564281463623047,82200,0.0,0.0
2002-07-09,13.564280319719419,13.782055707444812,13.346506118774414,13.346506118774414,83500,0.0,0.0
2002-07-10,13.377619842594585,13.377619842594585,13.085179277927754,13.159844398498535,213200,0.0,0.0
2002-07-11,13.159844737432373,13.159844737432373,12.942069287727483,13.010513305664062,153300,0.0,0.0
2002-07-12,13.010511407708046,13.010511407708046,12.767848014831543,12.767848014831543,120200,0.0,0.0
2002-07-15,12.705625387244218,12.711847677228773,12.319851715665159,12.587404251098633,232900,0.0,0.0
2002-07-16,12.444295889775677,12.525183290875782,12.16429875754351,12.201632499694824,315200,0.0,0.0
2002-07-17,12.226521855476575,12.506519019337684,12.226521855476575,12.413187026977539,330100,0.0,0.0
2002-07-18,12.400747810305672,12.444302679799982,11.635423480325457,11.915419578552246,298700,0.0,0.0
2002-07-19,11.884306503825162,11.884306503825162,11.262091516051916,11.311868667602539,287100,0.0,0.0
2002-07-22,11.199873357115202,11.492314067531947,11.168763072502395,11.243428230285645,731500,0.0,0.0
2002-07-23,11.243418073529385,11.703856753192492,11.23719578487148,11.517192840576172,910300,0.0,0.0
2002-07-24,11.517198193279322,11.87186050415039,11.361644464877571,11.87186050415039,1100200,0.0,0.0
2002-07-25,11.946525418162803,12.263853942606259,11.82208197528961,12.070967674255371,586500,0.0,0.0
2002-07-26,12.039858778576066,12.923404000648448,12.002526216173223,12.886070251464844,399300,0.0,0.0
2002-07-29,12.730514901031738,13.278064618131522,12.730514901031738,13.12251091003418,479700,0.0,0.0
2002-07-30,13.12250981397903,13.12250981397903,12.792735553115978,13.004288673400879,375900,0.0,0.0
2002-07-31,13.066514797408573,13.533176040173164,13.066514797408573,13.321622848510742,433300,0.0,0.0
2002-08-01,13.321622640191892,13.688729573701822,13.197179169354973,13.383844375610352,321000,0.0,0.0
2002-08-02,13.470952606702614,13.59539606380807,13.17851202531978,13.222066879272461,210800,0.0,0.0
2002-08-05,13.222063565037098,13.39006183398488,13.097620139124563,13.253173828125,237200,0.0,0.0
2002-08-06,13.374019608857205,13.856134562873251,13.374019608857205,13.718387603759766,323900,0.133,0.0
2002-08-07,13.774738380025216,14.043972093985552,13.649513007966288,14.031449317932129,241600,0.0,0.0
2002-08-08,14.056493774509574,14.213024880264747,13.993881093359994,14.131628036499023,230100,0.0,0.0
2002-08-09,14.131626451103228,14.388337340202883,14.025185263361609,14.275634765625,241800,0.0,0.0
2002-08-12,14.181721008308399,14.488521898602793,13.962577174030168,14.325729370117188,188700,0.0,0.0
2002-08-13,14.331990840768917,14.33825222969691,14.150415338808488,14.238072395324707,314000,0.0,0.0
2002-08-14,14.263113471590575,14.463473077410423,14.106582380264136,14.306941986083984,249300,0.0,0.0
2002-08-15,14.319461475832064,14.682613476650827,14.306938704781064,14.338244438171387,299800,0.0,0.0
2002-08-16,14.494783732354396,14.626270514651923,14.156677081459634,14.256856918334961,205300,0.0,0.0
2002-08-19,14.275642229477162,14.45095756984182,14.213030716853691,14.300687789916992,107500,0.0,0.0
2002-08-20,14.306950991305827,14.369563706094203,14.100329868470926,14.35077953338623,147600,0.0,0.0
2002-08-21,14.369560836316577,14.432172344362463,14.025191570874375,14.388343811035156,202200,0.0,0.0
2002-08-22,14.494777741056165,14.557390411782272,14.36329220734497,14.444687843322754,97000,0.0,0.0
2002-08-23,14.463476572345037,14.557395010987733,14.150414314044227,14.288161277770996,138000,0.0,0.0
2002-08-26,14.444696851454307,14.632534980773926,14.11911171602412,14.632534980773926,98900,0.0,0.0
2002-08-27,14.645049069763694,14.707661747482163,14.338248262604445,14.375815391540527,146500,0.0,0.0
2002-08-28,14.363291494215385,14.400858617090917,13.899959664626154,14.244327545166016,136200,0.0,0.0
2002-08-29,14.244331137339275,14.244331137339275,13.993881597947864,14.087800025939941,133400,0.0,0.0
2002-08-30,14.244329709371065,14.38207664366806,14.006402969360352,14.006402969360352,132800,0.0,0.0
2002-09-03,14.400864810146512,14.400864810146512,13.956316947937012,13.956316947937012,309700,0.0,0.0
2002-09-04,13.962576785404964,14.494782884056784,13.956316590924756,14.46347713470459,157500,0.0,0.0
2002-09-05,14.526082421224858,14.55738815461518,14.294415933730065,14.338244438171387,151600,0.0,0.0
2002-09-06,14.369557467205402,14.588700082461381,14.275637838681199,14.432168960571289,175600,0.0,0.0
2002-09-09,14.432168798787076,14.651312605824144,14.32572758932551,14.419647216796875,170600,0.0,0.0
2002-09-10,14.432166000176041,14.432166000176041,14.244329170133,14.36955451965332,100700,0.0,0.0
2002-09-11,14.369553186930904,14.432164661646645,14.275633586382636,14.313201904296875,32000,0.0,0.0
2002-09-12,14.288161834088703,14.288161834088703,13.899965287454178,13.975099563598633,83200,0.0,0.0
2002-09-13,13.461674824209375,14.313204404547934,13.461674824209375,14.29442024230957,139300,0.0,0.0
2002-09-16,14.150411461518429,14.33824830093853,14.087798783632563,14.213024139404297,149300,0.0,0.0
2002-09-17,14.087800546125933,14.23180888731374,13.774738311767578,13.774738311767578,94300,0.0,0.0
2002-09-18,13.755952299851549,13.76847507416065,13.461674269012583,13.687079429626465,253400,0.0,0.0
2002-09-19,13.58689519349626,13.599416769485098,13.179913520812988,13.179913520812988,155600,0.0,0.0
2002-09-20,13.179919240951488,13.455414334302604,13.023388127903429,13.449152946472168,290400,0.0,0.0
2002-09-23,13.14861203250825,13.39906154666091,13.14861203250825,13.186179161071777,149600,0.0,0.0
2002-09-24,13.123576742155429,13.154883702294352,12.960785326386699,13.004613876342773,115500,0.0,0.0
2002-09-25,12.941989814484572,13.430367216738896,12.941989814484572,13.273836135864258,711600,0.0,0.0
2002-09-26,13.399059917070328,13.899960078693772,13.342708633959726,13.893698692321777,109300,0.0,0.0
2002-09-27,13.8498753294984,13.8498753294984,13.148615320285229,13.154876708984375,124800,0.0,0.0
2002-09-30,13.148612478285067,13.430368937657613,12.8480730511127,13.230008125305176,202300,0.0,0.0
2002-10-01,13.248790589690378,13.286357714713827,13.085998122272269,13.273836135864258,237900,0.0,0.0
2002-10-02,13.211228173145962,13.311408005070811,12.929471649458696,13.017129898071289,145900,0.0,0.0
2002-10-03,12.992084423023373,13.417849308446284,12.992084423023373,13.042174339294434,208700,0.0,0.0
2002-10-04,13.042171970945585,13.211225855500825,12.272039200288503,12.422308921813965,404900,0.0,0.0
2002-10-07,12.428573193150372,12.71658992767334,12.347176328706672,12.71658992767334,293600,0.0,0.0
2002-10-08,12.716585077097536,13.14861120832911,12.616405277715925,13.08599853515625,175500,0.0,0.0
2002-10-09,12.960774666951638,13.02338614725858,12.171857833862305,12.171857833862305,230300,0.0,0.0
2002-10-10,12.171859880260065,12.647714614868164,12.10298580725803,12.647714614868164,153900,0.0,0.0
2002-10-11,12.741630067824978,13.054692225785114,12.653971851514736,12.823025703430176,118100,0.0,0.0
2002-10-14,12.710326835079385,12.866857959620944,12.679021087866156,12.797985076904297,46900,0.0,0.0
2002-10-15,12.816763150264535,13.586896896362305,12.785457415013196,13.586896896362305,167300,0.0,0.0
2002-10-16,13.586901766049133,13.586901766049133,12.854336072778507,12.960777282714844,154100,0.0,0.0
2002-10-17,13.179921944098803,13.248796030121776,12.992085047611612,13.167400360107422,110300,0.0,0.0
2002-10-18,13.461677863028118,13.812307277632032,13.405326557829905,13.787262916564941,211500,0.0,0.0
2002-10-21,14.181721026567914,15.12090786533715,13.837352996714323,14.995683670043945,491600,0.0,0.0
2002-10-22,14.964374390808945,15.21482393655818,14.839150215053147,15.026987075805664,392700,0.0,0.0
2002-10-23,14.995681330426121,15.08959976080238,14.713924845059712,15.026987075805664,236800,0.0,0.0
2002-10-24,15.026987075805662,15.120905506181922,14.951851614962075,15.026987075805664,258000,0.0,0.0
2002-10-25,15.014465812500806,15.246132412055227,15.014465812500806,15.202303886413574,222200,0.0,0.0
2002-10-28,15.202302057217826,15.277436322352305,14.870455669200652,15.189779281616211,246400,0.0,0.0
2002-10-29,15.315007475498515,15.465278433692642,15.277440333068947,15.421448707580566,379700,0.0,0.0
2002-10-30,15.509107496426084,15.55919741945934,15.239873712283098,15.34005355834961,178600,0.0,0.0
2002-10-31,15.340049374088085,15.46527474463284,15.189779645976964,15.24613094329834,163100,0.0,0.0
2002-11-01,15.233601124255937,15.621798638074377,15.233601124255937,15.559185981750488,177300,0.0,0.0
2002-11-04,15.559198454675798,15.70946823377362,15.402667285502476,15.584242820739746,253500,0.0,0.0
2002-11-05,15.546670183408116,15.584237316354269,15.183518046961632,15.433967590332031,198100,0.0,0.0
2002-11-06,15.5599115234097,15.5599115234097,15.043556882639784,15.194684982299805,421300,0.14,0.0
2002-11-07,15.11281590809704,15.232459370332577,15.049845601601563,15.14430046081543,427000,0.0,0.0
2002-11-08,15.144304314052818,15.263947806729819,15.037255126091083,15.100225448608398,238100,0.0,0.0
2002-11-11,15.112810278297093,15.112810278297093,14.82314865780436,14.961682319641113,71100,0.0,0.0
2002-11-12,14.961690594949001,15.207273513464548,14.911314580867378,15.125412940979004,428700,0.0,0.0
2002-11-13,15.17578677725375,15.742517154607885,15.093925015456893,15.364696502685547,396100,0.0,0.0
2002-11-14,15.427671307572236,15.74252174242065,15.427671307572236,15.522126197814941,291000,0.0,0.0
2002-11-15,15.5284182743554,15.79289260121303,15.522121123589896,15.7299222946167,340800,0.0,0.0
2002-11-18,16.05737352173843,16.227393059046335,15.622879548971286,15.8369779586792,309400,0.0,0.0
2002-11-19,15.818080289578685,16.34702771164833,15.767704287426403,16.277761459350586,396000,0.0,0.0
2002-11-20,16.271469681946012,16.271469681946012,15.868461531650565,15.994400978088379,260800,0.0,0.0
2002-11-21,16.013290089786157,16.057368949635347,15.490638521036457,15.679548263549805,497600,0.0,0.0
2002-11-22,15.585089545987326,15.76140614292907,15.333209551112374,15.648059844970703,290900,0.0,0.0
2002-11-25,15.692139018505209,15.704733318774087,15.377288718134766,15.433961868286133,225200,0.0,0.0
2002-11-26,15.45916750940576,15.616592845351072,15.270257586695381,15.421385765075684,197300,0.0,0.0
2002-11-27,15.433959923107937,15.585087904111704,15.36469248141763,15.44025707244873,194300,0.0,0.0
2002-11-29,15.522122454085508,15.591389917384678,15.427667586624061,15.471746444702148,40100,0.0,0.0
2002-12-02,15.547317045243606,15.666959362931317,15.144307613953599,15.289139747619629,232800,0.0,0.0
2002-12-03,15.018362146082737,15.150598718431246,14.791669506560966,14.923907279968262,245400,0.0,0.0
2002-12-04,14.930206177685873,15.144304557044572,14.804266731689534,14.986879348754883,269500,0.0,0.0
2002-12-05,15.049848825365265,15.049848825365265,14.766484187025338,14.854641914367676,139100,0.0,0.0
2002-12-06,14.797971113460417,14.980584950517894,14.520902381848002,14.596467018127441,354500,0.0,0.0
2002-12-09,14.583872670357843,14.829455635712899,14.54609095285533,14.602764129638672,377800,0.0,0.0
2002-12-10,14.634248070040117,14.634248070040117,14.31939763513979,14.514604568481445,383900,0.0,0.0
2002-12-11,14.514602303548987,14.63424578643788,14.243831980676724,14.609058380126953,356300,0.0,0.0
2002-12-12,14.609052660593177,14.804259487049084,14.609052660593177,14.690913200378418,169700,0.0,0.0
2002-12-13,14.451636058569473,14.76648650689509,14.451636058569473,14.602764129638672,150600,0.0,0.0
2002-12-16,14.577569533771124,14.829449548833395,14.577569533771124,14.766480445861816,144200,0.0,0.0
2002-12-17,14.76648570948725,14.791673119442395,14.5020112991333,14.5020112991333,158600,0.0,0.0
2002-12-18,14.5020112991333,14.615356445520067,14.407555208889042,14.5020112991333,614500,0.0,0.0
2002-12-19,14.514608083307303,14.672033338879224,14.451638941926042,14.558688163757324,192300,0.0,0.0
2002-12-20,14.703511941043114,14.734996496381546,14.357175827026367,14.357175827026367,324000,0.0,0.0
2002-12-23,14.357180846518315,14.766487415370614,14.357180846518315,14.722407341003418,256000,0.0,0.0
2002-12-24,14.735004721694663,14.797975068581371,14.533500572504773,14.583876609802246,51600,0.0,0.0
2002-12-26,14.609061410138032,14.722406563634056,14.514605313969279,14.546091079711914,114700,0.0,0.0
2002-12-27,14.546086762233356,14.60905707396902,14.199750648216611,14.357175827026367,141500,0.0,0.0
2002-12-30,14.357180258814425,14.558685558781153,14.237537950750044,14.44533920288086,260600,0.0,0.0
2002-12-31,14.451632224868346,14.476819629501973,14.017138385144122,14.149374961853027,304500,0.0,0.0
2003-01-02,14.262722497793318,14.678324918577626,14.105297302009598,14.45163345336914,429000,0.0,0.0
2003-01-03,14.45163489811535,14.45163489811535,14.136784475071957,14.300505638122559,183400,0.0,0.0
2003-01-06,14.51460659323721,15.005773772579737,14.483122025778785,14.860942840576172,229700,0.0,0.0
2003-01-07,14.860935672158302,14.892420224429632,14.4201447340076,14.50830364227295,283700,0.0,0.0
2003-01-08,14.653139155533463,14.804267216311704,14.596465982609239,14.646842002868652,236400,0.0,0.0
2003-01-09,14.734996346680525,14.999470692436327,14.7161060940929,14.923907279968262,287000,0.0,0.0
2003-01-10,14.860942443324626,15.112822579436726,14.860942443324626,15.068743705749512,299100,0.0,0.0
2003-01-13,15.081337060724273,15.081337060724273,14.911317529184851,15.030961036682129,150700,0.0,0.0
2003-01-14,15.03095885676403,15.226165771484375,14.955394231130263,15.226165771484375,217100,0.0,0.0
2003-01-15,15.270242344546482,15.276539495825928,14.357175827026367,14.357175827026367,319100,0.0,0.0
2003-01-16,14.451631427750957,14.684620012260934,14.382363966976161,14.627946853637695,262100,0.0,0.0
2003-01-17,14.514602303548987,14.753889269326772,14.514602303548987,14.609058380126953,237900,0.0,0.0
2003-01-21,14.672032556809341,14.672032556809341,14.420152401532226,14.49571704864502,128100,0.0,0.0
2003-01-22,14.451634772482754,14.583871372503062,14.243833543122957,14.281615257263184,109000,0.0,0.0
2003-01-23,14.325693568173367,14.325693568173367,13.790447634205641,14.105298042297363,239600,0.0,0.0
2003-01-24,14.105295091731735,14.168265400389659,13.910088215845036,14.080107688903809,174800,0.0,0.0
2003-01-27,14.080114585231058,14.17456949395183,13.884906412674221,14.010847091674805,132800,0.0,0.0
2003-01-28,14.073817014265176,14.262726826110631,13.922688924576955,14.256429672241211,150300,0.0,0.0
2003-01-29,14.168268163047038,14.187159619645666,13.727477117550874,14.174565315246582,150900,0.0,0.0
2003-01-30,14.136783554432663,14.143079505551553,13.664507950623896,13.689695358276367,93400,0.0,0.0
2003-01-31,13.651914341085734,14.420148929999586,13.651914341085734,14.369772911071777,181900,0.0,0.0
2003-02-03,14.363474116471068,14.432741584974947,14.04862373390273,14.212346076965332,146300,0.0,0.0
2003-02-04,14.35717993886149,14.35717993886149,13.979360362359195,14.19975471496582,126400,0.0,0.0
2003-02-05,14.326479881539216,14.42152483771355,14.041343804454026,14.06035327911377,123100,0.14,0.0
2003-02-06,13.939958971471638,13.939958971471638,13.718186655213119,13.83224105834961,141500,0.0,0.0
2003-02-07,13.901943453423392,13.927288208954746,13.464735241308235,13.509089469909668,191700,0.0,0.0
2003-02-10,13.52810497251591,13.749877422930131,13.471077736450466,13.57245922088623,171400,0.0,0.0
2003-02-11,13.61047248666881,13.61047248666881,13.084555756394879,13.179600715637207,146800,0.0,0.0
2003-02-12,13.242965777982509,13.350683731748358,13.09723007834705,13.192275047302246,184700,0.0,0.0
2003-02-13,13.211284056184205,13.547109681825193,13.00852114065101,13.496418952941895,140800,0.0,0.0
2003-02-14,13.369691962353764,14.035007891567417,13.369691962353764,13.8512544631958,346300,0.0,0.0
2003-02-18,13.927289907734048,14.03500785114588,13.781554222106934,13.781554222106934,97300,0.0,0.0
2003-02-19,13.781554426220222,13.901945355007623,13.673836481213023,13.825908660888672,106500,0.0,0.0
2003-02-20,13.844915536359622,13.876596781297849,13.623143196105957,13.623143196105957,146900,0.0,0.0
2003-02-21,13.629481235581494,14.003325769431827,13.477409067185757,13.876598358154297,124700,0.0,0.0
2003-02-24,13.876601051995133,13.876601051995133,13.274648752976304,13.299993515014648,150700,0.0,0.0
2003-02-25,13.242965302123398,13.68651008605957,13.17960158890933,13.68651008605957,158200,0.0,0.0
2003-02-26,13.52809905759708,13.52809905759708,13.230290019786388,13.331672668457031,147400,0.0,0.0
2003-02-27,13.401370653636969,13.401370653636969,12.913471754153292,13.141580581665039,168400,0.0,0.0
2003-02-28,13.179600138057477,13.38869952265197,13.084555182980377,13.11623764038086,111900,0.0,0.0
2003-03-03,13.147916848014127,13.242961788335567,13.147916848014127,13.21761703491211,221600,0.0,0.0
2003-03-04,13.242967387155982,13.242967387155982,13.046540932972178,13.052877426147461,153300,0.0,0.0
2003-03-05,13.052880185560207,13.052880185560207,12.609335238023778,12.672698974609375,283300,0.0,0.0
2003-03-06,12.736058990143299,12.767740244898514,12.609331553997635,12.691704750061035,202000,0.0,0.0
2003-03-07,12.672691741409261,12.761400196859267,12.615664531887955,12.685364723205566,119600,0.0,0.0
2003-03-10,12.65368296898303,12.691701916475953,12.374884605407715,12.374884605407715,120900,0.0,0.0
2003-03-11,12.374879111654726,12.602986652534641,12.374879111654726,12.419233322143555,93800,0.0,0.0
2003-03-12,12.438249863689494,12.564977299691703,12.22915044027953,12.355877876281738,249200,0.0,0.0
2003-03-13,12.419242965394766,12.539633922032051,12.419242965394766,12.514287948608398,178300,0.0,0.0
2003-03-14,12.577651673604997,12.602996438466118,12.419242965394766,12.514287948608398,311100,0.0,0.0
2003-03-17,12.51428489788267,12.577648607432499,12.43824820471043,12.545966148376465,342200,0.0,0.0
2003-03-18,12.60933418794116,12.647351943301366,12.324199209895628,12.431917190551758,631300,0.0,0.0
2003-03-19,12.514286585810858,12.793086220297281,12.514286585810858,12.767740249633789,294100,0.0,0.0
2003-03-20,12.767738032287983,13.03386463522502,12.577648119573896,12.894465446472168,218800,0.0,0.0
2003-03-21,12.957831676409093,13.439393043518066,12.94515869081085,13.439393043518066,205600,0.0,0.0
2003-03-24,13.369691065554676,13.376027556944145,13.147918701171875,13.147918701171875,326100,0.0,0.0
2003-03-25,13.179604583210997,13.477413740408306,13.12257734921843,13.464740753173828,301800,0.0,0.0
2003-03-26,13.464735355388713,13.56611679549726,13.24296300194048,13.331672668457031,318900,0.0,0.0
2003-03-27,13.306327550535062,13.464736211850957,13.052873934142069,13.11623764038086,308000,0.0,0.0
2003-03-28,13.116241137320712,13.116241137320712,12.57765130354003,12.647350311279297,484300,0.0,0.0
2003-03-31,12.577646795061105,12.862781634105575,12.292510747454571,12.685364723205566,451900,0.0,0.0
2003-04-01,12.767733242877002,12.837433415388709,12.545960955526626,12.824760437011719,247700,0.0,0.0
2003-04-02,12.989510227903276,13.166928363659459,12.86278281542569,13.11623764038086,175500,0.0,0.0
2003-04-03,13.179598857600471,13.198608330193906,12.717045901552074,12.736055374145508,226700,0.0,0.0
2003-04-04,12.767740587275915,13.033867243468293,12.767740587275915,12.90080451965332,252000,0.0,0.0
2003-04-07,13.059212291411425,13.420383897442845,12.995848576119764,13.046539306640625,174900,0.0,0.0
2003-04-08,13.046540884148843,13.10990460710206,12.81209547179069,12.837441444396973,197500,0.0,0.0
2003-04-09,12.856444277996053,13.287314712511463,12.856444277996053,13.03386116027832,326200,0.0,0.0
2003-04-10,13.021191476741585,13.299991059054966,12.894465272826174,13.11623764038086,243600,0.0,0.0
2003-04-11,13.528100494832731,13.528100494832731,13.033865015374039,13.103565216064453,149600,0.0,0.0
2003-04-14,13.17960570018287,13.433060632102402,13.17960570018287,13.363360404968262,117000,0.0,0.0
2003-04-15,13.363355242018248,13.426718950517477,13.192273591638992,13.350682258605957,162300,0.0,0.0
2003-04-16,13.528095558997714,13.528095558997714,13.147914652630968,13.230286598205566,168100,0.0,0.0
2003-04-17,13.420383457410328,13.68651008605957,13.338010267663346,13.68651008605957,275000,0.0,0.0
2003-04-21,13.686506289005473,13.686506289005473,13.363352528972506,13.445724487304688,212500,0.0,0.0
2003-04-22,13.401376548977769,13.559785258087583,13.287322085048697,13.502758026123047,202100,0.0,0.0
2003-04-23,13.559776594002644,13.591459040718478,13.426713943481445,13.426713943481445,138100,0.0,0.0
2003-04-24,13.407706753348448,13.572451878574782,13.401370262928745,13.445724487304688,216400,0.0,0.0
2003-04-25,13.547114760033638,13.55978774914558,13.280988031496717,13.344351768493652,89500,0.0,0.0
2003-04-28,13.369692735014802,13.654827631772491,13.369692735014802,13.496418952941895,152000,0.0,0.0
2003-04-29,13.464738515849845,13.63582018940032,13.433057261590445,13.591465950012207,141100,0.0,0.0
2003-04-30,13.623147228756256,14.11104628002715,13.528102257244853,14.003328323364258,305600,0.0,0.0
2003-05-01,13.927295106295704,13.971649356863097,13.559786904870993,13.724532127380371,193200,0.0,0.0
2003-05-02,13.78789241003847,14.08570030972417,13.724528692843405,14.003328323364258,246100,0.0,0.0
2003-05-05,14.256784794274052,14.256784794274052,14.0350123446506,14.130057334899902,213000,0.0,0.0
2003-05-06,14.098159275892899,14.289536513617845,13.970573639578399,14.238502502441406,245300,0.15,0.0
2003-05-07,14.244879404215773,14.276775199319388,14.079018592834473,14.079018592834473,149200,0.0,0.0
2003-05-08,14.079019399251113,14.123674001652532,13.970571986241952,14.104537010192871,226700,0.0,0.0
2003-05-09,14.130053404387972,14.181087409524832,14.027985394114252,14.104537010192871,270100,0.0,0.0
2003-05-12,14.123668682878632,14.16194508487692,14.002463726789324,14.07263469696045,89300,0.0,0.0
2003-05-13,14.008845760040222,14.072638564154913,13.868502564385127,13.97057056427002,197200,0.0,0.0
2003-05-14,14.09815657117671,14.289533772186148,14.034363765258043,14.257637977600098,238900,0.0,0.0
2003-05-15,14.353326724724958,14.353326724724958,14.17470710967739,14.232120513916016,156400,0.0,0.0
2003-05-16,14.22574178404641,14.321431606798509,14.015226364135742,14.015226364135742,161300,0.0,0.0
2003-05-19,14.03436372742622,14.130052327672995,13.811089515686035,13.811089515686035,200300,0.0,0.0
2003-05-20,13.906777760155329,14.021604564212467,13.779193368672479,13.97057056427002,154800,0.0,0.0
2003-05-21,13.932293096658698,13.951431299796335,13.677123138555238,13.855741500854492,183500,0.0,0.0
2003-05-22,13.811087373859516,13.87488016971322,13.58781319674474,13.715398788452148,141000,0.0,0.0
2003-05-23,13.811091620213539,13.811091620213539,13.61971439055802,13.728161811828613,158000,0.0,0.0
2003-05-27,13.728160613869372,13.842987428341262,13.65160899863923,13.68350601196289,455300,0.0,0.0
2003-05-28,13.747302055358887,13.842991909559704,13.657992822634965,13.747302055358887,232800,0.0,0.0
2003-05-29,13.84298674556365,13.99608875172584,13.766435134109262,13.906778335571289,255600,0.0,0.0
2003-05-30,14.04712233621844,14.455394340514745,14.027984129737094,14.442635536193848,258700,0.0,0.0
2003-06-02,14.602116461351612,14.602116461351612,14.168326862631842,14.302291870117188,223300,0.0,0.0
2003-06-03,14.302296719851364,14.40436475218998,14.270400916025643,14.372468948364258,118000,0.0,0.0
2003-06-04,14.417116165161135,14.487287140932912,14.315048185178275,14.417116165161133,105400,0.0,0.0
2003-06-05,14.385219160950054,14.519184145143992,14.25763479434463,14.417116165161133,98800,0.0,0.0
2003-06-06,14.417124642342118,14.602122508558798,14.225746154785158,14.225746154785156,124700,0.0,0.0
2003-06-09,14.206609461932283,14.206609461932283,13.71540624845664,13.747302055358887,358100,0.0,0.0
2003-06-10,13.747297753052834,13.811090563639992,13.536782329837873,13.657988548278809,292700,0.0,0.0
2003-06-11,13.715403357515717,13.798333168029785,13.524026122946768,13.798333168029785,207600,0.0,0.0
2003-06-12,13.78557338429212,14.11729379030813,13.683505379864641,14.079018592834473,143300,0.0,0.0
2003-06-13,14.098159149319846,14.225743567742091,14.034366331735328,14.040745735168457,134000,0.0,0.0
2003-06-16,14.136433917351635,14.474534988403319,14.104538117916105,14.47453498840332,130900,0.0,0.0
2003-06-17,14.512804744301777,14.704181902583061,14.25763479434463,14.417116165161133,267300,0.0,0.0
2003-06-18,14.480912739089971,14.787116759015623,14.449015726547747,14.742462158203125,224800,0.0,0.0
2003-06-19,14.838149952915806,14.895563355613293,14.4362561340334,14.442635536193848,155400,0.0,0.0
2003-06-20,14.544705700972326,14.621257321539156,14.257639861526858,14.487292289733887,478100,0.0,0.0
2003-06-23,14.563843829568508,14.602119031266385,14.315053193412218,14.410741806030273,185200,0.0,0.0
2003-06-24,14.410739981756961,14.634014194099016,14.04712256979109,14.257637977600098,181600,0.0,0.0
2003-06-25,14.295914225269431,14.353327633141731,14.015226588643372,14.104537010192871,127800,0.0,0.0
2003-06-26,14.149189201269955,14.302291190588683,13.906776805622131,14.29591178894043,167900,0.0,0.0
2003-06-27,14.200228482409367,14.48091617565986,14.098160451544988,14.455398559570312,174200,0.0,0.0
2003-06-30,14.41712760371415,14.672297756123363,14.321438948654102,14.665918350219727,332900,0.0,0.0
2003-07-01,14.665908579395534,14.952975570071162,14.461772593469066,14.895562171936035,331000,0.0,0.0
2003-07-02,14.991248740993418,14.991248740993418,14.704181789041836,14.774353981018066,208100,0.0,0.0
2003-07-03,14.831770997654354,14.991252406231283,14.831770997654354,14.90194320678711,96100,0.0,0.0
2003-07-07,15.061423325707823,15.125214910279078,14.90194193078672,15.01038932800293,143900,0.0,0.0
2003-07-08,14.997638283897047,14.997638283897047,14.691434139243196,14.863673210144043,181800,0.0,0.0
2003-07-09,14.87004625205471,14.87004625205471,14.49367002902992,14.799875259399414,267400,0.0,0.0
2003-07-10,14.79987882521836,14.838154031956439,14.65315496868644,14.761602401733398,142000,0.0,0.0
2003-07-11,14.761595116739262,15.118834259149867,14.74883753195382,14.978489875793457,255200,0.0,0.0
2003-07-14,14.978496710764473,15.182632761438079,14.850912287466889,15.125219345092773,264600,0.0,0.0
2003-07-15,15.214528663958248,15.214528663958248,14.691429768285557,14.755221366882324,185000,0.0,0.0
2003-07-16,14.193842932235363,14.480909905203843,13.38367722340999,13.715398788452148,1273500,0.0,0.0
2003-07-17,13.587817368621876,13.594196771840556,13.217820499165645,13.332647323608398,969700,0.0,0.0
2003-07-18,13.396441707795303,13.415579919692464,13.077478809990653,13.26247787475586,466500,0.0,0.0
2003-07-21,13.262474205176956,13.332645195890558,13.096613398200748,13.236956596374512,263600,0.0,0.0
2003-07-22,13.28161579160535,13.326270405717377,13.013686890186209,13.14127254486084,288900,0.0,0.0
2003-07-23,13.141274504646894,13.141274504646894,12.841448536471924,13.090240478515625,537200,0.0,0.0
2003-07-24,13.173164164611048,13.453851785663415,13.141268369450218,13.300749778747559,218800,0.0,0.0
2003-07-25,13.236953771378161,13.57505471537456,13.236953771378161,13.562295913696289,394800,0.0,0.0
2003-07-28,13.562301161637127,13.683507390988932,13.396440325878542,13.651610374450684,224800,0.0,0.0
2003-07-29,13.632475763092183,13.779198414562678,13.562303531194564,13.734543800354004,353200,0.0,0.0
2003-07-30,13.683513763155915,13.689891952687004,13.37092893924978,13.46023941040039,345700,0.0,0.0
2003-07-31,13.555915681270186,13.74091464401747,13.41557252165744,13.632467269897461,333900,0.0,0.0
2003-08-01,13.568683224704685,13.632476053539207,13.44747697159379,13.555924415588379,568600,0.0,0.0
2003-08-04,13.562301903115948,13.61333591562051,13.281614225967438,13.383682250976562,392600,0.0,0.0
2003-08-05,13.383675936803533,13.390055337450272,12.969024628735497,13.07109260559082,328400,0.0,0.0
2003-08-06,13.198675423393484,13.390052535767646,13.058331072022824,13.243330001831055,248200,0.0,0.0
2003-08-07,13.243336578207227,13.243336578207227,13.05195815405236,13.173164367675781,234000,0.0,0.0
2003-08-08,13.17316077972409,13.396434938718658,13.17316077972409,13.319883346557617,183700,0.0,0.0
2003-08-11,13.383679576213675,13.434713578518961,13.249715776442272,13.300749778747559,228900,0.0,0.0
2003-08-12,13.300748123224617,13.351782119177782,13.198680131318286,13.345402717590332,255900,0.0,0.0
2003-08-13,13.428338218091605,13.543165062028233,13.396442413330078,13.396442413330078,232000,0.0,0.0
2003-08-14,13.492127546755873,13.619713166221482,13.41557714847382,13.511265754699707,208500,0.0,0.0
2003-08-15,13.587808202097587,13.906770847374489,13.587808202097587,13.823841094970703,139600,0.0,0.0
2003-08-18,13.983327557640605,13.983327557640605,13.651605992598444,13.715398788452148,213500,0.0,0.0
2003-08-19,13.72178029041335,13.874882293853176,13.683505093740033,13.862123489379883,155400,0.0,0.0
2003-08-20,13.830231100721972,13.874885710628405,13.747300067969858,13.84936809539795,137400,0.0,0.0
2003-08-21,13.810823440551758,13.907177777652768,13.753010593248778,13.810823440551758,221200,0.15,0.0
2003-08-22,13.842939670367906,13.842939670367906,13.329049110412598,13.329049110412598,373500,0.0,0.0
2003-08-25,13.361170309525127,13.386865456856935,13.162037818551855,13.251968383789062,356300,0.0,0.0
2003-08-26,13.232698277203331,13.258392199378807,12.962905355694481,13.226274490356445,266000,0.0,0.0
2003-08-27,13.226273235070217,13.23269702130743,13.020716976327195,13.187731742858887,226000,0.0,0.0
2003-08-28,13.251964913813431,13.335472895563507,12.962901933292974,13.329049110412598,220400,0.0,0.0
2003-08-29,13.361168861389158,13.489642133699641,13.232696814290605,13.36116886138916,159500,0.0,0.0
2003-09-02,13.489645004272461,13.650236016228085,13.444679716958836,13.489645004272461,206700,0.0,0.0
2003-09-03,13.496063848701008,13.496063848701008,13.284083839567975,13.329049110412598,273600,0.0,0.0
2003-09-04,13.361171420051559,13.393290356885913,13.213427986250007,13.386866569519043,173400,0.0,0.0
2003-09-05,13.386866569519043,13.534610003320594,13.29693599680717,13.386866569519043,179100,0.0,0.0
2003-09-08,13.393289204665274,13.598845481872559,13.393289204665274,13.598845481872559,317200,0.0,0.0
2003-09-09,13.553880234446234,13.585997943388433,13.354747743538066,13.380441665649414,166500,0.0,0.0
2003-09-10,13.36116743655841,13.36116743655841,13.149187417499947,13.16203498840332,153300,0.0,0.0
2003-09-11,13.25839277793553,13.52176192409014,13.207003706130047,13.496068000793457,195500,0.0,0.0
2003-09-12,13.489638846637874,13.66307735443115,13.425402226135366,13.663077354431152,227100,0.0,0.0
2003-09-15,13.618110832032455,13.746582835980526,13.592415696115932,13.714465141296387,407700,0.0,0.0
2003-09-16,13.682354264043145,13.887911796569826,13.682354264043145,13.887911796569824,240700,0.0,0.0
2003-09-17,13.791546516337014,13.81081786606343,13.675922093612645,13.727311134338379,172300,0.0,0.0
2003-09-18,13.733740834580233,13.875061688978231,13.650234059427609,13.772283554077148,119100,0.0,0.0
2003-09-19,13.746589522428224,13.830097529564352,13.740165735324513,13.778708457946777,191900,0.0,0.0
2003-09-22,13.75943329035701,13.939295603869176,13.753009505030313,13.93287181854248,252800,0.0,0.0
2003-09-23,13.907175412105003,14.080613924512836,13.82366866087808,14.074190139770508,270900,0.0,0.0
2003-09-24,14.07419414485186,14.196243639264262,13.900755583088765,13.926450729370117,298000,0.0,0.0
2003-09-25,14.054921666030703,14.074193024207252,13.701622009277344,13.701622009277344,242300,0.0,0.0
2003-09-26,13.650233422719072,13.669504781568627,13.361169166035532,13.463947296142578,216600,0.0,0.0
2003-09-29,13.399717349609059,13.682356710088788,13.27124402196376,13.650238990783691,269500,0.0,0.0
2003-09-30,13.714472666052773,13.733742803351648,13.43825592945515,13.489645004272461,255400,0.0,0.0
2003-10-01,13.541030561541806,13.887907645359688,13.541030561541806,13.810823440551758,398300,0.0,0.0
2003-10-02,13.810822165571803,13.862211222295693,13.66307878064209,13.708044052124023,155400,0.0,0.0
2003-10-03,13.797978762975953,13.964993554080877,13.682353044117766,13.720895767211914,277600,0.0,0.0
2003-10-06,13.778710040587896,13.842945468578947,13.733743525697006,13.765862464904785,174700,0.0,0.0
2003-10-07,13.772281935066868,13.797975853165667,13.66950381224794,13.682350158691406,269300,0.0,0.0
2003-10-08,13.688777516038023,13.746590378359024,13.43825592945515,13.489645004272461,641300,0.0,0.0
2003-10-09,13.553881636392036,13.753014147897476,13.48964498665126,13.618118286132812,399600,0.0,0.0
2003-10-10,13.57957853805753,13.675934146397733,13.547460818752434,13.650238990783691,241300,0.0,0.0
2003-10-13,13.650231237233427,13.862211249791406,13.611689750917002,13.836517333984375,327400,0.0,0.0
2003-10-14,13.79797636081765,13.887908140501864,13.746587297517491,13.830095291137695,181000,0.0,0.0
2003-10-15,13.926446932624389,14.106308006710565,13.778703557421695,13.990683555603027,243700,0.0,0.0
2003-10-16,13.939297000389079,14.03565133951931,13.875060365898293,14.003532409667969,235600,0.0,0.0
2003-10-17,13.74016033968342,13.7787030471703,12.545364587457666,12.860122680664062,1796100,0.0,0.0
2003-10-20,12.860124562986627,13.072104584345228,12.577484126104554,13.039985656738281,558000,0.0,0.0
2003-10-21,13.007863630027536,13.039981321745513,12.686681812002165,12.815155029296875,450700,0.0,0.0
2003-10-22,12.789463036099553,12.789463036099553,12.365503030223124,12.545365333557129,421800,0.0,0.0
2003-10-23,12.526095390319824,12.628873510890116,12.365504423777264,12.526095390319824,263600,0.0,0.0
2003-10-24,12.493979316032291,12.519673236918857,12.288421822879753,12.333388328552246,450300,0.0,0.0
2003-10-27,12.333387192342107,12.487554379094897,12.281998130091177,12.41689395904541,450300,0.0,0.0
2003-10-28,12.461859235363487,12.564637359865348,12.36550489679448,12.41689395904541,420300,0.0,0.0
2003-10-29,12.436167764613975,12.455437900993521,12.217763900756836,12.217763900756836,440900,0.0,0.0
2003-10-30,12.269155502319336,12.493983199720288,12.172801124922465,12.269155502319336,475000,0.0,0.0
2003-10-31,12.20491504848341,12.410471316423948,12.20491504848341,12.333388328552246,292900,0.0,0.0
2003-11-03,12.493977522925476,12.622449559344302,12.365504261294827,12.519671440124512,496900,0.0,0.0
2003-11-04,12.519671604632702,12.5582130935436,12.410469698375286,12.526095390319824,253900,0.0,0.0
2003-11-05,12.54551688264161,12.571411216119463,12.36426148713575,12.428996086120605,259000,0.15,0.0
2003-11-06,12.428995470929427,12.428995470929427,12.137690407271036,12.202425003051758,383100,0.0,0.0
2003-11-07,12.23479185154417,12.364261044882943,12.163584906446605,12.176530838012695,563800,0.0,0.0
2003-11-10,12.202423512318443,12.234790188899806,11.755756214180147,11.78165054321289,581500,0.0,0.0
2003-11-11,11.814022918141882,11.962911677766106,11.561559261847744,11.911124229431152,545600,0.0,0.0
2003-11-12,12.072957825845359,12.183006286621094,12.053538308167827,12.183006286621094,409600,0.0,0.0
2003-11-13,12.105324745178223,12.170058111695361,11.975855542724302,12.105324745178223,257100,0.0,0.0
2003-11-14,12.09884443180531,12.221838747542206,12.040583446578722,12.208892822265625,248900,0.0,0.0
2003-11-17,12.20889913030175,12.221845062267173,11.645709727028425,11.859333038330078,505300,0.0,0.0
2003-11-18,12.008225625802423,12.021172796655437,11.775182723999023,11.775182723999023,267400,0.0,0.0
2003-11-19,11.781649546965568,11.924064640474446,11.775175965254782,11.833436965942383,293100,0.0,0.0
2003-11-20,11.878751012675414,11.885224594500352,11.671601333115323,11.710441589355469,333600,0.0,0.0
2003-11-21,11.84638900641605,11.84638900641605,11.60687253309354,11.652186393737793,263800,0.0,0.0
2003-11-24,11.781649540699446,11.988799216496536,11.71691495833549,11.969378471374512,470300,0.0,0.0
2003-11-25,12.008219689426669,12.040587600557824,11.839911490382903,11.924065589904785,214100,0.0,0.0
2003-11-26,12.008220309913822,12.247737925822452,11.943486953725738,12.241264343261719,357200,0.0,0.0
2003-11-28,12.241265266636304,12.299526279367983,12.118269658123904,12.202425003051758,142700,0.0,0.0
2003-12-01,12.234789636976602,12.396625482001978,12.234789636976602,12.35778522491455,236500,0.0,0.0
2003-12-02,12.351313571254378,12.351313571254378,12.234791547090987,12.267159461975098,235100,0.0,0.0
2003-12-03,12.29305818494591,12.441946957420898,12.273637427127762,12.364266395568848,514000,0.0,0.0
2003-12-04,12.364262376585682,12.48078441619873,12.338368041245063,12.48078441619873,330100,0.0,0.0
2003-12-05,12.480780849899148,12.480780849899148,12.280103512481164,12.396625518798828,219100,0.0,0.0
2003-12-08,12.396628170173962,12.603777899172725,12.36426148803407,12.558464050292969,251500,0.0,0.0
2003-12-09,12.55846645996409,12.590834383024392,12.24774180684527,12.273634910583496,263200,0.0,0.0
2003-12-10,12.31895103907979,12.344844144996024,12.0859069122831,12.137694358825684,215800,0.0,0.0
2003-12-11,12.137691922621233,12.474310874938965,12.137691922621233,12.474310874938965,190500,0.0,0.0
2003-12-12,12.474302159546994,12.713818421373583,12.461355000878257,12.687925338745117,317300,0.0,0.0
2003-12-15,12.78503048336085,12.869184571118437,12.629668235778807,12.629668235778809,231800,0.0,0.0
2003-12-16,12.623198649282527,12.720299930411974,12.506676618043278,12.558464050292969,117900,0.0,0.0
2003-12-17,12.623197827243226,12.629671410191591,12.441941208818088,12.493728637695312,194300,0.0,0.0
2003-12-18,12.506674664371005,12.687931266285652,12.49372749965362,12.655563354492188,106300,0.0,0.0
2003-12-19,12.655566029411423,12.765614483350213,12.629672929213392,12.726774215698242,177900,0.0,0.0
2003-12-22,12.623199345486423,12.772088067077181,12.545517575472635,12.726774215698242,263800,0.0,0.0
2003-12-23,12.752671241760254,12.836825378549934,12.63614917950523,12.752671241760254,239400,0.0,0.0
2003-12-24,12.752672462151402,12.76561839886632,12.64909756017072,12.713830947875977,73400,0.0,0.0
2003-12-26,12.70088379572581,12.78503793251549,12.694410210632741,12.752671241760254,65300,0.0,0.0
2003-12-29,12.752670986203203,13.005134626223107,12.752670986203203,12.998661041259766,180800,0.0,0.0
2003-12-30,12.849767544697713,13.018076987443045,12.849767544697713,12.959815979003906,137600,0.0,0.0
2003-12-31,13.011603597739514,13.011603597739514,12.752666464566067,12.797980308532715,207100,0.0,0.0
2004-01-02,12.862716886844524,12.94687100510538,12.772087950206098,12.83034896850586,108800,0.0,0.0
2004-01-05,12.985707161943505,13.069862488275913,12.895079488701938,13.005127906799316,205600,0.0,0.0
2004-01-06,13.166967792414203,13.166967792414203,12.914504205194966,12.933923721313477,206200,0.0,0.0
2004-01-07,12.99865631423761,13.01807706206519,12.888607879300599,12.992182731628418,180800,0.0,0.0
2004-01-08,13.043975642931862,13.205811572086626,12.927453576386808,13.154024124145508,207300,0.0,0.0
2004-01-09,13.076338154155847,13.225226850987045,12.979235649108887,12.979235649108887,338200,0.0,0.0
2004-01-12,13.108705500927842,13.1540193470812,12.927448881604704,13.024551391601562,195000,0.0,0.0
2004-01-13,13.024551391601562,13.056918071794046,12.914502950353533,13.024551391601562,209500,0.0,0.0
2004-01-14,13.108704395070722,13.179912567138672,13.05691697030574,13.179912567138672,121400,0.0,0.0
2004-01-15,13.115174361685101,13.15401461087328,12.882130397137505,13.01159954071045,251600,0.0,0.0
2004-01-16,13.095757492530359,13.108704657658356,13.011603388617626,13.050443649291992,187100,0.0,0.0
2004-01-20,13.076342015482771,13.581269264221191,13.01160740457246,13.581269264221191,541600,0.0,0.0
2004-01-21,13.477686924727747,13.64599632610099,13.477686924727747,13.51652717590332,252200,0.0,0.0
2004-01-22,13.594214598606582,13.671896368156665,13.374117692042832,13.484166145324707,276000,0.0,0.0
2004-01-23,13.516529093575839,13.516529093575839,13.335273739234484,13.380587577819824,264300,0.0,0.0
2004-01-26,13.451804205783446,13.535958353991552,13.341755713689603,13.445330619812012,190500,0.0,0.0
2004-01-27,13.432373003909927,13.658943397905691,13.354691267362204,13.393532752990723,226400,0.0,0.0
2004-01-28,13.490637157894547,13.490637157894547,13.141071113606124,13.173439025878906,190400,0.0,0.0
2004-01-29,13.154018278515236,13.328801300659448,13.056917011116099,13.173439025878906,387400,0.0,0.0
2004-01-30,13.15402202441137,13.283491240952488,13.141074855815267,13.22523021697998,199600,0.0,0.0
2004-02-02,13.335277633249541,13.367644317487704,13.21228201066678,13.238176345825195,146600,0.0,0.0
2004-02-03,13.205805910430692,13.335275092131921,13.141071319580078,13.141071319580078,140500,0.0,0.0
2004-02-04,13.147547750587485,13.147547750587485,12.946871586712215,12.972765922546387,241600,0.0,0.0
2004-02-05,13.07059900057058,13.174954976126239,12.97928658894336,13.031464576721191,228300,0.15,0.0
2004-02-06,13.109724166447348,13.207557678222656,12.985801054720973,13.207557678222656,232800,0.0,0.0
2004-02-09,13.285833750870852,13.344532900348348,13.103210166205262,13.174955368041992,186100,0.0,0.0
2004-02-10,13.27278447716093,13.501063570187476,13.240172467288007,13.49454116821289,318500,0.0,0.0
2004-02-11,13.572811298072759,13.631511688232422,13.468455325349208,13.631511688232422,212900,0.0,0.0
2004-02-12,13.631515621086665,13.66412764948506,13.585860025350595,13.592382431030273,151600,0.0,0.0
2004-02-13,13.651083917693967,13.651083917693967,13.442371895525405,13.553250312805176,200500,0.0,0.0
2004-02-17,13.566288937870086,13.592378553145474,13.285833037787626,13.40323257446289,371200,0.0,0.0
2004-02-18,13.409751755008509,13.409751755008509,13.070595546100002,13.1488618850708,536800,0.0,0.0
2004-02-19,13.18799761180865,13.25974280646134,12.887974514208794,12.89449691772461,407400,0.0,0.0
2004-02-20,13.044508625767511,13.051031029362948,12.737963120909637,12.790141105651855,212800,0.0,0.0
2004-02-23,12.490116569076049,12.653172924400856,12.477071762084961,12.477071762084961,288000,0.0,0.0
2004-02-24,12.49664224698268,12.744488668669828,12.477075031368981,12.718399047851562,293700,0.0,0.0
2004-02-25,12.653169632342848,12.653169632342848,12.464024956268139,12.516202926635742,289700,0.0,0.0
2004-02-26,12.490113404206799,12.907538414001465,12.490113404206799,12.907538414001465,187600,0.0,0.0
2004-02-27,12.848842736988445,12.953198716568295,12.751007917613606,12.881453514099121,194400,0.0,0.0
2004-03-01,13.077123914050723,13.129301916805204,12.979290314388788,13.096691131591797,171300,0.0,0.0
2004-03-02,13.174954225677848,13.174954225677848,12.927107864834523,12.953197479248047,165300,0.0,0.0
2004-03-03,12.914060932837707,13.011895726770073,12.731438638075597,12.959717750549316,174500,0.0,0.0
2004-03-04,12.894498822667622,13.12929916381836,12.881454013708844,13.12929916381836,342900,0.0,0.0
2004-03-05,13.044506903072083,13.096684880923526,12.946673350103266,13.011896133422852,347900,0.0,0.0
2004-03-08,13.044509887695312,13.090165473258821,12.868408705646289,12.881453514099121,177600,0.0,0.0
2004-03-09,12.861887705535175,12.901022135165926,12.731443338830626,12.868410110473633,196300,0.0,0.0
2004-03-10,12.848844139679798,13.037988906808934,12.84232173474134,12.868410110473633,276300,0.0,0.0
2004-03-11,12.946674706019762,12.966240672250013,12.666217579187814,12.67273998260498,266100,0.0,0.0
2004-03-12,12.751009829852801,12.796666666284764,12.587953431803422,12.718399047851562,211400,0.0,0.0
2004-03-15,12.744486472142313,12.744486472142313,12.353150935466633,12.372716903686523,219300,0.0,0.0
2004-03-16,12.424891951402534,12.496637135284095,12.007468141228545,12.137913703918457,488100,0.0,0.0
2004-03-17,12.229224625938937,12.229224625938937,11.922679176496315,12.14443588256836,507800,0.0,0.0
2004-03-18,12.144444136962521,12.144444136962521,11.955298070391516,12.000953674316406,360400,0.0,0.0
2004-03-19,12.000949923534554,12.000949923534554,11.877026720168073,11.9357271194458,340900,0.0,0.0
2004-03-22,11.955292357824952,11.955292357824952,11.68135762114724,11.837891578674316,303100,0.0,0.0
2004-03-23,11.96833660498357,12.020514588383174,11.844413427901538,11.890069007873535,201100,0.0,0.0
2004-03-24,11.955294902559084,12.013995304629026,11.877027285125303,11.883549690246582,211300,0.0,0.0
2004-03-25,11.948767928101475,12.00094590509672,11.844411974110981,11.877022743225098,235800,0.0,0.0
2004-03-26,11.883549690246582,11.968339712801642,11.818328127076937,11.883549690246582,197900,0.0,0.0
2004-03-29,12.000953874764848,12.216188328307116,11.974865490952839,12.183577537536621,458300,0.0,0.0
2004-03-30,12.098781870974076,12.29445025677097,12.098781870974076,12.281405448913574,269100,0.0,0.0
2004-03-31,12.248799633460063,12.248799633460063,12.131398803244565,12.177054405212402,178400,0.0,0.0
2004-04-01,12.261842077589382,12.39228770897678,12.2292312917534,12.379242897033691,310900,0.0,0.0
2004-04-02,12.542298419823759,12.555343230836575,12.294453230688458,12.314019203186035,393700,0.0,0.0
2004-04-05,12.346627724775784,12.346627724775784,11.922681439415962,12.196616172790527,405300,0.0,0.0
2004-04-06,12.209659402154674,12.229226612582462,12.046603047320241,12.150959014892578,309700,0.0,0.0
2004-04-07,12.098782537823276,12.294450934404836,12.098782537823276,12.261838912963867,220200,0.0,0.0
2004-04-08,12.359672532084405,12.379238499026041,12.196616172790527,12.196616172790527,221700,0.0,0.0
2004-04-12,12.222704383554055,12.34010515975384,12.190093609730237,12.209659576416016,208700,0.0,0.0
2004-04-13,12.307495515144367,12.307495515144367,12.07269394120172,12.105304718017578,351600,0.0,0.0
2004-04-14,12.09226451012495,12.19662051772722,11.994429664478801,12.118352890014648,428900,0.0,0.0
2004-04-15,12.131395390405862,12.229228973388672,12.09226220601704,12.229228973388672,373100,0.0,0.0
2004-04-16,12.196616397915326,12.2748827551691,12.105303989090832,12.190093994140625,196500,0.0,0.0
2004-04-19,12.56838039094397,14.192421052768033,12.56838039094397,14.153287887573242,1521100,0.0,0.0
2004-04-20,13.990232252159748,14.244599704155796,13.788041526911707,13.840219497680664,811100,0.0,0.0
2004-04-21,13.820659651267542,13.820659651267542,13.664125669700384,13.729347229003906,388700,0.0,0.0
2004-04-22,13.68369163988284,13.76195925267717,13.677169235148188,13.729347229003906,309700,0.0,0.0
2004-04-23,13.729346159190754,13.729346159190754,13.507589391578222,13.696735382080078,492000,0.0,0.0
2004-04-26,13.729347229003906,13.78804762759428,13.68369163988284,13.729347229003906,213400,0.0,0.0
2004-04-27,13.761953164982256,13.996753411456734,13.644552419734541,13.703252792358398,162200,0.0,0.0
2004-04-28,13.6967306533411,13.755431027091383,13.409751186564272,13.49454116821289,265100,0.0,0.0
2004-04-29,13.494545937922997,13.638035100017836,13.305399945868448,13.331489562988281,289800,0.0,0.0
2004-04-30,13.46845423333473,13.527154618735,13.279309514617035,13.344531059265137,191000,0.0,0.0
2004-05-03,13.344531059265137,13.357575865803247,13.109730761685281,13.344531059265137,266900,0.0,0.0
2004-05-04,13.344531443338822,13.533677411521618,13.14234191226373,13.324965476989746,213700,0.0,0.0
2004-05-05,13.32496621667938,13.442366997375974,13.207565435982788,13.40323257446289,227900,0.0,0.0
2004-05-06,13.363810630622316,13.363810630622316,13.10757277662914,13.337529182434082,211900,0.15,0.0
2004-05-07,13.271831598447834,13.468937499613702,12.976171493530273,12.976171493530273,349000,0.0,0.0
2004-05-10,12.943321228027344,13.140427133766323,12.871048477777617,12.943321228027344,420100,0.0,0.0
2004-05-11,13.074718391349498,13.140420745711692,12.910463132028102,13.009016036987305,214600,0.0,0.0
2004-05-12,13.035299059701762,13.035299059701762,12.667367585120596,12.93017578125,183700,0.0,0.0
2004-05-13,12.93017728108705,12.94331800570986,12.687078888238926,12.910466194152832,184100,0.0,0.0
2004-05-14,12.877615657765308,13.087862239415601,12.746210917649634,12.989309310913086,190600,0.0,0.0
2004-05-17,12.84476813192644,12.84476813192644,12.489977220304455,12.713364601135254,302100,0.0,0.0
2004-05-18,12.811913896836176,12.864475544747735,12.739641161019577,12.831624984741211,141000,0.0,0.0
2004-05-19,12.930177460807862,13.009019303303635,12.785631994284794,12.825054168701172,295800,0.0,0.0
2004-05-20,12.818486311620081,12.923609624272702,12.673942070014913,12.792204856872559,102600,0.0,0.0
2004-05-21,12.825054168701172,12.910466373599673,12.595096497279602,12.825054168701172,164700,0.0,0.0
2004-05-24,12.943317195026061,13.0418701171875,12.890755552995401,13.0418701171875,202400,0.0,0.0
2004-05-25,13.009020042964606,13.278398650950269,12.976169482251647,13.206127166748047,181700,0.0,0.0
2004-05-26,13.212696063045234,13.337529182434082,13.140423333696011,13.337529182434082,144000,0.0,0.0
2004-05-27,13.311249508600852,13.416372799132926,13.232406414117559,13.409802436828613,160300,0.0,0.0
2004-05-28,13.42951358798061,13.475504871162329,13.271828651428223,13.271828651428223,103400,0.0,0.0
2004-06-01,13.278398966901342,13.344101343059169,13.061582002798529,13.284969329833984,165200,0.0,0.0
2004-06-02,13.350668708762369,13.350668708762369,13.206124516200243,13.232404708862305,122800,0.0,0.0
2004-06-03,13.206123100073885,13.258684732930005,12.976165486390295,13.009016036987305,194300,0.0,0.0
2004-06-04,13.08129601461749,13.317824120370533,13.074725650216697,13.146998405456543,171200,0.0,0.0
2004-06-07,13.278398165444207,13.501785478996458,13.219267408956627,13.495216369628906,125700,0.0,0.0
2004-06-08,13.495216416340766,13.593769348385882,13.409802956244748,13.482075691223145,108700,0.0,0.0
2004-06-09,13.48207564455677,13.587198938796828,13.462364556948566,13.495216369628906,178100,0.0,0.0
2004-06-10,13.468935142961763,13.600339889526367,13.468935142961763,13.600339889526367,214500,0.0,0.0
2004-06-14,13.534635559219575,13.652899563393767,13.436082640130532,13.442651748657227,195000,0.0,0.0
2004-06-15,13.508355904314778,13.790875228836178,13.508355904314778,13.764595031738281,220900,0.0,0.0
2004-06-16,13.771164121887459,13.797445572117145,13.626619905129758,13.685751914978027,101500,0.0,0.0
2004-06-17,13.679181552420605,13.804015934674565,13.547778060777745,13.685751914978027,134600,0.0,0.0
2004-06-18,13.712030572756163,14.086532390082322,13.626617130072635,13.968268394470215,378000,0.0,0.0
2004-06-21,14.066825934073687,14.066825934073687,13.738315284042693,13.77116584777832,204500,0.0,0.0
2004-06-22,13.744886606972127,13.994554167031083,13.679184221745421,13.928853034973145,169800,0.0,0.0
2004-06-23,13.928853238241288,14.033976554870605,13.751457171491019,14.033976554870605,159100,0.0,0.0
2004-06-24,13.96826639840364,14.040539108320655,13.889423328206163,13.90256404876709,118700,0.0,0.0
2004-06-25,13.88285530422628,13.88285530422628,13.613476753234863,13.613476753234863,239100,0.0,0.0
2004-06-28,13.679178480032336,13.941986657459001,13.679178480032336,13.876285552978516,262300,0.0,0.0
2004-06-29,13.830296190584521,14.171947526013042,13.830296190584521,14.158806800842285,201800,0.0,0.0
2004-06-30,14.165371762361152,14.303346817709008,13.994546159780406,14.112810134887695,429100,0.0,0.0
2004-07-01,14.145666506785581,14.145666506785581,13.96827048679505,14.08653450012207,205100,0.0,0.0
2004-07-02,14.040546713907913,14.093108371455523,13.909141943454504,13.928853034973145,101000,0.0,0.0
2004-07-06,13.85000667199329,13.994550883037952,13.777733939886721,13.909138679504395,190500,0.0,0.0
2004-07-07,13.876288669637677,14.02083288639538,13.679181552420605,13.685751914978027,116100,0.0,0.0
2004-07-08,13.65290062634371,13.784304110970098,13.567487170826528,13.587198257446289,122400,0.0,0.0
2004-07-09,13.613482275711162,13.79744870964723,13.600342800776934,13.777737617492676,86600,0.0,0.0
2004-07-12,13.784308530317551,13.9157133102417,13.731746868981663,13.9157133102417,145500,0.0,0.0
2004-07-13,13.895995638912634,13.941986914163074,13.764592174363981,13.889425277709961,121500,0.0,0.0
2004-07-14,13.863147433373948,13.961700361764471,13.468934466643374,13.488645553588867,273300,0.0,0.0
2004-07-15,13.488645716138462,13.81058595445035,13.449223541772403,13.731742858886719,195900,0.0,0.0
2004-07-16,13.731743382922433,13.731743382922433,13.521496790953899,13.600339889526367,155900,0.0,0.0
2004-07-19,14.257354455207997,14.736979425709292,13.86971201242806,13.922273635864258,751000,0.0,0.0
2004-07-20,13.987988430691816,14.45447309731116,13.941995872720172,14.434762001037598,347200,0.0,0.0
2004-07-21,14.454463759443662,14.671280665708586,14.066821222005121,14.119382858276367,337100,0.0,0.0
2004-07-22,13.994548292944334,14.191655365890512,13.797442473166395,13.876285552978516,398700,0.0,0.0
2004-07-23,13.843432253978419,14.027398584912762,13.65946717621218,13.804011344909668,297100,0.0,0.0
2004-07-26,13.830295393247756,14.02083213773343,13.383522041715894,13.587198257446289,286300,0.0,0.0
2004-07-27,13.567485015441477,13.771161198815058,13.534634462795765,13.69888973236084,234900,0.0,0.0
2004-07-28,13.652898717477864,13.672608548173462,13.041868902548723,13.370379447937012,288000,0.0,0.0
2004-07-29,13.50178698243382,13.554348635406642,13.324392186880962,13.475506782531738,276900,0.0,0.0
2004-07-30,13.501787742090242,13.685754164430017,13.475507540709545,13.560919761657715,220800,0.0,0.0
2004-08-02,13.56091436970932,13.626616726790267,13.370378912659623,13.514923095703125,200900,0.0,0.0
2004-08-03,13.547776192114346,13.574056385550648,13.390090018823152,13.46893310546875,188100,0.0,0.0
2004-08-04,13.38351917552714,13.38351917552714,13.140420838618692,13.291535377502441,322100,0.0,0.0
2004-08-05,13.437163550424325,13.437163550424325,13.07972240447998,13.07972240447998,160900,0.15,0.0
2004-08-06,13.040002549720853,13.192245925408358,12.808327133984092,12.867900848388672,163700,0.0,0.0
2004-08-09,12.87452233518669,12.967192011188743,12.695801163585887,12.742136001586914,141800,0.0,0.0
2004-08-10,12.77523447109023,13.026768301988776,12.77523447109023,12.973814010620117,139200,0.0,0.0
2004-08-11,12.907616237148575,12.973809393434713,12.543555771368984,12.867900848388672,180700,0.0,0.0
2004-08-12,12.742140596202837,13.046627505734016,12.64285144146572,12.874526977539062,374000,0.0,0.0
2004-08-13,12.88114093177003,12.927477033797787,12.742136413275816,12.808329582214355,181400,0.0,0.0
2004-08-16,12.808330246397691,13.331253656816301,12.808330246397691,13.304777145385742,168900,0.0,0.0
2004-08-17,13.304780783944265,13.311400229244612,13.046627467351117,13.139298439025879,151500,0.0,0.0
2004-08-18,13.040009073775764,13.238587379455566,13.006911847809079,13.238587379455566,138800,0.0,0.0
2004-08-19,13.172394792173732,13.265065766586442,13.099583416778907,13.20549201965332,173500,0.0,0.0
2004-08-20,13.27167785440839,13.410683620922674,13.073099630850333,13.404064178466797,171800,0.0,0.0
2004-08-23,13.404064915208734,13.49011514680568,13.212104861026093,13.251821517944336,217400,0.0,0.0
2004-08-24,13.370969338384159,13.410684733885871,13.198867607837194,13.291537284851074,119500,0.0,0.0
2004-08-25,13.291544454800448,13.582793791492845,13.258448484450778,13.496742248535156,173700,0.0,0.0
2004-08-26,13.470260062030517,13.602645150306484,13.443782286857438,13.529833793640137,199700,0.0,0.0
2004-08-27,13.52983422026199,13.887275358660704,13.52983422026199,13.86741828918457,168800,0.0,0.0
2004-08-30,13.81446131612277,13.81446131612277,13.311395032464766,13.331252098083496,150000,0.0,0.0
2004-08-31,13.370972611582276,13.90051555633545,13.370972611582276,13.90051555633545,218300,0.0,0.0
2004-09-01,13.900517850259906,14.132193400270273,13.509979390607333,13.655603408813477,193100,0.0,0.0
2004-09-02,13.675458549033456,14.185144387400145,13.675458549033456,14.158666610717773,148500,0.0,0.0
2004-09-03,14.11232236175963,14.231469752388929,13.979937354138553,14.04612922668457,140100,0.0,0.0
2004-09-07,14.065997171938243,14.436677214490361,14.065997171938243,14.363865852355957,153000,0.0,0.0
2004-09-08,14.330766208887663,14.37048160538783,13.99318218231201,13.993182182312012,199300,0.0,0.0
2004-09-09,14.026284879088395,14.377106666564941,14.026284879088395,14.377106666564941,183500,0.0,0.0
2004-09-10,14.330764350483223,14.330764350483223,14.085851297541053,14.264571189880371,116600,0.0,0.0
2004-09-13,14.238093800288727,14.383717734561609,14.152042318081994,14.30428695678711,90800,0.0,0.0
2004-09-14,14.304287843759798,14.330764350483223,14.191759849493808,14.264571189880371,83800,0.0,0.0
2004-09-15,14.264574474869374,14.357245426066372,14.099092166518082,14.344006538391113,129700,0.0,0.0
2004-09-16,14.36386754910966,14.463156700134277,14.350628658965029,14.463156700134277,93400,0.0,0.0
2004-09-17,14.489628567339315,14.489628567339315,14.238096047972848,14.330765724182129,215400,0.0,0.0
2004-09-20,14.34400864376731,14.350628088576524,14.132191459992454,14.238100051879883,124600,0.0,0.0
2004-09-21,14.198383135212111,14.430057366240433,14.198383135212111,14.297672271728516,112500,0.0,0.0
2004-09-22,14.25795877174148,14.25795877174148,13.953470614936425,14.013044357299805,148500,0.0,0.0
2004-09-23,14.039518926256463,14.099092660351939,13.874036612108998,13.986564636230469,131000,0.0,0.0
2004-09-24,13.735030775573046,13.993182757224902,13.602644431760446,13.946847915649414,169000,0.0,0.0
2004-09-27,13.860799198220402,14.158666610717773,13.834321421538032,14.158666610717773,162100,0.0,0.0
2004-09-28,14.118950117078688,14.310910195601103,14.118950117078688,14.291051864624023,134200,0.0,0.0
2004-09-29,14.224856409146325,14.344003850840075,14.152043803104682,14.244714736938477,163600,0.0,0.0
2004-09-30,14.251332076959194,14.43005195060272,14.224854310476067,14.324143409729004,141700,0.0,0.0
2004-10-01,14.357246365592571,14.6484943383284,14.324149144238568,14.595540046691895,185800,0.0,0.0
2004-10-04,14.58230418637584,14.622019594279678,14.291054915844247,14.463156700134277,207200,0.0,0.0
2004-10-05,14.396962580123684,14.53596713005532,14.396962580123684,14.476394653320312,151400,0.0,0.0
2004-10-06,14.33738407474911,14.449912071228027,14.317525747418872,14.449912071228027,124300,0.0,0.0
2004-10-07,14.344009381582048,14.357248271881447,14.019664144427159,14.039521217346191,156600,0.0,0.0
2004-10-08,14.026280962272557,14.125570095859777,13.913752940865752,13.966707229614258,161100,0.0,0.0
2004-10-11,13.993179932139292,14.019657700568109,13.940225657811148,13.973322868347168,77900,0.0,0.0
2004-10-12,13.774747143819777,14.0461380314721,13.774747143819777,13.966707229614258,131400,0.0,0.0
2004-10-13,14.032901327498369,14.105712690226778,13.642362948889042,13.675458908081055,158600,0.0,0.0
2004-10-14,13.615877496079786,13.8343139861896,13.589400996157277,13.80783748626709,127000,0.0,0.0
2004-10-15,13.814460573409935,14.046134743370203,13.814460573409935,13.907130241394043,190000,0.0,0.0
2004-10-18,13.999801712027805,14.39695946707371,13.754888625811459,14.284431457519531,268500,0.0,0.0
2004-10-19,14.218237548878092,14.218237548878092,13.735029582244785,13.768125534057617,210900,0.0,0.0
2004-10-20,13.768130278858834,14.079237888244391,13.688699462122571,14.039521217346191,163400,0.0,0.0
2004-10-21,14.052759384811882,14.291054347823597,13.801226794711742,14.238100051879883,174400,0.0,0.0
2004-10-22,14.178524582099177,14.310910937079353,13.860798845182577,13.86741828918457,124500,0.0,0.0
2004-10-25,13.787993093729154,14.291059725771222,13.768134751828507,14.178531646728516,171200,0.0,0.0
2004-10-26,14.178520964867332,14.377099184146363,13.854175866695831,14.264571189880371,170600,0.0,0.0
2004-10-27,14.284433008518267,14.430056987417363,14.059376964973405,14.251337051391602,223200,0.0,0.0
2004-10-28,14.277811832952835,14.562441574829247,14.158664381699484,14.383720397949219,166000,0.0,0.0
2004-10-29,14.317532917270777,14.449919307375628,14.099096257368897,14.377106666564941,112800,0.0,0.0
2004-11-01,14.377101033135185,14.69482799238473,14.185142231482239,14.668350219726562,153000,0.0,0.0
2004-11-02,14.674965558408527,14.900021512937645,14.443290162566278,14.496244430541992,251000,0.0,0.0
2004-11-03,14.761020927425456,15.058889577934982,14.754402746329491,14.959600448608398,218800,0.0,0.0
2004-11-04,14.87297761373867,15.299442520781428,14.799678481228566,15.252798080444336,161200,0.15,0.0
2004-11-05,15.186155369405181,15.685919128488399,15.132846014976607,15.539320945739746,204400,0.0,0.0
2004-11-08,15.492684103809086,15.532664868206616,15.099536319497544,15.152844429016113,169200,0.0,0.0
2004-11-09,14.992915084581417,15.19282011065644,14.71971095582848,14.726374626159668,319500,0.0,0.0
2004-11-10,14.759695465836666,14.773022809893238,14.559790388849995,14.60643482208252,360300,0.0,0.0
2004-11-11,14.666401861632739,14.98625038987582,14.633083512254249,14.952933311462402,248400,0.0,0.0
2004-11-12,14.886302851816003,14.999582735578688,14.72637853432142,14.972928047180176,155800,0.0,0.0
2004-11-15,14.859649665844026,14.892968029710914,14.646417220958451,14.793015480041504,182200,0.0,0.0
2004-11-16,14.759691706850452,14.886298901212719,14.699719944834914,14.726374626159668,127600,0.0,0.0
2004-11-17,14.892964993384519,15.272785367271185,14.892964993384519,15.166169166564941,237200,0.0,0.0
2004-11-18,15.132853958900922,15.37274109589734,15.132853958900922,15.366077423095703,248100,0.0,0.0
2004-11-19,15.366077896443857,15.372741569450767,14.939612991726976,14.946276664733887,164000,0.0,0.0
2004-11-22,15.026236213932934,15.292778015136719,14.992919124265214,15.292778015136719,120500,0.0,0.0
2004-11-23,15.299437174622181,15.306100845336914,14.93960785278324,15.306100845336914,115500,0.0,0.0
2004-11-24,15.232806109885884,15.51933765411377,15.232806109885884,15.51933765411377,85900,0.0,0.0
2004-11-26,15.532662205195253,15.692586506332594,15.49268144765226,15.572644233703613,57900,0.0,0.0
2004-11-29,15.62595335208302,15.679261455935052,15.226141937710054,15.492682456970215,306800,0.0,0.0
2004-11-30,15.5593185441859,15.5593185441859,15.259459653337311,15.35941219329834,150300,0.0,0.0
2004-12-01,15.525999959899655,15.679261874661997,15.49268287071442,15.605962753295898,165400,0.0,0.0
2004-12-02,15.605956484965226,15.659264568829023,15.412713886605852,15.512667655944824,140700,0.0,0.0
2004-12-03,15.419384002685547,15.572645919965948,15.372739568673666,15.419384002685547,111900,0.0,0.0
2004-12-06,15.419383492316348,15.446038179992605,15.132851954623893,15.326094627380371,158500,0.0,0.0
2004-12-07,15.326095010339994,15.326095010339994,14.912956237792969,14.912956237792969,132500,0.0,0.0
2004-12-08,14.992917522675953,15.192822581258818,14.972926508431518,15.166169166564941,147400,0.0,0.0
2004-12-09,15.026235740453266,15.166170308772436,14.83299433873165,15.059554100036621,148900,0.0,0.0
2004-12-10,14.939612811135365,15.272788831659378,14.886304698690148,15.11286449432373,104400,0.0,0.0
2004-12-13,15.226138092666801,15.379398693667948,15.012905731106054,15.372735023498535,124700,0.0,0.0
2004-12-14,15.326095446536135,15.66593510677954,15.326095446536135,15.552655220031738,129000,0.0,0.0
2004-12-15,15.559320617528897,15.719244956970215,15.372741586031191,15.719244956970215,124000,0.0,0.0
2004-12-16,15.659265452813704,15.819189713433017,15.652601783083934,15.745890617370605,193900,0.0,0.0
2004-12-17,15.659279222817714,15.772559165906532,15.49269114597923,15.712587356567383,240100,0.0,0.0
2004-12-20,15.699252453386297,15.75922423387649,15.392731149516905,15.565982818603516,129300,0.0,0.0
2004-12-21,15.645938014282684,15.91247844696045,15.625948276185001,15.91247844696045,151700,0.0,0.0
2004-12-22,15.912480777827446,15.979116213498934,15.805864589139155,15.959126472473145,125200,0.0,0.0
2004-12-23,15.859173938356818,15.932473050491845,15.732567998624912,15.892492294311523,95600,0.0,0.0
2004-12-27,15.972456012016183,15.972456012016183,15.645943704369914,15.765887260437012,94600,0.0,0.0
2004-12-28,15.772551274452375,16.02576446533203,15.772551274452375,16.02576446533203,105100,0.0,0.0
2004-12-29,15.959122917508385,16.1257108340963,15.912477233253219,16.119047164916992,83100,0.0,0.0
2004-12-30,16.059077402182588,16.099058151245117,15.95246122403912,16.099058151245117,90900,0.0,0.0
2004-12-31,16.039094554187596,16.159038133377496,15.925814648393331,15.985786437988281,130600,0.0,0.0
2005-01-03,15.939138922426656,15.972456012016183,15.692588138181453,15.765887260437012,190800,0.0,0.0
2005-01-04,15.885829987337097,15.939138090477204,15.072881096709105,15.132851600646973,279300,0.0,0.0
2005-01-05,15.146176551388425,15.452699049243854,14.992915937943327,15.099532127380371,219800,0.0,0.0
2005-01-06,15.092871758469961,15.359412290372454,14.992919217877215,15.272787094116211,134800,0.0,0.0
2005-01-07,15.326093313116573,15.346084327159469,14.926281929016113,14.926281929016113,146100,0.0,0.0
2005-01-10,15.066219227660532,15.37274053965091,14.979592755339368,15.152844429016113,101800,0.0,0.0
2005-01-11,15.046227137573426,15.046227137573426,14.719714831173347,14.912956237792969,161300,0.0,0.0
2005-01-12,14.846318473539045,15.046223503967937,14.539795986454198,15.006242752075195,133900,0.0,0.0
2005-01-13,15.012911597700457,15.046228690601719,14.719716350499978,14.793015480041504,146700,0.0,0.0
2005-01-14,14.89296341921675,15.099532127380371,14.813000641656352,15.099532127380371,145600,0.0,0.0
2005-01-18,15.099536150433261,15.34608694854959,14.966265242646235,15.319432258605957,126100,0.0,0.0
2005-01-19,15.259460948135212,15.326096404085227,14.999584067992329,15.026237487792969,133800,0.0,0.0
2005-01-20,15.026229366966678,15.259452701264916,14.946267879813806,14.992912292480469,204400,0.0,0.0
2005-01-21,14.939609271711378,14.966262686136552,14.706385858405662,14.926281929016113,224400,0.0,0.0
2005-01-24,14.919618716516181,14.952937074279037,14.646414537687727,14.693058967590332,118300,0.0,0.0
2005-01-25,15.159502406074088,15.159502406074088,14.659738590489228,14.719710350036621,124400,0.0,0.0
2005-01-26,14.786348421147826,14.939609046941467,14.706385637144653,14.906291961669922,114600,0.0,0.0
2005-01-27,14.839654244767251,14.959597766898163,14.713047052410719,14.919615745544434,224900,0.0,0.0
2005-01-28,14.98625484601976,15.059553965482769,14.753031414881917,14.819666862487793,158400,0.0,0.0
2005-01-31,14.979596178806617,15.312772257183806,14.952942753438696,15.15951156616211,191800,0.0,0.0
2005-02-01,15.192822748912432,15.286112878783882,15.059553132041673,15.266121864318848,146200,0.0,0.0
2005-02-02,15.192824299062707,15.306104183991955,15.006246562213718,15.272787094116211,150500,0.0,0.0
2005-02-03,15.092864786904022,15.092864786904022,14.93960421072358,14.992912292480469,129500,0.0,0.0
2005-02-04,15.046221698346237,15.15950154091918,14.952932864803238,15.126184463500977,176800,0.0,0.0
2005-02-07,15.126183456113177,15.360958185999634,15.126183456113177,15.293879508972168,96200,0.15,0.0
2005-02-08,15.260347647158147,15.602447901789665,15.240223651208085,15.374381065368652,91400,0.0,0.0
2005-02-09,15.327424107849628,15.441457509347387,14.837751792943846,14.884706497192383,177000,0.0,0.0
2005-02-10,14.958487929733845,15.193262667883445,14.844454558599434,15.119477272033691,207300,0.0,0.0
2005-02-11,15.059110543725104,15.495120155136133,14.958491858505864,15.428041458129883,149600,0.0,0.0
2005-02-14,15.307298865739199,15.535365650123959,15.300590868619691,15.488410949707031,126200,0.0,0.0
2005-02-15,15.327422362572078,15.917712016427704,14.810918115811162,14.851164817810059,736600,0.0,0.0
2005-02-16,14.857876896846918,15.226809151361273,14.857876896846918,15.06581974029541,212800,0.0,0.0
2005-02-17,15.05910736975558,15.119478056395057,14.831040615655215,14.898118019104004,139800,0.0,0.0
2005-02-18,15.065821867028935,15.085945866107913,14.878002993305625,14.94508171081543,144400,0.0,0.0
2005-02-22,15.092642602284236,15.092642602284236,14.388319792611972,14.408442497253418,201900,0.0,0.0
2005-02-23,14.44870309246555,14.502365817438577,14.321253640872007,14.38833236694336,168400,0.0,0.0
2005-02-24,14.408449718645844,14.589561827705703,14.200506896810344,14.562729835510254,256600,0.0,0.0
2005-02-25,14.448698418932674,14.87800007985625,14.435282422173843,14.797505378723145,188400,0.0,0.0
2005-02-28,14.757264998318844,14.871298460846306,14.623107532020505,14.64993953704834,184900,0.0,0.0
2005-03-01,14.649934195689411,15.186561306387944,14.629810199255735,15.072527885437012,272200,0.0,0.0
2005-03-02,15.07252382238407,15.27375989421441,14.965198429175734,15.132894515991211,263300,0.0,0.0
2005-03-03,15.253629160570908,15.387786482488933,15.025562480961694,15.300583839416504,248400,0.0,0.0
2005-03-04,15.421336569110252,15.542077992176534,15.35425785858232,15.468291282653809,143400,0.0,0.0
2005-03-07,15.428037225988119,15.58231729118735,15.327419847789464,15.381082534790039,112500,0.0,0.0
2005-03-08,15.34754834539616,15.56890717270505,15.079234809176269,15.240222930908203,185900,0.0,0.0
2005-03-09,15.246932881578662,15.428045021500562,15.099360737616388,15.213394165039062,111300,0.0,0.0
2005-03-10,15.280469297753596,15.347546715118442,15.025570505856173,15.05240249633789,107500,0.0,0.0
2005-03-11,15.045694971438417,15.327424483249498,14.824336160688267,14.958492279052734,191600,0.0,0.0
2005-03-14,14.998740050391966,15.280469558152415,14.945077347933774,15.092649459838867,155100,0.0,0.0
2005-03-15,15.159731718131644,15.280473146874451,14.804215431213379,14.804215431213379,181400,0.0,0.0
2005-03-16,14.810919006492904,14.8847056974445,14.462110823074022,14.576144218444824,262100,0.0,0.0
2005-03-17,14.60297734943992,14.629808061343992,14.093181029064892,14.556022644042969,309700,0.0,0.0
2005-03-18,14.656634799085307,14.656634799085307,14.36819739284153,14.535893440246582,369600,0.0,0.0
2005-03-21,14.455409698760672,14.455409698760672,14.04623190387446,14.207220077514648,315000,0.0,0.0
2005-03-22,14.30782875444006,14.556019502948546,14.267582055559044,14.30112075805664,138100,0.0,0.0
2005-03-23,14.26758299179489,14.42186308047885,14.166965598280116,14.200504302978516,77700,0.0,0.0
2005-03-24,14.28770980667148,14.321249800423066,14.133429673673998,14.140137672424316,178200,0.0,0.0
2005-03-28,14.160261016502925,14.180383732407154,13.979148896845567,14.052935600280762,233900,0.0,0.0
2005-03-29,13.91878049814281,14.254172799302879,13.549849478634773,13.824871063232422,441100,0.0,0.0
2005-03-30,13.818153038419624,14.408442497253418,13.804737049045881,14.408442497253418,378300,0.0,0.0
2005-03-31,14.374910063019282,14.462111473083496,14.301123368751291,14.462111473083496,204300,0.0,0.0
2005-04-01,14.462108388293734,14.522479074468617,13.91877349213924,14.153548240661621,272800,0.0,0.0
2005-04-04,13.992563939831383,14.287708174611907,13.952315951926934,14.254169464111328,241300,0.0,0.0
2005-04-05,14.254168761860218,14.254168761860218,13.93890054865959,14.093180656433105,253500,0.0,0.0
2005-04-06,14.140137127153398,14.254170542671567,13.95902500613868,14.086474418640137,252500,0.0,0.0
2005-04-07,14.01939004906736,14.294411479011895,13.959019366453253,14.18708610534668,95900,0.0,0.0
2005-04-08,14.187086734489004,14.267581408017229,13.999267961955528,14.073053359985352,173100,0.0,0.0
2005-04-11,13.85169241956697,13.97243377108185,13.751075053110979,13.9321870803833,219800,0.0,0.0
2005-04-12,13.93219393381535,14.696887830347082,13.791328527948007,14.58956241607666,417400,0.0,0.0
2005-04-13,14.596260979901414,14.696878330817041,13.985847601005041,14.019386291503906,288200,0.0,0.0
2005-04-14,13.992568521876608,14.153556687952651,13.89865779876709,13.89865779876709,214500,0.0,0.0
2005-04-15,13.905355799581185,13.985850464445454,13.650458373113041,13.751075744628906,241600,0.0,0.0
2005-04-18,13.6840019622574,13.945608757021414,13.556552563752867,13.75778865814209,348900,0.0,0.0
2005-04-19,13.75108066038714,13.818159358516882,13.710833953277197,13.75778865814209,197900,0.0,0.0
2005-04-20,13.751081319609732,13.824868019031733,13.724249327303617,13.744373321533203,292100,0.0,0.0
2005-04-21,13.811445728868419,14.07305113753784,13.771199038169868,13.9321870803833,157900,0.0,0.0
2005-04-22,13.885237348517045,13.932192050987307,13.590091859450082,13.697417259216309,167800,0.0,0.0
2005-04-25,13.744373575251874,13.818160276035965,13.670586874467784,13.78462028503418,116000,0.0,0.0
2005-04-26,13.791329978193563,13.865116688046065,13.529724413327408,13.543140411376953,171500,0.0,0.0
2005-04-27,13.476062115339491,13.724251689795322,13.241287259926112,13.6638822555542,192000,0.0,0.0
2005-04-28,13.596804659772419,13.596804659772419,13.321783065795898,13.321783065795898,223500,0.0,0.0
2005-04-29,13.388856670544238,13.449227371876773,13.174205856659565,13.422396659851074,231500,0.0,0.0
2005-05-02,13.469349713041849,13.536428404006541,13.281529634224631,13.462641716003418,159100,0.0,0.0
2005-05-03,13.429102355053724,13.57667444444063,13.362023667361656,13.476057052612305,228400,0.0,0.0
2005-05-04,13.536430498840067,13.777913311915846,13.40227309614912,13.744373321533203,150100,0.0,0.0
2005-05-05,13.78462260749718,13.871825319374087,13.610219742583471,13.73095989227295,205200,0.0,0.0
2005-05-06,13.771497983503247,13.845829349843877,13.62959405379553,13.683652877807617,92200,0.15,0.0
2005-05-09,13.703925541024516,13.839071957814902,13.643109202366428,13.812043190002441,108400,0.0,0.0
2005-05-10,13.785016173200694,13.785016173200694,13.501206959831958,13.595810890197754,181700,0.0,0.0
2005-05-11,13.622839509102642,13.812046078818957,13.379574103590851,13.764744758605957,158500,0.0,0.0
2005-05-12,13.785008786566088,13.845825106047263,13.42011215854268,13.453898429870605,204500,0.0,0.0
2005-05-13,13.474177482331934,13.541751346531314,13.210639540840774,13.352544784545898,128900,0.0,0.0
2005-05-16,13.386330658820345,13.609323501586914,13.386330658820345,13.609323501586914,101000,0.0,0.0
2005-05-17,13.541753416686623,13.737716235071376,13.433634444120692,13.724201202392578,122500,0.0,0.0
2005-05-18,13.785017973830572,14.01476838079979,13.785017973830572,14.008010864257812,195900,0.0,0.0
2005-05-19,13.967468678797612,14.014770011229826,13.656629326027193,13.805292129516602,104300,0.0,0.0
2005-05-20,13.805292129516602,13.852593461948816,13.649873097563715,13.805292129516602,62400,0.0,0.0
2005-05-23,13.805293682743692,13.953955214094295,13.75123482690122,13.94044017791748,96800,0.0,0.0
2005-05-24,13.933686776590646,13.980988123944705,13.798538965123287,13.920171737670898,129200,0.0,0.0
2005-05-25,13.872858760810384,13.872858760810384,13.440386899971564,13.568777084350586,224500,0.0,0.0
2005-05-26,13.60257213995841,13.987742941582667,13.60257213995841,13.974227905273438,118600,0.0,0.0
2005-05-27,13.987745643404578,14.041804510218512,13.859355351397094,13.920171737670898,182900,0.0,0.0
2005-05-31,13.933678334473296,13.974222137802862,13.751229286193848,13.751229286193848,88600,0.0,0.0
2005-06-01,13.724204889011881,14.055315545399216,13.724204889011881,13.974227905273438,102300,0.0,0.0
2005-06-02,13.967461666858101,13.967461666858101,13.79177017112142,13.8931303024292,102400,0.0,0.0
2005-06-03,13.920168174044479,14.035043397723639,13.703932762145996,13.703932762145996,149800,0.0,0.0
2005-06-06,13.683656615397494,13.98098087310791,13.649870324485475,13.98098087310791,155200,0.0,0.0
2005-06-07,13.974220963542928,14.190456281615953,13.974220963542928,14.062066078186035,182900,0.0,0.0
2005-06-08,14.082340173362226,14.149914039917492,13.90664863586426,13.906648635864258,217000,0.0,0.0
2005-06-09,13.967463448745127,14.095853652175045,13.751228130672102,14.062066078186035,168500,0.0,0.0
2005-06-10,14.089100875917238,14.102615910058308,13.994496925794339,14.041799545288086,73100,0.0,0.0
2005-06-13,14.068823592983836,14.116124907704291,13.920162134024672,14.062066078186035,98000,0.0,0.0
2005-06-14,14.05531077854535,14.251274871973632,14.041797035684104,14.197216033935547,143800,0.0,0.0
2005-06-15,14.224243949499694,14.359391680865318,14.035038672224966,14.325605392456055,151600,0.0,0.0
2005-06-16,14.318849061589127,14.399936676025389,14.224245126260962,14.39993667602539,140500,0.0,0.0
2005-06-17,14.494541640081424,14.494541640081424,14.095857189024667,14.30533504486084,344200,0.0,0.0
2005-06-20,14.285062495380766,14.420210247518966,14.122885966133616,14.30533504486084,97100,0.0,0.0
2005-06-21,14.278304759486218,14.399937476768688,14.203974656930406,14.298577308654785,124700,0.0,0.0
2005-06-22,14.339118522803991,14.528325080871582,14.25803091853519,14.528325080871582,106900,0.0,0.0
2005-06-23,14.474267052745601,14.514810857133037,13.90664863586426,13.906648635864258,174200,0.0,0.0
2005-06-24,13.91340931024798,13.980983192144935,13.697173919269403,13.88637924194336,169000,0.0,0.0
2005-06-27,13.879623194043827,13.926924525326815,13.616085180108508,13.872865676879883,134500,0.0,0.0
2005-06-28,13.920167094680409,14.298579036160849,13.920167094680409,14.24452018737793,111600,0.0,0.0
2005-06-29,14.251272735163054,14.312089079945249,14.082338730515664,14.19045639038086,95300,0.0,0.0
2005-06-30,14.231006223125988,14.258036293982398,13.926925659179688,13.926925659179688,184700,0.0,0.0
2005-07-01,13.994492041136896,14.244514930019974,13.974220785865393,14.210728645324707,108300,0.0,0.0
2005-07-05,14.170181860823831,14.372903411321264,13.987734140899327,14.264785766601562,132300,0.0,0.0
2005-07-06,14.26478745244574,14.359390080539828,14.176941050189106,14.25802993774414,181400,0.0,0.0
2005-07-07,14.217485609873671,14.352632032289234,14.021521557404576,14.318845748901367,140500,0.0,0.0
2005-07-08,14.318843203188687,14.670224870089125,14.291813150192725,14.643196105957031,168100,0.0,0.0
2005-07-11,14.643203118780258,14.920254850353265,14.643203118780258,14.798622131347656,198000,0.0,0.0
2005-07-12,14.79185795500068,14.954034411035272,14.683740317644284,14.751314163208008,154300,0.0,0.0
2005-07-13,14.751313740213146,14.839158834722287,14.582379775579982,14.643196105957031,146800,0.0,0.0
2005-07-14,14.798624198705138,14.859440566703947,14.59590383128555,14.67699146270752,157800,0.0,0.0
2005-07-15,14.649961805580547,14.656719322605626,14.42021138218618,14.582387924194336,185500,0.0,0.0
2005-07-18,14.582383075350924,14.582383075350924,12.872770502413076,13.426875114440918,1199400,0.0,0.0
2005-07-19,13.595814326859102,13.595814326859102,12.906563021758533,12.9808931350708,453600,0.0,0.0
2005-07-20,12.987645231408171,13.041704058918743,12.724108608402142,12.798439979553223,382400,0.0,0.0
2005-07-21,12.805200978805392,12.926832407155903,12.636266935754474,12.710597038269043,302400,0.0,0.0
2005-07-22,12.771408764127527,12.78492379199658,12.683563660706678,12.744379997253418,515100,0.0,0.0
2005-07-25,12.832225068174875,12.879526376732764,12.73086493714168,12.838982582092285,359400,0.0,0.0
2005-07-26,12.832224766972757,13.007916258109603,12.744379665836318,12.906556129455566,282800,0.0,0.0
2005-07-27,12.886287368027267,12.994405042153529,12.72411085683787,12.953861236572266,149600,0.0,0.0
2005-07-28,12.980886203074412,13.007916258109603,12.879526074420378,12.906556129455566,184500,0.0,0.0
2005-07-29,12.879530424336568,13.041706942729109,12.825471584872389,12.845744132995605,160000,0.0,0.0
2005-08-01,12.859255428875146,12.906556738555057,12.710592696893684,12.771409034729004,201900,0.0,0.0
2005-08-02,12.825468748876451,12.906557634574368,12.74438115204265,12.798439979553223,213000,0.0,0.0
2005-08-03,12.778166548806709,12.852497914797441,12.575446281931656,12.771409034729004,278500,0.0,0.0
2005-08-04,12.764649967989142,12.771407481244879,12.467327117919922,12.467327117919922,217400,0.0,0.0
2005-08-05,12.48777049419134,12.678527958872122,12.433268547058105,12.433268547058105,240500,0.15,0.0
2005-08-08,12.501396322686169,12.542272458233976,12.399205334102195,12.508209228515625,213300,0.0,0.0
2005-08-09,12.55589970498539,12.855661098598388,12.528648078552813,12.767094612121582,228800,0.0,0.0
2005-08-10,12.855656019266783,12.876093431587227,12.474141196523469,12.624022483825684,221800,0.0,0.0
2005-08-11,12.624021997977295,12.87609293603763,12.610396190669032,12.84884262084961,143300,0.0,0.0
2005-08-12,12.787537873765126,12.787537873765126,12.569529982589746,12.72622299194336,213300,0.0,0.0
2005-08-15,12.726216982886665,12.848846688626987,12.528646612654168,12.712591171264648,205500,0.0,0.0
2005-08-16,12.705776775971461,12.705776775971461,12.453705787658691,12.453705787658691,218100,0.0,0.0
2005-08-17,12.45370998847833,12.658092010074546,12.406019637305292,12.501399040222168,161700,0.0,0.0
2005-08-18,12.47414741098043,12.521836462724268,12.344706070369789,12.501399040222168,226900,0.0,0.0
2005-08-19,12.5013979368544,12.5013979368544,12.378768214948233,12.419644355773926,53200,0.0,0.0
2005-08-22,12.44689288264635,12.535458048949247,12.399203846988733,12.453705787658691,296900,0.0,0.0
2005-08-23,12.45371065987251,12.549088768502129,12.365144159491344,12.412833213806152,155100,0.0,0.0
2005-08-24,12.440078852034123,12.56952143669887,12.35151239431611,12.474142074584961,151100,0.0,0.0
2005-08-25,12.42645184278858,12.569520222424044,12.385575719790673,12.535455703735352,123500,0.0,0.0
2005-08-26,12.535461314829178,12.555900035191124,12.38558126379554,12.426457405090332,170000,0.0,0.0
2005-08-29,12.399203043263975,12.658086919808058,12.351512711268914,12.562708854675293,155100,0.0,0.0
2005-08-30,12.49457627855792,12.671707830639626,12.426448558614467,12.630831718444824,171800,0.0,0.0
2005-08-31,12.644458714336535,12.842029011158692,12.56951937711816,12.787527084350586,357200,0.0,0.0
2005-09-01,12.807968026777962,12.937410625928896,12.739841574052116,12.773904800415039,176700,0.0,0.0
2005-09-02,12.807969253760936,12.855659594437995,12.617213088768363,12.712591171264648,85000,0.0,0.0
2005-09-06,12.712590493839954,12.828407287597656,12.664901455133052,12.828407287597656,279300,0.0,0.0
2005-09-07,12.848848276072422,12.985102510839738,12.719405648528756,12.978289604187012,771000,0.0,0.0
2005-09-08,12.957849892251287,13.005538930958192,12.692151777496061,12.828407287597656,140900,0.0,0.0
2005-09-09,12.86247576526898,12.985105514526367,12.82159961532631,12.985105514526367,114000,0.0,0.0
2005-09-12,12.985097102874372,13.03278613015311,12.91696936414966,12.964659690856934,122700,0.0,0.0
2005-09-13,12.951036718756166,12.957849624063124,12.76709217375476,12.889721870422363,333000,0.0,0.0
2005-09-14,12.937408328345787,12.937408328345787,12.807965752182847,12.903345108032227,277200,0.0,0.0
2005-09-15,12.930596206667717,13.025975568287322,12.821592335755577,12.923783302307129,290700,0.0,0.0
2005-09-16,12.985099703625409,13.032788740455656,12.855658403494392,13.02597713470459,416500,0.0,0.0
2005-09-19,13.039600806931643,13.073665330639939,12.930596929922523,12.95784854888916,210900,0.0,0.0
2005-09-20,13.02597432455759,13.087287859091347,12.760276277578232,12.780714988708496,140000,0.0,0.0
2005-09-21,12.787533412964205,12.787533412964205,12.358329389935292,12.385581016540527,382100,0.0,0.0
2005-09-22,12.426457157019302,12.501397830754621,12.290202922280358,12.385581016540527,192300,0.0,0.0
2005-09-23,12.3992019106978,12.467328351324875,12.324261266693743,12.378763198852539,215900,0.0,0.0
2005-09-26,12.460517481437025,12.589958765802761,12.460517481437025,12.515019416809082,222500,0.0,0.0
2005-09-27,12.521826586878394,12.780711662777879,12.43326146055163,12.630831718444824,267100,0.0,0.0
2005-09-28,12.658084499903,12.760275450070166,12.480952913213308,12.685336112976074,204400,0.0,0.0
2005-09-29,12.698961744724185,12.89653205871582,12.480954018546207,12.89653205871582,325500,0.0,0.0
2005-09-30,12.862468779324098,12.91015911102295,12.678525554771795,12.91015911102295,159200,0.0,0.0
2005-10-03,12.923782267964985,13.039599033968434,12.842030021038159,12.964659690856934,165200,0.0,0.0
2005-10-04,12.978285237763199,13.073664599382804,12.876094271211647,12.923783302307129,153900,0.0,0.0
2005-10-05,12.88972282406412,12.88972282406412,12.535459518465176,12.712591171264648,306700,0.0,0.0
2005-10-06,12.719401649169823,12.964661013834847,12.562708743713245,12.733027458190918,488000,0.0,0.0
2005-10-07,12.746653844429368,12.814781600136387,12.658088671610447,12.760279655456543,273700,0.0,0.0
2005-10-10,12.76708918128832,13.393862028902715,12.658085320783949,12.780714988708496,133200,0.0,0.0
2005-10-11,12.780722337741874,12.903352076179655,12.685344229814385,12.692155838012695,164100,0.0,0.0
2005-10-12,12.671712617024662,12.794342299357174,12.412827443338543,12.733027458190918,216900,0.0,0.0
2005-10-13,12.807969631837384,12.944225153221828,12.753467683169399,12.862471580505371,193300,0.0,0.0
2005-10-14,12.889721481038785,13.216733129321204,12.821593729456087,13.121355056762695,242700,0.0,0.0
2005-10-17,12.951031203990722,12.957844106396633,11.860991508182137,12.208441734313965,1114600,0.0,0.0
2005-10-18,12.174382992140751,12.31063719200664,11.908684898459091,12.092629432678223,419600,0.0,0.0
2005-10-19,12.058568231926584,12.201635360717773,11.717930725933504,12.201635360717773,456500,0.0,0.0
2005-10-20,12.228884581672874,12.228884581672874,11.64298777068938,11.724740028381348,481400,0.0,0.0
2005-10-21,11.83374924179935,12.303828132481799,11.717932421030671,12.19482421875,403900,0.0,0.0
2005-10-24,12.106254065726711,12.297010186882597,12.07900244874523,12.228883743286133,252400,0.0,0.0
2005-10-25,12.181193484870706,12.2220709105822,11.888246397176754,11.983624458312988,321000,0.0,0.0
2005-10-26,11.990438966612993,12.16075769824264,11.786055709000136,11.792868614196777,230400,0.0,0.0
2005-10-27,11.758806093403503,11.820120944424586,11.472670555114746,11.472670555114746,331500,0.0,0.0
2005-10-28,11.56123286905552,11.704301252521388,11.459041909110502,11.67704963684082,475000,0.0,0.0
2005-10-31,11.677052002844173,12.15394497845368,11.677052002844173,12.051753997802734,268300,0.0,0.0
2005-11-01,11.983624430580672,12.099441204304632,11.888246369665161,12.01087474822998,183600,0.0,0.0
2005-11-02,12.004065082941857,12.331076744142088,12.004065082941857,12.262948989868164,175800,0.0,0.0
2005-11-03,12.358324843287551,12.358324843287551,12.113066791216655,12.147130012512207,225300,0.0,0.0
2005-11-04,12.1677415825795,12.325765204648581,12.105907847538994,12.23644733428955,141200,0.15,0.0
2005-11-07,12.312022729902445,12.408209987725298,12.174611238338565,12.33950424194336,174600,0.0,0.0
2005-11-08,12.339505502284721,12.3669883275858,12.092166626841207,12.167741775512695,211900,0.0,0.0
2005-11-09,12.174608837354219,12.435690357746443,12.160868739270033,12.312020301818848,141200,0.0,0.0
2005-11-10,12.270799885287401,12.346375026724282,12.195223433397407,12.332634925842285,279500,0.0,0.0
2005-11-11,12.366990605275529,12.428825663138184,12.291414132231509,12.373861312866211,130100,0.0,0.0
2005-11-14,12.380727165959543,12.40820867509326,12.277669213415418,12.360115051269531,116800,0.0,0.0
2005-11-15,12.36698933624591,12.394472163788507,12.195225595464716,12.27767276763916,139900,0.0,0.0
2005-11-16,12.277673329005752,12.353248487296693,12.16774332426243,12.188355445861816,135300,0.0,0.0
2005-11-17,11.920402365177697,12.263929803307006,11.920402365177697,12.257059097290039,172900,0.0,0.0
2005-11-18,12.325766968950914,12.325766968950914,12.112778977117472,12.188355445861816,226200,0.0,0.0
2005-11-21,12.21584135266563,12.566239645424023,12.208970643734633,12.531886100769043,129300,0.0,0.0
2005-11-22,12.483786962720197,12.483786962720197,12.243317497624297,12.346375465393066,240200,0.0,0.0
2005-11-23,12.298283223018483,12.593717058310952,12.236448173285023,12.586846351623535,107700,0.0,0.0
2005-11-25,12.566235542014585,12.62806928129474,12.456305545469194,12.586846351623535,36200,0.0,0.0
2005-11-28,12.628071773461928,12.6692960217221,12.394474252255437,12.476920127868652,204600,0.0,0.0
2005-11-29,12.518146295630174,12.634945741597008,12.408217559479496,12.566241264343262,111300,0.0,0.0
2005-11-30,12.559363035222878,12.751737553084784,12.408210130670676,12.483786582946777,182500,0.0,0.0
2005-12-01,12.53187795155964,12.854793198609242,12.53187795155964,12.75860595703125,240100,0.0,0.0
2005-12-02,12.772346927437884,12.772346927437884,12.538748225523412,12.648676872253418,160800,0.0,0.0
2005-12-05,12.669289684607769,12.669289684607769,12.236444467557881,12.470043182373047,217000,0.0,0.0
2005-12-06,12.463176727294922,12.593717538425919,12.428824503001513,12.463176727294922,153900,0.0,0.0
2005-12-07,12.435691838016178,12.559361908664714,12.401338312584361,12.456302642822266,137400,0.0,0.0
2005-12-08,12.476916256808526,12.566234123207108,12.229576085800952,12.346375465393066,138000,0.0,0.0
2005-12-09,12.312029316414481,12.490663826829598,12.312029316414481,12.435699462890625,147300,0.0,0.0
2005-12-12,12.435694177448232,12.518140033088496,12.30515337715569,12.428823471069336,144300,0.0,0.0
2005-12-13,12.42882514469986,12.476918785375045,12.291413619524974,12.366990089416504,196300,0.0,0.0
2005-12-14,12.353244346372861,12.470043708710328,12.277669213415418,12.360115051269531,195900,0.0,0.0
2005-12-15,12.380729543925979,12.380729543925979,12.1677415825795,12.23644733428955,263500,0.0,0.0
2005-12-16,12.195230469691497,12.32577133178711,12.14713681272308,12.32577133178711,545300,0.0,0.0
2005-12-19,12.263930830785727,12.263930830785727,11.995978515487513,12.02346134185791,191100,0.0,0.0
2005-12-20,12.071553856781883,12.147130311830367,11.968495888367784,11.995977401733398,221500,0.0,0.0
2005-12-21,12.037202639049228,12.188354251270004,12.030331932522836,12.105908393859863,222700,0.0,0.0
2005-12-22,12.154007015414528,12.318900108337402,12.11278275934345,12.318900108337402,286400,0.0,0.0
2005-12-23,12.325767156045409,12.415083730091688,12.257061393457965,12.366990089416504,133000,0.0,0.0
2005-12-27,12.36012106321867,12.435697543389397,12.270804477024399,12.305156707763672,193600,0.0,0.0
2005-12-28,12.325764658111208,12.435693331791649,12.298281834464518,12.346375465393066,121000,0.0,0.0
2005-12-29,12.332640861257381,12.394475931572055,12.2845458984375,12.2845458984375,122800,0.0,0.0
2005-12-30,12.229580663606606,12.32576927192241,12.064687591362778,12.298286437988281,246000,0.0,0.0
2006-01-03,12.39447145545475,12.683033265440876,12.312024287992093,12.628068923950195,464700,0.0,0.0
2006-01-04,12.662422696911,12.765480675356738,12.593716941129411,12.68990421295166,153700,0.0,0.0
2006-01-05,12.710516929626465,12.731129050464743,12.586846825503509,12.710516929626465,111900,0.0,0.0
2006-01-06,13.074657809127354,13.074657809127354,12.511271578728005,12.655553817749023,160000,0.0,0.0
2006-01-09,12.669292013856712,12.731127056232209,12.552492634975566,12.676162719726562,171800,0.0,0.0
2006-01-10,12.476913626307518,12.847923804598999,12.463172217381267,12.75860595703125,143900,0.0,0.0
2006-01-11,12.765479003443309,12.799831221608295,12.545621662099895,12.73112678527832,165600,0.0,0.0
2006-01-12,12.737998917384829,12.813574067901222,12.607458114924484,12.628068923950195,102400,0.0,0.0
2006-01-13,12.634939630443188,12.744868313424552,12.566235186419789,12.628068923950195,112900,0.0,0.0
2006-01-17,12.600588405424338,12.634940630154079,12.41508324679564,12.490659713745117,154000,0.0,0.0
2006-01-18,12.497529669307163,12.744868555486272,12.449436033396038,12.68990421295166,187100,0.0,0.0
2006-01-19,12.72425646669277,13.15710045682534,12.628067894088629,12.978466033935547,226300,0.0,0.0
2006-01-20,13.01282140168011,13.01282140168011,12.518140988279182,12.696775436401367,191200,0.0,0.0
2006-01-23,12.74486954612478,12.847928843034447,12.717388027948026,12.820446014404297,201900,0.0,0.0
2006-01-24,12.868539132039032,13.184585096198317,12.868539132039032,13.060914993286133,177300,0.0,0.0
2006-01-25,13.095266655298204,13.095266655298204,12.772351308570002,12.923502922058105,197400,0.0,0.0
2006-01-26,12.950983633769185,13.122747338963862,12.902890005987167,13.10900592803955,142800,0.0,0.0
2006-01-27,13.150227028972564,13.3151200058664,13.012816870120815,13.026556968688965,165900,0.0,0.0
2006-01-30,13.040301595417274,13.054043007829023,12.896020696453549,12.964726448059082,116100,0.0,0.0
2006-01-31,12.91662831742641,13.074651900262614,12.799828961653331,13.026556968688965,151900,0.0,0.0
2006-02-01,13.026565182158466,13.205199680705412,12.964731423482327,13.198328971862793,135200,0.0,0.0
2006-02-02,13.150229666224481,13.170841783889763,12.813572940410467,12.944113731384277,135500,0.0,0.0
2006-02-03,12.916632652282715,13.054044167703026,12.772351740499385,12.916632652282715,151800,0.0,0.0
2006-02-06,12.985336712678142,13.074654579162598,12.847926525672063,13.074654579162598,146600,0.0,0.0
2006-02-07,13.074659185812392,13.171612010239004,12.818429834724249,12.9361572265625,159500,0.15,0.0
2006-02-08,12.998483423411672,13.282413955655388,12.922306488124036,13.247787475585938,233400,0.0,0.0
2006-02-09,13.282411285346011,13.323961732210853,13.109282882400136,13.178534507751465,169800,0.0,0.0
2006-02-10,13.116210634078541,13.296264365375464,12.97078206151116,13.206236839294434,128700,0.0,0.0
2006-02-13,13.206230013992561,13.213155306332338,12.049732610539076,12.31981372833252,518200,0.0,0.0
2006-02-14,12.3613675051813,12.555270459686776,12.188239112450091,12.382142066955566,245300,0.0,0.0
2006-02-15,12.409846301934325,12.603750625087956,12.3613705513622,12.492948532104492,248100,0.0,0.0
2006-02-16,12.548345090467073,12.693772290168932,12.465242890019821,12.61067008972168,287200,0.0,0.0
2006-02-17,12.610671428723121,12.707624226350143,12.292115821724522,12.582971572875977,300500,0.0,0.0
2006-02-21,12.548343796644478,12.548343796644478,12.368290148294118,12.40984058380127,235500,0.0,0.0
2006-02-22,12.458314149950816,12.576041464177122,12.382137264020766,12.49986457824707,261900,0.0,0.0
2006-02-23,12.423691718870622,12.582969496081434,12.326738937245466,12.34058952331543,199400,0.0,0.0
2006-02-24,12.30596648869606,12.47216958743512,12.25749075000527,12.46524429321289,269700,0.0,0.0
2006-02-27,12.46524429321289,12.60374753592785,12.409843260299871,12.46524429321289,497200,0.0,0.0
2006-02-28,12.465241604765646,12.465241604765646,12.285187956415287,12.40984058380127,200200,0.0,0.0
2006-03-01,12.402915291072656,12.458316312037033,12.222861642722297,12.40984058380127,237800,0.0,0.0
2006-03-02,12.416768733243005,12.506794917698151,12.188239304079355,12.312891960144043,165800,0.0,0.0
2006-03-03,12.285188499900165,12.402915839765676,12.160535866999671,12.34058952331543,150600,0.0,0.0
2006-03-06,11.765804303526838,12.382140900932965,11.765804303526838,12.24363899230957,149100,0.0,0.0
2006-03-07,12.167462625713592,12.257490125148378,12.035884683928385,12.077436447143555,177100,0.0,0.0
2006-03-08,12.084363641830585,12.146689975592253,11.973561564224278,11.994336128234863,134700,0.0,0.0
2006-03-09,11.98740756984582,12.042808593566697,11.918155959978574,11.925081253051758,142500,0.0,0.0
2006-03-10,11.959709093096738,12.077436447143555,11.84198173904992,12.077436447143555,138900,0.0,0.0
2006-03-13,12.160540903926721,12.209016654385783,11.869685080307208,11.890460968017578,194700,0.0,0.0
2006-03-14,11.911235714345374,11.952786164919448,11.717331410224679,11.848909378051758,381700,0.0,0.0
2006-03-15,11.84198037790274,11.973558304564046,11.786579354181862,11.925081253051758,191900,0.0,0.0
2006-03-16,11.952778017450491,11.980477858663603,11.807349558273296,11.897377014160156,165100,0.0,0.0
2006-03-17,11.932006344399413,12.209011458320681,11.876605321615159,12.18131160736084,570100,0.0,0.0
2006-03-20,12.202089855841036,12.202089855841036,11.925083367261307,12.049736022949219,305500,0.0,0.0
2006-03-21,11.994335276499179,12.209014121508615,11.98740998203244,12.056661605834961,245000,0.0,0.0
2006-03-22,12.056664441901107,12.299044521792098,12.056664441901107,12.23671817779541,188200,0.0,0.0
2006-03-23,12.257489955305346,12.299040397080034,12.16053716334477,12.229788780212402,241600,0.0,0.0
2006-03-24,12.271339135503881,12.375217220505604,12.181312958815736,12.250564575195312,200900,0.0,0.0
2006-03-27,12.285191823926677,12.33366756742313,12.202090926751314,12.29211711883545,125200,0.0,0.0
2006-03-28,12.215938874049385,12.368292703829148,12.188239018276121,12.3059663772583,270000,0.0,0.0
2006-03-29,12.326743220904042,12.499871644348566,12.28519276911957,12.472171783447266,216000,0.0,0.0
2006-03-30,12.527569173389516,12.53449446681186,12.312890360755485,12.416767120361328,1174000,0.0,0.0
2006-03-31,12.492940607584613,12.638367767053653,12.382137264020766,12.49986457824707,468400,0.0,0.0
2006-04-03,12.527565535202681,12.645292847463493,12.423688805764147,12.458313941955566,331900,0.0,0.0
2006-04-04,12.437543116323974,12.60374753592785,12.437543116323974,12.46524429321289,320300,0.0,0.0
2006-04-05,12.499869443459223,12.499869443459223,12.409843260299871,12.46524429321289,177300,0.0,0.0
2006-04-06,12.479090024531093,12.534491035880867,12.409838430127802,12.49986457824707,329600,0.0,0.0
2006-04-07,12.499869047364912,12.562195372525172,12.389066985049954,12.395992279052734,281600,0.0,0.0
2006-04-10,12.444465608075145,12.472166778725809,12.305963717415377,12.347514152526855,249600,0.0,0.0
2006-04-11,12.368294041966987,12.382143310919583,12.229790785521454,12.29211711883545,293600,0.0,0.0
2006-04-12,12.2921127609528,12.430615968295244,12.2921127609528,12.361364364624023,249000,0.0,0.0
2006-04-13,12.333666522244936,12.492945649919168,12.2782654885345,12.312891960144043,197000,0.0,0.0
2006-04-17,12.444467443654716,12.527569646999904,12.243639210272972,12.368291854858398,292000,0.0,0.0
2006-04-18,12.458318257012163,13.095430757999873,12.458318257012163,13.067730903625488,485200,0.0,0.0
2006-04-19,13.074652129616338,13.171604901718975,13.019251111642456,13.143903732299805,214500,0.0,0.0
2006-04-20,13.136979737307241,13.427835440610131,13.109279886016989,13.330883979797363,272700,0.0,0.0
2006-04-21,14.196527935145262,14.674362659877659,13.815646006694598,14.064949989318848,744800,0.0,0.0
2006-04-24,13.967997708237903,13.988773589285247,13.787944035088382,13.82949447631836,370800,0.0,0.0
2006-04-25,13.857194985959703,14.272703340910923,13.75331822743806,14.231151580810547,536600,0.0,0.0
2006-04-26,14.272698962757792,14.37657568941523,14.058018897352948,14.08572006225586,279900,0.0,0.0
2006-04-27,14.023402581685604,14.577413019529622,13.9126004941168,14.27270793914795,371400,0.0,0.0
2006-04-28,14.272703340910923,14.369654806082503,14.044173943817448,14.231151580810547,228100,0.0,0.0
2006-05-01,14.335029028372963,14.438905782316183,14.002621566544232,14.023397445678711,508800,0.0,0.0
2006-05-02,14.03725158030225,14.335032652184136,14.00262510632475,14.279631614685059,341400,0.0,0.0
2006-05-03,14.279626346762472,14.34887662744038,14.106498003338828,14.244999885559082,175200,0.0,0.0
2006-05-04,14.286557209445245,14.34888354881083,14.15498055599796,14.27270793914795,97500,0.0,0.0
2006-05-05,14.328098859121427,14.54277758699221,14.293472405681532,14.473526000976562,147700,0.0,0.0
2006-05-08,14.508407477960516,14.647911933300035,14.375879708842366,14.410755157470703,190800,0.15,0.0
2006-05-09,14.41772990565693,14.710688185192996,14.368903747469759,14.536308288574219,202400,0.0,0.0
2006-05-10,14.550261169878574,14.550261169878574,14.368905890695043,14.424707412719727,136800,0.0,0.0
2006-05-11,14.480508032817053,14.54328490748638,14.320078833290172,14.473532676696777,313000,0.0,0.0
2006-05-12,14.473532705879034,14.522358868406258,14.327054218297365,14.334028244018555,214500,0.0,0.0
2006-05-15,14.334024682507838,14.578156764898699,14.173595522518603,14.515379905700684,230300,0.0,0.0
2006-05-16,14.480507181699046,14.606060923658053,14.334027372609185,14.557234764099121,143900,0.0,0.0
2006-05-17,14.389834035481,14.543289255175907,14.32705847245818,14.40378475189209,290100,0.0,0.0
2006-05-18,14.403774544873343,14.63395588088761,14.340997695922852,14.340997695922852,187300,0.0,0.0
2006-05-19,14.347980235199799,14.522360162862244,14.187551021049535,14.459583282470703,181200,0.0,0.0
2006-05-22,14.334026986607016,14.550259016563738,14.264276092208624,14.396803855895996,249900,0.0,0.0
2006-05-23,14.543278949299456,14.606055798249947,14.32704831981032,14.340997695922852,217000,0.0,0.0
2006-05-24,14.347979716515558,14.438658020653408,14.055021395416663,14.327054977416992,290300,0.0,0.0
2006-05-25,14.368906519804314,14.424708044272139,14.257303470868665,14.299154281616211,309800,0.0,0.0
2006-05-26,14.299154281616211,14.33402973550362,14.173600518960285,14.299154281616211,367700,0.0,0.0
2006-05-30,14.243350049783295,14.257300760851832,13.859714808289755,13.95039176940918,230500,0.0,0.0
2006-05-31,13.992242916131403,14.187548884652449,13.915516664194582,14.075945854187012,207200,0.0,0.0
2006-06-01,14.110828098643369,14.32008487936232,14.062001915599726,14.222431182861328,210200,0.0,0.0
2006-06-02,14.264273818663503,14.264273818663503,13.985264963888293,14.117794036865234,182200,0.0,0.0
2006-06-05,14.061998596909403,14.194527727045939,14.006197067969817,14.103849411010742,510600,0.0,0.0
2006-06-06,14.159648754583786,14.229400987596222,14.089897851984539,14.20150089263916,188700,0.0,0.0
2006-06-07,14.222431182861326,14.34100962614462,14.103852739578034,14.222431182861328,265400,0.0,0.0
2006-06-08,14.215454724469,14.368909951211783,14.096876290355759,14.278231620788574,468000,0.0,0.0
2006-06-09,14.278224883646258,14.361927816048555,14.201498636891545,14.229398727416992,166200,0.0,0.0
2006-06-12,14.26428333725334,14.424712604514943,14.173604999817684,14.222431182861328,262600,0.0,0.0
2006-06-13,14.222422780786843,14.403778018106571,14.20847340131065,14.215447425842285,487900,0.0,0.0
2006-06-14,14.21544909365427,14.327053455448127,14.041069190820167,14.173598289489746,211800,0.0,0.0
2006-06-15,14.271256262262666,14.45261159269548,14.131753082985302,14.278231620788574,254900,0.0,0.0
2006-06-16,14.285203006792948,14.285203006792948,14.061996917688875,14.131749153137207,821400,0.0,0.0
2006-06-19,14.208477741742186,14.215451768404261,13.915519396641935,13.978296279907227,300600,0.0,0.0
2006-06-20,13.950394447508975,14.08989892414938,13.831816041488617,13.957369804382324,187200,0.0,0.0
2006-06-21,13.95737231041312,14.292181517968771,13.95737231041312,14.208479881286621,153500,0.0,0.0
2006-06-22,14.208480434628292,14.26428197139406,14.124777464272848,14.187554359436035,215500,0.0,0.0
2006-06-23,14.15965252571083,14.250330851901227,13.97829853415712,14.166627883911133,219200,0.0,0.0
2006-06-26,14.229405441520816,14.278231620788574,14.187554620778968,14.278231620788574,395300,0.0,0.0
2006-06-27,14.236375102763068,14.403779649150103,14.096870648900671,14.124772071838379,256100,0.0,0.0
2006-06-28,14.180573587300724,14.180573587300724,13.922490746779209,14.124772071838379,190300,0.0,0.0
2006-06-29,14.194524449066224,14.410755157470701,14.089896772768125,14.410755157470703,361600,0.0,0.0
2006-06-30,14.466557068745711,14.633961621478726,14.306127872011547,14.585135459899902,494000,0.0,0.0
2006-07-03,14.578165199803225,14.606066633551768,14.459586767199093,14.522363662719727,118000,0.0,0.0
2006-07-05,14.431680283416538,14.431680283416538,14.250325035471462,14.271249771118164,203900,0.0,0.0
2006-07-06,14.271251105694567,14.431681632995605,14.271251105694567,14.431681632995605,244200,0.0,0.0
2006-07-07,14.396808212268866,14.536312704104793,14.271254435699218,14.361932754516602,224700,0.0,0.0
2006-07-10,14.37587680891506,14.578156764898699,14.368901454513857,14.515379905700684,138900,0.0,0.0
2006-07-11,14.46655803159318,14.794391802879916,14.41075651030154,14.773467063903809,192900,0.0,0.0
2006-07-12,14.773471286481568,14.92692518129072,14.682792956956566,14.80834674835205,336200,0.0,0.0
2006-07-13,14.717667856577675,14.822295559147799,14.571188008648766,14.606064796447754,327500,0.0,0.0
2006-07-14,15.69419174335332,16.03597620389233,14.759515328649451,14.878093719482422,1070600,0.0,0.0
2006-07-17,14.7734687508157,15.031550317353686,14.703716508633171,14.745567321777344,543100,0.0,0.0
2006-07-18,14.822295568799415,14.864146383772033,14.382858685553385,14.620014190673828,277700,0.0,0.0
2006-07-19,14.640936669599494,14.752539702407983,14.578159797343082,14.64791202545166,320800,0.0,0.0
2006-07-20,14.668839837811946,14.710690647489855,14.278227846107303,14.313104629516602,258100,0.0,0.0
2006-07-21,14.313108149762412,14.382860403323019,14.110826747478011,14.187554359436035,246800,0.0,0.0
2006-07-24,14.285200588554343,14.508406639873472,14.278225233148994,14.354952812194824,294200,0.0,0.0
2006-07-25,14.368903098425541,14.403778544008759,14.250324720864445,14.320076942443848,547400,0.0,0.0
2006-07-26,14.27822765020679,14.313104433137573,14.068972274275032,14.131749153137207,351900,0.0,0.0
2006-07-27,14.15267308866387,14.292176208110142,13.887614900013796,13.95039176940918,294100,0.0,0.0
2006-07-28,13.971323751455394,14.020149930455192,13.859720676480542,13.943422317504883,346900,0.0,0.0
2006-07-31,13.95737166830017,14.02712391593534,13.80391778783357,13.90854549407959,154800,0.0,0.0
2006-08-01,13.85971815299632,13.873667537018168,13.643486070490729,13.692312240600586,236600,0.0,0.0
2006-08-02,13.762060816807049,13.887614552455648,13.671383857956949,13.824837684631348,159100,0.0,0.0
2006-08-03,13.796934700060246,13.99223928751983,13.664405636846443,13.929462432861328,169900,0.0,0.0
2006-08-04,14.05501614217833,14.187545205392134,13.741133199298549,13.929462432861328,199800,0.0,0.0
2006-08-07,13.908377371361807,13.94351674605343,13.718621530872118,13.873236656188965,148600,0.15,0.0
2006-08-08,13.929464579201298,14.055968510270795,13.704569297514023,13.711597442626953,170900,0.0,0.0
2006-08-09,13.824047098853661,13.880270927472251,13.521843517348062,13.571039199829102,225500,0.0,0.0
2006-08-10,13.479682166016023,13.901361744379626,13.38831756478799,13.859192848205566,223900,0.0,0.0
2006-08-11,13.85919303554005,13.85919303554005,13.63429761483487,13.669438362121582,149000,0.0,0.0
2006-08-14,13.746740815559503,14.119224571710433,13.73971266840775,13.992720603942871,229900,0.0,0.0
2006-08-15,14.119218390657034,14.224637870819226,14.062994578538436,14.112190246582031,373900,0.0,0.0
2006-08-16,14.224645294111175,14.442512512207031,14.140310202162768,14.442512512207031,289400,0.0,0.0
2006-08-17,14.386286647775307,14.491707508609913,14.344119107730622,14.40034294128418,175700,0.0,0.0
2006-08-18,14.41440282695099,14.428459123962778,14.259787581268121,14.316011428833008,102800,0.0,0.0
2006-08-21,14.252756013027687,14.301951700282913,14.020832529908805,14.084084510803223,256700,0.0,0.0
2006-08-22,14.020833345520531,14.09111213684082,13.985692609378368,14.09111213684082,280100,0.0,0.0
2006-08-23,14.112197739206215,14.161393433369403,13.774854687388249,13.83107852935791,144900,0.0,0.0
2006-08-24,13.901358232619732,13.985693322698273,13.711602269219883,13.824049949645996,146400,0.0,0.0
2006-08-25,13.767825991018887,13.92244121515446,13.690517708710063,13.781882286071777,62600,0.0,0.0
2006-08-28,13.753762320621835,14.048937656036772,13.753762320621835,14.006770133972168,193400,0.0,0.0
2006-08-29,14.041914804308378,14.147334319440414,13.922438996363574,14.126251220703125,205600,0.0,0.0
2006-08-30,14.126253560193335,14.161392957562931,14.05597342497206,14.133281707763672,167800,0.0,0.0
2006-08-31,14.140312194824219,14.203562852457786,14.112199599891694,14.140312194824219,143700,0.0,0.0
2006-09-01,14.1613893088509,14.231669425964355,14.091109191737445,14.231669425964355,297000,0.0,0.0
2006-09-05,14.175445558701579,14.316005792515318,14.112193587533572,14.301949501037598,143300,0.0,0.0
2006-09-06,14.196532793404051,14.210587747169624,14.034888090520969,14.063000679016113,166600,0.0,0.0
2006-09-07,13.978664154968811,14.105168121336636,13.887300923970933,13.894329071044922,172700,0.0,0.0
2006-09-08,13.901357801454173,14.070029316861815,13.824049520878235,13.999749183654785,116200,0.0,0.0
2006-09-11,13.950554044501793,14.006777885195477,13.83107821546745,13.866217613220215,92400,0.0,0.0
2006-09-12,13.908384044032669,14.126251220703125,13.845132066857074,14.126251220703125,345700,0.0,0.0
2006-09-13,14.196533695414614,14.266812490153805,14.105169117482328,14.133281707763672,156000,0.0,0.0
2006-09-14,14.10516210250703,14.196526635000636,14.006770766419839,14.112190246582031,177300,0.0,0.0
2006-09-15,14.133278588612118,14.189502416284373,13.929466375499068,13.971633911132812,428200,0.0,0.0
2006-09-18,13.901352717997534,14.070024171725278,13.809988176094034,13.978659629821777,180200,0.0,0.0
2006-09-19,13.964607411964291,14.006774948523148,13.718627657820957,13.936494827270508,156300,0.0,0.0
2006-09-20,14.006780049859337,14.196536044206962,13.985695603659943,14.140312194824219,133400,0.0,0.0
2006-09-21,14.175448251594538,14.224643940630472,13.83107708786101,13.894329071044922,120200,0.0,0.0
2006-09-22,13.83810485690575,13.845133003787744,13.634292618773774,13.817020416259766,127600,0.0,0.0
2006-09-25,13.831076587225553,14.133280198058449,13.739712019052755,14.084084510803223,122700,0.0,0.0
2006-09-26,14.07002272261344,14.154357770550625,13.922434378001235,14.112190246582031,118400,0.0,0.0
2006-09-27,14.055972288921255,14.210587501525879,13.915412029839253,14.210587501525879,101600,0.0,0.0
2006-09-28,14.238703668759655,14.252759966297623,13.978667526236496,14.070032119750977,104500,0.0,0.0
2006-09-29,14.077052106032122,14.105163344325625,13.753764152526854,13.753764152526855,214800,0.0,0.0
2006-10-02,13.711605918383192,13.795941030906413,13.585101909115917,13.669438362121582,143400,0.0,0.0
2006-10-03,13.67646303616528,13.852162723724335,13.578071640086526,13.690519332885742,267400,0.0,0.0
2006-10-04,13.648349285383262,13.894329071044922,13.58509730219935,13.894329071044922,338500,0.0,0.0
2006-10-05,13.894325116993654,14.231668037652042,13.894325116993654,14.224639892578125,206600,0.0,0.0
2006-10-06,14.224642589428777,14.252755175054313,14.070027389933914,14.126251220703125,136200,0.0,0.0
2006-10-09,14.098135203466422,14.3370867611931,14.02082829277711,14.323030471801758,105300,0.0,0.0
2006-10-10,14.365207127891999,14.400346529939204,14.18950743669145,14.316011428833008,125200,0.0,0.0
2006-10-11,14.280875451937959,14.51982721894927,14.175455870134783,14.484687805175781,250100,0.0,0.0
2006-10-12,14.491710800825501,14.857165131706285,14.491710800825501,14.82905387878418,317700,0.0,0.0
2006-10-13,15.531849020545565,16.037863519952317,15.285869247319894,16.00975227355957,820200,0.0,0.0
2006-10-16,15.939472288457795,16.326010978044977,15.742688200032685,16.234647750854492,528100,0.0,0.0
2006-10-17,16.241674326495616,16.536849760338487,16.206533595989438,16.431428909301758,538100,0.0,0.0
2006-10-18,16.515760883823486,16.53684531646126,16.304921919371505,16.4525089263916,304900,0.0,0.0
2006-10-19,16.45251547224745,16.747690944208635,16.45251547224745,16.719579696655273,304000,0.0,0.0
2006-10-20,16.803910717594565,16.82499515352409,16.480624076231816,16.614154815673828,426300,0.0,0.0
2006-10-23,16.27681580573901,16.656327701027347,16.27681580573901,16.53685188293457,253700,0.0,0.0
2006-10-24,16.543881070010453,16.586048614199466,16.122201606674132,16.15734100341797,441500,0.0,0.0
2006-10-25,16.16436516308576,16.34709293013497,16.101113192165577,16.185449600219727,402700,0.0,0.0
2006-10-26,16.2908692801009,16.41034507751465,16.136252753752665,16.41034507751465,270900,0.0,0.0
2006-10-27,16.410352348610985,16.473604348236996,16.009757244634486,16.03786849975586,211700,0.0,0.0
2006-10-30,16.002720309755993,16.382230758666992,16.002720309755993,16.382230758666992,213500,0.0,0.0
2006-10-31,16.445484594836856,16.480625324046706,16.143281026040917,16.199504852294922,195900,0.0,0.0
2006-11-01,16.227619656533733,16.255730903267093,16.094087548224945,16.16436767578125,275500,0.0,0.0
2006-11-02,16.037865177814044,16.192481740643863,15.953530089436017,16.15734100341797,145500,0.0,0.0
2006-11-03,16.178421454508403,16.241673425428583,15.988665541747869,16.185449600219727,157200,0.0,0.0
2006-11-06,16.142985606076213,16.418995490827633,16.135908291096964,16.37653160095215,184000,0.16,0.0
2006-11-07,16.348225790097008,16.581771814961535,16.263299349300823,16.305763244628906,167900,0.0,0.0
2006-11-08,16.22083301429046,16.539305405549037,16.192523757352067,16.461456298828125,148800,0.0,0.0
2006-11-09,16.47561381547371,16.51807635846532,16.249143769845354,16.334070205688477,157000,0.0,0.0
2006-11-10,16.319917282378054,16.518078086840024,16.277454734943362,16.34822654724121,162900,0.0,0.0
2006-11-13,16.30576399980652,16.404843727107483,16.24206950372446,16.34822654724121,131300,0.0,0.0
2006-11-14,16.326993842432966,16.383611019677094,16.107602449344462,16.305763244628906,388400,0.0,0.0
2006-11-15,16.312836068989572,16.461456974295196,16.227910994408976,16.383607864379883,255900,0.0,0.0
2006-11-16,16.447311736586983,16.518083572387695,16.270382822015442,16.518083572387695,159300,0.0,0.0
2006-11-17,16.518076505363947,16.58177099534776,16.38361020985813,16.57469367980957,131200,0.0,0.0
2006-11-20,16.525149737818396,16.751618379644324,16.461455263572404,16.624229431152344,129800,0.0,0.0
2006-11-21,16.617157343150463,16.702083785472766,16.574694796919314,16.687929153442383,157900,0.0,0.0
2006-11-22,16.709158995421003,16.730389590930614,16.59592465317029,16.70208168029785,105600,0.0,0.0
2006-11-24,16.631311192930887,16.801162719726562,16.55346207028539,16.801162719726562,53900,0.0,0.0
2006-11-27,16.709162299045662,16.737470215275273,16.482693569768347,16.54638671875,281900,0.0,0.0
2006-11-28,16.53930645717042,16.680848701283082,16.461457345499614,16.610076904296875,147300,0.0,0.0
2006-11-29,16.659621303193394,16.82947283863001,16.62423472298159,16.80824089050293,125300,0.0,0.0
2006-11-30,16.765775106879907,16.935626609520654,16.716235254008822,16.86485481262207,192600,0.0,0.0
2006-12-01,16.85070037841797,16.90024023186277,16.617154390849784,16.85070037841797,185800,0.0,0.0
2006-12-04,16.88608962536324,17.289487181399164,16.84362573009421,17.26825523376465,205000,0.0,0.0
2006-12-05,17.33902664661193,17.459338314072617,17.070095398684494,17.29656410217285,223600,0.0,0.0
2006-12-06,17.239947615723185,17.282410161860337,17.133789225590306,17.21871566772461,75800,0.0,0.0
2006-12-07,17.239950536030168,17.239950536030168,16.971017881933214,17.09132957458496,134400,0.0,0.0
2006-12-08,17.041787662962584,17.353182833093715,17.006402431069077,17.225793838500977,159600,0.0,0.0
2006-12-11,17.197486632839976,17.232873218831802,16.8436288720831,17.09132957458496,272500,0.0,0.0
2006-12-12,17.112548638592326,17.22578292876812,17.020544934162483,17.1267032623291,125300,0.0,0.0
2006-12-13,17.225792885583726,17.29656469531577,17.13378912797407,17.254100799560547,211000,0.0,0.0
2006-12-14,17.26825523376465,17.445184081139,17.211638056599256,17.26825523376465,188300,0.0,0.0
2006-12-15,17.28240966796875,17.388566705207904,17.162097999135057,17.28240966796875,378800,0.0,0.0
2006-12-18,17.275336017870448,17.275336017870448,17.098407134975535,17.197486877441406,217400,0.0,0.0
2006-12-19,17.14086660563801,17.353182036837097,17.04178688099444,17.339027404785156,209000,0.0,0.0
2006-12-20,17.346106380641388,17.57965243240615,17.346106380641388,17.508880615234375,240900,0.0,0.0
2006-12-21,17.51595595740208,17.692884805456647,17.36733637296904,17.388566970825195,409100,0.0,0.0
2006-12-22,17.36025773520153,17.409797592907097,17.247023389057407,17.289485931396484,264600,0.0,0.0
2006-12-26,17.261179145227707,17.622114181518555,17.261179145227707,17.622114181518555,164100,0.0,0.0
2006-12-27,17.671644335227217,17.820265197844783,17.60794987265674,17.791955947875977,132300,0.0,0.0
2006-12-28,17.756577957202506,17.926429476519093,17.671651522614273,17.82027244567871,134600,0.0,0.0
2006-12-29,17.82026860783843,17.82026860783843,17.409793853759766,17.409793853759766,145300,0.0,0.0
2007-01-03,17.530112770661834,17.848583926874646,17.51595813708967,17.71411895751953,729200,0.0,0.0
2007-01-04,17.678734750472476,17.685812068210094,17.43811134683476,17.530115127563477,283300,0.0,0.0
2007-01-05,17.515956056150724,17.523033372096005,17.268255397505886,17.353181838989258,253500,0.0,0.0
2007-01-08,17.28949567264354,17.339035558260868,17.070104172112238,17.275341033935547,355700,0.0,0.0
2007-01-09,17.303635057549897,17.45933189650329,17.126706279251266,17.43102264404297,135300,0.0,0.0
2007-01-10,17.317795654474264,17.409799414002542,17.183330698025276,17.324872970581055,106000,0.0,0.0
2007-01-11,17.416871838358727,17.65749511896746,17.40271721012065,17.58672332763672,173600,0.0,0.0
2007-01-12,17.558419326735464,17.692885635526277,17.530111411645844,17.551342010498047,118400,0.0,0.0
2007-01-16,17.643340490729383,17.806114665888334,17.544260792782133,17.58672332763672,195800,0.0,0.0
2007-01-17,17.501812418430422,17.65751076731214,17.466427166335947,17.537199020385742,134000,0.0,0.0
2007-01-18,17.487641606351854,17.51595086173777,17.324867437461602,17.409793853759766,136700,0.0,0.0
2007-01-19,17.353182036837097,17.40979921518485,17.070096145098322,17.339027404785156,123000,0.0,0.0
2007-01-22,17.28240422500154,17.28240422500154,17.048858276685014,17.232864379882812,171800,0.0,0.0
2007-01-23,17.17624949686354,17.501797864980844,17.147940238839574,17.303638458251953,177500,0.0,0.0
2007-01-24,17.29656485848934,17.353182036837097,17.239947680141587,17.339027404785156,102400,0.0,0.0
2007-01-25,17.26825180851664,17.33902360340042,16.99932060778993,17.084245681762695,162900,0.0,0.0
2007-01-26,17.077175183078456,17.239950781235567,16.857783746249634,17.197486877441406,136600,0.0,0.0
2007-01-29,17.197478487944156,17.416871167606246,17.169170582417834,17.409793853759766,169900,0.0,0.0
2007-01-30,17.466413693584627,17.523030863180534,17.303639499728874,17.452259063720703,121700,0.0,0.0
2007-01-31,17.388562485557642,17.55841397389473,17.23994293946005,17.466411590576172,181800,0.0,0.0
2007-02-01,17.515957643498176,17.777812957763672,17.47349509383841,17.777812957763672,104400,0.0,0.0
2007-02-02,17.76365242298707,17.76365242298707,17.600878245152852,17.692880630493164,101200,0.0,0.0
2007-02-05,17.657501870719834,17.657501870719834,17.353183996536455,17.459341049194336,181700,0.0,0.0
2007-02-06,17.459340952661158,17.71411895751953,17.423955718590896,17.71411895751953,146600,0.0,0.0
2007-02-07,17.74972470841191,17.756847553882626,17.47194052777326,17.521799087524414,307800,0.16,0.0
2007-02-08,17.47906320392905,17.528921763197243,17.365099036045383,17.414958953857422,161800,0.0,0.0
2007-02-09,17.422091417389716,17.585914247757074,17.336619935806027,17.493318557739258,149800,0.0,0.0
2007-02-12,18.12723035483702,18.50473171719797,17.685623372673692,18.21270179748535,486400,0.0,0.0
2007-02-13,18.14859389829525,18.54746507917967,17.699865517980044,17.977649688720703,540300,0.0,0.0
2007-02-14,17.97765320970339,18.162843145981828,17.842321841164516,17.963407516479492,298200,0.0,0.0
2007-02-15,18.006147999925886,18.12011085017177,17.963410912175426,18.063129425048828,214700,0.0,0.0
2007-02-16,18.070246300534603,18.070246300534603,17.721233658647833,17.906423568725586,218700,0.0,0.0
2007-02-20,17.906422599330718,18.162839593025094,17.69986552216655,18.14859390258789,254000,0.0,0.0
2007-02-21,18.04888395614361,18.27680965950213,18.01327107444797,18.248319625854492,196900,0.0,0.0
2007-02-22,18.23407195427705,18.291053373943306,18.013269122888325,18.198457717895508,168700,0.0,0.0
2007-02-23,18.148604619063473,18.269690342191343,17.999028856782083,18.23407745361328,140500,0.0,0.0
2007-02-26,18.283931789112458,18.36228175601745,17.95628758450057,18.112987518310547,153400,0.0,0.0
2007-02-27,17.906424234804167,17.927792772411653,17.244014512955413,17.450572967529297,260500,0.0,0.0
2007-02-28,17.42209572422411,17.585918595089353,17.279642766854604,17.443464279174805,279300,0.0,0.0
2007-03-01,17.26539422955514,17.728368642465707,17.165677039909895,17.59303855895996,268100,0.0,0.0
2007-03-02,17.521804927110207,17.593032047011757,17.179916381835938,17.179916381835938,242200,0.0,0.0
2007-03-05,17.09444193163912,17.272509035093695,16.959110552621272,16.973356246948242,301000,0.0,0.0
2007-03-06,17.030337949705046,17.286755017689714,16.966233682708882,17.187036514282227,162000,0.0,0.0
2007-03-07,17.115807090123326,17.272505621115368,17.073070015589565,17.094438552856445,269900,0.0,0.0
2007-03-08,17.187039489247198,17.3152480454316,17.080199478608346,17.165672302246094,223800,0.0,0.0
2007-03-09,17.30100000918706,17.343735732599768,17.144300092433546,17.27250862121582,186800,0.0,0.0
2007-03-12,17.24402156816116,17.528930085319143,17.24402156816116,17.500438690185547,158300,0.0,0.0
2007-03-13,17.37934617545777,17.486186148301233,17.215524793194867,17.293874740600586,273400,0.0,0.0
2007-03-14,17.29387949490837,17.486190955477888,17.087320979887345,17.393596649169922,218700,0.0,0.0
2007-03-15,17.41496338240739,17.67137908935547,17.41496338240739,17.67137908935547,138300,0.0,0.0
2007-03-16,17.67138125529931,17.67138125529931,17.357984090778764,17.43633270263672,441500,0.0,0.0
2007-03-19,17.578785596185757,17.735484166402376,17.57166274864715,17.664257049560547,198400,0.0,0.0
2007-03-20,17.59302819439132,17.82095384132839,17.493309704948338,17.771095275878906,196500,0.0,0.0
2007-03-21,17.792457741834717,18.08448756941355,17.7710905671859,18.041751861572266,209600,0.0,0.0
2007-03-22,18.105864935775553,18.32666778564453,17.991902086904833,18.32666778564453,185400,0.0,0.0
2007-03-23,18.283930339706124,18.340911758789723,18.15572180713198,18.262561798095703,182300,0.0,0.0
2007-03-26,18.212704689957064,18.561716079711914,18.070251810071333,18.561716079711914,299900,0.0,0.0
2007-03-27,18.49048339495854,18.575956183998564,18.255434923278354,18.298171997070312,261100,0.0,0.0
2007-03-28,18.212705034824403,18.547472093910685,18.155723610082276,18.405017852783203,497300,0.0,0.0
2007-03-29,18.52610494805196,18.58308637709358,18.276810686540717,18.426387786865234,178000,0.0,0.0
2007-03-30,18.44774942319311,18.611570812579895,18.219823775603835,18.36227798461914,365300,0.0,0.0
2007-04-02,18.405016435471683,18.7753963470459,18.405016435471683,18.7753963470459,258800,0.0,0.0
2007-04-03,18.87511608132343,19.202758953652634,18.87511608132343,19.110164642333984,296400,0.0,0.0
2007-04-04,19.117284418856332,19.117284418856332,18.853744506835938,18.853744506835938,195300,0.0,0.0
2007-04-05,18.803889511159753,18.996202346353396,18.6400680701627,18.889362335205078,172100,0.0,0.0
2007-04-09,18.882237870975903,19.017569264741027,18.803887902183828,18.903606414794922,169900,0.0,0.0
2007-04-10,18.87511608132343,19.131533187351092,18.825257501494587,19.110164642333984,203400,0.0,0.0
2007-04-11,19.11015696978439,19.131525506222232,18.85373996670576,19.081666946411133,246300,0.0,0.0
2007-04-12,19.103039834277183,19.288229796460865,18.910727024485173,19.28110694885254,187700,0.0,0.0
2007-04-13,19.30960514379736,19.359463736081043,19.188519408874946,19.259746551513672,165600,0.0,0.0
2007-04-16,19.42356368942316,19.42356368942316,19.21700515777001,19.309600830078125,201900,0.0,0.0
2007-04-17,19.288230571351864,19.40219342057493,19.181390570023282,19.245494842529297,175000,0.0,0.0
2007-04-18,19.209876680790163,19.32383950674433,19.15289526781308,19.16714096069336,155800,0.0,0.0
2007-04-19,19.038934916952673,19.25261626230371,18.81100923541361,19.195634841918945,308100,0.0,0.0
2007-04-20,20.548942241580335,21.61022192379278,19.772569628662495,19.943513870239258,848100,0.0,0.0
2007-04-23,19.94352410612378,19.94352410612378,19.14578254411913,19.224132537841797,468200,0.0,0.0
2007-04-24,19.29535283457322,19.402192832664415,19.067427143033523,19.217002868652344,496600,0.0,0.0
2007-04-25,19.323840911342714,19.409313716293152,19.138652324614362,19.18851089477539,252200,0.0,0.0
2007-04-26,19.124405895528046,19.188510157140577,18.960584497426733,19.053178787231445,319400,0.0,0.0
2007-04-27,18.96059300297092,19.0603101841919,18.782525831622205,18.875120162963867,232600,0.0,0.0
2007-04-30,18.939222016090458,19.09592061763607,18.611577756529318,18.647192001342773,384400,0.0,0.0
2007-05-01,18.689915920209643,18.746897317341173,18.34090469296106,18.60444450378418,314300,0.0,0.0
2007-05-02,18.604453496857225,18.87511492442916,18.604453496857225,18.82525634765625,180900,0.0,0.0
2007-05-03,18.70416623510829,18.93209188000578,18.70416623510829,18.76827049255371,203600,0.0,0.0
2007-05-04,18.803887803948864,18.84662353281931,18.561716409442454,18.82525634765625,224900,0.0,0.0
2007-05-07,18.860869327156884,18.9534649918283,18.796765054244155,18.903606414794922,161800,0.0,0.0
2007-05-08,18.889275203315194,18.960932967118246,18.616970780440347,18.788951873779297,171900,0.16,0.0
2007-05-09,18.70296177147343,18.910771744058042,18.566809561776065,18.731624603271484,214000,0.0,0.0
2007-05-10,18.631304284135147,18.6384703344124,18.208516885267798,18.287342071533203,217200,0.0,0.0
2007-05-11,18.38049693502547,18.473654216490527,18.287341020344666,18.45215606689453,179900,0.0,0.0
2007-05-14,18.473656075058347,18.581144100283797,18.366166683048505,18.52381706237793,253300,0.0,0.0
2007-05-15,18.480817083026714,18.688627026188957,18.380493768977058,18.559640884399414,309500,0.0,0.0
2007-05-16,18.645630113416473,18.774616241455078,18.516643985377865,18.774616241455078,196100,0.0,0.0
2007-05-17,18.66713295418437,18.73162603915402,18.55964493482973,18.616971969604492,188400,0.0,0.0
2007-05-18,18.616970920127383,18.846279046299863,18.19418354995278,18.78178596496582,224500,0.0,0.0
2007-05-21,18.724455240737054,19.05408663219094,18.659963538905792,18.846275329589844,225900,0.0,0.0
2007-05-22,18.882101309486288,19.04691628461987,18.83194034894856,19.01108741760254,178000,0.0,0.0
2007-05-23,19.011093737469416,19.104249642752535,18.896439684759063,18.910770416259766,371500,0.0,0.0
2007-05-24,18.89644363683894,19.0970875876535,18.495153001641004,18.516651153564453,348900,0.0,0.0
2007-05-25,18.645628373553567,18.73161820636616,18.530974351947606,18.695789337158203,172800,0.0,0.0
2007-05-29,18.781779169970797,18.92509738037012,18.638462326355224,18.695789337158203,179700,0.0,0.0
2007-05-30,18.63846675964462,18.803281784057617,18.430655441814604,18.803281784057617,198500,0.0,0.0
2007-05-31,19.42670904739418,19.42670904739418,18.595466737421965,18.65995979309082,234600,0.0,0.0
2007-06-01,18.774626306173896,19.068427592303593,18.76746025446529,18.953773498535156,496100,0.0,0.0
2007-06-04,18.86060600365183,19.03975309922874,18.817611083412856,19.0325870513916,166500,0.0,0.0
2007-06-05,18.95375920217576,19.025416931642898,18.817607055977764,18.903596878051758,203100,0.0,0.0
2007-06-06,18.85344286549273,18.946600134968786,18.78894979178903,18.867774963378906,201300,0.0,0.0
2007-06-07,18.81761830249354,18.86061323922684,18.42349372095437,18.52381706237793,244800,0.0,0.0
2007-06-08,18.530976468380985,18.867772524466186,18.373326145579647,18.824777603149414,174000,0.0,0.0
2007-06-11,18.817619127557883,19.06842544193687,18.717297148520068,18.89644432067871,181500,0.0,0.0
2007-06-12,18.860604199555663,18.95376144574374,18.595467288862263,18.631296157836914,167800,0.0,0.0
2007-06-13,18.73162498321362,18.968099159177022,18.645635119291065,18.78178596496582,205300,0.0,0.0
2007-06-14,18.839113415475488,18.96809820486995,18.688629111005685,18.76028823852539,186800,0.0,0.0
2007-06-15,19.068418728946323,19.16874067266604,18.796114357729987,18.846275329589844,415800,0.0,0.0
2007-06-18,18.946595521965143,18.98959043837144,18.581135315552245,18.695789337158203,303300,0.0,0.0
2007-06-19,18.60263786210238,18.60263786210238,18.3375008674199,18.55247688293457,227600,0.0,0.0
2007-06-20,18.616970283120956,18.702961510885444,18.201348976958357,18.215681076049805,371100,0.0,0.0
2007-06-21,18.158356822213413,18.5381493054879,17.950545453973294,18.516651153564453,348000,0.0,0.0
2007-06-22,18.50231503200155,18.616969083778496,18.151186827586653,18.38766098022461,384700,0.0,0.0
2007-06-25,18.40199517253511,18.59547441947063,18.222848025398722,18.308837890625,272300,0.0,0.0
2007-06-26,18.401986427492993,18.444981339673973,18.108185355153005,18.151180267333984,217500,0.0,0.0
2007-06-27,18.022199813137664,18.2371771749953,17.95054069251845,18.22284507751465,287400,0.0,0.0
2007-06-28,18.28017280387111,18.409158952590836,18.158352704167378,18.187015533447266,217400,0.0,0.0
2007-06-29,18.294512432390768,18.359005533297633,18.101033129670164,18.194189071655273,290200,0.0,0.0
2007-07-02,18.294504762305724,18.473651885986328,18.237177737399293,18.473651885986328,279000,0.0,0.0
2007-07-03,18.616973167740145,18.69579835817253,18.480822305628,18.652803421020508,104100,0.0,0.0
2007-07-05,18.68863284206639,18.68863284206639,18.41632974326902,18.487987518310547,292100,0.0,0.0
2007-07-06,18.545309642031302,18.67429578976679,18.25867451749915,18.473651885986328,217800,0.0,0.0
2007-07-09,18.552477462484926,18.788951633651813,18.495150432104598,18.731624603271484,283600,0.0,0.0
2007-07-10,18.724455730561456,18.81044694655926,18.616967735652203,18.638465881347656,367000,0.0,0.0
2007-07-11,18.674294757389404,18.80328089799411,18.49514764361265,18.638465881347656,178800,0.0,0.0
2007-07-12,18.760282020356765,19.183069229125977,18.681456869533573,19.183069229125977,202300,0.0,0.0
2007-07-13,19.19740468302406,19.319223403930664,19.068418547024176,19.319223403930664,198700,0.0,0.0
2007-07-16,19.706187592303294,20.394112030378114,19.498376230727963,19.59869956970215,736600,0.0,0.0
2007-07-17,19.6703565344665,19.79934132727106,19.304896204559718,19.333559036254883,535200,0.0,0.0
2007-07-18,19.211736336159902,19.441044425942753,19.104248339922194,19.369386672973633,389300,0.0,0.0
2007-07-19,19.555698841167718,19.62019054219698,19.412380608964128,19.462541580200195,223400,0.0,0.0
2007-07-20,19.41954939182664,19.45537827153082,18.860609847666026,19.168743133544922,291300,0.0,0.0
2007-07-23,19.3263912556733,19.777842773799893,19.29056237756729,19.534202575683594,384400,0.0,0.0
2007-07-24,19.39805534573731,19.47688053789542,18.774623959638706,18.8391170501709,386600,0.0,0.0
2007-07-25,18.946600028546182,19.05408802852057,18.49514851515605,18.803281784057617,307000,0.0,0.0
2007-07-26,18.459318714477455,18.695792849311253,17.850218256031607,18.108190536499023,419400,0.0,0.0
2007-07-27,18.15835111133364,18.19417998648665,17.37726960529913,17.384435653686523,466300,0.0,0.0
2007-07-30,17.405936811810342,17.663907764491412,17.126466343461548,17.60658073425293,304900,0.0,0.0
2007-07-31,18.036532326597705,18.71729193800462,18.036532326597705,18.20134735107422,647400,0.0,0.0
2007-08-01,18.2013466535547,18.631300003925162,18.122522852181998,18.559640884399414,538300,0.0,0.0
2007-08-02,18.702964408828603,18.925106512029206,18.409163165851684,18.652803421020508,376900,0.0,0.0
2007-08-03,18.566808703926473,18.925102968945176,18.03653335571289,18.03653335571289,316000,0.0,0.0
2007-08-06,18.07236438418611,18.359000923707587,17.778563161282474,18.301673889160156,394600,0.0,0.0
2007-08-07,18.27280325293287,18.438788104204736,17.414009971266093,17.933616638183594,474900,0.18,0.0
2007-08-08,18.106824763856736,18.720248752014673,17.74598728570333,18.00579071044922,602600,0.0,0.0
2007-08-09,17.81092950043797,17.991348151979707,17.139771896465096,17.385141372680664,830500,0.0,0.0
2007-08-10,17.13255699363646,19.304797978024133,17.07482307343449,19.203763961791992,628800,0.0,0.0
2007-08-13,19.41304778498884,19.41304778498884,18.316101988028887,18.547039031982422,332700,0.0,0.0
2007-08-14,18.547038994257832,18.850142401314855,18.200634117274696,18.26558494567871,322200,0.0,0.0
2007-08-15,18.157333987343282,18.98725955513375,18.157333987343282,18.518171310424805,251500,0.0,0.0
2007-08-16,18.575906783763596,19.48521707930961,18.25836952742564,19.182113647460938,471100,0.0,0.0
2007-08-17,19.18210921335914,20.36565501818894,19.18210921335914,19.867700576782227,489000,0.0,0.0
2007-08-20,20.307928019017798,20.35122949720775,19.247066580101414,19.636770248413086,178800,0.0,0.0
2007-08-21,19.70894244347932,19.70894244347932,19.13881995036038,19.355321884155273,181700,0.0,0.0
2007-08-22,19.579031878175766,19.903786008486843,19.37696386508008,19.817184448242188,214600,0.0,0.0
2007-08-23,19.83883466547673,19.83883466547673,19.225410977809517,19.521297454833984,182200,0.0,0.0
2007-08-24,19.59346773111231,19.947088167154725,19.16046263799406,19.874921798706055,355600,0.0,0.0
2007-08-27,19.773890004754097,19.96152562514452,19.521303539748317,19.745023727416992,293900,0.0,0.0
2007-08-28,19.571818082675716,19.694502834309375,18.821275748802663,18.857358932495117,237400,0.0,0.0
2007-08-29,19.044990472297336,20.048119008487227,18.972824120234915,20.02646827697754,301900,0.0,0.0
2007-08-30,19.817194112925918,20.15638223144456,19.51409194546193,19.52852439880371,332600,0.0,0.0
2007-08-31,19.874919299515078,19.874919299515078,19.485214351766906,19.5501651763916,218700,0.0,0.0
2007-09-04,19.470776054179684,19.701711654663086,19.340874434786585,19.701711654663086,222800,0.0,0.0
2007-09-05,19.629552571231937,19.68006958045917,19.102728989255134,19.182113647460938,289100,0.0,0.0
2007-09-06,19.261496887988365,19.391398545860426,19.095510671548972,19.189329147338867,176800,0.0,0.0
2007-09-07,18.951177374468273,19.290363980546935,18.705807871692997,18.82127571105957,172300,0.0,0.0
2007-09-10,18.92952405722507,19.11715961473157,18.373834295742554,18.713022232055664,174800,0.0,0.0
2007-09-11,18.821273426801174,19.059425988651817,18.698588690303264,18.87900733947754,182300,0.0,0.0
2007-09-12,18.864572900045452,19.124376186832343,18.698588078591612,18.806838989257812,120100,0.0,0.0
2007-09-13,18.886223632772698,18.972825187196662,18.611987900652657,18.806838989257812,138300,0.0,0.0
2007-09-14,18.611997200501186,18.741897532316862,18.503744859259577,18.66973114013672,129500,0.0,0.0
2007-09-17,18.633644171213383,18.806845967845664,18.409925355957377,18.662511825561523,325600,0.0,0.0
2007-09-18,18.75633462682666,19.470792770385742,18.71303450868288,19.470792770385742,277200,0.0,0.0
2007-09-19,19.75945322566365,20.351227652242923,19.701719303129728,20.307926177978516,317800,0.0,0.0
2007-09-20,20.20689353020957,20.46669688750187,20.076991851563417,20.26462745666504,236600,0.0,0.0
2007-09-21,20.459472563894387,20.567723464727557,20.07698457936665,20.17801856994629,455200,0.0,0.0
2007-09-24,20.2718412784208,20.574944690215233,20.012037960744095,20.113073348999023,130400,0.0,0.0
2007-09-25,20.062558670416653,20.141943338025488,19.860490609572974,20.048126220703125,153100,0.0,0.0
2007-09-26,20.19245994258907,20.697632837395595,20.026475074132936,20.430612564086914,285100,0.0,0.0
2007-09-27,20.54608079483521,20.92135201634002,20.45226367770172,20.654333114624023,194800,0.0,0.0
2007-09-28,20.70485134630803,20.84918548703152,20.25741234414855,20.834753036499023,284700,0.0,0.0
2007-10-01,20.769796720759036,21.267751233352165,20.697628981163106,21.253318786621094,294800,0.0,0.0
2007-10-02,21.318270076075887,21.440953446613957,21.188368417288316,21.267751693725586,297800,0.0,0.0
2007-10-03,21.195588222705254,21.339922348241014,20.755366180377656,20.957435607910156,186400,0.0,0.0
2007-10-04,21.08733325800224,21.318270307512353,20.964648509647102,21.108983993530273,101300,0.0,0.0
2007-10-05,21.289404452534914,21.628591078786354,21.05125184761682,21.614158630371094,254300,0.0,0.0
2007-10-08,21.614160382752534,23.086376229838315,21.45539104894461,21.837879180908203,340000,0.0,0.0
2007-10-09,21.92447297626997,22.05437461996861,21.570852599804248,21.72962188720703,295200,0.0,0.0
2007-10-10,21.585289657682385,21.729625144871598,21.303836971797157,21.404870986938477,192800,0.0,0.0
2007-10-11,21.33991477195508,21.79457047836596,20.95742816741801,21.31104850769043,270000,0.0,0.0
2007-10-12,21.376004899268654,21.938910275881234,21.36157107512853,21.498689651489258,245900,0.0,0.0
2007-10-15,21.54921030920968,21.54921030920968,20.89248634094445,21.087337493896484,235400,0.0,0.0
2007-10-16,21.116194683690384,21.46981500087964,20.921342250805044,21.101760864257812,185600,0.0,0.0
2007-10-17,21.26054111143451,21.31827642273751,20.639901656268638,21.022388458251953,245700,0.0,0.0
2007-10-18,20.971866082256533,21.52755592328428,20.777014962305763,21.498689651489258,212100,0.0,0.0
2007-10-19,21.772926357082714,23.021423292304643,21.303838064387886,21.484256744384766,1045400,0.0,0.0
2007-10-22,21.412088997088954,21.657458512003533,21.10898555963479,21.484256744384766,479500,0.0,0.0
2007-10-23,21.809010657701037,21.809010657701037,20.96465113707955,21.282188415527344,339700,0.0,0.0
2007-10-24,21.101760916893063,21.51311513635388,20.553288165450383,20.878042221069336,335500,0.0,0.0
2007-10-25,20.964645717027455,21.123415003446937,20.524425165145725,20.87082862854004,335400,0.0,0.0
2007-10-26,21.05846660658322,21.267751540298264,20.76979702051842,21.166717529296875,273600,0.0,0.0
2007-10-29,21.347140006667544,21.60694336878661,20.92135177496592,21.130638122558594,186600,0.0,0.0
2007-10-30,21.02959541484837,21.274964865763664,20.870827513396975,21.044029235839844,188600,0.0,0.0
2007-10-31,21.173929947765068,21.650235007818278,20.93577741773846,21.570850372314453,272200,0.0,0.0
2007-11-01,21.08733698048243,21.65024381521272,20.71206713381434,21.361574172973633,628300,0.0,0.0
2007-11-02,21.469820938786203,21.469820938786203,20.834747849443648,21.166717529296875,355900,0.0,0.0
2007-11-05,20.791446685791016,21.080116276112957,20.603811107960457,20.791446685791016,295100,0.0,0.0
2007-11-06,21.118242442284966,21.118242442284966,20.544535749449583,21.038358688354492,245400,0.18,0.0
2007-11-07,20.907643970796272,20.907643970796272,20.18869287785931,20.210479736328125,304400,0.0,0.0
2007-11-08,20.406551996671684,21.336102220543665,20.29762050295407,21.2562198638916,385400,0.0,0.0
2007-11-09,20.813237247045592,21.074674028351257,20.457393508679303,20.80597496032715,360300,0.0,0.0
2007-11-12,20.835022123583382,21.3506319652476,20.704303745375714,20.8713321685791,258900,0.0,0.0
2007-11-13,20.980264396154027,21.517661114020193,20.9149052048463,21.459564208984375,414200,0.0,0.0
2007-11-14,21.503135142785187,21.56849432563141,20.922164782500918,21.05288314819336,301000,0.0,0.0
2007-11-15,20.842279770076413,21.04561819301197,20.45012472274792,20.682512283325195,302900,0.0,0.0
2007-11-16,20.50822647062683,21.060147750299695,20.399294948946274,20.609895706176758,386000,0.0,0.0
2007-11-19,20.42834773889731,20.42834773889731,19.6948746658956,19.869165420532227,246500,0.0,0.0
2007-11-20,19.869159778294325,20.442866509582117,19.65855764386731,19.970829010009766,382800,0.0,0.0
2007-11-21,19.876421448901436,20.130594520322433,19.702129364013672,19.702129364013672,283700,0.0,0.0
2007-11-23,19.745701956378863,20.1814293735731,19.46247837337601,20.007137298583984,102300,0.0,0.0
2007-11-26,19.91272847874029,20.01439769192417,19.259138107299805,19.259138107299805,314700,0.0,0.0
2007-11-27,19.440701448207644,19.687613713645774,19.26641068174659,19.498798370361328,286500,0.0,0.0
2007-11-28,19.49879044966438,20.326671600341797,19.49879044966438,20.326671600341797,308300,0.0,0.0
2007-11-29,20.32667544436516,20.32667544436516,19.912734790745205,19.992618560791016,167200,0.0,0.0
2007-11-30,20.16690552728044,20.4791768772349,19.890944219587947,20.094284057617188,259900,0.0,0.0
2007-12-03,20.021662620289284,20.718826790987382,19.91999339368013,20.428340911865234,337300,0.0,0.0
2007-12-04,20.174172445797165,20.893122251778948,20.087026385160144,20.551801681518555,268300,0.0,0.0
2007-12-05,20.769664170823294,20.980264937585737,20.46465506522911,20.667993545532227,203800,0.0,0.0
2007-12-06,20.682510118643776,21.154547474804186,20.675247834993435,21.125499725341797,245600,0.0,0.0
2007-12-07,21.13276701836676,21.13276701836676,20.631680408825904,20.755136489868164,276600,0.0,0.0
2007-12-10,20.769659090478694,20.972997521044388,20.624416167098193,20.820493698120117,215600,0.0,0.0
2007-12-11,20.82776105308154,21.04562410604937,20.21774284260421,20.28310203552246,233400,0.0,0.0
2007-12-12,20.711567743110496,21.01657685575606,20.515490159594158,20.784189224243164,402900,0.0,0.0
2007-12-13,20.64620773642736,20.64620773642736,20.239529397277646,20.544538497924805,211600,0.0,0.0
2007-12-14,20.30488377175593,20.559058210186425,19.79653628003419,19.818323135375977,213800,0.0,0.0
2007-12-17,19.767490626490357,19.767490626490357,19.230093899518117,19.237356185913086,369900,0.0,0.0
2007-12-18,19.455218962780624,20.05797483075199,19.280926874447765,19.9998779296875,346900,0.0,0.0
2007-12-19,20.02892762689591,20.29036439956871,19.87642376626312,20.217742919921875,318000,0.0,0.0
2007-12-20,20.326673471250288,20.48643961069379,19.811063622269366,20.442867279052734,229500,0.0,0.0
2007-12-21,20.89311323291268,21.423247499622512,20.66798658392162,21.401460647583008,651200,0.0,0.0
2007-12-24,21.510402992761172,21.539450756463296,21.2707530553751,21.41599464416504,86700,0.0,0.0
2007-12-26,21.481353614367332,21.568499674821766,21.205393629017628,21.445043563842773,149700,0.0,0.0
2007-12-27,21.517658352632754,21.63385353293239,20.878592479250887,20.936689376831055,175700,0.0,0.0
2007-12-28,20.93669124519462,21.132768811452642,20.776925108876654,20.88585662841797,131900,0.0,0.0
2007-12-31,20.81322945862247,20.97299555122417,20.450123569413925,20.537269592285156,223700,0.0,0.0
2008-01-02,20.37024262291673,21.002047566209225,20.268573403245917,20.827756881713867,436600,0.0,0.0
2008-01-03,20.936687641019965,21.256221243788776,20.80596928601731,20.85680389404297,347900,0.0,0.0
2008-01-04,20.61715406657055,20.84954163794373,20.435601103292854,20.62441635131836,358600,0.0,0.0
2008-01-07,20.76240131691266,21.002051222962606,20.580848315809988,20.907644271850586,318700,0.0,0.0
2008-01-08,20.965741176797863,21.096458174074627,20.704304411965385,20.907644271850586,479100,0.0,0.0
2008-01-09,20.80596799880923,21.13276386609791,20.52274583725177,21.07466697692871,339900,0.0,0.0
2008-01-10,21.07467280712582,21.575758095405604,20.80597375467216,21.39420509338379,348300,0.0,0.0
2008-01-11,21.176345918423166,21.982441838089354,20.798715272711103,20.893123626708984,353000,0.0,0.0
2008-01-14,21.067413354849627,21.140034842455403,20.82050112807378,20.9003849029541,340800,0.0,0.0
2008-01-15,20.551789230923422,20.791439021067095,20.46464460821962,20.559051513671875,472800,0.0,0.0
2008-01-16,20.58084887829932,21.11824561003393,20.44286820585113,20.667993545532227,341400,0.0,0.0
2008-01-17,20.667993600481125,20.842285705689335,20.14512144027504,20.217742919921875,438400,0.0,0.0
2008-01-18,20.07249270767341,20.07249270767341,18.816146688764952,18.89603042602539,684400,0.0,0.0
2008-01-22,18.954130208306328,19.23735239621881,18.148034584076367,18.721742630004883,482800,0.0,0.0
2008-01-23,18.2351842107788,19.244618472308055,18.148038159178668,19.237356185913086,495700,0.0,0.0
2008-01-24,19.179252516084905,19.244611685450383,18.62733141096474,18.961389541625977,422500,0.0,0.0
2008-01-25,19.077584320960817,19.41164108413831,18.8597199498485,19.070322036743164,335900,0.0,0.0
2008-01-28,19.034006652429078,19.447948455810547,18.656377647713967,19.447948455810547,298700,0.0,0.0
2008-01-29,19.571413191554406,19.709392468878324,19.06306425730387,19.607723236083984,359400,0.0,0.0
2008-01-30,19.600455506809432,19.767483881482253,18.79435999883508,18.816146850585938,390300,0.0,0.0
2008-01-31,18.467567100010378,19.462476533667562,18.431255677345316,19.259138107299805,474600,0.0,0.0
2008-02-01,19.244617365242764,19.88368329470269,19.237355079265566,19.76022720336914,305500,0.0,0.0
2008-02-04,19.760226979467234,19.963566829106522,19.556888514967344,19.789276123046875,206300,0.0,0.0
2008-02-05,19.556884920184952,19.767485631868894,18.99043919075584,19.077585220336914,231500,0.0,0.0
2008-02-06,19.34082274362844,19.52362824632929,19.055645211022302,19.187265396118164,228600,0.18,0.0
2008-02-07,19.172647491679374,19.574820578556864,18.887471251575843,19.209209442138672,370600,0.0,0.0
2008-02-08,19.084899044901334,19.326202306844063,18.8435957829586,19.15070915222168,208800,0.0,0.0
2008-02-11,20.276790043345265,20.56196763246845,19.56019266546814,20.39378547668457,807100,0.0,0.0
2008-02-12,20.386463165283203,20.48883516565037,20.05010180682009,20.386463165283203,449700,0.0,0.0
2008-02-13,20.47422802727932,20.620473071066897,20.27679763657492,20.430355072021484,419500,0.0,0.0
2008-02-14,20.37916651941886,20.569283093862435,20.145174207226997,20.313356399536133,391700,0.0,0.0
2008-02-15,20.152486749745595,20.4522877893857,19.969681169735978,20.408414840698242,387300,0.0,0.0
2008-02-19,20.72284077893264,20.77402611847413,20.218296984731253,20.36454200744629,359000,0.0,0.0
2008-02-20,20.30603932886832,20.700898562461212,20.035486521185987,20.598527908325195,264700,0.0,0.0
2008-02-21,20.781338062217394,20.781338062217394,20.115925873094582,20.18173599243164,351000,0.0,0.0
2008-02-22,20.25485446095561,20.335287950444865,19.911179151944427,20.26947784423828,420000,0.0,0.0
2008-02-25,20.181735985211272,20.60584486817843,20.181735985211272,20.576595306396484,335700,0.0,0.0
2008-02-26,20.54003019243382,20.832518771890694,20.42303476065107,20.598527908325195,666900,0.0,0.0
2008-02-27,20.37916097936671,20.92757756617243,20.37916097936671,20.664337158203125,590000,0.0,0.0
2008-02-28,20.649709216383396,20.77401701279575,20.31334776414721,20.50346565246582,304500,0.0,0.0
2008-02-29,20.313348079414215,20.313348079414215,19.58212606439176,19.699121475219727,234600,0.0,0.0
2008-03-03,19.625999237756755,20.057420343536812,19.509003825480335,20.050107955932617,334100,0.0,0.0
2008-03-04,19.83074190658816,20.15979098060485,19.757619425241565,20.050107955932617,363900,0.0,0.0
2008-03-05,20.006235340226503,20.20366422986913,19.80149266816912,20.137855529785156,264600,0.0,0.0
2008-03-06,20.101297399630013,20.218292835916095,19.596753708961533,19.62600326538086,223500,0.0,0.0
2008-03-07,19.647930580413632,19.969667171520566,19.51631043191765,19.57480812072754,263100,0.0,0.0
2008-03-10,19.516317127896006,19.706435030430647,19.304262061520504,19.348134994506836,225800,0.0,0.0
2008-03-11,19.713750151006817,20.1671085357666,19.62600426666343,20.1671085357666,350500,0.0,0.0
2008-03-12,20.25485570564949,20.722837472147365,20.14517125876783,20.210981369018555,244800,0.0,0.0
2008-03-13,19.962356583700807,20.43765191711348,19.786863501467916,20.262157440185547,443000,0.0,0.0
2008-03-14,20.39378899809501,20.488848675781952,19.626006159895258,19.911182403564453,265900,0.0,0.0
2008-03-17,19.54556903086246,20.174420567864917,19.457823148073444,19.9404296875,287100,0.0,0.0
2008-03-18,20.159788788711516,20.847137807124277,20.07204293639212,20.817888259887695,390200,0.0,0.0
2008-03-19,20.839829333352153,21.205440374288155,20.55465316772461,20.55465316772461,410800,0.0,0.0
2008-03-20,20.89102249597925,21.15426299054542,20.620471005182658,20.90564727783203,921800,0.0,0.0
2008-03-24,20.905644164080027,21.563743907780047,20.78864871607539,21.39556312561035,293200,0.0,0.0
2008-03-25,21.497931662990485,21.556429381194306,21.20544307197138,21.483306884765625,234900,0.0,0.0
2008-03-26,21.351683986675436,21.490615169189013,21.20543902175074,21.432117462158203,193500,0.0,0.0
2008-03-27,21.432116784771765,21.709981930407373,21.183501189074768,21.373619079589844,289300,0.0,0.0
2008-03-28,21.373619079589844,21.629547062771493,21.28587321916461,21.373619079589844,236300,0.0,0.0
2008-03-31,21.527188749698993,21.651496618702236,21.15426514268927,21.563749313354492,395800,0.0,0.0
2008-04-01,21.563735733446045,22.62400814809503,21.50523803161891,22.587446212768555,530300,0.0,0.0
2008-04-02,22.521637757644836,22.521637757644836,21.95859785972521,22.0170955657959,526700,0.0,0.0
2008-04-03,21.95859455706505,22.3973265892605,21.95859455706505,22.1633358001709,308000,0.0,0.0
2008-04-04,22.156030466741097,22.536266317402095,22.06097220142363,22.280338287353516,369700,0.0,0.0
2008-04-07,22.448521043405258,22.49239398282963,22.148720067063444,22.199905395507812,320000,0.0,0.0
2008-04-08,22.156032087899796,22.338837637782454,21.93666598591887,22.229154586791992,232400,0.0,0.0
2008-04-09,22.229156265854733,22.353464104952266,21.88548230820662,21.95860481262207,241500,0.0,0.0
2008-04-10,22.05365937213587,22.470455763895576,21.97322449137679,22.39002227783203,165700,0.0,0.0
2008-04-11,22.199902963868126,22.331523162419984,21.717296498974946,21.76116943359375,185300,0.0,0.0
2008-04-14,21.79042614617596,22.156037332485596,21.629557726290276,21.870861053466797,191600,0.0,0.0
2008-04-15,22.192594767980488,22.62401599153421,22.002476822457176,22.463146209716797,450300,0.0,0.0
2008-04-16,22.631323242781665,23.421041614582652,22.45582872160879,23.41373062133789,669000,0.0,0.0
2008-04-17,23.28943217366831,23.464925370660684,23.040816462588463,23.421051025390625,277300,0.0,0.0
2008-04-18,23.676975773724468,24.218078643246358,23.618476658429483,23.99871253967285,386800,0.0,0.0
2008-04-21,23.64041695737765,24.115709751791137,22.68982718446335,23.940217971801758,691800,0.0,0.0
2008-04-22,22.47776861406203,23.267488476424486,22.031722658433832,22.060972213745117,849800,0.0,0.0
2008-04-23,22.22915594621245,22.28034128015852,21.81235949014218,22.126785278320312,536700,0.0,0.0
2008-04-24,22.112157446247743,22.682511220117796,21.870854194744172,22.36077308654785,434200,0.0,0.0
2008-04-25,22.309590908505385,22.463146910819365,21.98054033969579,22.302278518676758,301400,0.0,0.0
2008-04-28,22.46314700606738,22.536269509967983,22.156033605441454,22.221843719482422,231200,0.0,0.0
2008-04-29,22.31689925689354,22.36808458172888,21.834292773166755,21.91472625732422,223500,0.0,0.0
2008-04-30,22.06097463468152,22.126784746658252,21.66611396282113,21.76848602294922,248600,0.0,0.0
2008-05-01,21.688047333008495,22.280336842362715,21.688047333008495,21.98784828186035,376700,0.0,0.0
2008-05-02,22.134098179602148,22.134098179602148,21.66611498407588,21.7977352142334,373400,0.0,0.0
2008-05-05,21.731917781934207,21.922035673182112,21.50523934781741,21.848913192749023,314500,0.0,0.0
2008-05-06,21.666114035209816,22.00247698584757,21.578368148744815,21.943979263305664,332100,0.0,0.0
2008-05-07,22.054321858737037,22.076391398742565,21.848345097797896,21.921907424926758,459700,0.18,0.0
2008-05-08,21.914557029130947,21.995475887002875,21.74535999224582,21.973407745361328,412800,0.0,0.0
2008-05-09,21.774777948701338,21.99546770166035,21.429028891791326,21.914548873901367,325300,0.0,0.0
2008-05-12,21.892484360267918,22.12788719159689,21.701219209035237,22.06903648376465,218600,0.0,0.0
2008-05-13,22.164668878615945,22.164668878615945,21.87041533254082,22.09846305847168,199900,0.0,0.0
2008-05-14,22.06168351589019,22.223522637663514,22.010189313649214,22.02490234375,192100,0.0,0.0
2008-05-15,21.95868927637424,22.03225300421847,21.649722741917596,22.017539978027344,211100,0.0,0.0
2008-05-16,22.120530723260103,22.216164000629064,21.627655517983733,21.877771377563477,260400,0.0,0.0
2008-05-19,21.760065472669105,22.010181280651267,21.590869897596253,21.782135009765625,275900,0.0,0.0
2008-05-20,21.708573038543353,22.098459806665485,21.671790473751805,21.966045379638672,367800,0.0,0.0
2008-05-21,21.966054083035797,22.525136661384796,21.907203359162846,22.31180191040039,548400,0.0,0.0
2008-05-22,22.31179531160491,22.71639374318098,22.31179531160491,22.62076187133789,387100,0.0,0.0
2008-05-23,22.731105820131965,22.731105820131965,22.157311806842124,22.51041603088379,389200,0.0,0.0
2008-05-27,22.56927062319551,22.812029994436436,22.444212680246448,22.709041595458984,258400,0.0,0.0
2008-05-28,22.7311111307482,22.797318363612785,22.333869136672476,22.679616928100586,228200,0.0,0.0
2008-05-29,22.731106778599358,23.45938479756026,22.67961258581094,23.201913833618164,311200,0.0,0.0
2008-05-30,23.15041566317974,23.172485201825378,22.767886815101544,23.135704040527344,306400,0.0,0.0
2008-06-02,23.12098858340769,23.31225368888942,22.804665578307564,23.29754066467285,456900,0.0,0.0
2008-06-03,23.415248741382722,23.547661787825554,23.025361906929245,23.40789222717285,375300,0.0,0.0
2008-06-04,23.275478969026494,23.70214839636937,23.187203600212698,23.562376022338867,292800,0.0,0.0
2008-06-05,23.709501063798786,24.128812530219676,23.46674171991766,24.114099502563477,301200,0.0,0.0
2008-06-06,23.8934023092606,23.8934023092606,23.42259679478803,23.49616050720215,335000,0.0,0.0
2008-06-09,23.4299632044106,23.4299632044106,22.907661888422354,23.128353118896484,315200,0.0,0.0
2008-06-10,22.995931909700737,23.48880702234116,22.88558702841643,23.452024459838867,266300,0.0,0.0
2008-06-11,23.4667390077078,23.4667390077078,22.922369675348744,22.988576889038086,235900,0.0,0.0
2008-06-12,23.01800074663187,23.238690502483617,22.885586331876322,22.94443702697754,184600,0.0,0.0
2008-06-13,23.025358694807387,23.246049880981445,22.878232640469435,23.246049880981445,269900,0.0,0.0
2008-06-16,23.201916201495454,23.201916201495454,22.56191347539577,23.062145233154297,255700,0.0,0.0
2008-06-17,23.062139919989967,23.0694964327459,22.71639083601776,22.8929443359375,168200,0.0,0.0
2008-06-18,22.6943266743166,22.973867192428987,22.613406422944674,22.73846435546875,190700,0.0,0.0
2008-06-19,22.797319708070873,23.069505170689673,22.694331296701968,23.01065444946289,208800,0.0,0.0
2008-06-20,22.848809965858145,22.9076606769165,22.282372398088352,22.583982467651367,545200,0.0,0.0
2008-06-23,22.731116095049806,23.01065811777496,22.554563903223862,22.57663345336914,266700,0.0,0.0
2008-06-24,22.517775092338596,22.583982317227214,21.929266582563283,22.186738967895508,267900,0.0,0.0
2008-06-25,22.216169972430627,22.29708884067314,21.92191495045518,22.083755493164062,303400,0.0,0.0
2008-06-26,21.914554977231013,22.194095502373486,21.568805824027873,21.576162338256836,216500,0.0,0.0
2008-06-27,21.524672873688004,21.524672873688004,21.039154052734375,21.039154052734375,580800,0.0,0.0
2008-06-30,20.421210172471163,21.16420105064778,20.421210172471163,20.715463638305664,361200,0.0,0.0
2008-07-01,20.553631438663185,20.958229913753005,20.31087207298696,20.84052848815918,403700,0.0,0.0
2008-07-02,20.796390980047445,20.89937937753427,20.229951987646537,20.237308502197266,410400,0.0,0.0
2008-07-03,20.33293905441389,20.33293905441389,20.09017970257435,20.10489273071289,151800,0.0,0.0
2008-07-07,20.24465890346456,20.34029075752269,19.825347522474384,20.023967742919922,269900,0.0,0.0
2008-07-08,19.89891693987866,21.017081956910417,19.89891693987866,21.002368927001953,468000,0.0,0.0
2008-07-09,21.53202408920842,22.547199173185312,21.53202408920842,21.738000869750977,686700,0.0,0.0
2008-07-10,21.708577403704865,22.046968649162554,21.487886179913115,21.863059997558594,360900,0.0,0.0
2008-07-11,21.605587334974672,22.120530677728915,21.524667085538507,22.06903648376465,298500,0.0,0.0
2008-07-14,22.14996280004201,22.24559470029601,21.502603433465033,21.69386863708496,204900,0.0,0.0
2008-07-15,21.509955513018152,22.07639449116958,21.303977320114456,21.627656936645508,302900,0.0,0.0
2008-07-16,21.730645647579212,22.12053106767397,21.546737006972528,22.091106414794922,244900,0.0,0.0
2008-07-17,22.091112364454048,22.142606573194676,21.708581952220882,21.907203674316406,298500,0.0,0.0
2008-07-18,22.55455696094501,23.209271312834552,21.826278867659504,23.062145233154297,923100,0.0,0.0
2008-07-21,23.018006504157604,23.731570133022156,22.8929485703977,23.613868713378906,712400,0.0,0.0
2008-07-22,23.429958170221425,23.680072599373496,23.378463981775074,23.584442138671875,500300,0.0,0.0
2008-07-23,23.628580640202365,23.628580640202365,23.37110967367912,23.43731689453125,288500,0.0,0.0
2008-07-24,23.496165734682066,23.569729463462807,23.179842683102876,23.275474548339844,247600,0.0,0.0
2008-07-25,23.437319794545083,23.643296593250195,23.172490878367988,23.356399536132812,192500,0.0,0.0
2008-07-28,23.209271964143536,23.341686421749802,22.591338764055422,22.709041595458984,289300,0.0,0.0
2008-07-29,22.73110454725858,23.054784102727425,22.5986901198799,22.988576889038086,424000,0.0,0.0
2008-07-30,23.15778033461929,23.429965794695164,22.9812281725884,23.194562911987305,351700,0.0,0.0
2008-07-31,23.150415266838497,23.268116664710764,22.834093637001367,22.8929443359375,337900,0.0,0.0
2008-08-01,23.025366955334658,23.098930710450908,22.804677093097837,22.922378540039062,171000,0.0,0.0
2008-08-04,22.966509051243758,22.966509051243758,22.39271502758348,22.56191062927246,211400,0.0,0.0
2008-08-05,22.716393261362455,22.973865622864157,22.554554172786965,22.951797485351562,280900,0.0,0.0
2008-08-06,22.959198219561312,22.959198219561312,22.46330317340557,22.744556427001953,241100,0.19,0.0
2008-08-07,22.52251356425812,22.52251356425812,22.13023793053066,22.167245864868164,244800,0.0,0.0
2008-08-08,22.18205202979622,22.892588981318504,22.056227851490643,22.870384216308594,185000,0.0,0.0
2008-08-11,22.796366259052142,23.173838736252772,22.61133081405429,23.16643714904785,227400,0.0,0.0
2008-08-12,23.070219630804374,23.21824855335965,22.8925857707631,23.092424392700195,178800,0.0,0.0
2008-08-13,23.092424246323993,23.277459692490986,22.966600086462105,23.129430770874023,230300,0.0,0.0
2008-08-14,23.062819066239793,23.21824958298633,22.80376914613456,22.974002838134766,199200,0.0,0.0
2008-08-15,23.062825170498858,23.38108646414754,22.33748633158861,22.670549392700195,282200,0.0,0.0
2008-08-18,22.618737343216626,22.848182361575354,22.47070980190092,22.61133575439453,173200,0.0,0.0
2008-08-19,22.241263237854227,22.40409535720659,21.871192292720487,21.93780517578125,208700,0.0,0.0
2008-08-20,21.967407732855794,22.219056044996442,21.834181989756818,22.13763999938965,194700,0.0,0.0
2008-08-21,22.048822740677448,22.19685023915805,21.863787308795462,22.056222915649414,166200,0.0,0.0
2008-08-22,22.12283760160704,22.337479397844433,21.848985930479554,22.034021377563477,184300,0.0,0.0
2008-08-25,21.937806538802164,21.937806538802164,21.034833884788224,21.23467254638672,276300,0.0,0.0
2008-08-26,21.2346591404948,21.69354606070992,21.094031866109216,21.619531631469727,235900,0.0,0.0
2008-08-27,21.61214069446572,21.723161679914014,21.367893961796106,21.52332305908203,326000,0.0,0.0
2008-08-28,21.66395577832769,21.693560723008538,21.427110574045795,21.686159133911133,279200,0.0,0.0
2008-08-29,21.634334799659328,21.678744304228136,21.397489755456967,21.619531631469727,275100,0.0,0.0
2008-09-02,21.626940366716155,22.285667451889587,21.478912870996904,21.649145126342773,214400,0.0,0.0
2008-09-03,21.60473800184417,22.174646074442766,21.59733641496518,22.078428268432617,410000,0.0,0.0
2008-09-04,22.00441833808868,22.00441833808868,21.35309408753948,21.552932739257812,395000,0.0,0.0
2008-09-05,21.37529835574793,21.641749902774627,21.00522739008138,21.582538604736328,325900,0.0,0.0
2008-09-08,21.723159511946676,22.30787072986477,21.58993377802126,22.08582878112793,273500,0.0,0.0
2008-09-09,22.09323217504334,22.38928860148158,21.575132369995117,21.575132369995117,281800,0.0,0.0
2008-09-10,21.619543937092857,22.078432530210485,21.508522935894458,21.93780517578125,272100,0.0,0.0
2008-09-11,21.589933917763947,22.07842733751344,21.42710324841688,22.0488224029541,332000,0.0,0.0
2008-09-12,21.97481082594345,22.270867268838064,21.77497219759891,22.189451217651367,226500,0.0,0.0
2008-09-15,21.471517597378103,22.315278947351047,21.43450965378623,21.582538604736328,283700,0.0,0.0
2008-09-16,21.501123398685788,22.322681427001953,21.330891086495033,22.322681427001953,341400,0.0,0.0
2008-09-17,22.05623352283438,22.11544483304392,21.1828670501709,21.1828670501709,326400,0.0,0.0
2008-09-18,21.582532564367398,21.95260342646109,21.057032617814343,21.745363235473633,662400,0.0,0.0
2008-09-19,22.914790868203358,23.669735889724645,21.76016998404103,21.96000862121582,1675200,0.0,0.0
2008-09-22,21.952602369953755,21.982208715116382,21.308679891457277,21.404897689819336,327200,0.0,0.0
2008-09-23,21.286481217004194,21.826784465285474,21.242073098275103,21.35309410095215,442900,0.0,0.0
2008-09-24,21.279082264772107,21.279082264772107,20.40571448855327,20.575946807861328,347600,0.0,0.0
2008-09-25,20.53893340189938,21.26427197241772,20.516728641358,21.0200252532959,303500,0.0,0.0
2008-09-26,20.834990166480363,21.56773033612807,20.7239691853292,21.515920639038086,445400,0.0,0.0
2008-09-29,21.21245873942157,21.256866841391783,20.294683299024584,20.420507431030273,469500,0.0,0.0
2008-09-30,20.790583583987186,20.960815861707648,20.516730492764662,20.820188522338867,459900,0.0,0.0
2008-10-01,20.723976272503034,21.027434383556546,20.649961789188037,20.99782943725586,246900,0.0,0.0
2008-10-02,21.0422328058271,21.131049036360526,20.213273321166795,20.368703842163086,316000,0.0,0.0
2008-10-03,20.546337912812962,20.98302171698202,19.932020234157797,20.043041229248047,467000,0.0,0.0
2008-10-06,19.643374002217467,19.89502104294628,18.407336513492993,19.029054641723633,850600,0.0,0.0
2008-10-07,19.191882255110656,19.547150075731075,18.02985954284668,18.02985954284668,718300,0.0,0.0
2008-10-08,17.593172830277222,18.79220188558396,17.30451653705192,18.05946159362793,597700,0.0,0.0
2008-10-09,18.222301394149046,18.5849708989425,16.505170322311976,16.53477668762207,564600,0.0,0.0
2008-10-10,15.86863993630171,17.948437913704126,15.579983686181462,17.504352569580078,732800,0.0,0.0
2008-10-13,17.933634134064576,19.26589012145996,17.22309873682038,19.26589012145996,549600,0.0,0.0
2008-10-14,19.60636123412886,19.858009624800616,18.399930406139166,18.910627365112305,397400,0.0,0.0
2008-10-15,18.67378007503245,18.710788017606284,17.334123611450195,17.334123611450195,405300,0.0,0.0
2008-10-16,17.19349014890998,19.709971470453315,16.66799025630686,19.591548919677734,958100,0.0,0.0
2008-10-17,18.61456873220126,20.427916974245772,18.61456873220126,18.92542839050293,922300,0.0,0.0
2008-10-20,19.14747075666138,19.53974504341992,18.821807939286952,19.443527221679688,581300,0.0,0.0
2008-10-21,19.080853996772795,19.591550765723152,18.85140904778065,18.932825088500977,454500,0.0,0.0
2008-10-22,18.46653640094684,18.46653640094684,17.41553510650279,17.637577056884766,742900,0.0,0.0
2008-10-23,17.763405798173086,18.792202598903838,17.304517193901805,18.61456871032715,655100,0.0,0.0
2008-10-24,17.54137155276833,18.140886368474902,17.023271423035705,17.55617332458496,482000,0.0,0.0
2008-10-27,17.65238005543493,17.859618830619457,16.667991638183594,16.667991638183594,513800,0.0,0.0
2008-10-28,16.882637819543515,18.03726030090685,16.497765070797836,18.022457122802734,548500,0.0,0.0
2008-10-29,17.96324062617249,18.76999524727665,17.630176273713573,18.192684173583984,445600,0.0,0.0
2008-10-30,18.229690998154172,18.50354407156502,17.76340230870242,18.288902282714844,347700,0.0,0.0
2008-10-31,18.192686613848217,19.051251046784895,17.97804621146832,18.673778533935547,431000,0.0,0.0
2008-11-03,18.725596462908868,19.24369655009509,18.503554375091436,19.029054641723633,314300,0.0,0.0
2008-11-04,19.3695052204032,19.495329345571136,18.392518559903003,18.68117332458496,277200,0.0,0.0
2008-11-05,18.666259473738698,18.83032516109245,17.77881008767222,17.845928192138672,330800,0.19,0.0
2008-11-06,17.883215162260903,18.256092883354327,17.562540094534057,17.599828720092773,302600,0.0,0.0
2008-11-07,17.786267394317726,18.19643231425752,17.308982949075357,17.905588150024414,343900,0.0,0.0
2008-11-10,18.2188149786417,18.2411867429793,17.115096702274528,17.420856475830078,334700,0.0,0.0
2008-11-11,17.27170471703796,18.151696814243785,16.928657721810655,17.376110076904297,332100,0.0,0.0
2008-11-12,17.092715587497214,17.34627256343725,16.89136126735383,16.921192169189453,439200,0.0,0.0
2008-11-13,16.980857167629782,18.934736251831055,16.76458733776368,18.934736251831055,892300,0.0,0.0
2008-11-14,18.643888724496016,18.91981890348152,17.711694288271215,17.77135467529297,391000,0.0,0.0
2008-11-17,17.622204476254627,18.69609295523568,17.51779914580367,17.853389739990234,323400,0.0,0.0
2008-11-18,17.80864398258132,18.34558895147362,17.3611917383924,18.03982925415039,440900,0.0,0.0
2008-11-19,18.0547502163483,18.748303452450877,17.30899429321289,17.30899429321289,586400,0.0,0.0
2008-11-20,17.129999209720953,18.017448439905433,16.250009125851022,16.309669494628906,772200,0.0,0.0
2008-11-21,16.652722750140477,17.853389739990234,16.033745649408775,17.853389739990234,736500,0.0,0.0
2008-11-24,18.01746042538768,18.01746042538768,16.652727337139417,17.1300106048584,1060900,0.0,0.0
2008-11-25,17.308991500289565,17.450685501098633,16.622897527230787,17.450685501098633,665500,0.0,0.0
2008-11-26,17.0405173946091,17.957796530054406,16.772044897438356,17.89067840576172,437800,0.0,0.0
2008-11-28,17.719151200642248,17.927963256835938,17.58491498040457,17.927963256835938,187700,0.0,0.0
2008-12-01,17.599832486870657,17.76389820719606,16.130693040986188,16.23509979248047,561100,0.0,0.0
2008-12-02,16.593066846769666,16.95848702461531,16.16798626075364,16.92865753173828,529100,0.0,0.0
2008-12-03,16.56322868482194,17.831013581788607,16.451365646246224,17.71915054321289,700800,0.0,0.0
2008-12-04,17.465595055214557,18.04728489686103,16.190352323793867,16.637805938720703,588800,0.0,0.0
2008-12-05,16.39170902679515,17.39847944990603,15.862223192202515,17.383563995361328,544200,0.0,0.0
2008-12-08,17.71915350231561,18.285927937821832,17.391020634934964,17.853389739990234,496400,0.0,0.0
2008-12-09,17.71915329168633,18.539484739178608,17.316444583449492,17.57000160217285,446000,0.0,0.0
2008-12-10,17.77882110904689,18.390340731129204,17.622211627401906,18.15169906616211,382800,0.0,0.0
2008-12-11,17.927968881581595,17.980171556404215,16.63035262711199,16.86153793334961,605300,0.0,0.0
2008-12-12,16.63780530631378,17.666948723769103,16.548315440179444,17.584915161132812,441200,0.0,0.0
2008-12-15,17.629667059157835,17.726616111923466,16.794421340649617,17.1300106048584,482800,0.0,0.0
2008-12-16,17.301536095365243,17.338823318481445,16.854082305888895,17.338823318481445,990500,0.0,0.0
2008-12-17,17.182212659848336,17.331362952033086,16.757130699960573,16.891366958618164,896000,0.0,0.0
2008-12-18,16.921195155446323,16.995771000780852,16.27238715017662,16.443910598754883,639900,0.0,0.0
2008-12-19,16.86153480280295,17.100176370494665,16.369336213834806,16.488656997680664,920200,0.0,0.0
2008-12-22,16.525948334530465,16.593066470000174,15.765277080817961,16.13069725036621,474900,0.0,0.0
2008-12-23,16.37678932107285,16.54085643364306,16.00391158874515,16.100860595703125,771400,0.0,0.0
2008-12-24,16.257471550188157,16.399165512805872,15.981542774076528,16.23509979248047,187200,0.0,0.0
2008-12-26,16.19781278454802,16.54831886291504,16.123238354816888,16.54831886291504,248500,0.0,0.0
2008-12-29,16.60052398762027,16.76458974867371,16.525948124444607,16.690013885498047,463700,0.0,0.0
2008-12-30,16.794413897971765,17.24186747437121,16.622890477450284,17.16729164123535,433500,0.0,0.0
2008-12-31,17.092720468890352,17.980170138121156,17.092720468890352,17.808645248413086,675100,0.0,0.0
2009-01-02,18.002547314349414,18.248646709148794,17.845939255120953,18.15169906616211,394900,0.0,0.0
2009-01-05,18.136778920270427,18.464911836024626,17.935424534074702,18.285930633544922,391900,0.0,0.0
2009-01-06,18.375416676523354,18.606601925939795,18.13677512317877,18.271011352539062,416800,0.0,0.0
2009-01-07,18.06965380068216,18.203890006212166,17.659488881487693,17.875757217407227,367800,0.0,0.0
2009-01-08,17.927967769146708,18.330675108801845,17.89813685828982,18.30830192565918,392400,0.0,0.0
2009-01-09,18.241178721744777,18.435075321100697,17.57745678648409,17.9354190826416,625600,0.0,0.0
2009-01-12,17.801188357280303,18.009999033226315,17.473055466258792,17.637121200561523,336400,0.0,0.0
2009-01-13,17.54017575317082,18.27101605394888,17.44322670816821,18.144237518310547,470800,0.0,0.0
2009-01-14,17.995088394030873,18.144240135976258,17.30153663450918,17.510347366333008,438400,0.0,0.0
2009-01-15,17.271698596777508,18.159148108420922,17.174751000171817,18.024911880493164,643200,0.0,0.0
2009-01-16,18.1591500483897,18.382876170559726,17.666951441682844,18.047286987304688,570600,0.0,0.0
2009-01-20,17.85338874338335,18.241180558732236,17.092717720633072,17.182209014892578,429000,0.0,0.0
2009-01-21,17.33882385122485,17.59983868830722,16.988319106947422,17.495431900024414,451900,0.0,0.0
2009-01-22,17.23441594550306,17.323905839509887,16.690013163560597,17.115095138549805,338500,0.0,0.0
2009-01-23,16.846621448065225,17.010687190689527,16.4812013242092,16.734758377075195,371500,0.0,0.0
2009-01-26,16.742216666433418,17.130008564046697,16.578149495889175,16.891366958618164,304000,0.0,0.0
2009-01-27,16.89881627044789,17.279151673086687,16.667632508127806,17.0479679107666,220900,0.0,0.0
2009-01-28,17.13746833371855,17.38356769643819,17.025605245648954,17.1300106048584,251600,0.0,0.0
2009-01-29,17.1747523723946,17.1747523723946,16.570689298456454,16.704925537109375,392600,0.0,0.0
2009-01-30,16.622892397166186,16.772042658247006,15.966626696679796,16.03374481201172,383500,0.0,0.0
2009-02-02,15.817476620444387,16.384251083941244,15.765273952640838,16.332048416137695,515000,0.0,0.0
2009-02-03,16.41408051628785,16.451367726389186,16.018829546100594,16.279844284057617,319200,0.0,0.0
2009-02-04,16.250017570375658,16.51103093040813,16.033747732158886,16.138153076171875,259700,0.0,0.0
2009-02-05,16.213389047530754,17.131270956115927,16.032822467567016,17.08612823486328,671300,0.19,0.0
2009-02-06,17.048506741632377,17.966387000174667,17.048506741632377,17.612777709960938,681100,0.0,0.0
2009-02-09,17.4924014178365,17.815917028500024,17.23659844359164,17.627826690673828,569400,0.0,0.0
2009-02-10,17.605262715453957,17.71059432461287,17.326889702357395,17.492408752441406,625700,0.0,0.0
2009-02-11,17.49239882480612,17.830961956711665,17.417162413825423,17.62030029296875,419900,0.0,0.0
2009-02-12,17.364500017057164,17.79334575983082,17.153838321038787,17.740680694580078,412900,0.0,0.0
2009-02-13,17.703068585376926,17.868587617225522,17.52250197744686,17.650402069091797,377200,0.0,0.0
2009-02-17,17.16136819373414,17.364506176050956,16.9281364927496,17.123750686645508,322300,0.0,0.0
2009-02-18,17.131265874868987,17.221548420564645,16.822797879547636,16.935651779174805,326500,0.0,0.0
2009-02-19,17.25917252581977,17.25917252581977,16.822802930564386,16.882991790771484,223100,0.0,0.0
2009-02-20,16.57451955938048,17.0409827506208,16.333762743723085,16.634708404541016,374600,0.0,0.0
2009-02-23,16.807757780394926,16.837851497330103,15.777021786326218,15.837210655212402,404400,0.0,0.0
2009-02-24,16.025300873031266,16.047872236745462,15.453507342429756,15.94254207611084,466600,0.0,0.0
2009-02-25,15.807112313139786,15.889872521773711,15.378266568428371,15.558833122253418,433800,0.0,0.0
2009-02-26,15.649121097200862,15.754452699644801,14.979519715666795,15.054756164550781,302600,0.0,0.0
2009-02-27,14.85161072245985,15.498641848808022,14.701139335296094,15.197697639465332,584600,0.0,0.0
2009-03-02,14.926846987954296,15.002083398309917,14.106773128609895,14.114296913146973,591100,0.0,0.0
2009-03-03,14.166968871890774,14.467913224915034,13.858500730663925,13.993926048278809,598900,0.0,0.0
2009-03-04,14.24973090191539,15.017138740031445,14.099257988942647,14.738765716552734,573600,0.0,0.0
2009-03-05,14.422763610177517,14.753802925034512,14.422763610177517,14.618377685546875,1056800,0.0,0.0
2009-03-06,14.71619042449796,14.851615723054168,14.603336487373006,14.813998222351074,1566400,0.0,0.0
2009-03-09,14.821523461700888,14.866664753970658,14.580766554558561,14.65600299835205,1165400,0.0,0.0
2009-03-10,14.89675276411471,15.182650854010422,14.791422644161162,15.145031929016113,491800,0.0,0.0
2009-03-11,15.167604388239633,15.393312214576358,15.047226689524665,15.212745666503906,621200,0.0,0.0
2009-03-12,15.175127521949854,15.965106315210798,15.167603736726425,15.91244125366211,485100,0.0,0.0
2009-03-13,15.86730782110679,16.138158482980003,15.76197764594099,16.047874450683594,270200,0.0,0.0
2009-03-16,16.025299505363755,16.679854647054785,16.025299505363755,16.51433563232422,816900,0.0,0.0
2009-03-17,16.544423892165515,17.071077346801758,16.469187479358165,17.071077346801758,414700,0.0,0.0
2009-03-18,17.056038962324923,17.537549967572897,16.867948546522936,17.266700744628906,536800,0.0,0.0
2009-03-19,17.560115945618588,17.560115945618588,17.033462368974316,17.1387939453125,384900,0.0,0.0
2009-03-20,17.244124450185208,17.417167238867876,16.95822773127539,17.056034088134766,439700,0.0,0.0
2009-03-23,17.552594899022544,18.146961212158203,17.35698072387723,18.146961212158203,360600,0.0,0.0
2009-03-24,17.94381567294274,18.259807447831594,17.657917601130595,17.77077293395996,498500,0.0,0.0
2009-03-25,17.763254938344772,18.33504983329744,17.37955041271802,17.88363265991211,407300,0.0,0.0
2009-03-26,18.056674251323503,18.71122932434082,18.041626678377007,18.71122932434082,421700,0.0,0.0
2009-03-27,18.696188124017485,18.696188124017485,17.76325980857765,17.808401107788086,475000,0.0,0.0
2009-03-30,17.372030167578817,17.778304701946535,17.138798463867424,17.70306968688965,692000,0.0,0.0
2009-03-31,17.981446364698986,18.056682830161236,17.68050193786621,17.68050193786621,460500,0.0,0.0
2009-04-01,17.417167564742766,18.28238295935985,17.229077199173155,18.124387741088867,485900,0.0,0.0
2009-04-02,18.51561843207765,19.109983317668274,18.462953352533443,18.598377227783203,592900,0.0,0.0
2009-04-03,18.56827770667934,18.68865540372302,18.214666965975105,18.485517501831055,280400,0.0,0.0
2009-04-06,18.350092751855065,18.508089380569118,17.84601059312562,18.094289779663086,446800,0.0,0.0
2009-04-07,17.891155116152948,18.477996106390904,17.68801718798649,17.98143768310547,668300,0.0,0.0
2009-04-08,18.101809514884955,18.372659997780886,17.89867308772807,18.086763381958008,596200,0.0,0.0
2009-04-09,18.402754746435676,18.54570377999364,18.25228336349347,18.432849884033203,512100,0.0,0.0
2009-04-13,18.282382813288685,18.598374682321566,18.192100242145344,18.54570960998535,410200,0.0,0.0
2009-04-14,18.350092751855065,18.568278230789854,18.026577143787833,18.094289779663086,354300,0.0,0.0
2009-04-15,18.06419472348266,18.47046907338849,18.041623368204174,18.410280227661133,218000,0.0,0.0
2009-04-16,18.447905975420998,18.688661447365185,18.124390271865067,18.620948791503906,400400,0.0,0.0
2009-04-17,18.643512413692388,18.65103619844348,18.252284216726785,18.508087158203125,470400,0.0,0.0
2009-04-20,18.319998584164104,18.319998584164104,16.830323502350996,16.98079490661621,910500,0.0,0.0
2009-04-21,16.92812815087026,17.206502445202375,16.709942699229526,17.00336456298828,730200,0.0,0.0
2009-04-22,16.837853768413638,17.51498042848359,16.612145838401002,17.183940887451172,622500,0.0,0.0
2009-04-23,17.259165138495266,17.259165138495266,16.7927005952862,17.17640495300293,548900,0.0,0.0
2009-04-24,17.32688494494964,17.98143861171256,17.138794579900313,17.838489532470703,706900,0.0,0.0
2009-04-27,17.59773289102489,17.808394602075293,17.424690111420365,17.688016891479492,496600,0.0,0.0
2009-04-28,17.3569802657127,17.800873683168316,17.3569802657127,17.54507064819336,357300,0.0,0.0
2009-04-29,17.770775606611235,18.267333979686168,17.71810910702963,18.094289779663086,529800,0.0,0.0
2009-04-30,18.319997508376158,18.319997508376158,17.552588656136745,17.590206146240234,518300,0.0,0.0
2009-05-01,17.65039378337979,17.65039378337979,17.236595680501676,17.39459228515625,399000,0.0,0.0
2009-05-04,17.590210295628413,17.718111801172576,17.31936114595858,17.522499084472656,528200,0.0,0.0
2009-05-05,17.469829734339946,17.582685082939744,17.24412190717109,17.33440589904785,1102800,0.0,0.0
2009-05-06,17.569584078082684,17.60751438055086,17.09924196090482,17.387516021728516,992700,0.19,0.0
2009-05-07,17.660614088719775,17.660614088719775,17.175097955164453,17.311649322509766,468600,0.0,0.0
2009-05-08,17.46337933435911,17.827515473355785,17.32682792049826,17.819929122924805,382800,0.0,0.0
2009-05-11,17.410269705752054,17.690957330188056,17.410269705752054,17.516475677490234,288400,0.0,0.0
2009-05-12,17.554408487095117,17.751649210730214,17.35716776346002,17.660615921020508,373900,0.0,0.0
2009-05-13,17.395098320706456,17.592339030894532,17.36475292824,17.455787658691406,611700,0.0,0.0
2009-05-14,17.554401877914504,17.630263888742803,17.387506611650252,17.501298904418945,590900,0.0,0.0
2009-05-15,17.501306607393815,17.592341349845043,16.917170747947793,17.121997833251953,601000,0.0,0.0
2009-05-18,17.296469948461734,17.501296920393788,17.144747390952592,17.4709529876709,519400,0.0,0.0
2009-05-19,17.357158401546386,17.683363982115086,17.33440081486772,17.607501983642578,539400,0.0,0.0
2009-05-20,17.81991563331044,18.32060280714951,17.797156599246012,17.97163963317871,623700,0.0,0.0
2009-05-21,17.766821907997848,18.0095792764878,17.159928486772973,17.660615921020508,524700,0.0,0.0
2009-05-22,17.77440651006844,17.979233562210474,17.37233875367274,17.42544174194336,440700,0.0,0.0
2009-05-26,17.26613347545888,17.781993577148103,17.175098744064556,17.683372497558594,410500,0.0,0.0
2009-05-27,17.766818823673532,17.86543844489666,17.357164750251755,17.486129760742188,485700,0.0,0.0
2009-05-28,17.524059806976517,17.72888682393004,17.205440485142486,17.4178524017334,454800,0.0,0.0
2009-05-29,17.48613567631475,17.48613567631475,17.114413213723115,17.387516021728516,516800,0.0,0.0
2009-06-01,17.683371800190454,17.91854424412311,17.569579475646083,17.888198852539062,326000,0.0,0.0
2009-06-02,17.918547903354124,18.267511296146697,17.90337520446361,18.153718948364258,334000,0.0,0.0
2009-06-03,18.070260105932775,18.115776729345306,17.918537545575216,18.047502517700195,274600,0.0,0.0
2009-06-04,18.184060749932836,18.282681834116456,17.979235126913085,18.22199249267578,235100,0.0,0.0
2009-06-05,18.259923433454844,18.502680807792313,18.123372048653,18.313026428222656,272100,0.0,0.0
2009-06-08,18.305432463371307,18.305432463371307,17.83509060801675,18.10060691833496,381300,0.0,0.0
2009-06-09,18.25233509040626,18.25233509040626,17.956474753626388,18.19923210144043,228400,0.0,0.0
2009-06-10,18.29026597090979,18.29026597090979,17.827508894041152,18.123369216918945,276200,0.0,0.0
2009-06-11,18.18406183153812,18.540612999789612,18.14613153348708,18.22957992553711,255400,0.0,0.0
2009-06-12,18.15371093087839,18.22198659878392,17.835091629635084,18.02474594116211,189100,0.0,0.0
2009-06-15,17.850270784302616,17.933717727661133,17.58475436264821,17.933717727661133,332200,0.0,0.0
2009-06-16,18.017166179361332,18.04751157483008,17.531651427446143,17.55440902709961,185200,0.0,0.0
2009-06-17,17.493716507199714,17.827508562016913,17.45578621669796,17.698543548583984,271400,0.0,0.0
2009-06-18,17.660617398031082,17.97165048328997,17.592341701564674,17.827512741088867,227500,0.0,0.0
2009-06-19,17.94130184086324,18.039922916563494,17.721303539670515,17.888198852539062,416000,0.0,0.0
2009-06-22,17.721300360029765,17.78957603189562,17.304059982299805,17.304059982299805,353200,0.0,0.0
2009-06-23,17.341996214385425,17.508891540610104,17.114410100135743,17.152341842651367,250200,0.0,0.0
2009-06-24,17.273719030224022,17.53923541706792,17.18268430301118,17.311649322509766,198800,0.0,0.0
2009-06-25,17.311647717652324,17.410268783569336,17.15233876848329,17.410268783569336,260000,0.0,0.0
2009-06-26,17.258548979046605,17.31165197516274,16.98544620250862,17.19027328491211,506600,0.0,0.0
2009-06-29,17.190269962782356,17.25854564372214,16.87923694825572,17.13716697692871,339100,0.0,0.0
2009-06-30,17.197859877469952,17.220618924819796,17.030964537748865,17.121997833251953,298900,0.0,0.0
2009-07-01,17.19786137812778,17.599929234703282,17.182688678570603,17.53923988342285,319400,0.0,0.0
2009-07-02,17.31923412267205,17.349579511347237,16.765443801879883,16.765443801879883,288800,0.0,0.0
2009-07-06,16.74268507100908,17.159925491347508,16.636479102570984,17.106821060180664,288100,0.0,0.0
2009-07-07,17.099238295362383,17.144754937956506,16.704756867685365,16.712343215942383,186500,0.0,0.0
2009-07-08,16.788202548761596,16.90199631715644,16.606134545056864,16.803375244140625,275300,0.0,0.0
2009-07-09,16.94750819963588,17.06888683470465,16.78061293815319,16.993024826049805,326400,0.0,0.0
2009-07-10,16.932339412904422,17.197855780947457,16.932339412904422,17.106821060180664,191200,0.0,0.0
2009-07-13,17.175093270720517,17.508885250196528,16.955095030960706,17.501298904418945,235700,0.0,0.0
2009-07-14,17.448201661549135,17.62268333089711,17.235788250855087,17.584753036499023,131000,0.0,0.0
2009-07-15,17.713719161949626,18.009579528061078,17.630270772760007,18.00199317932129,249400,0.0,0.0
2009-07-16,18.07026839273872,18.244750068291406,17.941303361471938,18.1385440826416,255400,0.0,0.0
2009-07-17,18.16130023512567,18.275092551187115,17.986817140420467,18.244747161865234,369100,0.0,0.0
2009-07-20,18.404057212278513,18.745434153977538,18.206816526276782,18.49509048461914,528800,0.0,0.0
2009-07-21,18.563366427107205,18.813710100036108,18.404057474765082,18.510263442993164,430500,0.0,0.0
2009-07-22,18.53302088460551,18.67715857686047,18.41922857890851,18.608882904052734,297600,0.0,0.0
2009-07-23,18.624053037869416,19.003361665499728,18.533019777528786,18.81370735168457,337000,0.0,0.0
2009-07-24,18.616467947041436,18.75301783614709,18.495087856257125,18.669570922851562,287800,0.0,0.0
2009-07-27,18.722681009335677,18.73785370731459,18.38888888854018,18.555784225463867,246300,0.0,0.0
2009-07-28,18.517852632130037,18.699920654296875,18.350957306880776,18.699920654296875,345200,0.0,0.0
2009-07-29,18.63923183394598,18.798542262132113,18.51026680044218,18.730266571044922,277600,0.0,0.0
2009-07-30,18.942679475179965,19.147506558488445,18.859232529606537,18.919921875,327300,0.0,0.0
2009-07-31,18.95784740808828,19.268880405918132,18.78336576480768,19.10957145690918,470600,0.0,0.0
2009-08-03,19.35232768128624,19.397844314575195,19.07163864095104,19.397844314575195,460300,0.0,0.0
2009-08-04,19.397849474335665,19.541987206196456,19.321987434043248,19.420608520507812,267100,0.0,0.0
2009-08-05,19.52761043010554,19.52761043010554,19.183680778114606,19.390039443969727,281400,0.19,0.0
2009-08-06,19.5199631971299,19.581106325968474,19.176032186308433,19.22953224182129,208300,0.0,0.0
2009-08-07,19.305960706973362,19.73396259087866,19.260103726711,19.665176391601562,203500,0.0,0.0
2009-08-10,19.535248070609395,19.60403427342367,19.244818570323595,19.38239097595215,172700,0.0,0.0
2009-08-11,19.39767590277188,19.542891383578535,19.030817121776636,19.489391326904297,191600,0.0,0.0
2009-08-12,19.504678380557145,20.047323503783083,19.41296295216136,19.894466400146484,310000,0.0,0.0
2009-08-13,19.917396545410156,20.032039751287122,19.75689634873589,19.917396545410156,203600,0.0,0.0
2009-08-14,19.833317800141646,19.940317888969727,19.29831444046748,19.50467300415039,253000,0.0,0.0
2009-08-17,19.283032385530795,19.30596160561283,18.87031662842454,19.11488914489746,423700,0.0,0.0
2009-08-18,19.252458604889117,19.56581727590781,19.06902924559283,19.443531036376953,387600,0.0,0.0
2009-08-19,19.283031072887088,19.77981914537601,19.22188794793102,19.596389770507812,352900,0.0,0.0
2009-08-20,19.619317710781612,19.85624712232894,19.474102251809448,19.81803321838379,303600,0.0,0.0
2009-08-21,20.108461499795624,20.727537203338994,20.024390624491154,20.681678771972656,494600,0.0,0.0
2009-08-24,20.62818765441535,20.84218938677807,20.62818765441535,20.77340316772461,289100,0.0,0.0
2009-08-25,20.811610601695225,21.063826173719267,20.689324352093696,20.71225357055664,315300,0.0,0.0
2009-08-26,20.666396397146688,20.77339650010052,20.345394630518115,20.55939483642578,562600,0.0,0.0
2009-08-27,20.589972560598518,20.781045056445063,20.139041353779277,20.3759708404541,300300,0.0,0.0
2009-08-28,20.61289722699653,20.61289722699653,19.963252005037393,20.05496597290039,304100,0.0,0.0
2009-08-31,20.070252872656162,20.12375293221007,19.89446654618838,19.925037384033203,374500,0.0,0.0
2009-09-01,19.87917807461961,20.330109177815974,19.657533330642664,19.85624885559082,482700,0.0,0.0
2009-09-02,19.871538978249813,20.246040884061664,19.871538978249813,20.009111404418945,433400,0.0,0.0
2009-09-03,20.184894741149463,20.184894741149463,19.787463670874857,20.14668083190918,184300,0.0,0.0
2009-09-04,20.139040442496885,20.406542216131204,19.940324880876172,20.35304069519043,212600,0.0,0.0
2009-09-08,20.59760896450474,20.681679844167675,20.268964144842688,20.475322723388672,242600,0.0,0.0
2009-09-09,20.567038102492166,20.84218289297915,20.482965759228456,20.71225357055664,159300,0.0,0.0
2009-09-10,20.742825988495213,20.91097068786621,20.54411045327225,20.91097068786621,207500,0.0,0.0
2009-09-11,20.926255376908596,20.941541523718175,20.750469061900002,20.91097068786621,137700,0.0,0.0
2009-09-14,20.811609817717205,21.16318386540304,20.696966645255287,21.147897720336914,130900,0.0,0.0
2009-09-15,21.07911080345053,21.28546938147543,20.979753779457234,21.2778263092041,134000,0.0,0.0
2009-09-16,21.392474277476612,21.644689887951017,21.23961717105512,21.637046813964844,189700,0.0,0.0
2009-09-17,21.652336825822488,21.682909127222832,21.400121170339897,21.44597816467285,241400,0.0,0.0
2009-09-18,21.44596775933419,21.87397102467134,21.407753858892274,21.545326232910156,408100,0.0,0.0
2009-09-21,21.407755978199898,21.56061305286685,21.224326613939354,21.46125602722168,214100,0.0,0.0
2009-09-22,21.568258788238477,21.62940191720783,21.24725699670757,21.331329345703125,208900,0.0,0.0
2009-09-23,21.42304229739864,21.42304229739864,20.987395913745434,20.995038986206055,217800,0.0,0.0
2009-09-24,21.09440173082997,21.178472629342416,20.803970749736614,20.872756958007812,193700,0.0,0.0
2009-09-25,20.872759456914537,20.93390259850157,20.589972973737304,20.903331756591797,150800,0.0,0.0
2009-09-28,21.033255726122402,21.560614640542372,20.94154030835491,21.468900680541992,232700,0.0,0.0
2009-09-29,21.40776252746582,21.583548873106192,21.33133323786687,21.40776252746582,242800,0.0,0.0
2009-09-30,21.484193446481193,21.530050440611497,20.949189836479935,21.224334716796875,197600,0.0,0.0
2009-10-01,21.27019158320223,21.331334727597998,20.61290168762207,20.61290168762207,306300,0.0,0.0
2009-10-02,20.322467061079543,20.635825780382493,20.322467061079543,20.452396392822266,200400,0.0,0.0
2009-10-05,20.505893584575546,20.750466067163003,20.429464319325216,20.66639518737793,218000,0.0,0.0
2009-10-06,20.826893782847662,21.14789550680223,20.67403526372001,20.849822998046875,271800,0.0,0.0
2009-10-07,20.811607639381524,21.01796620287379,20.696964478919224,20.849822998046875,151200,0.0,0.0
2009-10-08,21.040906523708273,21.132620517379078,20.826904775530327,21.117334365844727,236700,0.0,0.0
2009-10-09,21.16319098291484,21.346620412097494,21.102047839853956,21.193761825561523,189200,0.0,0.0
2009-10-12,21.308405142735403,21.53769302368164,21.132618787780558,21.53769302368164,168300,0.0,0.0
2009-10-13,21.47655112489576,21.60648049429786,21.34662175549366,21.552980422973633,257100,0.0,0.0
2009-10-14,21.667621941871385,22.126196236606216,21.598835724772787,22.118553161621094,301700,0.0,0.0
2009-10-15,21.958048271713942,22.217906951904297,21.91983436017836,22.217906951904297,200700,0.0,0.0
2009-10-16,20.421819706143843,20.865107661828123,19.489386822191914,20.116104125976562,1627400,0.0,0.0
2009-10-19,20.169611676212263,20.23839788956889,19.535251064631364,20.085540771484375,980300,0.0,0.0
2009-10-20,20.047319500064766,20.90332464898969,19.756890040720787,20.62053680419922,726800,0.0,0.0
2009-10-21,20.467688915049,20.964477176656942,20.146687022387802,20.169614791870117,487000,0.0,0.0
2009-10-22,20.0473182392092,20.50589234522861,19.993818194097535,20.41417694091797,263300,0.0,0.0
2009-10-23,20.482968735652694,20.57468416506475,20.01675288796269,20.19253921508789,375000,0.0,0.0
2009-10-26,20.177252238398864,20.482967894268935,19.85625043529348,19.863893508911133,432400,0.0,0.0
2009-10-27,20.001465348254225,20.108465460316378,19.703392774499836,19.764535903930664,327400,0.0,0.0
2009-10-28,19.810395397286356,20.016754031931526,19.451179648574954,19.48175048828125,292800,0.0,0.0
2009-10-29,19.634608056132027,19.77218047219427,19.535249552190496,19.695751190185547,280100,0.0,0.0
2009-10-30,19.573462350888537,19.74160558300642,19.183674375837565,19.328889846801758,344300,0.0,0.0
2009-11-02,19.451174211122737,19.657531330314704,19.137815538451893,19.519960403442383,359900,0.0,0.0
2009-11-03,19.36710506657255,19.527605236595264,19.137818692892324,19.489391326904297,282200,0.0,0.0
2009-11-04,19.52760016623488,19.7263156521191,19.10724143771195,19.168384552001953,273300,0.0,0.0
2009-11-05,19.391725106174146,19.61506033173047,19.29930956770229,19.599658966064453,554300,0.19,0.0
2009-11-06,19.407131198139446,19.769089057709056,19.407131198139446,19.63046646118164,198700,0.0,0.0
2009-11-09,19.722874828412376,20.146442413330078,19.63816072387089,20.146442413330078,229600,0.0,0.0
2009-11-10,20.030931017419928,20.28507194972833,19.900009842055272,20.023229598999023,213000,0.0,0.0
2009-11-11,20.184955048853293,20.261967764432914,19.78449157185094,19.984724044799805,206600,0.0,0.0
2009-11-12,20.00782871272775,20.13874990085596,19.568858102208317,19.584260940551758,223300,0.0,0.0
2009-11-13,19.66897218546499,19.969320144445675,19.407129847775828,19.822996139526367,175900,0.0,0.0
2009-11-16,19.892301890218924,20.338973729659234,19.853796279656528,20.22345542907715,241400,0.0,0.0
2009-11-17,20.208051479100703,20.34667401968661,20.146441624273056,20.308168411254883,333500,0.0,0.0
2009-11-18,20.30046852123173,20.408285408058116,20.146443138141247,20.269662857055664,166000,0.0,0.0
2009-11-19,20.07714162881301,20.115648727764192,19.622768143458497,19.722885131835938,204300,0.0,0.0
2009-11-20,19.57655385195842,19.82299331850188,19.553449601134314,19.80759048461914,174800,0.0,0.0
2009-11-23,19.984721763745625,20.431393700449885,19.84609918530375,19.94621467590332,230900,0.0,0.0
2009-11-24,19.953915847744568,19.953915847744568,19.53034816896181,19.83069610595703,150900,0.0,0.0
2009-11-25,19.807591190680707,20.061732083224644,19.69207287023258,19.930810928344727,97700,0.0,0.0
2009-11-27,19.484136562342872,19.722876059333377,19.360916840171303,19.476436614990234,103700,0.0,0.0
2009-11-30,19.476432749790817,19.56884678863197,18.960449714761275,19.514938354492188,340000,0.0,0.0
2009-12-01,19.684368190147364,19.707472437965297,19.499538614288575,19.645862579345703,441700,0.0,0.0
2009-12-02,19.668975718656135,20.03863503748069,19.491846009769088,19.92311668395996,183700,0.0,0.0
2009-12-03,19.90771281221824,20.007828321702952,19.514949255509624,19.538053512573242,154200,0.0,0.0
2009-12-04,19.76908965506389,20.054036275302078,19.599662848019435,19.78449249267578,257500,0.0,0.0
2009-12-07,19.784494072176862,20.046336456901482,19.730585605126894,19.92311668395996,188700,0.0,0.0
2009-12-08,19.76138486520182,19.76138486520182,19.399427056440746,19.576555252075195,214700,0.0,0.0
2009-12-09,19.52265262397669,19.73058655162617,19.376328585753466,19.722885131835938,151200,0.0,0.0
2009-12-10,19.761378090296006,19.94620764005646,19.4610302555471,19.591951370239258,162800,0.0,0.0
2009-12-11,19.71517562866211,19.730578461927294,19.391723474568384,19.71517562866211,191000,0.0,0.0
2009-12-14,19.892306286517083,19.9077091217041,19.553451256878763,19.9077091217041,278200,0.0,0.0
2009-12-15,19.79988780113131,20.03862730435695,19.722876574433997,19.96161460876465,327200,0.0,0.0
2009-12-16,20.13103990727455,20.331272313767776,19.977015996130067,20.22345542907715,229400,0.0,0.0
2009-12-17,20.03862209162414,20.16954319940549,19.77677987606144,19.938505172729492,217100,0.0,0.0
2009-12-18,20.107939982405846,20.138744181448814,19.692072278612564,19.992420196533203,574200,0.0,0.0
2009-12-21,20.154147015417845,20.20805546541436,19.915408964478235,19.992420196533203,147200,0.0,0.0
2009-12-22,20.092535476356584,20.254260812887512,19.953912919961518,20.100236892700195,166200,0.0,0.0
2009-12-23,20.092533184910717,20.408283874514257,20.06172752304949,20.308168411254883,233500,0.0,0.0
2009-12-24,20.308173775629758,20.59311887863991,20.308173775629758,20.485301971435547,81300,0.0,0.0
2009-12-28,20.600823674765714,20.600823674765714,20.331279893653242,20.477603912353516,123600,0.0,0.0
2009-12-29,20.477596815620785,20.770243282706097,20.454492567339738,20.708633422851562,158100,0.0,0.0
2009-12-30,20.570009614997975,20.73943782092425,20.500699812176578,20.608516693115234,134800,0.0,0.0
2009-12-31,20.531509999341406,20.570015619804405,20.200356375336664,20.25426483154297,259300,0.0,0.0
2010-01-04,20.39288383321206,21.355538864638934,20.39288383321206,21.347837448120117,536800,0.0,0.0
2010-01-05,21.347842246660644,21.548074714472833,21.078299952389756,21.10910415649414,200800,0.0,0.0
2010-01-06,21.109102788408652,21.17071266151981,20.931974586825973,21.08599853515625,201500,0.0,0.0
2010-01-07,20.99358413534679,21.070596842768825,20.731741811449,21.001285552978516,187200,0.0,0.0
2010-01-08,21.03209318473422,21.186118624698295,20.939679095872137,21.178417205810547,142200,0.0,0.0
2010-01-11,21.37094511635489,21.37094511635489,20.970480206684734,21.08599853515625,121000,0.0,0.0
2010-01-12,20.901168074694,21.163010392102876,20.847259621503085,21.032089233398438,182200,0.0,0.0
2010-01-13,21.01669264577808,21.30933923059154,21.008991226586208,21.23232650756836,188700,0.0,0.0
2010-01-14,21.24002871018775,21.24002871018775,20.978186323588332,21.10140609741211,154500,0.0,0.0
2010-01-15,21.155311497214644,21.23232421191114,20.616225432129873,20.747146606445312,303300,0.0,0.0
2010-01-19,20.81645685729442,21.03209068494016,20.79335260337725,21.024389266967773,294400,0.0,0.0
2010-01-20,20.893466882831024,21.163010620590924,20.685534485263283,21.139907836914062,368900,0.0,0.0
2010-01-21,21.22462003363734,21.363242608286367,20.970479136412514,21.132205963134766,305300,0.0,0.0
2010-01-22,21.024389400993584,21.293933156164332,20.885768283292762,20.947378158569336,249100,0.0,0.0
2010-01-25,21.12450094232576,21.12450094232576,20.70093187327403,20.777944564819336,172600,0.0,0.0
2010-01-26,20.816455384712736,20.993583578861557,20.6547285565239,20.808753967285156,249900,0.0,0.0
2010-01-27,20.70863974528321,20.978183515275205,20.600822824844563,20.8626651763916,296400,0.0,0.0
2010-01-28,20.94738072997595,20.94738072997595,20.315877594751452,20.454500198364258,181100,0.0,0.0
2010-01-29,20.46220023738178,20.5623172083039,19.984724044799805,19.984724044799805,378800,0.0,0.0
2010-02-01,20.069432726557544,20.315872192382812,19.93081015980706,20.315872192382812,223200,0.0,0.0
2010-02-02,20.400584182538626,20.485298290919044,20.231157434672728,20.415987014770508,207700,0.0,0.0
2010-02-03,20.362080096080692,20.4467927419116,20.046329356150395,20.37748146057129,149900,0.0,0.0
2010-02-04,20.238858661765434,20.33897413254776,20.015522003173828,20.015522003173828,290800,0.0,0.0
2010-02-05,20.10086399104621,20.217233035760312,19.30955211945003,19.852609634399414,313200,0.19,0.0
2010-02-08,19.837089163686468,19.837089163686468,19.34833868756877,19.379369735717773,320000,0.0,0.0
2010-02-09,19.534539766706853,19.705214321245606,19.317316395710403,19.565570831298828,311000,0.0,0.0
2010-02-10,19.48023429388603,19.666425120577347,19.20870545006876,19.565570831298828,160800,0.0,0.0
2010-02-11,19.581075936069595,19.728477478027344,19.36385268895883,19.728477478027344,162800,0.0,0.0
2010-02-12,19.58107616507039,19.875879252433606,19.49573819561593,19.844846725463867,168100,0.0,0.0
2010-02-16,19.97673152487112,20.100858670337995,19.813815201337956,20.085342407226562,316200,0.0,0.0
2010-02-17,20.217230238663717,20.248262768807493,20.06983015961822,20.186199188232422,265400,0.0,0.0
2010-02-18,20.193959790500152,20.28705443289204,20.054316347199656,20.224990844726562,286600,0.0,0.0
2010-02-19,20.224993755169823,20.651682279957967,20.124140964780114,20.589618682861328,262100,0.0,0.0
2010-02-22,20.744779189875057,20.876664533000184,20.58186278468621,20.79132652282715,157200,0.0,0.0
2010-02-23,20.768048225094436,20.93872272158697,20.43445588583446,20.44997215270996,162600,0.0,0.0
2010-02-24,20.56633521210398,21.031812724972983,20.56633521210398,20.80683135986328,237100,0.0,0.0
2010-02-25,20.527548087625256,20.721496961377024,20.4577278544101,20.674949645996094,117800,0.0,0.0
2010-02-26,20.74477729614181,20.74477729614181,20.3646375723567,20.496522903442383,202600,0.0,0.0
2010-03-01,20.667191721252212,21.33437632717364,20.667191721252212,21.326618194580078,318700,0.0,0.0
2010-03-02,21.334378308901368,21.722276096335936,21.31886204227295,21.652454376220703,308300,0.0,0.0
2010-03-03,21.737787834802994,22.079136751246516,21.737787834802994,21.79209327697754,229700,0.0,0.0
2010-03-04,21.799858300687248,22.086901865704867,21.753310975494916,21.931743621826172,258000,0.0,0.0
2010-03-05,22.024843731173288,22.49032153760584,21.939507193788412,22.404983520507812,306800,0.0,0.0
2010-03-08,22.459278825745102,22.529100534486428,22.311877276212044,22.33515167236328,150100,0.0,0.0
2010-03-09,22.342903198967203,22.575642667949143,22.280839636514433,22.38945198059082,163400,0.0,0.0
2010-03-10,22.443763749116314,22.614438224118402,22.28084592686265,22.459280014038086,162600,0.0,0.0
2010-03-11,22.40498275085783,22.57565877919087,22.304129944789935,22.544626235961914,151700,0.0,0.0
2010-03-12,22.606690012054067,22.723060570321277,22.459289869751668,22.660995483398438,175100,0.0,0.0
2010-03-15,22.676502227783203,22.816145655263323,22.47479521916886,22.676502227783203,160400,0.0,0.0
2010-03-16,22.668749436799462,22.769603704727995,22.521349321692906,22.738571166992188,89600,0.0,0.0
2010-03-17,22.839420302856954,22.87045135390718,22.715293139231036,22.823904037475586,101400,0.0,0.0
2010-03-18,22.769601449450985,23.05664499651198,22.76184331578546,22.8316650390625,133500,0.0,0.0
2010-03-19,22.459280014038086,22.901483206321302,22.25757300919246,22.459280014038086,426100,0.0,0.0
2010-03-22,22.280850278859862,22.529106126961267,22.280850278859862,22.51358985900879,212200,0.0,0.0
2010-03-23,22.482555064905842,22.65323103581453,22.350669759982132,22.591167449951172,208200,0.0,0.0
2010-03-24,22.5601363924499,22.598925581258833,22.31964016646657,22.3273983001709,218500,0.0,0.0
2010-03-25,22.490311064169163,22.893725073860416,22.397216434063466,22.459280014038086,253000,0.0,0.0
2010-03-26,22.583407173987325,22.715292466397447,22.350667639298155,22.459280014038086,124700,0.0,0.0
2010-03-29,22.591166352892046,22.80838815300889,22.513586504402085,22.77735710144043,180900,0.0,0.0
2010-03-30,22.808387206112112,22.963546896650534,22.629954597791656,22.785114288330078,167000,0.0,0.0
2010-03-31,22.77736587103976,22.909251220336607,22.544626235961914,22.544626235961914,235000,0.0,0.0
2010-04-01,22.69978197453527,22.90148903067949,22.521349321692906,22.738571166992188,153500,0.0,0.0
2010-04-05,22.839417696122158,22.963544845581055,22.723048678468484,22.963544845581055,167400,0.0,0.0
2010-04-06,22.823910701087165,23.157503105618815,22.808394431175703,23.1264705657959,133100,0.0,0.0
2010-04-07,22.97906216049156,23.27386378401563,22.97906216049156,23.26610565185547,179500,0.0,0.0
2010-04-08,23.126465611780368,23.196287331712192,22.979065518335517,23.033370971679688,148500,0.0,0.0
2010-04-09,23.01009617418115,23.079917892906447,22.76184183191903,23.064401626586914,129900,0.0,0.0
2010-04-12,23.056649202585675,23.14198720876142,22.901490940108726,23.048891067504883,282900,0.0,0.0
2010-04-13,22.986817879327162,23.273862838745117,22.924754304279002,23.273862838745117,247000,0.0,0.0
2010-04-14,23.273867882862348,23.72382926940918,23.211804294363223,23.72382926940918,205400,0.0,0.0
2010-04-15,23.529880233510678,23.987599750921405,23.47557477885392,23.93329429626465,142500,0.0,0.0
2010-04-16,23.902258628789266,23.910016761253534,23.646246176318375,23.762615203857422,239300,0.0,0.0
2010-04-19,23.723823721311394,24.716842384780882,23.65400201561443,24.569440841674805,511900,0.0,0.0
2010-04-20,24.026378330052736,24.910785920161775,23.956556639262235,24.119474411010742,527200,0.0,0.0
2010-04-21,24.057415243318196,24.406522281307943,24.057415243318196,24.173784255981445,298000,0.0,0.0
2010-04-22,23.871225264417472,24.608230020523198,23.855709000993183,24.569440841674805,247000,0.0,0.0
2010-04-23,24.639266492460028,24.93406814616169,24.406526942967872,24.926311492919922,269400,0.0,0.0
2010-04-26,24.957342932807922,25.128018911149272,24.786669913891913,24.879764556884766,232900,0.0,0.0
2010-04-27,24.786669252121893,25.135777853306056,24.414286250954575,24.484107971191406,273200,0.0,0.0
2010-04-28,24.55392805614912,24.95734060433498,24.352221042199925,24.662540435791016,194500,0.0,0.0
2010-04-29,24.69357112731167,25.09698366961612,24.54616956547614,24.957340240478516,199300,0.0,0.0
2010-04-30,24.910793925682512,25.07371027007504,24.42204193307996,24.460832595825195,240400,0.0,0.0
2010-05-03,24.639265770981872,25.135775907532302,24.484106075863764,25.050437927246094,281800,0.0,0.0
2010-05-04,24.699152223479597,24.699152223479597,23.754589892437366,23.97316551208496,460100,0.2,0.0
2010-05-05,23.94975114316543,23.97316911225318,23.48137240525583,23.645305633544922,573800,0.0,0.0
2010-05-06,23.55943357934487,23.69214085122796,22.099653588630858,22.966154098510742,407800,0.0,0.0
2010-05-07,22.989573213087827,22.989573213087827,21.959139505502513,22.1621036529541,841200,0.0,0.0
2010-05-10,23.14569755422688,23.14569755422688,22.52119365463683,22.747575759887695,663700,0.0,0.0
2010-05-11,22.544620508272125,22.93493597162745,22.497783069571376,22.607070922851562,625600,0.0,0.0
2010-05-12,22.622684577323774,22.95054963593435,22.56023416087106,22.864681243896484,366800,0.0,0.0
2010-05-13,22.75538209620987,23.059829048090595,22.70073819146928,22.794414520263672,301100,0.0,0.0
2010-05-14,22.669522826366332,22.739778239949786,22.302625337893712,22.607070922851562,312900,0.0,0.0
2010-05-17,22.646099832999006,22.755387669245938,22.052820242493343,22.6148738861084,459900,0.0,0.0
2010-05-18,22.731964461145353,22.950540083284938,22.357260629455805,22.380680084228516,402900,0.0,0.0
2010-05-19,22.372875128373508,22.372875128373508,21.881078456012954,21.998172760009766,280900,0.0,0.0
2010-05-20,21.50637740205509,21.662504153691753,21.17070741722585,21.225351333618164,448000,0.0,0.0
2010-05-21,20.928711531598207,21.303415450778594,20.881874100051323,21.131675720214844,1051600,0.0,0.0
2010-05-24,21.037999829115478,21.287801437072638,20.858453620578118,21.155094146728516,720700,0.0,0.0
2010-05-25,20.694518124196545,21.131670858916603,20.507166952173662,21.092639923095703,740100,0.0,0.0
2010-05-26,21.162899149216877,21.326830884593736,20.92090255565828,20.991159439086914,493900,0.0,0.0
2010-05-27,21.428312422289718,21.9357220584687,21.295605149233538,21.927915573120117,313600,0.0,0.0
2010-05-28,21.88107228132302,21.912296725407913,21.443918152659055,21.615657806396484,264100,0.0,0.0
2010-06-01,21.428312703684373,22.045010164972208,21.19412260695613,21.201929092407227,515700,0.0,0.0
2010-06-02,21.225350355460385,21.639083697041297,21.077030097134312,21.623472213745117,261600,0.0,0.0
2010-06-03,21.52978797952777,21.685914666755536,21.36585629797961,21.615657806396484,321800,0.0,0.0
2010-06-04,21.092643136672546,21.201930964769456,20.90529193610571,20.952129364013672,443400,0.0,0.0
2010-06-07,20.94431961349306,21.209734145162336,20.819418832582194,20.842838287353516,391200,0.0,0.0
2010-06-08,20.827225760200754,20.90528912216302,20.483747860927675,20.80380630493164,289600,0.0,0.0
2010-06-09,20.85845374403372,21.2643821038342,20.678909023368714,20.796003341674805,347700,0.0,0.0
2010-06-10,21.077029927774273,21.31902503967285,21.02238601433927,21.31902503967285,189000,0.0,0.0
2010-06-11,21.092636543982138,21.43611289319727,21.092636543982138,21.412694931030273,131500,0.0,0.0
2010-06-14,21.54541398286032,21.7483782034934,21.389287201162468,21.420513153076172,167700,0.0,0.0
2010-06-15,21.4751583440946,21.87328032081721,21.451738878780766,21.84205436706543,153900,0.0,0.0
2010-06-16,21.678113997704916,22.021590419433398,21.63908157096202,21.927915573120117,149200,0.0,0.0
2010-06-17,21.96694681817869,22.068429640194825,21.685920786373313,21.998172760009766,97900,0.0,0.0
2010-06-18,22.037204462249417,22.11526783059819,21.77178990322453,22.091848373413086,332600,0.0,0.0
2010-06-21,22.34946315595916,22.36507613210287,21.62347763250089,21.740571975708008,107000,0.0,0.0
2010-06-22,21.83423338179403,22.286998988033222,21.615657806396484,21.615657806396484,174800,0.0,0.0
2010-06-23,21.553211890457693,21.600049310746833,21.240958451370762,21.33463478088379,139100,0.0,0.0
2010-06-24,21.170708150036408,21.46734720169198,21.030194366486626,21.069225311279297,231300,0.0,0.0
2010-06-25,21.139474220516124,21.475145579145636,20.86625324333388,21.358051300048828,319900,0.0,0.0
2010-06-28,21.334638887161994,21.623472927228867,21.155094167384355,21.342445373535156,137100,0.0,0.0
2010-06-29,21.03019404166484,21.108257418979555,20.50717134927183,20.624265670776367,267200,0.0,0.0
2010-06-30,20.57743179204878,20.889683866273696,20.194922815006347,20.24176025390625,354700,0.0,0.0
2010-07-01,20.23394879498963,20.429106479552054,20.0778220517657,20.272979736328125,453800,0.0,0.0
2010-07-02,20.366653112279746,20.47594092325041,20.085625611001177,20.233945846557617,224200,0.0,0.0
2010-07-06,20.491560574254652,20.733555729848746,20.054407698905756,20.132471084594727,306600,0.0,0.0
2010-07-07,20.23394782840379,20.616456693201304,20.19491688892982,20.60865020751953,243900,0.0,0.0
2010-07-08,20.796002619073814,20.975548822435147,20.702327763257887,20.952129364013672,117600,0.0,0.0
2010-07-09,20.88968755822902,21.17852021958338,20.827237132346813,21.116069793701172,105000,0.0,0.0
2010-07-12,21.022384602630492,21.162898364276046,20.678906684045238,20.835033416748047,112700,0.0,0.0
2010-07-13,21.022386032863203,21.514182743146566,20.98335360256454,21.443925857543945,244700,0.0,0.0
2010-07-14,21.381475292987464,21.52979554910776,21.240961522866655,21.428314208984375,148000,0.0,0.0
2010-07-15,21.42831789763007,21.42831789763007,20.998970027360713,21.311222076416016,124100,0.0,0.0
2010-07-16,21.16290751822393,21.178519007099013,20.530595317314322,20.56962776184082,225400,0.0,0.0
2010-07-19,20.593031577553294,20.749158270418103,20.29639264783155,20.733545303344727,133500,0.0,0.0
2010-07-20,20.4603320431526,21.38147660241437,20.40568812674471,21.28780174255371,217000,0.0,0.0
2010-07-21,21.428310094397744,21.436115089963582,20.866255121838268,20.936511993408203,163300,0.0,0.0
2010-07-22,21.272191248889555,21.779601017589783,21.24096529933989,21.678119659423828,212900,0.0,0.0
2010-07-23,21.701538695904716,23.208156589981638,21.600057332766742,23.145706176757812,369000,0.0,0.0
2010-07-26,23.169124022247388,23.785821623653852,23.05983617897072,23.528213500976562,451100,0.0,0.0
2010-07-27,23.731173357584947,23.80923672660671,23.270601118184974,23.317440032958984,364400,0.0,0.0
2010-07-28,23.301828215700308,23.434535502930917,22.966156754532594,22.99738121032715,206800,0.0,0.0
2010-07-29,23.231568968080136,23.37208272721339,22.755383781891858,23.098861694335938,200300,0.0,0.0
2010-07-30,22.880286895461317,23.309634701882697,22.661711238094433,22.99738121032715,142600,0.0,0.0
2010-08-02,23.403305639868385,23.59065681007317,23.153504079595344,23.41891860961914,181200,0.0,0.0
2010-08-03,23.34086390419917,23.528215143870636,22.958354937086348,23.145706176757812,164700,0.0,0.0
2010-08-04,23.19285317454799,23.41291467111776,23.06710417623564,23.37361717224121,133200,0.2,0.0
2010-08-05,23.232151135686795,23.35790014461515,22.870623109779384,23.114261627197266,150200,0.0,0.0
2010-08-06,22.744875369926742,23.12212241776073,22.351909320338045,22.77631187438965,169200,0.0,0.0
2010-08-09,22.8941995561177,23.090682565177932,22.76059104999489,23.059246063232422,119400,0.0,0.0
2010-08-10,22.752736105819853,23.13784267543473,22.509096062536617,22.839187622070312,199800,0.0,0.0
2010-08-11,22.36762197715952,22.469793967383335,22.01395350857895,22.076828002929688,291800,0.0,0.0
2010-08-12,21.78604085970238,22.037540432314174,21.605276806708353,21.966806411743164,164400,0.0,0.0
2010-08-13,21.841047177480707,21.919639164490487,21.534532731767527,21.62884521484375,159100,0.0,0.0
2010-08-16,21.44022543446471,21.919642933655474,21.408787435018066,21.74673843383789,131200,0.0,0.0
2010-08-17,21.99823026382485,22.485508625266444,21.98251126850992,22.234010696411133,202800,0.0,0.0
2010-08-18,22.14756777316956,22.532674338895315,21.888210228944185,22.28903579711914,270200,0.0,0.0
2010-08-19,22.210437976636165,22.218297476336563,21.440224994552512,21.644567489624023,251900,0.0,0.0
2010-08-20,21.581698282810184,21.6367147980242,21.298763699800475,21.613136291503906,181600,0.0,0.0
2010-08-23,21.699589174369745,22.00610226189402,21.385215085676712,21.518823623657227,222500,0.0,0.0
2010-08-24,21.22016209204119,21.565972560681463,21.133709100119574,21.15728759765625,202000,0.0,0.0
2010-08-25,21.04726709025517,21.416654723816414,20.787909496680918,21.36949920654297,235500,0.0,0.0
2010-08-26,21.479525259651147,21.67600829404205,21.220167714217027,21.275182723999023,220600,0.0,0.0
2010-08-27,21.400929280143625,21.79389530364555,21.007963256641702,21.76245880126953,202500,0.0,0.0
2010-08-30,21.77817605628278,21.77817605628278,21.37735203601125,21.385210037231445,170900,0.0,0.0
2010-08-31,21.33805331794211,21.98251731259032,21.078695820119137,21.793893814086914,361900,0.0,0.0
2010-09-01,22.13971260287217,22.430508208880795,21.848916996863544,22.2733211517334,309800,0.0,0.0
2010-09-02,22.351906192664114,22.399061692283325,22.053251197301073,22.24187469482422,139600,0.0,0.0
2010-09-03,22.564106277344372,22.70557427265815,22.375482783274762,22.611263275146484,143900,0.0,0.0
2010-09-07,22.603405620366654,22.72129512640133,22.34404810747181,22.399063110351562,196700,0.0,0.0
2010-09-08,22.399067619662855,22.792033718253432,22.399067619662855,22.54839515686035,150300,0.0,0.0
2010-09-09,22.78416979526225,22.80774829625923,22.37548477225976,22.493375778198242,110900,0.0,0.0
2010-09-10,22.556253976383857,22.799892530406794,22.414785945323228,22.54053497314453,109000,0.0,0.0
2010-09-13,22.799890861040765,23.24787192723463,22.752735353822082,23.161418914794922,219100,0.0,0.0
2010-09-14,23.059252199214473,23.35790579287623,22.92564365753892,23.23215675354004,176000,0.0,0.0
2010-09-15,23.11425846641489,23.48364594224887,23.043524471184476,23.3814754486084,167500,0.0,0.0
2010-09-16,23.271446201476998,23.444350695889643,23.012088710334893,23.200712203979492,105700,0.0,0.0
2010-09-17,23.381471593430952,23.452205576998626,22.902052704593622,23.31073760986328,230300,0.0,0.0
2010-09-20,23.334325998235684,23.853041098312353,23.074968448197353,23.813743591308594,201200,0.0,0.0
2010-09-21,23.774449482724005,24.06524506159739,23.601544935233747,23.743011474609375,207700,0.0,0.0
2010-09-22,23.640841203864817,23.97093279743065,23.428639143919618,23.507232666015625,208800,0.0,0.0
2010-09-23,23.29502391240865,23.727287410205435,23.192853412374543,23.279306411743164,182600,0.0,0.0
2010-09-24,23.60939760639141,24.010221600556,23.60939760639141,23.96306610107422,222800,0.0,0.0
2010-09-27,24.025945631989035,24.08096064274768,23.74300957774845,23.813743591308594,176000,0.0,0.0
2010-09-28,23.813738771944696,24.10453426873558,23.310742776464583,24.0573787689209,228600,0.0,0.0
2010-09-29,23.955207164569575,24.301017666674923,23.900192164039566,24.018081665039062,216900,0.0,0.0
2010-09-30,24.22242359679347,24.36389159428511,23.782302103855475,23.96306610107422,321100,0.0,0.0
2010-10-01,24.19098831914651,24.42676732751519,23.970926812035067,24.356033325195312,180200,0.0,0.0
2010-10-04,24.316741187630374,24.442490211949163,23.80588558895446,23.813743591308594,150700,0.0,0.0
2010-10-05,24.12025248163679,24.560373963326647,23.994503486868258,24.497499465942383,243200,0.0,0.0
2010-10-06,24.497500149884956,24.678264147530665,24.403187651652328,24.505359649658203,181500,0.0,0.0
2010-10-07,24.662545812723156,24.678264812693325,24.30887730767242,24.442485809326172,221100,0.0,0.0
2010-10-08,24.49750211498592,24.811874635902,24.30101910203257,24.71756362915039,171500,0.0,0.0
2010-10-11,24.67041027736069,24.733284790847836,24.41891222341211,24.552520751953125,80100,0.0,0.0
2010-10-12,24.458207291820887,24.678267317554113,24.175271259825024,24.5682373046875,128900,0.0,0.0
2010-10-13,24.678262324076407,25.149821782303842,24.426764346100757,25.047651290893555,221900,0.0,0.0
2010-10-14,25.18126909444013,25.18126909444013,24.914052019227213,25.071237564086914,196300,0.0,0.0
2010-10-15,25.196985842853135,25.196985842853135,24.607535230498517,24.638973236083984,260900,0.0,0.0
2010-10-18,24.686130955467537,25.118393077640153,24.646834944014298,25.071237564086914,229500,0.0,0.0
2010-10-19,24.662544908685838,25.086948898045257,24.450344413052417,24.59967041015625,185600,0.0,0.0
2010-10-20,24.804019826353557,25.41704748235852,24.749004812169787,25.204845428466797,171900,0.0,0.0
2010-10-21,25.36988443430647,25.668539438877897,24.82759242434939,25.19698143005371,188200,0.0,0.0
2010-10-22,25.20484461586327,25.362031650503514,25.110533594316447,25.244140625,120600,0.0,0.0
2010-10-25,25.45634295164063,25.770717024373933,25.24414090225965,25.291297912597656,150800,0.0,0.0
2010-10-26,25.102671657389855,25.448482200622223,24.898329131800118,25.259857177734375,167200,0.0,0.0
2010-10-27,24.96906784963538,25.25200393828066,24.418914677057742,25.102676391601562,248900,0.0,0.0
2010-10-28,25.149827274346315,25.432763310877597,24.929765746039035,25.1419677734375,178700,0.0,0.0
2010-10-29,25.079094797438078,25.50349887816426,25.01622028537271,25.393468856811523,192500,0.0,0.0
2010-11-01,25.582094463741946,25.84931155206946,25.314877375414433,25.487783432006836,213300,0.0,0.0
2010-11-02,25.660685495995097,26.25799260150595,25.660685495995097,26.21869659423828,292900,0.0,0.0
2010-11-03,26.218696052120603,26.242273056375073,25.880745000038647,26.23441505432129,230900,0.0,0.0
2010-11-04,26.658815458659586,27.04392350777025,26.56450444589305,27.01248550415039,321200,0.0,0.0
2010-11-05,27.083638209005812,27.162693256966126,26.767427064089762,27.020397186279297,321100,0.2,0.0
2010-11-08,26.909713837177016,27.04410284881408,26.625121794133015,26.838565826416016,171500,0.0,0.0
2010-11-09,26.933437901718648,26.933437901718648,26.411686652389513,26.5302677154541,164200,0.0,0.0
2010-11-10,26.56979058979548,26.957149720809415,26.285198484602436,26.81485366821289,295200,0.0,0.0
2010-11-11,26.60141460980362,26.78323668723765,26.506548557162024,26.65675163269043,153400,0.0,0.0
2010-11-12,26.451207222606858,26.743706313777388,26.387966213462608,26.395870208740234,226400,0.0,0.0
2010-11-15,26.482830911666152,26.94924506924354,26.41958688287675,26.577693939208984,222700,0.0,0.0
2010-11-16,26.33262670303366,26.403774716351165,25.889927618431326,26.087560653686523,314300,0.0,0.0
2010-11-17,26.103371582018863,26.174519595128224,25.968979550305274,26.119182586669922,290800,0.0,0.0
2010-11-18,26.506539220177952,26.878090256373966,26.411676216593623,26.59349822998047,259600,0.0,0.0
2010-11-19,26.561886718715186,26.664656772328385,26.427497661840903,26.5302677154541,840200,0.0,0.0
2010-11-22,26.395872760503117,26.719990879758633,26.26148371830415,26.633031845092773,284900,0.0,0.0
2010-11-23,26.324717206791107,26.664646236578843,26.316813213009294,26.59349822998047,231100,0.0,0.0
2010-11-24,26.767417584053575,27.24173564126248,26.62512156376277,27.09943962097168,431000,0.0,0.0
2010-11-26,26.822749914364763,27.194300904314005,26.822749914364763,27.044097900390625,102900,0.0,0.0
2010-11-29,26.870182918073223,27.09153090409908,26.39586192790906,27.044097900390625,246300,0.0,0.0
2010-11-30,26.783231635689386,27.052012702863,26.664650600073582,26.854379653930664,300500,0.0,0.0
2010-12-01,27.304984423209692,27.818828572268703,27.304984423209692,27.73187255859375,317000,0.0,0.0
2010-12-02,27.803014447351437,27.937406481851642,27.70024743844988,27.929502487182617,161200,0.0,0.0
2010-12-03,27.83464482059057,28.09552195766503,27.739781777855196,28.05599594116211,204800,0.0,0.0
2010-12-06,27.905784492061127,28.11922853596922,27.787206478094976,28.01645851135254,192900,0.0,0.0
2010-12-07,28.245710387422477,28.459154407354497,28.103414374134463,28.20618438720703,337500,0.0,0.0
2010-12-08,28.293148262421372,28.530307320136984,28.05598920470576,28.111326217651367,257200,0.0,0.0
2010-12-09,28.34058793443569,28.388020968419454,27.842554647995424,28.119239807128906,266800,0.0,0.0
2010-12-10,28.22990952762854,28.561934683148916,28.166668507688506,28.482879638671875,295500,0.0,0.0
2010-12-13,28.569836819014743,28.609362830858124,28.37220374415643,28.403825759887695,224000,0.0,0.0
2010-12-14,28.51449963840407,28.75956573547642,28.459162619007312,28.554025650024414,183100,0.0,0.0
2010-12-15,28.546117042086824,28.767465083913187,28.324769000260464,28.427536010742188,318300,0.0,0.0
2010-12-16,28.4196371311377,28.933481322954677,28.4196371311377,28.77537727355957,185800,0.0,0.0
2010-12-17,28.783286017331054,28.949297105962895,28.4986938564525,28.838623046875,812100,0.0,0.0
2010-12-20,28.893948223363832,29.336647293750584,28.893948223363832,29.162729263305664,247000,0.0,0.0
2010-12-21,29.265509414652183,29.510575540973658,29.257602401999566,29.39199447631836,160600,0.0,0.0
2010-12-22,29.41571033020593,29.668680460824167,29.336658295253418,29.486858367919922,170900,0.0,0.0
2010-12-23,29.494757792550367,29.676579838676428,29.336650747680427,29.407798767089844,139900,0.0,0.0
2010-12-27,29.320844426117915,29.55009952702456,29.18645236103275,29.4631404876709,62700,0.0,0.0
2010-12-28,29.478951300579006,29.668677370962634,29.3208442314983,29.56591033935547,156500,0.0,0.0
2010-12-29,29.66867443562455,29.731918463256243,29.542189396002374,29.621244430541992,97200,0.0,0.0
2010-12-30,29.621249649119388,29.73192370133184,29.399898529052734,29.399898529052734,121100,0.0,0.0
2010-12-31,29.344556255553172,29.399893271764032,29.020438153900468,29.0362491607666,149900,0.0,0.0
2011-01-03,29.249698460427517,29.787260727438063,29.139024408215064,29.399898529052734,201400,0.0,0.0
2011-01-04,29.4394203044601,29.4394203044601,28.48287405546044,29.028343200683594,271800,0.0,0.0
2011-01-05,28.96510457714511,29.344559740066998,28.96510457714511,29.289222717285156,149400,0.0,0.0
2011-01-06,29.273398607122573,29.46312761149038,28.94137661902919,29.07576560974121,317300,0.0,0.0
2011-01-07,28.97300957377552,29.08368361163996,27.984844213355363,28.071800231933594,668800,0.0,0.0
2011-01-10,27.882075982162334,28.174572103461905,27.739779919769777,28.103424072265625,571200,0.0,0.0
2011-01-11,28.277339151016427,28.40382419131508,28.09551709406469,28.150854110717773,326200,0.0,0.0
2011-01-12,27.89787986337879,27.89787986337879,26.878092681984985,27.660720825195312,529900,0.0,0.0
2011-01-13,27.763496663454656,28.34058494567557,27.763496663454656,28.214099884033203,221500,0.0,0.0
2011-01-14,28.1192251606506,28.54611319722487,28.103414157558166,28.467058181762695,216600,0.0,0.0
2011-01-18,28.340581222874516,28.806995391845703,28.12714015959942,28.806995391845703,284900,0.0,0.0
2011-01-19,28.712128270338667,28.806991286680322,28.237810172989473,28.285240173339844,290200,0.0,0.0
2011-01-20,28.063891526323513,28.340576574552053,27.929502507367037,28.01645851135254,253000,0.0,0.0
2011-01-21,28.277343360983487,28.451261448152746,27.850455155554403,27.89788818359375,328000,0.0,0.0
2011-01-24,27.937402784331177,28.08760278829043,27.905780778558558,27.9453067779541,304700,0.0,0.0
2011-01-25,27.779306382966226,27.89788744209197,27.589580307134955,27.818832397460938,389600,0.0,0.0
2011-01-26,27.874165541290488,28.158757631068802,27.73187251204251,27.810924530029297,516900,0.0,0.0
2011-01-27,27.692347598274463,27.83464366428715,27.470999502539893,27.63701057434082,319800,0.0,0.0
2011-01-28,27.684443607324297,27.684443607324297,26.933437262243515,26.965059280395508,407900,0.0,0.0
2011-01-31,27.044101000532205,27.13896701882388,26.783226989331308,26.806941986083984,610100,0.0,0.0
2011-02-01,27.091538625514154,27.154779632843077,26.941338594422092,27.012483596801758,598200,0.0,0.0
2011-02-02,26.933437148358085,27.22593327592312,26.933437148358085,27.03620719909668,258200,0.0,0.0
2011-02-03,26.97295634974424,27.281263408440655,26.680460296063135,27.16268539428711,256200,0.0,0.0
2011-02-04,27.004579886748612,27.360319980606278,26.60140979080394,26.71208381652832,354400,0.0,0.0
2011-02-07,26.377981525752784,26.377981525752784,25.598415484157233,26.242752075195312,856800,0.21,0.0
2011-02-08,26.28253378363587,26.584812547979155,26.28253378363587,26.449583053588867,559300,0.0,0.0
2011-02-09,26.346160402576576,26.55298583153352,26.250704146250122,26.52911949157715,232100,0.0,0.0
2011-02-10,26.393895939026592,26.75186077327205,26.362076168315806,26.441625595092773,309800,0.0,0.0
2011-02-11,26.330259179712513,26.712090399586284,26.330259179712513,26.64845085144043,211400,0.0,0.0
2011-02-14,26.688213663316066,26.767763067533544,26.552984227895593,26.712080001831055,98800,0.0,0.0
2011-02-15,26.560942068149163,26.791630826994126,26.44957591822401,26.640491485595703,158200,0.0,0.0
2011-02-16,26.656394341700796,26.831399999368934,26.63253103729134,26.72798728942871,219800,0.0,0.0
2011-02-17,26.688222986793964,26.87118212866134,26.55299350413134,26.799589157104492,132300,0.0,0.0
2011-02-18,26.871179362021287,26.926862441443454,26.600717390042078,26.86322593688965,193600,0.0,0.0
2011-02-22,26.648439956848108,26.84730891174996,26.298431688640648,26.36206817626953,321500,0.0,0.0
2011-02-23,26.41776335756192,26.441629706556213,26.083664816650057,26.29048728942871,363000,0.0,0.0
2011-02-24,26.314348714325106,26.59276411298624,26.226845864888677,26.38593864440918,492400,0.0,0.0
2011-02-25,26.393898727858367,26.68822405178125,26.393898727858367,26.64845085144043,227400,0.0,0.0
2011-02-28,26.712085767995237,26.863225116884674,26.513216766272222,26.552989959716797,368500,0.0,0.0
2011-03-01,26.696177747535714,26.73595094375709,26.21889028937813,26.282529830932617,386000,0.0,0.0
2011-03-02,26.234800969623528,26.537082732165103,26.187071312011557,26.377986907958984,256700,0.0,0.0
2011-03-03,26.529118857767692,26.958676552723652,26.529118857767692,26.759807586669922,299600,0.0,0.0
2011-03-04,26.735949167084062,26.823452013656514,26.09161250691432,26.234798431396484,274400,0.0,0.0
2011-03-07,26.30639084499975,26.37003038099798,25.701830425517034,25.98819923400879,345200,0.0,0.0
2011-03-08,25.972293776255565,26.59276411298624,25.805241502558626,26.38593864440918,264700,0.0,0.0
2011-03-09,26.2586615214947,26.39389401993264,26.03592921171472,26.226844787597656,263200,0.0,0.0
2011-03-10,25.89274756269283,26.027980083454384,25.598422242683288,25.773427963256836,412500,0.0,0.0
2011-03-11,25.717742035697164,26.21888976006995,25.55068975973927,26.035930633544922,398900,0.0,0.0
2011-03-14,25.813194347836593,26.306388571192997,25.813194347836593,26.242752075195312,340600,0.0,0.0
2011-03-15,25.717740309516593,26.274571077000637,25.630237464769074,25.98819923400879,411900,0.0,0.0
2011-03-16,25.837056340403617,26.17911121318064,25.542731113072115,25.956378936767578,558300,0.0,0.0
2011-03-17,26.25070729897406,26.934817126224903,26.202977647828636,26.60071563720703,338400,0.0,0.0
2011-03-18,26.791631093036276,27.149595888850303,26.791631093036276,27.0780029296875,376300,0.0,0.0
2011-03-21,27.276869194545434,27.889385998435312,27.221186124600877,27.770063400268555,305200,0.0,0.0
2011-03-22,27.770066745003284,27.96098231816476,27.754156861031486,27.793930053710938,181800,0.0,0.0
2011-03-23,27.78597727343737,28.080302547491915,27.650744773790585,27.937116622924805,170400,0.0,0.0
2011-03-24,28.064390119404443,28.20757603099323,27.86552113492,28.00870704650879,164400,0.0,0.0
2011-03-25,28.12006503737043,28.724628274197347,28.088248315299808,28.454166412353516,214500,0.0,0.0
2011-03-28,28.51780040497212,28.621213087558974,28.239385145506066,28.263248443603516,157600,0.0,0.0
2011-03-29,28.199628448047136,28.605319925250125,28.18371856185283,28.549636840820312,138000,0.0,0.0
2011-03-30,28.605319644951198,28.899647984911002,28.573499872874386,28.70077896118164,164200,0.0,0.0
2011-03-31,28.621221406541608,28.764407305741898,28.49394538886353,28.509855270385742,188300,0.0,0.0
2011-04-01,28.756449054752213,29.225779860120063,28.70871941819817,28.97918128967285,200100,0.0,0.0
2011-04-04,29.0905494678698,29.34510147852526,29.00304664523836,29.249645233154297,145800,0.0,0.0
2011-04-05,29.186011978164252,29.846258483745363,28.995099446441987,29.49625015258789,190900,0.0,0.0
2011-04-06,29.6314835502716,29.80648925637373,29.432614533155686,29.607620239257812,125300,0.0,0.0
2011-04-07,29.687159690381787,29.87011877920599,29.38487800538978,29.432607650756836,168800,0.0,0.0
2011-04-08,29.66330923314162,29.758765530721448,28.89169632191049,29.018972396850586,182000,0.0,0.0
2011-04-11,29.08261016495663,29.09852005265938,28.708735390193944,28.915557861328125,293400,0.0,0.0
2011-04-12,28.74054053393829,29.114412083864096,28.74054053393829,28.947362899780273,232700,0.0,0.0
2011-04-13,29.0666883301049,29.106461515763588,28.6928137090142,28.899639129638672,238100,0.0,0.0
2011-04-14,28.645097725306062,29.281481137310895,28.63714429818145,29.18602180480957,182100,0.0,0.0
2011-04-15,29.18601597197862,29.36897510429024,28.86782736406726,29.2894287109375,266300,0.0,0.0
2011-04-18,28.828045657543576,28.843952503918214,28.310985149882395,28.708723068237305,373600,0.0,0.0
2011-04-19,28.788269648000316,28.907592238176555,28.589400687372933,28.87577247619629,265600,0.0,0.0
2011-04-20,29.273511867366324,29.432607650756836,29.186009034776557,29.432607650756836,167900,0.0,0.0
2011-04-21,29.599658933380947,29.623525274987866,29.32919699300163,29.38488006591797,168300,0.0,0.0
2011-04-25,29.305334215314595,29.424656822005186,29.018962386857133,29.41670036315918,111600,0.0,0.0
2011-04-26,29.512155325079465,30.029215885247897,29.361015993176295,29.878076553344727,333600,0.0,0.0
2011-04-27,29.90194316297464,30.07694885519454,29.782620548370133,30.061038970947266,214700,0.0,0.0
2011-04-28,30.05307829714227,30.228083964820616,29.854209323689503,30.140581130981445,136700,0.0,0.0
2011-04-29,30.25194727059504,30.34740656269216,29.97353192156105,30.140581130981445,190000,0.0,0.0
2011-05-02,30.22809318387064,30.22809318387064,29.70307905521502,29.750808715820312,166000,0.0,0.0
2011-05-03,29.711025992150443,29.846258483745363,29.28942470297213,29.49625015258789,180000,0.0,0.0
2011-05-04,29.488303578927088,29.615579654241678,29.034882370962546,29.130338668823242,134000,0.0,0.0
2011-05-05,29.058321885534944,29.418351266815318,28.826302611820736,29.06632423400879,197200,0.21,0.0
2011-05-06,29.39434611978574,29.794378030195446,29.202329459908523,29.362342834472656,199900,0.0,0.0
2011-05-09,29.314345003819064,29.898391368180945,29.210335827370454,29.85038948059082,156000,0.0,0.0
2011-05-10,29.874383924975067,30.4424285192236,29.874383924975067,30.266416549682617,226200,0.0,0.0
2011-05-11,30.146412669804445,30.282422088929437,29.698375717624025,29.898391723632812,192900,0.0,0.0
2011-05-12,29.810379812374762,30.586442778295943,29.62636548012572,30.378427505493164,236000,0.0,0.0
2011-05-13,30.370426692190975,30.40242998254776,29.93039213179129,30.0824031829834,199700,0.0,0.0
2011-05-16,29.890397818523407,30.178421407456057,29.810389570485118,29.826391220092773,183300,0.0,0.0
2011-05-17,29.650375488569896,29.84238915596144,29.474360416792468,29.658374786376953,158200,0.0,0.0
2011-05-18,29.714377011080792,29.890392070916594,29.466359119859806,29.85038948059082,244600,0.0,0.0
2011-05-19,30.05840413431741,30.250420836549733,29.75437896078371,30.106409072875977,139700,0.0,0.0
2011-05-20,29.970405939823817,30.042411844085123,29.530371214672673,29.842395782470703,183500,0.0,0.0
2011-05-23,29.37834963141934,29.538359982055255,29.058322826143904,29.226335525512695,158300,0.0,0.0
2011-05-24,29.362352384999383,29.410354276581042,28.9303170487509,29.13833236694336,169700,0.0,0.0
2011-05-25,29.034318028246975,29.506355824741537,28.930308872544405,29.41834831237793,188100,0.0,0.0
2011-05-26,29.266351837446592,29.81839507325301,29.122340027757456,29.70638656616211,247700,0.0,0.0
2011-05-27,29.794383930734064,30.178414274541357,29.794383930734064,29.938392639160156,96800,0.0,0.0
2011-05-31,30.138411027435904,30.458437865358036,29.95439666383142,30.44243621826172,502900,0.0,0.0
2011-06-01,30.442439601987992,30.754464125042936,29.930399046000144,29.96240234375,505900,0.0,0.0
2011-06-02,30.002395526782887,30.042398110418297,29.474353487591568,29.60236358642578,154400,0.0,0.0
2011-06-03,29.19433379171009,29.210332384353038,28.54628091761126,28.56228256225586,241600,0.0,0.0
2011-06-06,28.5862806444566,28.722293084332968,28.346262102793926,28.35426139831543,184200,0.0,0.0
2011-06-07,28.554277358367887,28.618283930545317,28.29825717366085,28.35426139831543,118500,0.0,0.0
2011-06-08,28.194259643554688,28.338268370733065,28.05824716232751,28.194259643554688,167300,0.0,0.0
2011-06-09,28.29826567117566,28.50628404121554,28.058247057439246,28.362272262573242,138600,0.0,0.0
2011-06-10,28.170252041829915,28.562284735446674,27.79422404607714,28.034242630004883,284800,0.0,0.0
2011-06-13,28.186258868528213,28.370273251762708,28.034247782900355,28.122255325317383,151300,0.0,0.0
2011-06-14,28.386276086356485,28.898316661442557,28.29026924152849,28.778308868408203,185800,0.0,0.0
2011-06-15,28.482278799318497,28.578288682221103,28.146253365165748,28.30626678466797,209600,0.0,0.0
2011-06-16,28.346265567427416,28.53027990692674,27.954232894927667,28.282258987426758,222200,0.0,0.0
2011-06-17,28.5142857109845,28.730303396916504,28.33027132341335,28.442279815673828,307500,0.0,0.0
2011-06-20,28.33826488655662,29.042322047987152,28.33826488655662,29.010318756103516,237800,0.0,0.0
2011-06-21,29.22633512235687,29.586364510324945,28.91431067011846,29.546361923217773,248200,0.0,0.0
2011-06-22,29.38635017735415,29.69037535008964,29.25834006020267,29.28234100341797,156500,0.0,0.0
2011-06-23,28.98631828894153,29.354346995638085,28.594288638939265,29.31434440612793,136000,0.0,0.0
2011-06-24,29.37835856417375,29.48236471331074,28.9303215109588,29.082332611083984,251000,0.0,0.0
2011-06-27,29.13033407535269,29.378355047767695,28.93831734638585,29.154335021972656,231900,0.0,0.0
2011-06-28,29.290346047207983,29.666377136186227,29.210337809126326,29.658374786376953,232900,0.0,0.0
2011-06-29,29.75437858313499,29.794384224093672,29.458355762452538,29.610366821289062,154200,0.0,0.0
2011-06-30,29.72238137684228,29.77838561749833,29.618372193337233,29.658374786376953,224500,0.0,0.0
2011-07-01,29.714377381886965,30.39443363391954,29.650373846967433,30.32242774963379,248300,0.0,0.0
2011-07-05,30.33841452468411,30.33841452468411,30.130399302234647,30.250410079956055,168000,0.0,0.0
2011-07-06,30.306434133560874,30.60245704650879,30.12241972540391,30.60245704650879,161400,0.0,0.0
2011-07-07,30.83445913559135,31.042474377682534,30.602439904488804,30.99447250366211,143300,0.0,0.0
2011-07-08,30.61845685954723,31.09049485283327,30.61845685954723,31.010486602783203,116000,0.0,0.0
2011-07-11,30.69044673423794,30.866461740442986,30.570435947825214,30.658443450927734,121100,0.0,0.0
2011-07-12,30.586442470677955,30.834463377911327,30.442430724800715,30.506437301635742,147300,0.0,0.0
2011-07-13,30.714450111502003,31.08247874281221,30.498432509993496,30.59444236755371,168100,0.0,0.0
2011-07-14,30.642441938445582,30.85046022883773,30.042394107854605,30.130401611328125,179000,0.0,0.0
2011-07-15,30.186423094298153,30.410440102522095,29.978407736947755,30.362438201904297,148700,0.0,0.0
2011-07-18,30.322431707094832,30.330431005503016,29.722383610400364,29.93039894104004,99000,0.0,0.0
2011-07-19,30.0984195924965,30.61046028137207,30.04241533290094,30.61046028137207,137600,0.0,0.0
2011-07-20,30.63444549626245,30.63444549626245,30.434429534106652,30.482431411743164,101800,0.0,0.0
2011-07-21,30.58644616601428,31.346507571749267,30.47443769502212,31.24249839782715,168600,0.0,0.0
2011-07-22,31.28250813149237,31.754546118479208,31.00248689006062,31.562532424926758,249200,0.0,0.0
2011-07-25,31.282502665299734,31.66653608930527,31.162494890799838,31.202497482299805,288000,0.0,0.0
2011-07-26,31.234503259779643,31.258504206187535,30.674457778244204,30.714460372924805,203900,0.0,0.0
2011-07-27,30.594449164950063,30.706457638321417,29.94639621644179,30.018402099609375,225300,0.0,0.0
2011-07-28,30.03439706202351,30.266416306372964,29.80237781767405,29.834381103515625,129000,0.0,0.0
2011-07-29,29.506365835392135,29.83439200512714,29.338350049330845,29.698379516601562,190100,0.0,0.0
2011-08-01,30.13840547493435,30.202412051527467,29.2583364107898,29.51435661315918,277000,0.0,0.0
2011-08-02,29.298342253162566,29.72237824024131,28.810302734375,28.810302734375,202000,0.0,0.0
2011-08-03,28.802294876410436,29.042313389980325,28.22624800224191,29.018312454223633,198600,0.0,0.0
2011-08-04,28.60791628716803,28.8412868101682,27.441066741943356,27.44106674194336,319800,0.21,0.0
2011-08-05,27.730758018704112,27.730758018704112,26.185691099553548,27.09502601623535,432000,0.0,0.0
2011-08-08,26.72485320272776,27.038694718079714,24.882038116455078,24.882038116455078,406800,0.0,0.0
2011-08-09,25.767239155234044,26.314451217651367,24.262405983586405,26.314451217651367,566800,0.0,0.0
2011-08-10,25.493638455889823,26.081086190216315,25.091276741711987,25.203937530517578,347200,0.0,0.0
2011-08-11,25.43730501864327,27.312308786137923,25.099321157768433,26.990421295166016,528200,0.0,0.0
2011-08-12,27.191594406878927,27.674427041119845,26.789232855086492,27.416915893554688,289400,0.0,0.0
2011-08-15,27.682485483495135,27.948042602454105,27.400830458796506,27.93999671936035,159400,0.0,0.0
2011-08-16,27.545675959770076,27.738810886829892,27.21573955628185,27.44911003112793,236100,0.0,0.0
2011-08-17,27.6502972550817,27.89975955110053,27.199651033903063,27.344501495361328,173200,0.0,0.0
2011-08-18,26.652435385479535,26.83752137991905,26.06498773275172,26.30640411376953,533900,0.0,0.0
2011-08-19,25.904045864909893,26.588062615894152,25.5338738273097,25.67872428894043,432300,0.0,0.0
2011-08-22,26.36273139705285,26.36273139705285,25.638482339254562,25.775283813476562,255600,0.0,0.0
2011-08-23,25.90404544013253,26.84557342529297,25.614346056509724,26.84557342529297,506500,0.0,0.0
2011-08-24,26.676577155604427,27.344495861583137,26.5719622728214,27.22378921508789,278500,0.0,0.0
2011-08-25,27.642243246333177,27.770998847439646,26.797284422211,26.942134857177734,295900,0.0,0.0
2011-08-26,26.757053014193627,27.762957262847525,26.282266086037943,27.658342361450195,269900,0.0,0.0
2011-08-29,28.004367119038967,29.03441491620558,27.843421862940236,29.018320083618164,234500,0.0,0.0
2011-08-30,28.76081076266076,29.31606870886364,28.728621095403184,29.147077560424805,275700,0.0,0.0
2011-08-31,29.332164080508687,29.501155232047193,29.106839475348327,29.251689910888672,372600,0.0,0.0
2011-09-01,29.275841558156166,29.694298143222085,28.744724175144906,28.77691078186035,361100,0.0,0.0
2011-09-02,28.205548068347266,28.48720303542811,27.473250065577798,27.54567527770996,262100,0.0,0.0
2011-09-06,26.628293846945613,27.408876422275664,26.612199012737435,27.320356369018555,206100,0.0,0.0
2011-09-07,27.706623653328585,28.141174975035078,27.53763249592355,28.0848445892334,275700,0.0,0.0
2011-09-08,27.891707138827194,28.125077613192165,27.49739140387343,27.52958106994629,267000,0.0,0.0
2011-09-09,27.247929348440525,27.497391587734437,26.531726157295807,26.716812133789062,299300,0.0,0.0
2011-09-12,26.35468852493529,26.909946506295547,26.23397879996419,26.82947540283203,199800,0.0,0.0
2011-09-13,26.982377121129836,27.602014564947773,26.829480766074674,27.51349449157715,233300,0.0,0.0
2011-09-14,27.746863594309414,28.18946086838999,27.13527513608874,27.931949615478516,278200,0.0,0.0
2011-09-15,28.189455031953567,28.294069916094134,27.73881196754924,28.27797508239746,151100,0.0,0.0
2011-09-16,28.398686599736877,28.664243698120117,28.10898571439092,28.664243698120117,428700,0.0,0.0
2011-09-19,28.092889128855333,28.479155928651554,27.78709342785079,28.32625961303711,212100,0.0,0.0
2011-09-20,28.49525463548739,28.873475604723126,28.157272290892443,28.286027908325195,413900,0.0,0.0
2011-09-21,28.229700375501984,28.318217377255312,27.521542873040765,27.53763771057129,328000,0.0,0.0
2011-09-22,26.70876318232927,27.151363419351767,26.39492161045916,26.716812133789062,374200,0.0,0.0
2011-09-23,26.652441754713948,27.054803509156148,26.45126087749285,26.60416030883789,277600,0.0,0.0
2011-09-26,26.8536180170897,27.13527303866223,26.435161496009172,26.917997360229492,293400,0.0,0.0
2011-09-27,27.489348554932327,28.599867598756987,27.37668778102383,27.97218132019043,259700,0.0,0.0
2011-09-28,28.052655907004688,28.213601187717416,26.684625625610355,26.68462562561035,241600,0.0,0.0
2011-09-29,27.223794351092135,27.37669069340824,26.580013169226863,26.8375244140625,271100,0.0,0.0
2011-09-30,26.411018411042086,26.990420168287134,26.16155308338919,26.193742752075195,315900,0.0,0.0
2011-10-03,25.968418808753086,26.668527154147174,25.38097122356316,25.38901710510254,426700,0.0,0.0
2011-10-04,25.155653989237813,26.732912671509514,25.155653989237813,26.668533325195312,453000,0.0,0.0
2011-10-05,26.877763098411112,27.030659441058006,26.467352440595267,26.84557342529297,332100,0.0,0.0
2011-10-06,26.83752176304835,27.577868821151355,26.65243576596657,27.553728103637695,210000,0.0,0.0
2011-10-07,27.69857562504178,27.69857562504178,26.797286352378034,26.901901245117188,206200,0.0,0.0
2011-10-10,27.328405846651524,27.94804323119711,27.312311010325857,27.92390251159668,250700,0.0,0.0
2011-10-11,27.65833721563899,28.366494534476562,27.62615061870023,28.253833770751953,251200,0.0,0.0
2011-10-12,28.51134176792814,28.624002519020056,28.294066146632915,28.414775848388672,337600,0.0,0.0
2011-10-13,28.229700576822797,28.567682958045026,28.012424873275766,28.422832489013672,191500,0.0,0.0
2011-10-14,28.7930043778211,28.889573403130463,28.36650192692206,28.857383728027344,167600,0.0,0.0
2011-10-17,28.591813566433274,28.77689952922306,27.698570346613856,27.75490379333496,279800,0.0,0.0
2011-10-18,27.86757440424441,28.744723102366994,27.473258556375416,28.422832489013672,356200,0.0,0.0
2011-10-19,28.422830836918358,28.607916854416533,27.754911997231567,27.867572784423828,250700,0.0,0.0
2011-10-20,28.07680523033084,28.07680523033084,27.36864762000755,27.859529495239258,161700,0.0,0.0
2011-10-21,29.17926589051263,30.370259091556736,28.752763518239586,29.61381721496582,426200,0.0,0.0
2011-10-24,29.605767539842333,29.95179876463968,29.412632619346557,29.485057830810547,376400,0.0,0.0
2011-10-25,29.412636714880747,29.573581992741996,28.237741405112576,28.318212509155273,366500,0.0,0.0
2011-10-26,28.833230934088313,29.002222052958402,28.092884065582307,28.78494644165039,466000,0.0,0.0
2011-10-27,29.517253430739867,31.00599043599581,29.517253430739867,30.85309410095215,504600,0.0,0.0
2011-10-28,30.796756125410333,31.23130737453686,30.507055292659317,30.5955753326416,257600,0.0,0.0
2011-10-31,30.21736159764862,30.490967663234475,29.67014946647691,29.74257469177246,312800,0.0,0.0
2011-11-01,28.66424124924736,29.251688852222205,28.286023409936508,28.38258934020996,356800,0.0,0.0
2011-11-02,28.817137985071305,29.39653658328637,28.624003072482758,29.348255157470703,282300,0.0,0.0
2011-11-03,29.750613516098888,30.378296541786625,29.332157142382076,30.32196617126465,303100,0.0,0.0
2011-11-04,30.032273024556062,30.185169344981443,29.581626875726254,30.024227142333984,200600,0.0,0.0
2011-11-07,29.8704455419383,30.048487658149075,29.190652019401732,29.991838455200195,155600,0.21,0.0
2011-11-08,30.080871589203156,30.380306769613938,29.44154410691755,30.331748962402344,183900,0.0,0.0
2011-11-09,29.587221396236224,29.797632435976297,28.810311733986605,28.858869552612305,287500,0.0,0.0
2011-11-10,29.23922458564065,29.546748103662903,28.850771388808656,29.279687881469727,283300,0.0,0.0
2011-11-11,29.635769127264485,30.22654188880839,29.4820073686659,30.008039474487305,198600,0.0,0.0
2011-11-14,29.927115110323086,29.927115110323086,29.247321125185938,29.44154930114746,258500,0.0,0.0
2011-11-15,29.33634028341177,30.05659752332226,29.11783475773916,29.878555297851562,263000,0.0,0.0
2011-11-16,29.562929384567408,30.064684052728808,29.295869204424427,29.320146560668945,193400,0.0,0.0
2011-11-17,29.271600539416983,29.41727090980153,28.502788468906964,28.616086959838867,229600,0.0,0.0
2011-11-18,28.616087063919718,28.883147352494493,28.292374442520593,28.713199615478516,188600,0.0,0.0
2011-11-21,28.17098208601019,28.316652444313423,27.831083554251954,28.162887573242188,288400,0.0,0.0
2011-11-22,28.12242144090553,28.438039489751265,27.85535811517343,28.10623550415039,210700,0.0,0.0
2011-11-23,27.79870940922328,27.952474267747938,27.442628055287987,27.483091354370117,249100,0.0,0.0
2011-11-25,27.361702102753494,27.693506102499164,27.19984581545397,27.207937240600586,107200,0.0,0.0
2011-11-28,28.138610351963113,28.616084731678356,27.887732936467952,28.397579193115234,271500,0.0,0.0
2011-11-29,28.518969164871958,28.68082235807066,28.195256604171007,28.357112884521484,135800,0.0,0.0
2011-11-30,29.465817965450633,30.57452819090941,29.31205622494652,30.566436767578125,406400,0.0,0.0
2011-12-01,30.56644602589333,30.801137506552397,30.080877125858834,30.097063064575195,259200,0.0,0.0
2011-12-02,30.445045135455327,30.663550620745003,30.02422009939573,30.11324119567871,122900,0.0,0.0
2011-12-05,30.566434659335314,30.857775273586487,30.072774517093166,30.21844482421875,295400,0.0,0.0
2011-12-06,30.22653972773642,30.32365533510418,29.846181070575767,29.88664436340332,326800,0.0,0.0
2011-12-07,29.724791449711137,30.05659542767537,29.23113119507252,29.894739151000977,308100,0.0,0.0
2011-12-08,29.611498321350307,29.7247968093054,28.95598167184294,29.004539489746094,229300,0.0,0.0
2011-12-09,29.1016459373825,30.121338289509332,28.9236068167005,29.97566795349121,254200,0.0,0.0
2011-12-12,29.554844362515635,29.562935787299214,28.94788562773899,29.295875549316406,202800,0.0,0.0
2011-12-13,29.57103292183208,29.90283693611763,28.64845605709431,28.769845962524414,228600,0.0,0.0
2011-12-14,28.535155426571727,28.688920300509466,28.292372520591048,28.50278663635254,263700,0.0,0.0
2011-12-15,28.89932476134514,29.603399041976214,28.818398173460658,29.482006072998047,319100,0.0,0.0
2011-12-16,29.708609269934644,30.33175400727809,29.571033424013777,30.145620346069336,1011000,0.0,0.0
2011-12-19,30.275101622927973,30.712112653688386,29.142110747731,29.18257713317871,355600,0.0,0.0
2011-12-20,29.85427111552777,30.809219600482432,29.821899247900205,30.566436767578125,463200,0.0,0.0
2011-12-21,30.477426050875664,30.922528577255594,30.40459086749333,30.873973846435547,175100,0.0,0.0
2011-12-22,31.068194828160586,31.165307364087646,30.784948645393385,30.865875244140625,142300,0.0,0.0
2011-12-23,31.035807440797807,31.31096206101716,30.768747328698314,31.108642578125,114600,0.0,0.0
2011-12-27,31.035823799992986,31.6427825686016,30.890153448554763,31.286701202392578,122900,0.0,0.0
2011-12-28,31.367627790060826,31.367627790060826,30.558349432258773,30.574535369873047,178300,0.0,0.0
2011-12-29,30.704025137223656,31.26242927724829,30.639284462630243,31.205780029296875,110300,0.0,0.0
2011-12-30,31.09247388116213,31.13294026988817,30.655465902149952,30.67165184020996,226600,0.0,0.0
2012-01-03,31.391904063230566,31.65087285629816,30.898243836710616,31.068191528320312,232800,0.0,0.0
2012-01-04,31.05200541807924,31.294788274319632,30.882057727426115,31.08437728881836,217600,0.0,0.0
2012-01-05,30.84160035204757,30.987270711180816,30.47742445421446,30.954898834228516,309500,0.0,0.0
2012-01-06,31.003446578979492,31.189580180266315,30.52597235406074,31.003446578979492,173300,0.0,0.0
2012-01-09,31.027730366611905,31.027730366611905,30.428863061997195,30.938709259033203,222800,0.0,0.0
2012-01-10,31.294798695556167,31.448563589195288,30.906345378785435,31.04392433166504,286400,0.0,0.0
2012-01-11,31.011533045515453,31.246224408947814,30.817308052237408,31.1895751953125,194500,0.0,0.0
2012-01-12,31.35145206385576,31.64278974566001,31.052016780676375,31.545677185058594,223100,0.0,0.0
2012-01-13,31.0439215416829,31.391911518856528,30.833507417872106,31.197683334350586,145800,0.0,0.0
2012-01-17,31.480925481951942,31.739894277629414,31.32716063710175,31.399995803833008,154400,0.0,0.0
2012-01-18,31.367631380047214,32.047425401888596,31.23005552530841,32.01505661010742,155600,0.0,0.0
2012-01-19,32.21736695753293,32.36303728368888,31.885563011766916,32.34685134887695,105500,0.0,0.0
2012-01-20,32.30638496827143,32.60582013156499,32.05551069656506,32.34685134887695,204400,0.0,0.0
2012-01-23,32.33877904393461,32.66249178815389,31.8289356394465,32.13645935058594,146300,0.0,0.0
2012-01-24,31.901758382538205,32.24974839972045,31.66706995351626,32.02315139770508,176900,0.0,0.0
2012-01-25,32.04741422622284,32.45205331032743,31.88556106230198,32.20927047729492,191000,0.0,0.0
2012-01-26,32.37114039199549,32.40351227330409,31.764181509645574,31.869388580322266,245400,0.0,0.0
2012-01-27,31.764173102008204,32.249738844503064,31.764173102008204,32.16072082519531,160900,0.0,0.0
2012-01-30,31.87747570335411,32.419693837035474,31.667064677560454,32.128353118896484,183700,0.0,0.0
2012-01-31,32.29021013335015,32.354950801511706,31.86129047227717,32.0636100769043,178700,0.0,0.0
2012-02-01,32.29021528926345,32.94572893714655,32.13645038941716,32.921451568603516,359100,0.0,0.0
2012-02-02,33.02664580150942,33.18040755441143,32.460150420955024,32.508705139160156,217400,0.0,0.0
2012-02-03,32.735299205134474,33.24514526385696,32.63009218952328,33.115657806396484,238000,0.0,0.0
2012-02-06,32.92144163247774,33.180410442618715,32.67865875886453,32.81623458862305,111100,0.0,0.0
2012-02-07,32.50710639199778,32.86504449267931,31.872584272749677,31.90512466430664,293200,0.21,0.0
2012-02-08,32.010883180576826,32.10036772503168,31.12417749050548,31.51465606689453,271900,0.0,0.0
2012-02-09,31.60412398658187,31.644801019002195,31.018412579036152,31.148571014404297,271900,0.0,0.0
2012-02-10,30.782500281556004,30.985873036295878,30.54658714128448,30.652341842651367,378900,0.0,0.0
2012-02-13,31.01842422373197,31.213660398467297,30.766240802873874,31.091638565063477,168700,0.0,0.0
2012-02-14,30.928933176082325,31.091632022942985,30.63607587237762,30.79877471923828,178500,0.0,0.0
2012-02-15,30.94520319656578,31.010280873009584,30.392028982292775,30.595401763916016,225400,0.0,0.0
2012-02-16,30.619811630641426,31.36008857972486,30.619811630641426,31.20552635192871,248700,0.0,0.0
2012-02-17,31.303151566311666,31.482120683732898,31.11604889956388,31.319421768188477,238700,0.0,0.0
2012-02-21,31.286873346944233,31.52278655886797,30.59540701210339,30.806913375854492,283200,0.0,0.0
2012-02-22,30.668624253724143,30.831323142979286,30.4083072722052,30.579139709472656,190100,0.0,0.0
2012-02-23,30.587265287352707,30.953336916983588,30.253734047738433,30.79877471923828,240800,0.0,0.0
2012-02-24,30.806912571857346,31.08349971921991,30.562865819060455,30.684890747070312,106400,0.0,0.0
2012-02-27,30.440837509299538,30.969608000969345,30.139846651061983,30.831315994262695,158700,0.0,0.0
2012-02-28,30.831312398001018,31.034685162886984,30.318812161586195,30.603532791137695,169500,0.0,0.0
2012-02-29,30.676764799446584,30.880137681601322,30.091053009033207,30.091053009033203,245000,0.0,0.0
2012-03-01,30.3106786159882,30.416433333456848,29.95274363030827,29.960880279541016,261000,0.0,0.0
2012-03-02,29.903939955571765,29.977154299474606,29.269417710562585,29.497194290161133,273400,0.0,0.0
2012-03-05,29.37518083457166,29.57855372530868,29.11486378268619,29.423988342285156,249900,0.0,0.0
2012-03-06,29.131122856743,29.285685077491756,28.821995312022633,29.171796798706055,420900,0.0,0.0
2012-03-07,29.293829816342424,29.45652874957685,29.11486378268619,29.423988342285156,150100,0.0,0.0
2012-03-08,29.676158151286838,29.74937248229981,29.245008814889704,29.749372482299805,174500,0.0,0.0
2012-03-09,29.65988861967414,30.245603280900742,29.554136997236974,29.93647575378418,238800,0.0,0.0
2012-03-12,29.879531807128803,30.058500866576985,29.651755261083988,29.684295654296875,136900,0.0,0.0
2012-03-13,29.69242836381335,30.017826080322266,29.611080486297425,30.017826080322266,366400,0.0,0.0
2012-03-14,30.02596574927582,30.091046547137047,29.700567966416163,29.798189163208008,164500,0.0,0.0
2012-03-15,29.83072454411445,30.16425895690918,29.53787028220664,30.16425895690918,198200,0.0,0.0
2012-03-16,30.221194610203458,30.310676021547454,30.04222558107112,30.229328155517578,371800,0.0,0.0
2012-03-19,30.221205437723345,30.587274069233423,30.06664009237855,30.237472534179688,162800,0.0,0.0
2012-03-20,29.97714512830638,30.15611415936492,29.90393080680263,30.009685516357422,121300,0.0,0.0
2012-03-21,30.009692266097524,30.14798739480852,29.716834914213447,29.97715187072754,165800,0.0,0.0
2012-03-22,29.700563110757308,29.700563110757308,29.049770754657395,29.46465301513672,234900,0.0,0.0
2012-03-23,29.48906007581553,29.578544616699215,29.139258563210078,29.57854461669922,212900,0.0,0.0
2012-03-26,29.806312788993264,30.79063625479487,29.749368661432655,30.63607406616211,355400,0.0,0.0
2012-03-27,30.709287071364898,30.74996100313289,30.39202605906368,30.457103729248047,175200,0.0,0.0
2012-03-28,30.4164418466451,30.58727428967744,30.2049354557322,30.546600341796875,203900,0.0,0.0
2012-03-29,30.46524563419319,30.90453162081752,30.44897543803422,30.83945083618164,253400,0.0,0.0
2012-03-30,31.124170751915745,31.205521730726772,30.766235754814833,30.91266441345215,262700,0.0,0.0
2012-04-02,30.912667610623483,31.229928702743173,30.831319726621512,31.189254760742188,240100,0.0,0.0
2012-04-03,31.140451335990168,31.23807254312939,30.79064976846689,30.93707847595215,227100,0.0,0.0
2012-04-04,30.68489652194912,30.717433819415465,30.172396072367402,30.41644287109375,252000,0.0,0.0
2012-04-05,30.278144443564937,30.400166265607105,30.02596104618805,30.131715774536133,162000,0.0,0.0
2012-04-09,29.37517031485393,29.969018570752606,29.37517031485393,29.920207977294922,230500,0.0,0.0
2012-04-10,29.895807066578364,30.042235757611298,29.204340661429786,29.22060775756836,336800,0.0,0.0
2012-04-11,29.52973705356822,29.643625352490208,29.35890460518523,29.55414390563965,187800,0.0,0.0
2012-04-12,29.55413901839532,30.294415942195165,29.513461972743997,30.139850616455078,203700,0.0,0.0
2012-04-13,29.97715477689526,30.107313267770664,29.635489902056037,29.65176010131836,188200,0.0,0.0
2012-04-16,29.846994515000944,30.196796020326907,29.546003604565705,29.952749252319336,127400,0.0,0.0
2012-04-17,30.204936724564266,30.741840927522233,30.11545217353403,30.26188087463379,187600,0.0,0.0
2012-04-18,30.082907735471576,30.156122076196148,29.76564662673943,29.952749252319336,164000,0.0,0.0
2012-04-19,29.93647584341548,30.261873568009555,29.53786688917156,29.676158905029297,246900,0.0,0.0
2012-04-20,30.74183646818637,31.929533001956987,30.74183646818637,31.197389602661133,337000,0.0,0.0
2012-04-23,30.701158785468383,30.741832724203896,29.301952949763944,29.749372482299805,330700,0.0,0.0
2012-04-24,29.716827913750674,30.07476597205442,29.554132181673157,29.87139320373535,226500,0.0,0.0
2012-04-25,30.24560748802337,30.481520715301812,30.06663840481585,30.351362228393555,283200,0.0,0.0
2012-04-26,30.196792613781728,30.684889197956988,30.164255324081513,30.465246200561523,269300,0.0,0.0
2012-04-27,30.725561141967777,30.90453018819748,30.351355957326096,30.725561141967773,248600,0.0,0.0
2012-04-30,30.70116090087727,30.77437523693494,30.19679409549206,30.221200942993164,148000,0.0,0.0
2012-05-01,30.359496433860617,30.8557266457057,30.164260250880268,30.172393798828125,230300,0.0,0.0
2012-05-02,29.903937280322417,30.310682909345,29.65989052355344,30.302549362182617,148000,0.0,0.0
2012-05-03,30.213062978353637,30.213062978353637,29.51346004273226,29.676158905029297,184500,0.0,0.0
2012-05-04,29.44838537262865,29.594814053354916,28.91961479187012,28.919614791870117,220100,0.0,0.0
2012-05-07,28.944172543409834,29.181554794311523,28.657675754289837,29.181554794311523,227200,0.22,0.0
2012-05-08,28.960540738430737,29.427117869139945,28.960540738430737,29.39437484741211,225800,0.0,0.0
2012-05-09,29.09150763199741,29.402556948631418,29.00965008350462,29.132434844970703,127000,0.0,0.0
2012-05-10,29.3207076105118,29.3207076105118,28.97691521482467,29.09151268005371,115400,0.0,0.0
2012-05-11,28.821387406973766,29.27159307289361,28.821387406973766,29.09151268005371,192000,0.0,0.0
2012-05-14,28.739532399498017,29.0833247883986,28.50215015618285,28.796831130981445,162600,0.0,0.0
2012-05-15,28.854128930049495,29.083323848576825,28.65767391234994,28.78864288330078,124000,0.0,0.0
2012-05-16,28.911431406497034,29.01784468498117,28.61675040303141,28.665864944458008,136800,0.0,0.0
2012-05-17,28.67403831944553,28.813194573034384,28.24020429613978,28.272947311401367,328400,0.0,0.0
2012-05-18,28.272963209758135,28.911436753654396,28.272963209758135,28.633127212524414,356900,0.0,0.0
2012-05-21,28.73953717457457,29.46805241523249,28.485783376881965,29.443496704101562,293600,0.0,0.0
2012-05-22,29.525359626533884,29.65632866105015,28.952368929569694,29.10789680480957,246000,0.0,0.0
2012-05-23,28.878693221646795,29.32071480096935,28.75591153131109,29.255231857299805,218000,0.0,0.0
2012-05-24,29.320704175076017,29.607197804580863,29.066950444267178,29.558086395263672,247600,0.0,0.0
2012-05-25,29.5498983419864,29.680867301144403,29.418929382828395,29.5744571685791,179800,0.0,0.0
2012-05-29,29.811836482478412,30.26204521032643,29.705426349120078,30.21293067932129,198700,0.0,0.0
2012-05-30,29.86094954605883,30.065588731371086,29.541712916579097,29.61538314819336,213600,0.0,0.0
2012-05-31,29.599014872645014,30.106519233356302,29.304333913991197,29.893695831298828,309500,0.0,0.0
2012-06-01,29.00965307913862,29.525344758983554,27.945529819216997,29.20610809326172,321300,0.0,0.0
2012-06-04,29.238857001747125,29.4189374181843,28.960547497201876,29.271596908569336,226500,0.0,0.0
2012-06-05,29.083313626436972,29.459852017804007,29.026014916944366,29.435293197631836,223800,0.0,0.0
2012-06-06,29.729978274708387,30.065586387555722,29.656308048837218,30.01647186279297,211000,0.0,0.0
2012-06-07,30.499427695507787,30.622212475401767,30.000110626220703,30.000110626220703,252000,0.0,0.0
2012-06-08,29.828201948940297,30.499418123941982,29.680861508325716,30.376636505126953,136400,0.0,0.0
2012-06-11,30.67951447260785,30.67951447260785,29.738175842549854,29.762731552124023,162800,0.0,0.0
2012-06-12,29.950992213901415,30.024662447795066,29.599012554470228,29.860950469970703,208900,0.0,0.0
2012-06-13,29.860962246130107,29.910076795610422,29.386200758010375,29.492610931396484,283600,0.0,0.0
2012-06-14,29.492607274841117,29.705433840321632,29.1488148387455,29.378009796142578,337400,0.0,0.0
2012-06-15,29.468039540056512,30.17199876200964,29.468039540056512,29.91006088256836,405300,0.0,0.0
2012-06-18,29.672692850085234,29.86096059553182,29.623578303319782,29.77910614013672,163300,0.0,0.0
2012-06-19,29.983733709211826,30.237484295516655,29.869136267326276,30.147445678710938,190800,0.0,0.0
2012-06-20,30.122883852050087,30.147442674682765,29.754532738017787,29.820018768310547,142600,0.0,0.0
2012-06-21,29.852773197688315,29.852773197688315,28.854132711713273,28.9851016998291,494000,0.0,0.0
2012-06-22,29.16518292520763,29.312523415515468,28.93598487220281,29.09151268005371,590200,0.0,0.0
2012-06-25,28.698599418205607,28.968721509172173,28.649484891418027,28.854124069213867,177900,0.0,0.0
2012-06-26,28.944167167256584,29.320702522684826,28.780455192817204,29.132434844970703,252100,0.0,0.0
2012-06-27,29.17337366927603,29.427127486781266,29.00966162967741,29.19792938232422,166300,0.0,0.0
2012-06-28,28.870509024643415,29.263416054303185,28.78865144187211,29.255231857299805,183500,0.0,0.0
2012-06-29,29.852758942285732,30.204738515245957,29.57444958512057,30.065582275390625,308400,0.0,0.0
2012-07-02,30.180174970051045,30.4421127801931,30.081949071884022,30.31114387512207,317600,0.0,0.0
2012-07-03,30.30297624901597,30.59765722714186,30.270233224213825,30.58946990966797,130900,0.0,0.0
2012-07-05,30.58946275403812,30.908699364814947,30.30296916040404,30.368452072143555,234300,0.0,0.0
2012-07-06,30.065590337953953,30.204746615126236,30.008291612808403,30.09833335876465,101400,0.0,0.0
2012-07-09,30.00011451934674,30.196566445614753,29.746360731824566,29.94281578063965,116200,0.0,0.0
2012-07-10,30.155631664354512,30.270229113051215,29.43530082927287,29.631755828857422,132600,0.0,0.0
2012-07-11,29.69724174881492,29.762727796144524,29.20610888402932,29.328893661499023,199500,0.0,0.0
2012-07-12,29.107883033047298,29.615387411364644,28.94417103672172,29.451675415039062,170000,0.0,0.0
2012-07-13,29.51715491249497,30.12288510517264,29.476224580586383,30.01647186279297,266100,0.0,0.0
2012-07-16,29.901875575495154,29.959174295311776,29.517156045661565,29.599010467529297,106500,0.0,0.0
2012-07-17,29.787276135466456,30.02465831450569,29.34525479295461,29.91006088256836,96700,0.0,0.0
2012-07-18,29.795466581798244,30.40119682070693,29.62356729328174,30.30297088623047,235900,0.0,0.0
2012-07-19,30.36027445888425,30.76955289423047,30.15563524121114,30.433944702148438,323000,0.0,0.0
2012-07-20,30.40938407098657,30.40938407098657,29.476226766566143,29.926435470581055,235000,0.0,0.0
2012-07-23,29.40256101979742,29.517161603555262,29.263407851911413,29.337078094482422,168900,0.0,0.0
2012-07-24,29.29614607033931,29.320701772986187,28.60855829331174,28.7149715423584,236200,0.0,0.0
2012-07-25,28.895059892688167,29.0505877125989,28.58400737541368,28.665864944458008,189300,0.0,0.0
2012-07-26,29.050583236555074,29.09969464786772,28.485777026087618,28.56763458251953,236400,0.0,0.0
2012-07-27,28.772271729899376,29.418929205409896,28.592188241188303,29.312519073486328,326300,0.0,0.0
2012-07-30,29.296153003685273,29.44349349952896,29.09151377307425,29.165184020996094,109500,0.0,0.0
2012-07-31,29.06694893117474,29.21428939654918,28.927795781957883,29.017837524414062,142200,0.0,0.0
2012-08-01,29.16517711864578,29.279774561059355,28.70678422644536,28.7149715423584,287600,0.0,0.0
2012-08-02,28.510344126175525,28.67405304144425,28.04376372550797,28.28933334350586,185800,0.0,0.0
2012-08-03,28.747710822447136,29.017836035959753,28.747710822447136,28.854124069213867,221000,0.0,0.0
2012-08-06,28.985925051710122,29.513094294051005,28.812949264242143,29.44719696044922,215700,0.22,0.0
2012-08-07,29.603697897362984,30.106154059746768,29.47190637461951,30.015546798706055,219500,0.0,0.0
2012-08-08,29.95787590975791,30.419147621141953,29.82608444109911,30.0979061126709,129700,0.0,0.0
2012-08-09,30.056733093967345,30.10615294932477,29.513092689932197,29.826095581054688,167600,0.0,0.0
2012-08-10,29.826098004482525,30.18028832672503,29.628412282675203,30.106155395507812,117900,0.0,0.0
2012-08-13,29.99083406695685,30.11438998267445,29.686066788252894,30.02378273010254,205400,0.0,0.0
2012-08-14,30.287366320735117,30.460342092267897,29.850807523393094,29.933176040649414,92800,0.0,0.0
2012-08-15,29.859039319339896,30.081438058225558,29.7025378996013,30.007305145263672,81600,0.0,0.0
2012-08-16,29.99907287203911,30.40268618337313,29.883755680845905,30.3367919921875,82300,0.0,0.0
2012-08-17,30.254419305418047,30.485053680028145,30.106153452552213,30.476818084716797,144500,0.0,0.0
2012-08-20,30.427382844135654,30.427382844135654,30.114380073715715,30.36972427368164,99400,0.0,0.0
2012-08-21,30.37797332656161,30.921613705616632,30.37797332656161,30.550949096679688,134900,0.0,0.0
2012-08-22,30.44386729512418,30.550948879646928,30.14733561008117,30.27912712097168,80400,0.0,0.0
2012-08-23,30.29559645597907,30.29559645597907,29.78490482827592,29.867273330688477,96100,0.0,0.0
2012-08-24,29.719011873448064,29.924936280080637,29.6284046317846,29.776670455932617,107100,0.0,0.0
2012-08-27,29.908467704919698,29.924942037678836,29.64488466508885,29.702543258666992,106000,0.0,0.0
2012-08-28,29.628403855532707,29.93317108956015,29.595455197217035,29.817853927612305,110900,0.0,0.0
2012-08-29,29.817853486103726,30.048487806584447,29.809614750568297,29.867273330688477,152300,0.0,0.0
2012-08-30,29.776683885967987,29.776683885967987,29.438967832458395,29.554285049438477,98500,0.0,0.0
2012-08-31,29.842568009772073,29.842568009772073,29.315401971872166,29.52956199645996,127200,0.0,0.0
2012-09-04,29.45542720534998,30.361496524835854,29.142424354073395,30.19675636291504,275900,0.0,0.0
2012-09-05,30.369737644990256,30.48505483667059,30.114393332600322,30.221471786499023,201100,0.0,0.0
2012-09-06,30.386200317303157,31.086345078635098,30.386200317303157,30.954553604125977,231700,0.0,0.0
2012-09-07,31.176956396542504,31.23461498363064,30.872189130197018,30.929847717285156,112500,0.0,0.0
2012-09-10,30.971017837524414,31.234600727380766,30.92983360013859,30.971017837524414,124100,0.0,0.0
2012-09-11,30.954568899144245,31.053411768326363,30.79806428560122,30.806303024291992,191300,0.0,0.0
2012-09-12,30.90514050084036,30.96279909298227,30.583898875433267,30.66626739501953,124800,0.0,0.0
2012-09-13,30.567416396792535,31.012213825197026,30.476809164100125,30.756866455078125,254900,0.0,0.0
2012-09-14,30.92984544525195,31.053401346883167,30.60860387159931,30.625078201293945,242900,0.0,0.0
2012-09-17,30.476804204781086,30.8062844260196,30.476804204781086,30.567411422729492,204100,0.0,0.0
2012-09-18,30.567408374361147,30.690961088386963,30.485036756187988,30.52622413635254,169800,0.0,0.0
2012-09-19,30.608602763729525,30.773342912556057,30.377968440666574,30.732158660888672,165900,0.0,0.0
2012-09-20,30.493283492058453,30.863948015728862,30.493283492058453,30.756866455078125,108400,0.0,0.0
2012-09-21,31.020459330051658,31.03693366327402,30.21323585510254,30.21323585510254,777500,0.0,0.0
2012-09-24,30.221464958996435,30.567419598038672,30.114386529288428,30.402679443359375,209400,0.0,0.0
2012-09-25,30.59213279969782,30.847480223921277,30.08967668805413,30.12262535095215,211900,0.0,0.0
2012-09-26,30.172048343045972,30.419157030447753,30.114389754057473,30.270891189575195,170400,0.0,0.0
2012-09-27,30.32031073055625,30.690972148363343,30.12262191785633,30.575654983520508,175100,0.0,0.0
2012-09-28,30.35326004223243,30.50976462164817,30.25441719460392,30.27912712097168,184500,0.0,0.0
2012-10-01,30.3862144318003,30.72393043848491,30.196764295578014,30.3532657623291,334000,0.0,0.0
2012-10-02,30.386209709163026,30.625082812466353,30.27912812110333,30.435632705688477,156300,0.0,0.0
2012-10-03,30.567417340280564,30.76510299756866,30.24617579056975,30.394441604614258,87900,0.0,0.0
2012-10-04,30.559175193303187,30.69920539855957,30.42738372243887,30.69920539855957,158800,0.0,0.0
2012-10-05,30.822762757694125,31.316983204173717,30.64978701539691,30.732158660888672,177000,0.0,0.0
2012-10-08,30.633313795062712,30.78157962015733,30.526235365283235,30.625078201293945,88200,0.0,0.0
2012-10-09,30.550952170292387,30.6580337663489,30.204997453093576,30.221471786499023,162100,0.0,0.0
2012-10-10,30.2214697686692,30.36150002218706,30.08144265730894,30.18852424621582,106300,0.0,0.0
2012-10-11,30.41091423901801,30.534470137324153,30.2132285723166,30.295597076416016,106100,0.0,0.0
2012-10-12,30.246175938488875,30.369728689358954,29.86727266621273,29.92493438720703,136700,0.0,0.0
2012-10-15,30.023790715399837,30.023790715399837,29.63665167586597,29.95789337158203,228400,0.0,0.0
2012-10-16,30.139085038688183,30.443852167023657,29.99081926984262,30.25440216064453,183600,0.0,0.0
2012-10-17,30.25441455195297,31.12753519918599,30.25441455195297,31.06163787841797,179500,0.0,0.0
2012-10-18,31.036925458660523,31.078109709750482,30.71568390113912,30.855710983276367,156600,0.0,0.0
2012-10-19,30.732152320303523,30.732152320303523,29.084757456238812,29.216548919677734,263700,0.0,0.0
2012-10-22,29.191843039347393,29.4224805137046,29.010631696400367,29.265975952148438,187000,0.0,0.0
2012-10-23,29.043577041842763,29.86727467157594,29.002392788787525,29.809616088867188,224100,0.0,0.0
2012-10-24,30.007318319928146,30.007318319928146,29.47191336433949,29.554285049438477,166600,0.0,0.0
2012-10-25,29.85903987156906,29.91669845581055,29.496614036028667,29.916698455810547,116600,0.0,0.0
2012-10-26,29.98260206487872,29.98260206487872,29.480145889251887,29.974363327026367,130800,0.0,0.0
2012-10-31,29.90846308890476,30.040254588479733,29.661351277814127,29.966121673583984,167200,0.0,0.0
2012-11-01,30.04848826611626,31.226376093139596,29.686062450938692,30.839237213134766,279000,0.0,0.0
2012-11-02,31.028679418237495,31.028679418237495,30.032006322579786,30.040245056152344,209800,0.0,0.0
2012-11-05,29.966121223380735,30.229704218570685,29.85903964966071,29.941408157348633,96000,0.0,0.0
2012-11-06,30.1061539337501,30.27912971747241,29.93317815002779,30.13086700439453,113400,0.0,0.0
2012-11-07,29.898838879715594,29.898838879715594,29.053583120397338,29.103302001953125,192800,0.22,0.0
2012-11-08,29.037009106155413,29.33533504017009,28.8381240964223,29.103302001953125,182200,0.0,0.0
2012-11-09,29.086716108794768,29.376756497821965,28.929267779552827,28.970701217651367,101800,0.0,0.0
2012-11-12,29.103295234973366,29.27732076346488,28.854691401488815,29.07015037536621,89700,0.0,0.0
2012-11-13,29.06186221058232,29.111584242467213,28.738676906253765,28.804969787597656,175500,0.0,0.0
2012-11-14,28.92927190755034,29.00385337123743,28.13373840233414,28.200031280517578,241800,0.0,0.0
2012-11-15,28.100597622261354,28.41549756797606,27.893427187664567,28.017730712890625,156800,0.0,0.0
2012-11-16,27.8934187520412,28.307759495928426,27.454218575094824,28.249752044677734,229200,0.0,0.0
2012-11-19,28.490079821837718,29.434776523375977,28.490079821837718,29.401628494262695,251400,0.0,0.0
2012-11-20,29.293898423980284,29.293898423980284,28.846412684128257,29.103302001953125,162700,0.0,0.0
2012-11-21,29.14473109833272,29.310468054795763,28.87955323245966,29.211027145385742,71400,0.0,0.0
2012-11-23,29.29389731720436,29.393341398898738,28.995574555630842,29.31875991821289,89400,0.0,0.0
2012-11-26,29.16959427444759,29.650227980425885,29.16959427444759,29.559072494506836,175900,0.0,0.0
2012-11-27,29.59221649169922,29.89054234641198,29.509349603687514,29.59221649169922,188200,0.0,0.0
2012-11-28,29.43477202987159,29.766242786892047,29.045290650173744,29.749671936035156,228200,0.0,0.0
2012-11-29,30.056282891250632,30.387753644252918,29.824253048032077,30.072856903076172,132400,0.0,0.0
2012-11-30,30.15572221177789,30.49548153337183,29.815962890183947,29.998273849487305,234500,0.0,0.0
2012-12-03,30.188857897279206,30.188857897279206,29.418184089368502,29.50105094909668,145400,0.0,0.0
2012-12-04,29.451347001631305,29.708236293488756,29.35190292623197,29.575647354125977,121300,0.0,0.0
2012-12-05,29.633652258598048,29.940266722848055,29.401622425041843,29.724807739257812,175800,0.0,0.0
2012-12-06,29.74137551379681,29.882252998321444,29.608786613686487,29.832530975341797,107800,0.0,0.0
2012-12-07,29.940272461847265,29.940272461847265,29.177883609331914,29.467924118041992,209900,0.0,0.0
2012-12-10,29.50935148003447,30.04799260869823,29.335329107443226,30.03970718383789,194100,0.0,0.0
2012-12-11,30.213731146831975,30.329746067999647,29.898834406853872,30.114290237426758,198200,0.0,0.0
2012-12-12,30.346313120125213,30.41260915197067,29.890538965278445,29.923686981201172,132200,0.0,0.0
2012-12-13,29.915410006120123,29.998280078086918,29.376768763601017,29.683380126953125,123000,0.0,0.0
2012-12-14,29.59222448362917,29.840828375973523,29.376768619909395,29.467924118041992,175100,0.0,0.0
2012-12-17,29.575643119597956,29.617079725666443,29.285605844133823,29.44305419921875,232500,0.0,0.0
2012-12-18,29.53421247041889,30.11429023742676,29.227601155737258,30.114290237426758,368500,0.0,0.0
2012-12-19,30.072859908258405,30.313178361989525,29.832541454527284,29.85740089416504,170400,0.0,0.0
2012-12-20,29.931975684013718,30.21372752788872,29.79938676696484,30.081138610839844,193900,0.0,0.0
2012-12-21,29.542498900909944,30.106002615031557,29.467917434006516,29.691661834716797,899100,0.0,0.0
2012-12-24,29.67508318411828,29.973405843916478,29.335323923832277,29.923686981201172,69900,0.0,0.0
2012-12-26,29.96512370356822,30.19715351811147,29.708231293774524,30.081138610839844,180700,0.0,0.0
2012-12-27,30.172294513660916,30.18057993808295,29.335327555591316,29.965124130249023,187200,0.0,0.0
2012-12-28,29.77452616771966,30.172292903300516,29.64193725585937,29.641937255859375,134400,0.0,0.0
2012-12-31,29.467924118041992,29.583939057058025,29.194457623644205,29.467924118041992,286300,0.0,0.0
2013-01-02,30.147434764328473,30.2220162280245,29.45134215688861,29.791101455688477,409000,0.0,0.0
2013-01-03,29.83253740726651,30.255163629621578,29.83253740726651,30.139148712158203,300900,0.0,0.0
2013-01-04,30.313168522533015,30.387746817238657,30.1640056107841,30.338027954101562,300900,0.0,0.0
2013-01-07,30.130864020750224,30.296600975948717,30.106004583879773,30.19715690612793,181300,0.0,0.0
2013-01-08,30.246877895737622,30.246877895737622,29.981700041052104,30.164011001586914,165400,0.0,0.0
2013-01-09,30.288312780247836,30.586638671219458,30.16401243312268,30.52863121032715,147300,0.0,0.0
2013-01-10,30.661214622648796,30.75237009082749,30.34631477653212,30.69436264038086,181700,0.0,0.0
2013-01-11,30.802089370280562,30.802089370280562,30.454044662922566,30.628067016601562,169500,0.0,0.0
2013-01-14,30.5203398726951,30.860099146891486,30.5203398726951,30.81037712097168,154200,0.0,0.0
2013-01-15,30.56177625740204,31.067272505517955,30.56177625740204,30.992691040039062,103900,0.0,0.0
2013-01-16,30.884958686333906,31.017547594744112,30.760655201687932,30.768943786621094,121800,0.0,0.0
2013-01-17,30.942965018396517,31.315872297694487,30.85180955443826,31.274438858032227,153800,0.0,0.0
2013-01-18,31.24957459674892,31.498178382617258,30.85180790712586,31.489892959594727,143100,0.0,0.0
2013-01-22,31.53134407244558,31.854529491358054,31.440188562255823,31.837955474853516,159900,0.0,0.0
2013-01-23,31.77164233106357,31.91251663985779,31.581046004429293,31.597620010375977,189400,0.0,0.0
2013-01-24,31.630777378544476,31.82966236744229,31.373888087631467,31.581058502197266,183100,0.0,0.0
2013-01-25,31.713641256136597,31.738500689462008,31.18328560406763,31.49818229675293,224000,0.0,0.0
2013-01-28,31.58105593259455,31.821374352618005,31.357311523728164,31.779937744140625,143700,0.0,0.0
2013-01-29,31.730214562997624,32.094833275431206,31.605911076784214,32.0865478515625,139200,0.0,0.0
2013-01-30,32.028538235789604,32.13626454464517,31.53132748571724,31.672204971313477,155900,0.0,0.0
2013-01-31,31.589339360451028,31.879379795608802,31.431891006167117,31.572765350341797,148200,0.0,0.0
2013-02-01,31.763376945074018,32.23572534842343,31.63078481386116,32.07827377319336,152300,0.0,0.0
2013-02-04,31.895951888299134,32.02854080003324,31.473322558842973,31.52304458618164,115500,0.0,0.0
2013-02-05,31.738496784117018,31.962241140021607,31.655629909116197,31.688777923583984,121700,0.0,0.0
2013-02-06,31.613766345004592,31.91381841693037,31.288710993571925,31.647106170654297,142200,0.22,0.0
2013-02-07,31.68043885059247,31.805461591396174,31.330380263478695,31.522079467773438,192400,0.0,0.0
2013-02-08,31.522091260358835,31.688787250638857,30.846973930482452,31.113689422607422,339700,0.0,0.0
2013-02-11,31.163694543905624,31.238707577067917,31.01366847758103,31.15536117553711,195300,0.0,0.0
2013-02-12,31.238709800013584,31.388735877014028,31.147026844128685,31.172033309936523,189100,0.0,0.0
2013-02-13,31.2553757303473,31.2553757303473,31.013666728295252,31.180362701416016,255600,0.0,0.0
2013-02-14,31.038673600624037,31.455411949196286,30.863641077833122,30.930320739746094,284300,0.0,0.0
2013-02-15,31.130342800750903,31.288705354314445,30.97198342664756,31.14701271057129,282400,0.0,0.0
2013-02-19,31.238704788427818,31.463743867825748,31.155358394337235,31.397064208984375,343000,0.0,0.0
2013-02-20,31.338720528868816,31.397063639566337,30.671939849853512,30.671939849853516,312900,0.0,0.0
2013-02-21,30.688619080408564,30.78030204775433,30.380233518896304,30.521923065185547,226600,0.0,0.0
2013-02-22,30.730294267307436,30.921993584340942,30.53026157973432,30.90532684326172,173900,0.0,0.0
2013-02-25,31.063668660955358,31.072002026757836,30.230192184448246,30.230192184448242,197000,0.0,0.0
2013-02-26,30.405226532422546,30.56358594466013,30.196857378681056,30.46356964111328,117400,0.0,0.0
2013-02-27,30.505249883865538,30.871981714034852,30.471913227955174,30.688615798950195,118100,0.0,0.0
2013-02-28,30.705284885390633,31.10535336063976,30.688614968155886,30.763628005981445,137800,0.0,0.0
2013-03-01,30.50524614296724,30.721951866849057,30.171857368515592,30.555255889892578,264200,0.0,0.0
2013-03-04,30.521920084007515,30.596933124557996,30.238537839645886,30.44690704345703,141800,0.0,0.0
2013-03-05,30.588593457274502,30.805295985656574,30.588593457274502,30.671939849853516,130300,0.0,0.0
2013-03-06,30.755299288193687,30.946998596191406,30.73862936843796,30.946998596191406,107200,0.0,0.0
2013-03-07,30.93031987269267,31.280378549538938,30.93031987269267,31.138689041137695,109000,0.0,0.0
2013-03-08,31.380390811065816,31.43873391043407,31.197024967645323,31.313711166381836,117000,0.0,0.0
2013-03-11,31.222035494257003,31.438741210337366,31.155359013551568,31.430404663085938,91700,0.0,0.0
2013-03-12,31.40540231405101,31.55542837442556,31.263709621714472,31.48041534423828,213500,0.0,0.0
2013-03-13,31.47207776859648,31.78046642677032,31.372061458101253,31.69711685180664,113100,0.0,0.0
2013-03-14,31.75545828889409,31.988833907016556,31.713785093341833,31.980497360229492,106800,0.0,0.0
2013-03-15,31.855478556908174,32.013837975685256,31.847142009916112,32.0055046081543,276000,0.0,0.0
2013-03-18,31.738792987829434,32.07218174676711,31.68044669606765,31.938825607299805,117100,0.0,0.0
2013-03-19,31.938826803440207,32.238878923344174,31.81380402699313,32.13886260986328,163700,0.0,0.0
2013-03-20,32.347227617384796,32.830642386487504,32.22220485704295,32.81397247314453,158900,0.0,0.0
2013-03-21,32.55558776204122,32.763956852014566,32.188856128833734,32.32221221923828,119100,0.0,0.0
2013-03-22,32.37223516765854,32.51392468057175,32.19720582366177,32.29722213745117,69100,0.0,0.0
2013-03-25,32.455584464686986,32.68062357540854,32.072185911366525,32.247215270996094,104400,0.0,0.0
2013-03-26,32.447253563403336,32.555606442611705,32.230547804986614,32.41391372680664,61100,0.0,0.0
2013-03-27,32.13052249146908,32.44724449166359,32.00550290837769,32.4222412109375,113100,0.0,0.0
2013-03-28,32.513928697514835,32.73063444686968,32.34723588042549,32.58060836791992,208100,0.0,0.0
2013-04-01,32.43057152356106,32.51391790443869,31.613764909009863,31.688777923583984,187400,0.0,0.0
2013-04-02,31.94715909588787,31.98049574296722,31.338718389642068,31.438737869262695,131600,0.0,0.0
2013-04-03,31.647112561546226,31.647112561546226,31.08868149725554,31.188697814941406,298900,0.0,0.0
2013-04-04,31.30538208849881,31.50541469102878,31.230369067684848,31.322052001953125,182000,0.0,0.0
2013-04-05,30.8469746901278,31.29705292112913,30.730288447896708,31.172033309936523,146100,0.0,0.0
2013-04-08,31.305389647853083,31.472082463725965,31.005337492143244,31.455415725708008,76900,0.0,0.0
2013-04-09,31.488747150160698,31.630439835468046,31.355391011939087,31.397064208984375,123000,0.0,0.0
2013-04-10,31.547082364472853,32.422235180645345,31.45540262570862,32.305545806884766,226400,0.0,0.0
2013-04-11,32.32221221923828,32.51391140047856,32.197192672930264,32.32221221923828,126100,0.0,0.0
2013-04-12,32.24722079203417,32.32223384178432,31.905495383052852,32.06385803222656,97600,0.0,0.0
2013-04-15,31.838813195163564,31.980502719678466,30.59693141103519,30.696950912475586,258200,0.0,0.0
2013-04-16,30.93865050221178,31.413731909861983,30.69694470459847,31.347055435180664,131500,0.0,0.0
2013-04-17,31.147019783122857,31.188692977406447,30.338549639746308,30.846967697143555,185700,0.0,0.0
2013-04-18,30.871980317706154,30.99699992550426,30.43857201585731,30.59693145751953,117200,0.0,0.0
2013-04-19,32.68062197675862,32.688958524596934,29.6634370899565,31.83881187438965,203100,0.0,0.0
2013-04-22,31.92216255575962,32.088858560799,31.030342585180076,31.880489349365234,182100,0.0,0.0
2013-04-23,32.113850040642696,32.63894115063174,31.947157276357252,32.522254943847656,136500,0.0,0.0
2013-04-24,32.53893186687756,32.597274982839984,32.24721310760412,32.488922119140625,98700,0.0,0.0
2013-04-25,32.738970410674234,32.74730695986642,32.43058485926375,32.51393127441406,97100,0.0,0.0
2013-04-26,32.40557104421459,32.63894347439796,31.95549291789445,32.17219543457031,139600,0.0,0.0
2013-04-29,32.24720745801802,32.57226599216709,31.90548219033794,32.355560302734375,138100,0.0,0.0
2013-04-30,32.347249882072724,32.80566168641733,32.12221066623889,32.797325134277344,205200,0.0,0.0
2013-05-01,32.605602312127445,32.70562178907655,31.5887630654977,31.647106170654297,257700,0.0,0.0
2013-05-02,31.82213415490203,32.08051302368725,31.488742271273406,31.94715690612793,120800,0.0,0.0
2013-05-03,32.272216484141936,32.76396782840099,32.17219699823561,32.25554656982422,137300,0.0,0.0
2013-05-06,32.247213309336416,32.38056945800781,31.947164359421805,32.38056945800781,294600,0.0,0.0
2013-05-07,32.52309831927464,33.0345473875148,32.254797693049596,33.026161193847656,213800,0.23,0.0
2013-05-08,33.00102005415919,33.17709179934648,32.774640725319756,33.16870880126953,107200,0.0,0.0
2013-05-09,33.07646115025197,33.244149802658846,32.699162481935254,32.81654357910156,99500,0.0,0.0
2013-05-10,32.87524592323423,33.11001140019509,32.74109559285496,33.0597038269043,106200,0.0,0.0
2013-05-13,33.051320452881974,33.051320452881974,32.590178852747414,32.715946197509766,99200,0.0,0.0
2013-05-14,32.682412055221505,33.462162017822266,32.682412055221505,33.462162017822266,120900,0.0,0.0
2013-05-15,33.336379992099396,34.20835854279703,33.28607562851002,34.19158935546875,216000,0.0,0.0
2013-05-16,34.14129059213191,34.53535536460141,33.96521569550088,34.37605285644531,236600,0.0,0.0
2013-05-17,34.644362882061834,34.661132076681625,34.17483502789835,34.33414077758789,204400,0.0,0.0
2013-05-20,34.208374509020494,34.61082559755051,34.19999151064145,34.468292236328125,137600,0.0,0.0
2013-05-21,34.40120740611185,34.48505336226777,34.14967593443648,34.43474578857422,159200,0.0,0.0
2013-05-22,34.42636495742335,34.820429781754434,33.88976039946399,34.040679931640625,130500,0.0,0.0
2013-05-23,33.71369203567907,34.7198212842605,33.45377752535325,34.66951370239258,218900,0.0,0.0
2013-05-24,34.53536560400581,34.58567318915839,34.08261013122031,34.45152282714844,216200,0.0,0.0
2013-05-28,35.0216540446696,35.29833769891047,34.8371961429116,35.25641632080078,200700,0.0,0.0
2013-05-29,35.10550194106323,35.222883096315854,34.6024389332958,34.92104721069336,92600,0.0,0.0
2013-05-30,35.09710952414959,35.2480290256551,34.862347276650226,35.172569274902344,110600,0.0,0.0
2013-05-31,34.91266581926922,35.25642633484235,34.58567449938223,34.60244369506836,143200,0.0,0.0
2013-06-03,34.610817610899005,35.281572468731966,34.38443832613981,35.09711456298828,272800,0.0,0.0
2013-06-04,35.17258491778732,35.53311464301753,34.42637327202154,34.97974395751953,226100,0.0,0.0
2013-06-05,34.946196040955144,34.96296523272099,34.00714369084167,34.082603454589844,127400,0.0,0.0
2013-06-06,34.14129167860967,34.28382500122265,33.38669409302308,33.63822555541992,219400,0.0,0.0
2013-06-07,33.38669893981618,34.34252055471975,33.06809066871614,34.208370208740234,170900,0.0,0.0
2013-06-10,34.36766907195291,34.52697157645342,34.01552248516771,34.485050201416016,76900,0.0,0.0
2013-06-11,33.93168497937692,34.29221461753261,33.80591763643092,34.040679931640625,85600,0.0,0.0
2013-06-12,34.27544459470695,34.27544459470695,33.60469291150645,33.66338348388672,77500,0.0,0.0
2013-06-13,33.66337711576495,34.35928085594209,33.31961674325429,34.28382110595703,80500,0.0,0.0
2013-06-14,34.19159329229211,34.24190086006936,33.520841713907934,33.722068786621094,73300,0.0,0.0
2013-06-17,34.07422642180958,34.40960395051443,33.84784706969337,34.30060577392578,109100,0.0,0.0
2013-06-18,34.4263638016735,34.81204561611186,34.19159831594887,34.778507232666016,165000,0.0,0.0
2013-06-19,34.82043149545794,34.82043149545794,33.95683883980895,33.99876022338867,82400,0.0,0.0
2013-06-20,33.604686446452845,33.75560274754208,33.02616063229537,33.15192794799805,154400,0.0,0.0
2013-06-21,33.2609350308996,34.057454191824846,33.17709225539036,33.96522521972656,467100,0.0,0.0
2013-06-24,33.42861904586058,33.91491603045175,33.336390086824565,33.6214599609375,205800,0.0,0.0
2013-06-25,34.05745690276352,34.485063407729534,33.5627768117305,33.7807731628418,162400,0.0,0.0
2013-06-26,34.04907644866022,34.04907644866022,33.57954851751116,33.62985610961914,150000,0.0,0.0
2013-06-27,33.85622926164991,34.350909298847746,33.85622926164991,34.23352813720703,96000,0.0,0.0
2013-06-28,34.19159320886469,34.535353591847546,33.89814039353633,33.931678771972656,237300,0.0,0.0
2013-07-01,33.772384877775785,34.95458594449682,33.50408415329987,34.67790222167969,114000,0.0,0.0
2013-07-02,34.652741750554576,35.01326816425052,34.26705675265399,34.627586364746094,113400,0.0,0.0
2013-07-03,34.69467004773917,35.097121118572694,34.40960013943249,35.013275146484375,131600,0.0,0.0
2013-07-05,35.59179690899315,35.65887048025682,35.206115078636934,35.6421012878418,105800,0.0,0.0
2013-07-08,35.8181684197253,36.17031178867186,35.65886272562457,35.80139923095703,116600,0.0,0.0
2013-07-09,36.13678614182001,36.91653610306754,36.06132636497681,36.87461471557617,167800,0.0,0.0
2013-07-10,36.27931060795749,36.87460242779678,35.734323156986115,36.547611236572266,255200,0.0,0.0
2013-07-11,37.050695190406444,37.09261978617117,36.54763202520568,36.78239440917969,182400,0.0,0.0
2013-07-12,36.748845386351036,37.01714606664995,36.480541507655715,36.67338562011719,119500,0.0,0.0
2013-07-15,36.72369384765625,36.81592281587477,36.3547811731789,36.72369384765625,145300,0.0,0.0
2013-07-16,36.807536082439405,36.841071268790785,36.36316048052227,36.463775634765625,133400,0.0,0.0
2013-07-17,36.3966949779696,36.49730692307083,36.14516351601851,36.287696838378906,144400,0.0,0.0
2013-07-18,36.46377352815377,36.74045719034721,36.16193447965458,36.4721565246582,151300,0.0,0.0
2013-07-19,36.43862387317402,36.57277422711865,36.153553971242104,36.497314453125,106700,0.0,0.0
2013-07-22,36.480539845010014,36.81591727929662,36.32123732284182,36.71530532836914,82300,0.0,0.0
2013-07-23,36.76560890078488,36.81591647434682,36.17031700641817,36.38831329345703,194400,0.0,0.0
2013-07-24,36.58116326013526,36.88300237951688,36.35478392059905,36.81592559814453,175700,0.0,0.0
2013-07-25,36.80753964637521,37.075840353543235,36.547621937007634,36.882999420166016,187900,0.0,0.0
2013-07-26,36.40507551270334,36.71530071991812,35.98585537166311,36.43861389160156,64900,0.0,0.0
2013-07-29,36.27931562109399,36.555999283287434,35.826557048345215,36.4721565246582,125200,0.0,0.0
2013-07-30,36.67338394868238,37.0842179473674,36.46377385185231,36.71530532836914,138300,0.0,0.0
2013-07-31,36.89977264404297,37.06746141847062,36.66501027888266,36.89977264404297,197500,0.0,0.0
2013-08-01,37.218358910208245,38.07356827374966,36.99197967882415,37.40281677246094,306900,0.0,0.0
2013-08-02,37.26028830396086,37.29382668584721,36.67338261293051,37.00037384033203,119500,0.0,0.0
2013-08-05,36.87461332558786,37.24352599936135,36.748849167854424,37.15968322753906,78700,0.0,0.0
2013-08-06,37.10067855342321,37.18495868076576,36.81412161934546,36.98268508911133,115300,0.23,0.0
2013-08-07,36.78884500026157,37.15125540173196,36.780415056926145,36.797271728515625,94100,0.0,0.0
2013-08-08,36.87311601934906,37.0922462656286,36.62869916440147,36.88997268676758,170000,0.0,0.0
2013-08-09,36.889971972649796,37.0079654272147,36.451708273494084,36.54441833496094,76100,0.0,0.0
2013-08-12,36.308441777706555,36.81412907432674,36.308441777706555,36.653995513916016,87000,0.0,0.0
2013-08-13,36.62028768062212,36.8141346139987,36.24102054354538,36.746707916259766,114900,0.0,0.0
2013-08-14,36.74669478280414,36.90683152515947,36.37585772302477,36.51070785522461,82700,0.0,0.0
2013-08-15,36.02187775324958,36.198867951005695,35.541470735641745,35.90388107299805,148000,0.0,0.0
2013-08-16,35.676340533597006,35.93761097977168,35.59205715170011,35.63419723510742,276900,0.0,0.0
2013-08-19,35.50776774919567,35.634187966535265,35.34763097278483,35.39820098876953,97000,0.0,0.0
2013-08-20,35.38134026412966,35.819604040553216,35.32234352644583,35.70161056518555,101000,0.0,0.0
2013-08-21,35.53304949318214,35.65104297656444,35.09478568698984,35.16221237182617,107000,0.0,0.0
2013-08-22,35.34762811534467,35.58361828911482,35.15378122569571,35.43191146850586,127800,0.0,0.0
2013-08-23,35.431914332759334,35.50776774919567,35.204354083450326,35.39820098876953,109900,0.0,0.0
2013-08-26,35.39819633657574,35.516189809951356,35.08635598335716,35.21277618408203,173600,0.0,0.0
2013-08-27,34.83352068627264,35.094791092553045,34.65652721885604,34.92622756958008,376100,0.0,0.0
2013-08-28,34.850373672385075,35.044223810978316,34.7829501931593,34.90937042236328,137500,0.0,0.0
2013-08-29,34.90936640152318,35.38134356206852,34.90936640152318,35.20435333251953,188400,0.0,0.0
2013-08-30,35.128501081148016,35.322347988752504,34.875657428406576,34.94308090209961,352000,0.0,0.0
2013-09-03,35.364497622305436,35.62577128931842,34.80824014986034,35.018943786621094,490000,0.0,0.0
2013-09-04,35.08635788261316,35.39819825271193,34.97679113065584,35.28020477294922,136900,0.0,0.0
2013-09-05,35.153786590788435,35.46563022245594,35.05264976664091,35.195926666259766,124000,0.0,0.0
2013-09-06,35.38977261052687,35.53304949318214,34.808228706597994,35.16221237182617,201000,0.0,0.0
2013-09-09,35.24648883646205,36.13987302687275,35.170635431473585,36.123016357421875,197900,0.0,0.0
2013-09-10,36.39271225070342,36.89839941293655,36.308432128691415,36.88997268676758,218200,0.0,0.0
2013-09-11,36.77198118309359,37.10910490412876,36.68769784152423,36.81412124633789,134500,0.0,0.0
2013-09-12,36.75512872900338,37.50523287203103,36.75512872900338,37.46309280395508,353500,0.0,0.0
2013-09-13,37.64851933910788,37.94350632096253,37.42096227050145,37.867652893066406,329400,0.0,0.0
2013-09-16,38.398611242182575,38.85372840903226,38.09519765422905,38.80316162109375,354700,0.0,0.0
2013-09-17,38.761037434174156,38.946454424354584,38.474480396533195,38.66832733154297,180700,0.0,0.0
2013-09-18,38.668315842210724,39.44370335186263,38.49975236160957,39.3004264831543,119700,0.0,0.0
2013-09-19,39.485858633598234,39.999976000753655,39.37629506180744,39.780845642089844,157400,0.0,0.0
2013-09-20,39.966246777473806,40.36237046995924,39.527986234185555,39.77239990234375,538800,0.0,0.0
2013-09-23,39.772398419454035,40.09266869537524,39.30885128185385,39.865108489990234,298000,0.0,0.0
2013-09-24,39.99154178466105,40.581512476131564,39.92411509302711,40.10110855102539,165300,0.0,0.0
2013-09-25,40.16009933719328,40.40451302038086,39.696548938724625,39.71340560913086,235200,0.0,0.0
2013-09-26,39.822985611077044,40.387669789730104,39.679708687567654,40.26124954223633,147100,0.0,0.0
2013-09-27,39.93253927823844,40.22752297389246,39.78083245902176,40.0421028137207,230100,0.0,0.0
2013-09-30,39.730266428371124,40.44666052758052,39.730266428371124,40.36237716674805,287700,0.0,0.0
2013-10-01,40.18538223732484,41.2051866711572,40.12638549917461,40.94391632080078,420400,0.0,0.0
2013-10-02,40.606790605522704,40.66578734550139,40.01681999065463,40.53093719482422,223900,0.0,0.0
2013-10-03,40.514080650365,40.606790732072206,40.042103513983406,40.37923049926758,190300,0.0,0.0
2013-10-04,40.30337571362529,41.061909797101244,40.26123564567243,40.94391632080078,126100,0.0,0.0
2013-10-07,40.68265151977539,41.10405872025152,40.47194791953733,40.68265151977539,237400,0.0,0.0
2013-10-08,40.71635815682716,40.88491843717117,40.22752434160201,40.23595428466797,347000,0.0,0.0
2013-10-09,40.37079227054566,40.63206255538277,40.15165882801356,40.38764572143555,180000,0.0,0.0
2013-10-10,40.85964170898051,40.91021173038866,40.421377835355294,40.691078186035156,318600,0.0,0.0
2013-10-11,40.55622574806417,41.16305311077987,40.370808776742294,41.070343017578125,221900,0.0,0.0
2013-10-14,40.91020600695629,41.77830368831561,40.741642507593355,41.71930694580078,180100,0.0,0.0
2013-10-15,41.542312377557074,41.9468628047084,41.129332008023695,41.222042083740234,191900,0.0,0.0
2013-10-16,41.458037360258665,41.81202106457579,41.39904061205275,41.55917739868164,211000,0.0,0.0
2013-10-17,41.407475779901354,41.99744655147007,41.238912243012855,41.946876525878906,271400,0.0,0.0
2013-10-18,42.78967018333138,44.57643508911133,42.78967018333138,44.57643508911133,332900,0.0,0.0
2013-10-21,44.736584321404436,44.77029444974225,43.7589166527358,43.98647689819336,254700,0.0,0.0
2013-10-22,44.104467991139245,44.854572103873835,43.952761180127645,44.391021728515625,195000,0.0,0.0
2013-10-23,44.13817811518995,44.854572103873835,44.05389798244172,44.391021728515625,231700,0.0,0.0
2013-10-24,44.44158835403547,44.82928207929318,44.27302488629015,44.55115509033203,170800,0.0,0.0
2013-10-25,44.55116039643867,44.63544053280884,44.17189335261065,44.45845031738281,180500,0.0,0.0
2013-10-28,44.53430360438125,44.71129381932335,44.256173367974135,44.61015701293945,109900,0.0,0.0
2013-10-29,44.82086834981067,44.96414524913903,44.247754322333904,44.93886184692383,136600,0.0,0.0
2013-10-30,44.92200439473706,44.92200439473706,43.87691639693109,44.27303695678711,171500,0.0,0.0
2013-10-31,44.26459863921549,44.52587217780519,43.935901641845696,43.9359016418457,208900,0.0,0.0
2013-11-01,43.85162367803125,44.155037317458046,42.73910914352044,43.21108627319336,406400,0.0,0.0
2013-11-04,43.12681802430305,43.80107222142329,42.65484394441763,43.691505432128906,285600,0.0,0.0
2013-11-05,43.59036223074902,43.66621565610738,43.050961523792616,43.42179870605469,151600,0.0,0.0
2013-11-06,43.62497278590832,44.00594060081071,43.34559854131237,43.845088958740234,128400,0.23,0.0
2013-11-07,43.887416227772654,43.887416227772654,43.04928706879932,43.066219329833984,193000,0.0,0.0
2013-11-08,42.98156677339592,44.03980900271087,42.98156677339592,44.02287673950195,120400,0.0,0.0
2013-11-11,43.81969734007166,43.887426399908385,43.03236801121533,43.100093841552734,254100,0.0,0.0
2013-11-12,43.03235524296566,43.413319788262555,42.98155846316017,43.37099075317383,114200,0.0,0.0
2013-11-13,43.07469591584497,43.43026378205455,42.981570075790295,43.26094436645508,239300,0.0,0.0
2013-11-14,43.26094551441597,43.37100362190099,42.854580843893594,43.100093841552734,230100,0.0,0.0
2013-11-15,43.04082532935866,43.10855114836733,42.31275420539744,42.58366394042969,258900,0.0,0.0
2013-11-18,42.75297162845737,42.75297162845737,42.09262973377398,42.228084564208984,263900,0.0,0.0
2013-11-19,42.22808971712131,42.609057483425694,41.787860657113825,41.95718002319336,233200,0.0,0.0
2013-11-20,42.1349716011593,42.41434586115069,41.79633280714059,42.07571029663086,230000,0.0,0.0
2013-11-21,42.07570016219601,42.388938872041756,42.07570016219601,42.32967758178711,243200,0.0,0.0
2013-11-22,42.32967487966076,42.32967487966076,41.94870715984423,42.228084564208984,165900,0.0,0.0
2013-11-25,42.236561062161094,42.34661915233487,41.96565132442475,42.06724166870117,157400,0.0,0.0
2013-11-26,42.016445502102535,42.25349070052669,41.92331968000773,42.1434326171875,180800,0.0,0.0
2013-11-27,42.245028808058436,42.245028808058436,41.73707062767868,42.06724166870117,146800,0.0,0.0
2013-11-29,42.31275865711209,42.31275865711209,41.55929067543779,41.601619720458984,131100,0.0,0.0
2013-12-02,41.5423479960953,41.83865446645329,41.24604152573732,41.26297378540039,236900,0.0,0.0
2013-12-03,41.25450386295102,41.77092645216814,41.13598128106475,41.58467483520508,369200,0.0,0.0
2013-12-04,41.49155248348828,41.79632670772911,41.32223634068641,41.45769119262695,352700,0.0,0.0
2013-12-05,41.47462270403603,41.48308721922394,40.89047104162107,41.10211944580078,205300,0.0,0.0
2013-12-06,41.48308853872136,41.76246599128426,41.305304648635044,41.41535949707031,212800,0.0,0.0
2013-12-09,41.423834501912786,41.525424852695494,40.89894725511993,41.110595703125,280600,0.0,0.0
2013-12-10,41.07672379969867,41.31376898545547,40.89047216546208,41.00053024291992,284900,0.0,0.0
2013-12-11,41.00053033714357,41.034394857900494,40.331720584937386,40.53490447998047,270800,0.0,0.0
2013-12-12,40.594163227486284,41.05978905541088,40.382514830293445,40.729618072509766,267000,0.0,0.0
2013-12-13,40.74655279682357,41.26297543393527,40.70422376072393,41.00053024291992,201400,0.0,0.0
2013-12-16,40.577222577981765,40.915861235268984,39.57824209143181,40.43330001831055,750900,0.0,0.0
2013-12-17,40.3232476749762,40.687283123581835,39.78142837365556,40.64495086669922,463100,0.0,0.0
2013-12-18,40.6788283273458,41.70320597177966,40.5518412047748,41.65241241455078,490000,0.0,0.0
2013-12-19,41.483084518959984,41.69473290936284,40.36558127599275,40.47563934326172,472700,0.0,0.0
2013-12-20,40.484112758023656,41.102125806325695,40.17933849212152,40.78888702392578,2297900,0.0,0.0
2013-12-23,40.865084720729456,41.02593638643596,40.32326518413999,40.85661697387695,318100,0.0,0.0
2013-12-24,41.05132299979472,41.36456171162437,40.73808105846694,41.16984558105469,109000,0.0,0.0
2013-12-26,41.47462151155098,41.57621183837676,40.84814083221242,41.08518600463867,214400,0.0,0.0
2013-12-27,41.33916782713346,41.33916782713346,40.90740327437402,41.0428581237793,219500,0.0,0.0
2013-12-30,41.16138684798036,41.22064815158378,40.8820125923498,40.89894485473633,223000,0.0,0.0
2013-12-31,40.848140535584434,41.305301847228066,40.831208276320055,41.07672119140625,278800,0.0,0.0
2014-01-02,41.08519854959463,41.15292760782439,40.399459597264226,40.68730163574219,369300,0.0,0.0
2014-01-03,40.83967330493278,41.06825071605635,40.57722814803435,40.91586685180664,201000,0.0,0.0
2014-01-06,40.94126798503825,40.94126798503825,39.94228725495349,40.170867919921875,242800,0.0,0.0
2014-01-07,40.34019593682395,40.771957354647355,40.12854748643033,40.594173431396484,200300,0.0,0.0
2014-01-08,40.47563961112484,40.68728800292836,40.196262183785066,40.424842834472656,190900,0.0,0.0
2014-01-09,40.73809103996848,42.09264300075107,40.73809103996848,41.559288024902344,669300,0.0,0.0
2014-01-10,41.53388394582016,41.71166783002453,41.17831294791305,41.62700653076172,538200,0.0,0.0
2014-01-13,41.25450479853606,41.72013062200522,41.03439188854094,41.711666107177734,354800,0.0,0.0
2014-01-14,41.87252509757302,42.66832527040237,41.737070229995496,42.64292526245117,219900,0.0,0.0
2014-01-15,42.64292110307675,43.56570830765865,42.64292110307675,43.218605041503906,401800,0.0,0.0
2014-01-16,43.04082640116018,43.32020065946344,42.77838117590656,43.18474578857422,260900,0.0,0.0
2014-01-17,43.091608808197634,43.362518459567625,43.03234752380406,43.13393783569336,244400,0.0,0.0
2014-01-21,43.48104866564102,43.70116158497949,43.2524680016174,43.65883255004883,293200,0.0,0.0
2014-01-22,43.61650856531564,43.91281507363691,43.36253109682617,43.853553771972656,260800,0.0,0.0
2014-01-23,43.66730643065942,43.85355485642478,43.34559990688464,43.574180603027344,368100,0.0,0.0
2014-01-24,43.25247612223417,43.32866969121399,42.49054043243598,42.49900817871094,270100,0.0,0.0
2014-01-27,42.60905527299896,42.820703662244135,42.27041655840742,42.27888107299805,304600,0.0,0.0
2014-01-28,42.3804908120314,42.3804908120314,41.9148615942494,42.34662628173828,320100,0.0,0.0
2014-01-29,41.957181892090674,42.261952889211294,41.423826995507326,41.52541732788086,219000,0.0,0.0
2014-01-30,41.7370667949465,42.32121848726539,41.41536029986498,41.94871520996094,247400,0.0,0.0
2014-01-31,41.22064334657123,41.84712406384961,41.22064334657123,41.41535949707031,258500,0.0,0.0
2014-02-03,41.423829234960145,41.50002279573408,39.64598378956645,39.69677734375,590900,0.0,0.0
2014-02-04,39.78989003118146,40.15392545365633,39.54437716867561,39.8406867980957,279300,0.0,0.0
2014-02-05,39.57696705230387,40.13846301013969,39.202637495533324,39.76413345336914,254000,0.23,0.0
2014-02-06,39.91727488503021,40.453249454408244,39.772648629604795,40.40220642089844,245100,0.0,0.0
2014-02-07,40.49577270589767,41.04025642701208,40.38517734044473,41.0062255859375,277800,0.0,0.0
2014-02-10,40.24906383760834,41.16787398013775,39.559953796691154,40.895633697509766,430800,0.0,0.0
2014-02-11,40.94667862225935,41.210409561875565,40.68294443728308,41.125335693359375,304000,0.0,0.0
2014-02-12,41.0913091659736,41.644299105521064,40.94668292522572,41.33802795410156,276000,0.0,0.0
2014-02-13,41.125339304435116,42.103705105078504,41.125339304435116,42.09519577026367,182500,0.0,0.0
2014-02-14,42.12071033893114,42.51205854187741,41.72085929329271,42.375938415527344,195400,0.0,0.0
2014-02-18,42.53758952617374,43.141622518558876,42.50355867566627,42.877891540527344,171700,0.0,0.0
2014-02-19,43.065048949817225,44.128488545296236,43.056542861011835,43.37982940673828,372300,0.0,0.0
2014-02-20,43.31176908435867,43.60953088236389,43.175648941647694,43.39684295654297,235400,0.0,0.0
2014-02-21,43.60953026115866,43.76266582519717,42.99699125036477,43.422367095947266,272500,0.0,0.0
2014-02-24,43.37132144395972,43.788191206527216,43.26072281383198,43.39684295654297,209500,0.0,0.0
2014-02-25,43.34579901714157,43.81371179500651,43.27773732454152,43.55848693847656,152400,0.0,0.0
2014-02-26,43.69460190116263,44.80057831199092,43.609524795492916,44.75804138183594,231000,0.0,0.0
2014-02-27,44.54535438083456,44.82610072178681,44.17102159908515,44.596397399902344,195800,0.0,0.0
2014-02-28,44.71550278537403,45.115353808362265,44.290127008956176,44.60490417480469,249700,0.0,0.0
2014-03-03,44.341168800115845,45.43013296450609,44.17101784517742,44.86863708496094,231900,0.0,0.0
2014-03-04,45.52373147190431,46.95299488368736,45.149401814670036,46.77433776855469,448300,0.0,0.0
2014-03-05,46.98701243096122,47.1911942514037,46.50208425844027,46.82537078857422,328100,0.0,0.0
2014-03-06,46.96999351877374,47.25924918311456,46.731784117090605,46.93596267700195,196100,0.0,0.0
2014-03-07,47.259251972497346,47.27626739438754,46.544620479908545,47.02954864501953,245600,0.0,0.0
2014-03-10,46.97000016858176,47.131645067202896,46.578655168880346,47.06358337402344,148400,0.0,0.0
2014-03-11,47.20821329650582,47.2932871684258,46.33193683800106,46.476566314697266,172200,0.0,0.0
2014-03-12,46.28939894748554,46.73179021213912,46.07671102671133,46.33193588256836,205800,0.0,0.0
2014-03-13,46.46805676644719,46.59567081910009,45.28551242725634,45.60879898071289,227300,0.0,0.0
2014-03-14,45.59178399592281,46.75731292294818,45.22596050318285,46.30641555786133,240900,0.0,0.0
2014-03-17,46.714773505828866,47.15716475833043,46.52760710217358,46.59566879272461,119500,0.0,0.0
2014-03-18,46.621193066158725,46.961495048355594,46.54462528243244,46.68925476074219,187500,0.0,0.0
2014-03-19,46.57015029498565,46.63820874458068,45.82999396646815,46.000144958496094,147600,0.0,0.0
2014-03-20,45.923567064235876,47.60805469921445,45.923567064235876,47.46342849731445,367900,0.0,0.0
2014-03-21,47.769696762257695,48.58641740181401,47.3613331971202,47.369842529296875,572500,0.0,0.0
2014-03-24,47.497458816904896,47.582532670577564,46.51058394028879,47.01252746582031,241100,0.0,0.0
2014-03-25,47.42090474686906,48.16956396242774,46.99552886492692,47.131649017333984,317400,0.0,0.0
2014-03-26,47.34432708688513,47.34432708688513,46.23834742814695,46.280887603759766,264200,0.0,0.0
2014-03-27,46.365961464265894,46.45954465803849,45.88953940749622,46.280887603759766,264600,0.0,0.0
2014-03-28,46.24685241252407,46.70625900491961,46.16177531465854,46.553123474121094,269700,0.0,0.0
2014-03-31,46.961508128712346,48.2971884260225,46.46807044162395,47.99091720581055,261600,0.0,0.0
2014-04-01,47.973888330141634,48.441801120813686,47.71015737749823,47.939857482910156,262100,0.0,0.0
2014-04-02,47.91432730390379,48.02492591472202,47.32730989945561,47.54850387573242,221200,0.0,0.0
2014-04-03,48.16955393658344,48.79060220551288,48.092986163955985,48.25463104248047,233800,0.0,0.0
2014-04-04,48.68001451307725,48.68001451307725,47.029554097342555,47.18268966674805,220400,0.0,0.0
2014-04-07,46.901951606202935,46.901951606202935,46.09373667883172,46.11075210571289,242100,0.0,0.0
2014-04-08,46.21284525135447,46.7658353120567,45.778963188691094,46.391502380371094,223800,0.0,0.0
2014-04-09,46.55313091856054,47.00402825059404,46.22984438569277,46.96999740600586,176200,0.0,0.0
2014-04-10,47.00401842390325,47.072080098850584,45.35356175074168,45.46415710449219,197100,0.0,0.0
2014-04-11,45.345060670608056,45.67685328295789,45.004761970021505,45.225955963134766,222800,0.0,0.0
2014-04-14,45.89804401486234,46.19580574133446,45.27699581010664,45.68535614013672,206500,0.0,0.0
2014-04-15,46.79134552282603,46.98701803284188,43.72013123379743,44.90267562866211,370500,0.0,0.0
2014-04-16,45.328055587846,45.75343149462492,44.74103800482092,45.285518646240234,267200,0.0,0.0
2014-04-17,45.16641658093718,46.81687402845167,45.16641658093718,46.765830993652344,255000,0.0,0.0
2014-04-21,46.646710258020825,47.25074309535146,46.646710258020825,46.93596267700195,216000,0.0,0.0
2014-04-22,46.99551682255615,47.650592656969906,46.72327334214264,46.884918212890625,269800,0.0,0.0
2014-04-23,46.910447286165805,47.48895869029385,46.79984865866365,46.850894927978516,360300,0.0,0.0
2014-04-24,47.004025564693336,47.267759727141495,46.39148337854781,46.425514221191406,266900,0.0,0.0
2014-04-25,46.23834154899389,46.45953875076045,45.336547058995976,45.74490737915039,321800,0.0,0.0
2014-04-28,46.0426818282227,46.25536975660834,45.15790251261221,45.96611404418945,241600,0.0,0.0
2014-04-29,46.26387379821266,46.442530858730436,45.82148256834016,45.91506576538086,185500,0.0,0.0
2014-04-30,45.668354170095874,46.05119310642037,45.29402456866768,45.983131408691406,245100,0.0,0.0
2014-05-01,45.9746153386493,46.13625696762469,45.268489982123825,45.82147979736328,399100,0.0,0.0
2014-05-02,45.82148207095251,47.14014641269242,45.73640496303908,46.221336364746094,271800,0.0,0.0
2014-05-05,45.855514167662754,46.08521425190874,45.44715052923454,45.957603454589844,514100,0.0,0.0
2014-05-06,45.812977957789904,46.13626451397925,45.489694646960764,45.75342559814453,332900,0.0,0.0
2014-05-07,45.79616079205391,47.26628537352986,45.66795075540881,47.215003967285156,304900,0.25,0.0
2014-05-08,47.13807957014811,47.53979805626041,46.069673444446806,46.14659881591797,348300,0.0,0.0
2014-05-09,45.85598404220608,46.39445828596604,45.85598404220608,46.05257034301758,348400,0.0,0.0
2014-05-12,46.368826211459634,46.89875474093162,45.975653536706766,46.69362258911133,321700,0.0,0.0
2014-05-13,46.642321926001586,46.873097963047734,46.394451005413245,46.548301696777344,245300,0.0,0.0
2014-05-14,46.43721795058529,46.5141400823087,45.84745552323151,45.93292999267578,257100,0.0,0.0
2014-05-15,45.556839250614345,45.83035097417955,45.08674117951896,45.75342559814453,266100,0.0,0.0
2014-05-16,45.693593500822,46.12095596138453,45.326061523896875,46.07822036743164,274500,0.0,0.0
2014-05-19,45.93291615705039,47.180813690394245,45.76197053017065,46.616695404052734,193200,0.0,0.0
2014-05-20,46.47138826563645,46.47138826563645,45.53119225337368,45.99274444580078,297000,0.0,0.0
2014-05-21,46.206437606311994,46.240624130488655,45.6081294162365,46.035491943359375,204200,0.0,0.0
2014-05-22,46.00129177188598,46.582504938380495,45.73632589111105,46.172237396240234,198800,0.0,0.0
2014-05-23,46.29189827694848,46.83892166554493,46.01838658265026,46.6765251159668,152700,0.0,0.0
2014-05-27,47.095335862551615,47.095335862551615,46.497031102240044,46.659427642822266,159300,0.0,0.0
2014-05-28,46.53121895416115,47.24918794768753,46.5226731404181,46.99277114868164,151600,0.0,0.0
2014-05-29,47.00986834384262,47.11243441637543,46.36027887044594,46.81328201293945,212800,0.0,0.0
2014-05-30,46.89876252994757,47.32612505448641,46.77910154475946,46.838932037353516,226900,0.0,0.0
2014-06-02,46.915851332874,46.915851332874,45.80470956539414,46.163692474365234,309700,0.0,0.0
2014-06-03,45.77050747610053,46.36881542399725,45.67648723650756,45.779056549072266,220700,0.0,0.0
2014-06-04,45.548281575915276,45.82179322826381,45.36879016540832,45.71067810058594,199100,0.0,0.0
2014-06-05,45.813265735453804,46.01840120160243,45.27479125028421,45.93292999267578,300700,0.0,0.0
2014-06-06,46.283350783721986,46.804730190456105,46.24916100804604,46.650882720947266,331900,0.0,0.0
2014-06-09,46.60814879136374,46.70216905413977,46.4372064159711,46.5825080871582,180600,0.0,0.0
2014-06-10,46.3688268574006,46.59960297680083,46.11241003379483,46.5825080871582,197300,0.0,0.0
2014-06-11,46.35173571420217,46.50558647290419,46.12095957614913,46.23207473754883,150500,0.0,0.0
2014-06-12,46.069671098165244,46.22352183327211,45.56538330209643,45.77051544189453,147900,0.0,0.0
2014-06-13,45.88162260112095,45.88162260112095,45.30895535110741,45.779056549072266,114000,0.0,0.0
2014-06-16,45.63376494235796,45.8474461816539,45.42008370306202,45.65085983276367,182700,0.0,0.0
2014-06-17,45.659400578672916,46.813281099079155,45.445719363099535,45.96710205078125,213300,0.0,0.0
2014-06-18,45.96709895734892,46.146593644343774,45.52264166760477,46.112403869628906,136300,0.0,0.0
2014-06-19,46.13805492198985,46.420115735896395,45.958563455240466,46.274810791015625,107500,0.0,0.0
2014-06-20,46.420120459712734,46.420120459712734,45.881642744150774,46.26626968383789,412700,0.0,0.0
2014-06-23,46.38592232287318,46.471393511630524,46.06112593666492,46.12095642089844,114100,0.0,0.0
2014-06-24,46.18078825776509,46.992777616810436,46.018391690162794,46.155147552490234,215500,0.0,0.0
2014-06-25,45.93291676276551,46.89020772119253,45.93291676276551,46.80473327636719,200300,0.0,0.0
2014-06-26,46.907306489406785,47.026967461541574,46.368828854283265,46.505584716796875,133400,0.0,0.0
2014-06-27,46.17223529050471,47.31756668277256,46.17223529050471,47.25773620605469,457100,0.0,0.0
2014-06-30,47.13808170367374,47.72784073796803,46.932946283627054,47.625274658203125,250500,0.0,0.0
2014-07-01,47.62526774150001,48.710768647956364,47.62526774150001,48.069725036621094,303800,0.0,0.0
2014-07-02,47.890241021999074,48.08682738203157,47.52270900873745,47.57399368286133,145500,0.0,0.0
2014-07-03,47.659448526698895,48.052624372377764,47.642356901705746,47.94150924682617,72800,0.0,0.0
2014-07-07,47.87314224243164,47.95006761711112,47.317572990206,47.87314224243164,174900,0.0,0.0
2014-07-08,47.78767687099249,47.950073454857296,47.54835490308283,47.79622268676758,266400,0.0,0.0
2014-07-09,47.864589225972374,48.04408065304583,47.5141521852743,47.82185363769531,163900,0.0,0.0
2014-07-10,46.984225097676166,47.77057037872551,46.9671302097599,47.650909423828125,323400,0.0,0.0
2014-07-11,47.565445285198564,47.75348255907701,47.454330127554286,47.5568962097168,151900,0.0,0.0
2014-07-14,47.9500584692885,47.9500584692885,47.06114718320894,47.189353942871094,125100,0.0,0.0
2014-07-15,46.992770099971864,47.23209200563435,46.36882137412578,46.556861877441406,197600,0.0,0.0
2014-07-16,46.83037699207803,46.83037699207803,45.727781113545184,46.30899429321289,317200,0.0,0.0
2014-07-17,46.044031675021955,46.471394145673216,45.838899514998815,45.91582489013672,151100,0.0,0.0
2014-07-18,45.84744413510935,46.67652834993424,45.84744413510935,46.5825080871582,169200,0.0,0.0
2014-07-21,46.23207080151935,46.37737247208021,45.736328785570244,46.1807861328125,97300,0.0,0.0
2014-07-22,46.30900304253845,46.58251479517331,46.15515227411667,46.240623474121094,85200,0.0,0.0
2014-07-23,46.206430723583715,46.3175426165124,45.65940403151482,45.97565460205078,147500,0.0,0.0
2014-07-24,45.82180758621468,46.53122763787433,45.62522122827244,46.274810791015625,183700,0.0,0.0
2014-07-25,46.18933150277023,47.57398484161684,46.18933150277023,47.291927337646484,272300,0.0,0.0
2014-07-28,47.23209735598253,47.45432765971412,46.932944940017094,47.0355110168457,216200,0.0,0.0
2014-07-29,47.06969422175128,47.24063983293423,46.57395553588867,46.57395553588867,215000,0.0,0.0
2014-07-30,46.796197875159365,46.796197875159365,46.2833641341591,46.31755065917969,165600,0.0,0.0
2014-07-31,45.74487424031332,45.941460564022975,44.85595961617849,44.87305450439453,313700,0.0,0.0
2014-08-01,44.87305326513777,45.26622590169884,44.377311302113114,45.189300537109375,327800,0.0,0.0
2014-08-04,45.35170644570363,45.35170644570363,44.368771461460966,45.30896759033203,186300,0.0,0.0
2014-08-05,44.95852309411909,45.54828529177816,44.72775026779272,44.85595703125,191500,0.0,0.0
2014-08-06,44.65843251242457,45.31972123314716,44.65843251242457,44.91607666015625,104600,0.25,0.0
2014-08-07,45.01913912020269,45.130786132329476,44.31491016886165,44.538204193115234,88600,0.0,0.0
2014-08-08,44.52101473310771,45.23383020004313,44.44372117393423,45.15653991699219,95800,0.0,0.0
2014-08-11,45.3970254796804,46.04113763852689,45.33690860694463,45.62890625,102500,0.0,0.0
2014-08-12,45.414190287739395,45.972418713343515,45.21666300396043,45.860774993896484,149900,0.0,0.0
2014-08-13,46.041130369692965,46.48771512245595,45.697602628760414,46.376068115234375,156800,0.0,0.0
2014-08-14,46.3159481329234,46.54782885101877,46.28159470591895,46.47053527832031,86600,0.0,0.0
2014-08-15,46.814076374544534,46.85701981163919,46.187140851229096,46.7453727722168,229000,0.0,0.0
2014-08-18,47.14899843345344,47.47534614580596,46.839824157647506,47.07170486450195,254700,0.0,0.0
2014-08-19,47.12323962873761,47.53547097356716,47.088889473761114,47.492530822753906,182300,0.0,0.0
2014-08-20,47.26923109511496,47.56122865175958,46.96864354426507,47.21770095825195,171900,0.0,0.0
2014-08-21,47.14041016771891,47.26064388469182,46.633708591816635,47.19194030761719,245400,0.0,0.0
2014-08-22,47.2434607371965,47.58698840415303,47.106050325638414,47.140403747558594,177300,0.0,0.0
2014-08-25,47.363701894660956,47.48393560587185,47.05452762233412,47.475345611572266,159400,0.0,0.0
2014-08-26,47.56981881257478,48.282637681548366,47.277821234797656,48.26546096801758,259700,0.0,0.0
2014-08-27,48.402865659091304,48.557452786409726,48.170984968113665,48.3942756652832,138200,0.0,0.0
2014-08-28,48.28263108668361,48.4372182112227,48.016396977505686,48.20533752441406,101200,0.0,0.0
2014-08-29,48.239694436679805,48.39428158290103,48.007816993471096,48.188167572021484,122800,0.0,0.0
2014-09-02,48.28263699932169,48.48016428795002,47.59558157229071,48.08510971069336,290000,0.0,0.0
2014-09-03,48.33417245811513,48.34276245434823,47.66429690137431,47.78453063964844,132200,0.0,0.0
2014-09-04,47.75017552210975,48.1280567160649,47.47535462257339,47.57841491699219,140600,0.0,0.0
2014-09-05,47.42382391714086,47.81028852353219,47.37229377409781,47.75017166137695,99400,0.0,0.0
2014-09-08,47.732987104133976,47.887570945007475,47.25204904279944,47.50969314575195,139800,0.0,0.0
2014-09-09,47.39806322903195,47.39806322903195,46.88277483763214,47.05453872680664,167700,0.0,0.0
2014-09-10,47.05452676552669,47.475344747102234,46.77970592315654,47.37228775024414,94300,0.0,0.0
2014-09-11,47.071709853564315,47.66429176091727,46.934299413766965,47.423824310302734,132400,0.0,0.0
2014-09-12,47.41524478820054,47.449598224768785,46.49631165480625,46.66807556152344,132300,0.0,0.0
2014-09-15,46.7195932001129,46.93429720695878,46.29877190520079,46.81406021118164,144900,0.0,0.0
2014-09-16,46.77112072849138,47.46676289994414,46.427596278338925,47.31217575073242,219400,0.0,0.0
2014-09-17,47.29500685474804,47.67288479521654,46.985832505217566,47.23488998413086,250700,0.0,0.0
2014-09-18,47.277832085581345,47.973474400681724,47.14042162192096,47.6900634765625,260100,0.0,0.0
2014-09-19,48.076516556971825,48.08510655111297,46.69382235130465,46.88276290893555,546100,0.0,0.0
2014-09-22,46.64230109162861,46.74535810083715,45.981012336637576,46.02395248413086,204400,0.0,0.0
2014-09-23,45.73195094244222,45.792067798962165,45.105015670074955,45.1221923828125,323900,0.0,0.0
2014-09-24,45.29395813117668,45.40560185446244,44.787256550626395,45.251014709472656,280200,0.0,0.0
2014-09-25,45.036310743152484,45.28536817430268,44.460905584415585,44.67560958862305,229400,0.0,0.0
2014-09-26,44.692790069710476,45.139374829244,44.443732617564656,45.07925796508789,147500,0.0,0.0
2014-09-29,44.60690370572901,45.6031301758923,44.60690370572901,45.59454345703125,246400,0.0,0.0
2014-09-30,45.517246585681896,45.517246585681896,44.83019446225468,44.959014892578125,266600,0.0,0.0
2014-10-01,44.73573284947068,44.795849717161744,43.87691670974279,43.91127014160156,349200,0.0,0.0
2014-10-02,43.87691754898988,44.10020830809571,43.21562871561591,44.01432800292969,168800,0.0,0.0
2014-10-03,44.44373501753854,44.581145468190336,44.02291366959791,44.07444381713867,109700,0.0,0.0
2014-10-06,44.15172452126148,44.16890123209793,43.79102342206392,43.88549041748047,101700,0.0,0.0
2014-10-07,43.60209205656042,43.722325781600304,43.21562417170131,43.50762176513672,253400,0.0,0.0
2014-10-08,43.41314612765549,44.82160377803415,43.15550199485111,44.778663635253906,305000,0.0,0.0
2014-10-09,44.62407968704951,44.77866683299612,43.2585620819365,43.3015022277832,212000,0.0,0.0
2014-10-10,43.0266798184732,43.54197137850536,42.88926939102256,43.103973388671875,185500,0.0,0.0
2014-10-13,43.16408380429673,43.58490501838191,42.700325728437015,42.966556549072266,255900,0.0,0.0
2014-10-14,43.37880647985449,44.14315567903678,43.13833898301562,43.610687255859375,202500,0.0,0.0
2014-10-15,43.2929231517256,44.46091367123505,42.74328132516202,44.0315055847168,260700,0.0,0.0
2014-10-16,43.3873850707843,44.29773121769273,43.207034495567164,44.10020065307617,294900,0.0,0.0
2014-10-17,44.68420135994579,44.78726165242751,44.17749972167617,44.538204193115234,182300,0.0,0.0
2014-10-20,44.31491309335287,45.379846586411546,44.13456248379313,45.33690643310547,125100,0.0,0.0
2014-10-21,45.50866416196491,46.04112919835283,45.27678343415325,46.02395248413086,162100,0.0,0.0
2014-10-22,46.23866497410495,46.43619230968301,45.56019938051692,45.62890625,208900,0.0,0.0
2014-10-23,46.290179336023286,46.45335318119905,45.671830826097896,46.27300262451172,214900,0.0,0.0
2014-10-24,46.37606811523437,47.003003457731445,45.946660077130346,46.376068115234375,151400,0.0,0.0
2014-10-27,46.16136475810765,46.685243096286385,45.89513059126113,46.556419372558594,207800,0.0,0.0
2014-10-28,46.882769111425205,49.02122255440593,46.87418239227091,48.892398834228516,281500,0.0,0.0
2014-10-29,48.82368609423363,49.270270787288084,48.46298496299133,48.9267463684082,201600,0.0,0.0
2014-10-30,48.6519326609406,49.95733023078074,48.6519326609406,49.65674591064453,245600,0.0,0.0
2014-10-31,50.25792282057663,50.91062167034768,49.948748474218455,50.82474136352539,267600,0.0,0.0
2014-11-03,50.919209205781534,51.52038115285408,50.77320875989139,51.01367950439453,291100,0.0,0.0
2014-11-04,51.082368473259024,51.52036640946571,50.541313548113024,50.79037094116211,249700,0.0,0.0
2014-11-05,51.15261378230834,51.70458884286436,50.73863248689133,51.40272521972656,290400,0.25,0.0
2014-11-06,51.34235514226627,51.730463649890886,51.16986539668289,51.678714752197266,167500,0.0,0.0
2014-11-07,51.74771888436561,51.74771888436561,51.169870936038585,51.575225830078125,189400,0.0,0.0
2014-11-10,51.45447487291935,51.808084106920745,51.29923147359864,51.78221130371094,140600,0.0,0.0
2014-11-11,51.88571106321051,52.0927033799525,51.23024142525151,51.773590087890625,177300,0.0,0.0
2014-11-12,51.411355015699385,52.25656729325782,51.411355015699385,52.17032241821289,157900,0.0,0.0
2014-11-13,52.09270089366322,52.40318441891051,51.583848233074995,51.6528434753418,120900,0.0,0.0
2014-11-14,51.69596875440798,51.825339364561685,51.01462630568816,51.06637191772461,133600,0.0,0.0
2014-11-17,50.97150174978516,51.34236066473544,50.63514210367477,50.85075759887695,166300,0.0,0.0
2014-11-18,51.02324314110907,51.48034687083023,50.86799974421682,51.11811447143555,173300,0.0,0.0
2014-11-19,51.01462866602142,51.16124562695006,49.988296779395206,50.6351432800293,163400,0.0,0.0
2014-11-20,50.298776369277284,51.01462130591599,50.298776369277284,50.997371673583984,145400,0.0,0.0
2014-11-21,51.583843795397826,51.69596146568997,50.74725475842717,51.083614349365234,137700,0.0,0.0
2014-11-24,51.30786597424492,51.30786597424492,50.911130952687216,51.18711853027344,210600,0.0,0.0
2014-11-25,51.32511522165905,51.42861303663058,50.84213857858507,51.040504455566406,130600,0.0,0.0
2014-11-26,50.97149225534412,51.35097756183345,50.57476060767867,51.29922866821289,108900,0.0,0.0
2014-11-28,51.40271929109864,51.713206049358554,50.70412737504434,50.84212112426758,118400,0.0,0.0
2014-12-01,50.77314396977008,50.93701387782443,50.39366182222928,50.583404541015625,173800,0.0,0.0
2014-12-02,50.583387491985384,51.33372836059939,50.49713933522869,51.31647872924805,168400,0.0,0.0
2014-12-03,51.394104376477124,52.15307176413137,51.26473377641149,51.58384704589844,151700,0.0,0.0
2014-12-04,51.402732520409074,52.00645656240016,51.100872144429204,51.36823654174805,156300,0.0,0.0
2014-12-05,51.273371355629756,51.85121937048362,51.264744892404984,51.66147994995117,156100,0.0,0.0
2014-12-08,51.41997974893088,51.87708681263941,50.60926671277969,51.07499694824219,183500,0.0,0.0
2014-12-09,50.471270945097075,51.299233582151984,49.996917556577976,51.25611114501953,219100,0.0,0.0
2014-12-10,50.954254248716246,51.049122300825324,50.10903863148277,50.169410705566406,154800,0.0,0.0
2014-12-11,50.38502246157737,50.98874644769988,49.85892346784495,50.15216064453125,172600,0.0,0.0
2014-12-12,49.496695204908555,49.77268279035598,49.01371857539134,49.160335540771484,322500,0.0,0.0
2014-12-15,49.48807160357301,49.68643747326808,49.04821413117967,49.14308547973633,219000,0.0,0.0
2014-12-16,48.86709923576083,50.18666510903727,48.71185580478342,49.30695343017578,264700,0.0,0.0
2014-12-17,49.55705581178073,51.47172212137932,49.2034465941552,51.31647872924805,227100,0.0,0.0
2014-12-18,51.9115773223571,52.316935442755955,50.954247436996255,52.187564849853516,169300,0.0,0.0
2014-12-19,52.23932201514051,53.16215607318328,52.084078595093,52.73955154418945,583600,0.0,0.0
2014-12-22,52.765426889013185,53.45539585017407,52.67055553997265,53.41227340698242,149300,0.0,0.0
2014-12-23,53.70551351643464,53.95562830644811,53.075916599871974,53.550270080566406,212400,0.0,0.0
2014-12-24,53.53301459595718,53.895250336753286,53.10178360788596,53.44676971435547,103300,0.0,0.0
2014-12-26,53.76587219135855,54.395468950928006,53.49850783180266,54.17123031616211,157800,0.0,0.0
2014-12-29,54.2574799482954,54.63696201352898,53.59338386661325,54.31785202026367,192500,0.0,0.0
2014-12-30,54.07635441844975,54.473086048775485,53.49850331338349,53.61924743652344,131300,0.0,0.0
2014-12-31,53.67099929295252,53.86074194838662,52.02369732904332,52.04094696044922,238000,0.0,0.0
2015-01-02,52.239309688187724,52.454925132926824,50.82487289710409,51.63558578491211,169400,0.0,0.0
2015-01-05,51.17849313219315,51.56660167443039,50.38502641361576,50.704139709472656,180700,0.0,0.0
2015-01-06,50.90249484125846,50.90249484125846,49.18619444500987,49.496681213378906,207200,0.0,0.0
2015-01-07,49.81580209620495,49.850301364720934,48.91021768286409,49.82442855834961,216400,0.0,0.0
2015-01-08,50.37641184992837,51.42861667978815,49.910681519659434,51.385494232177734,222500,0.0,0.0
2015-01-09,51.29060374323736,51.38547506661464,50.66963020115384,50.77312469482422,124400,0.0,0.0
2015-01-12,50.885255712602785,50.928378152658055,49.86755033514822,50.169410705566406,144600,0.0,0.0
2015-01-13,50.67825967141683,51.45447669551515,49.729552899768706,50.436771392822266,143200,0.0,0.0
2015-01-14,49.73818716912545,50.88526332845676,49.54844774647824,50.781768798828125,114900,0.0,0.0
2015-01-15,51.36822832824981,51.36822832824981,50.160780437331944,50.62651062011719,201700,0.0,0.0
2015-01-16,50.38502042879925,52.10994415382541,50.38502042879925,52.032325744628906,226500,0.0,0.0
2015-01-20,52.0237093661101,52.41181793746506,51.2906179569086,52.153079986572266,166800,0.0,0.0
2015-01-21,51.851202824079934,52.144439969543406,51.32510059633394,51.894325256347656,165100,0.0,0.0
2015-01-22,52.27382212941001,53.22252900945924,51.44585940245452,53.05866241455078,219200,0.0,0.0
2015-01-23,53.17940545585868,53.17940545585868,52.47218689678228,52.81717300415039,146200,0.0,0.0
2015-01-26,52.59293038440696,53.18802795758269,52.334192452158,53.16215515136719,221400,0.0,0.0
2015-01-27,52.670550674977875,53.386395667958865,52.39456311600553,53.170780181884766,236300,0.0,0.0
2015-01-28,53.455396108582164,53.65376198024787,52.33419613002181,52.61018371582031,304000,0.0,0.0
2015-01-29,52.60155132345375,53.343265774014036,52.11857148794454,53.26564407348633,147800,0.0,0.0
2015-01-30,52.78267677945226,53.37777439444937,52.38594503612086,52.61018371582031,227100,0.0,0.0
2015-02-02,52.584299050196066,53.16214689952399,51.76495965022637,53.050025939941406,321800,0.0,0.0
2015-02-03,53.3605217253244,53.981495403081965,53.20527830588501,53.82625198364258,422000,0.0,0.0
2015-02-04,53.58475189581499,53.84348977462492,53.2570154946394,53.636497497558594,209400,0.0,0.0
2015-02-05,54.0694801583841,54.23401144380385,53.18621789500211,54.14741516113281,170700,0.25,0.0
2015-02-06,53.740408903987266,55.42899794756653,53.394030478475294,54.043487548828125,716400,0.0,0.0
2015-02-09,52.822520027484465,53.021686509879395,50.92610615339432,51.012699127197266,366300,0.0,0.0
2015-02-10,51.20320453520508,51.2638202738613,49.947586671179245,50.93476104736328,288000,0.0,0.0
2015-02-11,50.700961176552745,51.67081639607812,50.56241043090626,51.393714904785156,216700,0.0,0.0
2015-02-12,51.913278299543094,52.21635699779552,51.454326309362195,52.1470832824707,314700,0.0,0.0
2015-02-13,52.24233779362305,53.09961943201661,52.138422265149224,53.09096145629883,226200,0.0,0.0
2015-02-17,53.151583793533504,53.679809567254615,52.62335801981239,53.394046783447266,156600,0.0,0.0
2015-02-18,53.15157312269555,53.81834951440525,53.08229610902242,53.76639175415039,256000,0.0,0.0
2015-02-19,53.532581188018185,54.16471900676447,53.41134973008184,54.043487548828125,139500,0.0,0.0
2015-02-20,54.04348845158611,54.58903332472208,53.10827197237683,54.51975631713867,230300,0.0,0.0
2015-02-23,54.26863277218162,54.68428821606117,54.147401310762405,54.62367248535156,195600,0.0,0.0
2015-02-24,54.53707594222357,55.14323654948812,54.46780223747566,55.013343811035156,195800,0.0,0.0
2015-02-25,55.07396875099778,55.55024000276186,54.70161302869683,54.97871780395508,179600,0.0,0.0
2015-02-26,54.86613512387739,55.13457527182616,54.61501092463343,55.013343811035156,91700,0.0,0.0
2015-02-27,54.81418666070208,55.48962439053375,54.6063622079155,55.0826301574707,172300,0.0,0.0
2015-03-02,54.883464869835265,56.40752300210044,54.883464869835265,56.17372131347656,197400,0.0,0.0
2015-03-03,55.9485776863978,56.58937365571783,55.9485776863978,56.29495620727539,338600,0.0,0.0
2015-03-04,56.2516564146829,56.494119397310975,56.19970194886853,56.29495620727539,303300,0.0,0.0
2015-03-05,56.29495535140873,56.502779818127365,56.15640130251586,56.268978118896484,271400,0.0,0.0
2015-03-06,55.78403964733364,56.63266659038838,55.68878540046158,56.03516387939453,349800,0.0,0.0
2015-03-09,56.18237258578955,56.47679660519955,55.870632615411886,56.03516387939453,205300,0.0,0.0
2015-03-10,55.662813997531806,56.03516974520476,55.16056878414455,55.429012298583984,332100,0.0,0.0
2015-03-11,55.48096090972344,56.08711829238826,54.9960317002816,55.7494010925293,279800,0.0,0.0
2015-03-12,56.17371612095829,56.710596469882056,55.73208340924698,56.598026275634766,224500,0.0,0.0
2015-03-13,56.60668476316941,56.60668476316941,55.290447971449744,55.662803649902344,212100,0.0,0.0
2015-03-16,55.818678993304516,56.42484299218611,55.79270176315332,56.07846450805664,177500,0.0,0.0
2015-03-17,55.913934497627864,56.251651710419885,55.40302803888068,55.983211517333984,201200,0.0,0.0
2015-03-18,55.89660788163121,56.73656681048823,55.12591604933466,56.35555648803711,179000,0.0,0.0
2015-03-19,56.01785219168838,56.25165388395521,55.645496454655664,56.182376861572266,136600,0.0,0.0
2015-03-20,56.66731348082612,57.264809673577965,56.320934950658966,56.97905349731445,353800,0.0,0.0
2015-03-23,56.8837853671008,57.152225524385024,56.52874564342354,56.53740692138672,218800,0.0,0.0
2015-03-24,56.51143865657073,57.20418905124657,56.26897568810317,56.99636459350586,253000,0.0,0.0
2015-03-25,56.953068296810656,57.22151511975456,55.50694507001985,55.680137634277344,307300,0.0,0.0
2015-03-26,55.403029689835066,56.242992107285986,55.403029689835066,55.766727447509766,255500,0.0,0.0
2015-03-27,55.87929548131557,56.9011083895488,55.437662742967106,56.719261169433594,202600,0.0,0.0
2015-03-30,56.98770168981253,57.72375846019214,56.87513148812422,57.49861145019531,144400,0.0,0.0
2015-03-31,57.82766239092889,59.741395294152106,57.21284376102077,59.646141052246094,458200,0.0,0.0
2015-04-01,59.36905029184927,59.55089753005322,58.54640707998084,59.02267837524414,202100,0.0,0.0
2015-04-02,59.12657336268395,59.9838548853488,58.988025950042214,59.19585037231445,134500,0.0,0.0
2015-04-06,59.08330396782903,60.46881168501358,58.97938841155697,60.286964416503906,223600,0.0,0.0
2015-04-07,60.157047425114314,60.68527306210094,59.022664470250874,59.17852783203125,207200,0.0,0.0
2015-04-08,59.56820203170466,60.47743794708874,59.32573912093557,59.871280670166016,273800,0.0,0.0
2015-04-09,59.871302936234756,60.139743172044746,59.48163119995437,59.76738739013672,271500,0.0,0.0
2015-04-10,60.122423991835014,60.217678252325406,59.585536942400154,59.88862228393555,184300,0.0,0.0
2015-04-13,59.758729736953406,60.07046975308423,59.51626674810074,59.81068420410156,160200,0.0,0.0
2015-04-14,59.8972852576179,59.8972852576179,59.282466422558294,59.68946075439453,167900,0.0,0.0
2015-04-15,59.9665435998929,60.09643635139713,59.60284918097688,59.83665084838867,263300,0.0,0.0
2015-04-16,59.82799584171891,59.82799584171891,58.91009841967202,59.09194564819336,261600,0.0,0.0
2015-04-17,59.005365723721646,59.07464276132412,57.51594244837813,57.559242248535156,284400,0.0,0.0
2015-04-20,57.86231192894179,58.26930620256514,57.37738595523953,58.251983642578125,342300,0.0,0.0
2015-04-21,58.061466207279466,59.12657213001119,56.598020790786585,58.67628479003906,289200,0.0,0.0
2015-04-22,58.988036971917225,59.95788886148336,58.30394123888654,59.60285568237305,398800,0.0,0.0
2015-04-23,59.195865227027404,60.33890974629119,59.10061096653701,59.88862228393555,323200,0.0,0.0
2015-04-24,59.81068738821084,59.87130313865097,58.8061968656856,58.88412857055664,178800,0.0,0.0
2015-04-27,58.918769239759186,59.49028824956873,58.08746465764069,58.260650634765625,260000,0.0,0.0
2015-04-28,58.13941243510256,59.628835450717844,58.13941243510256,59.412349700927734,185400,0.0,0.0
2015-04-29,59.27380223658512,59.377717786415296,58.113441659944996,58.33858871459961,172900,0.0,0.0
2015-04-30,57.74973187351925,58.15672607778067,56.554726489667466,56.598026275634766,444000,0.0,0.0
2015-05-01,56.68462693436727,57.6111856628929,56.68462693436727,57.15223693847656,269200,0.0,0.0
2015-05-04,57.360061031515514,59.07463103542604,57.360061031515514,57.541908264160156,254500,0.0,0.0
2015-05-05,57.51592306053877,58.078787239736585,56.76255700208265,57.065635681152344,240400,0.0,0.0
2015-05-06,57.10909706135152,57.526335411035014,56.52670752956252,57.18733215332031,294800,0.25,0.0
2015-05-07,57.109102041308,57.43941769787995,57.030873574296216,57.369876861572266,183600,0.0,0.0
2015-05-08,57.79580115839667,57.79580115839667,56.9178729953102,57.109100341796875,255500,0.0,0.0
2015-05-11,56.9700198193508,57.32640495489154,56.91786751458346,57.091712951660156,186300,0.0,0.0
2015-05-12,56.93525231742572,56.93525231742572,55.94431868549679,56.274627685546875,216000,0.0,0.0
2015-05-13,56.50063421109091,56.70056245012827,55.66616410163289,56.25724792480469,404000,0.0,0.0
2015-05-14,56.62233017441694,57.86534445424279,56.62233017441694,57.83057403564453,162800,0.0,0.0
2015-05-15,57.89141962987079,58.3173456448728,57.74365032716507,58.07395935058594,141800,0.0,0.0
2015-05-18,58.082661366010264,59.32567579070577,58.013120520708966,58.7432861328125,176400,0.0,0.0
2015-05-19,58.838871684357414,59.31694981873818,58.499868534455544,59.03010559082031,158700,0.0,0.0
2015-05-20,59.03880970333231,59.25611981557819,58.56941906506783,59.125732421875,250900,0.0,0.0
2015-05-21,59.1083680086777,59.61252920979075,58.908439728312075,59.377830505371094,142800,0.0,0.0
2015-05-22,59.186583758923355,59.45605282943877,58.77804628566366,58.92581558227539,116400,0.0,0.0
2015-05-26,58.51727515722791,58.82150803167232,57.70888115840171,58.612892150878906,218300,0.0,0.0
2015-05-27,58.87365802767035,59.50819983624381,58.21303343515509,59.334354400634766,176600,0.0,0.0
2015-05-28,59.08226896251351,59.58642996833509,58.76934189902272,59.30827331542969,179300,0.0,0.0
2015-05-29,59.11703369547807,59.2474210647064,58.55202618334002,58.847564697265625,463100,0.0,0.0
2015-06-01,59.28219258817644,59.35173341175727,58.36079988695329,59.090965270996094,165800,0.0,0.0
2015-06-02,58.69980258489812,59.44734985223207,58.60418561127788,58.96926498413086,116700,0.0,0.0
2015-06-03,59.203965516856115,60.17751717436923,58.543340940980144,59.54296875,173100,0.0,0.0
2015-06-04,59.15181120290645,59.53427246496665,58.75195478746962,58.856266021728516,166600,0.0,0.0
2015-06-05,58.86495040314628,59.030108171726425,58.326019064258354,58.80410385131836,198000,0.0,0.0
2015-06-08,58.76935571941879,59.18658748100563,58.33473543256125,58.612892150878906,209600,0.0,0.0
2015-06-09,58.491194628584005,59.31697045917063,58.44772995043575,58.62158203125,167200,0.0,0.0
2015-06-10,59.02142637234182,59.960207625966596,59.02142637234182,59.57773971557617,155800,0.0,0.0
2015-06-11,59.77766844838925,59.98629095088286,59.473435588643106,59.74290466308594,137900,0.0,0.0
2015-06-12,59.75159479241281,59.83851752286422,58.86497233096161,59.04751205444336,165300,0.0,0.0
2015-06-15,58.61289251585473,58.61289251585473,57.5524179482342,58.221736907958984,224000,0.0,0.0
2015-06-16,58.178257929044356,59.8037397999933,58.178257929044356,59.65596389770508,142700,0.0,0.0
2015-06-17,59.968895255364075,60.17751773291058,59.27350689221022,59.57773971557617,143900,0.0,0.0
2015-06-18,59.88198114881952,60.79468638192498,59.37782003659404,60.46437072753906,165100,0.0,0.0
2015-06-19,60.54259744587342,60.75121329276137,60.168823794652646,60.20359420776367,384500,0.0,0.0
2015-06-22,60.420899179396194,60.90767165801283,60.07320170962246,60.76859664916992,134900,0.0,0.0
2015-06-23,60.707748559615126,61.1336811459789,60.34266916997034,61.06414031982422,148400,0.0,0.0
2015-06-24,61.02937902285226,61.30753573724172,60.59475874213252,60.65560531616211,197100,0.0,0.0
2015-06-25,60.785990022144716,60.98591826036311,60.412216332085116,60.681678771972656,174000,0.0,0.0
2015-06-26,60.78598612705912,60.829450803123706,60.15143766811985,60.525211334228516,824300,0.0,0.0
2015-06-29,60.1688305153672,60.60345078013376,59.09966174605873,59.18658447265625,185800,0.0,0.0
2015-06-30,59.595118833995,59.760276629758884,59.14311675055944,59.40388488769531,215500,0.0,0.0
2015-07-01,59.87328254096291,59.87328254096291,59.030124836678,59.25612258911133,261500,0.0,0.0
2015-07-02,59.53426531887624,59.53426531887624,58.68241355256835,58.847564697265625,102700,0.0,0.0
2015-07-06,58.378182234717784,58.96925927730924,58.01309626541855,58.63895034790039,148100,0.0,0.0
2015-07-07,58.65635579392456,58.8302012528784,57.55241657105227,58.69981384277344,137200,0.0,0.0
2015-07-08,58.10873299513629,58.6389702936085,57.76972969044482,58.126121520996094,253700,0.0,0.0
2015-07-09,58.71720329737109,58.71720329737109,58.14350133653784,58.299964904785156,150200,0.0,0.0
2015-07-10,59.03011870830735,59.47342653713474,58.63895654949865,59.090965270996094,173900,0.0,0.0
2015-07-13,59.35175339433793,60.11668944771023,59.15183174895576,59.93414306640625,122400,0.0,0.0
2015-07-14,59.96890716919033,60.73384314193851,59.73421512504772,60.58606719970703,118000,0.0,0.0
2015-07-15,60.47307127363256,60.60345869645015,59.57775447234747,59.69944763183594,127300,0.0,0.0
2015-07-16,59.90805261385061,60.290520549287464,59.621201662272966,59.69074249267578,99400,0.0,0.0
2015-07-17,59.64727776684446,59.79504704106591,59.16049864032403,59.40388488769531,104900,0.0,0.0
2015-07-20,59.12573312347002,59.50820104773025,58.96926957552524,59.47343063354492,111200,0.0,0.0
2015-07-21,59.62121443556624,60.28183920236847,58.55205212412395,58.7432861328125,189500,0.0,0.0
2015-07-22,58.73457123243035,59.66465815825796,58.62157237235365,59.65596389770508,125500,0.0,0.0
2015-07-23,59.621203971415525,59.73420948314147,58.54334758554075,58.725887298583984,129900,0.0,0.0
2015-07-24,57.85664925736981,59.3952087545463,56.830945136511865,56.94395065307617,219900,0.0,0.0
2015-07-27,56.48325381256355,57.222106953126676,55.98778696472435,57.17864227294922,240700,0.0,0.0
2015-07-28,57.282950098013025,58.17826674914098,56.58755504746655,58.160884857177734,224100,0.0,0.0
2015-07-29,57.926204820248465,59.09967854226517,57.83928206894738,58.8215217590332,136900,0.0,0.0
2015-07-30,58.52595595751204,58.917111472997114,57.85663715591416,58.78672409057617,148300,0.0,0.0
2015-07-31,58.99535125068381,60.003666715984984,58.66503563802344,59.44735336303711,168300,0.0,0.0
2015-08-03,59.32566453763294,59.86459603882175,58.75196262038884,59.28219985961914,118700,0.0,0.0
2015-08-04,59.42128309224654,59.8993680359022,58.94319814859089,59.27351379394531,112300,0.0,0.0
2015-08-05,59.5178795049025,60.43421319860822,59.42188238810881,59.797142028808594,96700,0.27,0.0
2015-08-06,59.91057746306992,59.936757275901904,59.13387861106017,59.67494583129883,122500,0.0,0.0
2015-08-07,59.25606238032058,59.85821811969977,58.697537448006386,59.02915954589844,114300,0.0,0.0
2015-08-10,59.33460484250036,59.90185862830462,59.33460484250036,59.753501892089844,125800,0.0,0.0
2015-08-11,59.2822449410343,59.7535016228959,58.819717084246804,59.3520622253418,139700,0.0,0.0
2015-08-12,58.924421744563475,59.334589865506565,58.19136041549661,59.002967834472656,187600,0.0,0.0
2015-08-13,59.02916764388113,59.360789787267144,58.523002273863035,58.55791091918945,159800,0.0,0.0
2015-08-14,58.435725237097365,59.58768372775522,58.365907956901786,59.53532409667969,159500,0.0,0.0
2015-08-17,59.24731946913289,60.00656723948459,58.749883111493034,59.85820388793945,156100,0.0,0.0
2015-08-18,59.9105647143069,60.07637237967337,59.430579387387695,59.6574821472168,150800,0.0,0.0
2015-08-19,59.14260010358379,59.317143284046885,58.62771270203609,59.090240478515625,192900,0.0,0.0
2015-08-20,58.64515514838183,58.80224065884577,57.71137090788524,57.7899169921875,178500,0.0,0.0
2015-08-21,56.14924939980081,57.650287370055494,53.84533615159617,57.09176254272461,323700,0.0,0.0
2015-08-24,54.072241502766296,57.49320810724663,53.34790557877591,55.861270904541016,332700,0.0,0.0
2015-08-25,57.55430167595965,57.55430167595965,54.028612173749984,54.168243408203125,205600,0.0,0.0
2015-08-26,55.171841648114395,55.89618091901587,54.26423701797437,55.72163772583008,203200,0.0,0.0
2015-08-27,56.28016252611875,57.10049888725567,55.90490298412442,57.03068161010742,150000,0.0,0.0
2015-08-28,56.77760197806148,57.423401838638,56.70779135536168,57.03941345214844,139100,0.0,0.0
2015-08-31,56.94341985816001,57.2750419753451,56.48962082105711,56.85615158081055,112600,0.0,0.0
2015-09-01,55.86127556113901,56.28016593310249,54.569682488276364,54.70058822631836,210000,0.0,0.0
2015-09-02,55.267844011577715,55.267844011577715,54.53477917562876,55.119483947753906,246300,0.0,0.0
2015-09-03,55.3289168150194,55.77399022241344,55.067105403418964,55.15437698364258,232800,0.0,0.0
2015-09-04,54.46495241200319,54.77039465337294,54.17696448857897,54.325321197509766,183200,0.0,0.0
2015-09-08,55.02347530700472,55.18056083383961,54.744212887980616,55.05838394165039,241500,0.0,0.0
2015-09-09,55.16310128953814,55.56454056271309,54.89256771934517,55.00601577758789,381400,0.0,0.0
2015-09-10,54.85766484378749,55.381281052513685,54.52603946942321,54.70930480957031,119700,0.0,0.0
2015-09-11,54.33405805629417,55.294025769657274,54.33405805629417,55.259117126464844,123900,0.0,0.0
2015-09-14,55.372553456273415,55.372553456273415,54.69184841588514,54.72675704956055,256300,0.0,0.0
2015-09-15,54.96239294617896,55.47728371246254,54.595862229030146,55.38128662109375,227100,0.0,0.0
2015-09-16,55.44237377723154,56.34124955889579,55.424919458384444,56.23653030395508,166300,0.0,0.0
2015-09-17,56.24525596465186,56.987052909997665,55.86127424244027,56.05326843261719,229600,0.0,0.0
2015-09-18,55.459831285424926,55.93981342957422,54.944940501573946,55.02348327636719,567800,0.0,0.0
2015-09-21,55.30274302719738,56.114353879690164,55.11947767134624,55.82636260986328,147400,0.0,0.0
2015-09-22,55.32019565777421,55.59945809504431,54.36895694048827,54.71803665161133,181800,0.0,0.0
2015-09-23,54.953668832282645,55.13693419546321,54.22060405048929,54.28169250488281,152100,0.0,0.0
2015-09-24,53.854076337945976,54.25551575097636,53.4526369249156,54.07225036621094,231300,0.0,0.0
2015-09-25,54.56096138799018,54.81404405975469,53.91516479953445,54.07225036621094,197300,0.0,0.0
2015-09-28,53.83660707085008,53.88024452764625,52.43156951529013,52.510108947753906,248200,0.0,0.0
2015-09-29,52.492665369333345,52.77192782108025,51.785780415746565,52.387939453125,328900,0.0,0.0
2015-09-30,52.89410258370768,53.77552403710766,52.89410258370768,53.49626159667969,385200,0.0,0.0
2015-10-01,53.61843110524786,53.61843110524786,52.09121338826384,52.58864974975586,278200,0.0,0.0
2015-10-02,52.056312468685555,53.74061584472656,51.960315385739584,53.74061584472656,182100,0.0,0.0
2015-10-05,54.17695468015076,55.006012993506864,54.098411928151,54.8751106262207,126200,0.0,0.0
2015-10-06,54.8402177438861,55.22420279221742,54.342781281406694,54.46495819091797,296600,0.0,0.0
2015-10-07,54.60459121796931,55.76527855468188,54.49113980008607,55.69546127319336,274900,0.0,0.0
2015-10-08,55.503464403350634,57.04814005566671,55.355107680943945,57.02195358276367,257400,0.0,0.0
2015-10-09,57.24013099887023,57.816113590548625,56.97832617749664,57.49321365356445,150900,0.0,0.0
2015-10-12,57.4321151946233,57.83355451066845,57.144130607077464,57.73756408691406,115300,0.0,0.0
2015-10-13,57.40593548780606,58.08663722748101,57.257578782111025,57.3623046875,161000,0.0,0.0
2015-10-14,57.49319754314496,57.807368567272036,56.978310211355975,57.06557846069336,119500,0.0,0.0
2015-10-15,57.32740097628195,57.920834508174075,56.41979635937976,57.75502014160156,133100,0.0,0.0
2015-10-16,57.97319388909673,58.2088188727786,57.38848918376527,58.069190979003906,139600,0.0,0.0
2015-10-19,57.676474478125215,58.226277210128046,57.41466967739518,57.99937438964844,129400,0.0,0.0
2015-10-20,57.86848235757898,58.47064486063022,57.711396776702294,57.79867172241211,160600,0.0,0.0
2015-10-21,58.05172857773741,58.07791504768408,56.69905392204577,56.70778274536133,205700,0.0,0.0
2015-10-22,57.09177086088756,57.69393323295743,55.922361413951876,57.02195358276367,183100,0.0,0.0
2015-10-23,57.60665596280744,57.81610110630929,56.402331406854415,56.568145751953125,189800,0.0,0.0
2015-10-26,56.332525513669,56.49833321450726,55.82636027120317,55.96598815917969,130200,0.0,0.0
2015-10-27,55.68672584014588,55.68672584014588,54.918752526174444,55.590728759765625,268600,0.0,0.0
2015-10-28,55.66054915594391,57.37976132089944,55.61691502227454,57.24885559082031,183700,0.0,0.0
2015-10-29,57.117936790494646,57.36229720452518,56.323787083852025,56.829952239990234,94100,0.0,0.0
2015-10-30,56.64669679241785,57.37102936410669,56.63796796871799,56.96086120605469,137600,0.0,0.0
2015-11-02,56.917222160526734,57.61537481814431,56.629230943415905,57.467018127441406,95400,0.0,0.0
2015-11-03,57.22267839384885,58.139011888174615,56.576885196232574,57.728843688964844,206400,0.0,0.0
2015-11-04,57.81647333879875,58.088115725425645,57.220607659588545,57.807708740234375,160500,0.27,0.0
2015-11-05,57.728833821673014,57.93914404949316,57.2030716229808,57.73759841918945,132700,0.0,0.0
2015-11-06,57.33451537361834,58.114397437660955,56.74741434750613,58.05305862426758,146900,0.0,0.0
2015-11-09,57.93036471553002,57.93036471553002,56.30926222967967,56.72111129760742,116800,0.0,0.0
2015-11-10,56.49329594128923,56.782467505581884,55.87113985097572,56.537105560302734,142300,0.0,0.0
2015-11-11,56.589686611386355,56.70359964363601,56.160308220091885,56.405670166015625,113400,0.0,0.0
2015-11-12,56.19535675395409,56.475763705177606,55.18764531759287,55.29279708862305,118000,0.0,0.0
2015-11-13,55.11755134756836,55.809804204692966,54.723227984196804,55.23146438598633,134600,0.0,0.0
2015-11-16,55.35413151267221,56.48452382546908,55.12630213637981,56.431949615478516,134900,0.0,0.0
2015-11-17,56.09020995348035,56.65978846996027,55.84485135700311,56.3706169128418,115500,0.0,0.0
2015-11-18,56.3706191442378,56.97524270482095,55.85361816569098,56.89638137817383,190100,0.0,0.0
2015-11-19,56.93143532536914,57.299468235063216,56.5896895255918,56.88761901855469,95900,0.0,0.0
2015-11-20,57.22936408504593,57.29946750087888,56.519585384668986,56.7036018371582,137100,0.0,0.0
2015-11-23,56.55463182816521,57.606156226058914,56.3355636881516,56.87009048461914,80900,0.0,0.0
2015-11-24,56.70360109956748,57.60616083902984,56.440723321757936,57.308231353759766,106900,0.0,0.0
2015-11-25,57.23813910857834,58.026785966766724,56.88762865100228,57.94791793823242,100900,0.0,0.0
2015-11-27,57.825222173249436,58.3685135466352,57.649970342056,58.254600524902344,46800,0.0,0.0
2015-11-30,58.28088824461535,58.797885831879064,58.018003809628745,58.57005310058594,178600,0.0,0.0
2015-12-01,58.832947569113024,59.122119159828664,58.45615004693417,58.710269927978516,139600,0.0,0.0
2015-12-02,58.71026387913599,58.71026387913599,57.77265246967741,57.90409469604492,75800,0.0,0.0
2015-12-03,58.17573464052612,58.23707345222141,56.71236107191791,56.948951721191406,115600,0.0,0.0
2015-12-04,56.97522760210202,58.1406714801068,56.97522760210202,58.0705680847168,175200,0.0,0.0
2015-12-07,57.94790196158053,58.04429247797416,57.26441043473774,57.73759841918945,163400,0.0,0.0
2015-12-08,57.115445587666045,57.115445587666045,56.01134029286291,56.16030502319336,184000,0.0,0.0
2015-12-09,56.15155024846844,56.79999010558275,55.61702342348398,55.9237174987793,179700,0.0,0.0
2015-12-10,55.871137681539075,56.12526087221056,55.17888489059777,55.397953033447266,145000,0.0,0.0
2015-12-11,54.45157281877834,55.23145481186029,53.95209775932778,54.2237434387207,148200,0.0,0.0
2015-12-14,54.144885937952175,54.74951284177074,53.846953113741264,54.477867126464844,233600,0.0,0.0
2015-12-15,54.88094787943772,55.32784538582965,54.36394696819998,54.758270263671875,202700,0.0,0.0
2015-12-16,55.012386368334276,55.459287214344464,54.15363972120827,55.26650619506836,450000,0.0,0.0
2015-12-17,55.29280060232045,55.573207571363014,54.34642791748047,54.34642791748047,169600,0.0,0.0
2015-12-18,54.03096658580806,54.162408808523594,53.07582934985697,53.48767852783203,424400,0.0,0.0
2015-12-21,53.76808204392856,54.197453704268234,53.189742317858745,54.15364074707031,150700,0.0,0.0
2015-12-22,54.42529816923649,55.205180340803906,53.84695831842239,55.07373809814453,91600,0.0,0.0
2015-12-23,55.32785038497943,55.9850548225762,55.100020984073645,55.836090087890625,108300,0.0,0.0
2015-12-24,55.897430390243905,56.22165366151578,55.380429418521274,55.9237174987793,57700,0.0,0.0
2015-12-28,55.72216529494637,56.212879070902375,55.31031617329198,56.01133346557617,120800,0.0,0.0
2015-12-29,56.265460250396075,56.475763792782665,55.73969805171505,56.33556365966797,92600,0.0,0.0
2015-12-30,56.361860772016385,56.69484199702431,56.063927915151574,56.22166061401367,154400,0.0,0.0
2015-12-31,55.897428864967026,56.2216521273918,55.012391684325365,55.04744338989258,161500,0.0,0.0
2016-01-04,54.21498418200737,54.35518766263327,52.3572872280355,53.18974685668945,223000,0.0,0.0
2016-01-05,53.189746500649406,53.662934498112406,52.80418442447305,53.0845947265625,100700,0.0,0.0
2016-01-06,52.374810788921806,53.04954105450469,52.322233232470005,52.716556549072266,159300,0.0,0.0
2016-01-07,51.68254973489447,52.3485186821514,51.603685079106526,51.89285659790039,165900,0.0,0.0
2016-01-08,52.111939287985564,52.926873178120694,51.55988654308739,51.73514175415039,288300,0.0,0.0
2016-01-11,51.86656757871495,51.86656757871495,50.87638206987936,51.44595718383789,107200,0.0,0.0
2016-01-12,51.80523534229131,51.80523534229131,50.7624721483222,51.43720245361328,143600,0.0,0.0
2016-01-13,51.43720013820233,51.81399760786742,49.141366958140125,49.28157043457031,263900,0.0,0.0
2016-01-14,49.47434771637875,51.8139971794352,49.12384069955879,50.911434173583984,260600,0.0,0.0
2016-01-15,49.509397539880695,50.15784067756904,47.345003338822615,49.623313903808594,247200,0.0,0.0
2016-01-19,50.04392384768995,50.04392384768995,47.49397096370618,48.729515075683594,292300,0.0,0.0
2016-01-20,47.98467627804179,49.991340923332494,47.958389175094034,49.53567886352539,375500,0.0,0.0
2016-01-21,49.60578226167141,50.47329008608735,49.03620385123403,49.53567886352539,212100,0.0,0.0
2016-01-22,50.2805153773746,51.55111113026828,50.09649561779893,51.489768981933594,265100,0.0,0.0
2016-01-25,51.20061047755346,51.27071055034313,49.5707428369369,49.640846252441406,211600,0.0,0.0
2016-01-26,49.973827398799244,50.67484818229558,49.7810496917811,50.20166015625,236900,0.0,0.0
2016-01-27,49.97381857604269,50.28051595035436,49.40424346840256,49.7109375,219400,0.0,0.0
2016-01-28,50.210414135547396,50.77999260391862,49.675887369814404,50.61349868774414,192400,0.0,0.0
2016-01-29,50.79752118201651,52.35728526328764,50.62226600213206,52.28718185424805,372700,0.0,0.0
2016-02-01,51.840279704657824,52.24336424259654,51.07792358417124,51.261940002441406,203900,0.0,0.0
2016-02-02,50.61349911890064,50.97277071721726,50.12278864864246,50.35938262939453,179700,0.0,0.0
2016-02-03,50.88514214585119,51.11297486033098,49.67588519938131,50.59597396850586,247900,0.0,0.0
2016-02-04,50.70163515291134,51.590827135334486,50.20861578776979,50.516754150390625,178900,0.27,0.0
2016-02-05,49.63635286854815,49.63635286854815,46.387713993104306,47.4705924987793,453500,0.0,0.0
2016-02-08,47.47058973852357,48.85280403784565,46.871928100553916,48.174903869628906,379600,0.0,0.0
2016-02-09,47.62906123119793,48.993667374320665,47.62025881563516,48.403804779052734,258900,0.0,0.0
2016-02-10,48.60629583848939,49.64515555364943,48.368590307893214,48.39500427246094,188100,0.0,0.0
2016-02-11,47.549835990401775,48.11328809826524,47.03921182062545,47.66428756713867,278500,0.0,0.0
2016-02-12,48.20131435637536,48.764762973148564,47.972414615218256,48.68552780151367,191100,0.0,0.0
2016-02-16,49.32822104783729,49.6803781800505,48.78238051548419,49.521907806396484,132200,0.0,0.0
2016-02-17,49.786022277196835,50.006119637713546,48.82639765100719,49.35463333129883,264200,0.0,0.0
2016-02-18,49.354628764584916,50.014920785039166,48.76476614660129,49.57472610473633,171800,0.0,0.0
2016-02-19,49.5219014835613,50.19099591923489,49.425058116646426,50.0061149597168,129700,0.0,0.0
2016-02-22,50.455109733129696,50.72802825452305,49.85644476725874,49.91807174682617,131300,0.0,0.0
2016-02-23,49.68037624580556,49.777219621314686,49.16094634314507,49.17855453491211,117100,0.0,0.0
2016-02-24,48.59749987348168,50.05014049761426,48.59749987348168,49.95330047607422,145200,0.0,0.0
2016-02-25,50.094153069914626,50.46391496798173,49.733193587241104,50.375877380371094,124800,0.0,0.0
2016-02-26,50.56955655760711,50.736832662002925,50.09414892208755,50.710418701171875,284600,0.0,0.0
2016-02-29,50.71924513636162,51.69647812475732,50.55196896382051,50.604793548583984,235800,0.0,0.0
2016-03-01,51.018571965108265,51.99580484301967,50.38469045329127,51.61723709106445,210400,0.0,0.0
2016-03-02,51.414732888211404,51.66124080037635,50.965732495718484,51.4587516784668,207000,0.0,0.0
2016-03-03,51.423535667827444,51.62602479117398,51.23865473239171,51.55559539794922,252900,0.0,0.0
2016-03-04,51.60842638985504,51.828523742849804,51.177037458699985,51.74048614501953,254100,0.0,0.0
2016-03-07,51.441149677160816,52.33034143756319,51.32669812199774,52.25110626220703,188200,0.0,0.0
2016-03-08,51.82851820502036,52.339145621449305,51.485166908382354,51.57320785522461,218200,0.0,0.0
2016-03-09,51.76690002749603,52.532837924014245,51.74048941816001,52.48881912231445,232200,0.0,0.0
2016-03-10,52.76173885242601,53.14910899291707,52.5680521029709,53.06987380981445,273100,0.0,0.0
2016-03-11,53.47485474165477,54.81304370197207,53.47485474165477,54.725006103515625,227100,0.0,0.0
2016-03-14,54.53131825068309,55.11237512059902,54.1175375162281,54.84825897216797,260500,0.0,0.0
2016-03-15,54.63696475030925,55.56137290425135,54.57533776394103,55.05955123901367,275600,0.0,0.0
2016-03-16,54.777819693751724,55.7550522893943,54.777819693751724,55.58777618408203,200700,0.0,0.0
2016-03-17,55.56137110523239,56.96118691463061,55.47333015725784,56.917171478271484,205900,0.0,0.0
2016-03-18,57.23412656898788,57.88561295575978,56.908380017182324,57.56867218017578,722700,0.0,0.0
2016-03-21,57.29574414981675,57.42780390407353,55.746256914669296,56.045589447021484,246700,0.0,0.0
2016-03-22,55.79909234628696,56.09842493688781,55.36769997573115,55.77267837524414,198000,0.0,0.0
2016-03-23,55.6494069277743,55.6494069277743,54.821842193603516,54.821842193603516,196400,0.0,0.0
2016-03-24,54.56653977059633,55.27965646108295,54.25840479481656,54.90108871459961,133500,0.0,0.0
2016-03-28,55.06835576563476,55.411707090966445,54.32002612624104,54.90988540649414,141300,0.0,0.0
2016-03-29,54.839472022439686,56.292112927713454,54.170374008725965,56.221683502197266,210200,0.0,0.0
2016-03-30,56.635455166773845,56.635455166773845,56.02798429435171,56.265689849853516,125100,0.0,0.0
2016-03-31,56.18644753639678,56.846739542880684,55.790271660822675,55.8695068359375,121700,0.0,0.0
2016-04-01,55.42051312444091,56.20405914917415,55.13878878652376,56.18645095825195,178000,0.0,0.0
2016-04-04,56.13363277717934,56.30090893077773,55.28845966719171,55.70224380493164,148900,0.0,0.0
2016-04-05,55.26204506148127,56.10721811036161,55.2004180699016,55.86071014404297,175100,0.0,0.0
2016-04-06,55.843102232102886,56.81152926899333,55.26204533828478,56.72349166870117,198300,0.0,0.0
2016-04-07,56.36253278934332,56.63545810157463,56.23928215520879,56.565025329589844,215700,0.0,0.0
2016-04-08,56.97879956267167,57.30453932200051,56.42414997577094,56.8115234375,116600,0.0,0.0
2016-04-11,56.97880248245879,57.60387814429226,56.55621261920509,56.776309967041016,115600,0.0,0.0
2016-04-12,56.82033131479663,57.674310086942086,56.714682171277076,57.39258575439453,169900,0.0,0.0
2016-04-13,57.78875638079819,58.27297320990042,57.28693472010938,58.14971923828125,194300,0.0,0.0
2016-04-14,58.184942178900656,58.56350995435714,57.339769016289736,57.56867218017578,220900,0.0,0.0
2016-04-15,57.524651188526256,58.37863014476679,57.27814318401133,58.36983108520508,176900,0.0,0.0
2016-04-18,58.13212067607186,58.60753183716471,57.832791454368504,58.41384506225586,143300,0.0,0.0
2016-04-19,58.889231723883185,58.950858697821275,58.07046951765638,58.83641052246094,130200,0.0,0.0
2016-04-20,57.938411421430374,59.47029347398218,56.996395240920194,59.08292007446289,139400,0.0,0.0
2016-04-21,59.54953967359429,60.25385389446253,59.250210495670125,59.46150207519531,192500,0.0,0.0
2016-04-22,59.417490539957704,60.04256633222825,59.31184808972795,59.699214935302734,212500,0.0,0.0
2016-04-25,59.329428891323346,59.80483987528531,59.012488235348705,59.11813735961914,149700,0.0,0.0
2016-04-26,59.54071828172691,60.28905446393213,59.135740061843066,59.7960319519043,198400,0.0,0.0
2016-04-27,60.50917288843583,60.50917288843583,59.43509663087689,59.848880767822266,112600,0.0,0.0
2016-04-28,59.760829437024604,59.95451617771926,59.17097015715489,59.39106750488281,149800,0.0,0.0
2016-04-29,59.19737861290328,59.47030388161741,58.325795028289456,59.20618438720703,136600,0.0,0.0
2016-05-02,59.18858343205693,59.919301543020985,58.783598389612685,59.87528610229492,149100,0.0,0.0
2016-05-03,59.25021281206924,59.61997476990379,58.66034677437492,58.801212310791016,142700,0.0,0.0
2016-05-04,58.44762312881958,59.08407068374872,58.00564172605988,58.385746002197266,144000,0.27,0.0
2016-05-05,58.67745976878145,58.75701994335097,58.147083333359745,58.1912841796875,109400,0.0,0.0
2016-05-06,58.18242666044866,58.83655719276839,57.75812158234101,58.75700378417969,82800,0.0,0.0
2016-05-09,58.44763420021141,58.99568692722321,58.00565271372975,58.1470832824707,138400,0.0,0.0
2016-05-10,58.52717655845083,59.37578004266473,58.21779092526363,59.34926223754883,109200,0.0,0.0
2016-05-11,59.40229870825457,59.60561312392327,58.801203721883255,58.827728271484375,83100,0.0,0.0
2016-05-12,59.29623908670755,59.48187050562495,58.55370666693555,58.83657455444336,131700,0.0,0.0
2016-05-13,58.6155765156174,58.72165448927662,57.7846559929757,57.979122161865234,138000,0.0,0.0
2016-05-16,58.29734322176606,59.490698381886766,58.29734322176606,59.24318313598633,117100,0.0,0.0
2016-05-17,59.26085934639212,59.26085934639212,57.873038197551594,58.28850173950195,166900,0.0,0.0
2016-05-18,58.04099960172026,59.03987511919796,57.784649585213415,58.12939453125,164100,0.0,0.0
2016-05-19,57.68740326890828,58.889592988294694,57.68740326890828,58.81887435913086,208000,0.0,0.0
2016-05-20,59.17247179601001,59.800084572659145,59.0310345113055,59.53489303588867,262100,0.0,0.0
2016-05-23,59.5614090033407,59.65864544755018,59.039874206308724,59.084068298339844,119900,0.0,0.0
2016-05-24,59.49071205021464,60.25975553691241,58.65978467974794,59.9415283203125,193900,0.0,0.0
2016-05-25,59.9945706858141,60.586824271779655,59.67634346921419,59.9415283203125,135000,0.0,0.0
2016-05-26,59.9415068737318,60.29509329278831,59.56140265346355,59.720516204833984,76600,0.0,0.0
2016-05-27,59.879625671853766,60.61331626113395,59.80007227364484,60.48072052001953,99200,0.0,0.0
2016-05-31,60.6840517486757,60.98459588420842,60.197869477547584,60.30394744873047,133700,0.0,0.0
2016-06-01,59.92385017009097,60.684058859055455,59.808937412587866,60.53378677368164,100900,0.0,0.0
2016-06-02,60.45421728210117,61.1613902423137,60.27742741409862,61.13487243652344,100200,0.0,0.0
2016-06-03,61.17906754988404,61.17906754988404,60.560296257473645,61.152549743652344,100500,0.0,0.0
2016-06-06,61.17907010524532,62.23982960752832,60.95807938528239,62.001155853271484,107100,0.0,0.0
2016-06-07,62.009994225131244,62.68180786809108,61.83319761166749,62.34589767456055,83800,0.0,0.0
2016-06-08,62.345913717846855,62.9470088700992,61.612222757401526,62.832096099853516,112700,0.0,0.0
2016-06-09,62.57573412724913,63.123793549858505,62.44313834421925,63.07075119018555,131400,0.0,0.0
2016-06-10,62.79670558794045,63.061890328552686,62.41660139003994,62.96466064453125,167700,0.0,0.0
2016-06-13,62.62877779857001,63.061917784352865,62.14260219039407,62.25751495361328,160100,0.0,0.0
2016-06-14,62.080711798369215,62.39009743646111,61.5326524222485,62.284019470214844,137200,0.0,0.0
2016-06-15,62.60224164105991,62.84975013182916,62.0453475368291,62.17793655395508,125900,0.0,0.0
2016-06-16,61.71829270763155,62.57573784552594,61.39122398927017,62.496177673339844,145700,0.0,0.0
2016-06-17,62.549206288593346,62.88510970684621,61.576848609145095,62.319374084472656,350800,0.0,0.0
2016-06-20,62.97351747391626,63.62765490024908,62.92932337371668,63.00887680053711,109800,0.0,0.0
2016-06-21,62.91162643878816,63.45084424844402,62.53152219172092,63.21217727661133,115500,0.0,0.0
2016-06-22,63.247549787883834,63.42433967470218,63.00003450459551,63.09727096557617,164100,0.0,0.0
2016-06-23,63.64532411931524,64.11382334280401,63.3978156045741,63.830955505371094,267200,0.0,0.0
2016-06-24,61.25862784647544,62.41661701513033,59.72936915746215,61.72712707519531,1011600,0.0,0.0
2016-06-27,61.196753952802474,61.196753952802474,59.579100242591934,59.8973274230957,333700,0.0,0.0
2016-06-28,60.3304622100243,61.24094283172015,59.78240283606418,61.1790657043457,259900,0.0,0.0
2016-06-29,61.93928618680248,61.93928618680248,61.01112235344874,61.37355041503906,194100,0.0,0.0
2016-06-30,61.585690865484835,62.83208173581754,61.143709435284826,62.796722412109375,393900,0.0,0.0
2016-07-01,62.840899806163044,63.64530903249152,62.160251551969395,62.584556579589844,221500,0.0,0.0
2016-07-05,62.44312871297752,62.44312871297752,61.347016780924974,61.559165954589844,227300,0.0,0.0
2016-07-06,61.38238184696955,61.57685475107685,60.675208876415944,61.09951400756836,241200,0.0,0.0
2016-07-07,61.064157192228684,61.4442614992925,60.70172917530901,60.896202087402344,182600,0.0,0.0
2016-07-08,61.12603165438651,61.67408429824054,61.01995368584964,61.48845291137695,458600,0.0,0.0
2016-07-11,61.65641226168472,61.65641226168472,60.98459856948132,61.205589294433594,372900,0.0,0.0
2016-07-12,61.50612292628516,62.19561271558226,61.39120346533576,61.656394958496094,304000,0.0,0.0
2016-07-13,61.83319333632217,62.001148421474475,61.311658536892416,61.62104415893555,385300,0.0,0.0
2016-07-14,61.621048419612194,62.75251976937536,61.621048419612194,62.34589767456055,152600,0.0,0.0
2016-07-15,62.699489125178886,62.73484845067322,62.31938480624199,62.45198059082031,135300,0.0,0.0
2016-07-18,62.522685574275826,62.8055533722935,62.36357201638461,62.7613525390625,135600,0.0,0.0
2016-07-19,62.59339230435102,62.85858379366918,62.27516521480911,62.55803298950195,92900,0.0,0.0
2016-07-20,62.628759005357836,63.17681833400453,62.16910134630938,62.9293098449707,131100,0.0,0.0
2016-07-21,63.079591096808784,63.123791938057344,62.045356154966875,62.230987548828125,124200,0.0,0.0
2016-07-22,63.3801262965635,67.08393236661031,62.80555590598296,66.81874084472656,953700,0.0,0.0
2016-07-25,66.04088025820226,66.47402027486041,65.49282072603062,66.06739807128906,296300,0.0,0.0
2016-07-26,66.04087925017717,66.45634296647029,65.47514343261719,65.47514343261719,186500,0.0,0.0
2016-07-27,65.65191566935118,65.8994309239786,64.89171384877797,65.73147583007812,176700,0.0,0.0
2016-07-28,65.55468614654646,66.1380981023996,65.52816159682943,65.8287124633789,157500,0.0,0.0
2016-07-29,65.70495901674072,65.77567766198788,65.08618098697971,65.26297760009766,188000,0.0,0.0
2016-08-01,65.34251806725595,65.50163161547573,64.75910621985003,65.0066146850586,178100,0.0,0.0
2016-08-02,65.07735003521289,65.07735003521289,64.24642276502627,64.25526428222656,89800,0.0,0.0
2016-08-03,64.23750884765474,65.05378494257064,63.78500517295913,65.02716827392578,122200,0.27,0.0
2016-08-04,64.64564929164786,65.40869207756147,64.06892996239995,65.24898529052734,111500,0.0,0.0
2016-08-05,65.5329018726681,66.07413000440515,65.41756072479974,65.74584197998047,134000,0.0,0.0
2016-08-08,65.6393791518937,65.90555260929852,65.32883329772153,65.72810363769531,144800,0.0,0.0
2016-08-09,65.65711243210004,66.31368166103287,65.39980671971908,66.0475082397461,190500,0.0,0.0
2016-08-10,66.14511941388037,66.47340070438453,65.71923238418577,66.10075378417969,114000,0.0,0.0
2016-08-11,66.39355449109365,66.79281810425509,65.54178715223621,66.11849975585938,121900,0.0,0.0
2016-08-12,65.88781498069149,66.02977281395172,65.52403576370587,65.66600036621094,84200,0.0,0.0
2016-08-15,65.68374702623072,66.0386517873974,65.45305791608557,65.52404022216797,137900,0.0,0.0
2016-08-16,65.47080644771317,65.47080644771317,64.61903908804824,64.6279067993164,113100,0.0,0.0
2016-08-17,64.79650261492608,64.79650261492608,64.1665497420983,64.36174774169922,137800,0.0,0.0
2016-08-18,64.36174160812283,64.7255141251466,64.17541810878195,64.35286712646484,170400,0.0,0.0
2016-08-19,64.17540040924361,65.60388694612735,63.98020248208022,65.30221557617188,304800,0.0,0.0
2016-08-22,65.29335784494133,65.4885558221737,64.92071085345009,65.17801666259766,133100,0.0,0.0
2016-08-23,65.44416717400495,66.02975406999494,65.23122033069686,65.32881927490234,134000,0.0,0.0
2016-08-24,65.15139839900145,65.18688955483717,64.7432602607596,64.87635040283203,124100,0.0,0.0
2016-08-25,64.84085196710026,65.59502032851,64.69001964866733,65.57727813720703,119600,0.0,0.0
2016-08-26,65.65713234124406,66.04752826726948,64.35286119679144,64.84972381591797,202400,0.0,0.0
2016-08-29,65.01828947783856,65.63937437170806,64.796474894866,65.51515197753906,108800,0.0,0.0
2016-08-30,65.39093752772371,66.24271149857978,65.39093752772371,66.0208969116211,215500,0.0,0.0
2016-08-31,65.98541205975803,66.26933448737881,64.80535671995358,64.97393798828125,187400,0.0,0.0
2016-09-01,65.14250085375264,65.8611846587924,64.6811295297306,65.85231018066406,209700,0.0,0.0
2016-09-02,66.28706991483087,66.63310012665214,65.9765308489969,66.60648345947266,166900,0.0,0.0
2016-09-06,66.64197380723768,66.68633943150138,66.32256026642175,66.57099151611328,185700,0.0,0.0
2016-09-07,66.3048204942522,66.87266530545055,66.18947257466108,66.79280853271484,236400,0.0,0.0
2016-09-08,66.74846570371739,66.96140586673692,66.59762660105139,66.71297454833984,161500,0.0,0.0
2016-09-09,66.15397604554754,66.31368280878115,65.50628128355375,65.53289794921875,233000,0.0,0.0
2016-09-12,65.25785165744942,66.98800266086025,65.25785165744942,66.77506256103516,231100,0.0,0.0
2016-09-13,65.69262486362223,66.43791880783519,65.69262486362223,66.17174530029297,256700,0.0,0.0
2016-09-14,66.24272998029896,66.65973583396097,65.95880073130137,66.39356231689453,215800,0.0,0.0
2016-09-15,66.59761966589097,66.8194342869676,66.10075708083771,66.55326080322266,125700,0.0,0.0
2016-09-16,66.54437175914849,66.94363528200596,66.1628504236263,66.50888061523438,322800,0.0,0.0
2016-09-19,66.79281684248332,67.28081171090206,66.43791209901921,66.63311004638672,118800,0.0,0.0
2016-09-20,66.73070348043866,66.87266807373712,66.14511645619346,66.23384094238281,112800,0.0,0.0
2016-09-21,66.57988284466909,66.95252981351484,66.012037910453,66.75733184814453,197100,0.0,0.0
2016-09-22,67.18319525633355,67.39613533930759,66.85490726943104,66.9170150756836,281600,0.0,0.0
2016-09-23,66.7839537142824,66.88155270455601,66.31370772618924,66.34032440185547,132600,0.0,0.0
2016-09-26,65.99429188742606,66.7041014714283,65.8966929003946,66.39356231689453,95800,0.0,0.0
2016-09-27,66.36692454918551,66.87266151704743,66.1096188259935,66.77506256103516,72900,0.0,0.0
2016-09-28,66.89929065096149,67.3695365616153,66.4467869314147,67.33404541015625,116000,0.0,0.0
2016-09-29,67.26306352912088,67.49375263042919,66.54438632299099,66.55326080322266,95400,0.0,0.0
2016-09-30,67.12998052008454,67.56473528426129,66.44678769284747,67.25419616699219,184000,0.0,0.0
2016-10-03,67.12996633100876,67.12996633100876,66.50000698010057,66.65971374511719,152700,0.0,0.0
2016-10-04,66.66859566318168,66.8371769254125,66.15398416634133,66.23384094238281,120300,0.0,0.0
2016-10-05,66.57988502718143,67.12111330554242,66.06527342328971,66.4734115600586,98400,0.0,0.0
2016-10-06,66.20721688527311,66.89927727726395,66.17172574090901,66.65971374511719,134000,0.0,0.0
2016-10-07,66.61536678594722,66.78394129022156,65.30222128698446,65.9765396118164,289600,0.0,0.0
2016-10-10,66.40240548814751,67.05898147992984,65.79020188667936,66.20721435546875,126000,0.0,0.0
2016-10-11,66.12737060198387,66.2072273817745,64.69888396876374,64.92957305908203,210400,0.0,0.0
2016-10-12,65.08041222526327,65.14252005197864,64.61904076526993,64.89408874511719,133200,0.0,0.0
2016-10-13,64.41496653144038,64.60129000640246,63.89148725929627,64.31736755371094,131400,0.0,0.0
2016-10-14,64.58354470032435,64.79648483726335,63.909226369231824,64.1399154663086,112200,0.0,0.0
2016-10-17,64.06003874527634,64.31734443322762,63.79386534926119,64.00680541992188,98900,0.0,0.0
2016-10-18,64.4149688192357,64.73438243601377,63.64305821972658,64.34398651123047,142300,0.0,0.0
2016-10-19,64.57467022025547,64.58354470032435,64.08668212438508,64.1399154663086,162800,0.0,0.0
2016-10-20,64.71663053298788,64.71663053298788,62.91549704539707,63.32363510131836,161500,0.0,0.0
2016-10-21,61.41602388258599,65.39093748767459,60.786071268318416,64.88520050048828,460500,0.0,0.0
2016-10-24,65.6127482932826,66.4822644019859,65.38206601013657,66.03863525390625,325900,0.0,0.0
2016-10-25,65.87893571337634,65.94991800947068,65.3554565104804,65.45304870605469,385200,0.0,0.0
2016-10-26,65.24899449811004,65.65713261829266,65.02717986088608,65.31997680664062,156700,0.0,0.0
2016-10-27,65.48855291769651,65.52404407282343,64.86747462608983,65.50630187988281,192500,0.0,0.0
2016-10-28,65.71924891129197,66.10964488925191,65.1957695492515,65.35547637939453,115200,0.0,0.0
2016-10-31,65.5506420682137,66.5443738208664,65.04490509794488,66.109619140625,235700,0.0,0.0
2016-11-01,66.25160101063034,66.42905680014177,64.71664735452217,65.00943756103516,265500,0.0,0.0
2016-11-02,64.8585796015496,65.79907799140294,64.81422074862553,65.33769989013672,166000,0.0,0.0
2016-11-03,65.34661582049634,65.9524197690243,65.23080285862122,65.72078704833984,147500,0.3,0.0
2016-11-04,65.85441382589732,66.3622195173666,65.49805740451302,65.67623901367188,214200,0.0,0.0
2016-11-07,66.16625011089509,66.67405600931362,65.94352810637932,66.58496856689453,169600,0.0,0.0
2016-11-08,66.38894999744177,66.77203198945976,66.29095860128267,66.60276794433594,225600,0.0,0.0
2016-11-09,66.29987920883242,67.11059050098378,65.15063294461476,66.74532318115234,283800,0.0,0.0
2016-11-10,67.29767611491336,67.29767611491336,65.51590022666127,65.5515365600586,286300,0.0,0.0
2016-11-11,65.61390203662658,67.13731968885685,65.40899480760726,66.98587036132812,345200,0.0,0.0
2016-11-14,67.43128918467315,68.54489876007369,67.37783130313917,68.51817321777344,202100,0.0,0.0
2016-11-15,68.57164312390233,68.88345253121318,66.8789547452981,67.074951171875,311700,0.0,0.0
2016-11-16,67.07493933895873,67.45802134234134,66.54040804973356,67.35111236572266,202300,0.0,0.0
2016-11-17,67.49365618883037,67.56492204141367,66.95912491131888,67.20857238769531,137300,0.0,0.0
2016-11-18,67.15512278788393,68.0103742968125,66.72750043188704,67.84111022949219,280400,0.0,0.0
2016-11-21,68.24200009502233,68.48254359311602,67.7698306763851,68.4736328125,157300,0.0,0.0
2016-11-22,68.74088994610486,69.38232330371302,68.53598280904143,69.27542114257812,120400,0.0,0.0
2016-11-23,69.26652584309025,69.51597333739508,68.78544561967331,69.30216217041016,110200,0.0,0.0
2016-11-25,69.28433041779991,69.70304870605469,68.99034265528637,69.70304870605469,71800,0.0,0.0
2016-11-28,69.71197147031577,70.255413580804,69.21307646931726,69.40907287597656,143600,0.0,0.0
2016-11-29,69.67631877769757,70.08612626040255,69.3288731554709,69.9524917602539,102300,0.0,0.0
2016-11-30,70.53158797939325,70.53158797939325,69.48925084793852,69.56942749023438,145100,0.0,0.0
2016-12-01,69.71196558163989,69.88123642708065,68.67853254179906,69.00816345214844,160600,0.0,0.0
2016-12-02,68.98144199415712,69.16852761481168,68.42018513219344,68.74980926513672,122700,0.0,0.0
2016-12-05,69.15963117335492,69.50707694045795,68.89236885854883,69.25762939453125,127400,0.0,0.0
2016-12-06,69.34669979335952,70.29104543838938,68.56272101351917,70.27322387695312,200600,0.0,0.0
2016-12-07,70.2999384694948,71.87680641175963,70.21084427867679,71.7698974609375,128100,0.0,0.0
2016-12-08,71.90354344831296,73.76550222384894,71.65409598677135,73.7476806640625,149300,0.0,0.0
2016-12-09,74.19313630933848,74.28222373164806,73.30224849237345,74.04168701171875,162900,0.0,0.0
2016-12-12,73.77440600566942,74.05058580613769,72.97261253773841,73.15078735351562,194800,0.0,0.0
2016-12-13,73.30223662661962,73.79222756540726,72.40243817399754,73.15078735351562,150100,0.0,0.0
2016-12-14,73.31114631155322,73.34678263356312,70.78993260405323,70.79884338378906,195500,0.0,0.0
2016-12-15,70.70975297926259,71.38682267794393,70.44248397398674,71.14628601074219,217700,0.0,0.0
2016-12-16,70.77214013066525,71.67193205629763,70.1217889437948,70.16633605957031,452800,0.0,0.0
2016-12-19,69.91689143376577,70.57614663368061,69.86343353322314,70.3890609741211,144600,0.0,0.0
2016-12-20,70.37122380158264,70.5583094196509,69.93469069275675,70.38013458251953,166500,0.0,0.0
2016-12-21,70.38014704293383,70.78995467843762,70.0148797261313,70.13961029052734,136000,0.0,0.0
2016-12-22,70.06833354360771,70.13069542370609,69.39125684758592,69.84561157226562,105500,0.0,0.0
2016-12-23,69.89015153728747,69.89015153728747,69.44470759684093,69.83670043945312,157300,0.0,0.0
2016-12-27,69.95249947198353,70.79884686827296,69.95249947198353,70.50485229492188,117400,0.0,0.0
2016-12-28,70.73649150508524,70.99484977842836,69.58724544653182,69.81887817382812,87600,0.0,0.0
2016-12-29,69.899060148484,70.26432743083545,69.78324717446118,70.22869110107422,64500,0.0,0.0
2016-12-30,70.38013743784005,70.38013743784005,69.65852048216735,70.00596618652344,92100,0.0,0.0
2017-01-03,70.52268008051738,70.63849304527258,68.95471568116983,69.23979949951172,190600,0.0,0.0
2017-01-04,69.48924614121466,70.59394507416417,69.48924614121466,70.29995727539062,205500,0.0,0.0
2017-01-05,70.18412559004231,70.18412559004231,68.4736229915411,68.88343048095703,272500,0.0,0.0
2017-01-06,68.93688700916978,69.31106500466035,68.45580684091075,68.72307586669922,101500,0.0,0.0
2017-01-09,68.30437425618418,68.70527789283439,68.001475630077,68.25092315673828,133900,0.0,0.0
2017-01-10,68.25983138578013,69.46252865687462,67.80547666667863,69.18635559082031,161300,0.0,0.0
2017-01-11,69.14179067455517,69.80104562873625,69.11506513271358,69.58723449707031,232900,0.0,0.0
2017-01-12,69.48923433420951,69.56050697504702,68.3132629481233,68.88343048095703,95300,0.0,0.0
2017-01-13,69.40015638853289,69.84560025906656,69.26652186798597,69.60505676269531,105100,0.0,0.0
2017-01-17,69.3288742907917,69.53378143396624,68.73198121687719,68.88343048095703,92800,0.0,0.0
2017-01-18,69.15963117335492,69.53380928918084,68.89236885854883,69.25762939453125,92200,0.0,0.0
2017-01-19,69.27543187911385,69.27543187911385,68.0103661351791,68.35781860351562,94100,0.0,0.0
2017-01-20,68.19745206164606,68.90124732111376,67.89454672741607,68.49143981933594,186000,0.0,0.0
2017-01-23,68.63398510531083,69.31106161982491,68.03709201339097,68.49143981933594,70800,0.0,0.0
2017-01-24,68.7854499058508,69.78324674217956,68.69636248046703,69.62288665771484,144200,0.0,0.0
2017-01-25,70.30886766440666,70.30886766440666,69.23089417887613,69.63179779052734,131400,0.0,0.0
2017-01-26,69.81888964080241,69.81888964080241,68.87454381146583,68.999267578125,110100,0.0,0.0
2017-01-27,69.1329013374334,69.34671253541566,68.23310263372719,68.93690490722656,72100,0.0,0.0
2017-01-30,68.77654318518161,68.79436474947157,67.6718440919387,68.21528625488281,138900,0.0,0.0
2017-01-31,67.89456062589497,68.5805480604421,67.297667411787,68.37564086914062,182700,0.0,0.0
2017-02-01,68.58054543849312,68.99035300849371,67.72528717413118,68.16182708740234,155500,0.0,0.0
2017-02-02,68.26872410108963,68.56271868238426,67.60055830556583,67.77873992919922,137000,0.0,0.0
2017-02-03,68.39590096566545,69.0667120668213,67.76086727543246,68.88782501220703,126800,0.3,0.0
2017-02-06,68.60160453560795,68.9414864877532,68.23489805820806,68.47638702392578,84900,0.0,0.0
2017-02-07,68.60159837966059,68.8967568409294,67.65352106947321,68.0023422241211,104300,0.0,0.0
2017-02-08,67.75191355167367,68.4853333330087,67.45675506283523,67.93079376220703,98100,0.0,0.0
2017-02-09,68.02023528438129,69.0040900117934,67.90395701531921,68.86992645263672,109100,0.0,0.0
2017-02-10,70.43515350315865,73.75343102711305,69.77328857456668,70.19366455078125,545200,0.0,0.0
2017-02-13,70.8287050621839,70.94497652117329,70.08633919426588,70.23838806152344,173700,0.0,0.0
2017-02-14,69.8269581463616,70.51565449039146,69.42447424481523,70.28311157226562,170500,0.0,0.0
2017-02-15,69.82693778181367,70.8555157927069,69.46917062708894,70.58718872070312,147000,0.0,0.0
2017-02-16,70.64088494349537,71.33852740592177,70.51566059172116,70.8018798828125,211800,0.0,0.0
2017-02-17,70.65875728729641,71.07018720707023,70.56931718714422,71.06124114990234,168000,0.0,0.0
2017-02-21,71.39217318483855,71.55316808598569,70.65875348491087,71.2311782836914,136300,0.0,0.0
2017-02-22,71.07019864829708,71.58896086607173,70.9807585337464,71.27591705322266,133900,0.0,0.0
2017-02-23,71.66944648756261,71.76783264914275,70.82870132111763,71.32062530517578,113200,0.0,0.0
2017-02-24,70.89130740373531,71.84833081079138,70.70348114521128,71.81255340576172,153500,0.0,0.0
2017-02-27,71.74100638038446,71.86622389965461,70.99864049910929,71.56212615966797,152500,0.0,0.0
2017-02-28,71.34744842382652,71.74993908127362,71.16856823641118,71.49950408935547,231500,0.0,0.0
2017-03-01,72.48335073161812,73.04682940096129,72.0987522298579,72.54595947265625,203100,0.0,0.0
2017-03-02,72.01826189884588,72.23292631991474,71.49056055069603,71.59789276123047,85600,0.0,0.0
2017-03-03,71.07914183943272,71.7588989655132,70.98970172849022,71.63367462158203,119500,0.0,0.0
2017-03-06,71.05230060306765,72.14348754674184,71.05230060306765,71.3295669555664,74400,0.0,0.0
2017-03-07,71.26696998169542,71.26696998169542,70.4441100213751,70.61404418945312,95200,0.0,0.0
2017-03-08,70.89130096645077,70.9986263479518,70.32781541820374,70.33676147460938,122000,0.0,0.0
2017-03-09,70.25627572209198,70.70348306131895,70.10422004063456,70.20260620117188,92700,0.0,0.0
2017-03-10,70.67663525868049,70.87340755294335,70.32781412752054,70.60508728027344,113000,0.0,0.0
2017-03-13,70.60510469888622,71.25802366491858,70.60510469888622,71.20436096191406,70500,0.0,0.0
2017-03-14,70.7034644696509,71.55315546121658,70.47091480372656,70.82868194580078,74300,0.0,0.0
2017-03-15,71.18644498376109,72.6264528383418,71.04334221576846,72.34024047851562,173800,0.0,0.0
2017-03-16,72.36707113663431,72.66222269744681,71.53526548596585,72.42967987060547,99200,0.0,0.0
2017-03-17,72.37601841753992,73.23465550343742,72.00931202744665,73.091552734375,370600,0.0,0.0
2017-03-20,73.01105375550688,73.04683115465059,72.17030875907345,72.98422241210938,98600,0.0,0.0
2017-03-21,73.09156214948626,73.09156214948626,71.77677159664884,71.82149505615234,113300,0.0,0.0
2017-03-22,71.8125445372129,72.05403346153741,71.18645026227725,71.44583129882812,101500,0.0,0.0
2017-03-23,71.32060357928074,72.15240925862587,70.58718403154506,71.89302825927734,61800,0.0,0.0
2017-03-24,72.080870547439,72.70696487224447,71.3295655462828,71.5084457397461,95400,0.0,0.0
2017-03-27,70.61402565774931,71.41900011369628,69.4423447864407,71.24011993408203,107000,0.0,0.0
2017-03-28,70.83762552658716,71.15961529184045,70.55141316012212,70.77501678466797,183900,0.0,0.0
2017-03-29,70.73032674695891,71.02548528005376,70.22944979944664,70.90026092529297,110700,0.0,0.0
2017-03-30,71.07913847853601,71.37429697214876,70.74820257746933,71.05230712890625,107100,0.0,0.0
2017-03-31,71.10596926468753,71.60683931738774,70.80187153950315,70.89131164550781,192600,0.0,0.0
2017-04-03,70.88236569322372,71.597900190011,70.17577725420303,70.59615325927734,210200,0.0,0.0
2017-04-04,71.1059776438318,71.14175505521823,70.25628630089574,70.8018798828125,161200,0.0,0.0
2017-04-05,71.222225474204,71.31167238490423,70.24731692691066,70.30097961425781,108000,0.0,0.0
2017-04-06,70.34571690574725,70.97180446074532,69.97006437274841,70.8644790649414,102900,0.0,0.0
2017-04-07,70.68558179439678,71.2580065685853,70.6498043930298,71.01651763916016,86600,0.0,0.0
2017-04-10,71.05231073844246,71.57106611327076,70.78398358082815,71.47268676757812,129900,0.0,0.0
2017-04-11,71.25801064214068,72.16137131273436,71.01652169891051,72.14348602294922,128900,0.0,0.0
2017-04-12,72.02720795568425,72.0987627627072,71.26695689663079,71.59789276123047,106400,0.0,0.0
2017-04-13,71.46373791012743,72.29554387753902,70.49776836916377,70.66770935058594,108900,0.0,0.0
2017-04-17,71.20435441674648,71.53529031048859,70.6140374425864,71.48162078857422,108800,0.0,0.0
2017-04-18,71.42796079580738,71.88411421822202,70.90919861532349,71.37429809570312,173700,0.0,0.0
2017-04-19,71.81255035845736,72.02720795568425,71.11490804958848,71.59789276123047,87600,0.0,0.0
2017-04-20,71.82150098228698,72.59963738065538,71.65156001076173,72.50125122070312,109500,0.0,0.0
2017-04-21,72.34025555617565,73.26150839197598,71.71416802101264,72.93057250976562,149900,0.0,0.0
2017-04-24,74.21853598389363,74.21853598389363,72.62647206065223,73.42250061035156,109700,0.0,0.0
2017-04-25,74.13803016133028,75.19343972653323,73.69976889132634,74.4779052734375,165600,0.0,0.0
2017-04-26,72.93950412410919,75.62274758436325,72.60856830742844,74.54944610595703,208000,0.0,0.0
2017-04-27,74.67466557847276,75.17554234461508,74.16484958039017,74.53156280517578,124900,0.0,0.0
2017-04-28,74.5405011506309,74.5405011506309,72.94844443252931,73.1631088256836,140000,0.0,0.0
2017-05-01,73.3330620480856,73.771330180423,72.27765239019057,72.9484634399414,166000,0.0,0.0
2017-05-02,73.10944601117203,73.28833302185055,71.91987980340798,72.00037384033203,146400,0.0,0.0
2017-05-03,71.66942918874469,72.68906114097385,71.49054902387113,71.67837524414062,176200,0.0,0.0
2017-05-04,71.8304452928643,72.40287017822266,71.11491759808779,72.40287017822266,122300,0.0,0.0
2017-05-05,72.483387373111,72.91270272187214,72.36711588778913,72.7248764038086,179000,0.0,0.0
2017-05-08,72.554931640625,72.93058422205071,71.91095188741323,72.554931640625,83200,0.0,0.0
2017-05-09,72.59963133848908,72.59963133848908,71.55316789573598,71.77677154541016,137600,0.0,0.0
2017-05-10,71.69597269914962,72.48600849396783,71.624149395226,72.32440948486328,76200,0.3,0.0
2017-05-11,72.16281333581937,72.1807725872357,71.31891345433542,71.82166290283203,131600,0.0,0.0
2017-05-12,71.63314012525659,72.13588963176451,71.4535818376121,71.65109252929688,98600,0.0,0.0
2017-05-15,71.78573479347041,72.26155210521493,71.40867279353466,72.0011978149414,145900,0.0,0.0
2017-05-16,71.9473474134351,72.52192014592964,71.83063968164463,72.32440948486328,80700,0.0,0.0
2017-05-17,72.32441117856477,72.47703741533853,71.30993267231348,72.04610443115234,143500,0.0,0.0
2017-05-18,71.88450756844314,72.56681529321041,71.58824156104382,71.6690444946289,112600,0.0,0.0
2017-05-19,71.67801602493901,72.189751946704,71.52539663570077,71.84859466552734,127100,0.0,0.0
2017-05-22,72.01918039458023,72.27055514264293,70.90594643196762,71.98326873779297,159200,0.0,0.0
2017-05-23,72.22566376229081,72.36931038924695,71.54336283259364,72.01918029785156,78400,0.0,0.0
2017-05-24,72.17179843902903,72.89899063928748,71.58824601376512,72.19873046875,95800,0.0,0.0
2017-05-25,72.42316579434346,72.52192112621152,71.74086494618803,72.17179107666016,70500,0.0,0.0
2017-05-26,72.1717979601389,72.56681932528683,71.72291253590645,72.37828826904297,85300,0.0,0.0
2017-05-30,72.17179242937978,72.17179242937978,71.48051194279398,71.87552642822266,80700,0.0,0.0
2017-05-31,72.13588004562212,72.3154383094051,71.47153159324364,72.08201599121094,108200,0.0,0.0
2017-06-01,72.14485908312132,73.6172025869036,71.83961346190202,73.60822296142578,180400,0.0,0.0
2017-06-02,73.81471600097356,75.12546054222874,73.24911601540312,74.65862274169922,172000,0.0,0.0
2017-06-05,74.6137406043916,74.6137406043916,72.82717841788981,72.88104248046875,100500,0.0,0.0
2017-06-06,72.5757892896713,73.14138928593248,72.30646215523775,72.9259262084961,97500,0.0,0.0
2017-06-07,72.97980004302897,73.41970588282067,72.31545146974888,72.50398254394531,97500,0.0,0.0
2017-06-08,72.56680840670566,73.07853743935674,71.96530367260557,72.89897918701172,98100,0.0,0.0
2017-06-09,73.1952544564637,74.1828009966393,72.41419822033151,74.1379165649414,181300,0.0,0.0
2017-06-12,74.20076539509108,74.51498383656042,72.89899349550629,73.17730712890625,164800,0.0,0.0
2017-06-13,73.3658262587719,74.02119506587256,73.03364861785762,74.01222229003906,121500,0.0,0.0
2017-06-14,74.08405545594519,74.30849819246271,73.09650878515785,73.63516998291016,97400,0.0,0.0
2017-06-15,72.88103964021676,73.61721148104932,72.71944060932921,73.42868041992188,81400,0.0,0.0
2017-06-16,72.93488819594715,73.64412785576722,72.2256485361271,73.49150848388672,362000,0.0,0.0
2017-06-19,73.85959108061806,73.9583464037091,72.88102432382996,73.41968536376953,108600,0.0,0.0
2017-06-20,72.99776600275749,73.28505248099036,72.63866304205384,72.78230285644531,105800,0.0,0.0
2017-06-21,72.89898401840365,72.89898401840365,71.84859385799672,72.01019287109375,114000,0.0,0.0
2017-06-22,72.09100876441937,72.71944567865296,71.68700773431321,72.42317962646484,160700,0.0,0.0
2017-06-23,72.72841052481078,73.02466966733972,71.91143585289711,72.28849792480469,222400,0.0,0.0
2017-06-26,72.3693092942698,72.53988794883726,71.81268889740889,72.20771026611328,90700,0.0,0.0
2017-06-27,72.07303673714605,72.89001143031285,71.84859404334605,71.93836975097656,74300,0.0,0.0
2017-06-28,72.58477121374406,72.8002342980022,72.00121879649069,72.35134887695312,112500,0.0,0.0
2017-06-29,72.6476113773479,72.76432596480997,71.09447173149256,71.6690444946289,127500,0.0,0.0
2017-06-30,71.75883178477052,72.74637845268725,71.67802883814575,72.29749298095703,142300,0.0,0.0
2017-07-03,72.46807606902918,73.13242468983688,72.28851775972363,72.95287322998047,79500,0.0,0.0
2017-07-05,72.83614385405588,73.11445746470827,72.29748273421396,72.77330017089844,113100,0.0,0.0
2017-07-06,72.43215298025022,72.77330343993707,72.01917920817202,72.20771026611328,99400,0.0,0.0
2017-07-07,72.42317601993155,73.29401487875248,72.05509351690985,73.17730712890625,91000,0.0,0.0
2017-07-10,72.9528580655291,73.56334249137048,72.79125904546969,72.91694641113281,113800,0.0,0.0
2017-07-11,72.87206102796456,73.91347854139057,72.87206102796456,73.19525909423828,98000,0.0,0.0
2017-07-12,73.60820464033523,74.37130822927587,73.60820464033523,74.25460052490234,110400,0.0,0.0
2017-07-13,74.24564000853226,74.24564000853226,73.1683178233055,73.51844787597656,91600,0.0,0.0
2017-07-14,73.50948210188777,74.35338897731697,73.50948210188777,73.81472778320312,84300,0.0,0.0
2017-07-17,73.70697908814806,74.22768778031826,73.25809370168011,73.52742767333984,162100,0.0,0.0
2017-07-18,73.34786224365234,73.76084278637208,72.92591577512871,73.34786224365234,139100,0.0,0.0
2017-07-19,73.38378106193534,73.72493833929732,73.0785422868719,73.52742767333984,116200,0.0,0.0
2017-07-20,73.53640161901768,74.20972964671226,72.53987559007396,73.06057739257812,146800,0.0,0.0
2017-07-21,74.29053630326923,76.29256827118087,65.82455708862874,68.23058319091797,705000,0.0,0.0
2017-07-24,68.21262439912996,68.29342047865883,67.26098274929085,68.051025390625,228100,0.0,0.0
2017-07-25,68.65253604207055,68.76924378344863,67.87147295899253,68.2844467163086,314700,0.0,0.0
2017-07-26,68.1138636319089,68.1138636319089,67.34178030284268,67.55724334716797,195500,0.0,0.0
2017-07-27,67.64704298160454,67.6829546432738,66.56972052932322,67.40464782714844,234700,0.0,0.0
2017-07-28,67.20711553366009,67.45849023518375,66.6594748555777,67.06346893310547,276300,0.0,0.0
2017-07-31,67.35974456084315,67.35974456084315,66.43504169798555,66.75823974609375,331100,0.0,0.0
2017-08-01,66.88393482953262,67.18020088271233,66.40811732867054,66.80313873291016,318800,0.0,0.0
2017-08-02,66.93833114474992,67.06452728311197,66.45157166370754,66.8211441040039,191700,0.3,0.0
2017-08-03,66.72198493366047,66.88423808408827,66.24424145661564,66.523681640625,146500,0.0,0.0
2017-08-04,66.62285069686384,67.4611507931675,66.3884834577261,67.14566040039062,155300,0.0,0.0
2017-08-07,67.21778962860641,67.91186864939475,67.10060942117303,67.29891967773438,145600,0.0,0.0
2017-08-08,67.20877850461795,68.20032985903975,66.80314886121036,67.6775131225586,180800,0.0,0.0
2017-08-09,67.32594315965834,67.53326246308728,66.75805359553874,66.97439575195312,174300,0.0,0.0
2017-08-10,66.79411085074777,67.16369021134264,66.28031026255643,66.4696044921875,150400,0.0,0.0
2017-08-11,66.07298254224344,66.93833042912064,66.07298254224344,66.77607727050781,151900,0.0,0.0
2017-08-14,67.13666825619138,67.9299024265223,66.45159831802856,67.50624084472656,125800,0.0,0.0
2017-08-15,67.45214251899796,67.86678802274271,66.80312977324971,66.99242401123047,90500,0.0,0.0
2017-08-16,67.04650414436752,67.25383032873569,66.64989060475504,66.98340606689453,101100,0.0,0.0
2017-08-17,66.84820424343826,67.0284825091335,65.60426082774603,65.63130187988281,153500,0.0,0.0
2017-08-18,65.23469357199015,65.8115923212713,64.9282122430233,65.46004486083984,208600,0.0,0.0
2017-08-21,65.42397191358725,65.7214371930262,64.96425347056105,65.26171875,85100,0.0,0.0
2017-08-22,65.43300362294924,65.57723176361142,65.13554511789198,65.37892150878906,143600,0.0,0.0
2017-08-23,65.09045207949102,65.48707246711501,65.00932893320837,65.23468017578125,106700,0.0,0.0
2017-08-24,65.39693875337281,65.4239798043698,64.65778689169822,64.7569351196289,85900,0.0,0.0
2017-08-25,64.97327125153565,65.14453351767926,64.74792001124356,65.03636932373047,108900,0.0,0.0
2017-08-28,65.16259499990245,65.73949388632768,64.56766415486427,65.10851287841797,216500,0.0,0.0
2017-08-29,64.74793305437936,65.0363824249729,64.69384406933493,64.94624328613281,101400,0.0,0.0
2017-08-30,64.8831304609978,64.99129465216284,64.45946903980433,64.91017150878906,96200,0.0,0.0
2017-08-31,65.01833737328961,65.2166475650945,64.66678998860789,65.03636932373047,160000,0.0,0.0
2017-09-01,65.2707499600173,65.82060077238849,64.92821160295021,65.69440460205078,142900,0.0,0.0
2017-09-05,65.76651651351341,65.8025735434558,64.58567801089542,65.17159271240234,111400,0.0,0.0
2017-09-06,65.27075175218914,65.27075175218914,64.18906142036829,64.80201721191406,137900,0.0,0.0
2017-09-07,64.8741161556332,65.18059054138688,64.31524260392617,65.03636932373047,130100,0.0,0.0
2017-09-08,64.92820884659108,65.55018057197668,64.41440820997802,65.40595245361328,126600,0.0,0.0
2017-09-11,65.73946345870199,66.24424803138933,65.04538467125688,66.0098876953125,460200,0.0,0.0
2017-09-12,66.15412232165967,66.93834726506095,66.15412232165967,66.66792297363281,112800,0.0,0.0
2017-09-13,66.6048276549215,67.28088153438856,65.82060267895645,66.95637512207031,194200,0.0,0.0
2017-09-14,67.03747956200247,67.84873840580117,66.78508043323221,67.83972930908203,153300,0.0,0.0
2017-09-15,67.83973757723932,67.83973757723932,67.04649683020047,67.45213317871094,547900,0.0,0.0
2017-09-18,67.6684731004148,67.9479064498243,67.17269759935822,67.5152359008789,206800,0.0,0.0
2017-09-19,67.46114380514211,68.06509035409724,67.06453029980966,67.92987823486328,336700,0.0,0.0
2017-09-20,68.04707397966217,68.46171953029757,67.92087780673731,68.2453842163086,155000,0.0,0.0
2017-09-21,68.27241313354912,68.84931178641004,68.1462169830592,68.41664123535156,135000,0.0,0.0
2017-09-22,68.8403160299783,69.49833795975454,68.5969327803098,69.22792053222656,129300,0.0,0.0
2017-09-25,69.32707100657318,69.3360801061974,68.60594416046938,69.1648178100586,130800,0.0,0.0
2017-09-26,69.3450929626603,69.45326404786107,68.90340639981342,68.99354553222656,109600,0.0,0.0
2017-09-27,69.37212124545142,69.5524063542679,68.50677335465349,69.39916229248047,300300,0.0,0.0
2017-09-28,69.48931546977313,69.65156866195375,68.93044871228717,69.39016723632812,174000,0.0,0.0
2017-09-29,69.27296912820643,69.73268757895316,69.18283000851612,69.33606719970703,181300,0.0,0.0
2017-10-02,69.40818357069172,70.27353152761087,69.13775932539076,70.24649047851562,202700,0.0,0.0
2017-10-03,70.38171044135093,70.62508678749336,70.14734319446099,70.32762145996094,219500,0.0,0.0
2017-10-04,70.4628373305379,70.72424564338378,70.27354307858232,70.69720458984375,134500,0.0,0.0
2017-10-05,70.78733295568468,71.03071615486013,70.44480153434158,70.52592468261719,186700,0.0,0.0
2017-10-06,70.46283619661781,70.75128555836189,70.24650089460359,70.53495025634766,116300,0.0,0.0
2017-10-09,70.60704925194669,70.74226136579858,70.22846083490043,70.61605834960938,73400,0.0,0.0
2017-10-10,70.96761837429096,71.25606769797787,70.73325114967838,70.99465942382812,130200,0.0,0.0
2017-10-11,70.94058597490795,71.51748474855215,70.41777618935129,71.31016540527344,106000,0.0,0.0
2017-10-12,71.28310929954888,71.5715586254696,70.87747292182718,71.39127349853516,80600,0.0,0.0
2017-10-13,71.49945055221391,71.49945055221391,70.62508652571259,70.83241271972656,203900,0.0,0.0
2017-10-16,70.94059539367215,71.44538704551378,70.35468744186906,70.85045623779297,195800,0.0,0.0
2017-10-17,70.75128056940594,71.3101541771408,69.78677743935002,70.15635681152344,195500,0.0,0.0
2017-10-18,70.30958509436056,71.11183493821204,69.85888262580697,70.93155670166016,258200,0.0,0.0
2017-10-19,70.57100925454267,70.81438561644991,69.90397137637522,70.5439682006836,216200,0.0,0.0
2017-10-20,72.56308600569271,72.9957633332976,70.14732087973304,71.38224792480469,304500,0.0,0.0
2017-10-23,71.51746890915643,71.51746890915643,69.45325752520701,69.74170684814453,174200,0.0,0.0
2017-10-24,69.6876178720364,70.03916526945481,69.41720050019302,69.74170684814453,202000,0.0,0.0
2017-10-25,69.73269290237037,70.09325628583112,69.04762316151242,69.59748077392578,184300,0.0,0.0
2017-10-26,69.76874744148235,70.25550696022732,69.5884623175911,70.21043395996094,190300,0.0,0.0
2017-10-27,70.48988356645981,70.60707064331596,69.91298479127465,70.29158020019531,355300,0.0,0.0
2017-10-30,70.06620024131291,70.41774757373253,68.08310549525115,68.19127655029297,277300,0.0,0.0
2017-10-31,68.76819228162356,68.82227438407851,68.14622059469234,68.5518569946289,232200,0.0,0.0
2017-11-01,69.08368576083397,69.15579981877876,68.10115751074287,68.33551788330078,288300,0.0,0.0
2017-11-02,68.18226673840282,68.47071603407663,67.93889043902983,68.14620971679688,140100,0.0,0.0
2017-11-03,68.01042183860207,68.0919006548971,67.68449275877016,67.8384017944336,134200,0.33,0.0
2017-11-06,67.79312985396675,68.164329540472,67.37666646173636,67.4490966796875,212400,0.0,0.0
2017-11-07,67.26802596678385,67.68448934616553,66.58900823592397,67.394775390625,274800,0.0,0.0
2017-11-08,67.05979317695319,67.96515018320737,66.72480859800187,67.81124114990234,219500,0.0,0.0
2017-11-09,67.54870062992244,67.83841465499307,67.21371598233283,67.5939712524414,176600,0.0,0.0
2017-11-10,67.41288202274545,67.99230995558834,67.20465377889688,67.46720123291016,147800,0.0,0.0
2017-11-13,67.24086574743666,68.29108325162329,67.06885260317078,68.26392364501953,377100,0.0,0.0
2017-11-14,67.89273969243267,68.47216779221276,67.89273969243267,68.27299499511719,224100,0.0,0.0
2017-11-15,67.8022019980313,67.82031301062675,67.05980935014884,67.29520416259766,219100,0.0,0.0
2017-11-16,67.46720832033563,68.35446132107793,67.46720832033563,68.16433715820312,196400,0.0,0.0
2017-11-17,67.91987905433757,68.58984820715403,67.91987905433757,68.34539794921875,189000,0.0,0.0
2017-11-20,68.39971305431756,68.70753106903432,67.476245195518,68.61699676513672,115800,0.0,0.0
2017-11-21,69.00631129225995,69.44087878193507,68.34539764641667,69.4137191772461,186500,0.0,0.0
2017-11-22,69.64005856890331,69.71248878643961,68.66227135414054,68.68943786621094,142700,0.0,0.0
2017-11-24,68.87052017758695,69.0153806414229,68.38162647313132,68.65323638916016,57700,0.0,0.0
2017-11-27,68.71660117418512,69.43183406941797,68.62606685104859,68.77997589111328,204000,0.0,0.0
2017-11-28,68.92483578540488,69.54953441513351,68.37256738379804,69.47710418701172,163700,0.0,0.0
2017-11-29,69.47710523576886,70.60880166477949,69.10591239886334,70.21044921875,164400,0.0,0.0
2017-11-30,69.91167093787851,70.93472189479152,69.25981277132914,70.19232940673828,214900,0.0,0.0
2017-12-01,70.16517233397197,70.17422783864704,68.4993186547207,69.88451385498047,148400,0.0,0.0
2017-12-04,70.53638730750525,70.83514995316601,69.81209873795639,69.8935775756836,184300,0.0,0.0
2017-12-05,69.85735803987721,70.02031568891607,69.25076352559515,69.25981903076172,129000,0.0,0.0
2017-12-06,69.02441152621977,69.37750018204802,68.68943387738672,68.95198822021484,132900,0.0,0.0
2017-12-07,69.53143310546875,69.58575232507923,68.55364570851833,69.53143310546875,254800,0.0,0.0
2017-12-08,69.66723343612442,69.73060816352118,68.27298943339572,68.32730865478516,174900,0.0,0.0
2017-12-11,68.15526816106036,68.34539228629808,67.63015948717035,67.85649871826172,178900,0.0,0.0
2017-12-12,68.01043726108026,68.01043726108026,67.51248802416173,67.66639709472656,221500,0.0,0.0
2017-12-13,67.72070646091375,68.01946902177846,67.48531170652195,67.6211166381836,138600,0.0,0.0
2017-12-14,67.74787694710884,67.90178600429346,66.8244087893474,66.98737335205078,135300,0.0,0.0
2017-12-15,67.53963113769653,68.74375761114486,67.5124715327403,68.5355224609375,606300,0.0,0.0
2017-12-18,67.08694832465724,68.16432530086215,66.36266691217122,67.89271545410156,455700,0.0,0.0
2017-12-19,67.96514056268016,68.11000097869209,67.18653309492811,67.41287231445312,341700,0.0,0.0
2017-12-20,67.41289116636844,68.001374683167,67.08696204652082,67.13223266601562,218500,0.0,0.0
2017-12-21,67.26802220953499,67.41287572555171,66.53467840418578,66.58900451660156,125100,0.0,0.0
2017-12-22,66.5980541542692,67.11410733267752,66.25402100443875,66.61616516113281,254500,0.0,0.0
2017-12-26,66.54374027438499,67.0507379899408,66.51658066924104,66.742919921875,195800,0.0,0.0
2017-12-27,66.6342782882446,67.24086586117525,66.6342782882446,66.83345794677734,152600,0.0,0.0
2017-12-28,66.79724745964776,66.82440706817763,66.16350023619493,66.57996368408203,131800,0.0,0.0
2017-12-29,66.58901953789861,66.96926787396053,66.14538957183295,66.22687530517578,191000,0.0,0.0
2018-01-02,66.34455175238017,67.09599962836643,65.98240761514253,67.06884002685547,192800,0.0,0.0
2018-01-03,67.14128713505589,67.3404598987092,66.81535802023897,67.10507202148438,159900,0.0,0.0
2018-01-04,69.12399712664238,69.12399712664238,67.02356941945392,67.06884002685547,102300,0.0,0.0
2018-01-05,67.22275373043031,67.75691101694719,67.0507336990925,67.35855865478516,78900,0.0,0.0
2018-01-08,66.94210396350967,67.18654733317648,66.08201060264776,66.67049407958984,232200,0.0,0.0
2018-01-09,66.67046832255186,66.68857932505696,65.70173690823647,65.71984100341797,143900,0.0,0.0
2018-01-10,65.54783588871877,66.12726370746765,65.12231707334783,66.08199310302734,193700,0.0,0.0
2018-01-11,66.03676606970998,66.4713337213826,65.35774807005926,66.407958984375,221800,0.0,0.0
2018-01-12,66.48036334193608,66.48036334193608,65.13138337529533,65.26718139648438,338200,0.0,0.0
2018-01-16,65.493518096531,66.22686191908257,64.86882650135972,65.19475555419922,577700,0.0,0.0
2018-01-17,65.05893589153133,66.26306201353614,64.33464773657349,66.10914611816406,654000,0.0,0.0
2018-01-18,66.0639003940111,66.10916409892971,65.32150794155466,65.62027740478516,273800,0.0,0.0
2018-01-19,65.56595304524807,66.82439873730684,65.56595304524807,66.742919921875,238400,0.0,0.0
2018-01-22,66.60712225576498,67.0054815942066,66.26308904086412,66.55280303955078,262700,0.0,0.0
2018-01-23,67.0960160330739,68.20055281340733,66.63428197252064,66.92399597167969,399900,0.0,0.0
2018-01-24,67.12316590229072,67.56678888815985,66.3898289592973,66.86966705322266,732700,0.0,0.0
2018-01-25,67.11410509591194,67.45814514160156,66.42603881918276,67.45814514160156,206100,0.0,0.0
2018-01-26,67.5305687803305,67.5305687803305,65.81039617263234,66.04578399658203,495500,0.0,0.0
2018-01-29,65.83757678616061,66.2268806590272,65.47543252416168,65.81041717529297,225300,0.0,0.0
2018-01-30,65.29435282811072,66.26308459376688,65.1585478893629,65.9190444946289,312200,0.0,0.0
2018-01-31,66.10917773368209,66.18160796528107,64.87789833313468,65.04991149902344,321700,0.0,0.0
2018-02-01,64.93220907565008,65.70176119076748,63.99969241437508,65.5569076538086,731200,0.0,0.0
2018-02-02,65.15853985995314,65.575003222087,64.50668176015218,65.18569946289062,314200,0.0,0.0
2018-02-05,64.89466228901425,65.35852237458043,62.72089625426878,62.85732650756836,591500,0.33,0.0
2018-02-06,61.920520553322675,63.06651811000928,61.31113990885943,62.284332275390625,794500,0.0,0.0
2018-02-07,62.20245527872604,62.99374504944694,61.94778922078267,62.64812088012695,475100,0.0,0.0
2018-02-08,62.702699861364835,63.36664969285583,62.12969426694582,62.684505462646484,666500,0.0,0.0
2018-02-09,62.75728305245716,62.75728305245716,59.66489380407501,61.92961120605469,612100,0.0,0.0
2018-02-12,62.62083271234289,63.71226753551837,62.28431269997875,63.2302131652832,583800,0.0,0.0
2018-02-13,62.93917022081869,63.757744667847305,62.80274692892209,63.13926696777344,389900,0.0,0.0
2018-02-14,62.86641877872609,65.24028140695357,62.83912717890143,65.2129898071289,360300,0.0,0.0
2018-02-15,65.56770020784948,66.14070580341254,65.1947983029381,65.88603973388672,445000,0.0,0.0
2018-02-16,65.76779603445304,66.57727328940324,65.64956020073026,65.93151092529297,307000,0.0,0.0
2018-02-20,65.94060591726337,66.34079940128272,65.26755891706415,65.6313705444336,443600,0.0,0.0
2018-02-21,65.41309614090964,67.0684328767964,64.48538284592908,65.75872039794922,720300,0.0,0.0
2018-02-22,65.8314683806517,66.54999452412663,65.34942086469357,65.84966278076172,918500,0.0,0.0
2018-02-23,66.27715140980857,66.64095619972314,65.77690941497869,66.52272033691406,343700,0.0,0.0
2018-02-26,66.9956591094189,67.0684158837701,65.99517539688112,66.95018005371094,291400,0.0,0.0
2018-02-27,67.14117687033412,67.29579455085398,66.1679847942248,66.23165130615234,440300,0.0,0.0
2018-02-28,66.39537337378309,66.45903989260371,65.4312783918909,65.44036865234375,437400,0.0,0.0
2018-03-01,65.15842686244603,65.6677590829325,64.14885268317386,64.66728210449219,299600,0.0,0.0
2018-03-02,64.33985658971136,65.22209777315149,64.0942876637969,65.09476470947266,271100,0.0,0.0
2018-03-05,64.87646656414977,65.93151271442488,64.73093912872973,65.64046478271484,287100,0.0,0.0
2018-03-06,65.84966174426056,67.13208936661128,65.431280757012,66.57727813720703,286200,0.0,0.0
2018-03-07,66.24984707962379,67.33218485737204,66.24984707962379,66.97747039794922,289400,0.0,0.0
2018-03-08,67.23213828925479,67.23213828925479,66.48632749048329,66.6864242553711,325000,0.0,0.0
2018-03-09,67.14118611931109,68.13257272918412,66.70461073514684,67.98704528808594,229700,0.0,0.0
2018-03-12,68.19623823049274,68.38723778973134,67.7323781928389,67.96885681152344,167000,0.0,0.0
2018-03-13,68.25989340071446,68.47817758367458,67.09569490029268,67.29579162597656,254700,0.0,0.0
2018-03-14,67.5231904638678,67.68690537819528,66.08614503713875,66.2134780883789,222300,0.0,0.0
2018-03-15,66.34990953399392,66.34990953399392,65.21300219489785,65.4858627319336,214200,0.0,0.0
2018-03-16,65.50404337898127,65.66775829633816,64.71276039436538,65.17662048339844,571900,0.0,0.0
2018-03-19,65.16751393755283,65.54041584414435,64.38532132669646,64.78551483154297,209400,0.0,0.0
2018-03-20,64.93103084603766,65.00379455810325,64.04878991984847,64.3580322265625,247700,0.0,0.0
2018-03-21,64.51266842370863,64.72186242114775,63.6304272443406,64.30347442626953,270600,0.0,0.0
2018-03-22,63.985143756292956,64.09428935910383,62.420758144995844,62.42985534667969,313100,0.0,0.0
2018-03-23,62.61173958165,63.039217728064784,61.44754791259766,61.447547912597656,400000,0.0,0.0
2018-03-26,62.37526991649221,62.88460205322663,62.03874293236129,62.42074203491211,318700,0.0,0.0
2018-03-27,62.78454716511538,63.05740760384997,62.06602115296823,62.32978439331055,488800,0.0,0.0
2018-03-28,62.329788644778134,63.493980309746476,62.329788644778134,63.1756477355957,313900,0.0,0.0
2018-03-29,63.512176455701734,64.36712582993162,63.4030308819335,64.19432067871094,354600,0.0,0.0
2018-04-02,63.98513228995272,64.24889557846296,61.64765149357492,62.0114631652832,273100,0.0,0.0
2018-04-03,62.12061188764001,62.757277140953875,61.656751809293716,62.58446502685547,268300,0.0,0.0
2018-04-04,61.94780053899581,63.366658514844936,61.87503681225203,63.22113800048828,140100,0.0,0.0
2018-04-05,63.594031901769455,63.93965609046029,63.12108161610046,63.74864959716797,151200,0.0,0.0
2018-04-06,63.38484753419627,63.948749020753354,62.8664181686449,63.09379959106445,235900,0.0,0.0
2018-04-09,63.5030711939221,63.866882787829184,62.94826007451783,63.348453521728516,208200,0.0,0.0
2018-04-10,63.92147496023391,64.08518988908956,63.275712446173124,63.71228790283203,232700,0.0,0.0
2018-04-11,63.348468622489236,63.78503708794202,62.88460855620634,63.45760726928711,141700,0.0,0.0
2018-04-12,63.712274437585776,63.712274437585776,63.039220461685815,63.16655349731445,172700,0.0,0.0
2018-04-13,63.193853090512306,63.193853090512306,62.58446555533087,62.69361114501953,183100,0.0,0.0
2018-04-16,63.03014321125843,64.21252263459468,62.73909522129996,64.13066864013672,201300,0.0,0.0
2018-04-17,64.3307494104532,64.3307494104532,63.575841489208734,63.75774383544922,327300,0.0,0.0
2018-04-18,63.86690651800073,64.8764807701206,63.73047625220289,64.67638397216797,263000,0.0,0.0
2018-04-19,64.5399388576194,64.5399388576194,63.74864904934978,63.8941764831543,300400,0.0,0.0
2018-04-20,63.83962096537182,64.24890481794522,63.42123991143658,63.71228790283203,199700,0.0,0.0
2018-04-23,63.65771354499146,64.0670043489845,62.32070940905123,62.529903411865234,404300,0.0,0.0
2018-04-24,62.74818633665342,62.74818633665342,60.765419709623735,61.08375930786133,382000,0.0,0.0
2018-04-25,60.256075912807304,63.53946415163937,59.628500977118286,62.50260543823242,630700,0.0,0.0
2018-04-26,62.175186470212324,62.175186470212324,61.44756302849677,61.756805419921875,422700,0.0,0.0
2018-04-27,61.72951241579626,62.27522645379344,61.665845893682096,62.0114631652832,199000,0.0,0.0
2018-04-30,62.02055869355055,62.32069689592386,60.61988830566406,60.61988830566406,286900,0.0,0.0
2018-05-01,60.80178669525375,61.165598333389845,59.99230944344411,60.98369598388672,246600,0.0,0.0
2018-05-02,60.76540536677779,61.12011980878925,60.38340626601621,60.465267181396484,175200,0.0,0.0
2018-05-03,60.29244988147145,61.2019754365895,60.12873500398503,61.0291633605957,318800,0.0,0.0
2018-05-04,60.865464888671106,62.247947990994824,60.5835141111094,61.829566955566406,251600,0.0,0.0
2018-05-07,61.83864948044314,63.33027105113086,61.483935017848516,62.884605407714844,532700,0.0,0.0
2018-05-08,62.73908343007305,63.31208210098329,62.666319711475836,63.07560348510742,268600,0.0,0.0
2018-05-09,63.23932448311163,63.56675430925625,62.548082968014015,62.94827651977539,293800,0.0,0.0
2018-05-10,63.25898912107852,63.396072980170985,62.78376600587461,63.02137756347656,252000,0.33,0.0
2018-05-11,63.057947276587804,63.332115053697365,62.482203311509174,62.6375617980957,152600,0.0,0.0
2018-05-14,62.747243838090334,63.06710166546117,62.335992083718374,62.54618835449219,160900,0.0,0.0
2018-05-15,62.39993123921045,62.50045892879633,62.06179898548898,62.381656646728516,184600,0.0,0.0
2018-05-16,62.50047621974011,62.79291858697476,62.20803385250545,62.58272933959961,209600,0.0,0.0
2018-05-17,62.628411584953874,63.21329624718928,62.61013698967315,63.13105010986328,196800,0.0,0.0
2018-05-18,63.34125257864506,63.34125257864506,62.8751770915711,62.89345169067383,231000,0.0,0.0
2018-05-21,63.14932745566697,63.386939038916715,62.372528133461586,62.7015266418457,243900,0.0,0.0
2018-05-22,62.774636011287186,63.131049883170334,62.399940571813794,62.43649673461914,233700,0.0,0.0
2018-05-23,62.290294206797576,62.582736607996665,61.81507094711354,62.39995574951172,203200,0.0,0.0
2018-05-24,62.49133779981242,62.65583707338101,61.641426048437445,62.26286697387695,194800,0.0,0.0
2018-05-25,62.2080250988684,62.59185434453262,62.061807422014176,62.409080505371094,129100,0.0,0.0
2018-05-29,62.016111410065356,62.655826829140544,61.97955524720747,62.18061065673828,158100,0.0,0.0
2018-05-30,62.50046741640708,63.27726669129993,62.189750495399956,62.99396514892578,272900,0.0,0.0
2018-05-31,63.012235687317705,63.02137647039858,61.29413800396598,61.45863723754883,245000,0.0,0.0
2018-06-01,61.86989443948533,61.99783753918389,61.38553742314421,61.595733642578125,202600,0.0,0.0
2018-06-04,61.95214823708357,62.409089875971304,61.577452746455116,62.171478271484375,248900,0.0,0.0
2018-06-05,62.14404095539739,62.40906784909789,61.68709947778417,62.23542785644531,213900,0.0,0.0
2018-06-06,62.13491359634879,63.31382369995117,62.01611129655945,63.31382369995117,304700,0.0,0.0
2018-06-07,63.240710682654445,63.82559533616252,63.240710682654445,63.65196228027344,356400,0.0,0.0
2018-06-08,63.57883818192007,64.09061041587555,63.405198185810704,64.0540542602539,191200,0.0,0.0
2018-06-11,64.00838274828016,64.81259748668582,63.99010117901198,64.75776672363281,175000,0.0,0.0
2018-06-12,64.78516852137561,64.78516852137561,64.24598087140619,64.5201416015625,219000,0.0,0.0
2018-06-13,64.56585118797156,64.56585118797156,63.980966482239495,64.40135192871094,211100,0.0,0.0
2018-06-14,64.67549990141588,64.74861221824396,64.1363122526509,64.73947143554688,217600,0.0,0.0
2018-06-15,64.56585372713265,65.20556922031759,64.19115824371293,65.10504150390625,393500,0.0,0.0
2018-06-18,64.6572225651959,65.26038869487576,64.52013872005283,65.13243865966797,239200,0.0,0.0
2018-06-19,64.85828991198126,65.22384457570473,64.40134832542073,65.09590148925781,355700,0.0,0.0
2018-06-20,65.34264297448038,66.0006399353978,64.87656063176809,65.9366683959961,229900,0.0,0.0
2018-06-21,65.92752354423358,66.101163557198,65.3243643488628,65.82699584960938,260800,0.0,0.0
2018-06-22,66.04633007293148,66.43930009377381,65.73561315859679,66.00978088378906,378300,0.0,0.0
2018-06-25,66.00977681519467,66.32963449328759,65.59852525275426,65.90010833740234,666800,0.0,0.0
2018-06-26,66.046332552787,66.1103040947505,65.69905946389588,65.76303100585938,247600,0.0,0.0
2018-06-27,65.71734706891256,65.96409247561854,64.80346382983355,64.83087921142578,252900,0.0,0.0
2018-06-28,65.15071797098125,65.50713177260187,64.58410801776127,65.45230102539062,290700,0.0,0.0
2018-06-29,65.6442223246205,65.90010846760039,65.05933771998806,65.38833618164062,302300,0.0,0.0
2018-07-02,65.06848051674766,65.1781490099023,64.26426581740654,65.00450897216797,177500,0.0,0.0
2018-07-03,65.26039307095398,65.39746995291482,64.75775459584935,64.80345153808594,87200,0.0,0.0
2018-07-05,65.09589868484389,65.79958562998625,65.01364557717142,65.78131103515625,194200,0.0,0.0
2018-07-06,65.97321401262849,66.3022124405019,65.47971637081837,66.25651550292969,161500,0.0,0.0
2018-07-09,66.46672381633364,66.804856115693,66.37532992446621,66.79571533203125,172700,0.0,0.0
2018-07-10,66.90540039579768,67.06989968059149,65.9001300875585,66.05548858642578,201500,0.0,0.0
2018-07-11,65.82699863774339,66.53982634081666,65.07761477395164,65.43402862548828,225900,0.0,0.0
2018-07-12,65.78130267869626,65.78130267869626,64.81258193876693,65.1964111328125,261000,0.0,0.0
2018-07-13,64.73035038529964,65.3152350904721,64.66637883855815,64.98623657226562,457100,0.0,0.0
2018-07-16,64.9770945954546,65.07762230597169,63.99923984327755,64.19115447998047,184600,0.0,0.0
2018-07-17,64.20943044836535,65.05020125174475,64.14545890837724,64.97708892822266,181000,0.0,0.0
2018-07-18,64.9679521983791,65.3426476505279,64.6206790985433,65.08676147460938,234300,0.0,0.0
2018-07-19,64.97709582045377,66.43017377199259,64.35565494934845,66.22911834716797,407800,0.0,0.0
2018-07-20,66.19254379710151,66.86881524264817,64.40133401255642,66.18340301513672,794900,0.0,0.0
2018-07-23,65.58940204513682,65.79959827413589,60.63615618175969,61.16621017456055,1249100,0.0,0.0
2018-07-24,61.266730015437396,61.85161470040394,60.608733001756164,61.05653381347656,533100,0.0,0.0
2018-07-25,61.05652524649299,61.31241138871494,60.27972603692649,60.9925537109375,339200,0.0,0.0
2018-07-26,61.11136356596834,62.765489695974985,60.8554704488828,62.674102783203125,384100,0.0,0.0
2018-07-27,62.51874993389239,62.9025791853375,62.0069706262571,62.18061065673828,317000,0.0,0.0
2018-07-30,61.942998142953094,63.176738988062326,61.942998142953094,62.99396514892578,308000,0.0,0.0
2018-07-31,63.103630843210105,63.926120055300686,63.103630843210105,63.386932373046875,264300,0.0,0.0
2018-08-01,63.213291024956405,63.4143464183104,61.55916487988423,62.00696563720703,243000,0.0,0.0
2018-08-02,61.83247735276355,63.283471334334386,61.83247735276355,62.93449401855469,205200,0.33,0.0
2018-08-03,62.952879194731715,63.56817185574676,62.53961759660091,63.08144760131836,234600,0.0,0.0
2018-08-06,62.989608393515155,63.99061330257565,62.86103998412432,62.962059020996094,186700,0.0,0.0
2018-08-07,62.971243919306396,63.90795760886846,62.73247101551498,63.34777069091797,174600,0.0,0.0
2018-08-08,63.26512145996093,63.834500896969836,62.78758261435439,63.26512145996094,278900,0.0,0.0
2018-08-09,63.246745931741394,63.696735319878385,62.906954022726524,63.01715850830078,189100,0.0,0.0
2018-08-10,62.77837552068099,63.3018344816063,62.603886864888885,62.87939453125,169000,0.0,0.0
2018-08-13,62.971247732488116,63.24675548481161,61.988613691999,62.475337982177734,137200,0.0,0.0
2018-08-14,62.66819915400011,63.99981079658773,62.282493853300586,63.200843811035156,306200,0.0,0.0
2018-08-15,62.952888526222935,63.210025377511556,62.23656971790699,62.97125244140625,158300,0.0,0.0
2018-08-16,63.25592394215539,63.65081458797279,63.04470743767869,63.439598083496094,186900,0.0,0.0
2018-08-17,63.32021004642212,63.862040021625205,63.15490681746468,63.770206451416016,160500,0.0,0.0
2018-08-20,63.97223727711237,64.28447278181302,63.54061183883081,63.81611251831055,102400,0.0,0.0
2018-08-21,63.889590834809475,64.87222477178757,63.83449209273017,64.52325439453125,170700,0.0,0.0
2018-08-22,64.43140709092192,64.53241909438928,63.999781686080226,64.1834487915039,157500,0.0,0.0
2018-08-23,64.1008061477447,64.17426879229157,63.50387749467278,64.05488586425781,102100,0.0,0.0
2018-08-24,64.1742675692529,64.95487033494408,63.96305108472228,64.85385131835938,153000,0.0,0.0
2018-08-27,65.10181091291341,65.59772060113659,64.90895831301312,65.34058380126953,180700,0.0,0.0
2018-08-28,65.43242343693055,65.57017730861467,64.66101296582416,64.82630920410156,129100,0.0,0.0
2018-08-29,64.91815664564501,65.76303687173926,64.31204234880325,65.66201782226562,161200,0.0,0.0
2018-08-30,65.40487025213709,66.20383004972693,64.9640592897286,65.0191650390625,232800,0.0,0.0
2018-08-31,64.75283053794018,65.40485789584785,64.48650832023965,65.22118377685547,172100,0.0,0.0
2018-09-04,65.5701838662587,65.79977133987555,64.69774726264254,65.63446807861328,281200,0.0,0.0
2018-09-05,65.59771863035066,66.27729543907562,64.80793733651404,66.12117767333984,212100,0.0,0.0
2018-09-06,66.13036595136235,66.51607115601865,65.85485823006363,66.26811981201172,179200,0.0,0.0
2018-09-07,65.99260927726897,66.47014803318194,65.68955219805099,66.12117767333984,204500,0.0,0.0
2018-09-10,66.50687475133283,67.03951918807405,66.17626834276597,66.5252456665039,203200,0.0,0.0
2018-09-11,66.28649349199674,66.5803651683437,65.53344688345429,66.39669799804688,186300,0.0,0.0
2018-09-12,66.28647520968487,67.75583318615963,66.2221910171657,67.54461669921875,179300,0.0,0.0
2018-09-13,67.79257558940168,68.94969819054415,67.77421167796551,67.99461364746094,292200,0.0,0.0
2018-09-14,68.07725616329738,69.17927993310317,68.07725616329738,69.00479125976562,271900,0.0,0.0
2018-09-17,68.75685676578,68.99562268551578,68.27931091340159,68.6650161743164,305100,0.0,0.0
2018-09-18,68.67420581812578,69.12419531660471,68.17829602111776,68.88542938232422,191300,0.0,0.0
2018-09-19,68.87623457264984,70.01498635577751,68.8670491129,69.67520141601562,321000,0.0,0.0
2018-09-20,70.10680199766796,70.98842374032074,69.93232034577824,70.86903381347656,259200,0.0,0.0
2018-09-21,70.83231246039861,71.4384266479298,70.63028140434065,70.76802825927734,456100,0.0,0.0
2018-09-24,70.54761834292032,70.71292155668752,69.70273836431089,70.29048156738281,236200,0.0,0.0
2018-09-25,70.43741993628728,71.14455313641852,70.30885153743655,70.63027954101562,381300,0.0,0.0
2018-09-26,70.67619745787162,70.67619745787162,69.3629570065238,70.04253387451172,300800,0.0,0.0
2018-09-27,70.06089449150363,70.6486376973588,69.56498484785364,70.29966735839844,324500,0.0,0.0
2018-09-28,70.10681467490105,70.52007625520814,69.7119310191679,70.262939453125,232800,0.0,0.0
2018-10-01,70.57517350347602,71.00679898632022,70.22620313752542,70.63945770263672,268800,0.0,0.0
2018-10-02,70.56597501839204,70.9333162342657,69.80375022803399,70.33638763427734,475500,0.0,0.0
2018-10-03,70.61189886461166,71.08944457130497,70.18027343964123,70.52006530761719,241000,0.0,0.0
2018-10-04,70.2721117768388,70.55680493127436,69.9139559756812,70.37313079833984,266100,0.0,0.0
2018-10-05,70.45578143316713,71.35576010478239,70.45578143316713,70.97924041748047,373600,0.0,0.0
2018-10-08,70.95169898394037,71.80576447557024,70.53843741972791,71.456787109375,195100,0.0,0.0
2018-10-09,70.8231274138578,71.38332125995274,70.37313104145251,70.8139419555664,378400,0.0,0.0
2018-10-10,70.74047628304366,71.00679853686715,69.2068339653087,69.2711181640625,342800,0.0,0.0
2018-10-11,68.94969589128246,69.73029172065633,68.15072914463276,68.29766845703125,794600,0.0,0.0
2018-10-12,69.24357419584682,69.24357419584682,67.48034431551818,68.25175476074219,586500,0.0,0.0
2018-10-15,68.05888864633451,69.76701944352072,68.05888864633451,69.234375,419100,0.0,0.0
2018-10-16,69.40887335876212,71.17210313553919,68.85786492932583,71.11700439453125,245200,0.0,0.0
2018-10-17,70.71292643163648,71.77821543967762,70.46497509711773,71.46597290039062,229500,0.0,0.0
2018-10-18,71.64964649677381,71.99862389605678,70.14355342347093,70.4925308227539,421500,0.0,0.0
2018-10-19,64.96405488214924,64.96405488214924,58.14990188767071,59.21519088745117,2933000,0.0,0.0
2018-10-22,58.79273937419566,59.72027444880442,57.21318041577533,59.17845153808594,1056900,0.0,0.0
2018-10-23,59.12334568878581,59.44477365918294,57.63562029345424,58.967227935791016,559800,0.0,0.0
2018-10-24,58.61826647455687,59.08661980441256,58.039705148680994,58.140724182128906,963100,0.0,0.0
2018-10-25,58.87539853845717,58.994781474520536,57.12135078999056,57.21318435668945,2125500,0.0,0.0
2018-10-26,57.00197146423715,57.86521900990382,55.77138259948068,57.6356315612793,974600,0.0,0.0
2018-10-29,58.34275874330161,59.518245307242395,58.13153872029514,58.811119079589844,830100,0.0,0.0
2018-10-30,58.70091368790805,60.35394602216961,58.46214429697373,60.335575103759766,560200,0.0,0.0
2018-10-31,60.84985811019767,61.07944555416232,59.527432190896405,59.56416702270508,434300,0.0,0.0
2018-11-01,59.75701474048313,60.794747379885216,59.6284463429095,60.16109085083008,638200,0.0,0.0
2018-11-02,60.613568710745696,61.730911235556704,60.336538610802954,60.705909729003906,473300,0.36,0.0
2018-11-05,60.71514672721149,61.15839348380126,59.63474200480718,60.34577560424805,401400,0.0,0.0
2018-11-06,60.50274707848079,61.61086028320661,60.327301281070405,61.315364837646484,301000,0.0,0.0
2018-11-07,61.49081678506215,62.164919580411635,61.01987549499044,61.647804260253906,264800,0.0,0.0
2018-11-08,61.35230372386203,61.60162514832227,60.64126317213481,61.51852035522461,188500,0.0,0.0
2018-11-09,61.34307174441731,61.814020073317955,60.15185364494378,60.98293685913086,211600,0.0,0.0
2018-11-12,61.075285408207165,61.70321424249105,60.65974727242945,61.01988220214844,385400,0.0,0.0
2018-11-13,61.25073735074888,61.43541939823223,60.373480012281675,60.779788970947266,476200,0.0,0.0
2018-11-14,61.24149739457982,61.79555054836031,60.61356860825043,60.74284744262695,347300,0.0,0.0
2018-11-15,60.428878308587755,61.83247990923812,60.0133332162008,61.38924026489258,418000,0.0,0.0
2018-11-16,61.07527468776656,61.62932778660771,60.14261429353073,61.04757308959961,739500,0.0,0.0
2018-11-19,61.038345923119344,61.33384142264829,60.27190204943948,60.7520866394043,291600,0.0,0.0
2018-11-20,60.419654846191406,61.06604906610454,60.161097158226156,60.419654846191406,260900,0.0,0.0
2018-11-21,60.530457337997774,60.70590314009538,59.62549854888643,59.84711837768555,273800,0.0,0.0
2018-11-23,59.44082943304437,59.8194297625297,59.12686148270078,59.51469802856445,117400,0.0,0.0
2018-11-26,60.022571770719786,60.188788405122324,59.14532161675315,59.56085968017578,336200,0.0,0.0
2018-11-27,59.450060452534316,59.800966234131906,58.98835177421178,59.35771942138672,279500,0.0,0.0
2018-11-28,59.68091018644308,60.142622338096366,58.443525001693075,60.1241569519043,279000,0.0,0.0
2018-11-29,59.828657964523586,60.419648920530875,59.523926271378855,60.01333999633789,331800,0.0,0.0
2018-11-30,59.819422357226486,60.48428895078258,59.2376676104489,59.3392448425293,382600,0.0,0.0
2018-12-03,59.75478279038937,59.948701038826734,58.02798041712451,58.914466857910156,333600,0.0,0.0
2018-12-04,58.96063431156961,59.21919196275735,57.30770765529745,57.49238967895508,220700,0.0,0.0
2018-12-06,56.95680521748601,56.984506816395225,55.86716437432876,56.716712951660156,437900,0.0,0.0
2018-12-07,56.50432901537342,57.17842830024559,55.22076986180971,55.41468811035156,230100,0.0,0.0
2018-12-10,55.51627171918797,55.51627171918797,53.964918507486686,54.93451690673828,345000,0.0,0.0
2018-12-11,55.67324923568894,56.014915224061056,54.69441825626853,55.06378936767578,427200,0.0,0.0
2018-12-12,55.81175830033759,56.37504763524096,54.740586351574784,54.76829147338867,338400,0.0,0.0
2018-12-13,54.98992198198766,55.28541750638882,54.04802867698979,54.14037322998047,204900,0.0,0.0
2018-12-14,53.798699201746125,54.41739532637745,53.05072775882853,53.26311492919922,166000,0.0,0.0
2018-12-17,53.22617061626799,53.52166608008173,51.85027052336975,52.19193649291992,246900,0.0,0.0
2018-12-18,52.60748691950546,52.79216897344877,51.66559364954022,51.72099685668945,365900,0.0,0.0
2018-12-19,51.83180989225443,52.644420786195354,50.908385539752544,51.40703201293945,330700,0.0,0.0
2018-12-20,51.305454102041054,52.081130635681724,51.20387686795009,51.730228424072266,379900,0.0,0.0
2018-12-21,51.76717200508231,52.52437971479001,49.69869984417882,49.73563766479492,730000,0.0,0.0
2018-12-24,49.46783788286236,49.72639555134403,48.5628825205925,48.76603698730469,93800,0.0,0.0
2018-12-26,49.061535482246,50.39126524506105,47.95342558527466,50.32662582397461,222100,0.0,0.0
2018-12-27,49.60635239118165,50.96378365848301,49.135404045775545,50.926849365234375,268000,0.0,0.0
2018-12-28,50.973013325222574,52.21963450745642,50.84373450900082,51.5178337097168,339000,0.0,0.0
2018-12-31,51.85027611164096,52.03495815449119,50.87144508064755,51.573246002197266,247600,0.0,0.0
2019-01-02,50.926840948016306,52.63517413820539,50.57593880077158,51.71175003051758,201600,0.0,0.0
2019-01-03,51.5455414981449,51.58247931366893,50.62211724554813,50.788333892822266,163600,0.0,0.0
2019-01-04,51.51783865550381,52.52437120746634,51.213106968654806,52.07189178466797,242400,0.0,0.0
2019-01-07,52.182705138375404,53.19847397210184,51.56401255419951,52.39509582519531,339000,0.0,0.0
2019-01-08,52.82910437263325,53.309285440569504,52.459736759086745,53.26311492919922,211700,0.0,0.0
2019-01-09,53.19847808772496,53.74329860250832,53.06919924058728,53.309288024902344,122100,0.0,0.0
2019-01-10,53.10613415401731,54.17730628605059,53.087668766427186,54.01109313964844,128100,0.0,0.0
2019-01-11,54.76829508754101,55.700952056531776,54.011087462891545,55.58090591430664,477300,0.0,0.0
2019-01-14,55.08226068422951,55.28541163406162,54.094196968979084,54.334285736083984,571900,0.0,0.0
2019-01-15,54.186534545027776,54.9806799529897,54.01108520801122,54.685184478759766,220000,0.0,0.0
2019-01-16,54.74982567788652,55.56243649720994,54.54667121176365,54.91604232788086,413200,0.0,0.0
2019-01-17,54.62054624417869,56.60590628439942,54.62054624417869,56.43968963623047,594900,0.0,0.0
2019-01-18,56.707483451518385,57.584737199721886,56.4766273873903,57.50162887573242,224900,0.0,0.0
2019-01-22,56.99374885951579,57.55703824549958,56.45816107527411,57.15996551513672,225600,0.0,0.0
2019-01-23,57.27077267013957,57.557035457081525,55.66401291784003,56.51356506347656,290900,0.0,0.0
2019-01-24,56.4027583644367,57.215369218365424,56.4027583644367,56.799827575683594,249100,0.0,0.0
2019-01-25,57.07685624390905,57.92640489407688,56.87370177426714,56.91987228393555,280300,0.0,0.0
2019-01-28,56.54127368493873,57.05839259965222,56.282715988874195,56.62438201904297,319700,0.0,0.0
2019-01-29,56.72595382445643,57.29847589195745,56.14419554150471,56.99374771118164,307200,0.0,0.0
2019-01-30,57.23383891558351,57.898705553032656,56.47663125519276,57.64014434814453,191800,0.0,0.0
2019-01-31,57.29847305804596,58.39735015178168,56.6890132040534,57.972572326660156,273200,0.0,0.0
2019-02-01,58.08403299694248,58.28835561291024,57.406045838671105,58.093318939208984,222000,0.36,0.0
2019-02-04,58.13974861593834,58.70628668312488,57.47105102472972,58.631988525390625,235100,0.0,0.0
2019-02-05,59.00348710431872,59.00348710431872,58.36265087174684,58.7062873840332,143700,0.0,0.0
2019-02-06,58.511247870940664,58.83630894195258,58.08402373678217,58.44623565673828,196400,0.0,0.0
2019-02-07,58.34407087201053,58.54839699227458,57.471047204982085,57.96328353881836,269200,0.0,0.0
2019-02-08,57.75896265760211,58.16761493519716,57.22028948654524,57.656803131103516,216100,0.0,0.0
2019-02-11,57.721813207700045,57.991148011785576,57.22028736356829,57.80540084838867,238500,0.0,0.0
2019-02-12,58.06544878947828,58.47409750252285,57.721812291170345,58.39979934692383,244700,0.0,0.0
2019-02-13,58.51125287238347,59.50501513773638,58.2697794194053,58.47410202026367,296500,0.0,0.0
2019-02-14,58.01901411955754,58.901323792625604,57.39674977203889,58.08402633666992,480900,0.0,0.0
2019-02-15,57.573214764344705,58.7434382198079,55.85502511755095,58.3719367980957,1028900,0.0,0.0
2019-02-19,56.30083248260067,59.031360161066004,56.30083248260067,58.82703399658203,527000,0.0,0.0
2019-02-20,58.73415302780677,60.59164953136234,58.73415302780677,59.867225646972656,428700,0.0,0.0
2019-02-21,60.099406241191815,60.387316447825924,59.607169919217554,60.19227981567383,265400,0.0,0.0
2019-02-22,60.35945418141934,60.71238367929248,59.978670405997626,60.248008728027344,237000,0.0,0.0
2019-02-25,60.526646923069876,60.972450122752214,60.04369995206536,60.350189208984375,336200,0.0,0.0
2019-02-26,60.09941123092856,60.610226561689245,59.35641194468583,60.22014617919922,389600,0.0,0.0
2019-02-27,60.015824790220975,60.51735061744731,59.765058333707884,60.33159637451172,180700,0.0,0.0
2019-02-28,60.2201428332086,60.36874622510041,59.616461039597375,60.090118408203125,210200,0.0,0.0
2019-03-01,60.387328653116406,61.009596608095706,60.387328653116406,60.81455993652344,202400,0.0,0.0
2019-03-04,60.8424172185649,61.35322549004289,60.368752713252164,60.89813995361328,242400,0.0,0.0
2019-03-05,60.83312898018151,60.88885171637128,59.95081925677395,60.052982330322266,180300,0.0,0.0
2019-03-06,60.1830074805037,60.201579364185385,59.34713099881323,59.54216766357422,165900,0.0,0.0
2019-03-07,59.542169345880204,59.63504293851415,58.64128061714901,59.18924331665039,266100,0.0,0.0
2019-03-08,58.99420498458368,59.36570288755527,58.715580671629894,59.291404724121094,119300,0.0,0.0
2019-03-11,59.57931517558736,60.98172968923304,59.505013473425926,60.953861236572266,190000,0.0,0.0
2019-03-12,61.09317046607457,61.55754544022935,60.851693495490146,61.343936920166016,244800,0.0,0.0
2019-03-13,61.5204046092682,61.74330973493361,61.334657423681286,61.3996696472168,232800,0.0,0.0
2019-03-14,61.4089491331157,61.631847136686055,60.981725007189276,61.343936920166016,191700,0.0,0.0
2019-03-15,61.46467261022767,62.226247293673474,61.3625095478069,61.83617401123047,449700,0.0,0.0
2019-03-18,61.901191707423514,62.20768092183089,61.074604737028224,61.56684112548828,435300,0.0,0.0
2019-03-19,61.91048097111318,62.356277021570264,60.83312752520772,61.11175537109375,161100,0.0,0.0
2019-03-20,61.13031952746033,61.37179649098637,59.90436991495828,60.44304656982422,211400,0.0,0.0
2019-03-21,60.38732623663031,61.65042689457342,60.38732623663031,61.63185501098633,247300,0.0,0.0
2019-03-22,61.39965880532633,61.47396050076135,60.15513020708867,60.18299865722656,191700,0.0,0.0
2019-03-25,60.22015238185817,61.33465674036599,59.87651938377063,61.074607849121094,224000,0.0,0.0
2019-03-26,61.07461176049462,62.32842304403744,60.740261140109695,62.19839859008789,246600,0.0,0.0
2019-03-27,62.12410252719219,62.811375715683745,62.096241153926606,62.384151458740234,314700,0.0,0.0
2019-03-28,62.672051880908036,63.22930045275061,62.37485217020534,62.820648193359375,334000,0.0,0.0
2019-03-29,63.192152257367276,63.340748576059916,62.50487922608813,62.959964752197266,198500,0.0,0.0
2019-04-01,63.32217954807005,64.02803157963199,62.89495536959326,63.72154235839844,192600,0.0,0.0
2019-04-02,63.82368533534772,63.88869753582314,63.40574368732139,63.647220611572266,288400,0.0,0.0
2019-04-03,64.13019634539371,64.18591908316067,63.238590026317205,63.285030364990234,247200,0.0,0.0
2019-04-04,63.41504571545501,64.00944511905789,63.089984648765906,63.34074401855469,318100,0.0,0.0
2019-04-05,63.572938947206175,63.87942816843973,63.0992815170823,63.72154235839844,393300,0.0,0.0
2019-04-08,63.470760222973134,63.8701229348275,63.20142900674943,63.8515510559082,95100,0.0,0.0
2019-04-09,63.55435670445068,63.805116062713445,62.73705933351333,62.913516998291016,167700,0.0,0.0
2019-04-10,63.043544316753255,63.35932298567968,62.662760520288835,63.34074401855469,103100,0.0,0.0
2019-04-11,63.37791788040151,63.56367219010225,62.74636739902379,63.13644790649414,151900,0.0,0.0
2019-04-12,63.461494857600755,63.8701400756836,63.18286699844357,63.870140075683594,113000,0.0,0.0
2019-04-15,64.04660492516086,64.33451518366736,63.57294039842372,63.66582107543945,83800,0.0,0.0
2019-04-16,63.87942934192151,64.23235890708621,63.57294011505766,64.08375549316406,288200,0.0,0.0
2019-04-17,64.3809379641219,64.49239049466482,63.656514230090174,64.10231018066406,151200,0.0,0.0
2019-04-18,63.935143931326756,64.5295504254632,63.4243357041187,63.54507064819336,202100,0.0,0.0
2019-04-22,63.45221013454145,63.82371161269688,63.220022596419476,63.77727127075195,254800,0.0,0.0
2019-04-23,63.92586849234966,65.33756546937394,63.59151790303853,65.05894470214844,165900,0.0,0.0
2019-04-24,64.92891073830465,65.42114706543602,64.80816871299345,65.24468231201172,188800,0.0,0.0
2019-04-25,64.89175765038725,64.90104004755253,63.83298333799788,64.6409912109375,188300,0.0,0.0
2019-04-26,64.69671666938689,65.59759805395316,63.805110595562375,65.31897735595703,233300,0.0,0.0
2019-04-29,65.40257003858075,66.02483080696416,65.17967203371799,65.22611236572266,246600,0.0,0.0
2019-04-30,65.0589501759412,65.4861743902724,64.68744870258327,65.12396240234375,336300,0.0,0.0
2019-05-01,63.637947178852805,66.73068639385954,63.637947178852805,65.47687530517578,443300,0.0,0.0
2019-05-02,65.58833878195901,66.65639579620846,65.14253558786947,65.9412612915039,365500,0.0,0.0
2019-05-03,66.33132507598236,67.49226260707616,66.33132507598236,67.29722595214844,365400,0.0,0.0
2019-05-06,66.51707628759289,67.80803819621086,66.32203964159305,67.78945922851562,258200,0.0,0.0
2019-05-07,67.19505640514868,67.6315700084894,66.4520607083514,66.99073028564453,286400,0.0,0.0
2019-05-08,66.85143515148992,67.39010482295762,66.55423540365221,67.07433319091797,262200,0.0,0.0
2019-05-09,66.59830092992847,66.79431470038135,65.45021925709025,65.77690887451172,305300,0.36,0.0
2019-05-10,65.77690233400813,66.10359191894531,64.75948948800503,66.10359191894531,190100,0.0,0.0
2019-05-13,65.03017809991267,65.28220086993333,64.37679892078309,64.7874984741211,191700,0.0,0.0
2019-05-14,64.88084351397363,65.8795844235744,64.44214297139486,65.61823272705078,151900,0.0,0.0
2019-05-15,65.08619372720821,65.97292372056621,65.08619372720821,65.74890899658203,169900,0.0,0.0
2019-05-16,66.10358903776668,66.8316421156936,65.65555253988167,66.4769515991211,184200,0.0,0.0
2019-05-17,66.05691565061086,66.5516251361827,65.44087348117756,65.47821044921875,156900,0.0,0.0
2019-05-20,65.09551852021119,65.43154414562352,64.83416683851254,64.99284362792969,108300,0.0,0.0
2019-05-21,65.3942035807877,65.8422400971539,64.6661504728291,64.81549835205078,183400,0.0,0.0
2019-05-22,64.60081702672018,66.10359633921931,64.60081702672018,65.8329086303711,184000,0.0,0.0
2019-05-23,65.22619262622385,65.28220164316905,63.95676410205152,64.47013854980469,142800,0.0,0.0
2019-05-24,64.89949883361518,65.44087419416296,64.320793625918,64.80615997314453,140300,0.0,0.0
2019-05-28,64.9368184453736,65.06749423936444,64.01275186749646,64.05941772460938,179400,0.0,0.0
2019-05-29,63.62074717326859,63.85409790593821,62.96736084901413,63.2380485534668,145500,0.0,0.0
2019-05-30,63.49005210785014,63.592726980355124,62.958012823641546,63.39671325683594,234600,0.0,0.0
2019-05-31,62.70600934050419,63.546073404687924,62.61267047143915,63.191375732421875,187900,0.0,0.0
2019-06-03,63.21004449068428,64.0781094582989,62.94869282237861,63.54607009887695,264000,0.0,0.0
2019-06-04,64.03143886873474,66.206269380801,64.03143886873474,66.17826843261719,211900,0.0,0.0
2019-06-05,66.20624951902045,66.46760111872992,65.27284687931696,65.87022399902344,236400,0.0,0.0
2019-06-06,65.85157681346188,67.02765932887402,65.85157681346188,66.81298065185547,248100,0.0,0.0
2019-06-07,67.25167647933789,68.44643095752136,66.71030113100524,67.88639068603516,190900,0.0,0.0
2019-06-10,67.83971729569348,68.57710637862799,67.68104052528055,68.11040496826172,140200,0.0,0.0
2019-06-11,68.8291363725933,69.60386258461064,68.27843201164353,68.71713256835938,174100,0.0,0.0
2019-06-12,68.91313264003401,69.56651177243899,68.83845870453102,69.5291748046875,140200,0.0,0.0
2019-06-13,69.9492188857748,70.20123454722402,69.32383350125396,69.79053497314453,119300,0.0,0.0
2019-06-14,69.61318324778144,70.11722161951184,69.17448278786989,69.42649841308594,95000,0.0,0.0
2019-06-17,69.41717213918136,69.41717213918136,68.43709630351269,68.63311004638672,151900,0.0,0.0
2019-06-18,69.03447681671427,70.14522853345328,68.71712325267393,69.25849151611328,125000,0.0,0.0
2019-06-19,69.18382422194608,69.44517588966615,68.00773459590698,68.4184341430664,216100,0.0,0.0
2019-06-20,69.34249968240799,70.06121675495184,68.54910867156646,69.95854187011719,248800,0.0,0.0
2019-06-21,69.46383666209874,69.65052150023983,67.72770683452802,68.24108123779297,371900,0.0,0.0
2019-06-24,68.40909206550593,69.0064692877929,67.9797276320683,68.00772857666016,114500,0.0,0.0
2019-06-25,68.02639075444836,68.66110491768005,67.74637419853015,68.22240447998047,270700,0.0,0.0
2019-06-26,68.22240918536598,68.22240918536598,66.68230021834778,67.01832580566406,257900,0.0,0.0
2019-06-27,67.26100438921839,67.74637783964027,66.93431482910653,67.40101623535156,231400,0.0,0.0
2019-06-28,67.58771536311617,68.6891240783183,67.25168970985797,68.58645629882812,358200,0.0,0.0
2019-07-01,69.22115880772063,69.22115880772063,67.95173036140244,68.40909576416016,188600,0.0,0.0
2019-07-02,68.43709843517098,69.05314775021948,68.13840980035016,68.57711029052734,123600,0.0,0.0
2019-07-03,68.88512170903128,69.30515007307642,68.14773272575195,69.1651382446289,59100,0.0,0.0
2019-07-05,68.69845182350555,68.91313762327636,67.73704797860361,68.74512481689453,202800,0.0,0.0
2019-07-08,68.68911034039054,68.81979328723179,67.71837767101466,67.82105255126953,151900,0.0,0.0
2019-07-09,67.43835379792654,68.17574288086105,67.19566707057254,68.11040496826172,178800,0.0,0.0
2019-07-10,68.53976410607235,68.92245552987615,67.56902439309269,68.11973571777344,151600,0.0,0.0
2019-07-11,68.10107380199108,68.33442452381313,67.43835860657232,68.32508850097656,199700,0.0,0.0
2019-07-12,68.39975408090223,69.22115307895153,67.95172473769172,68.64244079589844,211100,0.0,0.0
2019-07-15,68.75445059485335,68.80111645998979,67.11165974627592,67.80237579345703,190000,0.0,0.0
2019-07-16,67.76504513173742,68.21308163076827,67.27967878564435,67.41035461425781,372200,0.0,0.0
2019-07-17,67.37300997233142,67.37300997233142,66.38360534800555,66.54228210449219,221500,0.0,0.0
2019-07-18,66.5422757486086,66.5422757486086,65.55287121878716,66.06623840332031,333300,0.0,0.0
2019-07-19,63.17270478906428,64.40479625872712,60.904535592491946,62.53799057006836,790600,0.0,0.0
2019-07-22,62.668664992495906,64.80615831260783,62.32330338417531,64.12477111816406,469600,0.0,0.0
2019-07-23,64.6848201998681,65.87957470562232,64.6848201998681,65.16085052490234,426400,0.0,0.0
2019-07-24,64.79683227468179,65.86091108759848,64.63815547936778,65.58089447021484,341500,0.0,0.0
2019-07-25,65.57156005800104,65.70223590691799,64.47948026863806,64.59148406982422,343200,0.0,0.0
2019-07-26,64.67549515218762,65.36621138279068,64.29279650143336,65.14219665527344,189600,0.0,0.0
2019-07-29,65.18885553584371,65.5435531977498,64.77816309969319,64.98351287841797,139600,0.0,0.0
2019-07-30,64.46078400108436,64.75947256085409,64.28344234207225,64.71280670166016,283300,0.0,0.0
2019-07-31,64.9368390226582,65.01151296325767,63.23804604116449,63.63007354736328,285900,0.0,0.0
2019-08-01,63.65822264889326,64.01480337919371,62.457125188967815,62.672950744628906,345000,0.36,0.0
2019-08-02,62.20377302090121,62.43836259761643,61.640759468605815,61.77212905883789,214200,0.0,0.0
2019-08-05,60.52410510515245,61.152803393485875,60.064311582546445,60.843143463134766,360500,0.0,0.0
2019-08-06,60.85252338944635,61.265403258175596,59.92355084390992,61.1997184753418,172600,0.0,0.0
2019-08-07,60.899447980126325,61.66890140978078,60.28951372463204,61.40616226196289,163500,0.0,0.0
2019-08-08,61.94102772052533,62.8981499489511,61.94102772052533,62.748016357421875,327800,0.0,0.0
2019-08-09,62.41020626403438,62.53219025349442,61.68766643656538,61.90349197387695,152800,0.0,0.0
2019-08-12,61.4436907916671,61.81902829982466,61.293550061120825,61.490604400634766,143800,0.0,0.0
2019-08-13,61.31232227612568,63.14212508917925,61.31232227612568,62.748016357421875,142300,0.0,0.0
2019-08-14,61.60322140456257,62.241305309837124,60.95575191210746,61.33109664916992,286500,0.0,0.0
2019-08-15,61.490607064903365,61.734582183060006,60.233210608066045,60.46780014038086,439200,0.0,0.0
2019-08-16,60.908844861065035,62.504051216679684,60.72116889274755,62.34453201293945,199500,0.0,0.0
2019-08-19,63.001362175176745,63.151502907341566,62.288208015602144,62.33512878417969,214200,0.0,0.0
2019-08-20,62.156859972596266,62.156859972596266,61.26542233384929,61.359256744384766,129800,0.0,0.0
2019-08-21,61.894100041428636,61.894100041428636,61.16218186150013,61.209102630615234,213200,0.0,0.0
2019-08-22,61.424924729520164,61.73458464269829,60.336432978945844,60.6367073059082,173000,0.0,0.0
2019-08-23,60.158146270832574,60.38335023988391,58.6098537705063,58.91951370239258,275900,0.0,0.0
2019-08-26,59.670202509771656,60.2144484447971,59.15410617737863,60.092464447021484,320100,0.0,0.0
2019-08-27,60.693007765514096,61.17157244499181,59.12594773330299,59.276084899902344,242800,0.0,0.0
2019-08-28,59.21040352343316,60.796231240248254,58.75060999029523,60.402122497558594,216800,0.0,0.0
2019-08-29,61.15279488573738,62.01608260863892,61.15279488573738,61.37800598144531,191600,0.0,0.0
2019-08-30,61.71581453199181,62.23191439616738,61.124651454112794,61.293556213378906,199400,0.0,0.0
2019-09-03,60.81499379509781,61.19972410070547,59.90478875807131,60.2050666809082,176000,0.0,0.0
2019-09-04,60.85252240725112,61.19971748754264,60.721152843703905,61.021427154541016,130800,0.0,0.0
2019-09-05,61.47184809784185,62.78555101845249,61.47184809784185,62.26945114135742,186700,0.0,0.0
2019-09-06,61.96917486244151,62.672943495126425,61.790884517914485,61.95978927612305,174600,0.0,0.0
2019-09-09,62.17561207069197,63.04828542318221,61.415537112649226,62.71047592163086,209400,0.0,0.0
2019-09-10,62.794930024320784,63.6582178638628,62.27883730157732,63.2265739440918,130400,0.0,0.0
2019-09-11,63.60191090790836,65.12205360803111,62.76677277117233,65.03759765625,243600,0.0,0.0
2019-09-12,65.29096698409292,65.45987175088057,64.25877436888177,65.2628173828125,131800,0.0,0.0
2019-09-13,65.8164539542611,66.17302754921354,65.3097395872617,65.34727478027344,169100,0.0,0.0
2019-09-16,64.93439964982029,65.09392602177148,64.45584201128648,64.54029083251953,148000,0.0,0.0
2019-09-17,64.2306066350266,64.56841611088889,63.91156832954771,64.54965209960938,167500,0.0,0.0
2019-09-18,64.67163374094103,64.80300329247679,63.892794857476495,64.7467041015625,134800,0.0,0.0
2019-09-19,64.84993447031273,65.1502088019087,63.939725889164215,64.0429458618164,138400,0.0,0.0
2019-09-20,64.09925318183119,64.83117151037138,63.8928132103751,64.63411712646484,453000,0.0,0.0
2019-09-23,64.27753396624163,64.6434930759488,63.96787405522645,64.00540924072266,247700,0.0,0.0
2019-09-24,64.0710991794224,64.5215142825034,62.6635618260639,62.785552978515625,212400,0.0,0.0
2019-09-25,62.550960193556456,63.61130236778818,62.504039420555706,63.536231994628906,190400,0.0,0.0
2019-09-26,63.32040839342319,63.76143069134064,62.916914119882534,63.54561233520508,157200,0.0,0.0
2019-09-27,63.79898647996709,63.99604088755689,63.01076884960791,63.37672805786133,101600,0.0,0.0
2019-09-30,63.71452810986276,64.59658001747898,63.27349857650192,64.41829681396484,181100,0.0,0.0
2019-10-01,64.94377465551335,64.99069543240115,63.48932364036196,63.8928108215332,185900,0.0,0.0
2019-10-02,63.36733100133429,63.64884133786307,62.37267355471504,63.01075744628906,174500,0.0,0.0
2019-10-03,62.83247420738087,63.461172583199854,62.1380910334779,63.42363739013672,115300,0.0,0.0
2019-10-04,63.4705467224121,63.86465543982659,62.92629725982747,63.47054672241211,195600,0.0,0.0
2019-10-07,63.05767106297369,63.57377096024136,62.325752778925164,63.01075744628906,97500,0.0,0.0
2019-10-08,62.40082467819501,62.40082467819501,59.904791834249316,59.93294143676758,353200,0.0,0.0
2019-10-09,60.514723292780985,60.824383242445904,59.33239343849847,60.36458969116211,222900,0.0,0.0
2019-10-10,60.60855476629568,60.60855476629568,59.09780101965503,59.71711730957031,295000,0.0,0.0
2019-10-11,60.65547422062699,62.22253071569834,60.16753110063714,60.9838981628418,282700,0.0,0.0
2019-10-14,60.68362432051339,61.97856324490139,60.11122523404436,61.25602340698242,188400,0.0,0.0
2019-10-15,61.406165658512705,62.54157827244567,61.33109528095385,62.18499755859375,244900,0.0,0.0
2019-10-16,62.184998981125545,62.82308288676197,61.94103098713617,62.06301498413086,196500,0.0,0.0
2019-10-17,62.34452486415894,62.70109842441613,61.912880925182755,62.41020965576172,309100,0.0,0.0
2019-10-18,56.86451172545423,57.981160396849205,54.75320554387222,56.34841537475586,988700,0.0,0.0
2019-10-21,56.75190710360856,57.1460194339562,55.86985162833936,56.639305114746094,559000,0.0,0.0
2019-10-22,56.60176665838456,57.94361917835271,56.339027506352465,57.27738571166992,508200,0.0,0.0
2019-10-23,57.23984848351129,58.09375427672256,56.38594269030002,57.99991989135742,581800,0.0,0.0
2019-10-24,58.347110132715535,58.347110132715535,56.780050158717174,57.502586364746094,319400,0.0,0.0
2019-10-25,57.31492076998993,58.38464854891605,57.23046838851932,58.26266098022461,224900,0.0,0.0
2019-10-28,58.328351264638,59.5012991291775,58.328351264638,58.572322845458984,255900,0.0,0.0
2019-10-29,58.272047548383576,59.529447782281856,58.272047548383576,59.219791412353516,159800,0.0,0.0
2019-10-30,58.900750879662496,59.38869762487014,58.365886935397974,59.21040725708008,158900,0.0,0.0
2019-10-31,58.947664959811505,59.107187723627945,58.168829473927595,58.70369338989258,228100,0.0,0.0
2019-11-01,59.1474807074635,60.45053565187943,58.87364891111238,59.987857818603516,277200,0.39,0.0
2019-11-04,60.57329631293184,60.57329631293184,59.48741351432761,59.87455368041992,336400,0.0,0.0
2019-11-05,60.252246901403396,61.168161678751275,59.902873819418325,60.01618576049805,200700,0.0,0.0
2019-11-06,60.110613140914396,60.39388581016887,59.69514679947499,60.20503616333008,162300,0.0,0.0
2019-11-07,60.526081974536936,61.39478534295416,60.48831132321247,60.95099639892578,190000,0.0,0.0
2019-11-08,61.07374378658412,61.86690582863648,60.78103025259073,61.22481918334961,152700,0.0,0.0
2019-11-11,60.667715454524924,60.93210278946651,59.931205820326326,60.290016174316406,146700,0.0,0.0
2019-11-12,60.45053937764486,60.516636215043754,59.676262654116016,59.8651123046875,175100,0.0,0.0
2019-11-13,59.24191363781942,60.30890754771816,59.043619514716355,59.96897888183594,284800,0.0,0.0
2019-11-14,59.80845481627307,59.87455165200028,58.96807767459217,59.48741149902344,201200,0.0,0.0
2019-11-15,59.85566556307089,60.110612041338534,59.07194440573618,59.298561096191406,1021400,0.0,0.0
2019-11-18,59.10027061688009,59.29856112161526,58.45818399030276,58.883094787597656,295200,0.0,0.0
2019-11-19,59.2419133372056,59.79901784746172,58.930310861058864,59.07194900512695,217900,0.0,0.0
2019-11-20,58.83588159637495,60.006742868796216,58.694243467320604,59.21357727050781,365600,0.0,0.0
2019-11-21,59.42132246711571,59.42132246711571,58.82644726543827,59.015296936035156,177700,0.0,0.0
2019-11-22,59.3268866787798,59.5440624925752,58.94918741878348,58.99639892578125,136500,0.0,0.0
2019-11-25,59.2891221255126,60.41277195636797,58.883096639991855,60.1578254699707,274100,0.0,0.0
2019-11-26,60.19560200091893,60.50720449318156,59.610171272374146,60.1295051574707,273400,0.0,0.0
2019-11-27,60.39389088041263,60.39389088041263,59.619610505177164,60.22392654418945,423800,0.0,0.0
2019-11-29,60.091722247984485,60.23336037049137,59.47796545513785,59.76123809814453,75300,0.0,0.0
2019-12-02,59.78013065532717,60.34667600989871,59.54406949058777,59.87455368041992,232800,0.0,0.0
2019-12-03,59.34576904444613,59.9784147715092,59.09082618348818,59.8934326171875,168400,0.0,0.0
2019-12-04,60.318344688758565,60.6016173419335,59.629046578630245,59.6762580871582,183900,0.0,0.0
2019-12-05,59.855663638317544,60.12949543231884,59.57239098335392,59.978416442871094,161700,0.0,0.0
2019-12-06,60.658272092113165,60.979319007521184,60.5355228855242,60.601619720458984,143200,0.0,0.0
2019-12-09,60.47886683674011,60.47886683674011,59.81789132356505,59.8934326171875,110700,0.0,0.0
2019-12-10,59.8273382146189,60.19559303095771,59.629047713822196,60.167266845703125,127900,0.0,0.0
2019-12-11,60.25225142690868,60.60162093312749,59.86511127082636,60.44110107421875,93600,0.0,0.0
2019-12-12,60.44110839305719,61.1304030254922,60.063409052701275,60.49776077270508,197400,0.0,0.0
2019-12-13,60.45999062566678,60.89434234931579,59.968982919886535,60.327796936035156,143600,0.0,0.0
2019-12-16,60.61105784784591,61.11150628918339,60.55439827809985,60.799903869628906,247300,0.0,0.0
2019-12-17,60.79046442718478,60.88489464988792,59.92176112882644,60.63938903808594,180700,0.0,0.0
2019-12-18,60.950998533064464,60.950998533064464,60.31835270825475,60.75270080566406,164400,0.0,0.0
2019-12-19,60.86600839832171,61.120958484399964,60.30890391876121,60.56385040283203,294800,0.0,0.0
2019-12-20,60.790470956995726,61.848027610343294,60.48831294232718,61.81025695800781,716200,0.0,0.0
2019-12-23,61.91411923793739,62.25404787632041,61.20593577530855,62.084083557128906,174200,0.0,0.0
2019-12-24,62.084086291929886,62.206835504080686,61.58363777560312,61.772483825683594,101200,0.0,0.0
2019-12-26,61.93300041380137,62.131298121119954,61.63084242724092,61.89523696899414,181800,0.0,0.0
2019-12-27,62.272936414415,62.36736664964563,61.78193232968704,61.95189666748047,101400,0.0,0.0
2019-12-30,61.9518898870927,62.23516615375012,61.51753822782877,62.084083557128906,125400,0.0,0.0
2019-12-31,61.904687511152204,62.79227993888173,61.904687511152204,62.40513610839844,312100,0.0,0.0
2020-01-02,62.8017186379667,63.16052903979882,61.262595126600296,61.60252380371094,192300,0.0,0.0
2020-01-03,60.76214496885116,60.998206143713844,60.38444925027548,60.743263244628906,255100,0.0,0.0
2020-01-06,60.29001142793395,61.12095121977916,60.05395029688956,60.629940032958984,149300,0.0,0.0
2020-01-07,60.45053470254164,60.61106175582272,59.88398939664997,59.91231918334961,152000,0.0,0.0
2020-01-08,59.89343652200629,60.2900175333583,59.66681622837131,59.8367805480957,155400,0.0,0.0
2020-01-09,60.0256336700631,60.17671267390345,59.364661677508735,59.53462600708008,202900,0.0,0.0
2020-01-10,59.53461782253493,59.78956428184308,58.93974275081593,59.76123809814453,303900,0.0,0.0
2020-01-13,59.81790064462044,60.5449731020068,59.50630176489112,60.516639709472656,200000,0.0,0.0
2020-01-14,60.43166106418795,60.90378341625191,60.01619469109442,60.75270080566406,194700,0.0,0.0
2020-01-15,60.563845388439624,61.24370262300626,60.299458064777994,60.724365234375,242500,0.0,0.0
2020-01-16,61.16816578178168,61.82914134306207,60.95099355182932,61.80080795288086,160700,0.0,0.0
2020-01-17,61.8385841458726,62.00854848212208,61.11151888770372,61.47032928466797,145600,0.0,0.0
2020-01-21,61.17761012287676,61.2153807723614,60.49775284018277,60.554405212402344,196500,0.0,0.0
2020-01-22,60.89433705812616,61.00764901254278,60.08228966351922,60.422218322753906,140500,0.0,0.0
2020-01-23,60.08229205286134,60.08229205286134,58.949197677687536,59.62905502319336,499500,0.0,0.0
2020-01-24,59.76124754125754,59.8745558959631,59.07194934695325,59.374107360839844,166200,0.0,0.0
2020-01-27,58.41096591338448,58.87364370575236,58.316539301263624,58.48650360107422,320700,0.0,0.0
2020-01-28,58.543169616840224,59.13804476828314,58.32599377469608,58.760345458984375,194400,0.0,0.0
2020-01-29,58.854769996705045,59.223024829086235,58.562052862295864,58.6092643737793,376100,0.0,0.0
2020-01-30,58.10881055245466,58.11825141308469,57.14568067787172,57.81609344482422,201900,0.0,0.0
2020-01-31,57.45728879681522,57.57060075473922,56.116463046117154,56.41862106323242,353900,0.0,0.0
2020-02-03,56.7512785664343,58.310013512637376,56.69425397736602,58.205467224121094,300900,0.39,0.0
2020-02-04,58.92779707765102,59.49806463135921,58.77572548828399,59.34599304199219,321300,0.0,0.0
2020-02-05,60.001807847308164,60.001807847308164,59.269962152276015,59.6406364440918,356400,0.0,0.0
2020-02-06,59.84022858664896,60.011309583536104,58.90878961785939,59.02284240722656,215200,0.0,0.0
2020-02-07,58.832760185568254,58.94681298376002,57.663705407828644,57.81578063964844,173300,0.0,0.0
2020-02-10,57.63519085968381,58.0153716730123,57.36906646575763,57.68271255493164,132500,0.0,0.0
2020-02-11,58.01536762113695,58.70919447518159,57.834780115865584,57.872798919677734,127500,0.0,0.0
2020-02-12,58.386042158915664,58.64266364730248,57.977349080263274,58.05338668823242,193100,0.0,0.0
2020-02-13,57.720729183249546,58.50009655805709,56.87483071247108,58.195953369140625,321400,0.0,0.0
2020-02-14,56.01942888686063,56.01942888686063,52.37921330299183,52.977996826171875,785900,0.0,0.0
2020-02-18,52.89245698731115,53.196600197200766,51.54281832096207,52.13209533691406,520300,0.0,0.0
2020-02-19,52.920969381969705,53.99497713339855,52.797410069691644,52.958988189697266,509500,0.0,0.0
2020-02-20,52.72137403388085,53.25362281871884,52.46475253018842,52.73087692260742,591800,0.0,0.0
2020-02-21,52.67385139274451,53.49123764038087,52.3982240975778,53.49123764038086,1336000,0.0,0.0
2020-02-24,51.78042829907144,53.073038700736504,51.56182560256528,52.92096710205078,344800,0.0,0.0
2020-02-25,52.93997268059281,53.05402546494944,49.632412928869314,50.34524917602539,494200,0.0,0.0
2020-02-26,50.78246159254636,51.0580925165676,49.43282289174547,49.44232940673828,353300,0.0,0.0
2020-02-27,48.529900050284915,49.641923016810594,47.874088287353516,47.874088287353516,399800,0.0,0.0
2020-02-28,46.47692524676622,48.05466934513778,45.84012297402066,46.74304962158203,452300,0.0,0.0
2020-03-02,47.01868542246386,48.39683275803336,46.343864275478786,48.36832046508789,292900,0.0,0.0
2020-03-03,48.187736314583816,49.185706444852,46.210801832129505,46.90462875366211,352100,0.0,0.0
2020-03-04,47.54143035914507,48.65345326918499,46.85710633716789,48.57741928100586,333800,0.0,0.0
2020-03-05,47.17075951459602,47.912108175648726,45.840130179999285,46.38188552856445,328500,0.0,0.0
2020-03-06,44.927698066555756,46.82859494116862,44.81364526926744,46.53395462036133,302300,0.0,0.0
2020-03-09,42.77017049949262,44.05327416420849,42.22841529655283,42.53255844116211,414900,0.0,0.0
2020-03-10,43.81566508366681,45.98268966837301,42.950757277589986,45.963680267333984,569100,0.0,0.0
2020-03-11,44.75661441290372,45.3363885055067,42.884229941842854,44.67107391357422,526400,0.0,0.0
2020-03-12,41.838734200887586,44.005755143944526,40.194459092696,41.0878791809082,397100,0.0,0.0
2020-03-13,42.62760782943686,43.283419523401385,40.17545292679025,43.216888427734375,551400,0.0,0.0
2020-03-16,39.91883140491615,41.18292947306143,38.72126805806469,38.8923454284668,423300,0.0,0.0
2020-03-17,39.71923497400521,43.7491336997975,38.69274907880921,43.483009338378906,498700,0.0,0.0
2020-03-18,40.85027396027571,42.399505949508644,38.96838646369511,41.38252639770508,500800,0.0,0.0
2020-03-19,41.21144161995144,43.15035715158157,37.71379135234629,42.485042572021484,580700,0.0,0.0
2020-03-20,42.65612145723137,43.02679572053723,40.479593942411334,40.50810623168945,1481100,0.0,0.0
2020-03-23,40.66018218952619,41.087884703052175,38.02743963479176,38.2935676574707,462800,0.0,0.0
2020-03-24,40.251491448776946,40.72671568607383,38.21753229325399,39.890323638916016,587600,0.0,0.0
2020-03-25,39.69072187339442,41.31599132266675,38.1700059493842,39.823787689208984,571800,0.0,0.0
2020-03-26,40.23248129527791,41.61062853305019,39.77626288648649,40.82175827026367,1059300,0.0,0.0
2020-03-27,39.44360188935322,41.23994847962825,38.778287397410395,39.852294921875,452800,0.0,0.0
2020-03-30,40.30851614656351,42.40900622203784,39.73824856181842,42.36148452758789,467400,0.0,0.0
2020-03-31,42.161891025259436,42.447024816210195,40.62216565358702,41.354007720947266,281400,0.0,0.0
2020-04-01,39.367571188840365,40.08040749248287,38.90185350083744,39.225006103515625,302400,0.0,0.0
2020-04-02,38.92086197870319,39.700229362103,37.55221398781742,38.512168884277344,427900,0.0,0.0
2020-04-03,38.01793045393816,38.71175724964185,36.34514310926073,36.87739181518555,465500,0.0,0.0
2020-04-06,38.30306674190185,39.25351506614593,38.255545050824175,39.120452880859375,576000,0.0,0.0
2020-04-07,39.956845011556,41.13539880266688,38.92085628151197,39.11094665527344,787100,0.0,0.0
2020-04-08,39.60518386119101,41.2779751082385,38.80681067024428,40.67919158935547,851800,0.0,0.0
2020-04-09,41.41103776319411,43.36896283225762,41.34450666321519,43.05531311035156,557500,0.0,0.0
2020-04-13,42.74166224515076,43.04580541845429,41.06887116630875,41.51558303833008,219600,0.0,0.0
2020-04-14,42.618109648507605,43.13135269377799,42.14288541229573,42.82720947265625,466100,0.0,0.0
2020-04-15,41.44905146010137,41.867247412075415,40.75522462752798,41.62013244628906,399400,0.0,0.0
2020-04-16,41.857747110090436,42.21891488042285,40.86927993453555,41.64864730834961,737900,0.0,0.0
2020-04-17,42.95076091108832,43.492516196677514,41.496576052472335,41.914772033691406,428100,0.0,0.0
2020-04-20,41.02135237461864,41.45855776393437,39.557660983598616,39.975860595703125,507400,0.0,0.0
2020-04-21,38.93036165762552,39.28203014055314,38.23653483085846,38.86383056640625,925600,0.0,0.0
2020-04-22,39.7477524365971,40.35603884226313,38.093974224401684,39.94734573364258,1838000,0.0,0.0
2020-04-23,40.85977737932016,42.96026742524831,40.66968697852137,41.914772033691406,797600,0.0,0.0
2020-04-24,42.30445154371699,42.92224437885137,41.70567173502395,42.570579528808594,484600,0.0,0.0
2020-04-27,42.87472531943869,45.10827747452159,42.77017542163373,44.62355041503906,948600,0.0,0.0
2020-04-28,45.6310279664846,46.20129920535581,43.939230905080116,44.4239616394043,797000,0.0,0.0
2020-04-29,47.52241668880704,48.18773124758487,45.54548241422979,46.657508850097656,1162800,0.0,0.0
2020-04-30,45.98269308826517,46.762060460466884,45.28886621426476,45.42192840576172,646500,0.0,0.0
2020-05-01,44.57603230441346,44.85165959043081,43.777655487372016,44.81364440917969,453300,0.0,0.0
2020-05-04,44.480982624130235,45.07976610748179,43.43549087601919,44.23386764526367,505800,0.0,0.0
2020-05-05,44.80414166029667,45.26035650471088,43.83468375628901,43.98675537109375,330900,0.0,0.0
2020-05-06,44.07229342502492,44.49049306168804,42.97927988754878,43.03630447387695,303700,0.0,0.0
2020-05-07,43.71697722370493,44.18674461260665,42.959602521524154,43.99500274658203,498000,0.39,0.0
2020-05-08,45.049591086174814,45.87407507416753,44.75239094563273,45.85490417480469,408700,0.0,0.0
2020-05-11,45.116696227199235,45.39471812951785,44.2250995413642,44.78114700317383,567500,0.0,0.0
2020-05-12,44.915370018270416,45.34678840534025,43.908729553222656,43.908729553222656,718600,0.0,0.0
2020-05-13,43.38143419997228,43.54441241831962,42.00089926798054,42.298095703125,458800,0.0,0.0
2020-05-14,41.617417439449255,41.80915932539068,40.17935878064704,41.780399322509766,425500,0.0,0.0
2020-05-15,41.579068288729545,42.73910505177312,41.52154828302596,42.16387939453125,1203000,0.0,0.0
2020-05-18,43.5923546793708,44.7523878404878,43.52524556473907,43.87037658691406,655100,0.0,0.0
2020-05-19,43.62111273877615,44.148400183304915,42.681581518647796,42.70075607299805,419200,0.0,0.0
2020-05-20,43.630696318175275,44.493532941110004,43.400608990174106,43.71697998046875,701500,0.0,0.0
2020-05-21,43.71698766664854,44.59899899818445,43.58276942552135,44.25386428833008,401100,0.0,0.0
2020-05-22,44.26343546412583,44.397657319141956,43.8128463223866,44.34013366699219,207700,0.0,0.0
2020-05-26,45.70150297828213,46.47805598008165,45.70150297828213,46.075401306152344,804000,0.0,0.0
2020-05-27,47.158733586247884,47.964046546488355,46.660206167320716,47.887351989746094,892200,0.0,0.0
2020-05-28,48.568033990226155,48.568033990226155,47.47511000143718,47.63808822631836,568600,0.0,0.0
2020-05-29,47.24501814027827,48.280422104637715,46.497228826355695,48.050331115722656,483700,0.0,0.0
2020-06-01,47.973635738184605,49.028210581201236,47.7435447531993,48.232486724853516,387000,0.0,0.0
2020-06-02,48.577620632516286,49.622610090089445,48.54886062910631,49.334999084472656,475300,0.0,0.0
2020-06-03,50.22659975925111,51.65507310944838,49.795181387904776,50.983978271484375,454600,0.0,0.0
2020-06-04,50.39915864459832,51.06066426479875,49.80476213120785,50.93603515625,381300,0.0,0.0
2020-06-05,52.50832073829854,53.46702660463847,52.29740427740851,52.82469177246094,349600,0.0,0.0
2020-06-08,53.21775722010259,53.658764666486746,52.50831697783537,52.70964431762695,286800,0.0,0.0
2020-06-09,52.09607119439461,52.75757685284378,51.59754375985827,52.19194030761719,208200,0.0,0.0
2020-06-10,52.15359191765814,52.211111919481404,50.83057701814244,51.39621353149414,630000,0.0,0.0
2020-06-11,49.536327181496496,49.833527297584105,47.043693551738365,47.197086334228516,592200,0.0,0.0
2020-06-12,48.76935647686989,48.826880133731954,46.32465774639668,47.858585357666016,292200,0.0,0.0
2020-06-15,46.35342082723965,49.93898188551651,46.2575517166026,49.1528434753418,628900,0.0,0.0
2020-06-16,50.68677308884929,50.92644953159971,48.50092510126065,49.09532165527344,730200,0.0,0.0
2020-06-17,49.22953597983315,49.44045240304726,48.61596492012519,48.9035758972168,599200,0.0,0.0
2020-06-18,48.472167944952204,49.45963377677767,48.35712061251181,48.89399719238281,626300,0.0,0.0
2020-06-19,49.373351028806674,49.718485718233325,48.13661961075204,48.32836151123047,925500,0.0,0.0
2020-06-22,47.7627221282232,48.75977702677213,46.842365448257596,48.72142791748047,311900,0.0,0.0
2020-06-23,49.35417737659534,49.70889752181231,47.99281680690325,48.03116226196289,313600,0.0,0.0
2020-06-24,47.3696490477641,47.91611101061655,47.02451440655791,47.532630920410156,262800,0.0,0.0
2020-06-25,47.15873558560071,48.596794242914676,46.91905914271505,48.558448791503906,302100,0.0,0.0
2020-06-26,48.165384154801444,48.29960239044185,47.1108055114491,47.57098388671875,545500,0.0,0.0
2020-06-29,48.39546982508802,49.660961227213356,48.174967923205685,49.584266662597656,243400,0.0,0.0
2020-06-30,49.124088279136544,50.38957968063718,49.124088279136544,50.00609588623047,390600,0.0,0.0
2020-07-01,49.93898675439659,50.188248660658395,49.17202282300736,49.54591751098633,260300,0.0,0.0
2020-07-02,50.418334892176034,51.12777874723324,50.0348511342253,50.49502944946289,193500,0.0,0.0
2020-07-06,51.62630645507053,51.62630645507053,50.24577140393054,50.533382415771484,156700,0.0,0.0
2020-07-07,49.95816040837812,50.84975710539644,49.75683306574106,50.84016799926758,382600,0.0,0.0
2020-07-08,50.705950613910545,50.80182339093111,49.20078275782635,49.776004791259766,210600,0.0,0.0
2020-07-09,49.85269910358343,49.85269910358343,48.50092413956161,49.009037017822266,212100,0.0,0.0
2020-07-10,49.83352775049527,50.98397545821347,49.49798217861484,50.95521545410156,276400,0.0,0.0
2020-07-13,51.587961035522895,52.105659394303174,50.945626240061756,51.14695358276367,262200,0.0,0.0
2020-07-14,51.21406191584172,52.69046972081464,51.051083685808635,52.671295166015625,506600,0.0,0.0
2020-07-15,53.716282964679635,54.29150861928971,53.39032285755228,54.032657623291016,317000,0.0,0.0
2020-07-16,53.90802474765812,54.22439940567151,53.27527908880358,53.80256652832031,389000,0.0,0.0
2020-07-17,53.32321751542025,54.55036347102228,52.719235472571526,54.18605422973633,485100,0.0,0.0
2020-07-20,54.24357677972229,54.24357677972229,51.3578702279397,51.91392135620117,711000,0.0,0.0
2020-07-21,52.52748851832009,52.97807773049542,51.722175548194855,51.95226287841797,342800,0.0,0.0
2020-07-22,51.54001907815966,52.39327026052116,51.23323353330894,51.645477294921875,266100,0.0,0.0
2020-07-23,51.405803775115984,51.818047560110955,51.2715855487776,51.635894775390625,217200,0.0,0.0
2020-07-24,51.616716273254426,51.79886904404476,50.571726888884434,50.71553421020508,245800,0.0,0.0
2020-07-27,50.67719176316381,50.926453674747265,50.0540314984463,50.62925720214844,358400,0.0,0.0
2020-07-28,50.332054138183594,50.77305792529203,50.12113769340462,50.332054138183594,155200,0.0,0.0
2020-07-29,50.312876885245245,51.501673614101676,50.312876885245245,51.22364807128906,230500,0.0,0.0
2020-07-30,50.533378581146266,50.78264412108651,49.73765472019584,50.37998580932617,223700,0.0,0.0
2020-07-31,49.887392803155336,50.495890760903194,48.78629336517072,50.428279876708984,367300,0.39,0.0
2020-08-03,50.814632130669814,51.20097952300962,50.2254483964959,51.065757751464844,282400,0.0,0.0
2020-08-04,50.76633792069781,51.58732933321396,50.534526543372166,51.268592834472656,422500,0.0,0.0
2020-08-05,51.75153543486874,52.55320901244402,51.596992043558835,52.45662307739258,322100,0.0,0.0
2020-08-06,52.379346842084004,52.81399088117994,51.9253848807486,52.26344299316406,238400,0.0,0.0
2020-08-07,52.00265947864833,52.572525320781025,51.925387785367974,52.55320739746094,138300,0.0,0.0
2020-08-10,52.80432871376763,53.71225261298508,52.80432871376763,53.4128303527832,199800,0.0,0.0
2020-08-11,54.1372358377247,54.90027716614712,53.316244428597734,53.4128303527832,434200,0.0,0.0
2020-08-12,54.33041375410916,54.45597840867231,53.38385765440183,53.74123001098633,152400,0.0,0.0
2020-08-13,53.374192590732015,53.606003958768085,52.97818442057944,53.29692459106445,126500,0.0,0.0
2020-08-14,52.86228399689099,53.09409537991596,52.45661868224344,52.7270622253418,140800,0.0,0.0
2020-08-17,52.71740364931868,53.20999775842045,52.55320315660688,53.055458068847656,287000,0.0,0.0
2020-08-18,52.958870002998516,53.40317113198896,52.72705863575494,52.83330535888672,298500,0.0,0.0
2020-08-19,52.67877218463864,53.25829514757936,52.311739009700375,52.78501892089844,168900,0.0,0.0
2020-08-20,52.25378292621405,52.8719453930385,52.25378292621405,52.68842697143555,124800,0.0,0.0
2020-08-21,52.379345734569625,52.53388542470091,51.59698648073923,52.21514892578125,246000,0.0,0.0
2020-08-24,52.97818626878322,54.021331934561815,52.572520966213865,53.77020263671875,187100,0.0,0.0
2020-08-25,54.185530357371846,54.43665966269966,53.89576889196946,54.38836669921875,295800,0.0,0.0
2020-08-26,54.340069022410376,54.54290536041702,54.05996836571743,54.214508056640625,188800,0.0,0.0
2020-08-27,54.5235850111127,54.81334645812898,53.88610835387019,54.24348068237305,226200,0.0,0.0
2020-08-28,54.35938966388561,54.35938966388561,53.470787317750585,54.16621780395508,190100,0.0,0.0
2020-08-31,53.98269747353405,54.08894420345641,53.33556365966796,53.33556365966797,277900,0.0,0.0
2020-09-01,53.43214332087392,54.977540071669935,52.96852429563512,54.91958999633789,273700,0.0,0.0
2020-09-02,54.99686309878937,56.53260287448217,54.96788805843264,56.14625549316406,422600,0.0,0.0
2020-09-03,56.23318455240406,56.42635640167605,54.09860024658688,54.465633392333984,308600,0.0,0.0
2020-09-04,55.22867291031672,55.57638812281246,54.7553930523049,55.170719146728516,292900,0.0,0.0
2020-09-08,54.72642321353546,54.72642321353546,53.673620357658514,54.253143310546875,363500,0.0,0.0
2020-09-09,54.678128758875474,55.03550111393852,53.95372324523805,54.3497314453125,227000,0.0,0.0
2020-09-10,54.57188019490622,54.85198453505792,54.01167151460281,54.34006881713867,324700,0.0,0.0
2020-09-11,54.591202499078285,55.52810151951139,54.175876357103846,55.01618576049805,356400,0.0,0.0
2020-09-14,55.42185117366282,56.26216052233162,55.42185117366282,56.06898498535156,311500,0.0,0.0
2020-09-15,56.349093285696284,57.17974557386407,56.15591773515447,56.53260803222656,342000,0.0,0.0
2020-09-16,56.69680251594246,57.23768957857168,56.55191994730004,56.667823791503906,257200,0.0,0.0
2020-09-17,56.03035116155679,57.672337758323415,55.60536791248891,57.363258361816406,268100,0.0,0.0
2020-09-18,57.53711442908223,57.952440547769264,56.07864629648415,56.870662689208984,657400,0.0,0.0
2020-09-21,55.8371770401753,55.8371770401753,54.00201497380456,54.78437423706055,556300,0.0,0.0
2020-09-22,55.05482211508083,55.412194490127945,54.562227959449245,55.10311508178711,462900,0.0,0.0
2020-09-23,54.88095841057059,55.32525955030017,53.15204312849452,53.345218658447266,278900,0.0,0.0
2020-09-24,53.50941810784111,53.87644755464492,52.85262352948513,53.17136001586914,420500,0.0,0.0
2020-09-25,52.81398915336885,53.895766971770726,52.611156503265406,53.55771255493164,398800,0.0,0.0
2020-09-28,54.09859905475205,56.030346981048766,54.08894193630795,55.61502456665039,540100,0.0,0.0
2020-09-29,55.615024537112674,56.60987353958174,55.21901267529608,56.20420455932617,531200,0.0,0.0
2020-09-30,56.64851076230362,57.56608810154559,55.547411323082926,55.76956558227539,368600,0.0,0.0
2020-10-01,56.155914956069665,56.54226603803327,55.75990675508961,56.47465515136719,264000,0.0,0.0
2020-10-02,55.82751098235127,58.10697398809262,55.82751098235127,57.846187591552734,463300,0.0,0.0
2020-10-05,58.26151428622909,59.87452564100818,58.18424628894032,59.71998596191406,683100,0.0,0.0
2020-10-06,60.34780381154397,60.34780381154397,58.53195975816147,58.638206481933594,366600,0.0,0.0
2020-10-07,59.48818066881557,60.193268256883755,59.101829589414145,59.459205627441406,195700,0.0,0.0
2020-10-08,60.04838612512543,60.34780839810205,59.28534844866511,59.903507232666016,187200,0.0,0.0
2020-10-09,60.21258457922584,60.68586445468988,59.76828342888287,60.50234603881836,150700,0.0,0.0
2020-10-12,60.598934099977846,62.067062966853065,60.42507649176126,62.02842712402344,229700,0.0,0.0
2020-10-13,61.516507470124104,62.443749215947626,61.35231067541031,61.79661178588867,296500,0.0,0.0
2020-10-14,61.73866542735223,62.946007949174835,61.73866542735223,62.63692855834961,222800,0.0,0.0
2020-10-15,61.98013593429673,62.20229020786484,61.101190697391814,61.217098236083984,519800,0.0,0.0
2020-10-16,60.85006935661335,66.80951088852605,60.45406111611767,66.12374114990234,567200,0.0,0.0
2020-10-19,66.02713728691064,66.6259817295866,64.6362765782608,65.81464385986328,649500,0.0,0.0
2020-10-20,66.09476467918603,66.50043003090794,65.5731917831002,65.73738861083984,331700,0.0,0.0
2020-10-21,65.67944350558292,67.07995810330851,65.5635359524263,66.60668182373047,379000,0.0,0.0
2020-10-22,66.81916812532018,68.48047269651023,66.68394634571489,67.6401596069336,298800,0.0,0.0
2020-10-23,68.06514837924874,68.33559194571276,67.2538103108222,67.88162994384766,132900,0.0,0.0
2020-10-26,67.02199192825125,67.35039289887237,66.336222316965,66.89643096923828,287300,0.0,0.0
2020-10-27,67.02198921796911,67.20550761674887,64.03744240915958,64.90672302246094,469300,0.0,0.0
2020-10-28,63.45790888228674,64.84876958185444,62.8300967761516,62.84941101074219,1294000,0.0,0.0
2020-10-29,62.40511715865407,64.09539658902058,62.02842690369508,63.22610855102539,427800,0.0,0.0
2020-10-30,63.090084745168156,63.65365111666986,62.769434146223965,63.5759162902832,301500,0.39,0.0
2020-11-02,64.42125095278612,65.54837602198744,63.65363639939934,65.39291381835938,332500,0.0,0.0
2020-11-03,66.4811869874226,66.8892837069677,65.7135722550205,66.55892181396484,305500,0.0,0.0
2020-11-04,66.02449420244488,66.35486345888394,64.47955367694448,65.30546569824219,185200,0.0,0.0
2020-11-05,66.00507151672112,67.5694496258159,66.00507151672112,67.1516342163086,169000,0.0,0.0
2020-11-06,67.75406333963345,67.8706581536155,66.92814387019253,67.38482666015625,198500,0.0,0.0
2020-11-09,71.10629851396865,73.16622673917027,69.00750287924997,69.30872344970703,463300,0.0,0.0
2020-11-10,69.95973756630845,71.42695080485358,69.50305475997186,71.2423324584961,368900,0.0,0.0
2020-11-11,71.32007583648232,71.32007583648232,69.17270119034454,70.1540756225586,241000,0.0,0.0
2020-11-12,69.84313754063821,70.19293683257268,67.8220840255955,68.65771484375,228700,0.0,0.0
2020-11-13,69.37674843744232,70.49416251109129,69.17270007127706,70.3484115600586,184600,0.0,0.0
2020-11-16,71.7573113987907,72.12654808494437,70.81479709832539,71.36864471435547,279000,0.0,0.0
2020-11-17,70.5330115816513,70.94111566393794,69.2601354605101,70.38726806640625,411700,0.0,0.0
2020-11-18,70.76622311528666,71.10630370689668,68.39536285400389,68.3953628540039,247200,0.0,0.0
2020-11-19,68.0747102426521,68.21074247526096,67.11276590828939,68.1038589477539,415600,0.0,0.0
2020-11-20,67.83179531861535,68.77430966559432,67.62774696718702,68.65771484375,354000,0.0,0.0
2020-11-23,69.32815516860065,70.69820358858021,69.15325552803306,69.9403076171875,319800,0.0,0.0
2020-11-24,70.90226103665071,72.33060704913395,70.31926463097632,71.94194030761719,281400,0.0,0.0
2020-11-25,71.45609752175267,71.79617808726678,70.5621693457726,70.8828125,269700,0.0,0.0
2020-11-27,71.04800114959883,71.27147948795765,70.1929329661032,70.54273223876953,128400,0.0,0.0
2020-11-30,70.06663114527025,70.74679239281099,69.54193214865242,69.68768310546875,303800,0.0,0.0
2020-12-01,70.63990014339672,70.8342371995941,69.6293771039731,70.70791625976562,428500,0.0,0.0
2020-12-02,70.64960604523911,70.97997527429943,69.76539669269404,70.5232925415039,152300,0.0,0.0
2020-12-03,70.51358296355754,71.98079615573053,70.51358296355754,71.42694854736328,212000,0.0,0.0
2020-12-04,71.78645806871465,73.04962290403678,71.76702807098363,72.85529327392578,244000,0.0,0.0
2020-12-07,72.87472951431977,72.89415951371522,71.52411845371044,71.67958068847656,213700,0.0,0.0
2020-12-08,71.33950423117656,72.37918346925855,71.32979293751688,72.12655639648438,437900,0.0,0.0
2020-12-09,72.69010861471058,72.98161048783844,71.67957817792143,72.13626098632812,172300,0.0,0.0
2020-12-10,71.82532670216197,71.82532670216197,70.61074796025638,71.222900390625,147900,0.0,0.0
2020-12-11,70.70790328958758,71.51438524516956,70.2026418625575,70.72734069824219,228900,0.0,0.0
2020-12-14,71.27148652233232,71.45610488257229,70.0083289469883,70.0569076538086,239000,0.0,0.0
2020-12-15,70.61074164143436,71.0091269914648,69.58078133269171,70.82450866699219,259700,0.0,0.0
2020-12-16,71.18403465543159,71.18403465543159,69.92086976886205,70.41641998291016,156400,0.0,0.0
2020-12-17,70.66905619770085,71.07715289554457,70.06662244383581,70.77593231201172,329000,0.0,0.0
2020-12-18,71.00913316468622,71.60184818227927,70.80508482615096,71.42694854736328,994500,0.0,0.0
2020-12-21,70.1929261329525,71.03827552846965,69.88199430009554,71.02855682373047,281800,0.0,0.0
2020-12-22,70.99941977188425,71.5046813032273,70.59132306427631,71.40751647949219,228300,0.0,0.0
2020-12-23,71.59213611306149,71.64072223239762,70.76622397675416,71.28120422363281,247400,0.0,0.0
2020-12-24,71.66014817920652,72.24314451226164,71.06743314019364,72.13626098632812,54400,0.0,0.0
2020-12-28,72.77756214192917,73.00104048655335,72.11683098761321,72.13626098632812,139300,0.0,0.0
2020-12-29,72.43747226023102,72.46662096115931,71.0382753100765,71.57269287109375,153200,0.0,0.0
2020-12-30,71.70874095184384,72.84558501880397,71.70874095184384,71.92250061035156,116700,0.0,0.0
2020-12-31,71.88363645473339,72.2431470425555,71.29092139496086,71.67958068847656,153900,0.0,0.0
2021-01-04,71.92248392277055,72.83584941244246,70.80507752879271,71.08686065673828,370900,0.0,0.0
2021-01-05,71.29091405482336,73.32168608319701,71.27147664422836,72.98160552978516,177900,0.0,0.0
2021-01-06,74.19618551218873,76.46016202762681,73.65205661732644,75.73141479492188,288300,0.0,0.0
2021-01-07,75.9646175844407,76.25611946487034,75.0123845331446,75.30388641357422,166300,0.0,0.0
2021-01-08,75.37189178636474,75.49820529617126,74.08929703906885,75.1386947631836,177300,0.0,0.0
2021-01-11,74.38080980216704,75.48850509146304,74.28363756613692,74.96380615234375,357500,0.0,0.0
2021-01-12,75.22613977577876,75.43990679942735,74.58484611803256,75.06095886230469,423500,0.0,0.0
2021-01-13,74.98321907220426,75.06095387804187,72.19455148487202,72.41802978515625,245900,0.0,0.0
2021-01-14,72.81642101306498,74.34193148870301,72.43747307035999,73.4285659790039,336500,0.0,0.0
2021-01-15,72.57351850875486,73.37028194541674,71.7087389523731,73.00104522705078,265400,0.0,0.0
2021-01-19,73.34113070267223,74.2836376395692,73.010761408885,73.45772552490234,159700,0.0,0.0
2021-01-20,73.77837263734199,73.77837263734199,73.25367372241828,73.70063781738281,185200,0.0,0.0
2021-01-21,73.74921761153266,73.83666371659069,73.195370039899,73.50630187988281,257400,0.0,0.0
2021-01-22,72.78726861145473,74.11844198905726,72.27228106707784,74.07957458496094,270200,0.0,0.0
2021-01-25,73.64233320579676,75.43018941077837,73.64233320579676,74.86663055419922,280700,0.0,0.0
2021-01-26,75.36218325969828,75.51765290494937,74.35165280516836,74.68202209472656,342500,0.0,0.0
2021-01-27,72.98161321677277,73.16623157087038,69.23099320250054,70.30953979492188,512300,0.0,0.0
2021-01-28,71.00912765707773,71.00912765707773,69.22126403736227,70.00831604003906,233400,0.0,0.0
2021-01-29,69.69740284651353,70.348415394987,67.9775548743353,68.53140258789062,528100,0.0,0.0
2021-02-01,68.87336520813838,73.5730567105498,68.5509391639295,73.52420043945312,432900,0.39,0.0
2021-02-02,74.56966226870605,74.6087457956091,72.85002435707477,73.39718627929688,330300,0.0,0.0
2021-02-03,72.95750557392003,74.42310435582002,72.69370107312322,73.30924987792969,286600,0.0,0.0
2021-02-04,73.04544806697659,73.65122414830647,72.40058100107183,73.36787414550781,307900,0.0,0.0
2021-02-05,73.71960467000463,73.96387109694888,71.60914661750465,72.75231170654297,258500,0.0,0.0
2021-02-08,73.2799262180255,73.84662610317226,73.12359213063898,73.35809326171875,229100,0.0,0.0
2021-02-09,73.5828221546924,74.10066582994764,73.03566769848615,73.69029998779297,274300,0.0,0.0
2021-02-10,74.32539879562826,75.59558738041943,74.32539879562826,75.24384307861328,251000,0.0,0.0
2021-02-11,75.41971481827598,76.17205223755745,75.36108579868075,75.72260284423828,223100,0.0,0.0
2021-02-12,76.11343067951468,77.63765100955912,74.27654212338851,76.85600280761719,365200,0.0,0.0
2021-02-16,76.36746158397219,76.73874388045039,73.42649162829025,73.44602966308594,212700,0.0,0.0
2021-02-17,73.01612640749632,75.16566806483726,73.01612640749632,75.07772827148438,276200,0.0,0.0
2021-02-18,74.94093494705575,76.4944732602096,74.8139190917844,76.26974487304688,320100,0.0,0.0
2021-02-19,76.69966142977627,77.4324607427996,76.00594564131126,76.54332733154297,247800,0.0,0.0
2021-02-22,75.92778991717248,77.97962680879468,75.81053932600904,77.11003875732422,195100,0.0,0.0
2021-02-23,76.91461044717428,78.1945640846685,76.2111219747007,76.5628662109375,311100,0.0,0.0
2021-02-24,76.97324098231385,77.59856248537649,76.51401887284779,77.23705291748047,171400,0.0,0.0
2021-02-25,76.96346625502804,77.58879519640523,76.12319656364582,76.38700103759766,132700,0.0,0.0
2021-02-26,76.4260922446573,77.21751320048628,76.00595362952394,76.0645751953125,237300,0.0,0.0
2021-03-01,77.37384005368266,77.64741727424875,76.38700154713763,76.39677429199219,331200,0.0,0.0
2021-03-02,76.14273589895348,76.55310173407234,74.58919744540312,74.79438781738281,369400,0.0,0.0
2021-03-03,74.95072644890203,75.05820429734514,72.92820027594207,72.93797302246094,196800,0.0,0.0
2021-03-04,72.6546096947391,73.6707589682679,71.33557242442328,72.3321762084961,323900,0.0,0.0
2021-03-05,73.50466357149872,75.34154459584461,72.35172562685064,75.33177185058594,308800,0.0,0.0
2021-03-08,75.62489560811014,77.22728294912407,75.37085640885068,76.65081024169922,187600,0.0,0.0
2021-03-09,77.13934135646006,77.13934135646006,75.6542046314132,75.80076599121094,274000,0.0,0.0
2021-03-10,75.98640367638195,79.20095103981193,75.98640367638195,78.3997573852539,178200,0.0,0.0
2021-03-11,79.15209994387868,80.11939296685055,78.50723295895061,79.161865234375,205200,0.0,0.0
2021-03-12,79.50385008622736,79.81651085685775,78.33136660554783,78.63426208496094,188400,0.0,0.0
2021-03-15,78.1359584241609,78.17504195329512,77.05141471755447,77.70604705810547,228900,0.0,0.0
2021-03-16,77.43246483728521,78.63425905413699,76.71920352161504,78.40953063964844,273200,0.0,0.0
2021-03-17,78.4876966178046,79.44521691652935,77.78420805703192,79.03485107421875,212000,0.0,0.0
2021-03-18,78.9469178052387,79.66994439336449,77.5106299195797,77.88191223144531,350300,0.0,0.0
2021-03-19,77.62787058566643,77.62787058566643,75.7812169209445,76.21112823486328,843100,0.0,0.0
2021-03-22,76.52378982325301,76.53356256806488,75.79099050518518,76.23066711425781,330200,0.0,0.0
2021-03-23,75.61512769040354,75.83008337623775,73.81733005328294,73.99320220947266,231000,0.0,0.0
2021-03-24,74.60875102892614,75.75191631694875,73.93457318779537,73.99320220947266,411100,0.0,0.0
2021-03-25,73.71960365165181,75.2047476814323,73.44602644996058,74.83345794677734,285000,0.0,0.0
2021-03-26,75.31223538349413,76.40654433380872,75.18521205574643,76.33815002441406,260000,0.0,0.0
2021-03-29,76.28930028359814,77.77443703582134,75.33177250922883,75.50764465332031,215700,0.0,0.0
2021-03-30,75.51740858425353,76.24043511249532,75.03864848016015,75.96685791015625,181600,0.0,0.0
2021-03-31,76.02548335759471,77.22727750585854,75.81052770063532,76.21112823486328,264200,0.0,0.0
2021-04-01,76.41631844295489,77.54971839534464,75.9180127773752,77.50086212158203,193300,0.0,0.0
2021-04-05,78.36067275799034,78.5463176420402,77.1588860202475,77.40315246582031,187600,0.0,0.0
2021-04-06,77.04163323919079,78.88828691854854,77.04163323919079,77.52039337158203,147900,0.0,0.0
2021-04-07,77.57902177098843,77.57902177098843,76.11342315108722,76.21112823486328,131200,0.0,0.0
2021-04-08,76.26975163695657,76.84622431767733,75.48810349344299,76.57264709472656,138400,0.0,0.0
2021-04-09,76.78759120346497,77.71580810826482,76.39677087978066,77.61810302734375,169000,0.0,0.0
2021-04-12,77.61811451577825,78.06756391807512,77.42269687059203,77.86238098144531,123800,0.0,0.0
2021-04-13,77.44224051227795,78.18480518298334,76.96347288382486,77.82329559326172,211800,0.0,0.0
2021-04-14,77.89167921178534,78.80035061580436,77.46176791608008,77.92098999023438,112800,0.0,0.0
2021-04-15,78.34113460038309,79.06416119091583,77.9112232714294,78.85897827148438,107700,0.0,0.0
2021-04-16,79.66994291789815,80.11939227270241,78.91759810866701,79.30842590332031,145200,0.0,0.0
2021-04-19,79.1325497147587,79.33773261919633,78.06755166966528,78.57562255859375,181200,0.0,0.0
2021-04-20,78.11640641562505,78.74172792076399,77.45200138461236,78.21411895751953,184000,0.0,0.0
2021-04-21,78.53654276068404,79.43544892130004,77.98938832289875,78.65379333496094,306000,0.0,0.0
2021-04-22,78.83944655254102,80.5493118058868,78.47792950109924,79.64064025878906,371400,0.0,0.0
2021-04-23,79.57224379653026,84.03743435356951,79.14233244474909,83.00173950195312,473200,0.0,0.0
2021-04-26,83.38278906785203,83.57820669411554,81.24302010481323,81.42865753173828,248100,0.0,0.0
2021-04-27,81.37003310147146,81.56545072084337,80.47113441562058,81.20393371582031,169900,0.0,0.0
2021-04-28,81.30164820206704,81.64361975749713,80.61770509120687,80.7544937133789,210900,0.0,0.0
2021-04-29,81.35049658301074,81.73155162986336,80.54930296470262,81.39934539794922,186900,0.0,0.0
2021-04-30,80.76126015985577,81.32080672024348,80.31951563462135,80.7318115234375,242000,0.39,0.0
2021-05-03,81.55641027212191,82.27301871867851,81.11465826021531,81.50732421875,162200,0.0,0.0
2021-05-04,81.31100284073632,81.84110081255578,80.5256708477858,81.78219604492188,310600,0.0,0.0
2021-05-05,81.93926100029724,82.97000075953906,81.49750896963884,82.15522766113281,191900,0.0,0.0
2021-05-06,82.28283859981418,82.96018720070201,81.53677401691455,82.87183380126953,146300,0.0,0.0
2021-05-07,82.48899072337333,83.4608332294661,82.48899072337333,83.28413391113281,125200,0.0,0.0
2021-05-10,83.42156291687606,84.13817132012792,83.02889698207021,83.18595886230469,291900,0.0,0.0
2021-05-11,82.518435016934,84.43267877967355,82.518435016934,84.18726348876953,174600,0.0,0.0
2021-05-12,83.57863244721696,84.02037698338238,81.28154887598814,81.33062744140625,291100,0.0,0.0
2021-05-13,81.340458091435,83.54919607547582,81.340458091435,83.34304809570312,243900,0.0,0.0
2021-05-14,84.00075029440198,84.24616559939783,82.97982172688153,84.08910369873047,136500,0.0,0.0
2021-05-17,83.6669929305273,84.08910757415343,83.04854154016743,83.96148681640625,190100,0.0,0.0
2021-05-18,83.94185326776017,84.36396789318906,83.2546859180374,83.83386993408203,250300,0.0,0.0
2021-05-19,83.0092753216198,84.10873864986287,82.53808210200218,84.0007553100586,245500,0.0,0.0
2021-05-20,84.0007560998921,84.72718335583032,83.83387547843678,84.560302734375,183600,0.0,0.0
2021-05-21,85.31617557582516,86.15058606945762,85.03149293880132,85.25727081298828,205200,0.0,0.0
2021-05-24,85.5812234211897,85.7971900827637,85.18855744464432,85.34562683105469,147700,0.0,0.0
2021-05-25,85.82664378223221,85.9542570491066,84.70755055123828,84.72718048095703,139500,0.0,0.0
2021-05-26,85.15911947396387,85.55178549969402,85.06095483990171,85.18856811523438,198300,0.0,0.0
2021-05-27,85.45361008328598,85.80700871290391,84.99222812298032,85.08057403564453,366000,0.0,0.0
2021-05-28,85.25727564726972,85.25727564726972,84.42286510632431,85.15911102294922,206400,0.0,0.0
2021-06-01,86.32728379087052,86.54325044184522,85.37507127856223,86.2585678100586,151200,0.0,0.0
2021-06-02,86.3960107931032,86.8083067305708,85.89536144647474,86.111328125,243800,0.0,0.0
2021-06-03,85.83645321664812,86.57269907798172,85.51250324018608,86.2585678100586,130000,0.0,0.0
2021-06-04,86.60214683944595,87.40710867346145,86.26837815781603,87.289306640625,138300,0.0,0.0
2021-06-07,87.58381028240547,87.95683882864888,86.87701304575032,87.36784362792969,154900,0.0,0.0
2021-06-08,87.36785256251949,88.32006518764145,87.23042058461334,87.94702911376953,224400,0.0,0.0
2021-06-09,87.68197032212645,87.99610157873786,86.8770085089672,86.94572448730469,344400,0.0,0.0
2021-06-10,87.37767485198285,87.37767485198285,86.68069622419551,86.73959350585938,255500,0.0,0.0
2021-06-11,86.91629361697701,87.5052889073227,86.76904292202023,87.29914093017578,127100,0.0,0.0
2021-06-14,87.51509939325398,87.51509939325398,86.62178408675217,87.01445007324219,214500,0.0,0.0
2021-06-15,87.19115649491143,87.75070313715676,86.87702517802775,87.5249252319336,154400,0.0,0.0
2021-06-16,87.61325915551008,87.61325915551008,86.63159798850157,87.11260986328125,133400,0.0,0.0
2021-06-17,87.04390307356928,87.51510377886657,85.83646390474442,86.36656188964844,274300,0.0,0.0
2021-06-18,85.83645742936629,86.01315674433769,84.6780969177717,85.34562683105469,440300,0.0,0.0
2021-06-21,86.1211403662958,87.1518801325467,85.53213765474604,86.6806869506836,161400,0.0,0.0
2021-06-22,86.39600990675514,86.61197658306477,85.6106779000803,85.81682586669922,189500,0.0,0.0
2021-06-23,85.85608240894311,85.85608240894311,84.93331854067421,85.1787338256836,287300,0.0,0.0
2021-06-24,85.41434561110245,86.05242690768992,84.9922309831582,85.97389221191406,146500,0.0,0.0
2021-06-25,85.60085278441684,86.26838269329127,85.43397217956837,85.5910415649414,780500,0.0,0.0
2021-06-28,85.6793931592445,86.33710440278149,84.46213529979853,84.99223327636719,190700,0.0,0.0
2021-06-29,85.11002075404502,85.74810201477148,84.58974153036172,84.74681091308594,125100,0.0,0.0
2021-06-30,84.42286731269729,85.32599386321816,84.15782207115696,84.97259521484375,239800,0.0,0.0
2021-07-01,85.44379229012003,86.30765145540074,85.05112630972674,85.9051742553711,212600,0.0,0.0
2021-07-02,86.06224200797068,86.06224200797068,85.46342803227151,85.84627532958984,133800,0.0,0.0
2021-07-06,85.6401197641385,85.6401197641385,83.45101951360681,84.52102661132812,102800,0.0,0.0
2021-07-07,84.23634707747881,85.44379367611522,84.01056919048973,85.15911102294922,104600,0.0,0.0
2021-07-08,84.10873209570383,84.86460792595112,83.68661747922062,84.30506134033203,130700,0.0,0.0
2021-07-09,85.04131038392676,85.6892103962029,84.28543452575214,84.41304779052734,319700,0.0,0.0
2021-07-12,83.8927673948069,85.35544052309024,83.53936875462719,84.90387725830078,265100,0.0,0.0
2021-07-13,84.19708270753196,84.64865347644171,82.5282615666223,82.60679626464844,136000,0.0,0.0
2021-07-14,82.72458820600585,83.94185351847128,81.65458106479309,83.04853820800781,277300,0.0,0.0
2021-07-15,82.75405060653196,83.00927715216936,81.81164916755219,82.20431518554688,116400,0.0,0.0
2021-07-16,82.44972666938956,82.44972666938956,80.63365484643897,80.74163818359375,138600,0.0,0.0
2021-07-19,79.53418942887235,79.60290541528049,77.82610098852653,78.01261901855469,338600,0.0,0.0
2021-07-20,77.82610397080757,80.13300644803044,76.77572671575811,79.44584655761719,294700,0.0,0.0
2021-07-21,80.25080755633786,81.39934942664121,80.25080755633786,80.74163818359375,274300,0.0,0.0
2021-07-22,80.36861167257803,80.80053754283819,79.60290958317802,80.01521301269531,187900,0.0,0.0
2021-07-23,82.87184302512951,84.43268834666684,81.06558987436152,83.99093627929688,375000,0.0,0.0
2021-07-26,84.51121722733758,85.48306730107514,83.77497125664742,84.84498596191406,288200,0.0,0.0
2021-07-27,84.36396674897684,84.85479735377287,83.10744159901587,84.32469940185547,384800,0.0,0.0
2021-07-28,84.06946785499342,84.52103112590669,82.58715728799751,84.41304779052734,226400,0.0,0.0
2021-07-29,85.12966320617751,85.83646049127557,84.77626456362849,85.71865844726562,168600,0.0,0.0
2021-07-30,85.88629240804923,87.16818040105305,85.63977606501632,85.96517944335938,210800,0.39,0.0
2021-08-02,86.10323122860945,86.96111084290494,85.27493989597825,85.57075500488281,209300,0.0,0.0
2021-08-03,85.36367965127624,86.28072075565967,84.63399337649129,85.8567123413086,127900,0.0,0.0
2021-08-04,85.15660211018532,85.50172346948658,83.86485894119429,83.89443969726562,92700,0.0,0.0
2021-08-05,84.54523956377082,85.3045140832754,84.0522068971611,84.97911071777344,95700,0.0,0.0
2021-08-06,85.70878829880697,86.1229338913788,85.60032052126472,85.906005859375,73400,0.0,0.0
2021-08-09,85.58060887727389,85.83698796349664,85.14673773490941,85.45242309570312,93800,0.0,0.0
2021-08-10,85.32423182210266,86.70472478905702,85.09744100907272,86.32015991210938,80600,0.0,0.0
2021-08-11,86.49765512381595,87.19776063102434,86.49765512381595,87.1188735961914,67900,0.0,0.0
2021-08-12,87.27664252939357,87.3259412809515,86.52723078874905,87.16817474365234,83900,0.0,0.0
2021-08-13,87.10900899145774,87.74995297050974,86.60612108198076,87.63162994384766,68300,0.0,0.0
2021-08-16,87.1090104708394,87.8189787351956,86.24127566056053,87.60204315185547,79500,0.0,0.0
2021-08-17,86.73430783961707,87.1977597607831,86.10322661341532,86.18211364746094,125000,0.0,0.0
2021-08-18,85.97504112141996,86.56667883263594,84.7819029389279,84.841064453125,92200,0.0,0.0
2021-08-19,84.19025511898444,85.57074808481191,84.11137561017141,84.2691421508789,167300,0.0,0.0
2021-08-20,84.4466384975096,85.00869546289451,84.0620736013558,84.99883270263672,206000,0.0,0.0
2021-08-23,85.8073986650254,86.44834261142361,85.3143660175008,85.70879364013672,112800,0.0,0.0
2021-08-24,85.53129931965401,86.43848508460191,85.53129931965401,85.84683990478516,131600,0.0,0.0
2021-08-25,85.50172698022254,86.2511387648203,85.4031219482422,85.40312194824219,127900,0.0,0.0
2021-08-26,85.37354080062966,85.51158934938734,84.1310963387289,84.17053985595703,120800,0.0,0.0
2021-08-27,84.624132018103,86.77375488317772,84.624132018103,86.4976577758789,205500,0.0,0.0
2021-08-30,86.77374481371744,86.91179335134733,85.6890745081622,85.77781677246094,121400,0.0,0.0
2021-08-31,85.55102824115843,86.23140818808349,85.32422991012922,85.6397705078125,218000,0.0,0.0
2021-09-01,85.48200868227468,86.9413812058449,84.92980696358067,86.74417114257812,271300,0.0,0.0
2021-09-02,86.7638843597222,87.5527396154935,86.56667430732001,86.8329086303711,253400,0.0,0.0
2021-09-03,86.95124258674828,87.41469450346399,86.29058060989387,86.96110534667969,206700,0.0,0.0
2021-09-07,86.76388913967213,87.61190595326632,86.4384932875901,86.74417114257812,238600,0.0,0.0
2021-09-08,86.80333223599405,88.4303415808408,86.13280749182431,88.42047882080078,236700,0.0,0.0
2021-09-09,88.7458855373704,90.89550839908776,88.7458855373704,89.40654754638672,287800,0.0,0.0
2021-09-10,90.06720837467584,90.64899086201883,89.33752209850837,89.81083679199219,221200,0.0,0.0
2021-09-13,90.74758945417143,90.76731497333577,88.04577260591782,89.07128143310547,166700,0.0,0.0
2021-09-14,89.73195414323729,90.38276093821275,88.84449375148994,90.20526885986328,231200,0.0,0.0
2021-09-15,90.37288397972581,92.414038798535,90.25455343838868,91.99989318847656,285500,0.0,0.0
2021-09-16,92.12808731957195,92.54223296718264,91.28007050413194,91.55616760253906,211400,0.0,0.0
2021-09-17,92.2858512629812,92.2858512629812,89.43612304138468,90.12637329101562,703300,0.0,0.0
2021-09-20,88.74587271826118,90.06719654543204,87.55273466559647,88.59796142578125,269400,0.0,0.0
2021-09-21,89.14030433770874,89.27835287741792,87.91758547610694,88.95294952392578,240700,0.0,0.0
2021-09-22,89.70236409657674,91.14201857276278,89.20933143255078,90.57009887695312,284600,0.0,0.0
2021-09-23,91.45756181226503,92.08864303855704,90.67856927788672,90.80675506591797,292600,0.0,0.0
2021-09-24,91.11243781661426,91.90128556520695,90.12637248856232,90.57009887695312,185500,0.0,0.0
2021-09-27,90.85606040334696,92.16752911942385,90.52080179669477,91.39839935302734,184900,0.0,0.0
2021-09-28,91.57588522993085,91.57588522993085,89.61360990679772,90.51093292236328,191300,0.0,0.0
2021-09-29,90.56023305639357,91.94072597362371,89.84040960417035,91.48713684082031,188400,0.0,0.0
2021-09-30,92.22669396849517,92.77888817499144,89.72208699561568,89.81083679199219,259100,0.0,0.0
2021-10-01,90.52079952645131,93.19303564505041,90.13623465289787,92.72958374023438,262400,0.0,0.0
2021-10-04,92.38446594301703,93.23248275407099,91.31951354917045,91.85198974609375,233900,0.0,0.0
2021-10-05,92.29571273836095,92.29571273836095,90.42218711983809,90.53065490722656,397500,0.0,0.0
2021-10-06,90.10665373771042,90.96453334586712,89.00226530210487,89.63334655761719,360800,0.0,0.0
2021-10-07,89.83054852719948,91.0729929282845,89.55445144319866,89.5938949584961,273000,0.0,0.0
2021-10-08,89.58404032441878,89.58404032441878,87.86828863030362,87.91759490966797,151500,0.0,0.0
2021-10-11,88.02604857863537,88.57825027837602,87.52316067764131,87.84855651855469,114900,0.0,0.0
2021-10-12,88.065496517431,89.00226314054642,87.64148810389244,88.24298858642578,203300,0.0,0.0
2021-10-13,88.30216100604183,88.41062880364103,86.84278088030472,87.5133056640625,181500,0.0,0.0
2021-10-14,88.01618896852742,90.88563502032325,87.77952788479169,90.51093292236328,303100,0.0,0.0
2021-10-15,95.59903287271182,97.3246472388119,91.38853712958354,94.86934661865234,323100,0.0,0.0
2021-10-18,94.82004274085247,96.20052814066625,94.0114619737027,94.91864776611328,242300,0.0,0.0
2021-10-19,95.18488816014343,95.20461368030296,93.67620936045238,94.61296844482422,258300,0.0,0.0
2021-10-20,94.71157769333766,95.30321538508225,94.18895675049716,94.48477935791016,111500,0.0,0.0
2021-10-21,94.09035204615479,95.28349019348511,93.77481144126646,95.19474792480469,155100,0.0,0.0
2021-10-22,95.23418927661139,96.22025458486436,94.50449553188568,94.66226959228516,160100,0.0,0.0
2021-10-25,95.00739583556984,96.07234822883545,94.58338743027419,95.09614562988281,103900,0.0,0.0
2021-10-26,95.11586442529061,95.38210628738261,94.24812961039152,95.1750259399414,161800,0.0,0.0
2021-10-27,94.76087935775182,94.90879066600347,92.92679719082719,93.38038635253906,226000,0.0,0.0
2021-10-28,94.0114629902353,94.92850402893097,92.47320351490629,92.7986068725586,119800,0.0,0.0
2021-10-29,92.72927852143305,94.86850299079768,92.72927852143305,94.68032836914062,266100,0.41,0.0
2021-11-01,94.65061586323829,95.4132051350975,94.18513605641525,94.56148529052734,158900,0.0,0.0
2021-11-02,94.58129985745825,96.35408114894113,94.04649369499967,96.04706573486328,251400,0.0,0.0
2021-11-03,96.22532764039077,96.60166933279905,95.00715687506923,95.51225280761719,208300,0.0,0.0
2021-11-04,95.9678307454784,97.6811840432751,95.37360421188417,95.65090942382812,203700,0.0,0.0
2021-11-05,96.6809020284957,97.82973894344113,96.6809020284957,97.10676574707031,157600,0.0,0.0
2021-11-08,97.75050936918232,98.43387403178521,96.82945560671769,98.36454772949219,114600,0.0,0.0
2021-11-09,98.47348519563207,98.6121377932548,97.44348907329177,98.53290557861328,106600,0.0,0.0
2021-11-10,98.63194339983846,99.36483006116228,98.00800670211682,98.5031967163086,100200,0.0,0.0
2021-11-11,99.0380062869636,99.41434799069397,98.53291033922002,98.7706069946289,101800,0.0,0.0
2021-11-12,99.20636596838648,100.8404945319975,99.01819890043126,100.73155212402344,139700,0.0,0.0
2021-11-15,101.37530337948883,102.01905192863099,99.73126885571038,101.98934173583984,270700,0.0,0.0
2021-11-16,101.91010748258115,105.20807482454109,101.27626486236063,104.32662963867188,277200,0.0,0.0
2021-11-17,103.71260013596913,105.29720670615961,100.67213368204108,101.66251373291016,206400,0.0,0.0
2021-11-18,101.88039575672018,101.88039575672018,100.77116741003208,101.266357421875,167300,0.0,0.0
2021-11-19,100.80087705844103,102.25673689437173,100.80087705844103,101.62289428710938,248800,0.0,0.0
2021-11-22,102.03885517616081,103.18769965916763,101.11780142892263,102.06856536865234,132900,0.0,0.0
2021-11-23,101.74175196316496,102.56376171140539,101.15742376949943,101.87049865722656,141300,0.0,0.0
2021-11-24,101.08809044289507,101.77145508883648,100.52357412198695,101.51395416259766,144500,0.0,0.0
2021-11-26,99.09742335162801,99.63222947437396,97.73070163083281,98.95877075195312,112200,0.0,0.0
2021-11-29,99.94915161930781,100.33539922963926,98.31502304544398,98.42396545410156,148500,0.0,0.0
2021-11-30,97.70099773179147,98.26551408282806,95.5419688257918,96.35408020019531,300800,0.0,0.0
2021-12-01,98.05753223153404,98.35464171707092,95.50234985351562,95.50234985351562,223600,0.0,0.0
2021-12-02,96.23522760486789,96.9681142818819,94.94773807400568,96.62147521972656,220000,0.0,0.0
2021-12-03,96.97801040794162,97.49301225322233,94.71994515586454,94.77936553955078,209100,0.0,0.0
2021-12-06,95.78956143660577,99.14694926442225,95.6806190245881,98.41407012939453,218700,0.0,0.0
2021-12-07,99.76098496226358,100.10761646578776,97.2058026402852,97.38407135009766,145200,0.0,0.0
2021-12-08,97.43358444449706,98.34473981291072,97.20580126939363,98.2754135131836,136200,0.0,0.0
2021-12-09,97.50290701955215,99.1172312395299,97.19589164048875,97.95848846435547,113200,0.0,0.0
2021-12-10,98.64185024554982,99.17665637263774,97.8594491090323,98.19618225097656,129000,0.0,0.0
2021-12-13,97.62176264384775,98.42396807807671,96.78984701664737,97.0473403930664,142300,0.0,0.0
2021-12-14,96.59176444797231,97.95849374404581,96.19561091931334,96.75022888183594,252500,0.0,0.0
2021-12-15,96.50263749753017,97.46330738493053,95.2349522029814,96.83936309814453,370000,0.0,0.0
2021-12-16,97.41378602090629,98.73099335085561,96.29465924207742,96.71061706542969,178800,0.0,0.0
2021-12-17,96.37387913113754,97.51281768664354,95.7697467031561,96.24513244628906,386700,0.0,0.0
2021-12-20,94.87840904775774,94.91801759932348,92.26380639642412,94.0464859008789,338300,0.0,0.0
2021-12-21,94.52187657136494,96.42340449780977,94.47235454532199,96.28475189208984,146300,0.0,0.0
2021-12-22,95.93811572702597,96.58185669837614,95.73013682852823,96.27484130859375,94700,0.0,0.0
2021-12-23,96.72051952629458,97.48310884186084,96.11638708996281,96.21542358398438,73200,0.0,0.0
2021-12-27,96.89878057617882,98.17637174886313,96.32436588908057,98.16647338867188,75000,0.0,0.0
2021-12-28,98.0179092805763,99.661936142594,97.74060409103113,99.32521057128906,126100,0.0,0.0
2021-12-29,99.5232902343946,99.78079116598688,98.83993313024615,99.40444946289062,108600,0.0,0.0
2021-12-30,99.63222868677052,100.08780259010088,98.41406549125668,98.63194274902344,91200,0.0,0.0
2021-12-31,98.65175935914564,99.67184962209912,98.16647524061443,99.09742736816406,92500,0.0,0.0
2022-01-03,99.44406361956447,100.78107516473459,97.76041301497983,98.4734878540039,143300,0.0,0.0
2022-01-04,98.55272273450788,99.62232746595365,98.25560569155056,98.41407012939453,137900,0.0,0.0
2022-01-05,98.6814705453627,98.95877575874263,96.22533217885449,96.3837890625,143300,0.0,0.0
2022-01-06,96.59176288981217,97.76041162470419,95.25475136365604,96.09657287597656,136000,0.0,0.0
2022-01-07,95.55187195470229,96.09657645661763,94.40302745291679,94.64071655273438,112600,0.0,0.0
2022-01-10,94.20495432975963,94.79918085646706,93.01649372034451,93.95735931396484,133000,0.0,0.0
2022-01-11,94.25446598220464,94.82888821512003,92.87783834001083,94.65061950683594,104800,0.0,0.0
2022-01-12,95.25475641631373,95.63109812663133,93.68995407615046,93.74938201904297,115200,0.0,0.0
2022-01-13,94.43273354292177,94.65061835662121,92.93725759471191,93.18485260009766,77000,0.0,0.0
2022-01-14,92.22419575578344,92.84813248592874,90.96640882301385,91.1149673461914,104500,0.0,0.0
2022-01-18,90.02554682670059,90.53064276098243,89.32237790752396,89.88689422607422,115400,0.0,0.0
2022-01-19,89.85717936751712,91.62005453193227,89.41150384064835,89.87698364257812,112000,0.0,0.0
2022-01-20,90.0255486244467,91.52102462506627,89.08468303740781,89.27285766601562,353900,0.0,0.0
2022-01-21,89.29266954585924,90.75842779852852,88.14382505311828,88.18344116210938,148600,0.0,0.0
2022-01-24,87.11383333311524,88.08440916292874,85.31134184003352,87.7377700805664,230700,0.0,0.0
2022-01-25,86.45027225528106,87.31190558688846,84.4893165045883,86.32152557373047,287400,0.0,0.0
2022-01-26,87.48027394489965,87.89623176346696,83.72673254935098,84.47942352294922,364700,0.0,0.0
2022-01-27,84.96471044817991,86.03432277921857,82.8750078139472,83.7861557006836,208500,0.0,0.0
2022-01-28,83.88518589329946,83.89509180932372,82.23125304925165,83.75643920898438,206600,0.0,0.0
2022-01-31,83.11268577995244,83.97431907930977,82.54816949582168,83.92479705810547,239300,0.0,0.0
2022-02-01,83.82529188278902,84.52192545948272,83.13860479095055,83.546630859375,433000,0.41,0.0
2022-02-02,84.25322663907957,85.10908749897013,82.80023501095513,83.24807739257812,597400,0.0,0.0
2022-02-03,82.77037752002562,83.45706459255533,81.00888547263867,81.7652359008789,411000,0.0,0.0
2022-02-04,81.44676436554117,82.34244148537199,80.31224254466751,80.98897552490234,702600,0.0,0.0
2022-02-07,80.92927089891563,82.45191829376809,80.21272916187057,81.8448486328125,307200,0.0,0.0
2022-02-08,81.84484893305121,83.48692248768047,81.84484893305121,82.581298828125,310900,0.0,0.0
2022-02-09,83.20826766267004,84.1238453846165,82.5315346523756,83.8451919555664,399200,0.0,0.0
2022-02-10,83.00922846675708,85.23846340591295,83.00922846675708,83.02912902832031,551900,0.0,0.0
2022-02-11,80.81979665306751,83.08884036430243,78.70003373183204,79.96392822265625,445000,0.0,0.0
2022-02-14,79.69522986525527,81.7154748158431,79.59571186826436,79.83455657958984,309200,0.0,0.0
2022-02-15,80.29234149311272,83.55658022747231,79.75493522449459,82.69075775146484,493000,0.0,0.0
2022-02-16,82.46187194477105,82.97937008955016,80.22268282445917,80.74018096923828,426800,0.0,0.0
2022-02-17,79.88431075322362,81.6557644848953,79.88431075322362,81.36715698242188,427100,0.0,0.0
2022-02-18,81.22782994444765,81.65576415774737,80.24258129048131,80.63070678710938,349600,0.0,0.0
2022-02-22,80.5311924532346,81.098453404308,79.19763455141654,79.84451293945312,201200,0.0,0.0
2022-02-23,80.08335574008045,80.60085388247666,78.99858906745689,79.16777801513672,201200,0.0,0.0
2022-02-24,77.79440434006281,78.64031871300804,76.94848996711758,78.40147399902344,335400,0.0,0.0
2022-02-25,78.55075383051705,81.3273492220685,78.46118231840948,81.23777770996094,204600,0.0,0.0
2022-02-28,80.46152588108689,82.033936031005,80.46152588108689,81.7353744506836,339100,0.0,0.0
2022-03-01,81.24772925469046,81.49652803550289,77.067912774136,78.15267181396484,372200,0.0,0.0
2022-03-02,79.06825126024948,79.74498426279082,78.00339275844404,79.39666748046875,200800,0.0,0.0
2022-03-03,80.30230160428482,80.80984567994905,79.31705290808247,80.41177368164062,134600,0.0,0.0
2022-03-04,79.03839727928543,79.5260483713359,78.50099098519517,78.99858856201172,228100,0.0,0.0
2022-03-07,79.12796846317138,79.12796846317138,75.53531336603658,75.55521392822266,203300,0.0,0.0
2022-03-08,75.38602933893377,76.92858479154435,74.07237210168753,74.73915100097656,234200,0.0,0.0
2022-03-09,76.0826655832921,77.72473908645205,75.21685066893852,77.25699615478516,152100,0.0,0.0
2022-03-10,76.02295895339921,76.56036526003543,75.11733529067392,76.13243103027344,127600,0.0,0.0
2022-03-11,76.19213692110353,76.68973448739649,74.88843372709157,74.9481430053711,275500,0.0,0.0
2022-03-14,75.52536026163173,76.71959141933038,75.2467068310178,75.89358520507812,141400,0.0,0.0
2022-03-15,76.43098901366729,77.396321911775,75.59502115632566,77.3863754272461,126300,0.0,0.0
2022-03-16,78.15267527576626,80.19282840589206,78.09296599540203,79.7051773071289,247600,0.0,0.0
2022-03-17,79.03840080759547,80.24258608611854,78.47113984841126,79.61561584472656,147400,0.0,0.0
2022-03-18,79.69523141106252,80.87950850587723,78.74979143946943,80.7103271484375,381400,0.0,0.0
2022-03-21,80.26249356058607,80.9591271562183,79.28719893396419,80.0136947631836,106900,0.0,0.0
2022-03-22,80.58095600421949,81.07855360079465,80.06345025184872,80.28239440917969,139000,0.0,0.0
2022-03-23,79.5857535702323,79.79474363065121,78.65026774410721,79.14786529541016,176900,0.0,0.0
2022-03-24,79.47628424947705,80.3918619532746,79.15782210934154,80.26248931884766,108100,0.0,0.0
2022-03-25,80.64066396664,81.19797083600942,80.22268381461295,80.61080932617188,189200,0.0,0.0
2022-03-28,81.37710710922593,82.39221045201126,80.2624933590136,82.35240173339844,191300,0.0,0.0
2022-03-29,82.78033145599619,86.2137516273098,82.78033145599619,85.97490692138672,306300,0.0,0.0
2022-03-30,86.2436175856319,86.33318150694684,83.457068056094,84.25322723388672,194000,0.0,0.0
2022-03-31,84.63139753478265,85.1389491936518,83.41725822162803,83.546630859375,174800,0.0,0.0
2022-04-01,84.28307858067996,85.39769227474852,83.57649094455111,85.3081283569336,308700,0.0,0.0
2022-04-04,85.3877435052247,86.05452240690332,84.44230359474942,85.29817199707031,162200,0.0,0.0
2022-04-05,85.50716837236338,85.57683173152196,83.75563031559409,83.85514831542969,187500,0.0,0.0
2022-04-06,83.58643827260178,83.94470913294943,82.08369906736536,83.87504577636719,193500,0.0,0.0
2022-04-07,83.84519146937171,84.37264368454892,82.36235282038997,84.14375305175781,196700,0.0,0.0
2022-04-08,84.35274481603861,84.35274481603861,82.92961541786474,83.1485595703125,177600,0.0,0.0
2022-04-11,83.0490286291396,83.75562383660748,82.16330559146623,82.2230224609375,227600,0.0,0.0
2022-04-12,82.70071202740739,83.69590713626366,81.50648093387434,81.65576171875,255600,0.0,0.0
2022-04-13,82.34244179757223,83.40730026831513,82.27277844313994,83.12864685058594,159800,0.0,0.0
2022-04-14,83.65610321615011,84.59158910177486,81.7254297573587,82.04389190673828,160300,0.0,0.0
2022-04-18,82.01403822622143,83.01917988877425,81.4069685604984,81.91451263427734,137000,0.0,0.0
2022-04-19,81.96427449519754,84.50202520608813,81.96427449519754,84.2830810546875,110400,0.0,0.0
2022-04-20,84.80058013775322,85.3081318040895,84.28308198641535,84.62144470214844,92200,0.0,0.0
2022-04-21,85.7559678604983,85.79577657930119,82.9893264419596,83.45706939697266,221100,0.0,0.0
2022-04-22,83.16846205817285,83.60635037320495,82.39221102169725,83.35755157470703,188400,0.0,0.0
2022-04-25,83.32768961992018,84.33283121085839,81.6756620983815,84.09398651123047,687500,0.0,0.0
2022-04-26,83.18836262373634,84.29302989651904,81.00889031189044,81.58610534667969,425600,0.0,0.0
2022-04-27,81.73537394885426,83.84519037475543,81.4965292417054,82.96942138671875,251500,0.0,0.0
2022-04-28,83.96461615212309,84.92994905378102,82.15336131274728,84.57168579101562,266700,0.0,0.0
2022-04-29,83.87504980425896,86.38294594712801,83.87504980425896,84.19351196289062,437300,0.0,0.0
2022-05-02,84.81053109647068,87.14923815832516,83.42721045846046,85.10908508300781,301700,0.0,0.0
2022-05-03,85.1488908945952,85.4175978253207,83.97456036504846,84.09398651123047,302800,0.0,0.0
2022-05-04,84.66125356397569,87.34827750986857,83.56654038575032,87.2288589477539,183800,0.0,0.0
2022-05-05,86.51231655404229,86.84073278286309,83.97456582986209,84.92000579833984,191700,0.0,0.0
2022-05-06,84.45999908447266,84.45999908447266,81.43000030517578,82.18000030517578,330600,0.41,0.0
2022-05-09,81.61000061035156,82.72000122070312,81.1500015258789,82.44000244140625,272800,0.0,0.0
2022-05-10,83.54000091552734,84.08999633789062,82.02999877929688,83.47000122070312,299338,0.0,0.0
