Date,Open,High,Low,Close,Volume,Dividends,Stock Splits
1972-06-05,0.2642761766910553,0.2642761766910553,0.2642761766910553,0.2642761766910553,0.0,0.0,0.0
1972-06-07,0.26093605160713196,0.26093605160713196,0.26093605160713196,0.26093605160713196,0.0,0.0,0.0
1972-06-14,0.267616331577301,0.267616331577301,0.267616331577301,0.267616331577301,0.0,0.0,0.0
1972-06-16,0.27099817991256714,0.27099817991256714,0.27099817991256714,0.27099817991256714,0.0,0.0,0.0
1972-06-21,0.27433833479881287,0.27433833479881287,0.27433833479881287,0.27433833479881287,0.0,0.0,0.0
1972-06-23,0.27099817991256714,0.27099817991256714,0.27099817991256714,0.27099817991256714,0.0,0.0,0.0
1972-06-26,0.27099817991256714,0.27099817991256714,0.27099817991256714,0.27099817991256714,0.0,0.0,0.0
1972-06-28,0.2776781916618347,0.2776781916618347,0.2776781916618347,0.2776781916618347,0.0,0.0,0.0
1972-07-03,0.267616331577301,0.267616331577301,0.267616331577301,0.267616331577301,0.0,0.0,0.0
1972-07-19,0.2509174644947052,0.2509174644947052,0.2509174644947052,0.2509174644947052,0.0,0.0,0.0
1972-07-21,0.26093605160713196,0.26093605160713196,0.26093605160713196,0.26093605160713196,0.0,0.0,0.0
1972-07-26,0.2776781916618347,0.2776781916618347,0.2776781916618347,0.2776781916618347,0.0,0.0,0.0
1972-07-27,0.2776781916618347,0.2776781916618347,0.2776781916618347,0.2776781916618347,0.0,0.0,0.0
1972-08-03,0.28435859084129333,0.28435859084129333,0.28435859084129333,0.28435859084129333,0.0,0.0,0.0
1972-08-17,0.3278616964817047,0.3278616964817047,0.3278616964817047,0.3278616964817047,0.0,0.0,0.0
1972-08-22,0.3378819227218628,0.3378819227218628,0.3378819227218628,0.3378819227218628,0.0,0.0,0.0
1972-08-25,0.3211398124694824,0.3211398124694824,0.3211398124694824,0.3211398124694824,0.0,0.0,0.0
1972-08-28,0.3211398124694824,0.3211398124694824,0.3211398124694824,0.3211398124694824,0.0,0.0,0.0
1972-08-31,0.33454203605651855,0.33454203605651855,0.33454203605651855,0.33454203605651855,0.0,0.0,0.0
1972-09-13,0.3278616964817047,0.3278616964817047,0.3278616964817047,0.3278616964817047,0.0,0.0,0.0
1972-09-14,0.3278616964817047,0.3278616964817047,0.3278616964817047,0.3278616964817047,0.0,0.0,0.0
1972-09-18,0.32452207803726196,0.32452207803726196,0.32452207803726196,0.32452207803726196,0.0,0.0,0.0
1972-09-19,0.32452207803726196,0.32452207803726196,0.32452207803726196,0.32452207803726196,0.0,0.0,0.0
1972-09-20,0.32452207803726196,0.32452207803726196,0.32452207803726196,0.32452207803726196,0.0,0.0,0.0
1972-09-22,0.3177999258041382,0.3177999258041382,0.3177999258041382,0.3177999258041382,0.0,0.0,0.0
1972-09-26,0.3144596219062805,0.3144596219062805,0.3144596219062805,0.3144596219062805,0.0,0.0,0.0
1972-09-27,0.3144596219062805,0.3144596219062805,0.3144596219062805,0.3144596219062805,0.0,0.0,0.0
1972-09-29,0.31111934781074524,0.31111934781074524,0.31111934781074524,0.31111934781074524,0.0,0.0,0.0
1972-10-03,0.3144596219062805,0.3144596219062805,0.3144596219062805,0.3144596219062805,0.0,0.0,0.0
1972-10-10,0.30444076657295227,0.30444076657295227,0.30444076657295227,0.30444076657295227,0.0,0.0,0.0
1972-10-16,0.2876984477043152,0.2876984477043152,0.2876984477043152,0.2876984477043152,0.0,0.0,0.0
1972-10-17,0.2876984477043152,0.2876984477043152,0.2876984477043152,0.2876984477043152,0.0,0.0,0.0
1972-10-18,0.2876984477043152,0.2876984477043152,0.2876984477043152,0.2876984477043152,0.0,0.0,0.0
1972-10-19,0.2876984477043152,0.2876984477043152,0.2876984477043152,0.2876984477043152,0.0,0.0,0.0
1972-10-20,0.2876984477043152,0.2876984477043152,0.2876984477043152,0.2876984477043152,0.0,0.0,0.0
1972-10-23,0.2876984477043152,0.2876984477043152,0.2876984477043152,0.2876984477043152,0.0,0.0,0.0
1972-11-02,0.29776063561439514,0.29776063561439514,0.29776063561439514,0.29776063561439514,0.0,0.0,0.0
1972-11-10,0.3077796995639801,0.3077796995639801,0.3077796995639801,0.3077796995639801,0.0,0.0,0.0
1972-11-15,0.3278616964817047,0.3278616964817047,0.3278616964817047,0.3278616964817047,0.0,0.0,0.0
1972-11-22,0.3177999258041382,0.3177999258041382,0.3177999258041382,0.3177999258041382,0.0,0.0,0.0
1972-12-05,0.3144596219062805,0.3144596219062805,0.3144596219062805,0.3144596219062805,0.0,0.0,0.0
1972-12-13,0.3211398124694824,0.3211398124694824,0.3211398124694824,0.3211398124694824,0.0,0.0,0.0
1972-12-19,0.32452207803726196,0.32452207803726196,0.32452207803726196,0.32452207803726196,0.0,0.0,0.0
1972-12-20,0.32452207803726196,0.32452207803726196,0.32452207803726196,0.32452207803726196,0.0,0.0,0.0
1972-12-21,0.32452207803726196,0.32452207803726196,0.32452207803726196,0.32452207803726196,0.0,0.0,0.0
1973-01-03,0.34790101647377014,0.34790101647377014,0.34790101647377014,0.34790101647377014,0.0,0.0,0.0
1973-01-15,0.3378819227218628,0.3378819227218628,0.3378819227218628,0.3378819227218628,0.0,0.0,0.0
1973-01-17,0.3177999258041382,0.3177999258041382,0.3177999258041382,0.3177999258041382,0.0,0.0,0.0
1973-01-23,0.3144596219062805,0.3144596219062805,0.3144596219062805,0.3144596219062805,0.0,0.0,0.0
1973-01-30,0.3011009395122528,0.3011009395122528,0.3011009395122528,0.3011009395122528,0.0,0.0,0.0
1973-01-31,0.3011009395122528,0.3011009395122528,0.3011009395122528,0.3011009395122528,0.0,0.0,0.0
1973-02-01,0.3011009395122528,0.3011009395122528,0.3011009395122528,0.3011009395122528,0.0,0.0,0.0
1973-02-09,0.2910386621952057,0.2910386621952057,0.2910386621952057,0.2910386621952057,0.0,0.0,0.0
1973-02-15,0.29776063561439514,0.29776063561439514,0.29776063561439514,0.29776063561439514,0.0,0.0,0.0
1973-02-16,0.29776063561439514,0.29776063561439514,0.29776063561439514,0.29776063561439514,0.0,0.0,0.0
1973-02-21,0.3011009395122528,0.3011009395122528,0.3011009395122528,0.3011009395122528,20160.0,0.0,0.0
1973-02-22,0.28435859084129333,0.28435859084129333,0.28435859084129333,0.28435859084129333,174720.0,0.0,0.0
1973-02-23,0.2810184061527252,0.2810184061527252,0.2810184061527252,0.2810184061527252,60480.0,0.0,0.0
1973-02-26,0.2776781916618347,0.2776781916618347,0.2776781916618347,0.2776781916618347,40320.0,0.0,0.0
1973-02-27,0.267616331577301,0.267616331577301,0.267616331577301,0.267616331577301,50400.0,0.0,0.0
1973-02-28,0.267616331577301,0.267616331577301,0.267616331577301,0.267616331577301,23520.0,0.0,0.0
1973-03-01,0.27099817991256714,0.27099817991256714,0.27099817991256714,0.27099817991256714,63840.0,0.0,0.0
1973-03-02,0.2642761766910553,0.2642761766910553,0.2642761766910553,0.2642761766910553,114240.0,0.0,0.0
1973-03-05,0.267616331577301,0.267616331577301,0.267616331577301,0.267616331577301,110880.0,0.0,0.0
1973-03-06,0.27099817991256714,0.27099817991256714,0.27099817991256714,0.27099817991256714,80640.0,0.0,0.0
1973-03-07,0.27099817991256714,0.27099817991256714,0.27099817991256714,0.27099817991256714,6720.0,0.0,0.0
1973-03-08,0.27099817991256714,0.27099817991256714,0.27099817991256714,0.27099817991256714,20160.0,0.0,0.0
1973-03-09,0.267616331577301,0.267616331577301,0.267616331577301,0.267616331577301,36960.0,0.0,0.0
1973-03-12,0.267616331577301,0.267616331577301,0.267616331577301,0.267616331577301,20160.0,0.0,0.0
1973-03-13,0.27099817991256714,0.27099817991256714,0.27099817991256714,0.27099817991256714,13440.0,0.0,0.0
1973-03-14,0.27099817991256714,0.27099817991256714,0.27099817991256714,0.27099817991256714,6720.0,0.0,0.0
1973-03-15,0.2642761766910553,0.2642761766910553,0.2642761766910553,0.2642761766910553,47040.0,0.0,0.0
1973-03-16,0.2642761766910553,0.2642761766910553,0.2642761766910553,0.2642761766910553,23520.0,0.0,0.0
1973-03-19,0.26093605160713196,0.26093605160713196,0.26093605160713196,0.26093605160713196,13440.0,0.0,0.0
1973-03-20,0.26093605160713196,0.26093605160713196,0.26093605160713196,0.26093605160713196,16800.0,0.0,0.0
1973-03-21,0.2542572617530823,0.2542572617530823,0.2542572617530823,0.2542572617530823,94080.0,0.0,0.0
1973-03-22,0.2475771456956863,0.2475771456956863,0.2475771456956863,0.24757714569568634,100800.0,0.0,0.0
1973-03-23,0.2475771456956863,0.2475771456956863,0.2475771456956863,0.24757714569568634,33600.0,0.0,0.0
1973-03-26,0.2475771456956863,0.2475771456956863,0.2475771456956863,0.24757714569568634,43680.0,0.0,0.0
1973-03-27,0.2475771456956863,0.2475771456956863,0.2475771456956863,0.24757714569568634,16800.0,0.0,0.0
1973-03-28,0.2509174644947052,0.2509174644947052,0.2509174644947052,0.2509174644947052,53760.0,0.0,0.0
1973-03-29,0.2542572617530823,0.2542572617530823,0.2542572617530823,0.2542572617530823,43680.0,0.0,0.0
1973-03-30,0.2509174644947052,0.2509174644947052,0.2509174644947052,0.2509174644947052,80640.0,0.0,0.0
1973-04-02,0.2575960159301758,0.2575960159301758,0.2575960159301758,0.2575960159301758,73920.0,0.0,0.0
1973-04-03,0.2575960159301758,0.2575960159301758,0.2575960159301758,0.2575960159301758,70560.0,0.0,0.0
1973-04-04,0.2542572617530823,0.2542572617530823,0.2542572617530823,0.2542572617530823,94080.0,0.0,0.0
1973-04-05,0.2542572617530823,0.2542572617530823,0.2542572617530823,0.2542572617530823,20160.0,0.0,0.0
1973-04-06,0.2509174644947052,0.2509174644947052,0.2509174644947052,0.2509174644947052,40320.0,0.0,0.0
1973-04-09,0.2542572617530823,0.2542572617530823,0.2542572617530823,0.2542572617530823,57120.0,0.0,0.0
1973-04-10,0.2575960159301758,0.2575960159301758,0.2575960159301758,0.2575960159301758,26880.0,0.0,0.0
1973-04-11,0.2575960159301758,0.2575960159301758,0.2575960159301758,0.2575960159301758,100800.0,0.0,0.0
1973-04-12,0.2575960159301758,0.2575960159301758,0.2575960159301758,0.2575960159301758,43680.0,0.0,0.0
1973-04-13,0.2509174644947052,0.2509174644947052,0.2509174644947052,0.2509174644947052,13440.0,0.0,0.0
1973-04-16,0.2509174644947052,0.2509174644947052,0.2509174644947052,0.2509174644947052,16800.0,0.0,0.0
1973-04-17,0.2509174644947052,0.2509174644947052,0.2509174644947052,0.2509174644947052,73920.0,0.0,0.0
1973-04-18,0.2542572617530823,0.2542572617530823,0.2542572617530823,0.2542572617530823,26880.0,0.0,0.0
1973-04-19,0.2509174644947052,0.2509174644947052,0.2509174644947052,0.2509174644947052,36960.0,0.0,0.0
1973-04-23,0.2509174644947052,0.2509174644947052,0.2509174644947052,0.2509174644947052,23520.0,0.0,0.0
1973-04-24,0.2509174644947052,0.2509174644947052,0.2509174644947052,0.2509174644947052,63840.0,0.0,0.0
1973-04-25,0.2509174644947052,0.2509174644947052,0.2509174644947052,0.2509174644947052,23520.0,0.0,0.0
1973-04-26,0.2509174644947052,0.2509174644947052,0.2509174644947052,0.2509174644947052,6720.0,0.0,0.0
1973-04-27,0.2475771456956863,0.2475771456956863,0.2475771456956863,0.24757714569568634,26880.0,0.0,0.0
1973-04-30,0.2475771456956863,0.2475771456956863,0.2475771456956863,0.24757714569568634,47040.0,0.0,0.0
1973-05-01,0.24085526168346405,0.24085526168346405,0.24085526168346405,0.24085526168346405,73920.0,0.0,0.0
1973-05-02,0.24085526168346405,0.24085526168346405,0.24085526168346405,0.24085526168346405,70560.0,0.0,0.0
1973-05-03,0.24423694610595703,0.24423694610595703,0.24423694610595703,0.24423694610595703,30240.0,0.0,0.0
1973-05-04,0.24085526168346405,0.24423698938489166,0.24085526168346405,0.24085526168346405,255360.0,0.0,0.0
1973-05-07,0.24085526168346405,0.24085526168346405,0.24085526168346405,0.24085526168346405,57120.0,0.0,0.0
1973-05-08,0.24423694610595703,0.24423694610595703,0.24085521900377352,0.24423694610595703,40320.0,0.0,0.0
1973-05-09,0.24423702146902526,0.24423702146902526,0.23751504719257355,0.23751504719257355,43680.0,0.0,0.0
1973-05-10,0.2408552933233578,0.2408552933233578,0.23751504719257355,0.23751504719257355,26880.0,0.0,0.0
1973-05-11,0.2408552933233578,0.2408552933233578,0.23751504719257355,0.23751504719257355,16800.0,0.0,0.0
1973-05-14,0.23751504719257355,0.23751504719257355,0.23751504719257355,0.23751504719257355,0.0,0.0,0.0
1973-05-15,0.2308349460363388,0.23417519118162264,0.2308349460363388,0.2308349460363388,50400.0,0.0,0.0
1973-05-16,0.23417520523071292,0.23751499136600226,0.23417520523071292,0.2341752052307129,26880.0,0.0,0.0
1973-05-17,0.23417520523071292,0.23417520523071292,0.23417520523071292,0.2341752052307129,60480.0,0.0,0.0
1973-05-18,0.22415487468242645,0.23751493444244906,0.22415487468242645,0.22415487468242645,127680.0,0.0,0.0
1973-05-21,0.21747614443302152,0.22415487317224667,0.21747614443302152,0.21747614443302155,57120.0,0.0,0.0
1973-05-22,0.21409262716770172,0.21747608759535805,0.21409262716770172,0.21409262716770172,77280.0,0.0,0.0
1973-05-23,0.21747614443302152,0.21747614443302152,0.21409268312109334,0.21747614443302155,73920.0,0.0,0.0
1973-05-24,0.22749468684196472,0.22749468684196472,0.217476147153373,0.22749468684196472,84000.0,0.0,0.0
1973-05-25,0.22749468684196472,0.22749468684196472,0.22415487597614056,0.22749468684196472,40320.0,0.0,0.0
1973-05-29,0.22415487468242645,0.22415487468242645,0.22415487468242645,0.22415487468242645,10080.0,0.0,0.0
1973-05-30,0.22081606090068817,0.22081606090068817,0.22081606090068817,0.22081606090068817,30240.0,0.0,0.0
1973-05-31,0.22081606090068817,0.22081606090068817,0.22081606090068817,0.22081606090068817,0.0,0.0,0.0
1973-06-01,0.22749468684196472,0.22749468684196472,0.217476147153373,0.22749468684196472,43680.0,0.0,0.0
1973-06-04,0.22415487468242645,0.22415487468242645,0.21747614589820527,0.22415487468242645,84000.0,0.0,0.0
1973-06-05,0.22415500631073879,0.22415500631073879,0.22081606090068817,0.22081606090068817,16800.0,0.0,0.0
1973-06-06,0.22415500631073879,0.22415500631073879,0.22081606090068817,0.22081606090068817,10080.0,0.0,0.0
1973-06-07,0.22081606090068817,0.22081606090068817,0.22081606090068817,0.22081606090068817,10080.0,0.0,0.0
1973-06-08,0.22081606090068817,0.22081606090068817,0.21747627360463193,0.22081606090068817,16800.0,0.0,0.0
1973-06-11,0.22415500631073879,0.22415500631073879,0.22081606090068817,0.22081606090068817,26880.0,0.0,0.0
1973-06-12,0.22081606090068817,0.22081606090068817,0.21747627360463193,0.22081606090068817,40320.0,0.0,0.0
1973-06-13,0.21747614443302152,0.21747614443302152,0.21747614443302152,0.21747614443302155,23520.0,0.0,0.0
1973-06-14,0.21747614443302152,0.21747614443302152,0.21747614443302152,0.21747614443302155,10080.0,0.0,0.0
1973-06-15,0.21409262716770172,0.21747608759535805,0.21409262716770172,0.21409262716770172,53760.0,0.0,0.0
1973-06-18,0.21075254678726196,0.21075254678726196,0.21075254678726196,0.21075254678726196,3360.0,0.0,0.0
1973-06-19,0.21075254678726196,0.21409278006658655,0.21075254678726196,0.21075254678726196,36960.0,0.0,0.0
1973-06-20,0.21075254678726196,0.21075254678726196,0.21075254678726196,0.21075254678726196,6720.0,0.0,0.0
1973-06-21,0.20741410553455353,0.21075263086223986,0.20741410553455353,0.20741410553455353,36960.0,0.0,0.0
1973-06-22,0.21075254678726196,0.21409278006658655,0.20741402279140456,0.21075254678726196,87360.0,0.0,0.0
1973-06-25,0.21409262716770172,0.21747608759535805,0.21409262716770172,0.21409262716770172,33600.0,0.0,0.0
1973-06-26,0.21075254678726196,0.21075254678726196,0.21075254678726196,0.21075254678726196,6720.0,0.0,0.0
1973-06-27,0.20741410553455353,0.21409286547407522,0.20741410553455353,0.20741410553455353,40320.0,0.0,0.0
1973-06-28,0.21075254678726196,0.21075254678726196,0.20741402279140456,0.21075254678726196,13440.0,0.0,0.0
1973-06-29,0.21409262716770172,0.21409262716770172,0.21409262716770172,0.21409262716770172,47040.0,0.0,0.0
1973-07-02,0.21747614443302152,0.21747614443302152,0.21075245135429319,0.21747614443302155,36960.0,0.0,0.0
1973-07-03,0.21747614443302152,0.22081592974538689,0.21747614443302152,0.21747614443302155,26880.0,0.0,0.0
1973-07-05,0.21747614443302152,0.21747614443302152,0.21747614443302152,0.21747614443302155,10080.0,0.0,0.0
1973-07-06,0.22415487468242645,0.22415487468242645,0.2208159312330715,0.22415487468242645,36960.0,0.0,0.0
1973-07-09,0.22081606090068817,0.22081606090068817,0.21747627360463193,0.22081606090068817,13440.0,0.0,0.0
1973-07-10,0.22415487468242645,0.22415487468242645,0.2208159312330715,0.22415487468242645,104160.0,0.0,0.0
1973-07-11,0.22415487468242645,0.22749468552897484,0.22415487468242645,0.22415487468242645,87360.0,0.0,0.0
1973-07-12,0.23417520523071292,0.23417520523071292,0.2274947400510446,0.2341752052307129,124320.0,0.0,0.0
1973-07-13,0.22749468684196472,0.2308349058947058,0.22415487597614056,0.22749468684196472,174720.0,0.0,0.0
1973-07-16,0.22415487468242645,0.22749468552897484,0.2208159312330715,0.22415487468242645,43680.0,0.0,0.0
1973-07-17,0.22415500631073879,0.22415500631073879,0.22081606090068817,0.22081606090068817,30240.0,0.0,0.0
1973-07-18,0.22415487468242645,0.22415487468242645,0.2208159312330715,0.22415487468242645,53760.0,0.0,0.0
1973-07-19,0.22749468684196472,0.22749468684196472,0.22749468684196472,0.22749468684196472,20160.0,0.0,0.0
1973-07-20,0.2308349460363388,0.2308349460363388,0.2274947264027417,0.2308349460363388,20160.0,0.0,0.0
1973-07-23,0.23417520523071292,0.23417520523071292,0.23083495988503464,0.2341752052307129,144480.0,0.0,0.0
1973-07-24,0.2308349460363388,0.23417519118162264,0.2274947264027417,0.2308349460363388,67200.0,0.0,0.0
1973-07-25,0.23751504719257355,0.23751504719257355,0.22749479352241184,0.23751504719257355,87360.0,0.0,0.0
1973-07-26,0.23751504719257355,0.23751504719257355,0.23751504719257355,0.23751504719257355,114240.0,0.0,0.0
1973-07-27,0.2475771456956863,0.2475771456956863,0.23751493024296882,0.24757714569568634,67200.0,0.0,0.0
1973-07-30,0.2509174644947052,0.25425727661090836,0.2509174644947052,0.2509174644947052,70560.0,0.0,0.0
1973-07-31,0.2542572617530823,0.25759620627664703,0.2542572617530823,0.2542572617530823,36960.0,0.0,0.0
1973-08-01,0.2542572617530823,0.2542572617530823,0.2542572617530823,0.2542572617530823,60480.0,0.0,0.0
1973-08-02,0.2509174644947052,0.2509174644947052,0.24757724419143234,0.2509174644947052,87360.0,0.0,0.0
1973-08-03,0.2542572617530823,0.2542572617530823,0.25091744983204506,0.2542572617530823,6720.0,0.0,0.0
1973-08-06,0.2509174644947052,0.25425727661090836,0.2509174644947052,0.2509174644947052,16800.0,0.0,0.0
1973-08-07,0.2475771456956863,0.2509173646700911,0.2475771456956863,0.24757714569568634,16800.0,0.0,0.0
1973-08-08,0.2475771456956863,0.2475771456956863,0.2475771456956863,0.24757714569568634,16800.0,0.0,0.0
1973-08-09,0.23417520523071292,0.24757720940817016,0.23417520523071292,0.2341752052307129,685440.0,0.0,0.0
1973-08-10,0.23417520523071292,0.23417520523071292,0.23417520523071292,0.2341752052307129,6720.0,0.0,0.0
1973-08-13,0.23751504719257355,0.2408552933233578,0.2341752602722861,0.23751504719257355,33600.0,0.0,0.0
1973-08-14,0.24085526168346405,0.24085526168346405,0.23417522950991318,0.24085526168346405,67200.0,0.0,0.0
1973-08-15,0.23417520523071292,0.23751499136600226,0.23417520523071292,0.2341752052307129,10080.0,0.0,0.0
1973-08-16,0.2308349460363388,0.23417519118162264,0.2274947264027417,0.2308349460363388,90720.0,0.0,0.0
1973-08-17,0.2308349460363388,0.2308349460363388,0.2308349460363388,0.2308349460363388,6720.0,0.0,0.0
1973-08-20,0.2308349460363388,0.2308349460363388,0.2308349460363388,0.2308349460363388,0.0,0.0,0.0
1973-08-21,0.22749468684196472,0.2308349058947058,0.22749468684196472,0.22749468684196472,16800.0,0.0,0.0
1973-08-22,0.2308349460363388,0.2308349460363388,0.2308349460363388,0.2308349460363388,3360.0,0.0,0.0
1973-08-23,0.2308349460363388,0.2308349460363388,0.2308349460363388,0.2308349460363388,10080.0,0.0,0.0
1973-08-24,0.22749468684196472,0.22749468684196472,0.22749468684196472,0.22749468684196472,6720.0,0.0,0.0
1973-08-27,0.22749468684196472,0.22749468684196472,0.22749468684196472,0.22749468684196472,6720.0,0.0,0.0
1973-08-28,0.2308349460363388,0.2308349460363388,0.2308349460363388,0.2308349460363388,3360.0,0.0,0.0
1973-08-29,0.22749468684196472,0.22749468684196472,0.22749468684196472,0.22749468684196472,13440.0,0.0,0.0
1973-08-30,0.22749468684196472,0.22749468684196472,0.22749468684196472,0.22749468684196472,13440.0,0.0,0.0
1973-08-31,0.2308349460363388,0.2308349460363388,0.2241549149561325,0.2308349460363388,90720.0,0.0,0.0
1973-09-04,0.23417520523071292,0.23417520523071292,0.23083495988503464,0.2341752052307129,63840.0,0.0,0.0
1973-09-05,0.24085526168346405,0.24757723507688537,0.23751501599147035,0.24085526168346405,221760.0,0.0,0.0
1973-09-06,0.24423694610595703,0.24423694610595703,0.24423694610595703,0.24423694610595703,26880.0,0.0,0.0
1973-09-07,0.24423694610595703,0.24423694610595703,0.24423694610595703,0.24423694610595703,26880.0,0.0,0.0
1973-09-10,0.24085526168346405,0.24085526168346405,0.24085526168346405,0.24085526168346405,36960.0,0.0,0.0
1973-09-11,0.24423694610595703,0.24423694610595703,0.24423694610595703,0.24423694610595703,70560.0,0.0,0.0
1973-09-12,0.24423694610595703,0.24423694610595703,0.24423694610595703,0.24423694610595703,43680.0,0.0,0.0
1973-09-13,0.24423694610595703,0.24423694610595703,0.24085521900377352,0.24423694610595703,16800.0,0.0,0.0
1973-09-14,0.24423694610595703,0.24423694610595703,0.24423694610595703,0.24423694610595703,30240.0,0.0,0.0
1973-09-17,0.2475771456956863,0.2475771456956863,0.24085517472905535,0.24757714569568634,50400.0,0.0,0.0
1973-09-18,0.2509174644947052,0.2509174644947052,0.24757724419143234,0.2509174644947052,77280.0,0.0,0.0
1973-09-19,0.26093605160713196,0.26093605160713196,0.2509174819587459,0.26093605160713196,70560.0,0.0,0.0
1973-09-20,0.27099817991256714,0.27099817991256714,0.26427620744932917,0.27099817991256714,47040.0,0.0,0.0
1973-09-21,0.27433833479881287,0.27433833479881287,0.26761636392411603,0.27433833479881287,43680.0,0.0,0.0
1973-09-24,0.2776781916618347,0.28101841114535314,0.2743383803652858,0.2776781916618347,33600.0,0.0,0.0
1973-09-25,0.2810184061527252,0.2810184061527252,0.27767818672854977,0.2810184061527252,57120.0,0.0,0.0
1973-09-26,0.27433833479881287,0.28101836446935463,0.2709981158700911,0.27433833479881287,114240.0,0.0,0.0
1973-09-27,0.2776781916618347,0.2776781916618347,0.2776781916618347,0.2776781916618347,3360.0,0.0,0.0
1973-09-28,0.267616331577301,0.27099808311452345,0.267616331577301,0.267616331577301,70560.0,0.0,0.0
1973-10-01,0.27433839963065193,0.27433839963065193,0.27099817991256714,0.27099817991256714,10080.0,0.0,0.0
1973-10-02,0.27433833479881287,0.27767814554063286,0.2709981158700911,0.27433833479881287,40320.0,0.0,0.0
1973-10-03,0.27767821116173846,0.27767821116173846,0.27099817991256714,0.27099817991256714,73920.0,0.0,0.0
1973-10-04,0.267616331577301,0.27099808311452345,0.267616331577301,0.267616331577301,30240.0,0.0,0.0
1973-10-05,0.2642761766910553,0.2642761766910553,0.2575961462193517,0.2642761766910553,73920.0,0.0,0.0
1973-10-08,0.2642761766910553,0.2642761766910553,0.2542572024742455,0.2642761766910553,144480.0,0.0,0.0
1973-10-09,0.2642761766910553,0.2642761766910553,0.2642761766910553,0.2642761766910553,30240.0,0.0,0.0
1973-10-10,0.2509174644947052,0.26093603344579147,0.2509174644947052,0.2509174644947052,50400.0,0.0,0.0
1973-10-11,0.2542572617530823,0.2542572617530823,0.25091744983204506,0.2542572617530823,30240.0,0.0,0.0
1973-10-12,0.2575960159301758,0.26093582538331406,0.2575960159301758,0.2575960159301758,94080.0,0.0,0.0
1973-10-15,0.2575960159301758,0.26093582538331406,0.2575960159301758,0.2575960159301758,63840.0,0.0,0.0
1973-10-16,0.2575960159301758,0.26093582538331406,0.2575960159301758,0.2575960159301758,13440.0,0.0,0.0
1973-10-17,0.26093605160713196,0.26093605160713196,0.2575962392584754,0.26093605160713196,26880.0,0.0,0.0
1973-10-18,0.26093605160713196,0.26093605160713196,0.26093605160713196,0.26093605160713196,13440.0,0.0,0.0
1973-10-19,0.2575960159301758,0.2575960159301758,0.25425707387386903,0.2575960159301758,26880.0,0.0,0.0
1973-10-22,0.2575960159301758,0.26093582538331406,0.25425707387386903,0.2575960159301758,90720.0,0.0,0.0
1973-10-23,0.26093605160713196,0.26093605160713196,0.26093605160713196,0.26093605160713196,50400.0,0.0,0.0
1973-10-24,0.26093605160713196,0.26093605160713196,0.2575962392584754,0.26093605160713196,60480.0,0.0,0.0
1973-10-25,0.26093605160713196,0.26093605160713196,0.2575962392584754,0.26093605160713196,63840.0,0.0,0.0
1973-10-26,0.2575960159301758,0.2575960159301758,0.2575960159301758,0.2575960159301758,23520.0,0.0,0.0
1973-10-29,0.2509174644947052,0.2575962213295883,0.2509174644947052,0.2509174644947052,73920.0,0.0,0.0
1973-10-30,0.25425730065088126,0.25425730065088126,0.23751504719257355,0.23751504719257355,107520.0,0.0,0.0
1973-10-31,0.2408552933233578,0.2408552933233578,0.23751504719257355,0.23751504719257355,26880.0,0.0,0.0
1973-11-01,0.2408552933233578,0.2408552933233578,0.23751504719257355,0.23751504719257355,40320.0,0.0,0.0
1973-11-02,0.23751504719257355,0.23751504719257355,0.2341752602722861,0.23751504719257355,40320.0,0.0,0.0
1973-11-05,0.2308349460363388,0.2375149771165451,0.2308349460363388,0.2308349460363388,120960.0,0.0,0.0
1973-11-06,0.2308349460363388,0.23417519118162264,0.2308349460363388,0.2308349460363388,23520.0,0.0,0.0
1973-11-07,0.22749468684196472,0.2308349058947058,0.22415487597614056,0.22749468684196472,57120.0,0.0,0.0
1973-11-08,0.2308349460363388,0.2308349460363388,0.2274947264027417,0.2308349460363388,47040.0,0.0,0.0
1973-11-09,0.22749468684196472,0.23417515045912918,0.22749468684196472,0.22749468684196472,53760.0,0.0,0.0
1973-11-12,0.22749468684196472,0.2308349058947058,0.22415487597614056,0.22749468684196472,53760.0,0.0,0.0
1973-11-13,0.22415487468242645,0.22415487468242645,0.22415487468242645,0.22415487468242645,6720.0,0.0,0.0
1973-11-14,0.22081606090068817,0.22081606090068817,0.21747627360463193,0.22081606090068817,33600.0,0.0,0.0
1973-11-15,0.21075254678726196,0.22081602973530204,0.21075254678726196,0.21075254678726196,73920.0,0.0,0.0
1973-11-16,0.21747614443302152,0.21747614443302152,0.21075245135429319,0.21747614443302155,60480.0,0.0,0.0
1973-11-19,0.21075254678726196,0.21409278006658655,0.20741402279140456,0.21075254678726196,87360.0,0.0,0.0
1973-11-20,0.20407375693321228,0.2074139896792934,0.20407375693321228,0.20407375693321228,70560.0,0.0,0.0
1973-11-21,0.20073388516902924,0.20407368300653145,0.20073388516902924,0.20073388516902924,164640.0,0.0,0.0
1973-11-23,0.20407375693321228,0.20407375693321228,0.197393725139771,0.20407375693321228,23520.0,0.0,0.0
1973-11-26,0.1907138228416443,0.20407389550006022,0.1907138228416443,0.1907138228416443,94080.0,0.0,0.0
1973-11-27,0.18733157217502594,0.19405354708028344,0.18733157217502594,0.18733157217502594,40320.0,0.0,0.0
1973-11-28,0.1773112267255783,0.19071366310333382,0.1773112267255783,0.1773112267255783,141120.0,0.0,0.0
1973-11-29,0.17397144436836243,0.17731124319634398,0.17397144436836243,0.17397144436836243,131040.0,0.0,0.0
1973-11-30,0.16729268431663513,0.17397142665088536,0.16729268431663513,0.16729268431663513,73920.0,0.0,0.0
1973-12-03,0.16395241022109985,0.1706324391879229,0.16395241022109985,0.16395241022109985,157920.0,0.0,0.0
1973-12-04,0.16729268431663513,0.16729268431663513,0.16395245213013476,0.16729268431663513,36960.0,0.0,0.0
1973-12-05,0.1605689376592636,0.16729262937463943,0.1605689376592636,0.1605689376592636,134400.0,0.0,0.0
1973-12-06,0.15389025211334229,0.16056899462355612,0.1505504407816542,0.15389025211334229,164640.0,0.0,0.0
1973-12-07,0.1706324815750122,0.1706324815750122,0.16056898923611096,0.1706324815750122,120960.0,0.0,0.0
1973-12-10,0.1773112267255783,0.1773112267255783,0.1706324843315569,0.1773112267255783,114240.0,0.0,0.0
1973-12-11,0.18733157217502594,0.18733157217502594,0.17731130481167323,0.18733157217502594,188160.0,0.0,0.0
1973-12-12,0.1839916855096817,0.1839916855096817,0.18065145339583566,0.1839916855096817,84000.0,0.0,0.0
1973-12-13,0.1773112267255783,0.1873314896761072,0.1773112267255783,0.1773112267255783,100800.0,0.0,0.0
1973-12-14,0.1839916855096817,0.1839916855096817,0.17731122128198964,0.1839916855096817,36960.0,0.0,0.0
1973-12-17,0.1839916855096817,0.1907136572482802,0.1839916855096817,0.1839916855096817,67200.0,0.0,0.0
1973-12-18,0.1907138228416443,0.1907138228416443,0.1839918452664742,0.1907138228416443,60480.0,0.0,0.0
1973-12-19,0.19405345618724823,0.19405345618724823,0.19071365776302676,0.19405345618724823,36960.0,0.0,0.0
1973-12-20,0.19739368557929993,0.20407371603396915,0.19071365512463073,0.19739368557929993,94080.0,0.0,0.0
1973-12-21,0.1907138228416443,0.19739385917085225,0.1907138228416443,0.1907138228416443,30240.0,0.0,0.0
1973-12-24,0.1907138228416443,0.1907138228416443,0.18733164658157045,0.1907138228416443,47040.0,0.0,0.0
1973-12-26,0.19739368557929993,0.20073391765595155,0.18733148183890083,0.19739368557929993,80640.0,0.0,0.0
1973-12-27,0.19739368557929993,0.20073391765595155,0.19739368557929993,0.19739368557929993,90720.0,0.0,0.0
1973-12-28,0.1907138228416443,0.1907138228416443,0.18733164658157045,0.1907138228416443,60480.0,0.0,0.0
1973-12-31,0.1907138228416443,0.1907138228416443,0.18733164658157045,0.1907138228416443,168000.0,0.0,0.0
1974-01-02,0.1907138228416443,0.1907138228416443,0.18733164658157045,0.1907138228416443,50400.0,0.0,0.0
1974-01-03,0.19739368557929993,0.19739368557929993,0.19071365512463073,0.19739368557929993,50400.0,0.0,0.0
1974-01-04,0.20073388516902924,0.20073388516902924,0.19405342209689716,0.20073388516902924,50400.0,0.0,0.0
1974-01-07,0.20407375693321228,0.2074139896792934,0.2007339578858521,0.20407375693321228,168000.0,0.0,0.0
1974-01-08,0.20407375693321228,0.20407375693321228,0.2007339578858521,0.20407375693321228,94080.0,0.0,0.0
1974-01-09,0.20407375693321228,0.20407375693321228,0.197393725139771,0.20407375693321228,100800.0,0.0,0.0
1974-01-10,0.19739368557929993,0.20073391765595155,0.19739368557929993,0.19739368557929993,16800.0,0.0,0.0
1974-01-11,0.19739368557929993,0.19739368557929993,0.19739368557929993,0.19739368557929993,6720.0,0.0,0.0
1974-01-14,0.19739368557929993,0.20073391765595155,0.19739368557929993,0.19739368557929993,23520.0,0.0,0.0
1974-01-15,0.19405345618724823,0.19405345618724823,0.19405345618724823,0.19405345618724823,20160.0,0.0,0.0
1974-01-16,0.19739368557929993,0.19739368557929993,0.19405345350264833,0.19739368557929993,30240.0,0.0,0.0
1974-01-17,0.19739368557929993,0.19739368557929993,0.19739368557929993,0.19739368557929993,50400.0,0.0,0.0
1974-01-18,0.19739368557929993,0.20073391765595155,0.19739368557929993,0.19739368557929993,33600.0,0.0,0.0
1974-01-21,0.19739368557929993,0.20073391765595155,0.19739368557929993,0.19739368557929993,57120.0,0.0,0.0
1974-01-22,0.20073388516902924,0.20073388516902924,0.20073388516902924,0.20073388516902924,3360.0,0.0,0.0
1974-01-23,0.20073388516902924,0.20407368300653145,0.20073388516902924,0.20073388516902924,16800.0,0.0,0.0
1974-01-24,0.20407375693321228,0.20407375693321228,0.197393725139771,0.20407375693321228,70560.0,0.0,0.0
1974-01-25,0.19739368557929993,0.19739368557929993,0.19739368557929993,0.19739368557929993,33600.0,0.0,0.0
1974-01-28,0.19739368557929993,0.19739368557929993,0.19405345350264833,0.19739368557929993,47040.0,0.0,0.0
1974-01-29,0.19739368557929993,0.20073391765595155,0.19739368557929993,0.19739368557929993,33600.0,0.0,0.0
1974-01-30,0.19739368557929993,0.19739368557929993,0.19739368557929993,0.19739368557929993,13440.0,0.0,0.0
1974-01-31,0.21075254678726196,0.21075254678726196,0.19739375665222095,0.21075254678726196,73920.0,0.0,0.0
1974-02-01,0.21075254678726196,0.2174762429106144,0.21075254678726196,0.21075254678726196,63840.0,0.0,0.0
1974-02-04,0.20741410553455353,0.21409286547407522,0.20407387092271817,0.20741410553455353,154560.0,0.0,0.0
1974-02-05,0.20741410553455353,0.20741410553455353,0.20741410553455353,0.20741410553455353,10080.0,0.0,0.0
1974-02-06,0.20741410553455353,0.20741410553455353,0.20741410553455353,0.20741410553455353,6720.0,0.0,0.0
1974-02-07,0.21409262716770172,0.21409262716770172,0.2074138746622954,0.21409262716770172,43680.0,0.0,0.0
1974-02-08,0.21747614443302152,0.21747614443302152,0.21747614443302152,0.21747614443302155,13440.0,0.0,0.0
1974-02-11,0.21075254678726196,0.21409278006658655,0.21075254678726196,0.21075254678726196,23520.0,0.0,0.0
1974-02-12,0.20741410553455353,0.20741410553455353,0.20741410553455353,0.20741410553455353,6720.0,0.0,0.0
1974-02-13,0.20741410553455353,0.20741410553455353,0.20741410553455353,0.20741410553455353,16800.0,0.0,0.0
1974-02-14,0.20741410553455353,0.20741410553455353,0.20407387092271817,0.20741410553455353,30240.0,0.0,0.0
1974-02-15,0.20073388516902924,0.20073388516902924,0.20073388516902924,0.20073388516902924,6720.0,0.0,0.0
1974-02-19,0.19405345618724823,0.19739368831010973,0.19405345618724823,0.19405345618724823,36960.0,0.0,0.0
1974-02-20,0.20073388516902924,0.20073388516902924,0.19739365363296318,0.20073388516902924,10080.0,0.0,0.0
1974-02-21,0.20073388516902924,0.20073388516902924,0.20073388516902924,0.20073388516902924,10080.0,0.0,0.0
1974-02-22,0.20073388516902924,0.20073388516902924,0.20073388516902924,0.20073388516902924,13440.0,0.0,0.0
1974-02-25,0.19739368557929993,0.20073391765595155,0.19405345350264833,0.19739368557929993,94080.0,0.0,0.0
1974-02-26,0.19739368557929993,0.19739368557929993,0.19071365512463073,0.19739368557929993,50400.0,0.0,0.0
1974-02-27,0.20407375693321228,0.20407375693321228,0.2007339578858521,0.20407375693321228,6720.0,0.0,0.0
1974-02-28,0.20741410553455353,0.20741410553455353,0.19739383539801064,0.20741410553455353,47040.0,0.0,0.0
1974-03-01,0.20407375693321228,0.20407375693321228,0.2007339578858521,0.20407375693321228,47040.0,0.0,0.0
1974-03-04,0.20073388516902924,0.20073388516902924,0.20073388516902924,0.20073388516902924,6720.0,0.0,0.0
1974-03-05,0.19739368557929993,0.19739368557929993,0.19739368557929993,0.19739368557929993,10080.0,0.0,0.0
1974-03-06,0.19739368557929993,0.19739368557929993,0.19405345350264833,0.19739368557929993,73920.0,0.0,0.0
1974-03-07,0.1907138228416443,0.19739385917085225,0.1907138228416443,0.1907138228416443,36960.0,0.0,0.0
1974-03-08,0.1907138228416443,0.19405362415674057,0.1839918452664742,0.1907138228416443,215040.0,0.0,0.0
1974-03-11,0.19739368557929993,0.19739368557929993,0.19405345350264833,0.19739368557929993,30240.0,0.0,0.0
1974-03-12,0.20407375693321228,0.20407375693321228,0.2007339578858521,0.20407375693321228,13440.0,0.0,0.0
1974-03-13,0.20407375693321228,0.20407375693321228,0.2007339578858521,0.20407375693321228,26880.0,0.0,0.0
1974-03-14,0.20741410553455353,0.20741410553455353,0.20407387092271817,0.20741410553455353,6720.0,0.0,0.0
1974-03-15,0.20741410553455353,0.21075263086223986,0.20741410553455353,0.20741410553455353,43680.0,0.0,0.0
1974-03-18,0.20741410553455353,0.21075263086223986,0.20741410553455353,0.20741410553455353,16800.0,0.0,0.0
1974-03-19,0.20407375693321228,0.2074139896792934,0.20407375693321228,0.20407375693321228,33600.0,0.0,0.0
1974-03-20,0.20407375693321228,0.20407375693321228,0.20407375693321228,0.20407375693321228,16800.0,0.0,0.0
1974-03-21,0.20407375693321228,0.20407375693321228,0.2007339578858521,0.20407375693321228,40320.0,0.0,0.0
1974-03-22,0.20407375693321228,0.20407375693321228,0.20407375693321228,0.20407375693321228,6720.0,0.0,0.0
1974-03-25,0.20407375693321228,0.20407375693321228,0.20407375693321228,0.20407375693321228,30240.0,0.0,0.0
1974-03-26,0.20073388516902924,0.20407368300653145,0.20073388516902924,0.20073388516902924,33600.0,0.0,0.0
1974-03-27,0.20073388516902924,0.20073388516902924,0.20073388516902924,0.20073388516902924,3360.0,0.0,0.0
1974-03-28,0.19405345618724823,0.20073392043297122,0.19405345618724823,0.19405345618724823,13440.0,0.0,0.0
1974-03-29,0.1907138228416443,0.1907138228416443,0.1907138228416443,0.1907138228416443,40320.0,0.0,0.0
1974-04-01,0.1907138228416443,0.1907138228416443,0.1907138228416443,0.1907138228416443,16800.0,0.0,0.0
1974-04-02,0.19405345618724823,0.19405345618724823,0.19071365776302676,0.19405345618724823,20160.0,0.0,0.0
1974-04-03,0.19405345618724823,0.19405345618724823,0.19405345618724823,0.19405345618724823,30240.0,0.0,0.0
1974-04-04,0.1907138228416443,0.1907138228416443,0.1907138228416443,0.1907138228416443,23520.0,0.0,0.0
1974-04-05,0.18733157217502594,0.18733157217502594,0.18733157217502594,0.18733157217502594,30240.0,0.0,0.0
1974-04-08,0.18733157217502594,0.18733157217502594,0.18399177218647048,0.18733157217502594,10080.0,0.0,0.0
1974-04-09,0.1907138228416443,0.1907138228416443,0.1907138228416443,0.1907138228416443,26880.0,0.0,0.0
1974-04-10,0.19739368557929993,0.20073391765595155,0.19405345350264833,0.19739368557929993,90720.0,0.0,0.0
1974-04-11,0.19739368557929993,0.19739368557929993,0.19739368557929993,0.19739368557929993,16800.0,0.0,0.0
1974-04-15,0.19405345618724823,0.19739368831010973,0.19405345618724823,0.19405345618724823,20160.0,0.0,0.0
1974-04-16,0.20073388516902924,0.20073388516902924,0.19405342209689716,0.20073388516902924,23520.0,0.0,0.0
1974-04-17,0.20407375693321228,0.20407375693321228,0.197393725139771,0.20407375693321228,157920.0,0.0,0.0
1974-04-18,0.20407375693321228,0.20407375693321228,0.20407375693321228,0.20407375693321228,30240.0,0.0,0.0
1974-04-19,0.20407375693321228,0.20407375693321228,0.20407375693321228,0.20407375693321228,73920.0,0.0,0.0
1974-04-22,0.20407375693321228,0.20407375693321228,0.2007339578858521,0.20407375693321228,60480.0,0.0,0.0
1974-04-23,0.20073388516902924,0.20073388516902924,0.19739365363296318,0.20073388516902924,141120.0,0.0,0.0
1974-04-24,0.19739368557929993,0.20073391765595155,0.19739368557929993,0.19739368557929993,141120.0,0.0,0.0
1974-04-25,0.19739368557929993,0.20073391765595155,0.19739368557929993,0.19739368557929993,131040.0,0.0,0.0
1974-04-26,0.20073388516902924,0.20073388516902924,0.19739365363296318,0.20073388516902924,47040.0,0.0,0.0
1974-04-29,0.20073388516902924,0.20073388516902924,0.20073388516902924,0.20073388516902924,6720.0,0.0,0.0
1974-04-30,0.20073388516902924,0.20407368300653145,0.20073388516902924,0.20073388516902924,43680.0,0.0,0.0
1974-05-01,0.20073388516902924,0.20073388516902924,0.19739365363296318,0.20073388516902924,84000.0,0.0,0.0
1974-05-02,0.20073388516902924,0.20073388516902924,0.20073388516902924,0.20073388516902924,40320.0,0.0,0.0
1974-05-03,0.20073388516902924,0.20073388516902924,0.20073388516902924,0.20073388516902924,50400.0,0.0,0.0
1974-05-06,0.19739368557929993,0.20073391765595155,0.19739368557929993,0.19739368557929993,16800.0,0.0,0.0
1974-05-07,0.20073388516902924,0.20073388516902924,0.20073388516902924,0.20073388516902924,20160.0,0.0,0.0
1974-05-08,0.19739368557929993,0.20073391765595155,0.19739368557929993,0.19739368557929993,36960.0,0.0,0.0
1974-05-09,0.19739368557929993,0.19739368557929993,0.19405345350264833,0.19739368557929993,13440.0,0.0,0.0
1974-05-10,0.20073388516902924,0.20073388516902924,0.20073388516902924,0.20073388516902924,13440.0,0.0,0.0
1974-05-13,0.20073388516902924,0.20407368300653145,0.20073388516902924,0.20073388516902924,36960.0,0.0,0.0
1974-05-14,0.20073388516902924,0.20073388516902924,0.19739365363296318,0.20073388516902924,26880.0,0.0,0.0
1974-05-15,0.19405345618724823,0.20073392043297122,0.19405345618724823,0.19405345618724823,23520.0,0.0,0.0
1974-05-16,0.19739368557929993,0.19739368557929993,0.19405345350264833,0.19739368557929993,26880.0,0.0,0.0
1974-05-17,0.19739368557929993,0.20073391765595155,0.19739368557929993,0.19739368557929993,20160.0,0.0,0.0
1974-05-20,0.19405345618724823,0.19405345618724823,0.19405345618724823,0.19405345618724823,10080.0,0.0,0.0
1974-05-21,0.19405345618724823,0.19405345618724823,0.19405345618724823,0.19405345618724823,10080.0,0.0,0.0
1974-05-22,0.1907138228416443,0.19405362415674057,0.1907138228416443,0.1907138228416443,43680.0,0.0,0.0
1974-05-23,0.18733157217502594,0.18733157217502594,0.18733157217502594,0.18733157217502594,26880.0,0.0,0.0
1974-05-24,0.19405345618724823,0.19405345618724823,0.18733148443050673,0.19405345618724823,67200.0,0.0,0.0
1974-05-28,0.19405345618724823,0.19739368831010973,0.19071365776302676,0.19405345618724823,26880.0,0.0,0.0
1974-05-29,0.19739368557929993,0.20407371603396915,0.19739368557929993,0.19739368557929993,67200.0,0.0,0.0
1974-05-30,0.19739368557929993,0.19739368557929993,0.19405345350264833,0.19739368557929993,16800.0,0.0,0.0
1974-05-31,0.19405345618724823,0.19739368831010973,0.19405345618724823,0.19405345618724823,53760.0,0.0,0.0
1974-06-03,0.19405345618724823,0.19739368831010973,0.19405345618724823,0.19405345618724823,16800.0,0.0,0.0
1974-06-04,0.20073388516902924,0.20073388516902924,0.19405342209689716,0.20073388516902924,127680.0,0.0,0.0
1974-06-05,0.20073388516902924,0.20073388516902924,0.19739365363296318,0.20073388516902924,20160.0,0.0,0.0
1974-06-06,0.19739368557929993,0.20073391765595155,0.19739368557929993,0.19739368557929993,60480.0,0.0,0.0
1974-06-07,0.20073388516902924,0.20407368300653145,0.20073388516902924,0.20073388516902924,47040.0,0.0,0.0
1974-06-10,0.20073388516902924,0.20073388516902924,0.19405342209689716,0.20073388516902924,63840.0,0.0,0.0
1974-06-11,0.20073388516902924,0.20407368300653145,0.20073388516902924,0.20073388516902924,16800.0,0.0,0.0
1974-06-12,0.19739368557929993,0.20073391765595155,0.19739368557929993,0.19739368557929993,47040.0,0.0,0.0
1974-06-13,0.19405345618724823,0.19405345618724823,0.19405345618724823,0.19405345618724823,13440.0,0.0,0.0
1974-06-14,0.19739368557929993,0.19739368557929993,0.19071365512463073,0.19739368557929993,33600.0,0.0,0.0
1974-06-17,0.19739368557929993,0.19739368557929993,0.19739368557929993,0.19739368557929993,6720.0,0.0,0.0
1974-06-18,0.18733157217502594,0.19071374709172798,0.18733157217502594,0.18733157217502594,67200.0,0.0,0.0
1974-06-19,0.1839916855096817,0.18733148392488888,0.1839916855096817,0.1839916855096817,77280.0,0.0,0.0
1974-06-20,0.18733157217502594,0.18733157217502594,0.18399177218647048,0.18733157217502594,16800.0,0.0,0.0
1974-06-21,0.18733157217502594,0.19071374709172798,0.18733157217502594,0.18733157217502594,13440.0,0.0,0.0
1974-06-24,0.1839916855096817,0.18733148392488888,0.1839916855096817,0.1839916855096817,10080.0,0.0,0.0
1974-06-25,0.1907138228416443,0.1907138228416443,0.18733164658157045,0.1907138228416443,13440.0,0.0,0.0
1974-06-26,0.1907138228416443,0.19405362415674057,0.1907138228416443,0.1907138228416443,20160.0,0.0,0.0
1974-06-27,0.19405345618724823,0.19405345618724823,0.19071365776302676,0.19405345618724823,6720.0,0.0,0.0
1974-06-28,0.19405345618724823,0.19405345618724823,0.19071365776302676,0.19405345618724823,33600.0,0.0,0.0
1974-07-01,0.19405345618724823,0.19405345618724823,0.19071365776302676,0.19405345618724823,36960.0,0.0,0.0
1974-07-02,0.1907138228416443,0.19405362415674057,0.1907138228416443,0.1907138228416443,10080.0,0.0,0.0
1974-07-03,0.1839916855096817,0.18733148392488888,0.1839916855096817,0.1839916855096817,26880.0,0.0,0.0
1974-07-05,0.1839916855096817,0.1839916855096817,0.1839916855096817,0.1839916855096817,0.0,0.0,0.0
1974-07-08,0.18065148591995236,0.18399171863516695,0.18065148591995236,0.1806514859199524,30240.0,0.0,0.0
1974-07-09,0.1839916855096817,0.1839916855096817,0.17731122128198964,0.1839916855096817,73920.0,0.0,0.0
1974-07-10,0.17397144436836243,0.18065147572301796,0.17063250018192191,0.17397144436836243,40320.0,0.0,0.0
1974-07-11,0.1706324815750122,0.17731122386113946,0.1706324815750122,0.1706324815750122,137760.0,0.0,0.0
1974-07-12,0.1706324815750122,0.17731122386113946,0.1706324815750122,0.1706324815750122,100800.0,0.0,0.0
1974-07-15,0.1706324815750122,0.17397142539735191,0.1706324815750122,0.1706324815750122,144480.0,0.0,0.0
1974-07-16,0.16729268431663513,0.17063248280448723,0.16729268431663513,0.16729268431663513,23520.0,0.0,0.0
1974-07-17,0.1706324815750122,0.1706324815750122,0.1706324815750122,0.1706324815750122,10080.0,0.0,0.0
1974-07-18,0.1706324815750122,0.1706324815750122,0.1706324815750122,0.1706324815750122,30240.0,0.0,0.0
1974-07-19,0.1706324815750122,0.1706324815750122,0.1706324815750122,0.1706324815750122,33600.0,0.0,0.0
1974-07-22,0.1706324815750122,0.17397142539735191,0.1706324815750122,0.1706324815750122,13440.0,0.0,0.0
1974-07-23,0.17397144436836243,0.17397144436836243,0.16729270135394037,0.17397144436836243,90720.0,0.0,0.0
1974-07-24,0.17397144436836243,0.17397144436836243,0.17397144436836243,0.17397144436836243,0.0,0.0,0.0
1974-07-25,0.1773112267255783,0.1773112267255783,0.17397142820783681,0.1773112267255783,10080.0,0.0,0.0
1974-07-26,0.1773112267255783,0.1773112267255783,0.1773112267255783,0.1773112267255783,0.0,0.0,0.0
1974-07-29,0.17397144436836243,0.18065147572301796,0.17397144436836243,0.17397144436836243,43680.0,0.0,0.0
1974-07-30,0.18065148591995236,0.18065148591995236,0.1739714541882402,0.1806514859199524,16800.0,0.0,0.0
1974-07-31,0.1839916855096817,0.1839916855096817,0.18065145339583566,0.1839916855096817,53760.0,0.0,0.0
1974-08-01,0.1839916855096817,0.1839916855096817,0.18065145339583566,0.1839916855096817,26880.0,0.0,0.0
1974-08-02,0.1907138228416443,0.1907138228416443,0.18733164658157045,0.1907138228416443,13440.0,0.0,0.0
1974-08-05,0.19405345618724823,0.19405345618724823,0.19071365776302676,0.19405345618724823,30240.0,0.0,0.0
1974-08-06,0.19405345618724823,0.19405345618724823,0.19071365776302676,0.19405345618724823,90720.0,0.0,0.0
1974-08-07,0.19405345618724823,0.19405345618724823,0.19405345618724823,0.19405345618724823,16800.0,0.0,0.0
1974-08-08,0.19405345618724823,0.19739368831010973,0.19071365776302676,0.19405345618724823,53760.0,0.0,0.0
1974-08-09,0.20073388516902924,0.20073388516902924,0.19739365363296318,0.20073388516902924,47040.0,0.0,0.0
1974-08-12,0.20073388516902924,0.20407368300653145,0.19739365363296318,0.20073388516902924,53760.0,0.0,0.0
1974-08-13,0.20407375693321228,0.20407375693321228,0.197393725139771,0.20407375693321228,33600.0,0.0,0.0
1974-08-14,0.19739368557929993,0.19739368557929993,0.19739368557929993,0.19739368557929993,36960.0,0.0,0.0
1974-08-15,0.19739368557929993,0.20073391765595155,0.19739368557929993,0.19739368557929993,10080.0,0.0,0.0
1974-08-16,0.20073388516902924,0.20073388516902924,0.19739365363296318,0.20073388516902924,30240.0,0.0,0.0
1974-08-19,0.20073388516902924,0.20073388516902924,0.19739365363296318,0.20073388516902924,20160.0,0.0,0.0
1974-08-20,0.19405345618724823,0.19739368831010973,0.19405345618724823,0.19405345618724823,40320.0,0.0,0.0
1974-08-21,0.1907138228416443,0.19405362415674057,0.1907138228416443,0.1907138228416443,60480.0,0.0,0.0
1974-08-22,0.18733157217502594,0.19071374709172798,0.18733157217502594,0.18733157217502594,16800.0,0.0,0.0
1974-08-23,0.1839916855096817,0.1839916855096817,0.1839916855096817,0.1839916855096817,16800.0,0.0,0.0
1974-08-26,0.1773112267255783,0.180651458941972,0.1773112267255783,0.1773112267255783,94080.0,0.0,0.0
1974-08-27,0.1773112267255783,0.1773112267255783,0.17397142820783681,0.1773112267255783,50400.0,0.0,0.0
1974-08-28,0.1773112267255783,0.1773112267255783,0.17397142820783681,0.1773112267255783,23520.0,0.0,0.0
1974-08-29,0.1839916855096817,0.1839916855096817,0.17731122128198964,0.1839916855096817,40320.0,0.0,0.0
1974-08-30,0.1839916855096817,0.1839916855096817,0.17731122128198964,0.1839916855096817,60480.0,0.0,0.0
1974-09-03,0.1773112267255783,0.180651458941972,0.1773112267255783,0.1773112267255783,60480.0,0.0,0.0
1974-09-04,0.1839916855096817,0.1839916855096817,0.17731122128198964,0.1839916855096817,53760.0,0.0,0.0
1974-09-05,0.18065148591995236,0.18399171863516695,0.18065148591995236,0.1806514859199524,26880.0,0.0,0.0
1974-09-06,0.18733157217502594,0.18733157217502594,0.18399177218647048,0.18733157217502594,10080.0,0.0,0.0
1974-09-09,0.1907138228416443,0.1907138228416443,0.18733164658157045,0.1907138228416443,30240.0,0.0,0.0
1974-09-10,0.18733157217502594,0.18733157217502594,0.18733157217502594,0.18733157217502594,10080.0,0.0,0.0
1974-09-11,0.18733157217502594,0.18733157217502594,0.18733157217502594,0.18733157217502594,20160.0,0.0,0.0
1974-09-12,0.1839916855096817,0.1839916855096817,0.1839916855096817,0.1839916855096817,13440.0,0.0,0.0
1974-09-13,0.1773112267255783,0.180651458941972,0.1773112267255783,0.1773112267255783,30240.0,0.0,0.0
1974-09-16,0.1773112267255783,0.1773112267255783,0.1773112267255783,0.1773112267255783,43680.0,0.0,0.0
1974-09-17,0.1773112267255783,0.180651458941972,0.1773112267255783,0.1773112267255783,26880.0,0.0,0.0
1974-09-18,0.1773112267255783,0.1773112267255783,0.1773112267255783,0.1773112267255783,6720.0,0.0,0.0
1974-09-19,0.1773112267255783,0.1773112267255783,0.1773112267255783,0.1773112267255783,6720.0,0.0,0.0
1974-09-20,0.1839916855096817,0.1839916855096817,0.18065145339583566,0.1839916855096817,26880.0,0.0,0.0
1974-09-23,0.1907138228416443,0.19739385917085225,0.1839918452664742,0.1907138228416443,154560.0,0.0,0.0
1974-09-24,0.18733157217502594,0.19071374709172798,0.18733157217502594,0.18733157217502594,13440.0,0.0,0.0
1974-09-25,0.18733157217502594,0.18733157217502594,0.18733157217502594,0.18733157217502594,10080.0,0.0,0.0
1974-09-26,0.18733157217502594,0.18733157217502594,0.18733157217502594,0.18733157217502594,3360.0,0.0,0.0
1974-09-27,0.1839916855096817,0.1839916855096817,0.1839916855096817,0.1839916855096817,10080.0,0.0,0.0
1974-09-30,0.1839916855096817,0.18733148392488888,0.1839916855096817,0.1839916855096817,60480.0,0.0,0.0
1974-10-01,0.18065148591995236,0.18399171863516695,0.18065148591995236,0.1806514859199524,40320.0,0.0,0.0
1974-10-02,0.1839916855096817,0.1839916855096817,0.17731122128198964,0.1839916855096817,47040.0,0.0,0.0
1974-10-03,0.18065148591995236,0.18399171863516695,0.18065148591995236,0.1806514859199524,23520.0,0.0,0.0
1974-10-04,0.1839916855096817,0.1839916855096817,0.18065145339583566,0.1839916855096817,33600.0,0.0,0.0
1974-10-07,0.1907138228416443,0.1907138228416443,0.1839918452664742,0.1907138228416443,413280.0,0.0,0.0
1974-10-08,0.1907138228416443,0.1907138228416443,0.1907138228416443,0.1907138228416443,3360.0,0.0,0.0
1974-10-09,0.19405345618724823,0.19405345618724823,0.19071365776302676,0.19405345618724823,13440.0,0.0,0.0
1974-10-10,0.19739368557929993,0.19739368557929993,0.19739368557929993,0.19739368557929993,23520.0,0.0,0.0
1974-10-11,0.19739368557929993,0.19739368557929993,0.19405345350264833,0.19739368557929993,67200.0,0.0,0.0
1974-10-14,0.21075254678726196,0.21075254678726196,0.20073398993154554,0.21075254678726196,50400.0,0.0,0.0
1974-10-15,0.20741410553455353,0.20741410553455353,0.20741410553455353,0.20741410553455353,16800.0,0.0,0.0
1974-10-16,0.21409262716770172,0.21409262716770172,0.2074138746622954,0.21409262716770172,80640.0,0.0,0.0
1974-10-17,0.21747614443302152,0.21747614443302152,0.21075245135429319,0.21747614443302155,80640.0,0.0,0.0
1974-10-18,0.21747614443302152,0.21747614443302152,0.21409268312109334,0.21747614443302155,47040.0,0.0,0.0
1974-10-21,0.21747614443302152,0.22081592974538689,0.21747614443302152,0.21747614443302155,36960.0,0.0,0.0
1974-10-22,0.21747614443302152,0.22081592974538689,0.21409268312109334,0.21747614443302155,73920.0,0.0,0.0
1974-10-23,0.21409262716770172,0.21747608759535805,0.21409262716770172,0.21409262716770172,53760.0,0.0,0.0
1974-10-24,0.20073388516902924,0.2074139145425975,0.20073388516902924,0.20073388516902924,63840.0,0.0,0.0
1974-10-25,0.19739368557929993,0.20073391765595155,0.19405345350264833,0.19739368557929993,36960.0,0.0,0.0
1974-10-28,0.20407375693321228,0.20407375693321228,0.2007339578858521,0.20407375693321228,23520.0,0.0,0.0
1974-10-29,0.20741410553455353,0.20741410553455353,0.20741410553455353,0.20741410553455353,33600.0,0.0,0.0
1974-10-30,0.21075254678726196,0.21409278006658655,0.21075254678726196,0.21075254678726196,26880.0,0.0,0.0
1974-10-31,0.21075254678726196,0.2174762429106144,0.21075254678726196,0.21075254678726196,40320.0,0.0,0.0
1974-11-01,0.21075254678726196,0.21075254678726196,0.21075254678726196,0.21075254678726196,20160.0,0.0,0.0
1974-11-04,0.20407375693321228,0.2140927458882613,0.20407375693321228,0.20407375693321228,30240.0,0.0,0.0
1974-11-05,0.20741410553455353,0.20741410553455353,0.20407387092271817,0.20741410553455353,23520.0,0.0,0.0
1974-11-06,0.21409262716770172,0.21409262716770172,0.2074138746622954,0.21409262716770172,50400.0,0.0,0.0
1974-11-07,0.21409262716770172,0.21409262716770172,0.21075239627387535,0.21409262716770172,23520.0,0.0,0.0
1974-11-08,0.21075254678726196,0.21409278006658655,0.21075254678726196,0.21075254678726196,10080.0,0.0,0.0
1974-11-11,0.21747614443302152,0.21747614443302152,0.21409268312109334,0.21747614443302155,157920.0,0.0,0.0
1974-11-12,0.21747614443302152,0.21747614443302152,0.21747614443302152,0.21747614443302155,16800.0,0.0,0.0
1974-11-13,0.21075254678726196,0.21409278006658655,0.21075254678726196,0.21075254678726196,40320.0,0.0,0.0
1974-11-14,0.21075254678726196,0.21075254678726196,0.21075254678726196,0.21075254678726196,10080.0,0.0,0.0
1974-11-15,0.21075254678726196,0.21075254678726196,0.21075254678726196,0.21075254678726196,6720.0,0.0,0.0
1974-11-18,0.20741410553455353,0.20741410553455353,0.20407387092271817,0.20741410553455353,53760.0,0.0,0.0
1974-11-19,0.20407375693321228,0.20407375693321228,0.20407375693321228,0.20407375693321228,40320.0,0.0,0.0
1974-11-20,0.18733157217502594,0.20073401445508068,0.18733157217502594,0.18733157217502594,117600.0,0.0,0.0
1974-11-21,0.18733157217502594,0.18733157217502594,0.18733157217502594,0.18733157217502594,26880.0,0.0,0.0
1974-11-22,0.1907138228416443,0.1907138228416443,0.18733164658157045,0.1907138228416443,20160.0,0.0,0.0
1974-11-25,0.18733157217502594,0.19071374709172798,0.18733157217502594,0.18733157217502594,60480.0,0.0,0.0
1974-11-26,0.1907138228416443,0.1907138228416443,0.1839918452664742,0.1907138228416443,389760.0,0.0,0.0
1974-11-27,0.18733157217502594,0.18733157217502594,0.18399177218647048,0.18733157217502594,16800.0,0.0,0.0
1974-11-29,0.18733157217502594,0.18733157217502594,0.18733157217502594,0.18733157217502594,13440.0,0.0,0.0
1974-12-02,0.1839916855096817,0.18733148392488888,0.1839916855096817,0.1839916855096817,53760.0,0.0,0.0
1974-12-03,0.17397144436836243,0.18065147572301796,0.17397144436836243,0.17397144436836243,90720.0,0.0,0.0
1974-12-04,0.17397144436836243,0.17397144436836243,0.17063250018192191,0.17397144436836243,63840.0,0.0,0.0
1974-12-05,0.16729268431663513,0.17731122513873748,0.16729268431663513,0.16729268431663513,57120.0,0.0,0.0
1974-12-06,0.16395241022109985,0.16729264155378007,0.16395241022109985,0.16395241022109985,23520.0,0.0,0.0
1974-12-09,0.15389025211334229,0.16056899462355612,0.1505504407816542,0.15389025211334229,144480.0,0.0,0.0
1974-12-10,0.16395241022109985,0.16395241022109985,0.15389020872185985,0.16395241022109985,225120.0,0.0,0.0
1974-12-11,0.1706324815750122,0.17397142539735191,0.1672926831112247,0.1706324815750122,33600.0,0.0,0.0
1974-12-12,0.1839916855096817,0.1839916855096817,0.17397142286678247,0.1839916855096817,73920.0,0.0,0.0
1974-12-13,0.1773112267255783,0.180651458941972,0.1773112267255783,0.1773112267255783,10080.0,0.0,0.0
1974-12-16,0.1839916855096817,0.1839916855096817,0.18065145339583566,0.1839916855096817,26880.0,0.0,0.0
1974-12-17,0.1839916855096817,0.1839916855096817,0.18065145339583566,0.1839916855096817,53760.0,0.0,0.0
1974-12-18,0.1907138228416443,0.1907138228416443,0.1907138228416443,0.1907138228416443,47040.0,0.0,0.0
1974-12-19,0.1839916855096817,0.18733148392488888,0.1839916855096817,0.1839916855096817,33600.0,0.0,0.0
1974-12-20,0.1706324815750122,0.1839916881860048,0.1706324815750122,0.1706324815750122,104160.0,0.0,0.0
1974-12-23,0.16395241022109985,0.1706324391879229,0.16395241022109985,0.16395241022109985,110880.0,0.0,0.0
1974-12-24,0.16729268431663513,0.16729268431663513,0.16729268431663513,0.16729268431663513,33600.0,0.0,0.0
1974-12-26,0.1773112267255783,0.1773112267255783,0.1672926858138154,0.1773112267255783,80640.0,0.0,0.0
1974-12-27,0.17397144436836243,0.17397144436836243,0.17397144436836243,0.17397144436836243,10080.0,0.0,0.0
1974-12-30,0.16729268431663513,0.16729268431663513,0.16729268431663513,0.16729268431663513,40320.0,0.0,0.0
1974-12-31,0.17397144436836243,0.17397144436836243,0.16729270135394037,0.17397144436836243,53760.0,0.0,0.0
1975-01-02,0.1839916855096817,0.1839916855096817,0.17731122128198964,0.1839916855096817,16800.0,0.0,0.0
1975-01-03,0.19739368557929993,0.19739368557929993,0.18399168346088324,0.19739368557929993,47040.0,0.0,0.0
1975-01-06,0.19739368557929993,0.19739368557929993,0.19405345350264833,0.19739368557929993,33600.0,0.0,0.0
1975-01-07,0.19739368557929993,0.19739368557929993,0.19739368557929993,0.19739368557929993,57120.0,0.0,0.0
1975-01-08,0.1907138228416443,0.19739385917085225,0.1907138228416443,0.1907138228416443,43680.0,0.0,0.0
1975-01-09,0.19405345618724823,0.19405345618724823,0.19071365776302676,0.19405345618724823,16800.0,0.0,0.0
1975-01-10,0.20073388516902924,0.20073388516902924,0.19739365363296318,0.20073388516902924,60480.0,0.0,0.0
1975-01-13,0.20407375693321228,0.20407375693321228,0.20407375693321228,0.20407375693321228,50400.0,0.0,0.0
1975-01-14,0.21075254678726196,0.21075254678726196,0.20407378951207997,0.21075254678726196,120960.0,0.0,0.0
1975-01-15,0.21075254678726196,0.21075254678726196,0.21075254678726196,0.21075254678726196,57120.0,0.0,0.0
1975-01-16,0.21075254678726196,0.21075254678726196,0.21075254678726196,0.21075254678726196,6720.0,0.0,0.0
1975-01-17,0.20741410553455353,0.21409286547407522,0.20741410553455353,0.20741410553455353,376320.0,0.0,0.0
1975-01-20,0.20741410553455353,0.20741410553455353,0.20407387092271817,0.20741410553455353,292320.0,0.0,0.0
1975-01-21,0.21075254678726196,0.21075254678726196,0.21075254678726196,0.21075254678726196,16800.0,0.0,0.0
1975-01-22,0.21075254678726196,0.21075254678726196,0.21075254678726196,0.21075254678726196,30240.0,0.0,0.0
1975-01-23,0.20741410553455353,0.20741410553455353,0.20741410553455353,0.20741410553455353,10080.0,0.0,0.0
1975-01-24,0.21075254678726196,0.21075254678726196,0.20741402279140456,0.21075254678726196,13440.0,0.0,0.0
1975-01-27,0.21409262716770172,0.21409262716770172,0.21409262716770172,0.21409262716770172,36960.0,0.0,0.0
1975-01-28,0.22081606090068817,0.22081606090068817,0.21409281028307114,0.22081606090068817,90720.0,0.0,0.0
1975-01-29,0.22749468684196472,0.22749468684196472,0.22081593250751483,0.22749468684196472,107520.0,0.0,0.0
1975-01-30,0.21409262716770172,0.23083484267826138,0.21409262716770172,0.21409262716770172,63840.0,0.0,0.0
1975-01-31,0.21747614443302152,0.22081592974538689,0.21409268312109334,0.21747614443302155,141120.0,0.0,0.0
1975-02-03,0.21409262716770172,0.22081587203486633,0.21409262716770172,0.21409262716770172,141120.0,0.0,0.0
1975-02-04,0.21747614443302152,0.21747614443302152,0.21409268312109334,0.21747614443302155,40320.0,0.0,0.0
1975-02-05,0.21747614443302152,0.21747614443302152,0.21409268312109334,0.21747614443302155,292320.0,0.0,0.0
1975-02-06,0.22081606090068817,0.22081606090068817,0.22081606090068817,0.22081606090068817,77280.0,0.0,0.0
1975-02-07,0.21738883852958682,0.21738883852958682,0.21400751987877692,0.2173888385295868,38400.0,0.0,1.05
1975-02-10,0.20733049511909482,0.21738884700673816,0.20733049511909482,0.20733049511909485,70400.0,0.0,0.0
1975-02-11,0.21066895127296445,0.21066895127296445,0.20733044195447278,0.21066895127296448,9600.0,0.0,0.0
1975-02-12,0.21066895127296445,0.21066895127296445,0.20733044195447278,0.21066895127296448,54400.0,0.0,0.0
1975-02-13,0.20399202406406403,0.21400758264641875,0.20399202406406403,0.20399202406406403,96000.0,0.0,0.0
1975-02-14,0.20733049511909482,0.20733049511909482,0.20399197218868462,0.20733049511909485,41600.0,0.0,0.0
1975-02-18,0.20399202406406403,0.20733054784346425,0.20399202406406403,0.20399202406406403,35200.0,0.0,0.0
1975-02-19,0.20733049511909482,0.21066900529366236,0.20733049511909482,0.20733049511909485,22400.0,0.0,0.0
1975-02-20,0.20733049511909482,0.2140075282240726,0.20733049511909482,0.20733049511909485,48000.0,0.0,0.0
1975-02-21,0.20733049511909482,0.21066900529366236,0.20733049511909482,0.20733049511909485,38400.0,0.0,0.0
1975-02-24,0.20399202406406403,0.21066905886701853,0.20399202406406403,0.20399202406406403,25600.0,0.0,0.0
1975-02-25,0.20399202406406403,0.20399202406406403,0.20065351304050974,0.20399202406406403,12800.0,0.0,0.0
1975-02-26,0.20065350830554962,0.20065350830554962,0.20065350830554962,0.20065350830554962,25600.0,0.0,0.0
1975-02-27,0.20065350830554962,0.20065350830554962,0.20065350830554962,0.20065350830554962,25600.0,0.0,0.0
1975-02-28,0.20065350830554962,0.20065350830554962,0.20065350830554962,0.20065350830554962,6400.0,0.0,0.0
1975-03-03,0.20065350830554962,0.20065350830554962,0.19397647366015774,0.20065350830554962,48000.0,0.0,0.0
1975-03-04,0.20399202406406403,0.20399202406406403,0.20065351304050974,0.20399202406406403,201600.0,0.0,0.0
1975-03-05,0.20733049511909482,0.20733049511909482,0.20733049511909482,0.20733049511909485,22400.0,0.0,0.0
1975-03-06,0.21400755643844602,0.21400755643844602,0.20399199908262486,0.21400755643844604,22400.0,0.0,0.0
1975-03-07,0.21738883852958682,0.21738883852958682,0.21400751987877692,0.2173888385295868,16000.0,0.0,0.0
1975-03-10,0.22072691629887292,0.2240658596775068,0.21738881480573247,0.2207273244857788,86400.0,0.0,0.0
1975-03-11,0.21738883852958682,0.220727348573968,0.21738883852958682,0.2173888385295868,12800.0,0.0,0.0
1975-03-12,0.21738883852958682,0.21738883852958682,0.21400751987877692,0.2173888385295868,12800.0,0.0,0.0
1975-03-13,0.21400755643844602,0.21738887566689866,0.21400755643844602,0.21400755643844604,35200.0,0.0,0.0
1975-03-14,0.21400755643844602,0.21738887566689866,0.21400755643844602,0.21400755643844604,44800.0,0.0,0.0
1975-03-17,0.21066895127296445,0.21738879126290808,0.21066895127296445,0.21066895127296448,25600.0,0.0,0.0
1975-03-18,0.21066895127296445,0.21400747334729556,0.21066895127296445,0.21066895127296448,28800.0,0.0,0.0
1975-03-19,0.20733049511909482,0.21066900529366236,0.20733049511909482,0.20733049511909485,22400.0,0.0,0.0
1975-03-20,0.20399202406406403,0.20399202406406403,0.20065351304050974,0.20399202406406403,89600.0,0.0,0.0
1975-03-21,0.20065350830554962,0.20733054295094153,0.20065350830554962,0.20065350830554962,28800.0,0.0,0.0
1975-03-24,0.19731493294239044,0.20065345576889101,0.19731493294239044,0.19731493294239044,38400.0,0.0,0.0
1975-03-25,0.19397643208503723,0.19397643208503723,0.1906379090999667,0.19397643208503723,25600.0,0.0,0.0
1975-03-26,0.19731493294239044,0.19731493294239044,0.19731493294239044,0.19731493294239044,25600.0,0.0,0.0
1975-03-27,0.20065350830554962,0.20065350830554962,0.20065350830554962,0.20065350830554962,6400.0,0.0,0.0
1975-03-31,0.20065350830554962,0.20065350830554962,0.19731498460493085,0.20065350830554962,54400.0,0.0,0.0
1975-04-01,0.20065350830554962,0.20065350830554962,0.20065350830554962,0.20065350830554962,12800.0,0.0,0.0
1975-04-02,0.19731493294239044,0.19731493294239044,0.19731493294239044,0.19731493294239044,9600.0,0.0,0.0
1975-04-03,0.20065350830554962,0.20065350830554962,0.20065350830554962,0.20065350830554962,3200.0,0.0,0.0
1975-04-04,0.20065350830554962,0.20065350830554962,0.19731498460493085,0.20065350830554962,16000.0,0.0,0.0
1975-04-07,0.20065350830554962,0.20065350830554962,0.19731498460493085,0.20065350830554962,12800.0,0.0,0.0
1975-04-08,0.20065350830554962,0.20065350830554962,0.20065350830554962,0.20065350830554962,3200.0,0.0,0.0
1975-04-09,0.20065350830554962,0.20065350830554962,0.20065350830554962,0.20065350830554962,6400.0,0.0,0.0
1975-04-10,0.20065350830554962,0.20065350830554962,0.20065350830554962,0.20065350830554962,25600.0,0.0,0.0
1975-04-11,0.20065350830554962,0.20065350830554962,0.20065350830554962,0.20065350830554962,0.0,0.0,0.0
1975-04-14,0.20733049511909482,0.20733049511909482,0.19731493908370684,0.20733049511909485,38400.0,0.0,0.0
1975-04-15,0.20733049511909482,0.20733049511909482,0.20399197218868462,0.20733049511909485,51200.0,0.0,0.0
1975-04-16,0.20733049511909482,0.20733049511909482,0.20733049511909482,0.20733049511909485,12800.0,0.0,0.0
1975-04-17,0.21066895127296445,0.21066895127296445,0.20733044195447278,0.21066895127296448,32000.0,0.0,0.0
1975-04-18,0.21400755643844602,0.21400755643844602,0.21066903306789084,0.21400755643844604,22400.0,0.0,0.0
1975-04-21,0.21738883852958682,0.21738883852958682,0.21066899707855352,0.2173888385295868,64000.0,0.0,0.0
1975-04-22,0.21738883852958682,0.220727348573968,0.21738883852958682,0.2173888385295868,44800.0,0.0,0.0
1975-04-23,0.21400755643844602,0.21400755643844602,0.21400755643844602,0.21400755643844604,41600.0,0.0,0.0
1975-04-24,0.22072691629887292,0.22072732448577884,0.21066897408804197,0.2207273244857788,22400.0,0.0,0.0
1975-04-25,0.21400755643844602,0.21738887566689866,0.21400755643844602,0.21400755643844604,60800.0,0.0,0.0
1975-04-28,0.20399202406406403,0.21066905886701853,0.20399202406406403,0.20399202406406403,64000.0,0.0,0.0
1975-04-29,0.20399202406406403,0.20733054784346425,0.20399202406406403,0.20399202406406403,12800.0,0.0,0.0
1975-04-30,0.20399202406406403,0.20399202406406403,0.20065351304050974,0.20399202406406403,51200.0,0.0,0.0
1975-05-01,0.19731493294239044,0.2039919658395493,0.19731493294239044,0.19731493294239044,35200.0,0.0,0.0
1975-05-02,0.19731493294239044,0.20065345576889101,0.19731493294239044,0.19731493294239044,83200.0,0.0,0.0
1975-05-05,0.19397643208503723,0.20065346529933537,0.19397643208503723,0.19397643208503723,96000.0,0.0,0.0
1975-05-06,0.19397643208503723,0.19731494231426483,0.19397643208503723,0.19397643208503723,144000.0,0.0,0.0
1975-05-07,0.19731493294239044,0.19731493294239044,0.19397642287173214,0.19731493294239044,22400.0,0.0,0.0
1975-05-08,0.19397643208503723,0.19731494231426483,0.19397643208503723,0.19397643208503723,22400.0,0.0,0.0
1975-05-09,0.19731493294239044,0.19731493294239044,0.19397642287173214,0.19731493294239044,105600.0,0.0,0.0
1975-05-12,0.19731493294239044,0.19731493294239044,0.19063790004523157,0.19731493294239044,92800.0,0.0,0.0
1975-05-13,0.19397643208503723,0.19731494231426483,0.1906379090999667,0.19397643208503723,60800.0,0.0,0.0
1975-05-14,0.19397643208503723,0.19397643208503723,0.19397643208503723,0.19397643208503723,60800.0,0.0,0.0
1975-05-15,0.19063784182071686,0.1939763636275678,0.1872565241760133,0.19063784182071686,483200.0,0.0,0.0
1975-05-16,0.19063784182071686,0.19063784182071686,0.1872565241760133,0.19063784182071686,28800.0,0.0,0.0
1975-05-19,0.18725652992725372,0.19063784767580827,0.18725652992725372,0.18725652992725372,35200.0,0.0,0.0
1975-05-20,0.18725652992725372,0.19397636958519573,0.18725652992725372,0.18725652992725372,384000.0,0.0,0.0
1975-05-21,0.19063784182071686,0.19063784182071686,0.1872565241760133,0.19063784182071686,9600.0,0.0,0.0
1975-05-22,0.19063784182071686,0.19063784182071686,0.1872565241760133,0.19063784182071686,73600.0,0.0,0.0
1975-05-23,0.18725652992725372,0.19063784767580827,0.18725652992725372,0.18725652992725372,32000.0,0.0,0.0
1975-05-27,0.19063784182071686,0.19063784182071686,0.19063784182071686,0.19063784182071686,38400.0,0.0,0.0
1975-05-28,0.19063784182071686,0.19063784182071686,0.19063784182071686,0.19063784182071686,60800.0,0.0,0.0
1975-05-29,0.19063784182071686,0.19063784182071686,0.19063784182071686,0.19063784182071686,9600.0,0.0,0.0
1975-05-30,0.19731493294239044,0.19731493294239044,0.19063790004523157,0.19731493294239044,198400.0,0.0,0.0
1975-06-02,0.20065350830554962,0.20065350830554962,0.19397647366015774,0.20065350830554962,249600.0,0.0,0.0
1975-06-03,0.20399202406406403,0.20399202406406403,0.19731498926110952,0.20399202406406403,211200.0,0.0,0.0
1975-06-04,0.20065350830554962,0.20399201925032276,0.20065350830554962,0.20065350830554962,76800.0,0.0,0.0
1975-06-05,0.20399202406406403,0.20399202406406403,0.20065351304050974,0.20399202406406403,19200.0,0.0,0.0
1975-06-06,0.20065350830554962,0.20065350830554962,0.20065350830554962,0.20065350830554962,105600.0,0.0,0.0
1975-06-09,0.20065350830554962,0.20065350830554962,0.20065350830554962,0.20065350830554962,9600.0,0.0,0.0
1975-06-10,0.19731493294239044,0.19731493294239044,0.19731493294239044,0.19731493294239044,67200.0,0.0,0.0
1975-06-11,0.20065350830554962,0.20065350830554962,0.19731498460493085,0.20065350830554962,35200.0,0.0,0.0
1975-06-12,0.19731493294239044,0.19731493294239044,0.19731493294239044,0.19731493294239044,38400.0,0.0,0.0
1975-06-13,0.19731493294239044,0.19731493294239044,0.19731493294239044,0.19731493294239044,16000.0,0.0,0.0
1975-06-16,0.19731493294239044,0.20065345576889101,0.19731493294239044,0.19731493294239044,22400.0,0.0,0.0
1975-06-17,0.19731493294239044,0.20065345576889101,0.19731493294239044,0.19731493294239044,28800.0,0.0,0.0
1975-06-18,0.20065350830554962,0.20065350830554962,0.20065350830554962,0.20065350830554962,41600.0,0.0,0.0
1975-06-19,0.19731493294239044,0.20065345576889101,0.19731493294239044,0.19731493294239044,92800.0,0.0,0.0
1975-06-20,0.20065350830554962,0.20065350830554962,0.19731498460493085,0.20065350830554962,35200.0,0.0,0.0
1975-06-23,0.20065350830554962,0.20399201925032276,0.20065350830554962,0.20065350830554962,28800.0,0.0,0.0
1975-06-24,0.20065350830554962,0.20399201925032276,0.20065350830554962,0.20065350830554962,22400.0,0.0,0.0
1975-06-25,0.20399202406406403,0.20399202406406403,0.20065351304050974,0.20399202406406403,92800.0,0.0,0.0
1975-06-26,0.20399202406406403,0.20399202406406403,0.20065351304050974,0.20399202406406403,54400.0,0.0,0.0
1975-06-27,0.20733049511909482,0.20733049511909482,0.20733049511909482,0.20733049511909485,16000.0,0.0,0.0
1975-06-30,0.20065350830554962,0.20733054295094153,0.20065350830554962,0.20065350830554962,73600.0,0.0,0.0
1975-07-01,0.20733049511909482,0.20733049511909482,0.20399197218868462,0.20733049511909485,25600.0,0.0,0.0
1975-07-02,0.20399202406406403,0.20399202406406403,0.20399202406406403,0.20399202406406403,12800.0,0.0,0.0
1975-07-03,0.20399202406406403,0.20733054784346425,0.20399202406406403,0.20399202406406403,51200.0,0.0,0.0
1975-07-07,0.20399202406406403,0.20733054784346425,0.20399202406406403,0.20399202406406403,38400.0,0.0,0.0
1975-07-08,0.20733049511909482,0.21066900529366236,0.20733049511909482,0.20733049511909485,70400.0,0.0,0.0
1975-07-09,0.21400755643844602,0.21400755643844602,0.20733052245318004,0.21400755643844604,22400.0,0.0,0.0
1975-07-10,0.21400755643844602,0.22072738628160946,0.21400755643844602,0.21400755643844604,76800.0,0.0,0.0
1975-07-11,0.21400755643844602,0.21400755643844602,0.21400755643844602,0.21400755643844604,19200.0,0.0,0.0
1975-07-14,0.22072691629887292,0.22072732448577884,0.21738881480573247,0.2207273244857788,16000.0,0.0,0.0
1975-07-15,0.2240658596775068,0.2240658596775068,0.22072732448577884,0.2207273244857788,35200.0,0.0,0.0
1975-07-16,0.21738883852958682,0.22406588413003362,0.21400751987877692,0.2173888385295868,44800.0,0.0,0.0
1975-07-17,0.21738883852958682,0.21738883852958682,0.21738883852958682,0.2173888385295868,3200.0,0.0,0.0
1975-07-18,0.21738883852958682,0.220727348573968,0.21738883852958682,0.2173888385295868,38400.0,0.0,0.0
1975-07-21,0.21400755643844602,0.21400755643844602,0.21400755643844602,0.21400755643844604,48000.0,0.0,0.0
1975-07-22,0.21400755643844602,0.21400755643844602,0.21400755643844602,0.21400755643844604,60800.0,0.0,0.0
1975-07-23,0.21400755643844602,0.21400755643844602,0.21400755643844602,0.21400755643844604,99200.0,0.0,0.0
1975-07-24,0.21066895127296445,0.21066895127296445,0.20733044195447278,0.21066895127296448,41600.0,0.0,0.0
1975-07-25,0.20399202406406403,0.20733054784346425,0.20399202406406403,0.20399202406406403,9600.0,0.0,0.0
1975-07-28,0.19063784182071686,0.2006533944854312,0.19063784182071686,0.19063784182071686,137600.0,0.0,0.0
1975-07-29,0.19063784182071686,0.1939763636275678,0.19063784182071686,0.19063784182071686,60800.0,0.0,0.0
1975-07-30,0.19731493294239044,0.19731493294239044,0.19063790004523157,0.19731493294239044,57600.0,0.0,0.0
1975-07-31,0.19063784182071686,0.1939763636275678,0.19063784182071686,0.19063784182071686,220800.0,0.0,0.0
1975-08-01,0.19063784182071686,0.1939763636275678,0.19063784182071686,0.19063784182071686,54400.0,0.0,0.0
1975-08-04,0.18725652992725372,0.19063784767580827,0.18725652992725372,0.18725652992725372,89600.0,0.0,0.0
1975-08-05,0.19063784182071686,0.1939763636275678,0.19063784182071686,0.19063784182071686,28800.0,0.0,0.0
1975-08-06,0.19063784182071686,0.19063784182071686,0.1872565241760133,0.19063784182071686,86400.0,0.0,0.0
1975-08-07,0.19063784182071686,0.19063784182071686,0.19063784182071686,0.19063784182071686,3200.0,0.0,0.0
1975-08-08,0.18725652992725372,0.19397636958519573,0.18725652992725372,0.18725652992725372,121600.0,0.0,0.0
1975-08-11,0.18391807377338412,0.18391807377338412,0.18391807377338412,0.1839180737733841,6400.0,0.0,0.0
1975-08-12,0.18725652992725372,0.18725652992725372,0.18391800801786623,0.18725652992725372,25600.0,0.0,0.0
1975-08-13,0.18725652992725372,0.18725652992725372,0.18725652992725372,0.18725652992725372,0.0,0.0,0.0
1975-08-14,0.18725652992725372,0.18725652992725372,0.18391800801786623,0.18725652992725372,9600.0,0.0,0.0
1975-08-15,0.18725652992725372,0.18725652992725372,0.18725652992725372,0.18725652992725372,19200.0,0.0,0.0
1975-08-18,0.18725652992725372,0.18725652992725372,0.18725652992725372,0.18725652992725372,6400.0,0.0,0.0
1975-08-19,0.18391807377338412,0.18725659687638085,0.18391807377338412,0.1839180737733841,16000.0,0.0,0.0
1975-08-20,0.18391807377338412,0.18391807377338412,0.18057956342623072,0.1839180737733841,25600.0,0.0,0.0
1975-08-21,0.18057957291603088,0.18057957291603088,0.18057957291603088,0.18057957291603088,38400.0,0.0,0.0
1975-08-22,0.18057957291603088,0.18057957291603088,0.18057957291603088,0.18057957291603088,19200.0,0.0,0.0
1975-08-25,0.18391807377338412,0.18725659687638085,0.18391807377338412,0.1839180737733841,48000.0,0.0,0.0
1975-08-26,0.18725652992725372,0.18725652992725372,0.18391800801786623,0.18725652992725372,9600.0,0.0,0.0
1975-08-27,0.18725652992725372,0.18725652992725372,0.18391800801786623,0.18725652992725372,25600.0,0.0,0.0
1975-08-28,0.18725652992725372,0.18725652992725372,0.18725652992725372,0.18725652992725372,6400.0,0.0,0.0
1975-08-29,0.18391807377338412,0.18725659687638085,0.18391807377338412,0.1839180737733841,12800.0,0.0,0.0
1975-09-02,0.18725652992725372,0.19063784767580827,0.18725652992725372,0.18725652992725372,92800.0,0.0,0.0
1975-09-03,0.18391807377338412,0.18725659687638085,0.18391807377338412,0.1839180737733841,9600.0,0.0,0.0
1975-09-04,0.18391807377338412,0.18391807377338412,0.18391807377338412,0.1839180737733841,16000.0,0.0,0.0
1975-09-05,0.18391807377338412,0.18725659687638085,0.18391807377338412,0.1839180737733841,28800.0,0.0,0.0
1975-09-08,0.18391807377338412,0.18391807377338412,0.18391807377338412,0.1839180737733841,12800.0,0.0,0.0
1975-09-09,0.18725652992725372,0.18725652992725372,0.18391800801786623,0.18725652992725372,25600.0,0.0,0.0
1975-09-10,0.18725652992725372,0.18725652992725372,0.18725652992725372,0.18725652992725372,6400.0,0.0,0.0
1975-09-11,0.18725652992725372,0.18725652992725372,0.18391800801786623,0.18725652992725372,12800.0,0.0,0.0
1975-09-12,0.18391807377338412,0.18391807377338412,0.18391807377338412,0.1839180737733841,3200.0,0.0,0.0
1975-09-15,0.18725652992725372,0.18725652992725372,0.18391800801786623,0.18725652992725372,16000.0,0.0,0.0
1975-09-16,0.18391807377338412,0.18725659687638085,0.18391807377338412,0.1839180737733841,19200.0,0.0,0.0
1975-09-17,0.18391807377338412,0.18391807377338412,0.18391807377338412,0.1839180737733841,6400.0,0.0,0.0
1975-09-18,0.18391807377338412,0.18391807377338412,0.18391807377338412,0.1839180737733841,12800.0,0.0,0.0
1975-09-19,0.18725652992725372,0.18725652992725372,0.18391800801786623,0.18725652992725372,25600.0,0.0,0.0
1975-09-22,0.18391807377338412,0.18725659687638085,0.18391807377338412,0.1839180737733841,25600.0,0.0,0.0
1975-09-23,0.18725652992725372,0.18725652992725372,0.18725652992725372,0.18725652992725372,6400.0,0.0,0.0
1975-09-24,0.18391807377338412,0.18391807377338412,0.18391807377338412,0.1839180737733841,28800.0,0.0,0.0
1975-09-25,0.18725652992725372,0.18725652992725372,0.18391800801786623,0.18725652992725372,12800.0,0.0,0.0
1975-09-26,0.18725652992725372,0.18725652992725372,0.18391800801786623,0.18725652992725372,19200.0,0.0,0.0
1975-09-29,0.18391807377338412,0.18391807377338412,0.18391807377338412,0.1839180737733841,9600.0,0.0,0.0
1975-09-30,0.18391807377338412,0.18391807377338412,0.18391807377338412,0.1839180737733841,6400.0,0.0,0.0
1975-10-01,0.18057957291603088,0.18725660671707184,0.18057957291603088,0.18057957291603088,102400.0,0.0,0.0
1975-10-02,0.17724105715751648,0.17724105715751648,0.17724105715751648,0.17724105715751648,16000.0,0.0,0.0
1975-10-03,0.17724105715751648,0.1805795805776048,0.17724105715751648,0.17724105715751648,35200.0,0.0,0.0
1975-10-06,0.17724105715751648,0.1805795805776048,0.17724105715751648,0.17724105715751648,19200.0,0.0,0.0
1975-10-07,0.17724105715751648,0.17724105715751648,0.17390254649327272,0.17724105715751648,6400.0,0.0,0.0
1975-10-08,0.17724105715751648,0.17724105715751648,0.17390254649327272,0.17724105715751648,67200.0,0.0,0.0
1975-10-09,0.17390258610248566,0.17390258610248566,0.17390258610248566,0.17390258610248566,9600.0,0.0,0.0
1975-10-10,0.17390258610248566,0.17390258610248566,0.17390258610248566,0.17390258610248566,19200.0,0.0,0.0
1975-10-13,0.17390258610248566,0.17390258610248566,0.17390258610248566,0.17390258610248566,16000.0,0.0,0.0
1975-10-14,0.17390258610248566,0.17390258610248566,0.1705640619219928,0.17390258610248566,83200.0,0.0,0.0
1975-10-15,0.17724105715751648,0.17724105715751648,0.17390254649327272,0.17724105715751648,32000.0,0.0,0.0
1975-10-16,0.17724105715751648,0.1805795805776048,0.17724105715751648,0.17724105715751648,76800.0,0.0,0.0
1975-10-17,0.18057957291603088,0.18057957291603088,0.17724104963758838,0.18057957291603088,22400.0,0.0,0.0
1975-10-20,0.18057957291603088,0.18057957291603088,0.18057957291603088,0.18057957291603088,16000.0,0.0,0.0
1975-10-21,0.18057957291603088,0.18057957291603088,0.17724104963758838,0.18057957291603088,35200.0,0.0,0.0
1975-10-22,0.18057957291603088,0.18057957291603088,0.18057957291603088,0.18057957291603088,38400.0,0.0,0.0
1975-10-23,0.18057957291603088,0.18057957291603088,0.18057957291603088,0.18057957291603088,48000.0,0.0,0.0
1975-10-24,0.17724105715751648,0.1805795805776048,0.17724105715751648,0.17724105715751648,35200.0,0.0,0.0
1975-10-27,0.17724105715751648,0.1805795805776048,0.17724105715751648,0.17724105715751648,44800.0,0.0,0.0
1975-10-28,0.18057957291603088,0.18057957291603088,0.18057957291603088,0.18057957291603088,25600.0,0.0,0.0
1975-10-29,0.17724105715751648,0.1805795805776048,0.17724105715751648,0.17724105715751648,89600.0,0.0,0.0
1975-10-30,0.18057957291603088,0.18057957291603088,0.18057957291603088,0.18057957291603088,38400.0,0.0,0.0
1975-10-31,0.18057957291603088,0.18057957291603088,0.17724104963758838,0.18057957291603088,48000.0,0.0,0.0
1975-11-03,0.17724105715751648,0.17724105715751648,0.17724105715751648,0.17724105715751648,41600.0,0.0,0.0
1975-11-04,0.17724105715751648,0.17724105715751648,0.17724105715751648,0.17724105715751648,64000.0,0.0,0.0
1975-11-05,0.17724105715751648,0.17724105715751648,0.17724105715751648,0.17724105715751648,35200.0,0.0,0.0
1975-11-06,0.17724105715751648,0.17724105715751648,0.17390254649327272,0.17724105715751648,246400.0,0.0,0.0
1975-11-07,0.17390258610248566,0.17390258610248566,0.1705640619219928,0.17390258610248566,105600.0,0.0,0.0
1975-11-10,0.17724105715751648,0.17724105715751648,0.17390254649327272,0.17724105715751648,115200.0,0.0,0.0
1975-11-11,0.17390258610248566,0.17724109752713105,0.17390258610248566,0.17390258610248566,41600.0,0.0,0.0
1975-11-12,0.17390258610248566,0.17724109752713105,0.17390258610248566,0.17390258610248566,73600.0,0.0,0.0
1975-11-13,0.17724105715751648,0.17724105715751648,0.17390254649327272,0.17724105715751648,115200.0,0.0,0.0
1975-11-14,0.17724105715751648,0.17724105715751648,0.17390254649327272,0.17724105715751648,19200.0,0.0,0.0
1975-11-17,0.17724105715751648,0.17724105715751648,0.17724105715751648,0.17724105715751648,41600.0,0.0,0.0
1975-11-18,0.17056405544281006,0.17724109079430908,0.17056405544281006,0.17056405544281006,124800.0,0.0,0.0
1975-11-19,0.17390258610248566,0.17390258610248566,0.17390258610248566,0.17390258610248566,6400.0,0.0,0.0
1975-11-20,0.17056405544281006,0.17390257949648305,0.17056405544281006,0.17056405544281006,73600.0,0.0,0.0
1975-11-21,0.16722555458545685,0.17056406609171776,0.16722555458545685,0.16722555458545685,54400.0,0.0,0.0
1975-11-24,0.17056405544281006,0.17056405544281006,0.16388702009131104,0.17056405544281006,105600.0,0.0,0.0
1975-11-25,0.16722555458545685,0.16722555458545685,0.16722555458545685,0.16722555458545685,179200.0,0.0,0.0
1975-11-26,0.17390258610248566,0.17390258610248566,0.1672255504973474,0.17390258610248566,64000.0,0.0,0.0
1975-11-28,0.17724105715751648,0.17724105715751648,0.17390254649327272,0.17724105715751648,112000.0,0.0,0.0
1975-12-01,0.17390258610248566,0.17724109752713105,0.17390258610248566,0.17390258610248566,44800.0,0.0,0.0
1975-12-02,0.17390258610248566,0.17724109752713105,0.17390258610248566,0.17390258610248566,67200.0,0.0,0.0
1975-12-03,0.17056405544281006,0.17056405544281006,0.17056405544281006,0.17056405544281006,60800.0,0.0,0.0
1975-12-04,0.17056405544281006,0.17056405544281006,0.16722554414498403,0.17056405544281006,32000.0,0.0,0.0
1975-12-05,0.16722555458545685,0.17056406609171776,0.16722555458545685,0.16722555458545685,22400.0,0.0,0.0
1975-12-08,0.17390258610248566,0.17390258610248566,0.1705640619219928,0.17390258610248566,35200.0,0.0,0.0
1975-12-09,0.17390258610248566,0.17390258610248566,0.1705640619219928,0.17390258610248566,83200.0,0.0,0.0
1975-12-10,0.17056405544281006,0.17390257949648305,0.16722554414498403,0.17056405544281006,48000.0,0.0,0.0
1975-12-11,0.17056405544281006,0.17390257949648305,0.17056405544281006,0.17056405544281006,12800.0,0.0,0.0
1975-12-12,0.17724105715751648,0.17724105715751648,0.17056402307318438,0.17724105715751648,48000.0,0.0,0.0
1975-12-15,0.17390258610248566,0.17390258610248566,0.1705640619219928,0.17390258610248566,28800.0,0.0,0.0
1975-12-16,0.17724105715751648,0.17724105715751648,0.17390254649327272,0.17724105715751648,60800.0,0.0,0.0
1975-12-17,0.17724105715751648,0.1805795805776048,0.17724105715751648,0.17724105715751648,38400.0,0.0,0.0
1975-12-18,0.17390258610248566,0.17724109752713105,0.17390258610248566,0.17390258610248566,41600.0,0.0,0.0
1975-12-19,0.17390258610248566,0.17390258610248566,0.1705640619219928,0.17390258610248566,124800.0,0.0,0.0
1975-12-22,0.17056405544281006,0.17390257949648305,0.17056405544281006,0.17056405544281006,70400.0,0.0,0.0
1975-12-23,0.17056405544281006,0.17056405544281006,0.17056405544281006,0.17056405544281006,35200.0,0.0,0.0
1975-12-24,0.17724105715751648,0.17724105715751648,0.17056402307318438,0.17724105715751648,60800.0,0.0,0.0
1975-12-26,0.17724105715751648,0.1805795805776048,0.17724105715751648,0.17724105715751648,28800.0,0.0,0.0
1975-12-29,0.18057957291603088,0.18057957291603088,0.17724104963758838,0.18057957291603088,73600.0,0.0,0.0
1975-12-30,0.17724105715751648,0.1805795805776048,0.17390254649327272,0.17724105715751648,377600.0,0.0,0.0
1975-12-31,0.18391807377338412,0.18391807377338412,0.18057956342623072,0.1839180737733841,115200.0,0.0,0.0
1976-01-02,0.18725652992725372,0.18725652992725372,0.18391800801786623,0.18725652992725372,73600.0,0.0,0.0
1976-01-05,0.19063784182071686,0.19063784182071686,0.1872565241760133,0.19063784182071686,89600.0,0.0,0.0
1976-01-06,0.19063784182071686,0.1939763636275678,0.19063784182071686,0.19063784182071686,121600.0,0.0,0.0
1976-01-07,0.19063784182071686,0.1939763636275678,0.19063784182071686,0.19063784182071686,83200.0,0.0,0.0
1976-01-08,0.19397643208503723,0.19397643208503723,0.19397643208503723,0.19397643208503723,124800.0,0.0,0.0
1976-01-09,0.19397643208503723,0.19397643208503723,0.1906379090999667,0.19397643208503723,96000.0,0.0,0.0
1976-01-12,0.19397643208503723,0.19397643208503723,0.19397643208503723,0.19397643208503723,35200.0,0.0,0.0
1976-01-13,0.19731493294239044,0.19731493294239044,0.19397642287173214,0.19731493294239044,57600.0,0.0,0.0
1976-01-14,0.20065350830554962,0.20065350830554962,0.19397647366015774,0.20065350830554962,64000.0,0.0,0.0
1976-01-15,0.20065350830554962,0.20065350830554962,0.19731498460493085,0.20065350830554962,99200.0,0.0,0.0
1976-01-16,0.20065350830554962,0.20065350830554962,0.20065350830554962,0.20065350830554962,41600.0,0.0,0.0
1976-01-19,0.20399202406406403,0.20733054784346425,0.20065351304050974,0.20399202406406403,150400.0,0.0,0.0
1976-01-20,0.20733049511909482,0.20733049511909482,0.20399197218868462,0.20733049511909485,64000.0,0.0,0.0
1976-01-21,0.20733049511909482,0.20733049511909482,0.20733049511909482,0.20733049511909485,64000.0,0.0,0.0
1976-01-22,0.20733049511909482,0.21066900529366236,0.20733049511909482,0.20733049511909485,192000.0,0.0,0.0
1976-01-23,0.21400755643844602,0.21400755643844602,0.20733052245318004,0.21400755643844604,44800.0,0.0,0.0
1976-01-26,0.21738883852958682,0.21738883852958682,0.21400751987877692,0.2173888385295868,278400.0,0.0,0.0
1976-01-27,0.22072691629887292,0.22072732448577884,0.21738881480573247,0.2207273244857788,224000.0,0.0,0.0
1976-01-28,0.2240658104419708,0.2240658104419708,0.22072727598384217,0.22406581044197083,201600.0,0.0,0.0
1976-01-29,0.2240658104419708,0.2240658104419708,0.2240658104419708,0.22406581044197083,41600.0,0.0,0.0
1976-01-30,0.22740432620048523,0.2307428352469453,0.22740432620048523,0.22740432620048523,259200.0,0.0,0.0
1976-02-02,0.22740432620048523,0.2307428352469453,0.22406581715402515,0.22740432620048523,99200.0,0.0,0.0
1976-02-03,0.22740432620048523,0.2307428352469453,0.22406581715402515,0.22740432620048523,64000.0,0.0,0.0
1976-02-04,0.22740432620048523,0.22740432620048523,0.22406581715402515,0.22740432620048523,51200.0,0.0,0.0
1976-02-05,0.2240658104419708,0.22740431938842343,0.2240658104419708,0.22406581044197083,44800.0,0.0,0.0
1976-02-06,0.2240658104419708,0.22740431938842343,0.22072727598384217,0.22406581044197083,51200.0,0.0,0.0
1976-02-09,0.22740432620048523,0.22740432620048523,0.22406581715402515,0.22740432620048523,147200.0,0.0,0.0
1976-02-10,0.2240658104419708,0.22740431938842343,0.2240658104419708,0.22406581044197083,124800.0,0.0,0.0
1976-02-11,0.23074300587177274,0.23074300587177274,0.22406598284147258,0.23074300587177277,92800.0,0.0,0.0
1976-02-12,0.22740432620048523,0.2307428352469453,0.22740432620048523,0.22740432620048523,48000.0,0.0,0.0
1976-02-13,0.22740432620048523,0.22740432620048523,0.22740432620048523,0.22740432620048523,22400.0,0.0,0.0
1976-02-17,0.2240658104419708,0.22740431938842343,0.2240658104419708,0.22406581044197083,28800.0,0.0,0.0
1976-02-18,0.23074300587177274,0.23074300587177274,0.22740449435662266,0.23074300587177277,83200.0,0.0,0.0
1976-02-19,0.24075847864151004,0.24075847864151004,0.23408143252028898,0.24075847864151,262400.0,0.0,0.0
1976-02-20,0.24075847864151004,0.2508168436772659,0.24075847864151004,0.24075847864151,473600.0,0.0,0.0
1976-02-23,0.23741990327835083,0.24747824004620989,0.23741990327835083,0.23741990327835083,160000.0,0.0,0.0
1976-02-24,0.23741990327835083,0.23741990327835083,0.23741990327835083,0.23741990327835083,16000.0,0.0,0.0
1976-02-25,0.23741999826290985,0.23741999826290985,0.23408146202564242,0.2340814620256424,73600.0,0.0,0.0
1976-02-26,0.23074300587177274,0.23408151738692284,0.23074300587177274,0.23074300587177277,67200.0,0.0,0.0
1976-02-27,0.23074300587177274,0.23074300587177274,0.22740449435662266,0.23074300587177277,80000.0,0.0,0.0
1976-03-01,0.23074300587177274,0.23074300587177274,0.23074300587177274,0.23074300587177277,22400.0,0.0,0.0
1976-03-02,0.23074300587177274,0.23074300587177274,0.23074300587177274,0.23074300587177277,57600.0,0.0,0.0
1976-03-03,0.23408105383860867,0.23408146202564242,0.23074295130006459,0.2340814620256424,217600.0,0.0,0.0
1976-03-04,0.23741990327835083,0.23741990327835083,0.23074285898679006,0.23741990327835083,38400.0,0.0,0.0
1976-03-05,0.23074300587177274,0.23742005441376857,0.23074300587177274,0.23074300587177277,89600.0,0.0,0.0
1976-03-08,0.23741990327835083,0.23741990327835083,0.23074285898679006,0.23741990327835083,80000.0,0.0,0.0
1976-03-09,0.24413980543613437,0.24747831584865862,0.2407584864124608,0.24413980543613434,204800.0,0.0,0.0
1976-03-10,0.24413980543613437,0.24747831584865862,0.24413980543613437,0.24413980543613434,80000.0,0.0,0.0
1976-03-11,0.24747815142583032,0.24747855961322784,0.24414004591229205,0.24747855961322784,70400.0,0.0,0.0
1976-03-12,0.2541554868221283,0.2541554868221283,0.2508169747724124,0.2541554868221283,57600.0,0.0,0.0
1976-03-15,0.25081709882587605,0.25081709882587605,0.24747855961322784,0.24747855961322784,83200.0,0.0,0.0
1976-03-16,0.2508170008659363,0.2508170008659363,0.24747846295719883,0.2508170008659363,54400.0,0.0,0.0
1976-03-17,0.2574939727783203,0.2574939727783203,0.2508169493555143,0.2574939727783203,124800.0,0.0,0.0
1976-03-18,0.2574939727783203,0.2574939727783203,0.2574939727783203,0.2574939727783203,70400.0,0.0,0.0
1976-03-19,0.2574939727783203,0.2574939727783203,0.2574939727783203,0.2574939727783203,99200.0,0.0,0.0
1976-03-22,0.2574939727783203,0.2574939727783203,0.2574939727783203,0.2574939727783203,28800.0,0.0,0.0
1976-03-23,0.2608319015360196,0.2608323097229004,0.25749380024841617,0.2608323097229004,44800.0,0.0,0.0
1976-03-24,0.2608319015360196,0.26417084470906466,0.25749380024841617,0.2608323097229004,278400.0,0.0,0.0
1976-03-25,0.26417091488838196,0.26417091488838196,0.2608323790153064,0.26417091488838196,44800.0,0.0,0.0
1976-03-26,0.26417091488838196,0.26417091488838196,0.26417091488838196,0.26417091488838196,35200.0,0.0,0.0
1976-03-29,0.26417091488838196,0.26750942524977067,0.26417091488838196,0.26417091488838196,51200.0,0.0,0.0
1976-03-30,0.26417091488838196,0.26750942524977067,0.26417091488838196,0.26417091488838196,28800.0,0.0,0.0
1976-03-31,0.26417091488838196,0.26750942524977067,0.26417091488838196,0.26417091488838196,89600.0,0.0,0.0
1976-04-01,0.26417091488838196,0.26417091488838196,0.26417091488838196,0.26417091488838196,73600.0,0.0,0.0
1976-04-02,0.26417091488838196,0.26417091488838196,0.26417091488838196,0.26417091488838196,12800.0,0.0,0.0
1976-04-05,0.26417091488838196,0.26750942524977067,0.26417091488838196,0.26417091488838196,32000.0,0.0,0.0
1976-04-06,0.26417091488838196,0.26750942524977067,0.26417091488838196,0.26417091488838196,73600.0,0.0,0.0
1976-04-07,0.2574939727783203,0.2608324844897233,0.2574939727783203,0.2574939727783203,70400.0,0.0,0.0
1976-04-08,0.2574939727783203,0.2574939727783203,0.2541554610669173,0.2574939727783203,83200.0,0.0,0.0
1976-04-09,0.24075847864151004,0.25415535398203326,0.24075847864151004,0.24075847864151,105600.0,0.0,0.0
1976-04-12,0.24075847864151004,0.24075847864151004,0.23074292221552167,0.24075847864151,156800.0,0.0,0.0
1976-04-13,0.24075847864151004,0.24075847864151004,0.24075847864151004,0.24075847864151,12800.0,0.0,0.0
1976-04-14,0.24413980543613437,0.24413980543613437,0.24413980543613437,0.24413980543613434,6400.0,0.0,0.0
1976-04-15,0.24747815142583032,0.24747855961322784,0.24075872355804073,0.24747855961322784,64000.0,0.0,0.0
1976-04-19,0.24747815142583032,0.24747855961322784,0.24414004591229205,0.24747855961322784,16000.0,0.0,0.0
1976-04-20,0.2541554868221283,0.2574939988718442,0.24747843721099674,0.2541554868221283,89600.0,0.0,0.0
1976-04-21,0.2541554868221283,0.2574939988718442,0.2541554868221283,0.2541554868221283,70400.0,0.0,0.0
1976-04-22,0.2574939727783203,0.2574939727783203,0.2574939727783203,0.2574939727783203,54400.0,0.0,0.0
1976-04-23,0.2574939727783203,0.2574939727783203,0.2574939727783203,0.2574939727783203,22400.0,0.0,0.0
1976-04-26,0.2541554868221283,0.2541554868221283,0.2541554868221283,0.2541554868221283,16000.0,0.0,0.0
1976-04-27,0.2541554868221283,0.2541554868221283,0.2541554868221283,0.2541554868221283,28800.0,0.0,0.0
1976-04-28,0.2541554868221283,0.2574939988718442,0.2508169747724124,0.2541554868221283,76800.0,0.0,0.0
1976-04-29,0.2574939727783203,0.2608324844897233,0.2574939727783203,0.2574939727783203,25600.0,0.0,0.0
1976-04-30,0.2541554868221283,0.2574939988718442,0.2541554868221283,0.2541554868221283,32000.0,0.0,0.0
1976-05-03,0.2508170008659363,0.25415551326297137,0.2508170008659363,0.2508170008659363,35200.0,0.0,0.0
1976-05-04,0.2508170008659363,0.2508170008659363,0.2508170008659363,0.2508170008659363,6400.0,0.0,0.0
1976-05-05,0.2541554868221283,0.2541554868221283,0.2508169747724124,0.2541554868221283,9600.0,0.0,0.0
1976-05-06,0.2508170008659363,0.2508170008659363,0.2508170008659363,0.2508170008659363,28800.0,0.0,0.0
1976-05-07,0.25081709882587605,0.25081709882587605,0.24747855961322784,0.24747855961322784,112000.0,0.0,0.0
1976-05-10,0.24413980543613437,0.24747831584865862,0.24413980543613437,0.24413980543613434,38400.0,0.0,0.0
1976-05-11,0.2541554868221283,0.2541554868221283,0.24747843721099674,0.2541554868221283,48000.0,0.0,0.0
1976-05-12,0.2541554868221283,0.2541554868221283,0.2508169747724124,0.2541554868221283,76800.0,0.0,0.0
1976-05-13,0.2508170008659363,0.25415551326297137,0.2508170008659363,0.2508170008659363,9600.0,0.0,0.0
1976-05-14,0.2508170008659363,0.2508170008659363,0.2508170008659363,0.2508170008659363,32000.0,0.0,0.0
1976-05-17,0.2508170008659363,0.2508170008659363,0.2508170008659363,0.2508170008659363,35200.0,0.0,0.0
1976-05-18,0.24747855961322784,0.24747855961322784,0.24747855961322784,0.24747855961322784,67200.0,0.0,0.0
1976-05-19,0.2508170008659363,0.25415551326297137,0.2508170008659363,0.2508170008659363,32000.0,0.0,0.0
1976-05-20,0.2508170008659363,0.2508170008659363,0.2508170008659363,0.2508170008659363,0.0,0.0,0.0
1976-05-21,0.24413980543613437,0.24747831584865862,0.24413980543613437,0.24413980543613434,35200.0,0.0,0.0
1976-05-24,0.23741990327835083,0.2407584126682915,0.23741990327835083,0.23741990327835083,28800.0,0.0,0.0
1976-05-25,0.23074300587177274,0.23408151738692284,0.23074300587177274,0.23074300587177277,25600.0,0.0,0.0
1976-05-26,0.23741990327835083,0.23741990327835083,0.23408136837673074,0.23741990327835083,73600.0,0.0,0.0
1976-05-27,0.23074300587177274,0.23742005441376857,0.23074300587177274,0.23074300587177277,32000.0,0.0,0.0
1976-05-28,0.23408105383860867,0.23408146202564242,0.23074295130006459,0.2340814620256424,38400.0,0.0,0.0
1976-06-01,0.23074300587177274,0.23074300587177274,0.23074300587177274,0.23074300587177277,38400.0,0.0,0.0
1976-06-02,0.23074300587177274,0.23074300587177274,0.22740449435662266,0.23074300587177277,35200.0,0.0,0.0
1976-06-03,0.22740432620048523,0.22740432620048523,0.22740432620048523,0.22740432620048523,51200.0,0.0,0.0
1976-06-04,0.23074300587177274,0.23074300587177274,0.22740449435662266,0.23074300587177277,6400.0,0.0,0.0
1976-06-07,0.22740432620048523,0.22740432620048523,0.22740432620048523,0.22740432620048523,9600.0,0.0,0.0
1976-06-08,0.22740432620048523,0.22740432620048523,0.22740432620048523,0.22740432620048523,6400.0,0.0,0.0
1976-06-09,0.22740432620048523,0.2307428352469453,0.22740432620048523,0.22740432620048523,28800.0,0.0,0.0
1976-06-10,0.22740432620048523,0.22740432620048523,0.22740432620048523,0.22740432620048523,16000.0,0.0,0.0
1976-06-11,0.23074300587177274,0.23074300587177274,0.22740449435662266,0.23074300587177277,22400.0,0.0,0.0
1976-06-14,0.24075847864151004,0.24075847864151004,0.23408143252028898,0.24075847864151,57600.0,0.0,0.0
1976-06-15,0.24075847864151004,0.2441397975560449,0.24075847864151004,0.24075847864151,54400.0,0.0,0.0
1976-06-16,0.2508170008659363,0.2508170008659363,0.24413995056016374,0.2508170008659363,41600.0,0.0,0.0
1976-06-17,0.2574939727783203,0.2574939727783203,0.2541554610669173,0.2574939727783203,16000.0,0.0,0.0
1976-06-18,0.2541554868221283,0.2541554868221283,0.2541554868221283,0.2541554868221283,16000.0,0.0,0.0
1976-06-21,0.2508170008659363,0.25415551326297137,0.2508170008659363,0.2508170008659363,44800.0,0.0,0.0
1976-06-22,0.2508170008659363,0.25415551326297137,0.2508170008659363,0.2508170008659363,22400.0,0.0,0.0
1976-06-23,0.2541554868221283,0.2541554868221283,0.24747843721099674,0.2541554868221283,128000.0,0.0,0.0
1976-06-24,0.2508170008659363,0.2508170008659363,0.2508170008659363,0.2508170008659363,44800.0,0.0,0.0
1976-06-25,0.24413980543613437,0.2508168517728701,0.24413980543613437,0.24413980543613434,99200.0,0.0,0.0
1976-06-28,0.24747815142583032,0.24747855961322784,0.24414004591229205,0.24747855961322784,70400.0,0.0,0.0
1976-06-29,0.2508170008659363,0.2508170008659363,0.2508170008659363,0.2508170008659363,6400.0,0.0,0.0
1976-06-30,0.2508170008659363,0.25415551326297137,0.24747846295719883,0.2508170008659363,83200.0,0.0,0.0
1976-07-01,0.2508170008659363,0.2508170008659363,0.24747846295719883,0.2508170008659363,35200.0,0.0,0.0
1976-07-02,0.2508170008659363,0.2508170008659363,0.2508170008659363,0.2508170008659363,9600.0,0.0,0.0
1976-07-06,0.2508170008659363,0.25415551326297137,0.2508170008659363,0.2508170008659363,22400.0,0.0,0.0
1976-07-07,0.2508170008659363,0.25415551326297137,0.2508170008659363,0.2508170008659363,22400.0,0.0,0.0
1976-07-08,0.2541554868221283,0.2541554868221283,0.2541554868221283,0.2541554868221283,19200.0,0.0,0.0
1976-07-09,0.2574939727783203,0.2574939727783203,0.2541554610669173,0.2574939727783203,48000.0,0.0,0.0
1976-07-12,0.2574939727783203,0.2574939727783203,0.2541554610669173,0.2574939727783203,790400.0,0.0,0.0
1976-07-13,0.2541554868221283,0.2574939988718442,0.2541554868221283,0.2541554868221283,35200.0,0.0,0.0
1976-07-14,0.2574939727783203,0.2574939727783203,0.2541554610669173,0.2574939727783203,80000.0,0.0,0.0
1976-07-15,0.2508170008659363,0.25415551326297137,0.24747846295719883,0.2508170008659363,60800.0,0.0,0.0
1976-07-16,0.2541554868221283,0.2574939988718442,0.2541554868221283,0.2541554868221283,60800.0,0.0,0.0
1976-07-19,0.2541554868221283,0.2541554868221283,0.2541554868221283,0.2541554868221283,12800.0,0.0,0.0
1976-07-20,0.2541554868221283,0.2541554868221283,0.2508169747724124,0.2541554868221283,38400.0,0.0,0.0
1976-07-21,0.2508170008659363,0.25415551326297137,0.2508170008659363,0.2508170008659363,9600.0,0.0,0.0
1976-07-22,0.2508170008659363,0.2508170008659363,0.2508170008659363,0.2508170008659363,19200.0,0.0,0.0
1976-07-23,0.2508170008659363,0.2508170008659363,0.2508170008659363,0.2508170008659363,32000.0,0.0,0.0
1976-07-26,0.24413980543613437,0.2508168517728701,0.24413980543613437,0.24413980543613434,48000.0,0.0,0.0
1976-07-27,0.23741990327835083,0.2441397306562692,0.23741990327835083,0.23741990327835083,22400.0,0.0,0.0
1976-07-28,0.24075847864151004,0.24075847864151004,0.2374199683367427,0.24075847864151,32000.0,0.0,0.0
1976-07-29,0.24075850898848766,0.24075850898848766,0.23408146202564242,0.2340814620256424,54400.0,0.0,0.0
1976-07-30,0.23741990327835083,0.23741990327835083,0.23741990327835083,0.23741990327835083,44800.0,0.0,0.0
1976-08-02,0.23741990327835083,0.23741990327835083,0.23408136837673074,0.23741990327835083,19200.0,0.0,0.0
1976-08-03,0.24075847864151004,0.24075847864151004,0.2374199683367427,0.24075847864151,35200.0,0.0,0.0
1976-08-04,0.24413980543613437,0.24413980543613437,0.2407584864124608,0.24413980543613434,19200.0,0.0,0.0
1976-08-05,0.24413980543613437,0.24413980543613437,0.2407584864124608,0.24413980543613434,44800.0,0.0,0.0
1976-08-06,0.24413980543613437,0.2508168517728701,0.24413980543613437,0.24413980543613434,54400.0,0.0,0.0
1976-08-09,0.24413980543613437,0.24413980543613437,0.24413980543613437,0.24413980543613434,28800.0,0.0,0.0
1976-08-10,0.24413980543613437,0.24413980543613437,0.24413980543613437,0.24413980543613434,112000.0,0.0,0.0
1976-08-11,0.24413980543613437,0.24413980543613437,0.24413980543613437,0.24413980543613434,41600.0,0.0,0.0
1976-08-12,0.24413980543613437,0.24413980543613437,0.24413980543613437,0.24413980543613434,22400.0,0.0,0.0
1976-08-13,0.24413980543613437,0.24413980543613437,0.24413980543613437,0.24413980543613434,9600.0,0.0,0.0
1976-08-16,0.24413980543613437,0.24413980543613437,0.2407584864124608,0.24413980543613434,70400.0,0.0,0.0
1976-08-17,0.2608319015360196,0.2608323097229004,0.2474782463132835,0.2608323097229004,115200.0,0.0,0.0
1976-08-18,0.26417091488838196,0.26750942524977067,0.26417091488838196,0.26417091488838196,313600.0,0.0,0.0
1976-08-19,0.26417091488838196,0.26750942524977067,0.26417091488838196,0.26417091488838196,67200.0,0.0,0.0
1976-08-20,0.2574939727783203,0.2608324844897233,0.2574939727783203,0.2574939727783203,38400.0,0.0,0.0
1976-08-23,0.2508170008659363,0.25415551326297137,0.2508170008659363,0.2508170008659363,35200.0,0.0,0.0
1976-08-24,0.24747855961322784,0.24747855961322784,0.24747855961322784,0.24747855961322784,9600.0,0.0,0.0
1976-08-25,0.2541554868221283,0.2541554868221283,0.2508169747724124,0.2541554868221283,22400.0,0.0,0.0
1976-08-26,0.2541554868221283,0.2541554868221283,0.2508169747724124,0.2541554868221283,16000.0,0.0,0.0
1976-08-27,0.25415561252681185,0.25415561252681185,0.24747855961322784,0.24747855961322784,67200.0,0.0,0.0
1976-08-30,0.25081709882587605,0.25081709882587605,0.24747855961322784,0.24747855961322784,35200.0,0.0,0.0
1976-08-31,0.2508170008659363,0.2508170008659363,0.24747846295719883,0.2508170008659363,38400.0,0.0,0.0
1976-09-01,0.2508170008659363,0.2508170008659363,0.2508170008659363,0.2508170008659363,70400.0,0.0,0.0
1976-09-02,0.24413980543613437,0.2508168517728701,0.24413980543613437,0.24413980543613434,38400.0,0.0,0.0
1976-09-03,0.24413980543613437,0.24413980543613437,0.24413980543613437,0.24413980543613434,67200.0,0.0,0.0
1976-09-07,0.24747815142583032,0.24747855961322784,0.24075872355804073,0.24747855961322784,54400.0,0.0,0.0
1976-09-08,0.24747815142583032,0.24747855961322784,0.24414004591229205,0.24747855961322784,124800.0,0.0,0.0
1976-09-09,0.2541554868221283,0.2574939988718442,0.2508169747724124,0.2541554868221283,96000.0,0.0,0.0
1976-09-10,0.2541554868221283,0.2541554868221283,0.2508169747724124,0.2541554868221283,25600.0,0.0,0.0
1976-09-13,0.2574939727783203,0.2574939727783203,0.2541554610669173,0.2574939727783203,48000.0,0.0,0.0
1976-09-14,0.2608323097229004,0.2608323097229004,0.2608323097229004,0.2608323097229004,6400.0,0.0,0.0
1976-09-15,0.26417091488838196,0.26750942524977067,0.2608323790153064,0.26417091488838196,102400.0,0.0,0.0
1976-09-16,0.26417091488838196,0.26417091488838196,0.2608323790153064,0.26417091488838196,41600.0,0.0,0.0
1976-09-17,0.2675093541835489,0.2675093541835489,0.2608323097229004,0.2608323097229004,112000.0,0.0,0.0
1976-09-20,0.2675093114376068,0.2675093114376068,0.2641708024965908,0.2675093114376068,19200.0,0.0,0.0
1976-09-21,0.26417091488838196,0.26750942524977067,0.26417091488838196,0.26417091488838196,12800.0,0.0,0.0
1976-09-22,0.26417091488838196,0.26750942524977067,0.26417091488838196,0.26417091488838196,22400.0,0.0,0.0
1976-09-23,0.26417084470906466,0.26417084470906466,0.2608323097229004,0.2608323097229004,6400.0,0.0,0.0
1976-09-24,0.2541554868221283,0.2574939988718442,0.2541554868221283,0.2541554868221283,35200.0,0.0,0.0
1976-09-27,0.2574939727783203,0.2574939727783203,0.2541554610669173,0.2574939727783203,12800.0,0.0,0.0
1976-09-28,0.2608319015360196,0.2608323097229004,0.25415529077393195,0.2608323097229004,19200.0,0.0,0.0
1976-09-29,0.2574939727783203,0.2608324844897233,0.2574939727783203,0.2574939727783203,57600.0,0.0,0.0
1976-09-30,0.2608319015360196,0.2608323097229004,0.25415529077393195,0.2608323097229004,12800.0,0.0,0.0
1976-10-01,0.2608323097229004,0.2608323097229004,0.2608323097229004,0.2608323097229004,12800.0,0.0,0.0
1976-10-04,0.2608323097229004,0.2608323097229004,0.2608323097229004,0.2608323097229004,0.0,0.0,0.0
1976-10-05,0.2608323097229004,0.2608323097229004,0.2608323097229004,0.2608323097229004,28800.0,0.0,0.0
1976-10-06,0.2574939727783203,0.2574939727783203,0.2574939727783203,0.2574939727783203,9600.0,0.0,0.0
1976-10-07,0.2541554868221283,0.2541554868221283,0.2508169747724124,0.2541554868221283,38400.0,0.0,0.0
1976-10-08,0.25415561252681185,0.25415561252681185,0.24747855961322784,0.24747855961322784,70400.0,0.0,0.0
1976-10-11,0.24413980543613437,0.24413980543613437,0.2407584864124608,0.24413980543613434,16000.0,0.0,0.0
1976-10-12,0.24413980543613437,0.24747831584865862,0.24413980543613437,0.24413980543613434,9600.0,0.0,0.0
1976-10-13,0.2541554868221283,0.2541554868221283,0.24413992516128083,0.2541554868221283,28800.0,0.0,0.0
1976-10-14,0.2508170008659363,0.25415551326297137,0.2508170008659363,0.2508170008659363,22400.0,0.0,0.0
1976-10-15,0.2508170008659363,0.2508170008659363,0.24747846295719883,0.2508170008659363,25600.0,0.0,0.0
1976-10-18,0.25081709882587605,0.25081709882587605,0.24747855961322784,0.24747855961322784,19200.0,0.0,0.0
1976-10-19,0.24413980543613437,0.24747831584865862,0.24413980543613437,0.24413980543613434,41600.0,0.0,0.0
1976-10-20,0.24747815142583032,0.24747855961322784,0.24414004591229205,0.24747855961322784,646400.0,0.0,0.0
1976-10-21,0.24413980543613437,0.24413980543613437,0.24413980543613437,0.24413980543613434,6400.0,0.0,0.0
1976-10-22,0.24075847864151004,0.2441397975560449,0.24075847864151004,0.24075847864151,22400.0,0.0,0.0
1976-10-25,0.24075847864151004,0.2474783078608122,0.24075847864151004,0.24075847864151,54400.0,0.0,0.0
1976-10-26,0.24747815142583032,0.25081709882587605,0.24414004591229205,0.24747855961322784,96000.0,0.0,0.0
1976-10-27,0.2508170008659363,0.25415551326297137,0.2508170008659363,0.2508170008659363,28800.0,0.0,0.0
1976-10-28,0.2541554868221283,0.2574939988718442,0.2541554868221283,0.2541554868221283,54400.0,0.0,0.0
1976-10-29,0.2508170008659363,0.25415551326297137,0.2508170008659363,0.2508170008659363,22400.0,0.0,0.0
1976-11-01,0.2508170008659363,0.25415551326297137,0.2508170008659363,0.2508170008659363,51200.0,0.0,0.0
1976-11-03,0.2508170008659363,0.2508170008659363,0.24747846295719883,0.2508170008659363,12800.0,0.0,0.0
1976-11-04,0.2541554868221283,0.2541554868221283,0.2508169747724124,0.2541554868221283,92800.0,0.0,0.0
1976-11-05,0.2508170008659363,0.25415551326297137,0.2508170008659363,0.2508170008659363,6400.0,0.0,0.0
1976-11-08,0.2508170008659363,0.25415551326297137,0.2508170008659363,0.2508170008659363,16000.0,0.0,0.0
1976-11-09,0.25081709882587605,0.25081709882587605,0.24747855961322784,0.24747855961322784,76800.0,0.0,0.0
1976-11-10,0.2508170008659363,0.2508170008659363,0.24413995056016374,0.2508170008659363,41600.0,0.0,0.0
1976-11-11,0.2508170008659363,0.25415551326297137,0.2508170008659363,0.2508170008659363,6400.0,0.0,0.0
1976-11-12,0.24747815142583032,0.25081709882587605,0.24414004591229205,0.24747855961322784,48000.0,0.0,0.0
1976-11-15,0.2508170008659363,0.2508170008659363,0.24747846295719883,0.2508170008659363,25600.0,0.0,0.0
1976-11-16,0.2541554868221283,0.2541554868221283,0.24747843721099674,0.2541554868221283,51200.0,0.0,0.0
1976-11-17,0.2608319015360196,0.2608323097229004,0.25081678129944773,0.2608323097229004,54400.0,0.0,0.0
1976-11-18,0.26417084470906466,0.26417084470906466,0.2608323097229004,0.2608323097229004,25600.0,0.0,0.0
1976-11-19,0.2675093114376068,0.2675093114376068,0.2608322680438988,0.2675093114376068,60800.0,0.0,0.0
1976-11-22,0.2842448353767395,0.2842448353767395,0.2708907672826621,0.2842448353767395,291200.0,0.0,0.0
1976-11-23,0.28758297275050276,0.2875833809375763,0.28090635883573084,0.2875833809375763,169600.0,0.0,0.0
1976-11-24,0.27756762504577637,0.28758315016140995,0.27756762504577637,0.27756762504577637,153600.0,0.0,0.0
1976-11-26,0.2742294371128082,0.2742294371128082,0.2742294371128082,0.2742294371128082,147200.0,0.0,0.0
1976-11-29,0.27756797520804705,0.27756797520804705,0.2742294371128082,0.2742294371128082,12800.0,0.0,0.0
1976-11-30,0.2742294371128082,0.2742294371128082,0.2742294371128082,0.2742294371128082,32000.0,0.0,0.0
1976-12-01,0.27756762504577637,0.27756762504577637,0.27756762504577637,0.27756762504577637,3200.0,0.0,0.0
1976-12-02,0.27756762504577637,0.27756762504577637,0.2742290911622269,0.27756762504577637,67200.0,0.0,0.0
1976-12-03,0.28090643882751465,0.2842449508291224,0.28090643882751465,0.28090643882751465,60800.0,0.0,0.0
1976-12-06,0.2842448353767395,0.28758334602233665,0.2809063247311424,0.2842448353767395,38400.0,0.0,0.0
1976-12-07,0.2942602336406708,0.2942602336406708,0.2842446816102557,0.2942602336406708,137600.0,0.0,0.0
1976-12-08,0.2976417541503906,0.2976417541503906,0.29426043441277683,0.2976417541503906,192000.0,0.0,0.0
1976-12-09,0.30431878566741943,0.30431878566741943,0.2942604187196805,0.30431878566741943,118400.0,0.0,0.0
1976-12-10,0.2942602336406708,0.3076571031016458,0.2942602336406708,0.2942602336406708,160000.0,0.0,0.0
1976-12-13,0.2942602336406708,0.2976415510712307,0.2942602336406708,0.2942602336406708,22400.0,0.0,0.0
1976-12-14,0.2976417541503906,0.2976417541503906,0.290921923295351,0.2976417541503906,57600.0,0.0,0.0
1976-12-15,0.3043187161908153,0.3043187161908153,0.30098018050193787,0.30098018050193787,96000.0,0.0,0.0
1976-12-16,0.2942602336406708,0.2976415510712307,0.2942602336406708,0.2942602336406708,41600.0,0.0,0.0
1976-12-17,0.2942602336406708,0.2942602336406708,0.2942602336406708,0.2942602336406708,41600.0,0.0,0.0
1976-12-20,0.2942602336406708,0.2942602336406708,0.2909217248010908,0.2942602336406708,32000.0,0.0,0.0
1976-12-21,0.29092177748680115,0.29092177748680115,0.29092177748680115,0.29092177748680115,38400.0,0.0,0.0
1976-12-22,0.2942602336406708,0.2942602336406708,0.2909217248010908,0.2942602336406708,160000.0,0.0,0.0
1976-12-23,0.2942602336406708,0.2976415510712307,0.2909217248010908,0.2942602336406708,160000.0,0.0,0.0
1976-12-27,0.2976417541503906,0.2976417541503906,0.2976417541503906,0.2976417541503906,16000.0,0.0,0.0
1976-12-28,0.2942602336406708,0.2942602336406708,0.2942602336406708,0.2942602336406708,9600.0,0.0,0.0
1976-12-29,0.2942602336406708,0.2976415510712307,0.2942602336406708,0.2942602336406708,28800.0,0.0,0.0
1976-12-30,0.2942602336406708,0.2976415510712307,0.2942602336406708,0.2942602336406708,60800.0,0.0,0.0
1976-12-31,0.30431878566741943,0.30431878566741943,0.2976417382769664,0.30431878566741943,89600.0,0.0,0.0
1977-01-03,0.30431878566741943,0.30431878566741943,0.3009802492163473,0.30431878566741943,44800.0,0.0,0.0
1977-01-04,0.29092177748680115,0.30098011441807804,0.28758324253093986,0.29092177748680115,99200.0,0.0,0.0
1977-01-05,0.29092177748680115,0.29092177748680115,0.29092177748680115,0.29092177748680115,35200.0,0.0,0.0
1977-01-06,0.29092177748680115,0.2942602869309826,0.29092177748680115,0.29092177748680115,16000.0,0.0,0.0
1977-01-07,0.2942602336406708,0.2942602336406708,0.2909217248010908,0.2942602336406708,19200.0,0.0,0.0
1977-01-10,0.29092177748680115,0.29092177748680115,0.29092177748680115,0.29092177748680115,3200.0,0.0,0.0
1977-01-11,0.2842448353767395,0.28758334602233665,0.2842448353767395,0.2842448353767395,22400.0,0.0,0.0
1977-01-12,0.2842448353767395,0.2842448353767395,0.2809063247311424,0.2842448353767395,64000.0,0.0,0.0
1977-01-13,0.2842448353767395,0.2842448353767395,0.2775678140855453,0.2842448353767395,54400.0,0.0,0.0
1977-01-14,0.28090643882751465,0.28758346283073005,0.28090643882751465,0.28090643882751465,48000.0,0.0,0.0
1977-01-17,0.27756762504577637,0.28424464178953207,0.27756762504577637,0.27756762504577637,35200.0,0.0,0.0
1977-01-18,0.27422902892554735,0.2742294371128082,0.2708909245292732,0.2742294371128082,67200.0,0.0,0.0
1977-01-19,0.2842448353767395,0.2842448353767395,0.27422927792825924,0.2842448353767395,60800.0,0.0,0.0
1977-01-20,0.28758297275050276,0.2875833809375763,0.28090635883573084,0.2875833809375763,38400.0,0.0,0.0
1977-01-21,0.2842448353767395,0.28758334602233665,0.2842448353767395,0.2842448353767395,38400.0,0.0,0.0
1977-01-24,0.2842448353767395,0.2842448353767395,0.2842448353767395,0.2842448353767395,12800.0,0.0,0.0
1977-01-25,0.29092177748680115,0.29092177748680115,0.28758324253093986,0.29092177748680115,12800.0,0.0,0.0
1977-01-26,0.2942602336406708,0.2942602336406708,0.2909217248010908,0.2942602336406708,32000.0,0.0,0.0
1977-01-27,0.2976417541503906,0.3009802652678164,0.2976417541503906,0.2976417541503906,73600.0,0.0,0.0
1977-01-28,0.3043187161908153,0.3043187161908153,0.30098018050193787,0.30098018050193787,67200.0,0.0,0.0
1977-01-31,0.30431878566741943,0.30431878566741943,0.3009802492163473,0.30431878566741943,64000.0,0.0,0.0
1977-02-01,0.30431878566741943,0.30431878566741943,0.30431878566741943,0.30431878566741943,22400.0,0.0,0.0
1977-02-02,0.30431878566741943,0.30431878566741943,0.30431878566741943,0.30431878566741943,6400.0,0.0,0.0
1977-02-03,0.30431878566741943,0.3076572966068003,0.30431878566741943,0.30431878566741943,92800.0,0.0,0.0
1977-02-04,0.30431878566741943,0.3076572966068003,0.30431878566741943,0.30431878566741943,12800.0,0.0,0.0
1977-02-07,0.3043187161908153,0.3043187161908153,0.30098018050193787,0.30098018050193787,57600.0,0.0,0.0
1977-02-08,0.2976417541503906,0.3009802652678164,0.2976417541503906,0.2976417541503906,28800.0,0.0,0.0
1977-02-09,0.2942602336406708,0.2942602336406708,0.2942602336406708,0.2942602336406708,32000.0,0.0,0.0
1977-02-10,0.2942602336406708,0.2942602336406708,0.2909217248010908,0.2942602336406708,9600.0,0.0,0.0
1977-02-11,0.29092177748680115,0.2942602869309826,0.28758324253093986,0.29092177748680115,76800.0,0.0,0.0
1977-02-14,0.29092177748680115,0.29092177748680115,0.29092177748680115,0.29092177748680115,0.0,0.0,0.0
1977-02-15,0.2875833809375763,0.2875833809375763,0.2875833809375763,0.2875833809375763,3200.0,0.0,0.0
1977-02-16,0.28758297275050276,0.2875833809375763,0.28090635883573084,0.2875833809375763,70400.0,0.0,0.0
1977-02-17,0.2875833809375763,0.2875833809375763,0.2875833809375763,0.2875833809375763,6400.0,0.0,0.0
1977-02-18,0.2842448353767395,0.2842448353767395,0.2809063247311424,0.2842448353767395,41600.0,0.0,0.0
1977-02-22,0.28758297275050276,0.2875833809375763,0.28090635883573084,0.2875833809375763,41600.0,0.0,0.0
1977-02-23,0.28090643882751465,0.2842449508291224,0.28090643882751465,0.28090643882751465,32000.0,0.0,0.0
1977-02-24,0.28090643882751465,0.28090643882751465,0.277567926825907,0.28090643882751465,41600.0,0.0,0.0
1977-02-25,0.27756762504577637,0.28090613341765425,0.27756762504577637,0.27756762504577637,153600.0,0.0,0.0
1977-02-28,0.27422902892554735,0.2742294371128082,0.2708909245292732,0.2742294371128082,16000.0,0.0,0.0
1977-03-01,0.27422902892554735,0.2742294371128082,0.2708909245292732,0.2742294371128082,217600.0,0.0,0.0
1977-03-02,0.2708907425403595,0.2742292528810276,0.2708907425403595,0.2708907425403595,12800.0,0.0,0.0
1977-03-03,0.2708907425403595,0.2742292528810276,0.2708907425403595,0.2708907425403595,16000.0,0.0,0.0
1977-03-04,0.2742294371128082,0.2742294371128082,0.2742294371128082,0.2742294371128082,28800.0,0.0,0.0
1977-03-07,0.27756797520804705,0.27756797520804705,0.2742294371128082,0.2742294371128082,32000.0,0.0,0.0
1977-03-08,0.2742294371128082,0.2742294371128082,0.2742294371128082,0.2742294371128082,6400.0,0.0,0.0
1977-03-09,0.28090643882751465,0.28090643882751465,0.277567926825907,0.28090643882751465,89600.0,0.0,0.0
1977-03-10,0.28090643882751465,0.28090643882751465,0.28090643882751465,0.28090643882751465,38400.0,0.0,0.0
1977-03-11,0.28090643882751465,0.2842449508291224,0.28090643882751465,0.28090643882751465,38400.0,0.0,0.0
1977-03-14,0.28090643882751465,0.28758346283073005,0.28090643882751465,0.28090643882751465,32000.0,0.0,0.0
1977-03-15,0.2842448353767395,0.2842448353767395,0.2842448353767395,0.2842448353767395,9600.0,0.0,0.0
1977-03-16,0.2875833809375763,0.2875833809375763,0.2875833809375763,0.2875833809375763,9600.0,0.0,0.0
1977-03-17,0.2875833809375763,0.2875833809375763,0.2875833809375763,0.2875833809375763,3200.0,0.0,0.0
1977-03-18,0.2842448353767395,0.28758334602233665,0.2842448353767395,0.2842448353767395,35200.0,0.0,0.0
1977-03-21,0.28090643882751465,0.28090643882751465,0.28090643882751465,0.28090643882751465,9600.0,0.0,0.0
1977-03-22,0.2708907425403595,0.28090629907405057,0.2708907425403595,0.2708907425403595,86400.0,0.0,0.0
1977-03-23,0.27422902892554735,0.2742294371128082,0.2675096033067508,0.2742294371128082,60800.0,0.0,0.0
1977-03-24,0.27756797520804705,0.27756797520804705,0.2742294371128082,0.2742294371128082,28800.0,0.0,0.0
1977-03-25,0.28090643882751465,0.28090643882751465,0.2742293893125999,0.28090643882751465,35200.0,0.0,0.0
1977-03-28,0.2708907425403595,0.28090629907405057,0.2708907425403595,0.2708907425403595,38400.0,0.0,0.0
1977-03-29,0.2708907425403595,0.2708907425403595,0.26750942358946345,0.2708907425403595,9600.0,0.0,0.0
1977-03-30,0.2675093114376068,0.2742291379119195,0.2675093114376068,0.2675093114376068,51200.0,0.0,0.0
1977-03-31,0.2675093114376068,0.2675093114376068,0.2675093114376068,0.2675093114376068,0.0,0.0,0.0
1977-04-01,0.2708907425403595,0.2708907425403595,0.26750942358946345,0.2708907425403595,19200.0,0.0,0.0
1977-04-04,0.26417091488838196,0.26750942524977067,0.26417091488838196,0.26417091488838196,38400.0,0.0,0.0
1977-04-05,0.2708907425403595,0.2708907425403595,0.2608323773964405,0.2708907425403595,28800.0,0.0,0.0
1977-04-06,0.2708907425403595,0.2708907425403595,0.2708907425403595,0.2708907425403595,0.0,0.0,0.0
1977-04-07,0.27422902892554735,0.2742294371128082,0.2708909245292732,0.2742294371128082,70400.0,0.0,0.0
1977-04-11,0.27756797520804705,0.27756797520804705,0.2742294371128082,0.2742294371128082,16000.0,0.0,0.0
1977-04-12,0.28090643882751465,0.28090643882751465,0.2742293893125999,0.28090643882751465,28800.0,0.0,0.0
1977-04-13,0.28090643882751465,0.2842449508291224,0.28090643882751465,0.28090643882751465,28800.0,0.0,0.0
1977-04-14,0.28090643882751465,0.2842449508291224,0.28090643882751465,0.28090643882751465,89600.0,0.0,0.0
1977-04-15,0.28090643882751465,0.28090643882751465,0.28090643882751465,0.28090643882751465,6400.0,0.0,0.0
1977-04-18,0.28090643882751465,0.28090643882751465,0.277567926825907,0.28090643882751465,22400.0,0.0,0.0
1977-04-19,0.28090643882751465,0.28090643882751465,0.28090643882751465,0.28090643882751465,12800.0,0.0,0.0
1977-04-20,0.28090643882751465,0.28090643882751465,0.277567926825907,0.28090643882751465,25600.0,0.0,0.0
1977-04-21,0.28090643882751465,0.28090643882751465,0.277567926825907,0.28090643882751465,12800.0,0.0,0.0
1977-04-22,0.28090643882751465,0.28090643882751465,0.277567926825907,0.28090643882751465,108800.0,0.0,0.0
1977-04-25,0.2675093114376068,0.27756767236461144,0.2675093114376068,0.2675093114376068,51200.0,0.0,0.0
1977-04-26,0.27756762504577637,0.27756762504577637,0.27089058279034905,0.27756762504577637,54400.0,0.0,0.0
1977-04-27,0.2742294371128082,0.2742294371128082,0.2742294371128082,0.2742294371128082,12800.0,0.0,0.0
1977-04-28,0.27756762504577637,0.27756762504577637,0.2742290911622269,0.27756762504577637,16000.0,0.0,0.0
1977-04-29,0.2708907425403595,0.2742292528810276,0.2708907425403595,0.2708907425403595,73600.0,0.0,0.0
1977-05-02,0.2708907425403595,0.2708907425403595,0.26750942358946345,0.2708907425403595,76800.0,0.0,0.0
1977-05-03,0.27422902892554735,0.2742294371128082,0.2708909245292732,0.2742294371128082,19200.0,0.0,0.0
1977-05-04,0.2742294371128082,0.2742294371128082,0.2742294371128082,0.2742294371128082,12800.0,0.0,0.0
1977-05-05,0.27422902892554735,0.27756797520804705,0.2708909245292732,0.2742294371128082,28800.0,0.0,0.0
1977-05-06,0.2708907425403595,0.2708907425403595,0.2708907425403595,0.2708907425403595,38400.0,0.0,0.0
1977-05-09,0.2708907425403595,0.27756778873338245,0.2708907425403595,0.2708907425403595,179200.0,0.0,0.0
1977-05-10,0.27422902892554735,0.2742294371128082,0.2675096033067508,0.2742294371128082,73600.0,0.0,0.0
1977-05-11,0.26417091488838196,0.270890744221653,0.26417091488838196,0.26417091488838196,99200.0,0.0,0.0
1977-05-12,0.2675093114376068,0.2675093114376068,0.2608322680438988,0.2675093114376068,252800.0,0.0,0.0
1977-05-13,0.2675093114376068,0.2675093114376068,0.2641708024965908,0.2675093114376068,35200.0,0.0,0.0
1977-05-16,0.2708907425403595,0.2708907425403595,0.26750942358946345,0.2708907425403595,51200.0,0.0,0.0
1977-05-17,0.2675093114376068,0.27089062897090344,0.2675093114376068,0.2675093114376068,9600.0,0.0,0.0
1977-05-18,0.2708907425403595,0.2708907425403595,0.2641709132487953,0.2708907425403595,172800.0,0.0,0.0
1977-05-19,0.2675093114376068,0.27089062897090344,0.2675093114376068,0.2675093114376068,89600.0,0.0,0.0
1977-05-20,0.2675093114376068,0.27089062897090344,0.2675093114376068,0.2675093114376068,48000.0,0.0,0.0
1977-05-23,0.26417091488838196,0.26750942524977067,0.26417091488838196,0.26417091488838196,32000.0,0.0,0.0
1977-05-24,0.2608319015360196,0.2608323097229004,0.25749380024841617,0.2608323097229004,64000.0,0.0,0.0
1977-05-25,0.2608323097229004,0.2608323097229004,0.2608323097229004,0.2608323097229004,70400.0,0.0,0.0
1977-05-26,0.26417091488838196,0.26417091488838196,0.2608323790153064,0.26417091488838196,54400.0,0.0,0.0
1977-05-27,0.26417091488838196,0.26417091488838196,0.26417091488838196,0.26417091488838196,48000.0,0.0,0.0
1977-05-31,0.2675093114376068,0.2675093114376068,0.2641708024965908,0.2675093114376068,12800.0,0.0,0.0
1977-06-01,0.2708907425403595,0.2708907425403595,0.2641709132487953,0.2708907425403595,144000.0,0.0,0.0
1977-06-02,0.2675093114376068,0.2742291379119195,0.2675093114376068,0.2675093114376068,86400.0,0.0,0.0
1977-06-03,0.26417091488838196,0.26750942524977067,0.26417091488838196,0.26417091488838196,25600.0,0.0,0.0
1977-06-06,0.26417091488838196,0.26417091488838196,0.26417091488838196,0.26417091488838196,48000.0,0.0,0.0
1977-06-07,0.26417091488838196,0.26750942524977067,0.26417091488838196,0.26417091488838196,6400.0,0.0,0.0
1977-06-08,0.26417091488838196,0.26750942524977067,0.26417091488838196,0.26417091488838196,22400.0,0.0,0.0
1977-06-09,0.26417091488838196,0.26417091488838196,0.26417091488838196,0.26417091488838196,25600.0,0.0,0.0
1977-06-10,0.2675093114376068,0.2675093114376068,0.2608322680438988,0.2675093114376068,64000.0,0.0,0.0
1977-06-13,0.2675093114376068,0.2675093114376068,0.2675093114376068,0.2675093114376068,19200.0,0.0,0.0
1977-06-14,0.2675093114376068,0.2675093114376068,0.2675093114376068,0.2675093114376068,9600.0,0.0,0.0
1977-06-15,0.2675093114376068,0.2675093114376068,0.2641708024965908,0.2675093114376068,896000.0,0.0,0.0
1977-06-16,0.2675093114376068,0.2675093114376068,0.2675093114376068,0.2675093114376068,16000.0,0.0,0.0
1977-06-17,0.2675093114376068,0.2675093114376068,0.2675093114376068,0.2675093114376068,38400.0,0.0,0.0
1977-06-20,0.2675093114376068,0.2675093114376068,0.2641708024965908,0.2675093114376068,179200.0,0.0,0.0
1977-06-21,0.2675093114376068,0.2675093114376068,0.2675093114376068,0.2675093114376068,19200.0,0.0,0.0
1977-06-22,0.26417091488838196,0.26417091488838196,0.2608323790153064,0.26417091488838196,25600.0,0.0,0.0
1977-06-23,0.2675093114376068,0.2675093114376068,0.2608322680438988,0.2675093114376068,41600.0,0.0,0.0
1977-06-24,0.2675093114376068,0.2675093114376068,0.2641708024965908,0.2675093114376068,25600.0,0.0,0.0
1977-06-27,0.2675093114376068,0.2675093114376068,0.2641708024965908,0.2675093114376068,35200.0,0.0,0.0
1977-06-28,0.2708907425403595,0.2708907425403595,0.26750942358946345,0.2708907425403595,553600.0,0.0,0.0
1977-06-29,0.2675093114376068,0.27089062897090344,0.2675093114376068,0.2675093114376068,268800.0,0.0,0.0
1977-06-30,0.27756762504577637,0.27756762504577637,0.27089058279034905,0.27756762504577637,316800.0,0.0,0.0
1977-07-01,0.27756762504577637,0.27756762504577637,0.27756762504577637,0.27756762504577637,99200.0,0.0,0.0
1977-07-05,0.27756762504577637,0.27756762504577637,0.2742290911622269,0.27756762504577637,19200.0,0.0,0.0
1977-07-06,0.27756762504577637,0.27756762504577637,0.2742290911622269,0.27756762504577637,57600.0,0.0,0.0
1977-07-07,0.27756762504577637,0.27756762504577637,0.2742290911622269,0.27756762504577637,198400.0,0.0,0.0
1977-07-08,0.27756762504577637,0.28090613341765425,0.27756762504577637,0.27756762504577637,233600.0,0.0,0.0
1977-07-11,0.2942602336406708,0.2942602336406708,0.2775676639310957,0.2942602336406708,160000.0,0.0,0.0
1977-07-12,0.2942602336406708,0.2942602336406708,0.2942602336406708,0.2942602336406708,70400.0,0.0,0.0
1977-07-13,0.3009797723149712,0.30098018050193787,0.2942603515394222,0.30098018050193787,108800.0,0.0,0.0
1977-07-15,0.3143337757444656,0.3143341839313507,0.3043186554004654,0.3143341839313507,92800.0,0.0,0.0
1977-07-18,0.31099575757980347,0.31433426798279995,0.307657247176807,0.31099575757980347,140800.0,0.0,0.0
1977-07-19,0.31099575757980347,0.31433426798279995,0.307657247176807,0.31099575757980347,64000.0,0.0,0.0
1977-07-20,0.31099575757980347,0.31099575757980347,0.31099575757980347,0.31099575757980347,9600.0,0.0,0.0
1977-07-21,0.2976417541503906,0.30765731301436067,0.2976417541503906,0.2976417541503906,99200.0,0.0,0.0
1977-07-22,0.28758297275050276,0.29426042855111384,0.28090635883573084,0.2875833809375763,220800.0,0.0,0.0
1977-07-25,0.28758297275050276,0.2875833809375763,0.28424486988665354,0.2875833809375763,32000.0,0.0,0.0
1977-07-26,0.2909219175001911,0.2909219175001911,0.2875833809375763,0.2875833809375763,400000.0,0.0,0.0
1977-07-27,0.2909219175001911,0.2909219175001911,0.2875833809375763,0.2875833809375763,64000.0,0.0,0.0
1977-07-28,0.28758297275050276,0.2909219175001911,0.28424486988665354,0.2875833809375763,150400.0,0.0,0.0
1977-07-29,0.28090643882751465,0.28758346283073005,0.28090643882751465,0.28090643882751465,60800.0,0.0,0.0
1977-08-01,0.28758297275050276,0.2875833809375763,0.28424486988665354,0.2875833809375763,355200.0,0.0,0.0
1977-08-02,0.2842448353767395,0.28758334602233665,0.2809063247311424,0.2842448353767395,476800.0,0.0,0.0
1977-08-03,0.28090643882751465,0.2842449508291224,0.277567926825907,0.28090643882751465,224000.0,0.0,0.0
1977-08-04,0.2842448353767395,0.2842448353767395,0.2842448353767395,0.2842448353767395,3200.0,0.0,0.0
1977-08-05,0.28090643882751465,0.2842449508291224,0.28090643882751465,0.28090643882751465,28800.0,0.0,0.0
1977-08-08,0.27756797520804705,0.27756797520804705,0.2742294371128082,0.2742294371128082,86400.0,0.0,0.0
1977-08-09,0.27756797520804705,0.27756797520804705,0.2742294371128082,0.2742294371128082,22400.0,0.0,0.0
1977-08-10,0.27756762504577637,0.27756762504577637,0.27756762504577637,0.27756762504577637,12800.0,0.0,0.0
1977-08-11,0.27756762504577637,0.27756762504577637,0.2742290911622269,0.27756762504577637,12800.0,0.0,0.0
1977-08-12,0.27756762504577637,0.27756762504577637,0.2742290911622269,0.27756762504577637,41600.0,0.0,0.0
1977-08-15,0.27422902892554735,0.2742294371128082,0.2708909245292732,0.2742294371128082,150400.0,0.0,0.0
1977-08-16,0.27422902892554735,0.2742294371128082,0.2708909245292732,0.2742294371128082,19200.0,0.0,0.0
1977-08-17,0.27422902892554735,0.2742294371128082,0.2675096033067508,0.2742294371128082,57600.0,0.0,0.0
1977-08-18,0.2708907425403595,0.2742292528810276,0.2708907425403595,0.2708907425403595,38400.0,0.0,0.0
1977-08-19,0.26417091488838196,0.26750942524977067,0.26417091488838196,0.26417091488838196,60800.0,0.0,0.0
1977-08-22,0.26417091488838196,0.26417091488838196,0.26417091488838196,0.26417091488838196,3200.0,0.0,0.0
1977-08-23,0.2675093114376068,0.2675093114376068,0.2675093114376068,0.2675093114376068,35200.0,0.0,0.0
1977-08-24,0.26417091488838196,0.26750942524977067,0.26417091488838196,0.26417091488838196,89600.0,0.0,0.0
1977-08-25,0.26417091488838196,0.26750942524977067,0.26417091488838196,0.26417091488838196,121600.0,0.0,0.0
1977-08-26,0.26417091488838196,0.26417091488838196,0.2608323790153064,0.26417091488838196,76800.0,0.0,0.0
1977-08-29,0.2675093114376068,0.2675093114376068,0.2641708024965908,0.2675093114376068,32000.0,0.0,0.0
1977-08-30,0.2675093114376068,0.2742291379119195,0.2675093114376068,0.2675093114376068,41600.0,0.0,0.0
1977-08-31,0.26417091488838196,0.270890744221653,0.26417091488838196,0.26417091488838196,32000.0,0.0,0.0
1977-09-01,0.2675093114376068,0.2675093114376068,0.2641708024965908,0.2675093114376068,12800.0,0.0,0.0
1977-09-02,0.27422902892554735,0.2742294371128082,0.2708909245292732,0.2742294371128082,51200.0,0.0,0.0
1977-09-06,0.2742294371128082,0.2742294371128082,0.2742294371128082,0.2742294371128082,9600.0,0.0,0.0
1977-09-07,0.2675093114376068,0.27089062897090344,0.2641708024965908,0.2675093114376068,99200.0,0.0,0.0
1977-09-08,0.26417091488838196,0.26750942524977067,0.26417091488838196,0.26417091488838196,16000.0,0.0,0.0
1977-09-09,0.2675093114376068,0.27089062897090344,0.2675093114376068,0.2675093114376068,118400.0,0.0,0.0
1977-09-12,0.26417091488838196,0.26750942524977067,0.26417091488838196,0.26417091488838196,28800.0,0.0,0.0
1977-09-13,0.2675093114376068,0.2675093114376068,0.2675093114376068,0.2675093114376068,41600.0,0.0,0.0
1977-09-14,0.26417091488838196,0.26750942524977067,0.26417091488838196,0.26417091488838196,28800.0,0.0,0.0
1977-09-15,0.2675093114376068,0.2675093114376068,0.2675093114376068,0.2675093114376068,275200.0,0.0,0.0
1977-09-16,0.2675093114376068,0.2675093114376068,0.2641708024965908,0.2675093114376068,22400.0,0.0,0.0
1977-09-19,0.2675093114376068,0.2675093114376068,0.2641708024965908,0.2675093114376068,38400.0,0.0,0.0
1977-09-20,0.26417091488838196,0.26750942524977067,0.26417091488838196,0.26417091488838196,169600.0,0.0,0.0
1977-09-21,0.26417091488838196,0.26417091488838196,0.26417091488838196,0.26417091488838196,3200.0,0.0,0.0
1977-09-22,0.26417091488838196,0.26417091488838196,0.2608323790153064,0.26417091488838196,9600.0,0.0,0.0
1977-09-23,0.2675093114376068,0.2675093114376068,0.2608322680438988,0.2675093114376068,204800.0,0.0,0.0
1977-09-26,0.2675093114376068,0.2675093114376068,0.2641708024965908,0.2675093114376068,336000.0,0.0,0.0
1977-09-27,0.26417091488838196,0.26417091488838196,0.26417091488838196,0.26417091488838196,400000.0,0.0,0.0
1977-09-28,0.2675093114376068,0.2675093114376068,0.2608322680438988,0.2675093114376068,128000.0,0.0,0.0
1977-09-29,0.2675093114376068,0.2675093114376068,0.2675093114376068,0.2675093114376068,0.0,0.0,0.0
1977-09-30,0.26417091488838196,0.26417091488838196,0.26417091488838196,0.26417091488838196,105600.0,0.0,0.0
1977-10-03,0.2675093114376068,0.2675093114376068,0.2675093114376068,0.2675093114376068,64000.0,0.0,0.0
1977-10-04,0.2675093114376068,0.2675093114376068,0.2675093114376068,0.2675093114376068,12800.0,0.0,0.0
1977-10-05,0.2675093114376068,0.2675093114376068,0.2675093114376068,0.2675093114376068,28800.0,0.0,0.0
1977-10-06,0.26417091488838196,0.26417091488838196,0.26417091488838196,0.26417091488838196,12800.0,0.0,0.0
1977-10-07,0.26417091488838196,0.26750942524977067,0.26417091488838196,0.26417091488838196,195200.0,0.0,0.0
1977-10-10,0.2675093114376068,0.2675093114376068,0.2675093114376068,0.2675093114376068,19200.0,0.0,0.0
1977-10-11,0.2675093114376068,0.2675093114376068,0.2675093114376068,0.2675093114376068,9600.0,0.0,0.0
1977-10-12,0.26417091488838196,0.26750942524977067,0.26417091488838196,0.26417091488838196,28800.0,0.0,0.0
1977-10-13,0.2508170008659363,0.264171075965779,0.2508170008659363,0.2508170008659363,182400.0,0.0,0.0
1977-10-14,0.2574939727783203,0.2574939727783203,0.2541554610669173,0.2574939727783203,28800.0,0.0,0.0
1977-10-17,0.2574939727783203,0.2574939727783203,0.2574939727783203,0.2574939727783203,3200.0,0.0,0.0
1977-10-18,0.2541554868221283,0.2541554868221283,0.2541554868221283,0.2541554868221283,12800.0,0.0,0.0
1977-10-19,0.2541554868221283,0.2541554868221283,0.2541554868221283,0.2541554868221283,22400.0,0.0,0.0
1977-10-20,0.2508170008659363,0.2508170008659363,0.2508170008659363,0.2508170008659363,48000.0,0.0,0.0
1977-10-21,0.2508170008659363,0.2508170008659363,0.2508170008659363,0.2508170008659363,48000.0,0.0,0.0
1977-10-24,0.25081709882587605,0.25081709882587605,0.24747855961322784,0.24747855961322784,73600.0,0.0,0.0
1977-10-25,0.24413980543613437,0.2508168517728701,0.24413980543613437,0.24413980543613434,70400.0,0.0,0.0
1977-10-26,0.24413980543613437,0.24413980543613437,0.24413980543613437,0.24413980543613434,6400.0,0.0,0.0
1977-10-27,0.24413980543613437,0.24747831584865862,0.2407584864124608,0.24413980543613434,99200.0,0.0,0.0
1977-10-28,0.2508170008659363,0.2508170008659363,0.24747846295719883,0.2508170008659363,32000.0,0.0,0.0
1977-10-31,0.24747855961322784,0.24747855961322784,0.24747855961322784,0.24747855961322784,6400.0,0.0,0.0
1977-11-01,0.2508170008659363,0.2508170008659363,0.24747846295719883,0.2508170008659363,67200.0,0.0,0.0
1977-11-02,0.24747855961322784,0.24747855961322784,0.24747855961322784,0.24747855961322784,3200.0,0.0,0.0
1977-11-03,0.24747855961322784,0.24747855961322784,0.24747855961322784,0.24747855961322784,25600.0,0.0,0.0
1977-11-04,0.24747815142583032,0.24747855961322784,0.24414004591229205,0.24747855961322784,51200.0,0.0,0.0
1977-11-07,0.24413980543613437,0.24413980543613437,0.24413980543613437,0.24413980543613434,57600.0,0.0,0.0
1977-11-08,0.2508170008659363,0.2508170008659363,0.24747846295719883,0.2508170008659363,54400.0,0.0,0.0
1977-11-09,0.2508170008659363,0.2508170008659363,0.24747846295719883,0.2508170008659363,35200.0,0.0,0.0
1977-11-10,0.2508170008659363,0.25415551326297137,0.2508170008659363,0.2508170008659363,60800.0,0.0,0.0
1977-11-11,0.2574939727783203,0.2574939727783203,0.2541554610669173,0.2574939727783203,19200.0,0.0,0.0
1977-11-14,0.25415561252681185,0.25415561252681185,0.24747855961322784,0.24747855961322784,57600.0,0.0,0.0
1977-11-15,0.25081709882587605,0.25081709882587605,0.24747855961322784,0.24747855961322784,60800.0,0.0,0.0
1977-11-16,0.24747815142583032,0.24747855961322784,0.24414004591229205,0.24747855961322784,51200.0,0.0,0.0
1977-11-17,0.2541554868221283,0.2574939988718442,0.2508169747724124,0.2541554868221283,265600.0,0.0,0.0
1977-11-18,0.2608319015360196,0.2608323097229004,0.25415529077393195,0.2608323097229004,227200.0,0.0,0.0
1977-11-21,0.2675093114376068,0.2675093114376068,0.2608322680438988,0.2675093114376068,208000.0,0.0,0.0
1977-11-22,0.2708907425403595,0.2742292528810276,0.26750942358946345,0.2708907425403595,169600.0,0.0,0.0
1977-11-23,0.2708907425403595,0.2708907425403595,0.2708907425403595,0.2708907425403595,57600.0,0.0,0.0
1977-11-25,0.2708907425403595,0.2742292528810276,0.2708907425403595,0.2708907425403595,44800.0,0.0,0.0
1977-11-28,0.2708907425403595,0.2708907425403595,0.2708907425403595,0.2708907425403595,9600.0,0.0,0.0
1977-11-29,0.27756762504577637,0.27756762504577637,0.27089058279034905,0.27756762504577637,83200.0,0.0,0.0
1977-11-30,0.27756762504577637,0.27756762504577637,0.2742290911622269,0.27756762504577637,595200.0,0.0,0.0
1977-12-01,0.27756762504577637,0.27756762504577637,0.27756762504577637,0.27756762504577637,19200.0,0.0,0.0
1977-12-02,0.27756762504577637,0.27756762504577637,0.2742290911622269,0.27756762504577637,208000.0,0.0,0.0
1977-12-05,0.27756762504577637,0.27756762504577637,0.27756762504577637,0.27756762504577637,48000.0,0.0,0.0
1977-12-06,0.27756762504577637,0.28090613341765425,0.2742290911622269,0.27756762504577637,240000.0,0.0,0.0
1977-12-07,0.27756797520804705,0.27756797520804705,0.2742294371128082,0.2742294371128082,368000.0,0.0,0.0
1977-12-08,0.28090643882751465,0.28090643882751465,0.277567926825907,0.28090643882751465,60800.0,0.0,0.0
1977-12-09,0.28090643882751465,0.28090643882751465,0.277567926825907,0.28090643882751465,60800.0,0.0,0.0
1977-12-12,0.28090643882751465,0.28090643882751465,0.277567926825907,0.28090643882751465,16000.0,0.0,0.0
1977-12-13,0.27756762504577637,0.27756762504577637,0.27756762504577637,0.27756762504577637,6400.0,0.0,0.0
1977-12-14,0.27756762504577637,0.28090613341765425,0.27756762504577637,0.27756762504577637,9600.0,0.0,0.0
1977-12-15,0.27756762504577637,0.28090613341765425,0.27756762504577637,0.27756762504577637,35200.0,0.0,0.0
1977-12-16,0.28090643882751465,0.28090643882751465,0.277567926825907,0.28090643882751465,9600.0,0.0,0.0
1977-12-19,0.27756762504577637,0.28090613341765425,0.27756762504577637,0.27756762504577637,76800.0,0.0,0.0
1977-12-20,0.27756762504577637,0.27756762504577637,0.27756762504577637,0.27756762504577637,230400.0,0.0,0.0
1977-12-21,0.28090643882751465,0.28090643882751465,0.28090643882751465,0.28090643882751465,16000.0,0.0,0.0
1977-12-22,0.2842448353767395,0.28758334602233665,0.2809063247311424,0.2842448353767395,76800.0,0.0,0.0
1977-12-23,0.2842448353767395,0.2842448353767395,0.2842448353767395,0.2842448353767395,3200.0,0.0,0.0
1977-12-27,0.28090643882751465,0.2842449508291224,0.28090643882751465,0.28090643882751465,176000.0,0.0,0.0
1977-12-28,0.28090643882751465,0.28090643882751465,0.277567926825907,0.28090643882751465,44800.0,0.0,0.0
1977-12-29,0.28090643882751465,0.28090643882751465,0.277567926825907,0.28090643882751465,12800.0,0.0,0.0
1977-12-30,0.28090643882751465,0.2842449508291224,0.28090643882751465,0.28090643882751465,19200.0,0.0,0.0
1978-01-03,0.27756762504577637,0.27756762504577637,0.27756762504577637,0.27756762504577637,112000.0,0.0,0.0
1978-01-04,0.27756762504577637,0.27756762504577637,0.27756762504577637,0.27756762504577637,6400.0,0.0,0.0
1978-01-05,0.27756762504577637,0.27756762504577637,0.2742290911622269,0.27756762504577637,6400.0,0.0,0.0
1978-01-06,0.2708907425403595,0.2742292528810276,0.2708907425403595,0.2708907425403595,22400.0,0.0,0.0
1978-01-09,0.26417091488838196,0.2742292545830417,0.26417091488838196,0.26417091488838196,137600.0,0.0,0.0
1978-01-10,0.26417091488838196,0.26417091488838196,0.26417091488838196,0.26417091488838196,41600.0,0.0,0.0
1978-01-11,0.26417084470906466,0.26417084470906466,0.2608323097229004,0.2608323097229004,67200.0,0.0,0.0
1978-01-12,0.26417091488838196,0.26417091488838196,0.26417091488838196,0.26417091488838196,3200.0,0.0,0.0
1978-01-13,0.2675093114376068,0.2675093114376068,0.2641708024965908,0.2675093114376068,9600.0,0.0,0.0
1978-01-16,0.26417091488838196,0.26417091488838196,0.2608323790153064,0.26417091488838196,166400.0,0.0,0.0
1978-01-17,0.26417091488838196,0.26417091488838196,0.2608323790153064,0.26417091488838196,140800.0,0.0,0.0
1978-01-18,0.26417091488838196,0.26417091488838196,0.2608323790153064,0.26417091488838196,86400.0,0.0,0.0
1978-01-19,0.26417091488838196,0.26417091488838196,0.26417091488838196,0.26417091488838196,19200.0,0.0,0.0
1978-01-20,0.26417084470906466,0.26417084470906466,0.2608323097229004,0.2608323097229004,44800.0,0.0,0.0
1978-01-23,0.2541554868221283,0.2574939988718442,0.2541554868221283,0.2541554868221283,35200.0,0.0,0.0
1978-01-24,0.2574939727783203,0.2574939727783203,0.2541554610669173,0.2574939727783203,16000.0,0.0,0.0
1978-01-25,0.2608323097229004,0.2608323097229004,0.2608323097229004,0.2608323097229004,6400.0,0.0,0.0
1978-01-26,0.2608323097229004,0.2608323097229004,0.2608323097229004,0.2608323097229004,12800.0,0.0,0.0
1978-01-27,0.2574939727783203,0.2574939727783203,0.2574939727783203,0.2574939727783203,3200.0,0.0,0.0
1978-01-30,0.2541554868221283,0.2574939988718442,0.2541554868221283,0.2541554868221283,137600.0,0.0,0.0
1978-01-31,0.25081709882587605,0.25081709882587605,0.24747855961322784,0.24747855961322784,76800.0,0.0,0.0
1978-02-01,0.2541554868221283,0.2541554868221283,0.2508169747724124,0.2541554868221283,25600.0,0.0,0.0
1978-02-02,0.2574939727783203,0.2574939727783203,0.2541554610669173,0.2574939727783203,19200.0,0.0,0.0
1978-02-03,0.26417091488838196,0.26417091488838196,0.2608323790153064,0.26417091488838196,102400.0,0.0,0.0
1978-02-06,0.2608323097229004,0.2608323097229004,0.2608323097229004,0.2608323097229004,25600.0,0.0,0.0
1978-02-07,0.26417091488838196,0.26417091488838196,0.26417091488838196,0.26417091488838196,3200.0,0.0,0.0
1978-02-08,0.2708907425403595,0.2708907425403595,0.2641709132487953,0.2708907425403595,160000.0,0.0,0.0
1978-02-09,0.2742294371128082,0.2742294371128082,0.2742294371128082,0.2742294371128082,9600.0,0.0,0.0
1978-02-10,0.27422902892554735,0.2742294371128082,0.2708909245292732,0.2742294371128082,22400.0,0.0,0.0
1978-02-13,0.27756762504577637,0.27756762504577637,0.2742290911622269,0.27756762504577637,35200.0,0.0,0.0
1978-02-14,0.27422902892554735,0.27756797520804705,0.2708909245292732,0.2742294371128082,198400.0,0.0,0.0
1978-02-15,0.2742294371128082,0.2742294371128082,0.2742294371128082,0.2742294371128082,0.0,0.0,0.0
1978-02-16,0.2708907425403595,0.2742292528810276,0.2708907425403595,0.2708907425403595,89600.0,0.0,0.0
1978-02-17,0.27422902892554735,0.2742294371128082,0.2708909245292732,0.2742294371128082,137600.0,0.0,0.0
1978-02-21,0.27756797520804705,0.27756797520804705,0.2742294371128082,0.2742294371128082,35200.0,0.0,0.0
1978-02-22,0.28090643882751465,0.2842449508291224,0.277567926825907,0.28090643882751465,99200.0,0.0,0.0
1978-02-23,0.27756762504577637,0.27756762504577637,0.27756762504577637,0.27756762504577637,9600.0,0.0,0.0
1978-02-24,0.27756797520804705,0.27756797520804705,0.2742294371128082,0.2742294371128082,259200.0,0.0,0.0
1978-02-27,0.27756762504577637,0.27756762504577637,0.27089058279034905,0.27756762504577637,38400.0,0.0,0.0
1978-02-28,0.2708907425403595,0.2708907425403595,0.26750942358946345,0.2708907425403595,73600.0,0.0,0.0
1978-03-01,0.2708907425403595,0.2708907425403595,0.2708907425403595,0.2708907425403595,16000.0,0.0,0.0
1978-03-02,0.27422902892554735,0.2742294371128082,0.2708909245292732,0.2742294371128082,32000.0,0.0,0.0
1978-03-03,0.2675093114376068,0.2742291379119195,0.2675093114376068,0.2675093114376068,57600.0,0.0,0.0
1978-03-06,0.2675093114376068,0.2675093114376068,0.2675093114376068,0.2675093114376068,32000.0,0.0,0.0
1978-03-07,0.2708907425403595,0.2708907425403595,0.2708907425403595,0.2708907425403595,6400.0,0.0,0.0
1978-03-08,0.2708907425403595,0.2742292528810276,0.2708907425403595,0.2708907425403595,57600.0,0.0,0.0
1978-03-09,0.2675093114376068,0.2675093114376068,0.2675093114376068,0.2675093114376068,64000.0,0.0,0.0
1978-03-10,0.2675093114376068,0.2675093114376068,0.2675093114376068,0.2675093114376068,16000.0,0.0,0.0
1978-03-13,0.2675093114376068,0.27089062897090344,0.2675093114376068,0.2675093114376068,19200.0,0.0,0.0
1978-03-14,0.2708907425403595,0.2708907425403595,0.26750942358946345,0.2708907425403595,44800.0,0.0,0.0
1978-03-15,0.2708907425403595,0.2708907425403595,0.2708907425403595,0.2708907425403595,9600.0,0.0,0.0
1978-03-16,0.2708907425403595,0.2742292528810276,0.2708907425403595,0.2708907425403595,12800.0,0.0,0.0
1978-03-17,0.27422902892554735,0.2742294371128082,0.2708909245292732,0.2742294371128082,28800.0,0.0,0.0
1978-03-20,0.2708907425403595,0.27756778873338245,0.2708907425403595,0.2708907425403595,124800.0,0.0,0.0
1978-03-21,0.27422902892554735,0.2742294371128082,0.2708909245292732,0.2742294371128082,185600.0,0.0,0.0
1978-03-22,0.2708907425403595,0.2708907425403595,0.2708907425403595,0.2708907425403595,96000.0,0.0,0.0
1978-03-23,0.2675093114376068,0.2675093114376068,0.2675093114376068,0.2675093114376068,220800.0,0.0,0.0
1978-03-27,0.2675093114376068,0.27089062897090344,0.2675093114376068,0.2675093114376068,9600.0,0.0,0.0
1978-03-28,0.2675093114376068,0.2675093114376068,0.2675093114376068,0.2675093114376068,16000.0,0.0,0.0
1978-03-29,0.2708907425403595,0.2708907425403595,0.2708907425403595,0.2708907425403595,12800.0,0.0,0.0
1978-03-30,0.27422902892554735,0.2742294371128082,0.2675096033067508,0.2742294371128082,92800.0,0.0,0.0
1978-03-31,0.2708907425403595,0.2708907425403595,0.2708907425403595,0.2708907425403595,22400.0,0.0,0.0
1978-04-03,0.26417091488838196,0.26750942524977067,0.26417091488838196,0.26417091488838196,44800.0,0.0,0.0
1978-04-04,0.26417091488838196,0.26417091488838196,0.26417091488838196,0.26417091488838196,0.0,0.0,0.0
1978-04-05,0.2675093114376068,0.27089062897090344,0.2675093114376068,0.2675093114376068,25600.0,0.0,0.0
1978-04-06,0.27422902892554735,0.2742294371128082,0.2641710907232158,0.2742294371128082,268800.0,0.0,0.0
1978-04-07,0.2675093114376068,0.27089062897090344,0.2675093114376068,0.2675093114376068,41600.0,0.0,0.0
1978-04-10,0.2675093114376068,0.2675093114376068,0.2675093114376068,0.2675093114376068,0.0,0.0,0.0
1978-04-11,0.2708907425403595,0.2708907425403595,0.2708907425403595,0.2708907425403595,80000.0,0.0,0.0
1978-04-12,0.27422902892554735,0.2742294371128082,0.2708909245292732,0.2742294371128082,6400.0,0.0,0.0
1978-04-13,0.2708907425403595,0.2742292528810276,0.2708907425403595,0.2708907425403595,35200.0,0.0,0.0
1978-04-14,0.27756762504577637,0.27756762504577637,0.27089058279034905,0.27756762504577637,115200.0,0.0,0.0
1978-04-17,0.28090643882751465,0.28090643882751465,0.277567926825907,0.28090643882751465,16000.0,0.0,0.0
1978-04-18,0.27756762504577637,0.28090613341765425,0.27756762504577637,0.27756762504577637,54400.0,0.0,0.0
1978-04-19,0.27422902892554735,0.27756797520804705,0.2708909245292732,0.2742294371128082,51200.0,0.0,0.0
1978-04-20,0.28090643882751465,0.28090643882751465,0.2742293893125999,0.28090643882751465,198400.0,0.0,0.0
1978-04-21,0.27756797520804705,0.27756797520804705,0.2742294371128082,0.2742294371128082,70400.0,0.0,0.0
1978-04-24,0.28090643882751465,0.28090643882751465,0.2742293893125999,0.28090643882751465,374400.0,0.0,0.0
1978-04-25,0.27756762504577637,0.28424464178953207,0.2742290911622269,0.27756762504577637,403200.0,0.0,0.0
1978-04-26,0.28090643882751465,0.28090643882751465,0.2742293893125999,0.28090643882751465,86400.0,0.0,0.0
1978-04-27,0.28090643882751465,0.2842449508291224,0.28090643882751465,0.28090643882751465,51200.0,0.0,0.0
1978-04-28,0.28090643882751465,0.28090643882751465,0.277567926825907,0.28090643882751465,256000.0,0.0,0.0
1978-05-01,0.28090643882751465,0.28090643882751465,0.28090643882751465,0.28090643882751465,89600.0,0.0,0.0
1978-05-02,0.2842448353767395,0.2842448353767395,0.2809063247311424,0.2842448353767395,204800.0,0.0,0.0
1978-05-03,0.2842448353767395,0.2842448353767395,0.2809063247311424,0.2842448353767395,25600.0,0.0,0.0
1978-05-04,0.2842448353767395,0.2842448353767395,0.2809063247311424,0.2842448353767395,51200.0,0.0,0.0
1978-05-05,0.28090643882751465,0.28090643882751465,0.28090643882751465,0.28090643882751465,25600.0,0.0,0.0
1978-05-08,0.2842448353767395,0.28758334602233665,0.2809063247311424,0.2842448353767395,176000.0,0.0,0.0
1978-05-09,0.2842448353767395,0.2842448353767395,0.2809063247311424,0.2842448353767395,80000.0,0.0,0.0
1978-05-10,0.28758297275050276,0.2875833809375763,0.28424486988665354,0.2875833809375763,412800.0,0.0,0.0
1978-05-11,0.2942602336406708,0.2942602336406708,0.28758319044983566,0.2942602336406708,400000.0,0.0,0.0
1978-05-12,0.2976417541503906,0.2976417541503906,0.29426043441277683,0.2976417541503906,89600.0,0.0,0.0
1978-05-15,0.29092177748680115,0.2942602869309826,0.28090622364257695,0.29092177748680115,73600.0,0.0,0.0
1978-05-16,0.29092177748680115,0.29092177748680115,0.28758324253093986,0.29092177748680115,67200.0,0.0,0.0
1978-05-17,0.29092177748680115,0.29092177748680115,0.28758324253093986,0.29092177748680115,38400.0,0.0,0.0
1978-05-18,0.28758297275050276,0.2909219175001911,0.28424486988665354,0.2875833809375763,105600.0,0.0,0.0
1978-05-19,0.28758297275050276,0.2875833809375763,0.28090635883573084,0.2875833809375763,76800.0,0.0,0.0
1978-05-22,0.2842448353767395,0.2909218821796227,0.2842448353767395,0.2842448353767395,144000.0,0.0,0.0
1978-05-23,0.2842448353767395,0.28758334602233665,0.2842448353767395,0.2842448353767395,38400.0,0.0,0.0
1978-05-24,0.2842448353767395,0.28758334602233665,0.2842448353767395,0.2842448353767395,57600.0,0.0,0.0
1978-05-25,0.2842448353767395,0.28758334602233665,0.2842448353767395,0.2842448353767395,105600.0,0.0,0.0
1978-05-26,0.2842448353767395,0.28758334602233665,0.2842448353767395,0.2842448353767395,44800.0,0.0,0.0
1978-05-30,0.2842448353767395,0.2842448353767395,0.2842448353767395,0.2842448353767395,19200.0,0.0,0.0
1978-05-31,0.27756762504577637,0.28424464178953207,0.27756762504577637,0.27756762504577637,179200.0,0.0,0.0
1978-06-01,0.27756797520804705,0.27756797520804705,0.2742294371128082,0.2742294371128082,44800.0,0.0,0.0
1978-06-02,0.27756762504577637,0.27756762504577637,0.27756762504577637,0.27756762504577637,12800.0,0.0,0.0
1978-06-05,0.27756762504577637,0.27756762504577637,0.27756762504577637,0.27756762504577637,16000.0,0.0,0.0
1978-06-06,0.28758297275050276,0.2875833809375763,0.2775678477848081,0.2875833809375763,940800.0,0.0,0.0
1978-06-07,0.2842448353767395,0.28758334602233665,0.2809063247311424,0.2842448353767395,38400.0,0.0,0.0
1978-06-08,0.2842448353767395,0.2842448353767395,0.2842448353767395,0.2842448353767395,137600.0,0.0,0.0
1978-06-09,0.2875833809375763,0.2875833809375763,0.2875833809375763,0.2875833809375763,89600.0,0.0,0.0
1978-06-12,0.29092177748680115,0.29092177748680115,0.28758324253093986,0.29092177748680115,57600.0,0.0,0.0
1978-06-13,0.2875833809375763,0.2875833809375763,0.2875833809375763,0.2875833809375763,51200.0,0.0,0.0
1978-06-14,0.29092177748680115,0.29092177748680115,0.29092177748680115,0.29092177748680115,6400.0,0.0,0.0
1978-06-15,0.2909219175001911,0.2909219175001911,0.2875833809375763,0.2875833809375763,73600.0,0.0,0.0
1978-06-16,0.2875833809375763,0.2875833809375763,0.2875833809375763,0.2875833809375763,12800.0,0.0,0.0
1978-06-19,0.28090643882751465,0.2842449508291224,0.28090643882751465,0.28090643882751465,16000.0,0.0,0.0
1978-06-20,0.27756762504577637,0.28090613341765425,0.27756762504577637,0.27756762504577637,19200.0,0.0,0.0
1978-06-21,0.2708907425403595,0.27756778873338245,0.2708907425403595,0.2708907425403595,41600.0,0.0,0.0
1978-06-22,0.27756797520804705,0.27756797520804705,0.2742294371128082,0.2742294371128082,16000.0,0.0,0.0
1978-06-23,0.2708907425403595,0.2742292528810276,0.2708907425403595,0.2708907425403595,64000.0,0.0,0.0
1978-06-26,0.26417091488838196,0.26750942524977067,0.26417091488838196,0.26417091488838196,67200.0,0.0,0.0
1978-06-27,0.26417091488838196,0.26750942524977067,0.26417091488838196,0.26417091488838196,16000.0,0.0,0.0
1978-06-28,0.2675093114376068,0.2675093114376068,0.2675093114376068,0.2675093114376068,3200.0,0.0,0.0
1978-06-29,0.2675093114376068,0.2675093114376068,0.2675093114376068,0.2675093114376068,0.0,0.0,0.0
1978-06-30,0.2708907425403595,0.2708907425403595,0.26750942358946345,0.2708907425403595,28800.0,0.0,0.0
1978-07-03,0.2742294371128082,0.2742294371128082,0.2742294371128082,0.2742294371128082,51200.0,0.0,0.0
1978-07-05,0.27422902892554735,0.2742294371128082,0.2708909245292732,0.2742294371128082,64000.0,0.0,0.0
1978-07-06,0.27756762504577637,0.27756762504577637,0.2742290911622269,0.27756762504577637,51200.0,0.0,0.0
1978-07-07,0.2742294371128082,0.2742294371128082,0.2742294371128082,0.2742294371128082,3200.0,0.0,0.0
1978-07-10,0.27756762504577637,0.28424464178953207,0.27756762504577637,0.27756762504577637,134400.0,0.0,0.0
1978-07-11,0.2742294371128082,0.2742294371128082,0.2742294371128082,0.2742294371128082,9600.0,0.0,0.0
1978-07-12,0.2742294371128082,0.2742294371128082,0.2742294371128082,0.2742294371128082,3200.0,0.0,0.0
1978-07-13,0.27756762504577637,0.28090613341765425,0.27756762504577637,0.27756762504577637,35200.0,0.0,0.0
1978-07-14,0.27756762504577637,0.27756762504577637,0.2742290911622269,0.27756762504577637,73600.0,0.0,0.0
1978-07-17,0.27756797520804705,0.27756797520804705,0.2742294371128082,0.2742294371128082,12800.0,0.0,0.0
1978-07-18,0.2742294371128082,0.2742294371128082,0.2742294371128082,0.2742294371128082,25600.0,0.0,0.0
1978-07-19,0.27756762504577637,0.27756762504577637,0.2742290911622269,0.27756762504577637,38400.0,0.0,0.0
1978-07-20,0.2842448353767395,0.2842448353767395,0.2775678140855453,0.2842448353767395,80000.0,0.0,0.0
1978-07-21,0.2976417541503906,0.3009802652678164,0.28758338666623257,0.2976417541503906,668800.0,0.0,0.0
1978-07-24,0.2976417541503906,0.3009802652678164,0.2976417541503906,0.2976417541503906,80000.0,0.0,0.0
1978-07-25,0.3009797723149712,0.30098018050193787,0.2942603515394222,0.30098018050193787,89600.0,0.0,0.0
1978-07-26,0.3143337757444656,0.3143341839313507,0.30098012037849,0.3143341839313507,252800.0,0.0,0.0
1978-07-27,0.31099575757980347,0.31099575757980347,0.307657247176807,0.31099575757980347,393600.0,0.0,0.0
1978-07-28,0.3076572120189666,0.3076572120189666,0.3076572120189666,0.3076572120189667,32000.0,0.0,0.0
1978-07-31,0.31099575757980347,0.31099575757980347,0.307657247176807,0.31099575757980347,48000.0,0.0,0.0
1978-08-01,0.31099575757980347,0.3176728038974836,0.31099575757980347,0.31099575757980347,83200.0,0.0,0.0
1978-08-02,0.3076572120189666,0.3176727675951055,0.3076572120189666,0.3076572120189667,121600.0,0.0,0.0
1978-08-03,0.31099575757980347,0.31433426798279995,0.31099575757980347,0.31099575757980347,128000.0,0.0,0.0
1978-08-04,0.31099575757980347,0.31433426798279995,0.31099575757980347,0.31099575757980347,208000.0,0.0,0.0
1978-08-07,0.30431878566741943,0.3109958075461812,0.30431878566741943,0.30431878566741943,44800.0,0.0,0.0
1978-08-08,0.30431878566741943,0.3076572966068003,0.30431878566741943,0.30431878566741943,41600.0,0.0,0.0
1978-08-09,0.30431878566741943,0.30431878566741943,0.30431878566741943,0.30431878566741943,25600.0,0.0,0.0
1978-08-10,0.3076572120189666,0.3076572120189666,0.3076572120189666,0.3076572120189667,25600.0,0.0,0.0
1978-08-11,0.3143337757444656,0.3143341839313507,0.31099567442105563,0.3143341839313507,44800.0,0.0,0.0
1978-08-14,0.3143337757444656,0.3143341839313507,0.31099567442105563,0.3143341839313507,22400.0,0.0,0.0
1978-08-15,0.32101118564605713,0.32101118564605713,0.3143341420043934,0.32101118564605713,131200.0,0.0,0.0
1978-08-16,0.31767284870147705,0.31767284870147705,0.31767284870147705,0.31767284870147705,9600.0,0.0,0.0
1978-08-17,0.31767284870147705,0.32101135957533095,0.31767284870147705,0.31767284870147705,60800.0,0.0,0.0
1978-08-18,0.31767284870147705,0.32101135957533095,0.31767284870147705,0.31767284870147705,19200.0,0.0,0.0
1978-08-21,0.32101118564605713,0.32101118564605713,0.32101118564605713,0.32101118564605713,64000.0,0.0,0.0
1978-08-22,0.32101118564605713,0.32101118564605713,0.32101118564605713,0.32101118564605713,204800.0,0.0,0.0
1978-08-23,0.32101118564605713,0.32101118564605713,0.32101118564605713,0.32101118564605713,124800.0,0.0,0.0
1978-08-24,0.32101118564605713,0.32101118564605713,0.32101118564605713,0.32101118564605713,16000.0,0.0,0.0
1978-08-25,0.32101118564605713,0.32101118564605713,0.32101118564605713,0.32101118564605713,76800.0,0.0,0.0
1978-08-28,0.31767284870147705,0.32101135957533095,0.31767284870147705,0.31767284870147705,32000.0,0.0,0.0
1978-08-29,0.32101118564605713,0.32101118564605713,0.32101118564605713,0.32101118564605713,9600.0,0.0,0.0
1978-08-30,0.32101118564605713,0.3277310123699143,0.32101118564605713,0.32101118564605713,275200.0,0.0,0.0
1978-08-31,0.31099575757980347,0.3243926333145037,0.31099575757980347,0.31099575757980347,48000.0,0.0,0.0
1978-09-01,0.3243926167488098,0.3243926167488098,0.32101129790745936,0.3243926167488098,76800.0,0.0,0.0
1978-09-05,0.3243926167488098,0.3243926167488098,0.32101129790745936,0.3243926167488098,51200.0,0.0,0.0
1978-09-06,0.3243926167488098,0.3243926167488098,0.3243926167488098,0.3243926167488098,25600.0,0.0,0.0
1978-09-07,0.3243926167488098,0.3277311269813193,0.3243926167488098,0.3243926167488098,16000.0,0.0,0.0
1978-09-08,0.32101118564605713,0.32101118564605713,0.32101118564605713,0.32101118564605713,9600.0,0.0,0.0
1978-09-11,0.32101118564605713,0.32101118564605713,0.32101118564605713,0.32101118564605713,304000.0,0.0,0.0
1978-09-12,0.32101118564605713,0.32101118564605713,0.32101118564605713,0.32101118564605713,19200.0,0.0,0.0
1978-09-13,0.31767284870147705,0.32439267906624963,0.31767284870147705,0.31767284870147705,214400.0,0.0,0.0
1978-09-14,0.32101118564605713,0.32101118564605713,0.32101118564605713,0.32101118564605713,108800.0,0.0,0.0
1978-09-15,0.31099575757980347,0.3176728038974836,0.31099575757980347,0.31099575757980347,99200.0,0.0,0.0
1978-09-18,0.31099575757980347,0.31099575757980347,0.31099575757980347,0.31099575757980347,188800.0,0.0,0.0
1978-09-19,0.30431878566741943,0.3109958075461812,0.30431878566741943,0.30431878566741943,259200.0,0.0,0.0
1978-09-20,0.3076572120189666,0.3076572120189666,0.3009801664643127,0.3076572120189667,38400.0,0.0,0.0
1978-09-21,0.3043187161908153,0.3043187161908153,0.30098018050193787,0.30098018050193787,25600.0,0.0,0.0
1978-09-22,0.30431878566741943,0.30431878566741943,0.30431878566741943,0.30431878566741943,6400.0,0.0,0.0
1978-09-25,0.30098018050193787,0.30098018050193787,0.30098018050193787,0.30098018050193787,16000.0,0.0,0.0
1978-09-26,0.2976417541503906,0.2976417541503906,0.2976417541503906,0.2976417541503906,16000.0,0.0,0.0
1978-09-27,0.2976417541503906,0.3009802652678164,0.2976417541503906,0.2976417541503906,67200.0,0.0,0.0
1978-09-28,0.28758297275050276,0.2875833809375763,0.28424486988665354,0.2875833809375763,64000.0,0.0,0.0
1978-09-29,0.2942602336406708,0.2976415510712307,0.2909217248010908,0.2942602336406708,41600.0,0.0,0.0
1978-10-02,0.3009797723149712,0.30098018050193787,0.2976416703247459,0.30098018050193787,6400.0,0.0,0.0
1978-10-03,0.2976417541503906,0.2976417541503906,0.2976417541503906,0.2976417541503906,16000.0,0.0,0.0
1978-10-04,0.2976417541503906,0.2976417541503906,0.290921923295351,0.2976417541503906,64000.0,0.0,0.0
1978-10-05,0.3076572120189666,0.3076572120189666,0.3009801664643127,0.3076572120189667,76800.0,0.0,0.0
1978-10-06,0.30431878566741943,0.3109958075461812,0.30431878566741943,0.30431878566741943,41600.0,0.0,0.0
1978-10-09,0.3076572120189666,0.3076572120189666,0.3043187019974818,0.3076572120189667,342400.0,0.0,0.0
1978-10-10,0.3076572120189666,0.3076572120189666,0.3076572120189666,0.3076572120189667,153600.0,0.0,0.0
1978-10-11,0.3076572120189666,0.3109957220404515,0.3076572120189666,0.3076572120189667,51200.0,0.0,0.0
1978-10-12,0.3143337757444656,0.3143341839313507,0.31099567442105563,0.3143341839313507,51200.0,0.0,0.0
1978-10-13,0.32101118564605713,0.32101118564605713,0.31767267658106374,0.32101118564605713,73600.0,0.0,0.0
1978-10-16,0.32101118564605713,0.3277310123699143,0.32101118564605713,0.32101118564605713,121600.0,0.0,0.0
1978-10-17,0.32101122846362123,0.32101122846362123,0.3143341839313507,0.3143341839313507,86400.0,0.0,0.0
1978-10-18,0.3076572120189666,0.3143342320619364,0.3076572120189666,0.3076572120189667,102400.0,0.0,0.0
1978-10-19,0.30431878566741943,0.30431878566741943,0.30431878566741943,0.30431878566741943,32000.0,0.0,0.0
1978-10-20,0.2976417541503906,0.30431880189693483,0.2976417541503906,0.2976417541503906,38400.0,0.0,0.0
1978-10-23,0.29092177748680115,0.2942602869309826,0.29092177748680115,0.29092177748680115,57600.0,0.0,0.0
1978-10-24,0.29092177748680115,0.29092177748680115,0.29092177748680115,0.29092177748680115,3200.0,0.0,0.0
1978-10-25,0.28758297275050276,0.2875833809375763,0.28424486988665354,0.2875833809375763,89600.0,0.0,0.0
1978-10-26,0.2909219175001911,0.2909219175001911,0.2875833809375763,0.2875833809375763,16000.0,0.0,0.0
1978-10-27,0.2842448353767395,0.28758334602233665,0.2842448353767395,0.2842448353767395,172800.0,0.0,0.0
1978-10-30,0.2708907425403595,0.28090629907405057,0.26750942358946345,0.2708907425403595,131200.0,0.0,0.0
1978-10-31,0.2708907425403595,0.2742292528810276,0.2708907425403595,0.2708907425403595,41600.0,0.0,0.0
1978-11-01,0.2708907425403595,0.2742292528810276,0.26750942358946345,0.2708907425403595,217600.0,0.0,0.0
1978-11-02,0.27422902892554735,0.2742294371128082,0.2675096033067508,0.2742294371128082,176000.0,0.0,0.0
1978-11-03,0.2708907425403595,0.2742292528810276,0.2708907425403595,0.2708907425403595,9600.0,0.0,0.0
1978-11-06,0.27422902892554735,0.2742294371128082,0.2675096033067508,0.2742294371128082,41600.0,0.0,0.0
1978-11-07,0.27756797520804705,0.27756797520804705,0.2742294371128082,0.2742294371128082,9600.0,0.0,0.0
1978-11-08,0.2708907425403595,0.2708907425403595,0.2708907425403595,0.2708907425403595,3200.0,0.0,0.0
1978-11-09,0.2675093114376068,0.27089062897090344,0.2675093114376068,0.2675093114376068,19200.0,0.0,0.0
1978-11-10,0.2675093114376068,0.2675093114376068,0.2675093114376068,0.2675093114376068,9600.0,0.0,0.0
1978-11-13,0.2608323097229004,0.2608323097229004,0.2608323097229004,0.2608323097229004,25600.0,0.0,0.0
1978-11-14,0.2608323097229004,0.2608323097229004,0.2608323097229004,0.2608323097229004,16000.0,0.0,0.0
1978-11-15,0.26417091488838196,0.26750942524977067,0.2608323790153064,0.26417091488838196,352000.0,0.0,0.0
1978-11-16,0.26417091488838196,0.26417091488838196,0.26417091488838196,0.26417091488838196,35200.0,0.0,0.0
1978-11-17,0.2675093114376068,0.2675093114376068,0.2675093114376068,0.2675093114376068,16000.0,0.0,0.0
1978-11-20,0.2675093114376068,0.2675093114376068,0.2675093114376068,0.2675093114376068,22400.0,0.0,0.0
1978-11-21,0.2675093114376068,0.2675093114376068,0.2675093114376068,0.2675093114376068,35200.0,0.0,0.0
1978-11-22,0.2708907425403595,0.2708907425403595,0.2708907425403595,0.2708907425403595,54400.0,0.0,0.0
1978-11-24,0.2708907425403595,0.2708907425403595,0.2708907425403595,0.2708907425403595,3200.0,0.0,0.0
1978-11-27,0.2675093114376068,0.27089062897090344,0.2675093114376068,0.2675093114376068,38400.0,0.0,0.0
1978-11-28,0.2675093114376068,0.27089062897090344,0.2675093114376068,0.2675093114376068,32000.0,0.0,0.0
1978-11-29,0.2675093114376068,0.2675093114376068,0.2675093114376068,0.2675093114376068,25600.0,0.0,0.0
1978-11-30,0.2708907425403595,0.2708907425403595,0.26750942358946345,0.2708907425403595,22400.0,0.0,0.0
1978-12-01,0.2742294371128082,0.2742294371128082,0.2742294371128082,0.2742294371128082,19200.0,0.0,0.0
1978-12-04,0.27756762504577637,0.27756762504577637,0.2742290911622269,0.27756762504577637,44800.0,0.0,0.0
1978-12-05,0.27756762504577637,0.28090613341765425,0.27756762504577637,0.27756762504577637,22400.0,0.0,0.0
1978-12-06,0.28090643882751465,0.28090643882751465,0.28090643882751465,0.28090643882751465,25600.0,0.0,0.0
1978-12-07,0.28090643882751465,0.28090643882751465,0.28090643882751465,0.28090643882751465,0.0,0.0,0.0
1978-12-08,0.28090643882751465,0.28090643882751465,0.28090643882751465,0.28090643882751465,0.0,0.0,0.0
1978-12-11,0.28090643882751465,0.28090643882751465,0.28090643882751465,0.28090643882751465,19200.0,0.0,0.0
1978-12-12,0.28090643882751465,0.28090643882751465,0.28090643882751465,0.28090643882751465,0.0,0.0,0.0
1978-12-13,0.28090643882751465,0.28090643882751465,0.28090643882751465,0.28090643882751465,6400.0,0.0,0.0
1978-12-14,0.27756762504577637,0.28090613341765425,0.27756762504577637,0.27756762504577637,35200.0,0.0,0.0
1978-12-15,0.2742294371128082,0.2742294371128082,0.2742294371128082,0.2742294371128082,19200.0,0.0,0.0
1978-12-18,0.2708907425403595,0.2742292528810276,0.2708907425403595,0.2708907425403595,16000.0,0.0,0.0
1978-12-19,0.2708907425403595,0.2708907425403595,0.2708907425403595,0.2708907425403595,3200.0,0.0,0.0
1978-12-20,0.2742294371128082,0.2742294371128082,0.2742294371128082,0.2742294371128082,6400.0,0.0,0.0
1978-12-21,0.2675093114376068,0.27089062897090344,0.2675093114376068,0.2675093114376068,32000.0,0.0,0.0
1978-12-22,0.2675093114376068,0.2675093114376068,0.2675093114376068,0.2675093114376068,16000.0,0.0,0.0
1978-12-26,0.2675093114376068,0.2675093114376068,0.2675093114376068,0.2675093114376068,35200.0,0.0,0.0
1978-12-27,0.2675093114376068,0.2675093114376068,0.2675093114376068,0.2675093114376068,3200.0,0.0,0.0
1978-12-28,0.26417091488838196,0.26750942524977067,0.26417091488838196,0.26417091488838196,48000.0,0.0,0.0
1978-12-29,0.2675093114376068,0.2675093114376068,0.2675093114376068,0.2675093114376068,25600.0,0.0,0.0
1979-01-02,0.2708907425403595,0.2708907425403595,0.26750942358946345,0.2708907425403595,19200.0,0.0,0.0
1979-01-03,0.2708907425403595,0.27756778873338245,0.26750942358946345,0.2708907425403595,374400.0,0.0,0.0
1979-01-04,0.27756762504577637,0.27756762504577637,0.2742290911622269,0.27756762504577637,19200.0,0.0,0.0
1979-01-05,0.27756762504577637,0.28424464178953207,0.27756762504577637,0.27756762504577637,51200.0,0.0,0.0
1979-01-08,0.2708907425403595,0.2742292528810276,0.2708907425403595,0.2708907425403595,6400.0,0.0,0.0
1979-01-09,0.2675093114376068,0.27089062897090344,0.2675093114376068,0.2675093114376068,12800.0,0.0,0.0
1979-01-10,0.2675093114376068,0.27089062897090344,0.2675093114376068,0.2675093114376068,80000.0,0.0,0.0
1979-01-11,0.26417091488838196,0.26750942524977067,0.26417091488838196,0.26417091488838196,22400.0,0.0,0.0
1979-01-12,0.26417091488838196,0.26417091488838196,0.26417091488838196,0.26417091488838196,1043200.0,0.0,0.0
1979-01-15,0.2675093114376068,0.27089062897090344,0.2675093114376068,0.2675093114376068,19200.0,0.0,0.0
1979-01-16,0.2675093114376068,0.2675093114376068,0.2675093114376068,0.2675093114376068,3200.0,0.0,0.0
1979-01-17,0.26417091488838196,0.26750942524977067,0.26417091488838196,0.26417091488838196,9600.0,0.0,0.0
1979-01-18,0.26417091488838196,0.26750942524977067,0.26417091488838196,0.26417091488838196,192000.0,0.0,0.0
1979-01-19,0.2675093114376068,0.2675093114376068,0.2641708024965908,0.2675093114376068,67200.0,0.0,0.0
1979-01-22,0.2708907425403595,0.2708907425403595,0.26750942358946345,0.2708907425403595,32000.0,0.0,0.0
1979-01-23,0.2708907425403595,0.2708907425403595,0.2708907425403595,0.2708907425403595,35200.0,0.0,0.0
1979-01-24,0.2742294371128082,0.2742294371128082,0.2742294371128082,0.2742294371128082,38400.0,0.0,0.0
1979-01-25,0.28090643882751465,0.28090643882751465,0.2742293893125999,0.28090643882751465,179200.0,0.0,0.0
1979-01-26,0.2842448353767395,0.28758334602233665,0.2809063247311424,0.2842448353767395,28800.0,0.0,0.0
1979-01-29,0.2842448353767395,0.2909218821796227,0.2842448353767395,0.2842448353767395,60800.0,0.0,0.0
1979-01-30,0.28758297275050276,0.2875833809375763,0.28424486988665354,0.2875833809375763,73600.0,0.0,0.0
1979-01-31,0.29092177748680115,0.29092177748680115,0.29092177748680115,0.29092177748680115,16000.0,0.0,0.0
1979-02-01,0.29092177748680115,0.29092177748680115,0.29092177748680115,0.29092177748680115,19200.0,0.0,0.0
1979-02-02,0.2942602336406708,0.2942602336406708,0.2942602336406708,0.2942602336406708,12800.0,0.0,0.0
1979-02-05,0.3009797723149712,0.30098018050193787,0.2942603515394222,0.30098018050193787,89600.0,0.0,0.0
1979-02-06,0.2976417541503906,0.3009802652678164,0.2976417541503906,0.2976417541503906,48000.0,0.0,0.0
1979-02-07,0.29092177748680115,0.2976416049738966,0.29092177748680115,0.29092177748680115,73600.0,0.0,0.0
1979-02-08,0.29092177748680115,0.29092177748680115,0.29092177748680115,0.29092177748680115,51200.0,0.0,0.0
1979-02-09,0.2942602336406708,0.2942602336406708,0.2909217248010908,0.2942602336406708,35200.0,0.0,0.0
1979-02-12,0.29092177748680115,0.2942602869309826,0.29092177748680115,0.29092177748680115,89600.0,0.0,0.0
1979-02-13,0.2942602336406708,0.2942602336406708,0.2909217248010908,0.2942602336406708,54400.0,0.0,0.0
1979-02-14,0.2942602336406708,0.2942602336406708,0.28758319044983566,0.2942602336406708,38400.0,0.0,0.0
1979-02-15,0.2942602336406708,0.2942602336406708,0.2909217248010908,0.2942602336406708,32000.0,0.0,0.0
1979-02-16,0.2942602336406708,0.2942602336406708,0.2942602336406708,0.2942602336406708,6400.0,0.0,0.0
1979-02-20,0.2942602336406708,0.2942602336406708,0.2909217248010908,0.2942602336406708,48000.0,0.0,0.0
1979-02-21,0.29092177748680115,0.29092177748680115,0.29092177748680115,0.29092177748680115,22400.0,0.0,0.0
1979-02-22,0.29092177748680115,0.2942602869309826,0.29092177748680115,0.29092177748680115,22400.0,0.0,0.0
1979-02-23,0.29092177748680115,0.29092177748680115,0.29092177748680115,0.29092177748680115,3200.0,0.0,0.0
1979-02-26,0.29092177748680115,0.2976416049738966,0.29092177748680115,0.29092177748680115,35200.0,0.0,0.0
1979-02-27,0.29092177748680115,0.2942602869309826,0.29092177748680115,0.29092177748680115,41600.0,0.0,0.0
1979-02-28,0.2942602336406708,0.2942602336406708,0.2909217248010908,0.2942602336406708,64000.0,0.0,0.0
1979-03-01,0.29092177748680115,0.2976416049738966,0.29092177748680115,0.29092177748680115,96000.0,0.0,0.0
1979-03-02,0.3009797723149712,0.30098018050193787,0.2976416703247459,0.30098018050193787,16000.0,0.0,0.0
1979-03-05,0.2976417541503906,0.2976417541503906,0.2976417541503906,0.2976417541503906,16000.0,0.0,0.0
1979-03-06,0.2942602336406708,0.2942602336406708,0.2942602336406708,0.2942602336406708,44800.0,0.0,0.0
1979-03-07,0.29092177748680115,0.2942602869309826,0.29092177748680115,0.29092177748680115,28800.0,0.0,0.0
1979-03-08,0.2942602336406708,0.2942602336406708,0.2909217248010908,0.2942602336406708,25600.0,0.0,0.0
1979-03-09,0.30431878566741943,0.30431878566741943,0.29092190778029964,0.30431878566741943,182400.0,0.0,0.0
1979-03-12,0.31099575757980347,0.31433426798279995,0.31099575757980347,0.31099575757980347,108800.0,0.0,0.0
1979-03-13,0.31767271895332616,0.31767271895332616,0.3143341839313507,0.3143341839313507,32000.0,0.0,0.0
1979-03-14,0.31767284870147705,0.31767284870147705,0.31767284870147705,0.31767284870147705,3200.0,0.0,0.0
1979-03-15,0.31767284870147705,0.32101135957533095,0.31767284870147705,0.31767284870147705,48000.0,0.0,0.0
1979-03-16,0.3243926167488098,0.3243926167488098,0.32101129790745936,0.3243926167488098,60800.0,0.0,0.0
1979-03-19,0.31767284870147705,0.32439267906624963,0.31767284870147705,0.31767284870147705,60800.0,0.0,0.0
1979-03-20,0.31767271895332616,0.31767271895332616,0.3143341839313507,0.3143341839313507,35200.0,0.0,0.0
1979-03-21,0.3143337757444656,0.31767271895332616,0.31099567442105563,0.3143341839313507,64000.0,0.0,0.0
1979-03-22,0.31767271895332616,0.31767271895332616,0.3143341839313507,0.3143341839313507,22400.0,0.0,0.0
1979-03-23,0.3143341839313507,0.3143341839313507,0.3143341839313507,0.3143341839313507,25600.0,0.0,0.0
1979-03-26,0.3076572120189666,0.3109957220404515,0.3076572120189666,0.3076572120189667,32000.0,0.0,0.0
1979-03-27,0.30431878566741943,0.3076572966068003,0.30431878566741943,0.30431878566741943,22400.0,0.0,0.0
1979-03-28,0.30431878566741943,0.3076572966068003,0.30431878566741943,0.30431878566741943,16000.0,0.0,0.0
1979-03-29,0.30431878566741943,0.30431878566741943,0.30431878566741943,0.30431878566741943,12800.0,0.0,0.0
1979-03-30,0.30431878566741943,0.30431878566741943,0.30431878566741943,0.30431878566741943,3200.0,0.0,0.0
1979-04-02,0.30098018050193787,0.30098018050193787,0.30098018050193787,0.30098018050193787,28800.0,0.0,0.0
1979-04-03,0.30431878566741943,0.30431878566741943,0.3009802492163473,0.30431878566741943,12800.0,0.0,0.0
1979-04-04,0.30431878566741943,0.3076572966068003,0.30431878566741943,0.30431878566741943,9600.0,0.0,0.0
1979-04-05,0.3043187161908153,0.3043187161908153,0.30098018050193787,0.30098018050193787,12800.0,0.0,0.0
1979-04-06,0.3009797723149712,0.3043187161908153,0.2942603515394222,0.30098018050193787,60800.0,0.0,0.0
1979-04-09,0.2976417541503906,0.3009802652678164,0.2976417541503906,0.2976417541503906,54400.0,0.0,0.0
1979-04-10,0.2976417541503906,0.2976417541503906,0.2976417541503906,0.2976417541503906,16000.0,0.0,0.0
1979-04-11,0.29092177748680115,0.2976416049738966,0.29092177748680115,0.29092177748680115,51200.0,0.0,0.0
1979-04-12,0.29092177748680115,0.2942602869309826,0.29092177748680115,0.29092177748680115,41600.0,0.0,0.0
1979-04-16,0.2942602336406708,0.2942602336406708,0.2909217248010908,0.2942602336406708,41600.0,0.0,0.0
1979-04-17,0.2942602336406708,0.2942602336406708,0.2942602336406708,0.2942602336406708,6400.0,0.0,0.0
1979-04-18,0.2942602336406708,0.2942602336406708,0.2942602336406708,0.2942602336406708,6400.0,0.0,0.0
1979-04-19,0.2942602336406708,0.2942602336406708,0.2942602336406708,0.2942602336406708,0.0,0.0,0.0
1979-04-20,0.2942602336406708,0.2942602336406708,0.2909217248010908,0.2942602336406708,28800.0,0.0,0.0
1979-04-23,0.2942602336406708,0.2942602336406708,0.2909217248010908,0.2942602336406708,16000.0,0.0,0.0
1979-04-24,0.3009797723149712,0.30098018050193787,0.2942603515394222,0.30098018050193787,44800.0,0.0,0.0
1979-04-25,0.30431878566741943,0.30431878566741943,0.30431878566741943,0.30431878566741943,44800.0,0.0,0.0
1979-04-26,0.3009797723149712,0.30098018050193787,0.2976416703247459,0.30098018050193787,28800.0,0.0,0.0
1979-04-27,0.2976417541503906,0.2976417541503906,0.2976417541503906,0.2976417541503906,19200.0,0.0,0.0
1979-04-30,0.30431878566741943,0.30431878566741943,0.3009802492163473,0.30431878566741943,44800.0,0.0,0.0
1979-05-01,0.30431878566741943,0.3076572966068003,0.30431878566741943,0.30431878566741943,28800.0,0.0,0.0
1979-05-02,0.30098018050193787,0.30098018050193787,0.30098018050193787,0.30098018050193787,3200.0,0.0,0.0
1979-05-03,0.3043187161908153,0.3043187161908153,0.30098018050193787,0.30098018050193787,16000.0,0.0,0.0
1979-05-04,0.2942602336406708,0.2976415510712307,0.2942602336406708,0.2942602336406708,28800.0,0.0,0.0
1979-05-07,0.2942602336406708,0.2942602336406708,0.2942602336406708,0.2942602336406708,6400.0,0.0,0.0
1979-05-08,0.29092177748680115,0.29092177748680115,0.28758324253093986,0.29092177748680115,172800.0,0.0,0.0
1979-05-09,0.2976417541503906,0.2976417541503906,0.290921923295351,0.2976417541503906,48000.0,0.0,0.0
1979-05-10,0.2942602336406708,0.2942602336406708,0.2942602336406708,0.2942602336406708,9600.0,0.0,0.0
1979-05-11,0.2942602336406708,0.2976415510712307,0.2942602336406708,0.2942602336406708,35200.0,0.0,0.0
1979-05-14,0.29092177748680115,0.2942602869309826,0.29092177748680115,0.29092177748680115,25600.0,0.0,0.0
1979-05-15,0.2875833809375763,0.2875833809375763,0.2875833809375763,0.2875833809375763,3200.0,0.0,0.0
1979-05-16,0.29092177748680115,0.29092177748680115,0.28758324253093986,0.29092177748680115,54400.0,0.0,0.0
1979-05-17,0.2942602336406708,0.2942602336406708,0.2909217248010908,0.2942602336406708,35200.0,0.0,0.0
1979-05-18,0.29092177748680115,0.29092177748680115,0.29092177748680115,0.29092177748680115,41600.0,0.0,0.0
1979-05-21,0.2942602336406708,0.2942602336406708,0.2909217248010908,0.2942602336406708,28800.0,0.0,0.0
1979-05-22,0.3009797723149712,0.30098018050193787,0.2942603515394222,0.30098018050193787,19200.0,0.0,0.0
1979-05-23,0.30431878566741943,0.30431878566741943,0.3009802492163473,0.30431878566741943,38400.0,0.0,0.0
1979-05-24,0.30431878566741943,0.30431878566741943,0.3009802492163473,0.30431878566741943,9600.0,0.0,0.0
1979-05-25,0.30431878566741943,0.3076572966068003,0.30431878566741943,0.30431878566741943,16000.0,0.0,0.0
1979-05-29,0.3076572120189666,0.3109957220404515,0.3076572120189666,0.3076572120189667,89600.0,0.0,0.0
1979-05-30,0.2976417541503906,0.3109958241317865,0.2976417541503906,0.2976417541503906,150400.0,0.0,0.0
1979-05-31,0.3009797723149712,0.30098018050193787,0.2976416703247459,0.30098018050193787,22400.0,0.0,0.0
1979-06-01,0.3009797723149712,0.30098018050193787,0.2976416703247459,0.30098018050193787,73600.0,0.0,0.0
1979-06-04,0.3043187161908153,0.3043187161908153,0.30098018050193787,0.30098018050193787,38400.0,0.0,0.0
1979-06-05,0.29092177748680115,0.30098011441807804,0.29092177748680115,0.29092177748680115,38400.0,0.0,0.0
1979-06-06,0.2942602336406708,0.2942602336406708,0.2942602336406708,0.2942602336406708,9600.0,0.0,0.0
1979-06-07,0.2942602336406708,0.2976415510712307,0.2942602336406708,0.2942602336406708,25600.0,0.0,0.0
1979-06-08,0.3009797723149712,0.30098018050193787,0.2942603515394222,0.30098018050193787,48000.0,0.0,0.0
1979-06-11,0.30431878566741943,0.30431878566741943,0.3009802492163473,0.30431878566741943,80000.0,0.0,0.0
1979-06-12,0.30431878566741943,0.30431878566741943,0.30431878566741943,0.30431878566741943,44800.0,0.0,0.0
1979-06-13,0.30431878566741943,0.30431878566741943,0.30431878566741943,0.30431878566741943,6400.0,0.0,0.0
1979-06-14,0.31767284870147705,0.31767284870147705,0.30765729056822455,0.31767284870147705,124800.0,0.0,0.0
1979-06-15,0.3277308137271997,0.3277312219142914,0.31767287969435065,0.3277312219142914,147200.0,0.0,0.0
1979-06-18,0.3344082534313202,0.3344082534313202,0.33106974239541853,0.3344082534313202,86400.0,0.0,0.0
1979-06-19,0.33106979727745056,0.3344083088667833,0.33106979727745056,0.33106979727745056,176000.0,0.0,0.0
1979-06-20,0.3344082534313202,0.3344082534313202,0.3344082534313202,0.3344082534313202,70400.0,0.0,0.0
1979-06-21,0.3344082534313202,0.33774676446722185,0.3344082534313202,0.3344082534313202,160000.0,0.0,0.0
1979-06-22,0.3243926167488098,0.3310696627255146,0.3243926167488098,0.3243926167488098,51200.0,0.0,0.0
1979-06-25,0.31767284870147705,0.32101135957533095,0.31767284870147705,0.31767284870147705,22400.0,0.0,0.0
1979-06-26,0.32101118564605713,0.32439250330492087,0.32101118564605713,0.32101118564605713,54400.0,0.0,0.0
1979-06-27,0.32101118564605713,0.32101118564605713,0.32101118564605713,0.32101118564605713,0.0,0.0,0.0
1979-06-28,0.3243926167488098,0.3243926167488098,0.3243926167488098,0.3243926167488098,60800.0,0.0,0.0
1979-06-29,0.3277308137271997,0.3277312219142914,0.32439271071472486,0.3277312219142914,54400.0,0.0,0.0
1979-07-02,0.3344082534313202,0.3344082534313202,0.33106974239541853,0.3344082534313202,89600.0,0.0,0.0
1979-07-03,0.33106979727745056,0.3344083088667833,0.33106979727745056,0.33106979727745056,60800.0,0.0,0.0
1979-07-05,0.33106979727745056,0.33106979727745056,0.33106979727745056,0.33106979727745056,134400.0,0.0,0.0
1979-07-06,0.33106979727745056,0.33106979727745056,0.3277312601764217,0.33106979727745056,182400.0,0.0,0.0
1979-07-09,0.3277308137271997,0.3277312219142914,0.32439271071472486,0.3277312219142914,67200.0,0.0,0.0
1979-07-10,0.32101118564605713,0.32439250330492087,0.32101118564605713,0.32101118564605713,38400.0,0.0,0.0
1979-07-11,0.31767284870147705,0.32101135957533095,0.31767284870147705,0.31767284870147705,112000.0,0.0,0.0
1979-07-12,0.3143341839313507,0.3143341839313507,0.3143341839313507,0.3143341839313507,9600.0,0.0,0.0
1979-07-13,0.3143341839313507,0.3143341839313507,0.3143341839313507,0.3143341839313507,28800.0,0.0,0.0
1979-07-16,0.31767271895332616,0.31767271895332616,0.3143341839313507,0.3143341839313507,25600.0,0.0,0.0
1979-07-17,0.3143337757444656,0.3143341839313507,0.31099567442105563,0.3143341839313507,76800.0,0.0,0.0
1979-07-18,0.3076572120189666,0.3109957220404515,0.3076572120189666,0.3076572120189667,22400.0,0.0,0.0
1979-07-19,0.3076572120189666,0.3076572120189666,0.3076572120189666,0.3076572120189667,0.0,0.0,0.0
1979-07-20,0.30431878566741943,0.30431878566741943,0.30431878566741943,0.30431878566741943,19200.0,0.0,0.0
1979-07-23,0.3076572120189666,0.3076572120189666,0.3043187019974818,0.3076572120189667,28800.0,0.0,0.0
1979-07-24,0.30431878566741943,0.30431878566741943,0.30431878566741943,0.30431878566741943,28800.0,0.0,0.0
1979-07-25,0.30765722636800724,0.30765722636800724,0.30098018050193787,0.30098018050193787,60800.0,0.0,0.0
1979-07-26,0.3076572120189666,0.3076572120189666,0.2976416564428278,0.3076572120189667,38400.0,0.0,0.0
1979-07-27,0.3076572120189666,0.3076572120189666,0.3076572120189666,0.3076572120189667,9600.0,0.0,0.0
1979-07-30,0.30431878566741943,0.3109958075461812,0.30431878566741943,0.30431878566741943,19200.0,0.0,0.0
1979-07-31,0.3143337757444656,0.3143341839313507,0.3043186554004654,0.3143341839313507,195200.0,0.0,0.0
1979-08-01,0.32101118564605713,0.32101118564605713,0.31767267658106374,0.32101118564605713,60800.0,0.0,0.0
1979-08-02,0.32101118564605713,0.32101118564605713,0.32101118564605713,0.32101118564605713,6400.0,0.0,0.0
1979-08-03,0.3243926167488098,0.3243926167488098,0.3243926167488098,0.3243926167488098,6400.0,0.0,0.0
1979-08-06,0.32101118564605713,0.32439250330492087,0.32101118564605713,0.32101118564605713,131200.0,0.0,0.0
1979-08-07,0.32101118564605713,0.32101118564605713,0.32101118564605713,0.32101118564605713,6400.0,0.0,0.0
1979-08-08,0.3243926167488098,0.3243926167488098,0.32101129790745936,0.3243926167488098,48000.0,0.0,0.0
1979-08-09,0.3243926167488098,0.3243926167488098,0.3243926167488098,0.3243926167488098,3200.0,0.0,0.0
1979-08-10,0.32101118564605713,0.32101118564605713,0.32101118564605713,0.32101118564605713,70400.0,0.0,0.0
1979-08-13,0.31767284870147705,0.31767284870147705,0.3143343123159324,0.31767284870147705,41600.0,0.0,0.0
1979-08-14,0.31767284870147705,0.31767284870147705,0.3143343123159324,0.31767284870147705,99200.0,0.0,0.0
1979-08-15,0.3243926167488098,0.3243926167488098,0.31767278767494994,0.3243926167488098,134400.0,0.0,0.0
1979-08-16,0.33106979727745056,0.33106979727745056,0.3277312601764217,0.33106979727745056,176000.0,0.0,0.0
1979-08-17,0.3277312219142914,0.3277312219142914,0.3277312219142914,0.3277312219142914,32000.0,0.0,0.0
1979-08-20,0.33106979727745056,0.3344083088667833,0.3277312601764217,0.33106979727745056,508800.0,0.0,0.0
1979-08-21,0.32101118564605713,0.32439250330492087,0.31767267658106374,0.32101118564605713,137600.0,0.0,0.0
1979-08-22,0.32101118564605713,0.32101118564605713,0.31767267658106374,0.32101118564605713,60800.0,0.0,0.0
1979-08-23,0.31767284870147705,0.32101135957533095,0.31767284870147705,0.31767284870147705,48000.0,0.0,0.0
1979-08-24,0.31767284870147705,0.31767284870147705,0.31767284870147705,0.31767284870147705,6400.0,0.0,0.0
1979-08-27,0.3243926167488098,0.3243926167488098,0.31767278767494994,0.3243926167488098,32000.0,0.0,0.0
1979-08-28,0.31767284870147705,0.32101135957533095,0.31767284870147705,0.31767284870147705,44800.0,0.0,0.0
1979-08-29,0.3243926167488098,0.3277311269813193,0.32101129790745936,0.3243926167488098,76800.0,0.0,0.0
1979-08-30,0.3243926167488098,0.3243926167488098,0.32101129790745936,0.3243926167488098,51200.0,0.0,0.0
1979-08-31,0.3344082534313202,0.3344082534313202,0.32439269481192323,0.3344082534313202,73600.0,0.0,0.0
1979-09-04,0.39792573451995855,0.40126424577911035,0.39792573451995855,0.3979257345199585,1664000.0,0.0,0.0
1979-09-05,0.39792587592797096,0.39792587592797096,0.3945873379707336,0.39458733797073364,3411200.0,0.0,0.0
1979-09-06,0.39792573451995855,0.39792573451995855,0.39792573451995855,0.3979257345199585,2624000.0,0.0,0.0
1979-09-07,0.39792573451995855,0.39792573451995855,0.39792573451995855,0.3979257345199585,1430400.0,0.0,0.0
1979-09-10,0.39792573451995855,0.39792573451995855,0.39792573451995855,0.3979257345199585,4470400.0,0.0,0.0
1979-09-11,0.39792573451995855,0.39792573451995855,0.39792573451995855,0.3979257345199585,9897600.0,0.0,0.0
1979-09-12,0.39792587592797096,0.39792587592797096,0.3945873379707336,0.39458733797073364,2585600.0,0.0,0.0
1979-09-13,0.39792573451995855,0.39792573451995855,0.39792573451995855,0.3979257345199585,288000.0,0.0,0.0
1979-09-14,0.39792573451995855,0.40126424577911035,0.39792573451995855,0.3979257345199585,3155200.0,0.0,0.0
1979-09-17,0.39792573451995855,0.40126424577911035,0.39792573451995855,0.3979257345199585,3721600.0,0.0,0.0
1979-09-18,0.39792573451995855,0.40126424577911035,0.39792573451995855,0.3979257345199585,1798400.0,0.0,0.0
1979-09-19,0.39792573451995855,0.39792573451995855,0.39792573451995855,0.3979257345199585,649600.0,0.0,0.0
1979-09-20,0.40126404166221613,0.40126404166221613,0.3979255321013132,0.4012640416622162,89600.0,0.0,0.0
1979-09-21,0.40126404166221613,0.40126404166221613,0.3979255321013132,0.4012640416622162,486400.0,0.0,0.0
1979-09-24,0.39792573451995855,0.40798407691941935,0.394587197749113,0.3979257345199585,652800.0,0.0,0.0
1979-09-25,0.4046453833580017,0.4046453833580017,0.40126406500020806,0.4046453833580017,38400.0,0.0,0.0
1979-09-26,0.40126404166221613,0.40126404166221613,0.40126404166221613,0.4012640416622162,102400.0,0.0,0.0
1979-09-27,0.40126404166221613,0.40126404166221613,0.3979255321013132,0.4012640416622162,64000.0,0.0,0.0
1979-09-28,0.40126404166221613,0.40126404166221613,0.40126404166221613,0.4012640416622162,25600.0,0.0,0.0
1979-10-01,0.40126404166221613,0.40126404166221613,0.40126404166221613,0.4012640416622162,16000.0,0.0,0.0
1979-10-02,0.40126404166221613,0.40126404166221613,0.3945869970287295,0.4012640416622162,576000.0,0.0,0.0
1979-10-03,0.39792573451995855,0.39792573451995855,0.39792573451995855,0.3979257345199585,3200.0,0.0,0.0
1979-10-04,0.40126404166221613,0.40126404166221613,0.40126404166221613,0.4012640416622162,12800.0,0.0,0.0
1979-10-05,0.39792573451995855,0.39792573451995855,0.39792573451995855,0.3979257345199585,6400.0,0.0,0.0
1979-10-08,0.3945873379707336,0.3945873379707336,0.3945873379707336,0.39458733797073364,80000.0,0.0,0.0
1979-10-09,0.3912489116191864,0.394587424799358,0.3912489116191864,0.3912489116191864,76800.0,0.0,0.0
1979-10-10,0.38791006803512573,0.39124857837170834,0.38791006803512573,0.38791006803512573,86400.0,0.0,0.0
1979-10-11,0.3912489116191864,0.394587424799358,0.3845718852588432,0.3912489116191864,550400.0,0.0,0.0
1979-10-12,0.39792587592797096,0.39792587592797096,0.3945873379707336,0.39458733797073364,96000.0,0.0,0.0
1979-10-15,0.38790999198697457,0.38790999198697457,0.38123294711112976,0.38123294711112976,83200.0,0.0,0.0
1979-10-16,0.37451305985450745,0.384571421421837,0.37451305985450745,0.37451305985450745,54400.0,0.0,0.0
1979-10-17,0.3745131937527617,0.3745131937527617,0.36783614754676824,0.3678361475467682,153600.0,0.0,0.0
1979-10-18,0.371174693107605,0.371174693107605,0.371174693107605,0.371174693107605,32000.0,0.0,0.0
1979-10-19,0.3745131937527617,0.3745131937527617,0.36783614754676824,0.3678361475467682,451200.0,0.0,0.0
1979-10-22,0.36115914583206177,0.3644976563546602,0.36115914583206177,0.36115914583206177,48000.0,0.0,0.0
1979-10-23,0.35448170612800667,0.3611591611552096,0.34776228437216844,0.35448211431503296,128000.0,0.0,0.0
1979-10-24,0.3578204214572906,0.3578204214572906,0.3544818874182864,0.35782042145729065,54400.0,0.0,0.0
1979-10-25,0.3578204214572906,0.3578204214572906,0.351143378890955,0.35782042145729065,35200.0,0.0,0.0
1979-10-26,0.36115914583206177,0.36115914583206177,0.3578206353094633,0.36115914583206177,41600.0,0.0,0.0
1979-10-29,0.36115914583206177,0.36115914583206177,0.36115914583206177,0.36115914583206177,38400.0,0.0,0.0
1979-10-30,0.37451305985450745,0.37451305985450745,0.36783601603573246,0.37451305985450745,1036800.0,0.0,0.0
1979-10-31,0.371174693107605,0.371174693107605,0.3644976467270827,0.371174693107605,3836800.0,0.0,0.0
1979-11-01,0.371174693107605,0.371174693107605,0.3678361571615001,0.371174693107605,25600.0,0.0,0.0
1979-11-02,0.37789422273635864,0.37789422273635864,0.37117439858813983,0.37789422273635864,28800.0,0.0,0.0
1979-11-05,0.37451305985450745,0.37451305985450745,0.37451305985450745,0.37451305985450745,19200.0,0.0,0.0
1979-11-06,0.37451305985450745,0.37451305985450745,0.3711745507009588,0.37451305985450745,22400.0,0.0,0.0
1979-11-07,0.37451305985450745,0.37451305985450745,0.37451305985450745,0.37451305985450745,16000.0,0.0,0.0
1979-11-08,0.37451305985450745,0.37451305985450745,0.3711745507009588,0.37451305985450745,25600.0,0.0,0.0
1979-11-09,0.371174693107605,0.371174693107605,0.3678361571615001,0.371174693107605,22400.0,0.0,0.0
1979-11-12,0.371174693107605,0.371174693107605,0.3678361571615001,0.371174693107605,22400.0,0.0,0.0
1979-11-13,0.36783573935978076,0.37117468340560833,0.36449763719961487,0.3678361475467682,1721600.0,0.0,0.0
1979-11-14,0.36783573935978076,0.36783614754676824,0.36115912685246143,0.3678361475467682,76800.0,0.0,0.0
1979-11-15,0.36783573935978076,0.36783614754676824,0.36115912685246143,0.3678361475467682,345600.0,0.0,0.0
1979-11-16,0.371174693107605,0.371174693107605,0.371174693107605,0.371174693107605,16000.0,0.0,0.0
1979-11-19,0.37789422273635864,0.37789422273635864,0.37451290637351814,0.37789422273635864,35200.0,0.0,0.0
1979-11-20,0.37789422273635864,0.37789422273635864,0.37451290637351814,0.37789422273635864,22400.0,0.0,0.0
1979-11-21,0.37789422273635864,0.37789422273635864,0.37451290637351814,0.37789422273635864,41600.0,0.0,0.0
1979-11-23,0.38123294711112976,0.38123294711112976,0.38123294711112976,0.38123294711112976,16000.0,0.0,0.0
1979-11-26,0.38457155227661133,0.38457155227661133,0.3778945061858967,0.38457155227661133,25600.0,0.0,0.0
1979-11-27,0.38457155227661133,0.38457155227661133,0.38457155227661133,0.38457155227661133,0.0,0.0,0.0
1979-11-28,0.3778945127102261,0.3778945127102261,0.36783614754676824,0.3678361475467682,451200.0,0.0,0.0
1979-11-29,0.371174693107605,0.371174693107605,0.3678361571615001,0.371174693107605,16000.0,0.0,0.0
1979-11-30,0.371174693107605,0.371174693107605,0.371174693107605,0.371174693107605,16000.0,0.0,0.0
1979-12-03,0.37451305985450745,0.37451305985450745,0.36783601603573246,0.37451305985450745,41600.0,0.0,0.0
1979-12-04,0.37117468340560833,0.37117468340560833,0.36783614754676824,0.3678361475467682,9600.0,0.0,0.0
1979-12-05,0.36783614754676824,0.36783614754676824,0.36783614754676824,0.3678361475467682,6400.0,0.0,0.0
1979-12-06,0.36783573935978076,0.36783614754676824,0.36449763719961487,0.3678361475467682,32000.0,0.0,0.0
1979-12-07,0.37117468340560833,0.37117468340560833,0.36783614754676824,0.3678361475467682,73600.0,0.0,0.0
1979-12-10,0.37789422273635864,0.37789422273635864,0.36449735750571616,0.37789422273635864,124800.0,0.0,0.0
1979-12-11,0.37451305985450745,0.37451305985450745,0.37451305985450745,0.37451305985450745,32000.0,0.0,0.0
1979-12-12,0.37117468340560833,0.37117468340560833,0.36783614754676824,0.3678361475467682,28800.0,0.0,0.0
1979-12-13,0.36449751257896423,0.36449751257896423,0.36449751257896423,0.36449751257896423,3200.0,0.0,0.0
1979-12-14,0.36783614754676824,0.36783614754676824,0.36783614754676824,0.3678361475467682,3200.0,0.0,0.0
1979-12-17,0.37789422273635864,0.37789422273635864,0.36449735750571616,0.37789422273635864,115200.0,0.0,0.0
1979-12-18,0.37789422273635864,0.37789422273635864,0.37789422273635864,0.37789422273635864,0.0,0.0,0.0
1979-12-19,0.37789422273635864,0.37789422273635864,0.37789422273635864,0.37789422273635864,0.0,0.0,0.0
1979-12-20,0.37789422273635864,0.3845712638187823,0.37451290637351814,0.37789422273635864,67200.0,0.0,0.0
1979-12-21,0.371174693107605,0.3778945225878699,0.371174693107605,0.371174693107605,64000.0,0.0,0.0
1979-12-24,0.36449751257896423,0.36449751257896423,0.36115900337323753,0.36449751257896423,73600.0,0.0,0.0
1979-12-26,0.36783573935978076,0.36783614754676824,0.36449763719961487,0.3678361475467682,9600.0,0.0,0.0
1979-12-27,0.36449751257896423,0.36449751257896423,0.36449751257896423,0.36449751257896423,9600.0,0.0,0.0
1979-12-28,0.36449751257896423,0.36449751257896423,0.36449751257896423,0.36449751257896423,0.0,0.0,0.0
1979-12-31,0.36783573935978076,0.36783614754676824,0.36449763719961487,0.3678361475467682,16000.0,0.0,0.0
1980-01-02,0.37117468340560833,0.37117468340560833,0.36783614754676824,0.3678361475467682,99200.0,0.0,0.0
1980-01-03,0.36115914583206177,0.3644976563546602,0.36115914583206177,0.36115914583206177,6400.0,0.0,0.0
1980-01-04,0.36115914583206177,0.36115914583206177,0.36115914583206177,0.36115914583206177,0.0,0.0,0.0
1980-01-07,0.3578204214572906,0.3578204214572906,0.3578204214572906,0.35782042145729065,16000.0,0.0,0.0
1980-01-08,0.36115914583206177,0.36115914583206177,0.35448209927517677,0.36115914583206177,60800.0,0.0,0.0
1980-01-09,0.3578204214572906,0.3578204214572906,0.3578204214572906,0.35782042145729065,3200.0,0.0,0.0
1980-01-10,0.3578204214572906,0.361158929984622,0.3578204214572906,0.35782042145729065,19200.0,0.0,0.0
1980-01-11,0.36115914583206177,0.36115914583206177,0.36115914583206177,0.36115914583206177,22400.0,0.0,0.0
1980-01-14,0.36115914583206177,0.3644976563546602,0.36115914583206177,0.36115914583206177,51200.0,0.0,0.0
1980-01-15,0.3578204214572906,0.3578204214572906,0.3578204214572906,0.35782042145729065,9600.0,0.0,0.0
1980-01-16,0.36115914583206177,0.36115914583206177,0.3578206353094633,0.36115914583206177,73600.0,0.0,0.0
1980-01-17,0.37451305985450745,0.37451305985450745,0.36115899772863513,0.37451305985450745,838400.0,0.0,0.0
1980-01-18,0.37789422273635864,0.3812327305217369,0.37789422273635864,0.37789422273635864,25600.0,0.0,0.0
1980-01-21,0.37789422273635864,0.37789422273635864,0.37451290637351814,0.37789422273635864,28800.0,0.0,0.0
1980-01-22,0.37451305985450745,0.377894377603062,0.37451305985450745,0.37451305985450745,44800.0,0.0,0.0
1980-01-23,0.371174693107605,0.37451320354202244,0.371174693107605,0.371174693107605,16000.0,0.0,0.0
1980-01-24,0.37789422273635864,0.3812327305217369,0.37451290637351814,0.37789422273635864,54400.0,0.0,0.0
1980-01-25,0.37789422273635864,0.37789422273635864,0.37789422273635864,0.37789422273635864,9600.0,0.0,0.0
1980-01-28,0.37451305985450745,0.377894377603062,0.37451305985450745,0.37451305985450745,96000.0,0.0,0.0
1980-01-29,0.37789422273635864,0.37789422273635864,0.36449735750571616,0.37789422273635864,182400.0,0.0,0.0
1980-01-30,0.38123253892422365,0.38123294711112976,0.3778944374290482,0.38123294711112976,12800.0,0.0,0.0
1980-01-31,0.37789422273635864,0.3812327305217369,0.37789422273635864,0.37789422273635864,108800.0,0.0,0.0
1980-02-01,0.38457155227661133,0.38457155227661133,0.3778945061858967,0.38457155227661133,80000.0,0.0,0.0
1980-02-04,0.37451305985450745,0.384571421421837,0.37451305985450745,0.37451305985450745,73600.0,0.0,0.0
1980-02-05,0.36115914583206177,0.3711747029115452,0.36115914583206177,0.36115914583206177,64000.0,0.0,0.0
1980-02-06,0.371174693107605,0.371174693107605,0.3644976467270827,0.371174693107605,380800.0,0.0,0.0
1980-02-07,0.37451305985450745,0.37451305985450745,0.37451305985450745,0.37451305985450745,12800.0,0.0,0.0
1980-02-08,0.38123253892422365,0.38123294711112976,0.3778944374290482,0.38123294711112976,16000.0,0.0,0.0
1980-02-11,0.38123294711112976,0.38123294711112976,0.38123294711112976,0.38123294711112976,22400.0,0.0,0.0
1980-02-12,0.37789422273635864,0.37789422273635864,0.37789422273635864,0.37789422273635864,19200.0,0.0,0.0
1980-02-13,0.38457155227661133,0.38457155227661133,0.38123301647541086,0.38457155227661133,19200.0,0.0,0.0
1980-02-14,0.38457148230489296,0.38457148230489296,0.38123294711112976,0.38123294711112976,41600.0,0.0,0.0
1980-02-15,0.37789422273635864,0.37789422273635864,0.37789422273635864,0.37789422273635864,3200.0,0.0,0.0
1980-02-19,0.37789422273635864,0.37789422273635864,0.37789422273635864,0.37789422273635864,188800.0,0.0,0.0
1980-02-20,0.37451305985450745,0.38123288675661066,0.37451305985450745,0.37451305985450745,28800.0,0.0,0.0
1980-02-21,0.37789422273635864,0.37789422273635864,0.37451290637351814,0.37789422273635864,188800.0,0.0,0.0
1980-02-22,0.37451305985450745,0.377894377603062,0.37451305985450745,0.37451305985450745,22400.0,0.0,0.0
1980-02-25,0.37789422273635864,0.3812327305217369,0.37117439858813983,0.37789422273635864,480000.0,0.0,0.0
1980-02-26,0.371174693107605,0.3778945225878699,0.371174693107605,0.371174693107605,44800.0,0.0,0.0
1980-02-27,0.3745131937527617,0.3745131937527617,0.36783614754676824,0.3678361475467682,35200.0,0.0,0.0
1980-02-28,0.36449751257896423,0.36783602178469094,0.36449751257896423,0.36449751257896423,12800.0,0.0,0.0
1980-02-29,0.3578204214572906,0.361158929984622,0.3544818874182864,0.35782042145729065,48000.0,0.0,0.0
1980-03-03,0.3578204214572906,0.361158929984622,0.3578204214572906,0.35782042145729065,22400.0,0.0,0.0
1980-03-04,0.36115914583206177,0.36115914583206177,0.36115914583206177,0.36115914583206177,19200.0,0.0,0.0
1980-03-05,0.3611591611552096,0.3611591611552096,0.35448211431503296,0.35448211431503296,32000.0,0.0,0.0
1980-03-06,0.351143479347229,0.351143479347229,0.351143479347229,0.351143479347229,28800.0,0.0,0.0
1980-03-07,0.351143479347229,0.351143479347229,0.351143479347229,0.351143479347229,0.0,0.0,0.0
1980-03-10,0.34442359209060663,0.34776210099442795,0.34442359209060663,0.3444235920906067,25600.0,0.0,0.0
1980-03-11,0.34442359209060663,0.34442359209060663,0.34442359209060663,0.3444235920906067,54400.0,0.0,0.0
1980-03-12,0.34776222705841064,0.34776222705841064,0.34776222705841064,0.34776222705841064,3200.0,0.0,0.0
1980-03-13,0.3444237012122844,0.3444237012122844,0.34108516573905945,0.34108516573905945,172800.0,0.0,0.0
1980-03-14,0.3344082534313202,0.33774676446722185,0.3344082534313202,0.3344082534313202,19200.0,0.0,0.0
1980-03-17,0.3344082534313202,0.3344082534313202,0.3277312058478249,0.3344082534313202,179200.0,0.0,0.0
1980-03-18,0.33106975862555116,0.33106975862555116,0.3277312219142914,0.3277312219142914,19200.0,0.0,0.0
1980-03-19,0.3277308137271997,0.3277312219142914,0.32439271071472486,0.3277312219142914,19200.0,0.0,0.0
1980-03-20,0.33106979727745056,0.33106979727745056,0.33106979727745056,0.33106979727745056,3200.0,0.0,0.0
1980-03-21,0.33106975862555116,0.33106975862555116,0.3277312219142914,0.3277312219142914,6400.0,0.0,0.0
1980-03-24,0.32101118564605713,0.32439250330492087,0.32101118564605713,0.32101118564605713,1606400.0,0.0,0.0
1980-03-25,0.3143337757444656,0.31767271895332616,0.31099567442105563,0.3143341839313507,19200.0,0.0,0.0
1980-03-26,0.31099575757980347,0.31433426798279995,0.31099575757980347,0.31099575757980347,9600.0,0.0,0.0
1980-03-27,0.30431878566741943,0.3076572966068003,0.30431878566741943,0.30431878566741943,41600.0,0.0,0.0
1980-03-28,0.3009797723149712,0.3043187161908153,0.2976416703247459,0.30098018050193787,70400.0,0.0,0.0
1980-03-31,0.3076572120189666,0.3076572120189666,0.2976416564428278,0.3076572120189667,99200.0,0.0,0.0
1980-04-01,0.30431878566741943,0.30431878566741943,0.30431878566741943,0.30431878566741943,3200.0,0.0,0.0
1980-04-02,0.3076572120189666,0.3076572120189666,0.3043187019974818,0.3076572120189667,51200.0,0.0,0.0
1980-04-03,0.3076572120189666,0.3109957220404515,0.3076572120189666,0.3076572120189667,22400.0,0.0,0.0
1980-04-07,0.3076572120189666,0.3076572120189666,0.3076572120189666,0.3076572120189667,3200.0,0.0,0.0
1980-04-08,0.3076572120189666,0.3076572120189666,0.3043187019974818,0.3076572120189667,22400.0,0.0,0.0
1980-04-09,0.31099573654519924,0.31099573654519924,0.30098018050193787,0.30098018050193787,44800.0,0.0,0.0
1980-04-10,0.30431878566741943,0.30431878566741943,0.30431878566741943,0.30431878566741943,12800.0,0.0,0.0
1980-04-11,0.3076572120189666,0.3076572120189666,0.3076572120189666,0.3076572120189667,38400.0,0.0,0.0
1980-04-14,0.30431878566741943,0.3076572966068003,0.30431878566741943,0.30431878566741943,259200.0,0.0,0.0
1980-04-15,0.3043187161908153,0.3043187161908153,0.30098018050193787,0.30098018050193787,99200.0,0.0,0.0
1980-04-16,0.2976417541503906,0.3009802652678164,0.2976417541503906,0.2976417541503906,19200.0,0.0,0.0
1980-04-17,0.2976417541503906,0.2976417541503906,0.2976417541503906,0.2976417541503906,0.0,0.0,0.0
1980-04-18,0.2976417541503906,0.2976417541503906,0.2976417541503906,0.2976417541503906,0.0,0.0,0.0
1980-04-21,0.2942602336406708,0.2976415510712307,0.2942602336406708,0.2942602336406708,38400.0,0.0,0.0
1980-04-22,0.2942602336406708,0.2942602336406708,0.2909217248010908,0.2942602336406708,54400.0,0.0,0.0
1980-04-23,0.29092177748680115,0.2942602869309826,0.29092177748680115,0.29092177748680115,44800.0,0.0,0.0
1980-04-24,0.2875833809375763,0.2875833809375763,0.2875833809375763,0.2875833809375763,6400.0,0.0,0.0
1980-04-25,0.2842448353767395,0.28758334602233665,0.2809063247311424,0.2842448353767395,112000.0,0.0,0.0
1980-04-28,0.28758297275050276,0.2875833809375763,0.28424486988665354,0.2875833809375763,38400.0,0.0,0.0
1980-04-29,0.2875833809375763,0.2875833809375763,0.2875833809375763,0.2875833809375763,9600.0,0.0,0.0
1980-04-30,0.2875833809375763,0.2875833809375763,0.2875833809375763,0.2875833809375763,12800.0,0.0,0.0
1980-05-01,0.2875833809375763,0.2875833809375763,0.2875833809375763,0.2875833809375763,0.0,0.0,0.0
1980-05-02,0.2909219175001911,0.2909219175001911,0.2875833809375763,0.2875833809375763,16000.0,0.0,0.0
1980-05-05,0.2875833809375763,0.2875833809375763,0.2875833809375763,0.2875833809375763,0.0,0.0,0.0
1980-05-06,0.29092177748680115,0.29092177748680115,0.2842447330867584,0.29092177748680115,51200.0,0.0,0.0
1980-05-07,0.2942602336406708,0.2942602336406708,0.2942602336406708,0.2942602336406708,28800.0,0.0,0.0
1980-05-08,0.3009797723149712,0.3043187161908153,0.2976416703247459,0.30098018050193787,112000.0,0.0,0.0
1980-05-09,0.30098018050193787,0.30098018050193787,0.30098018050193787,0.30098018050193787,89600.0,0.0,0.0
1980-05-12,0.31099575757980347,0.31099575757980347,0.30098020085912686,0.31099575757980347,35200.0,0.0,0.0
1980-05-13,0.3076572120189666,0.3076572120189666,0.3076572120189666,0.3076572120189667,12800.0,0.0,0.0
1980-05-14,0.3076572120189666,0.3076572120189666,0.3009801664643127,0.3076572120189667,70400.0,0.0,0.0
1980-05-15,0.31099575757980347,0.31099575757980347,0.31099575757980347,0.31099575757980347,19200.0,0.0,0.0
1980-05-16,0.31099575757980347,0.31099575757980347,0.3043187367738105,0.31099575757980347,41600.0,0.0,0.0
1980-05-19,0.3143337757444656,0.3143341839313507,0.31099567442105563,0.3143341839313507,32000.0,0.0,0.0
1980-05-20,0.31099575757980347,0.31099575757980347,0.31099575757980347,0.31099575757980347,12800.0,0.0,0.0
1980-05-21,0.31099575757980347,0.31099575757980347,0.31099575757980347,0.31099575757980347,0.0,0.0,0.0
1980-05-22,0.31099575757980347,0.31099575757980347,0.307657247176807,0.31099575757980347,115200.0,0.0,0.0
1980-05-23,0.3076572120189666,0.3076572120189666,0.3076572120189666,0.3076572120189667,22400.0,0.0,0.0
1980-05-27,0.30431878566741943,0.3109958075461812,0.30431878566741943,0.30431878566741943,38400.0,0.0,0.0
1980-05-28,0.30431878566741943,0.30431878566741943,0.30431878566741943,0.30431878566741943,0.0,0.0,0.0
1980-05-29,0.30431878566741943,0.30431878566741943,0.30431878566741943,0.30431878566741943,16000.0,0.0,0.0
1980-05-30,0.3009797723149712,0.30098018050193787,0.2976416703247459,0.30098018050193787,60800.0,0.0,0.0
1980-06-02,0.30098018050193787,0.30098018050193787,0.30098018050193787,0.30098018050193787,35200.0,0.0,0.0
1980-06-03,0.2976417541503906,0.2976417541503906,0.2976417541503906,0.2976417541503906,19200.0,0.0,0.0
1980-06-04,0.2942602336406708,0.2976415510712307,0.2942602336406708,0.2942602336406708,160000.0,0.0,0.0
1980-06-05,0.2976417541503906,0.2976417541503906,0.2976417541503906,0.2976417541503906,9600.0,0.0,0.0
1980-06-06,0.2976417541503906,0.3009802652678164,0.29426043441277683,0.2976417541503906,172800.0,0.0,0.0
1980-06-09,0.2976417541503906,0.2976417541503906,0.2976417541503906,0.2976417541503906,83200.0,0.0,0.0
1980-06-10,0.30098018050193787,0.30098018050193787,0.30098018050193787,0.30098018050193787,35200.0,0.0,0.0
1980-06-11,0.2942602336406708,0.2976415510712307,0.2942602336406708,0.2942602336406708,121600.0,0.0,0.0
1980-06-12,0.2942602336406708,0.3009800599108106,0.2942602336406708,0.2942602336406708,166400.0,0.0,0.0
1980-06-13,0.2942602336406708,0.2976415510712307,0.2942602336406708,0.2942602336406708,124800.0,0.0,0.0
1980-06-16,0.2976417541503906,0.2976417541503906,0.2976417541503906,0.2976417541503906,57600.0,0.0,0.0
1980-06-17,0.2976417541503906,0.2976417541503906,0.2976417541503906,0.2976417541503906,6400.0,0.0,0.0
1980-06-18,0.2976417541503906,0.3009802652678164,0.2976417541503906,0.2976417541503906,96000.0,0.0,0.0
1980-06-19,0.2976417541503906,0.3009802652678164,0.2976417541503906,0.2976417541503906,76800.0,0.0,0.0
1980-06-20,0.2976417541503906,0.2976417541503906,0.2976417541503906,0.2976417541503906,35200.0,0.0,0.0
1980-06-23,0.3009797723149712,0.30098018050193787,0.2976416703247459,0.30098018050193787,19200.0,0.0,0.0
1980-06-24,0.30098018050193787,0.30098018050193787,0.30098018050193787,0.30098018050193787,22400.0,0.0,0.0
1980-06-25,0.30431878566741943,0.30431878566741943,0.3009802492163473,0.30431878566741943,57600.0,0.0,0.0
1980-06-26,0.30431878566741943,0.3076572966068003,0.30431878566741943,0.30431878566741943,64000.0,0.0,0.0
1980-06-27,0.30431878566741943,0.30431878566741943,0.3009802492163473,0.30431878566741943,329600.0,0.0,0.0
1980-06-30,0.30098018050193787,0.30098018050193787,0.30098018050193787,0.30098018050193787,819200.0,0.0,0.0
1980-07-01,0.30431878566741943,0.30431878566741943,0.3009802492163473,0.30431878566741943,249600.0,0.0,0.0
1980-07-02,0.30431878566741943,0.30431878566741943,0.30431878566741943,0.30431878566741943,6400.0,0.0,0.0
1980-07-03,0.30431878566741943,0.30431878566741943,0.3009802492163473,0.30431878566741943,28800.0,0.0,0.0
1980-07-07,0.30431878566741943,0.30431878566741943,0.3009802492163473,0.30431878566741943,19200.0,0.0,0.0
1980-07-08,0.30431878566741943,0.3076572966068003,0.30431878566741943,0.30431878566741943,19200.0,0.0,0.0
1980-07-09,0.30431878566741943,0.3076572966068003,0.30431878566741943,0.30431878566741943,19200.0,0.0,0.0
1980-07-10,0.30431878566741943,0.30431878566741943,0.30431878566741943,0.30431878566741943,0.0,0.0,0.0
1980-07-11,0.3076572120189666,0.3076572120189666,0.3043187019974818,0.3076572120189667,108800.0,0.0,0.0
1980-07-14,0.31099575757980347,0.31099575757980347,0.31099575757980347,0.31099575757980347,25600.0,0.0,0.0
1980-07-15,0.31099575757980347,0.31099575757980347,0.31099575757980347,0.31099575757980347,16000.0,0.0,0.0
1980-07-16,0.3143337757444656,0.3143341839313507,0.31099567442105563,0.3143341839313507,25600.0,0.0,0.0
1980-07-17,0.3277308137271997,0.3277312219142914,0.31767287969435065,0.3277312219142914,44800.0,0.0,0.0
1980-07-18,0.33106979727745056,0.33106979727745056,0.3277312601764217,0.33106979727745056,41600.0,0.0,0.0
1980-07-21,0.33106979727745056,0.3344083088667833,0.33106979727745056,0.33106979727745056,6400.0,0.0,0.0
1980-07-22,0.33106975862555116,0.33106975862555116,0.3277312219142914,0.3277312219142914,16000.0,0.0,0.0
1980-07-23,0.3277312219142914,0.3277312219142914,0.3277312219142914,0.3277312219142914,0.0,0.0,0.0
1980-07-24,0.3277312219142914,0.3277312219142914,0.3277312219142914,0.3277312219142914,131200.0,0.0,0.0
1980-07-25,0.3277312219142914,0.3277312219142914,0.3277312219142914,0.3277312219142914,12800.0,0.0,0.0
1980-07-28,0.33106979727745056,0.33106979727745056,0.33106979727745056,0.33106979727745056,16000.0,0.0,0.0
1980-07-29,0.32101118564605713,0.3277310123699143,0.32101118564605713,0.32101118564605713,12800.0,0.0,0.0
1980-07-30,0.32101118564605713,0.32439250330492087,0.32101118564605713,0.32101118564605713,118400.0,0.0,0.0
1980-07-31,0.3277308137271997,0.33106975862555116,0.32439271071472486,0.3277312219142914,80000.0,0.0,0.0
1980-08-01,0.33106979727745056,0.33106979727745056,0.32439274858708894,0.33106979727745056,41600.0,0.0,0.0
1980-08-04,0.3344082698251176,0.3344082698251176,0.3277312219142914,0.3277312219142914,25600.0,0.0,0.0
1980-08-05,0.33106979727745056,0.3344083088667833,0.33106979727745056,0.33106979727745056,70400.0,0.0,0.0
1980-08-06,0.3344082534313202,0.3344082534313202,0.33106974239541853,0.3344082534313202,12800.0,0.0,0.0
1980-08-07,0.34776222705841064,0.34776222705841064,0.3377466712046271,0.34776222705841064,89600.0,0.0,0.0
1980-08-08,0.34442359209060663,0.34442359209060663,0.34442359209060663,0.3444235920906067,28800.0,0.0,0.0
1980-08-11,0.34442359209060663,0.34442359209060663,0.3410850576751097,0.3444235920906067,22400.0,0.0,0.0
1980-08-12,0.351143479347229,0.351143479347229,0.347762161265583,0.351143479347229,48000.0,0.0,0.0
1980-08-13,0.35448170612800667,0.35448211431503296,0.35114360365078917,0.35448211431503296,6400.0,0.0,0.0
1980-08-14,0.35448211431503296,0.35448211431503296,0.35448211431503296,0.35448211431503296,38400.0,0.0,0.0
1980-08-15,0.34442359209060663,0.34776210099442795,0.34442359209060663,0.3444235920906067,86400.0,0.0,0.0
1980-08-18,0.34776222705841064,0.34776222705841064,0.34442371694437773,0.34776222705841064,25600.0,0.0,0.0
1980-08-19,0.34776222705841064,0.34776222705841064,0.34442371694437773,0.34776222705841064,22400.0,0.0,0.0
1980-08-20,0.34442359209060663,0.34442359209060663,0.3377465487712884,0.3444235920906067,73600.0,0.0,0.0
1980-08-21,0.34442359209060663,0.34776210099442795,0.3410850576751097,0.3444235920906067,25600.0,0.0,0.0
1980-08-22,0.34776222705841064,0.3511435457797653,0.34776222705841064,0.34776222705841064,76800.0,0.0,0.0
1980-08-25,0.351143479347229,0.351143479347229,0.351143479347229,0.351143479347229,67200.0,0.0,0.0
1980-08-26,0.35448211431503296,0.35448211431503296,0.35448211431503296,0.35448211431503296,44800.0,0.0,0.0
1980-08-27,0.35448211431503296,0.35448211431503296,0.35448211431503296,0.35448211431503296,57600.0,0.0,0.0
1980-08-28,0.3578204214572906,0.3578204214572906,0.3544818874182864,0.35782042145729065,140800.0,0.0,0.0
1980-08-29,0.3578204214572906,0.3578204214572906,0.3578204214572906,0.35782042145729065,3200.0,0.0,0.0
1980-09-02,0.36115914583206177,0.36115914583206177,0.3578206353094633,0.36115914583206177,32000.0,0.0,0.0
1980-09-03,0.36115914583206177,0.36115914583206177,0.3578206353094633,0.36115914583206177,41600.0,0.0,0.0
1980-09-04,0.36449751257896423,0.36449751257896423,0.36449751257896423,0.36449751257896423,3200.0,0.0,0.0
1980-09-05,0.36449751257896423,0.36449751257896423,0.36449751257896423,0.36449751257896423,25600.0,0.0,0.0
1980-09-08,0.3578204214572906,0.361158929984622,0.3578204214572906,0.35782042145729065,22400.0,0.0,0.0
1980-09-09,0.35782065049096584,0.35782065049096584,0.35448211431503296,0.35448211431503296,16000.0,0.0,0.0
1980-09-10,0.3578204214572906,0.3578204214572906,0.3544818874182864,0.35782042145729065,64000.0,0.0,0.0
1980-09-11,0.36115914583206177,0.36115914583206177,0.3578206353094633,0.36115914583206177,38400.0,0.0,0.0
1980-09-12,0.3578204214572906,0.3578204214572906,0.3578204214572906,0.35782042145729065,3200.0,0.0,0.0
1980-09-15,0.3578204214572906,0.3578204214572906,0.3578204214572906,0.35782042145729065,0.0,0.0,0.0
1980-09-16,0.36115914583206177,0.36115914583206177,0.3578206353094633,0.36115914583206177,41600.0,0.0,0.0
1980-09-17,0.36449751257896423,0.36449751257896423,0.3578204941675109,0.36449751257896423,32000.0,0.0,0.0
1980-09-18,0.3578204214572906,0.36449743851195343,0.3578204214572906,0.35782042145729065,35200.0,0.0,0.0
1980-09-19,0.36449751257896423,0.36449751257896423,0.3578204941675109,0.36449751257896423,41600.0,0.0,0.0
1980-09-22,0.36449751257896423,0.36449751257896423,0.36449751257896423,0.36449751257896423,0.0,0.0,0.0
1980-09-23,0.36449751257896423,0.36449751257896423,0.36449751257896423,0.36449751257896423,0.0,0.0,0.0
1980-09-24,0.36449751257896423,0.36449751257896423,0.36449751257896423,0.36449751257896423,0.0,0.0,0.0
1980-09-25,0.3611591611552096,0.3611591611552096,0.35448211431503296,0.35448211431503296,105600.0,0.0,0.0
1980-09-26,0.35448211431503296,0.35448211431503296,0.35448211431503296,0.35448211431503296,28800.0,0.0,0.0
1980-09-29,0.35448170612800667,0.35448211431503296,0.35114360365078917,0.35448211431503296,115200.0,0.0,0.0
1980-09-30,0.3578204214572906,0.3578204214572906,0.3544818874182864,0.35782042145729065,25600.0,0.0,0.0
1980-10-01,0.35448211431503296,0.35448211431503296,0.35448211431503296,0.35448211431503296,12800.0,0.0,0.0
1980-10-02,0.35448211431503296,0.35448211431503296,0.35448211431503296,0.35448211431503296,0.0,0.0,0.0
1980-10-03,0.35448211431503296,0.35448211431503296,0.35448211431503296,0.35448211431503296,0.0,0.0,0.0
1980-10-06,0.3578204214572906,0.3578204214572906,0.3578204214572906,0.35782042145729065,16000.0,0.0,0.0
1980-10-07,0.3578204214572906,0.3578204214572906,0.3544818874182864,0.35782042145729065,35200.0,0.0,0.0
1980-10-08,0.3578204214572906,0.3578204214572906,0.3578204214572906,0.35782042145729065,0.0,0.0,0.0
1980-10-09,0.3611591611552096,0.3611591611552096,0.35448211431503296,0.35448211431503296,41600.0,0.0,0.0
1980-10-10,0.35448211431503296,0.35448211431503296,0.35448211431503296,0.35448211431503296,38400.0,0.0,0.0
1980-10-13,0.35448211431503296,0.35448211431503296,0.35448211431503296,0.35448211431503296,3200.0,0.0,0.0
1980-10-14,0.35448211431503296,0.35448211431503296,0.35448211431503296,0.35448211431503296,16000.0,0.0,0.0
1980-10-15,0.35448211431503296,0.35448211431503296,0.35448211431503296,0.35448211431503296,9600.0,0.0,0.0
1980-10-16,0.35448211431503296,0.35448211431503296,0.35448211431503296,0.35448211431503296,3200.0,0.0,0.0
1980-10-17,0.35448211431503296,0.35448211431503296,0.35448211431503296,0.35448211431503296,3200.0,0.0,0.0
1980-10-20,0.35448211431503296,0.35448211431503296,0.35448211431503296,0.35448211431503296,3200.0,0.0,0.0
1980-10-21,0.35448211431503296,0.35448211431503296,0.35448211431503296,0.35448211431503296,12800.0,0.0,0.0
1980-10-22,0.35448211431503296,0.35448211431503296,0.35448211431503296,0.35448211431503296,9600.0,0.0,0.0
1980-10-23,0.35448211431503296,0.35448211431503296,0.35448211431503296,0.35448211431503296,6400.0,0.0,0.0
1980-10-24,0.35782065049096584,0.35782065049096584,0.35448211431503296,0.35448211431503296,32000.0,0.0,0.0
1980-10-27,0.36115914583206177,0.36115914583206177,0.35448209927517677,0.36115914583206177,28800.0,0.0,0.0
1980-10-28,0.3578204214572906,0.3578204214572906,0.3544818874182864,0.35782042145729065,137600.0,0.0,0.0
1980-10-29,0.3578204214572906,0.3578204214572906,0.3578204214572906,0.35782042145729065,6400.0,0.0,0.0
1980-10-30,0.3578204214572906,0.3578204214572906,0.3578204214572906,0.35782042145729065,32000.0,0.0,0.0
1980-10-31,0.36449751257896423,0.36449751257896423,0.3578204941675109,0.36449751257896423,144000.0,0.0,0.0
1980-11-03,0.36783614754676824,0.36783614754676824,0.36783614754676824,0.3678361475467682,9600.0,0.0,0.0
1980-11-05,0.371174693107605,0.37451320354202244,0.371174693107605,0.371174693107605,35200.0,0.0,0.0
1980-11-06,0.36115914583206177,0.3678361668772587,0.36115914583206177,0.36115914583206177,57600.0,0.0,0.0
1980-11-07,0.36449751257896423,0.36783602178469094,0.36449751257896423,0.36449751257896423,32000.0,0.0,0.0
1980-11-10,0.36115914583206177,0.36115914583206177,0.3578206353094633,0.36115914583206177,35200.0,0.0,0.0
1980-11-11,0.36115914583206177,0.36115914583206177,0.36115914583206177,0.36115914583206177,0.0,0.0,0.0
1980-11-12,0.3578204214572906,0.3578204214572906,0.3578204214572906,0.35782042145729065,16000.0,0.0,0.0
1980-11-13,0.36115914583206177,0.36115914583206177,0.36115914583206177,0.36115914583206177,16000.0,0.0,0.0
1980-11-14,0.36783573935978076,0.36783614754676824,0.36449763719961487,0.3678361475467682,41600.0,0.0,0.0
1980-11-17,0.36449751257896423,0.36449751257896423,0.36115900337323753,0.36449751257896423,656000.0,0.0,0.0
1980-11-18,0.36783614754676824,0.36783614754676824,0.36783614754676824,0.3678361475467682,9600.0,0.0,0.0
1980-11-19,0.36449751257896423,0.36783602178469094,0.36449751257896423,0.36449751257896423,96000.0,0.0,0.0
1980-11-20,0.36783573935978076,0.36783614754676824,0.36449763719961487,0.3678361475467682,12800.0,0.0,0.0
1980-11-21,0.36449751257896423,0.37451306570782233,0.36449751257896423,0.36449751257896423,96000.0,0.0,0.0
1980-11-24,0.36449751257896423,0.36783602178469094,0.36449751257896423,0.36449751257896423,12800.0,0.0,0.0
1980-11-25,0.36115914583206177,0.36115914583206177,0.36115914583206177,0.36115914583206177,6400.0,0.0,0.0
1980-11-26,0.36449751257896423,0.36783602178469094,0.36115900337323753,0.36449751257896423,64000.0,0.0,0.0
1980-11-28,0.36449751257896423,0.36449751257896423,0.36449751257896423,0.36449751257896423,12800.0,0.0,0.0
1980-12-01,0.36783614754676824,0.36783614754676824,0.36783614754676824,0.3678361475467682,35200.0,0.0,0.0
1980-12-02,0.36449751257896423,0.36783602178469094,0.36449751257896423,0.36449751257896423,19200.0,0.0,0.0
1980-12-03,0.36449751257896423,0.36783602178469094,0.36449751257896423,0.36449751257896423,86400.0,0.0,0.0
1980-12-04,0.36449751257896423,0.36449751257896423,0.36449751257896423,0.36449751257896423,0.0,0.0,0.0
1980-12-05,0.36449751257896423,0.36783602178469094,0.36449751257896423,0.36449751257896423,22400.0,0.0,0.0
1980-12-08,0.36449751257896423,0.36449751257896423,0.36449751257896423,0.36449751257896423,35200.0,0.0,0.0
1980-12-09,0.36449751257896423,0.36449751257896423,0.36449751257896423,0.36449751257896423,32000.0,0.0,0.0
1980-12-10,0.36449751257896423,0.36449751257896423,0.36449751257896423,0.36449751257896423,64000.0,0.0,0.0
1980-12-11,0.36115914583206177,0.36115914583206177,0.3578206353094633,0.36115914583206177,96000.0,0.0,0.0
1980-12-12,0.3578204214572906,0.361158929984622,0.3578204214572906,0.35782042145729065,48000.0,0.0,0.0
1980-12-15,0.3578204214572906,0.3578204214572906,0.3578204214572906,0.35782042145729065,6400.0,0.0,0.0
1980-12-16,0.3578204214572906,0.3578204214572906,0.3578204214572906,0.35782042145729065,6400.0,0.0,0.0
1980-12-17,0.3578204214572906,0.361158929984622,0.3578204214572906,0.35782042145729065,25600.0,0.0,0.0
1980-12-18,0.36115914583206177,0.36115914583206177,0.3578206353094633,0.36115914583206177,22400.0,0.0,0.0
1980-12-19,0.3578204214572906,0.361158929984622,0.3578204214572906,0.35782042145729065,57600.0,0.0,0.0
1980-12-22,0.3578204214572906,0.361158929984622,0.3578204214572906,0.35782042145729065,25600.0,0.0,0.0
1980-12-23,0.36115914583206177,0.36115914583206177,0.3578206353094633,0.36115914583206177,54400.0,0.0,0.0
1980-12-24,0.36115914583206177,0.36115914583206177,0.36115914583206177,0.36115914583206177,0.0,0.0,0.0
1980-12-26,0.3578204214572906,0.3578204214572906,0.3578204214572906,0.35782042145729065,16000.0,0.0,0.0
1980-12-29,0.36449751257896423,0.36449751257896423,0.36115900337323753,0.36449751257896423,22400.0,0.0,0.0
1980-12-30,0.36449751257896423,0.36449751257896423,0.3578204941675109,0.36449751257896423,28800.0,0.0,0.0
1980-12-31,0.36115914583206177,0.36115914583206177,0.3578206353094633,0.36115914583206177,16000.0,0.0,0.0
1981-01-02,0.3578204214572906,0.361158929984622,0.3578204214572906,0.35782042145729065,12800.0,0.0,0.0
1981-01-05,0.36449751257896423,0.36783602178469094,0.3578204941675109,0.36449751257896423,44800.0,0.0,0.0
1981-01-06,0.36115914583206177,0.36115914583206177,0.36115914583206177,0.36115914583206177,16000.0,0.0,0.0
1981-01-07,0.3578204214572906,0.3578204214572906,0.3578204214572906,0.35782042145729065,38400.0,0.0,0.0
1981-01-08,0.3578204214572906,0.3578204214572906,0.34776206177664754,0.35782042145729065,121600.0,0.0,0.0
1981-01-09,0.36115914583206177,0.36115914583206177,0.3578206353094633,0.36115914583206177,9600.0,0.0,0.0
1981-01-12,0.3578204214572906,0.361158929984622,0.3578204214572906,0.35782042145729065,12800.0,0.0,0.0
1981-01-13,0.35782065049096584,0.35782065049096584,0.35448211431503296,0.35448211431503296,9600.0,0.0,0.0
1981-01-14,0.35448211431503296,0.35448211431503296,0.35448211431503296,0.35448211431503296,0.0,0.0,0.0
1981-01-15,0.35448211431503296,0.35448211431503296,0.35448211431503296,0.35448211431503296,6400.0,0.0,0.0
1981-01-16,0.3578204214572906,0.3578204214572906,0.3578204214572906,0.35782042145729065,12800.0,0.0,0.0
1981-01-19,0.3578204214572906,0.361158929984622,0.3578204214572906,0.35782042145729065,108800.0,0.0,0.0
1981-01-20,0.35782065049096584,0.35782065049096584,0.35448211431503296,0.35448211431503296,16000.0,0.0,0.0
1981-01-21,0.35448211431503296,0.35448211431503296,0.35448211431503296,0.35448211431503296,0.0,0.0,0.0
1981-01-22,0.3578204214572906,0.3578204214572906,0.3544818874182864,0.35782042145729065,57600.0,0.0,0.0
1981-01-23,0.35448211431503296,0.35448211431503296,0.35448211431503296,0.35448211431503296,32000.0,0.0,0.0
1981-01-26,0.36115914583206177,0.36115914583206177,0.35448209927517677,0.36115914583206177,188800.0,0.0,0.0
1981-01-27,0.36115914583206177,0.36115914583206177,0.3578206353094633,0.36115914583206177,19200.0,0.0,0.0
1981-01-28,0.35448170612800667,0.35782065049096584,0.35114360365078917,0.35448211431503296,51200.0,0.0,0.0
1981-01-29,0.36115914583206177,0.36115914583206177,0.35448209927517677,0.36115914583206177,147200.0,0.0,0.0
1981-01-30,0.36115914583206177,0.36115914583206177,0.3578206353094633,0.36115914583206177,38400.0,0.0,0.0
1981-02-02,0.36115914583206177,0.36115914583206177,0.36115914583206177,0.36115914583206177,67200.0,0.0,0.0
1981-02-03,0.35782065049096584,0.35782065049096584,0.35448211431503296,0.35448211431503296,25600.0,0.0,0.0
1981-02-04,0.3578204214572906,0.3578204214572906,0.3578204214572906,0.35782042145729065,6400.0,0.0,0.0
1981-02-05,0.36115914583206177,0.36115914583206177,0.3578206353094633,0.36115914583206177,6400.0,0.0,0.0
1981-02-06,0.36115914583206177,0.3644976563546602,0.3578206353094633,0.36115914583206177,105600.0,0.0,0.0
1981-02-09,0.36783573935978076,0.36783614754676824,0.36115912685246143,0.3678361475467682,54400.0,0.0,0.0
1981-02-10,0.36783573935978076,0.36783614754676824,0.36449763719961487,0.3678361475467682,28800.0,0.0,0.0
1981-02-11,0.36783573935978076,0.36783614754676824,0.36449763719961487,0.3678361475467682,44800.0,0.0,0.0
1981-02-12,0.36783573935978076,0.36783614754676824,0.36449763719961487,0.3678361475467682,19200.0,0.0,0.0
1981-02-13,0.36449751257896423,0.36783602178469094,0.36449751257896423,0.36449751257896423,25600.0,0.0,0.0
1981-02-17,0.36783573935978076,0.36783614754676824,0.36449763719961487,0.3678361475467682,44800.0,0.0,0.0
1981-02-18,0.36783614754676824,0.36783614754676824,0.36783614754676824,0.3678361475467682,6400.0,0.0,0.0
1981-02-19,0.36449751257896423,0.36449751257896423,0.36449751257896423,0.36449751257896423,25600.0,0.0,0.0
1981-02-20,0.36115914583206177,0.3644976563546602,0.36115914583206177,0.36115914583206177,16000.0,0.0,0.0
1981-02-23,0.36449751257896423,0.36449751257896423,0.3578204941675109,0.36449751257896423,41600.0,0.0,0.0
1981-02-24,0.36449751257896423,0.36449751257896423,0.36115900337323753,0.36449751257896423,22400.0,0.0,0.0
1981-02-25,0.36115914583206177,0.36115914583206177,0.36115914583206177,0.36115914583206177,22400.0,0.0,0.0
1981-02-26,0.36449751257896423,0.36449751257896423,0.36449751257896423,0.36449751257896423,16000.0,0.0,0.0
1981-02-27,0.36115914583206177,0.36115914583206177,0.36115914583206177,0.36115914583206177,22400.0,0.0,0.0
1981-03-02,0.36783573935978076,0.36783614754676824,0.36115912685246143,0.3678361475467682,121600.0,0.0,0.0
1981-03-03,0.37451305985450745,0.37451305985450745,0.36783601603573246,0.37451305985450745,153600.0,0.0,0.0
1981-03-04,0.37789422273635864,0.3812327305217369,0.37451290637351814,0.37789422273635864,64000.0,0.0,0.0
1981-03-05,0.38457155227661133,0.38457155227661133,0.38123301647541086,0.38457155227661133,9600.0,0.0,0.0
1981-03-06,0.38457148230489296,0.38457148230489296,0.38123294711112976,0.38123294711112976,105600.0,0.0,0.0
1981-03-09,0.37789422273635864,0.3845712638187823,0.37789422273635864,0.37789422273635864,105600.0,0.0,0.0
1981-03-10,0.38123253892422365,0.38457148230489296,0.3778944374290482,0.38123294711112976,128000.0,0.0,0.0
1981-03-11,0.38457155227661133,0.38457155227661133,0.38457155227661133,0.38457155227661133,9600.0,0.0,0.0
1981-03-12,0.38457148230489296,0.38457148230489296,0.38123294711112976,0.38123294711112976,35200.0,0.0,0.0
1981-03-13,0.38123294711112976,0.38123294711112976,0.38123294711112976,0.38123294711112976,3200.0,0.0,0.0
1981-03-16,0.3912489116191864,0.3912489116191864,0.3845718852588432,0.3912489116191864,224000.0,0.0,0.0
1981-03-17,0.38791006803512573,0.38791006803512573,0.3845715576985431,0.38791006803512573,22400.0,0.0,0.0
1981-03-18,0.38457155227661133,0.3879100625661255,0.38457155227661133,0.38457155227661133,35200.0,0.0,0.0
1981-03-19,0.38457155227661133,0.38457155227661133,0.38457155227661133,0.38457155227661133,73600.0,0.0,0.0
1981-03-20,0.38457155227661133,0.38457155227661133,0.38123301647541086,0.38457155227661133,9600.0,0.0,0.0
1981-03-23,0.38457155227661133,0.38457155227661133,0.38457155227661133,0.38457155227661133,28800.0,0.0,0.0
1981-03-24,0.38457155227661133,0.38457155227661133,0.38457155227661133,0.38457155227661133,41600.0,0.0,0.0
1981-03-25,0.38457155227661133,0.38457155227661133,0.38457155227661133,0.38457155227661133,102400.0,0.0,0.0
1981-03-26,0.38457155227661133,0.38457155227661133,0.38457155227661133,0.38457155227661133,9600.0,0.0,0.0
1981-03-27,0.38457155227661133,0.38457155227661133,0.38457155227661133,0.38457155227661133,0.0,0.0,0.0
1981-03-30,0.38791006803512573,0.38791006803512573,0.3845715576985431,0.38791006803512573,12800.0,0.0,0.0
1981-03-31,0.3912489116191864,0.394587424799358,0.3879103984390148,0.3912489116191864,134400.0,0.0,0.0
1981-04-01,0.3912489116191864,0.394587424799358,0.3912489116191864,0.3912489116191864,16000.0,0.0,0.0
1981-04-02,0.3912489116191864,0.3912489116191864,0.3912489116191864,0.3912489116191864,35200.0,0.0,0.0
1981-04-03,0.3912489116191864,0.3912489116191864,0.3912489116191864,0.3912489116191864,38400.0,0.0,0.0
1981-04-06,0.3945869297834896,0.39792587592797096,0.39124882552519896,0.39458733797073364,32000.0,0.0,0.0
1981-04-07,0.3912489116191864,0.39792596349123793,0.3912489116191864,0.3912489116191864,12800.0,0.0,0.0
1981-04-08,0.39792573451995855,0.39792573451995855,0.394587197749113,0.3979257345199585,28800.0,0.0,0.0
1981-04-09,0.3945873379707336,0.3945873379707336,0.3945873379707336,0.39458733797073364,22400.0,0.0,0.0
1981-04-10,0.38791006803512573,0.39124857837170834,0.38791006803512573,0.38791006803512573,80000.0,0.0,0.0
1981-04-13,0.38457155227661133,0.3879100625661255,0.38457155227661133,0.38457155227661133,41600.0,0.0,0.0
1981-04-14,0.38457148230489296,0.38457148230489296,0.38123294711112976,0.38123294711112976,38400.0,0.0,0.0
1981-04-15,0.38123294711112976,0.38123294711112976,0.38123294711112976,0.38123294711112976,51200.0,0.0,0.0
1981-04-16,0.38123294711112976,0.38123294711112976,0.38123294711112976,0.38123294711112976,25600.0,0.0,0.0
1981-04-20,0.38123253892422365,0.38123294711112976,0.3778944374290482,0.38123294711112976,44800.0,0.0,0.0
1981-04-21,0.38457155227661133,0.38457155227661133,0.3778945061858967,0.38457155227661133,16000.0,0.0,0.0
1981-04-22,0.38457155227661133,0.38457155227661133,0.38123301647541086,0.38457155227661133,25600.0,0.0,0.0
1981-04-23,0.3945869297834896,0.3945873379707336,0.38791031307966434,0.39458733797073364,137600.0,0.0,0.0
1981-04-24,0.3912489116191864,0.394587424799358,0.3912489116191864,0.3912489116191864,54400.0,0.0,0.0
1981-04-27,0.39792573451995855,0.39792573451995855,0.394587197749113,0.3979257345199585,44800.0,0.0,0.0
1981-04-28,0.39792573451995855,0.39792573451995855,0.39792573451995855,0.3979257345199585,32000.0,0.0,0.0
1981-04-29,0.39792573451995855,0.39792573451995855,0.39792573451995855,0.3979257345199585,19200.0,0.0,0.0
1981-04-30,0.43473453234185144,0.4347349405288696,0.39792565570171873,0.43473494052886963,2329600.0,0.0,0.0
1981-05-01,0.43139639496803284,0.43807341562265456,0.43139639496803284,0.43139639496803284,112000.0,0.0,0.0
1981-05-04,0.4213374943590672,0.43139626461020364,0.41799939322743723,0.42133790254592896,163200.0,0.0,0.0
1981-05-05,0.41466099023818964,0.42133801058732473,0.41466099023818964,0.4146609902381897,57600.0,0.0,0.0
1981-05-06,0.41466099023818964,0.41466099023818964,0.41466099023818964,0.4146609902381897,51200.0,0.0,0.0
1981-05-07,0.41466099023818964,0.41466099023818964,0.41466099023818964,0.4146609902381897,3200.0,0.0,0.0
1981-05-08,0.41132258466337424,0.41132258466337424,0.40798404812812805,0.40798404812812805,54400.0,0.0,0.0
1981-05-11,0.4046457094562581,0.4046457094562581,0.3945873379707336,0.39458733797073364,54400.0,0.0,0.0
1981-05-12,0.3945873379707336,0.3945873379707336,0.3945873379707336,0.39458733797073364,0.0,0.0,0.0
1981-05-13,0.39792587592797096,0.39792587592797096,0.3945873379707336,0.39458733797073364,6400.0,0.0,0.0
1981-05-14,0.38791006803512573,0.39124857837170834,0.3845715576985431,0.38791006803512573,64000.0,0.0,0.0
1981-05-15,0.3912489116191864,0.3912489116191864,0.3879103984390148,0.3912489116191864,44800.0,0.0,0.0
1981-05-18,0.38790999198697457,0.38790999198697457,0.38123294711112976,0.38123294711112976,41600.0,0.0,0.0
1981-05-19,0.38457148230489296,0.38457148230489296,0.38123294711112976,0.38123294711112976,19200.0,0.0,0.0
1981-05-20,0.37789422273635864,0.3812327305217369,0.37789422273635864,0.37789422273635864,35200.0,0.0,0.0
1981-05-21,0.38457148230489296,0.38457148230489296,0.38123294711112976,0.38123294711112976,22400.0,0.0,0.0
1981-05-22,0.38457155227661133,0.38457155227661133,0.38457155227661133,0.38457155227661133,16000.0,0.0,0.0
1981-05-26,0.38457148230489296,0.38457148230489296,0.38123294711112976,0.38123294711112976,6400.0,0.0,0.0
1981-05-27,0.3945869297834896,0.3945873379707336,0.38457180063412977,0.39458733797073364,115200.0,0.0,0.0
1981-05-28,0.3912489116191864,0.394587424799358,0.3912489116191864,0.3912489116191864,19200.0,0.0,0.0
1981-05-29,0.38791006803512573,0.39124857837170834,0.38791006803512573,0.38791006803512573,44800.0,0.0,0.0
1981-06-01,0.38457155227661133,0.3912485728556397,0.38457155227661133,0.38457155227661133,214400.0,0.0,0.0
1981-06-02,0.38457155227661133,0.3879100625661255,0.38457155227661133,0.38457155227661133,67200.0,0.0,0.0
1981-06-03,0.38791006803512573,0.38791006803512573,0.38791006803512573,0.38791006803512573,32000.0,0.0,0.0
1981-06-04,0.3912489116191864,0.3912489116191864,0.3879103984390148,0.3912489116191864,22400.0,0.0,0.0
1981-06-05,0.3912489116191864,0.3912489116191864,0.3912489116191864,0.3912489116191864,19200.0,0.0,0.0
1981-06-08,0.3912489116191864,0.394587424799358,0.3912489116191864,0.3912489116191864,32000.0,0.0,0.0
1981-06-09,0.3912489116191864,0.3912489116191864,0.3912489116191864,0.3912489116191864,12800.0,0.0,0.0
1981-06-10,0.40126404166221613,0.40126404166221613,0.39124848746782653,0.4012640416622162,76800.0,0.0,0.0
1981-06-11,0.4046453833580017,0.4046453833580017,0.40126406500020806,0.4046453833580017,28800.0,0.0,0.0
1981-06-12,0.41132258466337424,0.41132258466337424,0.40798404812812805,0.40798404812812805,51200.0,0.0,0.0
1981-06-15,0.4046453833580017,0.4046453833580017,0.4046453833580017,0.4046453833580017,16000.0,0.0,0.0
1981-06-16,0.4046453833580017,0.4046453833580017,0.4046453833580017,0.4046453833580017,51200.0,0.0,0.0
1981-06-17,0.4213374943590672,0.4213379025459289,0.40798383976028335,0.42133790254592896,73600.0,0.0,0.0
1981-06-18,0.4213374943590672,0.4213379025459289,0.41799939322743723,0.42133790254592896,12800.0,0.0,0.0
1981-06-19,0.41132253408432,0.417999555310376,0.41132253408432,0.41132253408432007,153600.0,0.0,0.0
1981-06-22,0.41132253408432,0.41466104469734805,0.41132253408432,0.41132253408432007,73600.0,0.0,0.0
1981-06-23,0.4046453833580017,0.40798389311307637,0.40126406500020806,0.4046453833580017,163200.0,0.0,0.0
1981-06-24,0.4046453833580017,0.4046453833580017,0.4046453833580017,0.4046453833580017,0.0,0.0,0.0
1981-06-25,0.40126404166221613,0.40126404166221613,0.40126404166221613,0.4012640416622162,32000.0,0.0,0.0
1981-06-26,0.40126404166221613,0.40126404166221613,0.40126404166221613,0.4012640416622162,6400.0,0.0,0.0
1981-06-29,0.3912489116191864,0.39792596349123793,0.3912489116191864,0.3912489116191864,28800.0,0.0,0.0
1981-06-30,0.3945869297834896,0.3945873379707336,0.39124882552519896,0.39458733797073364,105600.0,0.0,0.0
1981-07-01,0.40126404166221613,0.4046453598233483,0.3945869970287295,0.4012640416622162,304000.0,0.0,0.0
1981-07-02,0.39792587592797096,0.39792587592797096,0.3945873379707336,0.39458733797073364,16000.0,0.0,0.0
1981-07-06,0.3912489116191864,0.3912489116191864,0.3912489116191864,0.3912489116191864,3200.0,0.0,0.0
1981-07-07,0.38791006803512573,0.3945870887082909,0.38791006803512573,0.38791006803512573,60800.0,0.0,0.0
1981-07-08,0.38457155227661133,0.38457155227661133,0.38457155227661133,0.38457155227661133,16000.0,0.0,0.0
1981-07-09,0.38457155227661133,0.3879100625661255,0.38457155227661133,0.38457155227661133,12800.0,0.0,0.0
1981-07-10,0.38791006803512573,0.38791006803512573,0.38791006803512573,0.38791006803512573,3200.0,0.0,0.0
1981-07-13,0.38457155227661133,0.38457155227661133,0.38123301647541086,0.38457155227661133,80000.0,0.0,0.0
1981-07-14,0.38457155227661133,0.3879100625661255,0.38457155227661133,0.38457155227661133,64000.0,0.0,0.0
1981-07-15,0.3912489116191864,0.3912489116191864,0.3879103984390148,0.3912489116191864,32000.0,0.0,0.0
1981-07-16,0.3945869297834896,0.3945873379707336,0.38791031307966434,0.39458733797073364,134400.0,0.0,0.0
1981-07-17,0.39792573451995855,0.4046455656602675,0.394587197749113,0.3979257345199585,156800.0,0.0,0.0
1981-07-20,0.39792573451995855,0.39792573451995855,0.39792573451995855,0.3979257345199585,28800.0,0.0,0.0
1981-07-21,0.40126404166221613,0.40126404166221613,0.40126404166221613,0.4012640416622162,633600.0,0.0,0.0
1981-07-22,0.40126404166221613,0.4046453598233483,0.40126404166221613,0.4012640416622162,70400.0,0.0,0.0
1981-07-23,0.40126404166221613,0.4079838693842513,0.40126404166221613,0.4012640416622162,601600.0,0.0,0.0
1981-07-24,0.4046453833580017,0.4113224283798332,0.4046453833580017,0.4046453833580017,67200.0,0.0,0.0
1981-07-27,0.4046453833580017,0.4046453833580017,0.4046453833580017,0.4046453833580017,0.0,0.0,0.0
1981-07-28,0.40126404166221613,0.40126404166221613,0.40126404166221613,0.4012640416622162,22400.0,0.0,0.0
1981-07-29,0.40126404166221613,0.40126404166221613,0.40126404166221613,0.4012640416622162,12800.0,0.0,0.0
1981-07-30,0.40126404166221613,0.4046453598233483,0.40126404166221613,0.4012640416622162,38400.0,0.0,0.0
1981-07-31,0.4046453833580017,0.4046453833580017,0.39792555524513346,0.4046453833580017,22400.0,0.0,0.0
1981-08-03,0.4046453833580017,0.40798389311307637,0.4046453833580017,0.4046453833580017,19200.0,0.0,0.0
1981-08-04,0.4046453833580017,0.4046453833580017,0.4046453833580017,0.4046453833580017,16000.0,0.0,0.0
1981-08-05,0.4046453833580017,0.4046453833580017,0.4046453833580017,0.4046453833580017,131200.0,0.0,0.0
1981-08-06,0.4046453833580017,0.4046453833580017,0.4046453833580017,0.4046453833580017,12800.0,0.0,0.0
1981-08-07,0.39792573451995855,0.40126424577911035,0.39792573451995855,0.3979257345199585,48000.0,0.0,0.0
1981-08-10,0.39792573451995855,0.39792573451995855,0.39792573451995855,0.3979257345199585,12800.0,0.0,0.0
1981-08-11,0.39792587592797096,0.39792587592797096,0.3945873379707336,0.39458733797073364,51200.0,0.0,0.0
1981-08-12,0.3945873379707336,0.3945873379707336,0.3945873379707336,0.39458733797073364,57600.0,0.0,0.0
1981-08-13,0.3945873379707336,0.3945873379707336,0.3945873379707336,0.39458733797073364,89600.0,0.0,0.0
1981-08-14,0.3945873379707336,0.3945873379707336,0.3945873379707336,0.39458733797073364,12800.0,0.0,0.0
1981-08-17,0.38791006803512573,0.38791006803512573,0.38791006803512573,0.38791006803512573,3200.0,0.0,0.0
1981-08-18,0.38791006803512573,0.38791006803512573,0.38791006803512573,0.38791006803512573,25600.0,0.0,0.0
1981-08-19,0.38791006803512573,0.38791006803512573,0.38791006803512573,0.38791006803512573,918400.0,0.0,0.0
1981-08-20,0.38791006803512573,0.38791006803512573,0.38791006803512573,0.38791006803512573,32000.0,0.0,0.0
1981-08-21,0.38457148230489296,0.38457148230489296,0.38123294711112976,0.38123294711112976,1459200.0,0.0,0.0
1981-08-24,0.371174693107605,0.3778945225878699,0.371174693107605,0.371174693107605,521600.0,0.0,0.0
1981-08-25,0.36783573935978076,0.37117468340560833,0.36449763719961487,0.3678361475467682,166400.0,0.0,0.0
1981-08-26,0.36449751257896423,0.36449751257896423,0.36449751257896423,0.36449751257896423,19200.0,0.0,0.0
1981-08-27,0.36115914583206177,0.36115914583206177,0.36115914583206177,0.36115914583206177,51200.0,0.0,0.0
1981-08-28,0.3578204214572906,0.3578204214572906,0.3578204214572906,0.35782042145729065,73600.0,0.0,0.0
1981-08-31,0.351143479347229,0.3544819888296521,0.351143479347229,0.351143479347229,25600.0,0.0,0.0
1981-09-01,0.3578204214572906,0.3578204214572906,0.3544818874182864,0.35782042145729065,19200.0,0.0,0.0
1981-09-02,0.3578204214572906,0.3578204214572906,0.3578204214572906,0.35782042145729065,73600.0,0.0,0.0
1981-09-03,0.3578204214572906,0.3578204214572906,0.3578204214572906,0.35782042145729065,64000.0,0.0,0.0
1981-09-04,0.3578204214572906,0.3578204214572906,0.3578204214572906,0.35782042145729065,9600.0,0.0,0.0
1981-09-08,0.3578204214572906,0.3578204214572906,0.3578204214572906,0.35782042145729065,41600.0,0.0,0.0
1981-09-09,0.3578204214572906,0.3578204214572906,0.351143378890955,0.35782042145729065,134400.0,0.0,0.0
1981-09-10,0.3578204214572906,0.3578204214572906,0.3544818874182864,0.35782042145729065,48000.0,0.0,0.0
1981-09-11,0.3578204214572906,0.3578204214572906,0.3578204214572906,0.35782042145729065,9600.0,0.0,0.0
1981-09-14,0.3578204214572906,0.3578204214572906,0.3578204214572906,0.35782042145729065,12800.0,0.0,0.0
1981-09-15,0.3578204214572906,0.3578204214572906,0.3578204214572906,0.35782042145729065,70400.0,0.0,0.0
1981-09-16,0.35448211431503296,0.35448211431503296,0.35448211431503296,0.35448211431503296,73600.0,0.0,0.0
1981-09-17,0.35448211431503296,0.35448211431503296,0.35448211431503296,0.35448211431503296,22400.0,0.0,0.0
1981-09-18,0.35448211431503296,0.35448211431503296,0.35448211431503296,0.35448211431503296,51200.0,0.0,0.0
1981-09-21,0.35448170612800667,0.35448211431503296,0.35114360365078917,0.35448211431503296,32000.0,0.0,0.0
1981-09-22,0.35448211431503296,0.35448211431503296,0.35448211431503296,0.35448211431503296,67200.0,0.0,0.0
1981-09-23,0.34442359209060663,0.34776210099442795,0.34442359209060663,0.3444235920906067,182400.0,0.0,0.0
1981-09-24,0.34442359209060663,0.34442359209060663,0.34442359209060663,0.3444235920906067,35200.0,0.0,0.0
1981-09-25,0.34442359209060663,0.34442359209060663,0.3410850576751097,0.3444235920906067,102400.0,0.0,0.0
1981-09-28,0.3344082534313202,0.3344082534313202,0.3344082534313202,0.3344082534313202,48000.0,0.0,0.0
1981-09-29,0.3344082534313202,0.3344082534313202,0.3344082534313202,0.3344082534313202,3200.0,0.0,0.0
1981-09-30,0.34776222705841064,0.34776222705841064,0.3377466712046271,0.34776222705841064,294400.0,0.0,0.0
1981-10-01,0.34776222705841064,0.3511435457797653,0.34776222705841064,0.34776222705841064,70400.0,0.0,0.0
1981-10-02,0.34442359209060663,0.34776210099442795,0.34442359209060663,0.3444235920906067,25600.0,0.0,0.0
1981-10-05,0.34442359209060663,0.34442359209060663,0.34442359209060663,0.3444235920906067,0.0,0.0,0.0
1981-10-06,0.34776222705841064,0.34776222705841064,0.34776222705841064,0.34776222705841064,3200.0,0.0,0.0
1981-10-07,0.351143479347229,0.351143479347229,0.347762161265583,0.351143479347229,25600.0,0.0,0.0
1981-10-08,0.34776222705841064,0.3511435457797653,0.34776222705841064,0.34776222705841064,339200.0,0.0,0.0
1981-10-09,0.34108516573905945,0.34108516573905945,0.34108516573905945,0.34108516573905945,22400.0,0.0,0.0
1981-10-12,0.34108516573905945,0.34108516573905945,0.34108516573905945,0.34108516573905945,0.0,0.0,0.0
1981-10-13,0.33774664998054504,0.33774664998054504,0.33774664998054504,0.33774664998054504,3200.0,0.0,0.0
1981-10-14,0.33774664998054504,0.33774664998054504,0.33774664998054504,0.33774664998054504,12800.0,0.0,0.0
1981-10-15,0.33774664998054504,0.33774664998054504,0.33774664998054504,0.33774664998054504,3200.0,0.0,0.0
1981-10-16,0.33774664998054504,0.33774664998054504,0.33774664998054504,0.33774664998054504,0.0,0.0,0.0
1981-10-19,0.33774664998054504,0.33774664998054504,0.33774664998054504,0.33774664998054504,16000.0,0.0,0.0
1981-10-20,0.3344082534313202,0.3344082534313202,0.3344082534313202,0.3344082534313202,19200.0,0.0,0.0
1981-10-21,0.3344082534313202,0.3344082534313202,0.3344082534313202,0.3344082534313202,0.0,0.0,0.0
1981-10-22,0.33106979727745056,0.33106979727745056,0.33106979727745056,0.33106979727745056,3200.0,0.0,0.0
1981-10-23,0.33106979727745056,0.33106979727745056,0.33106979727745056,0.33106979727745056,0.0,0.0,0.0
1981-10-26,0.33106979727745056,0.33106979727745056,0.33106979727745056,0.33106979727745056,0.0,0.0,0.0
1981-10-27,0.33106979727745056,0.33106979727745056,0.33106979727745056,0.33106979727745056,22400.0,0.0,0.0
1981-10-28,0.33106979727745056,0.33106979727745056,0.33106979727745056,0.33106979727745056,12800.0,0.0,0.0
1981-10-29,0.33106979727745056,0.3344083088667833,0.33106979727745056,0.33106979727745056,169600.0,0.0,0.0
1981-10-30,0.3344082534313202,0.3344082534313202,0.33106974239541853,0.3344082534313202,118400.0,0.0,0.0
1981-11-02,0.3344082534313202,0.3344082534313202,0.3344082534313202,0.3344082534313202,160000.0,0.0,0.0
1981-11-03,0.33106975862555116,0.33106975862555116,0.3277312219142914,0.3277312219142914,22400.0,0.0,0.0
1981-11-04,0.3277312219142914,0.3277312219142914,0.3277312219142914,0.3277312219142914,0.0,0.0,0.0
1981-11-05,0.3277312219142914,0.3277312219142914,0.3277312219142914,0.3277312219142914,3200.0,0.0,0.0
1981-11-06,0.31767284870147705,0.32773118994010353,0.31767284870147705,0.31767284870147705,25600.0,0.0,0.0
1981-11-09,0.32101118564605713,0.32101118564605713,0.31767267658106374,0.32101118564605713,22400.0,0.0,0.0
1981-11-10,0.31767284870147705,0.31767284870147705,0.31767284870147705,0.31767284870147705,22400.0,0.0,0.0
1981-11-11,0.31767271895332616,0.31767271895332616,0.3143341839313507,0.3143341839313507,38400.0,0.0,0.0
1981-11-12,0.3143337757444656,0.3143341839313507,0.31099567442105563,0.3143341839313507,19200.0,0.0,0.0
1981-11-13,0.31099575757980347,0.31099575757980347,0.31099575757980347,0.31099575757980347,9600.0,0.0,0.0
1981-11-16,0.3076572120189666,0.3109957220404515,0.3076572120189666,0.3076572120189667,80000.0,0.0,0.0
1981-11-17,0.30431878566741943,0.3076572966068003,0.30431878566741943,0.30431878566741943,57600.0,0.0,0.0
1981-11-18,0.30431878566741943,0.30431878566741943,0.30431878566741943,0.30431878566741943,38400.0,0.0,0.0
1981-11-19,0.30431878566741943,0.30431878566741943,0.30431878566741943,0.30431878566741943,73600.0,0.0,0.0
1981-11-20,0.3076572120189666,0.3076572120189666,0.3043187019974818,0.3076572120189667,28800.0,0.0,0.0
1981-11-23,0.30431878566741943,0.30431878566741943,0.30431878566741943,0.30431878566741943,28800.0,0.0,0.0
1981-11-24,0.3076572120189666,0.3076572120189666,0.3043187019974818,0.3076572120189667,108800.0,0.0,0.0
1981-11-25,0.31099575757980347,0.31099575757980347,0.31099575757980347,0.31099575757980347,9600.0,0.0,0.0
1981-11-27,0.3143337757444656,0.3143341839313507,0.31099567442105563,0.3143341839313507,16000.0,0.0,0.0
1981-11-30,0.3277308137271997,0.3277312219142914,0.31767287969435065,0.3277312219142914,54400.0,0.0,0.0
1981-12-01,0.33106979727745056,0.33106979727745056,0.33106979727745056,0.33106979727745056,12800.0,0.0,0.0
1981-12-02,0.3344082534313202,0.3344082534313202,0.3344082534313202,0.3344082534313202,22400.0,0.0,0.0
1981-12-03,0.33106979727745056,0.33106979727745056,0.33106979727745056,0.33106979727745056,6400.0,0.0,0.0
1981-12-04,0.33106979727745056,0.3344083088667833,0.33106979727745056,0.33106979727745056,112000.0,0.0,0.0
1981-12-07,0.33106979727745056,0.33106979727745056,0.33106979727745056,0.33106979727745056,9600.0,0.0,0.0
1981-12-08,0.3344082534313202,0.3344082534313202,0.33106974239541853,0.3344082534313202,508800.0,0.0,0.0
1981-12-09,0.3344082534313202,0.33774676446722185,0.3344082534313202,0.3344082534313202,70400.0,0.0,0.0
1981-12-10,0.33774664998054504,0.34108515988478516,0.33774664998054504,0.33774664998054504,102400.0,0.0,0.0
1981-12-11,0.33106979727745056,0.3344083088667833,0.33106979727745056,0.33106979727745056,217600.0,0.0,0.0
1981-12-14,0.33106979727745056,0.33106979727745056,0.33106979727745056,0.33106979727745056,86400.0,0.0,0.0
1981-12-15,0.33106979727745056,0.33106979727745056,0.33106979727745056,0.33106979727745056,6400.0,0.0,0.0
1981-12-16,0.33106979727745056,0.33106979727745056,0.33106979727745056,0.33106979727745056,22400.0,0.0,0.0
1981-12-17,0.33106979727745056,0.33106979727745056,0.33106979727745056,0.33106979727745056,6400.0,0.0,0.0
1981-12-18,0.33106979727745056,0.33106979727745056,0.33106979727745056,0.33106979727745056,32000.0,0.0,0.0
1981-12-21,0.33106979727745056,0.33106979727745056,0.33106979727745056,0.33106979727745056,16000.0,0.0,0.0
1981-12-22,0.33106979727745056,0.33106979727745056,0.33106979727745056,0.33106979727745056,3200.0,0.0,0.0
1981-12-23,0.33106979727745056,0.33106979727745056,0.33106979727745056,0.33106979727745056,32000.0,0.0,0.0
1981-12-24,0.3344082534313202,0.3344082534313202,0.3344082534313202,0.3344082534313202,28800.0,0.0,0.0
1981-12-28,0.33106979727745056,0.33106979727745056,0.33106979727745056,0.33106979727745056,89600.0,0.0,0.0
1981-12-29,0.33106979727745056,0.33106979727745056,0.33106979727745056,0.33106979727745056,51200.0,0.0,0.0
1981-12-30,0.33106979727745056,0.33106979727745056,0.33106979727745056,0.33106979727745056,12800.0,0.0,0.0
1981-12-31,0.33106975862555116,0.33106975862555116,0.3277312219142914,0.3277312219142914,38400.0,0.0,0.0
1982-01-04,0.3243926167488098,0.3243926167488098,0.32101129790745936,0.3243926167488098,1478400.0,0.0,0.0
1982-01-05,0.3277308137271997,0.3277312219142914,0.3210113908939171,0.3277312219142914,112000.0,0.0,0.0
1982-01-06,0.3277308137271997,0.3277312219142914,0.32439271071472486,0.3277312219142914,25600.0,0.0,0.0
1982-01-07,0.32101118564605713,0.32439250330492087,0.32101118564605713,0.32101118564605713,12800.0,0.0,0.0
1982-01-08,0.3277308137271997,0.3277312219142914,0.3210113908939171,0.3277312219142914,144000.0,0.0,0.0
1982-01-11,0.3243926167488098,0.3310696627255146,0.3243926167488098,0.3243926167488098,339200.0,0.0,0.0
1982-01-12,0.3277312219142914,0.3277312219142914,0.3277312219142914,0.3277312219142914,3200.0,0.0,0.0
1982-01-13,0.33106979727745056,0.33106979727745056,0.3277312601764217,0.33106979727745056,38400.0,0.0,0.0
1982-01-14,0.33106975862555116,0.33106975862555116,0.3277312219142914,0.3277312219142914,9600.0,0.0,0.0
1982-01-15,0.3277312219142914,0.3277312219142914,0.3277312219142914,0.3277312219142914,0.0,0.0,0.0
1982-01-18,0.3243926167488098,0.3277311269813193,0.3243926167488098,0.3243926167488098,70400.0,0.0,0.0
1982-01-19,0.3243926167488098,0.3243926167488098,0.3243926167488098,0.3243926167488098,3200.0,0.0,0.0
1982-01-20,0.3277308137271997,0.3277312219142914,0.32439271071472486,0.3277312219142914,9600.0,0.0,0.0
1982-01-21,0.3243926167488098,0.3243926167488098,0.3243926167488098,0.3243926167488098,3200.0,0.0,0.0
1982-01-22,0.3243926167488098,0.3243926167488098,0.3243926167488098,0.3243926167488098,9600.0,0.0,0.0
1982-01-25,0.32101118564605713,0.32101118564605713,0.32101118564605713,0.32101118564605713,19200.0,0.0,0.0
1982-01-26,0.3243926167488098,0.3277311269813193,0.3243926167488098,0.3243926167488098,12800.0,0.0,0.0
1982-01-27,0.3243926167488098,0.3243926167488098,0.3243926167488098,0.3243926167488098,16000.0,0.0,0.0
1982-01-28,0.3243926167488098,0.3243926167488098,0.3243926167488098,0.3243926167488098,67200.0,0.0,0.0
1982-01-29,0.3243926167488098,0.3243926167488098,0.3243926167488098,0.3243926167488098,28800.0,0.0,0.0
1982-02-01,0.3243926167488098,0.3243926167488098,0.3243926167488098,0.3243926167488098,6400.0,0.0,0.0
1982-02-02,0.33106979727745056,0.33106979727745056,0.3277312601764217,0.33106979727745056,9600.0,0.0,0.0
1982-02-03,0.33106975862555116,0.33106975862555116,0.3277312219142914,0.3277312219142914,9600.0,0.0,0.0
1982-02-04,0.3277312219142914,0.3277312219142914,0.3277312219142914,0.3277312219142914,19200.0,0.0,0.0
1982-02-05,0.3243926167488098,0.3277311269813193,0.3243926167488098,0.3243926167488098,16000.0,0.0,0.0
1982-02-08,0.3243926167488098,0.3277311269813193,0.3243926167488098,0.3243926167488098,41600.0,0.0,0.0
1982-02-09,0.32101118564605713,0.32439250330492087,0.32101118564605713,0.32101118564605713,57600.0,0.0,0.0
1982-02-10,0.32101118564605713,0.32101118564605713,0.31767267658106374,0.32101118564605713,44800.0,0.0,0.0
1982-02-11,0.32101118564605713,0.32439250330492087,0.32101118564605713,0.32101118564605713,25600.0,0.0,0.0
1982-02-12,0.32101118564605713,0.32101118564605713,0.32101118564605713,0.32101118564605713,38400.0,0.0,0.0
1982-02-16,0.31767284870147705,0.31767284870147705,0.31767284870147705,0.31767284870147705,22400.0,0.0,0.0
1982-02-17,0.3143341839313507,0.3143341839313507,0.3143341839313507,0.3143341839313507,35200.0,0.0,0.0
1982-02-18,0.3243926167488098,0.3243926167488098,0.32101129790745936,0.3243926167488098,86400.0,0.0,0.0
1982-02-19,0.32101118564605713,0.32439250330492087,0.32101118564605713,0.32101118564605713,22400.0,0.0,0.0
1982-02-22,0.3277308137271997,0.3277312219142914,0.32439271071472486,0.3277312219142914,137600.0,0.0,0.0
1982-02-23,0.33106979727745056,0.33106979727745056,0.3277312601764217,0.33106979727745056,12800.0,0.0,0.0
1982-02-24,0.33106979727745056,0.3344083088667833,0.33106979727745056,0.33106979727745056,121600.0,0.0,0.0
1982-02-25,0.3410847575521191,0.34108516573905945,0.33440814581597705,0.34108516573905945,185600.0,0.0,0.0
1982-02-26,0.33774664998054504,0.33774664998054504,0.3344081400763049,0.33774664998054504,83200.0,0.0,0.0
1982-03-01,0.3410847575521191,0.34108516573905945,0.33440814581597705,0.34108516573905945,48000.0,0.0,0.0
1982-03-02,0.34776222705841064,0.34776222705841064,0.34442371694437773,0.34776222705841064,35200.0,0.0,0.0
1982-03-03,0.351143479347229,0.351143479347229,0.347762161265583,0.351143479347229,134400.0,0.0,0.0
1982-03-04,0.351143479347229,0.351143479347229,0.351143479347229,0.351143479347229,41600.0,0.0,0.0
1982-03-05,0.3578204214572906,0.3578204214572906,0.351143378890955,0.35782042145729065,268800.0,0.0,0.0
1982-03-08,0.351143479347229,0.3544819888296521,0.351143479347229,0.351143479347229,54400.0,0.0,0.0
1982-03-09,0.35448211431503296,0.35448211431503296,0.35448211431503296,0.35448211431503296,6400.0,0.0,0.0
1982-03-10,0.3578204214572906,0.361158929984622,0.3578204214572906,0.35782042145729065,188800.0,0.0,0.0
1982-03-11,0.3578204214572906,0.361158929984622,0.3578204214572906,0.35782042145729065,35200.0,0.0,0.0
1982-03-12,0.3578204214572906,0.3578204214572906,0.3578204214572906,0.35782042145729065,35200.0,0.0,0.0
1982-03-15,0.3578204214572906,0.3578204214572906,0.3578204214572906,0.35782042145729065,41600.0,0.0,0.0
1982-03-16,0.36115914583206177,0.36115914583206177,0.36115914583206177,0.36115914583206177,25600.0,0.0,0.0
1982-03-17,0.3578204214572906,0.361158929984622,0.3578204214572906,0.35782042145729065,57600.0,0.0,0.0
1982-03-18,0.35782065049096584,0.35782065049096584,0.35448211431503296,0.35448211431503296,67200.0,0.0,0.0
1982-03-19,0.3578204214572906,0.361158929984622,0.3578204214572906,0.35782042145729065,38400.0,0.0,0.0
1982-03-22,0.36115914583206177,0.36115914583206177,0.35448209927517677,0.36115914583206177,368000.0,0.0,0.0
1982-03-23,0.36449751257896423,0.36783602178469094,0.36449751257896423,0.36449751257896423,60800.0,0.0,0.0
1982-03-24,0.36449751257896423,0.36449751257896423,0.36449751257896423,0.36449751257896423,54400.0,0.0,0.0
1982-03-25,0.36115914583206177,0.36115914583206177,0.36115914583206177,0.36115914583206177,259200.0,0.0,0.0
1982-03-26,0.3578204214572906,0.361158929984622,0.3578204214572906,0.35782042145729065,156800.0,0.0,0.0
1982-03-29,0.351143479347229,0.3544819888296521,0.351143479347229,0.351143479347229,665600.0,0.0,0.0
1982-03-30,0.351143479347229,0.351143479347229,0.351143479347229,0.351143479347229,9600.0,0.0,0.0
1982-03-31,0.34776222705841064,0.35448205589379816,0.34776222705841064,0.34776222705841064,32000.0,0.0,0.0
1982-04-01,0.34776222705841064,0.34776222705841064,0.34776222705841064,0.34776222705841064,38400.0,0.0,0.0
1982-04-02,0.351143479347229,0.351143479347229,0.347762161265583,0.351143479347229,38400.0,0.0,0.0
1982-04-05,0.351143479347229,0.351143479347229,0.351143479347229,0.351143479347229,25600.0,0.0,0.0
1982-04-06,0.351143479347229,0.351143479347229,0.351143479347229,0.351143479347229,28800.0,0.0,0.0
1982-04-07,0.351143479347229,0.351143479347229,0.351143479347229,0.351143479347229,0.0,0.0,0.0
1982-04-08,0.35448170612800667,0.35448211431503296,0.35114360365078917,0.35448211431503296,9600.0,0.0,0.0
1982-04-12,0.35782065049096584,0.35782065049096584,0.35448211431503296,0.35448211431503296,86400.0,0.0,0.0
1982-04-13,0.35448211431503296,0.35448211431503296,0.35448211431503296,0.35448211431503296,6400.0,0.0,0.0
1982-04-14,0.351143479347229,0.3544819888296521,0.351143479347229,0.351143479347229,19200.0,0.0,0.0
1982-04-15,0.351143479347229,0.351143479347229,0.351143479347229,0.351143479347229,41600.0,0.0,0.0
1982-04-16,0.35448211431503296,0.35448211431503296,0.35448211431503296,0.35448211431503296,3200.0,0.0,0.0
1982-04-19,0.35448211431503296,0.35448211431503296,0.35448211431503296,0.35448211431503296,6400.0,0.0,0.0
1982-04-20,0.35448211431503296,0.35448211431503296,0.35448211431503296,0.35448211431503296,0.0,0.0,0.0
1982-04-21,0.3578204214572906,0.3578204214572906,0.3578204214572906,0.35782042145729065,35200.0,0.0,0.0
1982-04-22,0.351143479347229,0.3544819888296521,0.351143479347229,0.351143479347229,144000.0,0.0,0.0
1982-04-23,0.351143479347229,0.351143479347229,0.351143479347229,0.351143479347229,0.0,0.0,0.0
1982-04-26,0.351143479347229,0.351143479347229,0.351143479347229,0.351143479347229,0.0,0.0,0.0
1982-04-27,0.351143479347229,0.351143479347229,0.351143479347229,0.351143479347229,3200.0,0.0,0.0
1982-04-28,0.351143479347229,0.351143479347229,0.351143479347229,0.351143479347229,12800.0,0.0,0.0
1982-04-29,0.34776222705841064,0.34776222705841064,0.34776222705841064,0.34776222705841064,137600.0,0.0,0.0
1982-04-30,0.351143479347229,0.351143479347229,0.347762161265583,0.351143479347229,128000.0,0.0,0.0
1982-05-03,0.351143479347229,0.351143479347229,0.351143479347229,0.351143479347229,9600.0,0.0,0.0
1982-05-04,0.351143479347229,0.351143479347229,0.351143479347229,0.351143479347229,41600.0,0.0,0.0
1982-05-05,0.35448170612800667,0.35448211431503296,0.35114360365078917,0.35448211431503296,131200.0,0.0,0.0
1982-05-06,0.3578204214572906,0.3578204214572906,0.3578204214572906,0.35782042145729065,6400.0,0.0,0.0
1982-05-07,0.35782065049096584,0.35782065049096584,0.35448211431503296,0.35448211431503296,572800.0,0.0,0.0
1982-05-10,0.35448211431503296,0.35448211431503296,0.35448211431503296,0.35448211431503296,38400.0,0.0,0.0
1982-05-11,0.35448211431503296,0.35448211431503296,0.35448211431503296,0.35448211431503296,6400.0,0.0,0.0
1982-05-12,0.3578204214572906,0.3578204214572906,0.3578204214572906,0.35782042145729065,6400.0,0.0,0.0
1982-05-13,0.35448211431503296,0.35448211431503296,0.35448211431503296,0.35448211431503296,48000.0,0.0,0.0
1982-05-14,0.3578204214572906,0.3578204214572906,0.3578204214572906,0.35782042145729065,92800.0,0.0,0.0
1982-05-17,0.3578204214572906,0.3578204214572906,0.3578204214572906,0.35782042145729065,19200.0,0.0,0.0
1982-05-18,0.3578204214572906,0.3578204214572906,0.3578204214572906,0.35782042145729065,9600.0,0.0,0.0
1982-05-19,0.3578204214572906,0.3578204214572906,0.3578204214572906,0.35782042145729065,0.0,0.0,0.0
1982-05-20,0.36115914583206177,0.36115914583206177,0.3578206353094633,0.36115914583206177,28800.0,0.0,0.0
1982-05-21,0.36449751257896423,0.36449751257896423,0.36115900337323753,0.36449751257896423,32000.0,0.0,0.0
1982-05-24,0.36115914583206177,0.36115914583206177,0.36115914583206177,0.36115914583206177,44800.0,0.0,0.0
1982-05-25,0.36115914583206177,0.3644976563546602,0.36115914583206177,0.36115914583206177,25600.0,0.0,0.0
1982-05-26,0.36115914583206177,0.36115914583206177,0.36115914583206177,0.36115914583206177,60800.0,0.0,0.0
1982-05-27,0.36449751257896423,0.36449751257896423,0.36115900337323753,0.36449751257896423,12800.0,0.0,0.0
1982-05-28,0.36115914583206177,0.3644976563546602,0.36115914583206177,0.36115914583206177,25600.0,0.0,0.0
1982-06-01,0.36449751257896423,0.36783602178469094,0.36115900337323753,0.36449751257896423,64000.0,0.0,0.0
1982-06-02,0.36449751257896423,0.36783602178469094,0.36449751257896423,0.36449751257896423,12800.0,0.0,0.0
1982-06-03,0.36783614754676824,0.36783614754676824,0.36783614754676824,0.3678361475467682,16000.0,0.0,0.0
1982-06-04,0.36449751257896423,0.36449751257896423,0.36449751257896423,0.36449751257896423,9600.0,0.0,0.0
1982-06-07,0.36449751257896423,0.36449751257896423,0.36449751257896423,0.36449751257896423,12800.0,0.0,0.0
1982-06-08,0.36449751257896423,0.36449751257896423,0.36449751257896423,0.36449751257896423,0.0,0.0,0.0
1982-06-09,0.36115914583206177,0.36115914583206177,0.36115914583206177,0.36115914583206177,73600.0,0.0,0.0
1982-06-10,0.36115914583206177,0.36115914583206177,0.36115914583206177,0.36115914583206177,57600.0,0.0,0.0
1982-06-11,0.36449751257896423,0.36449751257896423,0.36115900337323753,0.36449751257896423,48000.0,0.0,0.0
1982-06-14,0.36449751257896423,0.36783602178469094,0.36449751257896423,0.36449751257896423,54400.0,0.0,0.0
1982-06-15,0.36115914583206177,0.36115914583206177,0.36115914583206177,0.36115914583206177,16000.0,0.0,0.0
1982-06-16,0.36115914583206177,0.36115914583206177,0.36115914583206177,0.36115914583206177,224000.0,0.0,0.0
1982-06-17,0.36115914583206177,0.36115914583206177,0.36115914583206177,0.36115914583206177,6400.0,0.0,0.0
1982-06-18,0.36115914583206177,0.36115914583206177,0.36115914583206177,0.36115914583206177,25600.0,0.0,0.0
1982-06-21,0.36115914583206177,0.36115914583206177,0.36115914583206177,0.36115914583206177,9600.0,0.0,0.0
1982-06-22,0.36115914583206177,0.36115914583206177,0.36115914583206177,0.36115914583206177,9600.0,0.0,0.0
1982-06-23,0.36115914583206177,0.36115914583206177,0.36115914583206177,0.36115914583206177,12800.0,0.0,0.0
1982-06-24,0.36115914583206177,0.36115914583206177,0.36115914583206177,0.36115914583206177,6400.0,0.0,0.0
1982-06-25,0.34442359209060663,0.3578204618093711,0.34442359209060663,0.3444235920906067,467200.0,0.0,0.0
1982-06-28,0.3444237012122844,0.3444237012122844,0.34108516573905945,0.34108516573905945,230400.0,0.0,0.0
1982-06-29,0.33774664998054504,0.33774664998054504,0.33774664998054504,0.33774664998054504,44800.0,0.0,0.0
1982-06-30,0.34108516573905945,0.34108516573905945,0.34108516573905945,0.34108516573905945,12800.0,0.0,0.0
1982-07-01,0.3410847575521191,0.34108516573905945,0.3377466557775182,0.34108516573905945,12800.0,0.0,0.0
1982-07-02,0.33774664998054504,0.33774664998054504,0.33774664998054504,0.33774664998054504,3200.0,0.0,0.0
1982-07-06,0.33774664998054504,0.33774664998054504,0.33774664998054504,0.33774664998054504,0.0,0.0,0.0
1982-07-07,0.33774664998054504,0.33774664998054504,0.33774664998054504,0.33774664998054504,3200.0,0.0,0.0
1982-07-08,0.3344082534313202,0.3344082534313202,0.3344082534313202,0.3344082534313202,3200.0,0.0,0.0
1982-07-09,0.3344082534313202,0.3344082534313202,0.3344082534313202,0.3344082534313202,6400.0,0.0,0.0
1982-07-12,0.3344082534313202,0.3344082534313202,0.3344082534313202,0.3344082534313202,121600.0,0.0,0.0
1982-07-13,0.3344082534313202,0.3344082534313202,0.3344082534313202,0.3344082534313202,3200.0,0.0,0.0
1982-07-14,0.3344082534313202,0.3344082534313202,0.33106974239541853,0.3344082534313202,57600.0,0.0,0.0
1982-07-15,0.3344082534313202,0.3344082534313202,0.3344082534313202,0.3344082534313202,12800.0,0.0,0.0
1982-07-16,0.33106979727745056,0.33106979727745056,0.33106979727745056,0.33106979727745056,6400.0,0.0,0.0
1982-07-19,0.3277312219142914,0.3277312219142914,0.3277312219142914,0.3277312219142914,19200.0,0.0,0.0
1982-07-20,0.3277312219142914,0.3277312219142914,0.3277312219142914,0.3277312219142914,169600.0,0.0,0.0
1982-07-21,0.3277312219142914,0.3277312219142914,0.3277312219142914,0.3277312219142914,0.0,0.0,0.0
1982-07-22,0.3243926167488098,0.3243926167488098,0.3243926167488098,0.3243926167488098,19200.0,0.0,0.0
1982-07-23,0.3277312219142914,0.3277312219142914,0.3277312219142914,0.3277312219142914,6400.0,0.0,0.0
1982-07-26,0.3277312219142914,0.3277312219142914,0.3277312219142914,0.3277312219142914,32000.0,0.0,0.0
1982-07-27,0.3277312219142914,0.3277312219142914,0.3277312219142914,0.3277312219142914,9600.0,0.0,0.0
1982-07-28,0.3277312219142914,0.3277312219142914,0.3277312219142914,0.3277312219142914,12800.0,0.0,0.0
1982-07-29,0.3277312219142914,0.3277312219142914,0.3277312219142914,0.3277312219142914,12800.0,0.0,0.0
1982-07-30,0.3277312219142914,0.3277312219142914,0.3277312219142914,0.3277312219142914,12800.0,0.0,0.0
1982-08-02,0.3344082534313202,0.3344082534313202,0.33106974239541853,0.3344082534313202,12800.0,0.0,0.0
1982-08-03,0.3344082534313202,0.3344082534313202,0.3344082534313202,0.3344082534313202,86400.0,0.0,0.0
1982-08-04,0.33106975862555116,0.33106975862555116,0.3277312219142914,0.3277312219142914,41600.0,0.0,0.0
1982-08-05,0.3277312219142914,0.3277312219142914,0.3277312219142914,0.3277312219142914,12800.0,0.0,0.0
1982-08-06,0.33106975862555116,0.33106975862555116,0.3277312219142914,0.3277312219142914,9600.0,0.0,0.0
1982-08-09,0.3243926167488098,0.3277311269813193,0.3243926167488098,0.3243926167488098,22400.0,0.0,0.0
1982-08-10,0.3243926167488098,0.3277311269813193,0.3243926167488098,0.3243926167488098,2544000.0,0.0,0.0
1982-08-11,0.3277308137271997,0.3277312219142914,0.32439271071472486,0.3277312219142914,1120000.0,0.0,0.0
1982-08-12,0.3277312219142914,0.3277312219142914,0.3277312219142914,0.3277312219142914,3200.0,0.0,0.0
1982-08-13,0.3277312219142914,0.3277312219142914,0.3277312219142914,0.3277312219142914,368000.0,0.0,0.0
1982-08-16,0.3243926167488098,0.3243926167488098,0.3243926167488098,0.3243926167488098,28800.0,0.0,0.0
1982-08-17,0.33106979727745056,0.33106979727745056,0.32439274858708894,0.33106979727745056,96000.0,0.0,0.0
1982-08-18,0.33106979727745056,0.3344083088667833,0.33106979727745056,0.33106979727745056,9600.0,0.0,0.0
1982-08-19,0.3344082698251176,0.3344082698251176,0.3277312219142914,0.3277312219142914,83200.0,0.0,0.0
1982-08-20,0.3410847575521191,0.34108516573905945,0.3310696358544359,0.34108516573905945,192000.0,0.0,0.0
1982-08-23,0.36115914583206177,0.36115914583206177,0.34776226961741913,0.36115914583206177,140800.0,0.0,0.0
1982-08-24,0.37451305985450745,0.37451305985450745,0.3644975068821838,0.37451305985450745,150400.0,0.0,0.0
1982-08-25,0.4079836399410579,0.40798404812812805,0.3745132696312328,0.40798404812812805,137600.0,0.0,0.0
1982-08-26,0.40126404166221613,0.4079838693842513,0.40126404166221613,0.4012640416622162,294400.0,0.0,0.0
1982-08-27,0.4046453833580017,0.40798389311307637,0.40126406500020806,0.4046453833580017,390400.0,0.0,0.0
1982-08-30,0.4012643883735056,0.4012643883735056,0.3945873379707336,0.39458733797073364,67200.0,0.0,0.0
1982-08-31,0.3912489116191864,0.394587424799358,0.3912489116191864,0.3912489116191864,28800.0,0.0,0.0
1982-09-01,0.40126404166221613,0.40126404166221613,0.39124848746782653,0.4012640416622162,153600.0,0.0,0.0
1982-09-02,0.4246765673160553,0.4246765673160553,0.40126413530254135,0.4246765673160553,140800.0,0.0,0.0
1982-09-03,0.417999416589737,0.4246764611115842,0.417999416589737,0.41799941658973694,163200.0,0.0,0.0
1982-09-07,0.41466099023818964,0.42133801058732473,0.41466099023818964,0.4146609902381897,73600.0,0.0,0.0
1982-09-08,0.4213374943590672,0.4213379025459289,0.4113223745904539,0.42133790254592896,291200.0,0.0,0.0
1982-09-09,0.42467665426928325,0.42467665426928325,0.40798404812812805,0.40798404812812805,355200.0,0.0,0.0
1982-09-10,0.41132258466337424,0.41132258466337424,0.40798404812812805,0.40798404812812805,64000.0,0.0,0.0
1982-09-13,0.417999416589737,0.42801497061666766,0.41466090708465353,0.41799941658973694,291200.0,0.0,0.0
1982-09-14,0.43473453234185144,0.4347349405288696,0.4213380640121198,0.43473494052886963,259200.0,0.0,0.0
1982-09-15,0.4380734860897064,0.4380734860897064,0.43139646436104107,0.4380734860897064,150400.0,0.0,0.0
1982-09-16,0.4480890333652496,0.451427543958823,0.43807345056115227,0.44808903336524963,169600.0,0.0,0.0
1982-09-17,0.4447505474090576,0.448089058187571,0.43807347482865083,0.4447505474090576,195200.0,0.0,0.0
1982-09-20,0.4414116532657552,0.4414120614528656,0.4380735501007119,0.4414120614528656,44800.0,0.0,0.0
1982-09-21,0.4414116532657552,0.4414120614528656,0.4380735501007119,0.4414120614528656,38400.0,0.0,0.0
1982-09-22,0.4380734860897064,0.4414119969540391,0.4380734860897064,0.4380734860897064,25600.0,0.0,0.0
1982-09-23,0.42801511287689203,0.43807345333476627,0.42801511287689203,0.4280151128768921,169600.0,0.0,0.0
1982-09-24,0.41466099023818964,0.42467654627357765,0.41466099023818964,0.4146609902381897,60800.0,0.0,0.0
1982-09-27,0.417999416589737,0.417999416589737,0.41466090708465353,0.41799941658973694,211200.0,0.0,0.0
1982-09-28,0.4046453833580017,0.41466093813490784,0.4046453833580017,0.4046453833580017,131200.0,0.0,0.0
1982-09-29,0.4046453833580017,0.4046453833580017,0.4046453833580017,0.4046453833580017,0.0,0.0,0.0
1982-09-30,0.4079836399410579,0.40798404812812805,0.40126421746203517,0.40798404812812805,54400.0,0.0,0.0
1982-10-01,0.41132253408432,0.41132253408432,0.4079839979596033,0.41132253408432007,92800.0,0.0,0.0
1982-10-04,0.41466099023818964,0.4179995004127572,0.41466099023818964,0.4146609902381897,19200.0,0.0,0.0
1982-10-05,0.417999416589737,0.417999416589737,0.41466090708465353,0.41799941658973694,32000.0,0.0,0.0
1982-10-06,0.42801511287689203,0.42801511287689203,0.4146610449063601,0.4280151128768921,118400.0,0.0,0.0
1982-10-07,0.43139639496803284,0.4347349052953437,0.43139639496803284,0.43139639496803284,35200.0,0.0,0.0
1982-10-08,0.42801511287689203,0.4313964321053447,0.42801511287689203,0.4280151128768921,240000.0,0.0,0.0
1982-10-11,0.4246765673160553,0.4280150776560441,0.4246765673160553,0.4246765673160553,80000.0,0.0,0.0
1982-10-12,0.417999416589737,0.42801497061666766,0.417999416589737,0.41799941658973694,35200.0,0.0,0.0
1982-10-13,0.42801511287689203,0.42801511287689203,0.4146610449063601,0.4280151128768921,76800.0,0.0,0.0
1982-10-14,0.4380734860897064,0.4380734860897064,0.4246766340154331,0.4380734860897064,425600.0,0.0,0.0
1982-10-15,0.4447505474090576,0.4447505474090576,0.4414119856071642,0.4447505474090576,67200.0,0.0,0.0
1982-10-18,0.45142725110054016,0.45476575952829423,0.44808874267278603,0.45142725110054016,38400.0,0.0,0.0
1982-10-19,0.46816251586425106,0.46816292405128485,0.4547660725338101,0.4681629240512848,54400.0,0.0,0.0
1982-10-20,0.47150129079818726,0.47150129079818726,0.46816273042998174,0.47150129079818726,67200.0,0.0,0.0
1982-10-21,0.4681630347738457,0.4681630347738457,0.4614860117435455,0.46148601174354553,35200.0,0.0,0.0
1982-10-22,0.45142725110054016,0.4581470765417476,0.45142725110054016,0.45142725110054016,28800.0,0.0,0.0
1982-10-25,0.43139639496803284,0.4414119259499654,0.43139639496803284,0.43139639496803284,92800.0,0.0,0.0
1982-10-26,0.4246765673160553,0.4280150776560441,0.42133803146437987,0.4246765673160553,99200.0,0.0,0.0
1982-10-27,0.43139639496803284,0.43139639496803284,0.42133802986435714,0.43139639496803284,99200.0,0.0,0.0
1982-10-28,0.43139639496803284,0.43139639496803284,0.42467656570335455,0.43139639496803284,25600.0,0.0,0.0
1982-10-29,0.4347349405288696,0.4347349405288696,0.4347349405288696,0.43473494052886963,9600.0,0.0,0.0
1982-11-01,0.43139639496803284,0.43139639496803284,0.4280150760306654,0.43139639496803284,16000.0,0.0,0.0
1982-11-02,0.4380734860897064,0.4414119969540391,0.43139646436104107,0.4380734860897064,60800.0,0.0,0.0
1982-11-03,0.4480890333652496,0.4480890333652496,0.43807345056115227,0.44808903336524963,51200.0,0.0,0.0
1982-11-04,0.4681630347738457,0.4681630347738457,0.4614860117435455,0.46148601174354553,156800.0,0.0,0.0
1982-11-05,0.4681630347738457,0.4681630347738457,0.4614860117435455,0.46148601174354553,44800.0,0.0,0.0
1982-11-08,0.4614860117435455,0.4614860117435455,0.4614860117435455,0.46148601174354553,51200.0,0.0,0.0
1982-11-09,0.4614860117435455,0.4614860117435455,0.4614860117435455,0.46148601174354553,6400.0,0.0,0.0
1982-11-10,0.4648244380950928,0.46816294899857186,0.46148592719161363,0.4648244380950928,41600.0,0.0,0.0
1982-11-11,0.4614856035564152,0.46482452325869555,0.4581475002283954,0.46148601174354553,22400.0,0.0,0.0
1982-11-12,0.4547660052776337,0.45814732411830555,0.4547660052776337,0.45476600527763367,19200.0,0.0,0.0
1982-11-15,0.4547660052776337,0.4547660052776337,0.4547660052776337,0.45476600527763367,16000.0,0.0,0.0
1982-11-16,0.4581475257873535,0.4581475257873535,0.4514276937568821,0.4581475257873535,80000.0,0.0,0.0
1982-11-17,0.4581475257873535,0.4581475257873535,0.4581475257873535,0.4581475257873535,9600.0,0.0,0.0
1982-11-18,0.4614856035564152,0.4614860117435455,0.4581475002283954,0.46148601174354553,32000.0,0.0,0.0
1982-11-19,0.4581475257873535,0.46482454919014893,0.4581475257873535,0.4581475257873535,592000.0,0.0,0.0
1982-11-22,0.4547660052776337,0.4547660052776337,0.4547660052776337,0.45476600527763367,12800.0,0.0,0.0
1982-11-23,0.4547660052776337,0.4547660052776337,0.4547660052776337,0.45476600527763367,3200.0,0.0,0.0
1982-11-24,0.4547660052776337,0.4547660052776337,0.4547660052776337,0.45476600527763367,0.0,0.0,0.0
1982-11-26,0.4547660052776337,0.4547660052776337,0.4547660052776337,0.45476600527763367,12800.0,0.0,0.0
1982-11-29,0.4547660052776337,0.4547660052776337,0.4547660052776337,0.45476600527763367,19200.0,0.0,0.0
1982-11-30,0.46816251586425106,0.46816292405128485,0.4547660725338101,0.4681629240512848,48000.0,0.0,0.0
1982-12-01,0.47483980655670166,0.47483980655670166,0.4681627367534615,0.47483980655670166,115200.0,0.0,0.0
1982-12-02,0.47483980655670166,0.47483980655670166,0.47483980655670166,0.47483980655670166,16000.0,0.0,0.0
1982-12-03,0.47483980655670166,0.47483980655670166,0.47483980655670166,0.47483980655670166,32000.0,0.0,0.0
1982-12-06,0.47150129079818726,0.4748398001430347,0.47150129079818726,0.47150129079818726,108800.0,0.0,0.0
1982-12-07,0.47150129079818726,0.47150129079818726,0.47150129079818726,0.47150129079818726,35200.0,0.0,0.0
1982-12-08,0.4648244380950928,0.4715015109254329,0.4648244380950928,0.4648244380950928,118400.0,0.0,0.0
1982-12-09,0.4648244380950928,0.4648244380950928,0.4648244380950928,0.4648244380950928,41600.0,0.0,0.0
1982-12-10,0.46482452325869555,0.46482452325869555,0.4614860117435455,0.46148601174354553,32000.0,0.0,0.0
1982-12-13,0.45142725110054016,0.4614855849695017,0.45142725110054016,0.45142725110054016,32000.0,0.0,0.0
1982-12-14,0.45142725110054016,0.45142725110054016,0.44808874267278603,0.45142725110054016,278400.0,0.0,0.0
1982-12-15,0.45142725110054016,0.45142725110054016,0.45142725110054016,0.45142725110054016,124800.0,0.0,0.0
1982-12-16,0.45142725110054016,0.45142725110054016,0.45142725110054016,0.45142725110054016,12800.0,0.0,0.0
1982-12-17,0.45142725110054016,0.45142725110054016,0.45142725110054016,0.45142725110054016,3200.0,0.0,0.0
1982-12-20,0.4547660052776337,0.4547660052776337,0.45142749504579427,0.45476600527763367,22400.0,0.0,0.0
1982-12-21,0.45142725110054016,0.45142725110054016,0.45142725110054016,0.45142725110054016,22400.0,0.0,0.0
1982-12-22,0.45142725110054016,0.45142725110054016,0.45142725110054016,0.45142725110054016,12800.0,0.0,0.0
1982-12-23,0.4547660052776337,0.4547660052776337,0.4547660052776337,0.45476600527763367,6400.0,0.0,0.0
1982-12-27,0.45142725110054016,0.45142725110054016,0.45142725110054016,0.45142725110054016,22400.0,0.0,0.0
1982-12-28,0.4480890333652496,0.4480890333652496,0.4480890333652496,0.44808903336524963,9600.0,0.0,0.0
1982-12-29,0.4480890333652496,0.451427543958823,0.4480890333652496,0.44808903336524963,16000.0,0.0,0.0
1982-12-30,0.45142725110054016,0.45142725110054016,0.45142725110054016,0.45142725110054016,51200.0,0.0,0.0
1982-12-31,0.4480890333652496,0.4480890333652496,0.4480890333652496,0.44808903336524963,25600.0,0.0,0.0
1983-01-03,0.45142725110054016,0.45142725110054016,0.44475023424503196,0.45142725110054016,102400.0,0.0,0.0
1983-01-04,0.4547660052776337,0.4547660052776337,0.45142749504579427,0.45476600527763367,12800.0,0.0,0.0
1983-01-05,0.4547660052776337,0.4547660052776337,0.4547660052776337,0.45476600527763367,41600.0,0.0,0.0
1983-01-06,0.4547660052776337,0.4547660052776337,0.45142749504579427,0.45476600527763367,12800.0,0.0,0.0
1983-01-07,0.4547660052776337,0.4547660052776337,0.45142749504579427,0.45476600527763367,12800.0,0.0,0.0
1983-01-10,0.4547660052776337,0.4547660052776337,0.45142749504579427,0.45476600527763367,41600.0,0.0,0.0
1983-01-11,0.4547660052776337,0.4547660052776337,0.4547660052776337,0.45476600527763367,9600.0,0.0,0.0
1983-01-12,0.4547660052776337,0.4547660052776337,0.4547660052776337,0.45476600527763367,28800.0,0.0,0.0
1983-01-13,0.4547660052776337,0.4547660052776337,0.4547660052776337,0.45476600527763367,3200.0,0.0,0.0
1983-01-14,0.4547660052776337,0.4547660052776337,0.4547660052776337,0.45476600527763367,12800.0,0.0,0.0
1983-01-17,0.4547660052776337,0.4547660052776337,0.4547660052776337,0.45476600527763367,12800.0,0.0,0.0
1983-01-18,0.4547660052776337,0.4547660052776337,0.4547660052776337,0.45476600527763367,9600.0,0.0,0.0
1983-01-19,0.4547660052776337,0.4547660052776337,0.4547660052776337,0.45476600527763367,28800.0,0.0,0.0
1983-01-20,0.45142725110054016,0.45476575952829423,0.45142725110054016,0.45142725110054016,32000.0,0.0,0.0
1983-01-21,0.4480890333652496,0.451427543958823,0.4480890333652496,0.44808903336524963,32000.0,0.0,0.0
1983-01-24,0.4380734860897064,0.4414119969540391,0.4380734860897064,0.4380734860897064,102400.0,0.0,0.0
1983-01-25,0.4380734860897064,0.4380734860897064,0.4380734860897064,0.4380734860897064,0.0,0.0,0.0
1983-01-26,0.444750623828408,0.444750623828408,0.4414120614528656,0.4414120614528656,28800.0,0.0,0.0
1983-01-27,0.4447505474090576,0.4447505474090576,0.4414119856071642,0.4447505474090576,48000.0,0.0,0.0
1983-01-28,0.45142725110054016,0.45142725110054016,0.44475023424503196,0.45142725110054016,83200.0,0.0,0.0
1983-01-31,0.4581475257873535,0.4581475257873535,0.4547662054582798,0.4581475257873535,121600.0,0.0,0.0
1983-02-01,0.4581475257873535,0.4581475257873535,0.4581475257873535,0.4581475257873535,32000.0,0.0,0.0
1983-02-02,0.46816292405128485,0.46816292405128485,0.46816292405128485,0.4681629240512848,137600.0,0.0,0.0
1983-02-03,0.46816292405128485,0.46816292405128485,0.46816292405128485,0.4681629240512848,268800.0,0.0,0.0
1983-02-04,0.47150129079818726,0.47150129079818726,0.46816273042998174,0.47150129079818726,48000.0,0.0,0.0
1983-02-07,0.4815169572830201,0.4815169572830201,0.4748399366734854,0.48151695728302,262400.0,0.0,0.0
1983-02-08,0.49157541990280146,0.49157541990280146,0.4815170778600162,0.4915754199028015,1430400.0,0.0,0.0
1983-02-09,0.48489835858345026,0.48823686945544204,0.48489835858345026,0.4848983585834503,35200.0,0.0,0.0
1983-02-10,0.4815169572830201,0.48489827619755493,0.4815169572830201,0.48151695728302,144000.0,0.0,0.0
1983-02-11,0.478178471326828,0.478178471326828,0.478178471326828,0.478178471326828,32000.0,0.0,0.0
1983-02-14,0.4815169572830201,0.4815169572830201,0.4815169572830201,0.48151695728302,48000.0,0.0,0.0
1983-02-15,0.4815169572830201,0.4815169572830201,0.4815169572830201,0.48151695728302,12800.0,0.0,0.0
1983-02-16,0.5015907287597656,0.5015907287597656,0.4815168133004971,0.5015907287597656,160000.0,0.0,0.0
1983-02-17,0.5116494297981262,0.5149879414831218,0.5049295978006693,0.5116494297981262,76800.0,0.0,0.0
1983-02-18,0.5216642112589199,0.5216646194458008,0.5149876004968323,0.5216646194458008,108800.0,0.0,0.0
1983-02-22,0.5216646194458008,0.5216646194458008,0.5216646194458008,0.5216646194458008,246400.0,0.0,0.0
1983-02-23,0.5216649689794466,0.5216649689794466,0.5149879455566406,0.5149879455566406,115200.0,0.0,0.0
1983-02-24,0.5183262228965759,0.5216647330984054,0.511649202492917,0.5183262228965759,118400.0,0.0,0.0
1983-02-25,0.5183262228965759,0.5183262228965759,0.5149877126947465,0.5183262228965759,51200.0,0.0,0.0
1983-02-28,0.5216646194458008,0.5216646194458008,0.5216646194458008,0.5216646194458008,12800.0,0.0,0.0
1983-03-01,0.5250033736228943,0.5250033736228943,0.5216648118934195,0.5250033736228943,32000.0,0.0,0.0
1983-03-02,0.5283418297767639,0.5283418297767639,0.5283418297767639,0.5283418297767639,214400.0,0.0,0.0
1983-03-03,0.5316804051399231,0.5316804051399231,0.5283418943703774,0.5316804051399231,44800.0,0.0,0.0
1983-03-04,0.5383999347686768,0.5383999347686768,0.5316801083647555,0.5383999347686768,89600.0,0.0,0.0
1983-03-07,0.5250033736228943,0.5350189057411817,0.5250033736228943,0.5250033736228943,108800.0,0.0,0.0
1983-03-08,0.5216649689794466,0.5216649689794466,0.5149879455566406,0.5149879455566406,48000.0,0.0,0.0
1983-03-09,0.5183262228965759,0.5216647330984054,0.5149877126947465,0.5183262228965759,8092800.0,0.0,0.0
1983-03-10,0.4982524812221527,0.5149878451438974,0.4982524812221527,0.4982524812221527,134400.0,0.0,0.0
1983-03-11,0.48489835858345026,0.4982524530947988,0.48489835858345026,0.4848983585834503,86400.0,0.0,0.0
1983-03-14,0.478178471326828,0.48823681136306246,0.47483996085206565,0.478178471326828,96000.0,0.0,0.0
1983-03-15,0.47483980655670166,0.481516825336583,0.47483980655670166,0.47483980655670166,489600.0,0.0,0.0
1983-03-16,0.47150159731238706,0.47150159731238706,0.4614860117435455,0.46148601174354553,41600.0,0.0,0.0
1983-03-17,0.46482452325869555,0.46482452325869555,0.4614860117435455,0.46148601174354553,73600.0,0.0,0.0
1983-03-18,0.46816251586425106,0.46816292405128485,0.464824413325707,0.4681629240512848,156800.0,0.0,0.0
1983-03-21,0.4648244380950928,0.4648244380950928,0.4648244380950928,0.4648244380950928,86400.0,0.0,0.0
1983-03-22,0.4648244380950928,0.4648244380950928,0.4648244380950928,0.4648244380950928,70400.0,0.0,0.0
1983-03-23,0.4648244380950928,0.47484002182891205,0.4648244380950928,0.4648244380950928,64000.0,0.0,0.0
1983-03-24,0.4648244380950928,0.4715015109254329,0.4648244380950928,0.4648244380950928,192000.0,0.0,0.0
1983-03-25,0.4648244380950928,0.4648244380950928,0.4648244380950928,0.4648244380950928,6400.0,0.0,0.0
1983-03-28,0.46816251586425106,0.46816292405128485,0.464824413325707,0.4681629240512848,41600.0,0.0,0.0
1983-03-29,0.4648244380950928,0.4648244380950928,0.46148592719161363,0.4648244380950928,147200.0,0.0,0.0
1983-03-30,0.4614860117435455,0.4614860117435455,0.4614860117435455,0.46148601174354553,28800.0,0.0,0.0
1983-03-31,0.4648244380950928,0.4648244380950928,0.45814741628813455,0.4648244380950928,150400.0,0.0,0.0
1983-04-04,0.46482452325869555,0.46482452325869555,0.4614860117435455,0.46148601174354553,611200.0,0.0,0.0
1983-04-05,0.46482452325869555,0.46482452325869555,0.4614860117435455,0.46148601174354553,371200.0,0.0,0.0
1983-04-06,0.4648244380950928,0.4648244380950928,0.46148592719161363,0.4648244380950928,96000.0,0.0,0.0
1983-04-07,0.4614860117435455,0.4614860117435455,0.4614860117435455,0.46148601174354553,25600.0,0.0,0.0
1983-04-08,0.46482452325869555,0.46482452325869555,0.4614860117435455,0.46148601174354553,19200.0,0.0,0.0
1983-04-11,0.46482452325869555,0.46482452325869555,0.4614860117435455,0.46148601174354553,54400.0,0.0,0.0
1983-04-12,0.46482452325869555,0.46482452325869555,0.4614860117435455,0.46148601174354553,48000.0,0.0,0.0
1983-04-13,0.4648244380950928,0.4648244380950928,0.46148592719161363,0.4648244380950928,627200.0,0.0,0.0
1983-04-14,0.4648244380950928,0.4648244380950928,0.4648244380950928,0.4648244380950928,19200.0,0.0,0.0
1983-04-15,0.47483980655670166,0.47483980655670166,0.4681627367534615,0.47483980655670166,153600.0,0.0,0.0
1983-04-18,0.47483980655670166,0.47483980655670166,0.47483980655670166,0.47483980655670166,12800.0,0.0,0.0
1983-04-19,0.478178471326828,0.478178471326828,0.478178471326828,0.478178471326828,16000.0,0.0,0.0
1983-04-20,0.4815169572830201,0.4815169572830201,0.47817844697825274,0.48151695728302,28800.0,0.0,0.0
1983-04-21,0.49491322945124955,0.49491363763809204,0.48489811015341705,0.49491363763809204,60800.0,0.0,0.0
1983-04-22,0.49491363763809204,0.49491363763809204,0.49491363763809204,0.49491363763809204,48000.0,0.0,0.0
1983-04-25,0.49491363763809204,0.49491363763809204,0.49491363763809204,0.49491363763809204,41600.0,0.0,0.0
1983-04-26,0.49491363763809204,0.49491363763809204,0.49491363763809204,0.49491363763809204,9600.0,0.0,0.0
1983-04-27,0.4949137451033128,0.4949137451033128,0.4882367253303528,0.4882367253303528,60800.0,0.0,0.0
1983-04-28,0.49157541990280146,0.4949139310435675,0.49157541990280146,0.4915754199028015,217600.0,0.0,0.0
1983-04-29,0.5015907287597656,0.5015907287597656,0.4915751498169361,0.5015907287597656,48000.0,0.0,0.0
1983-05-02,0.4982524812221527,0.4982524812221527,0.4982524812221527,0.4982524812221527,22400.0,0.0,0.0
1983-05-03,0.5015907287597656,0.5015907287597656,0.4949136591234268,0.5015907287597656,67200.0,0.0,0.0
1983-05-04,0.5015907287597656,0.5015907287597656,0.4949136591234268,0.5015907287597656,272000.0,0.0,0.0
1983-05-05,0.5082680583000183,0.5082680583000183,0.4982525242536559,0.5082680583000183,89600.0,0.0,0.0
1983-05-06,0.5015907287597656,0.5049292380662563,0.5015907287597656,0.5015907287597656,102400.0,0.0,0.0
1983-05-09,0.4982524812221527,0.4982524812221527,0.4982524812221527,0.4982524812221527,16000.0,0.0,0.0
1983-05-10,0.504929780960083,0.504929780960083,0.504929780960083,0.504929780960083,48000.0,0.0,0.0
1983-05-11,0.5015907287597656,0.5015907287597656,0.5015907287597656,0.5015907287597656,19200.0,0.0,0.0
1983-05-12,0.49157541990280146,0.49157541990280146,0.49157541990280146,0.4915754199028015,3200.0,0.0,0.0
1983-05-13,0.49157541990280146,0.49157541990280146,0.49157541990280146,0.4915754199028015,3200.0,0.0,0.0
1983-05-16,0.48489835858345026,0.4915753803274338,0.48489835858345026,0.4848983585834503,22400.0,0.0,0.0
1983-05-17,0.478178471326828,0.4815169818015904,0.478178471326828,0.478178471326828,83200.0,0.0,0.0
1983-05-18,0.47483980655670166,0.47483980655670166,0.471501297166761,0.47483980655670166,35200.0,0.0,0.0
1983-05-19,0.47483980655670166,0.47483980655670166,0.47483980655670166,0.47483980655670166,9600.0,0.0,0.0
1983-05-20,0.47483980655670166,0.47483980655670166,0.47483980655670166,0.47483980655670166,3200.0,0.0,0.0
1983-05-23,0.47483980655670166,0.47483980655670166,0.471501297166761,0.47483980655670166,80000.0,0.0,0.0
1983-05-24,0.48489835858345026,0.48489835858345026,0.47817852822242585,0.4848983585834503,38400.0,0.0,0.0
1983-05-25,0.4815169572830201,0.4815169572830201,0.4815169572830201,0.48151695728302,64000.0,0.0,0.0
1983-05-26,0.4815169572830201,0.4815169572830201,0.4815169572830201,0.48151695728302,19200.0,0.0,0.0
1983-05-27,0.4815169572830201,0.4815169572830201,0.4815169572830201,0.48151695728302,0.0,0.0,0.0
1983-05-31,0.48823631714342164,0.4882367253303528,0.4848982154438728,0.4882367253303528,22400.0,0.0,0.0
1983-06-01,0.49491322945124955,0.49491363763809204,0.49157512847653373,0.49491363763809204,25600.0,0.0,0.0
1983-06-02,0.4982524812221527,0.4982524812221527,0.4982524812221527,0.4982524812221527,25600.0,0.0,0.0
1983-06-03,0.504929780960083,0.5082682938560986,0.5015912680640674,0.504929780960083,220800.0,0.0,0.0
1983-06-06,0.5015907287597656,0.5082677473727469,0.5015907287597656,0.5015907287597656,60800.0,0.0,0.0
1983-06-07,0.5015907287597656,0.5015907287597656,0.5015907287597656,0.5015907287597656,12800.0,0.0,0.0
1983-06-08,0.5015907287597656,0.5049292380662563,0.49825221945327497,0.5015907287597656,35200.0,0.0,0.0
1983-06-09,0.5015907287597656,0.5015907287597656,0.5015907287597656,0.5015907287597656,9600.0,0.0,0.0
1983-06-10,0.5015907287597656,0.5049292380662563,0.5015907287597656,0.5015907287597656,51200.0,0.0,0.0
1983-06-13,0.504929780960083,0.5082682938560986,0.5015912680640674,0.504929780960083,25600.0,0.0,0.0
1983-06-14,0.5082680583000183,0.5082680583000183,0.5082680583000183,0.5082680583000183,9600.0,0.0,0.0
1983-06-15,0.504929780960083,0.5082682938560986,0.504929780960083,0.504929780960083,16000.0,0.0,0.0
1983-06-16,0.504929780960083,0.504929780960083,0.504929780960083,0.504929780960083,0.0,0.0,0.0
1983-06-17,0.5082680583000183,0.5082680583000183,0.5049295469512308,0.5082680583000183,22400.0,0.0,0.0
1983-06-20,0.504929780960083,0.5082682938560986,0.504929780960083,0.504929780960083,16000.0,0.0,0.0
1983-06-21,0.504929780960083,0.504929780960083,0.504929780960083,0.504929780960083,38400.0,0.0,0.0
1983-06-22,0.5082680583000183,0.5082680583000183,0.5049295469512308,0.5082680583000183,19200.0,0.0,0.0
1983-06-23,0.504929780960083,0.504929780960083,0.504929780960083,0.504929780960083,3200.0,0.0,0.0
1983-06-24,0.5015907069845641,0.5015907069845641,0.49491363763809204,0.49491363763809204,419200.0,0.0,0.0
1983-06-27,0.48489835858345026,0.4915753803274338,0.48489835858345026,0.4848983585834503,57600.0,0.0,0.0
1983-06-28,0.4815169572830201,0.4815169572830201,0.4815169572830201,0.48151695728302,38400.0,0.0,0.0
1983-06-29,0.4882367253303528,0.4882367253303528,0.4882367253303528,0.4882367253303528,12800.0,0.0,0.0
1983-06-30,0.48489835858345026,0.48823686945544204,0.48489835858345026,0.4848983585834503,28800.0,0.0,0.0
1983-07-01,0.4882367253303528,0.4882367253303528,0.4882367253303528,0.4882367253303528,3200.0,0.0,0.0
1983-07-05,0.49157541990280146,0.49157541990280146,0.49157541990280146,0.4915754199028015,16000.0,0.0,0.0
1983-07-06,0.49157541990280146,0.49157541990280146,0.49157541990280146,0.4915754199028015,0.0,0.0,0.0
1983-07-07,0.49491322945124955,0.49491363763809204,0.49157512847653373,0.49491363763809204,108800.0,0.0,0.0
1983-07-08,0.504929780960083,0.504929780960083,0.4982527551680518,0.504929780960083,35200.0,0.0,0.0
1983-07-11,0.5116494297981262,0.5149879414831218,0.5082681094856648,0.5116494297981262,240000.0,0.0,0.0
1983-07-12,0.5082680583000183,0.5082680583000183,0.5082680583000183,0.5082680583000183,22400.0,0.0,0.0
1983-07-13,0.5149875373694863,0.5149879455566406,0.5082681135060303,0.5149879455566406,83200.0,0.0,0.0
1983-07-14,0.5183262228965759,0.5183262228965759,0.5183262228965759,0.5183262228965759,70400.0,0.0,0.0
1983-07-15,0.5216646194458008,0.5216646194458008,0.5216646194458008,0.5216646194458008,57600.0,0.0,0.0
1983-07-18,0.5183262228965759,0.5216647330984054,0.5183262228965759,0.5183262228965759,25600.0,0.0,0.0
1983-07-19,0.5216642112589199,0.5216646194458008,0.5183261099713166,0.5216646194458008,67200.0,0.0,0.0
1983-07-20,0.5250033736228943,0.5250033736228943,0.5183263011873237,0.5250033736228943,92800.0,0.0,0.0
1983-07-21,0.5216646194458008,0.5216646194458008,0.5216646194458008,0.5216646194458008,12800.0,0.0,0.0
1983-07-22,0.5316804051399231,0.538400235294742,0.5250033836008315,0.5316804051399231,208000.0,0.0,0.0
1983-07-25,0.5250033736228943,0.5350189057411817,0.5250033736228943,0.5250033736228943,80000.0,0.0,0.0
1983-07-26,0.5283418297767639,0.5283418297767639,0.5283418297767639,0.5283418297767639,38400.0,0.0,0.0
1983-07-27,0.5316804051399231,0.5316804051399231,0.5250033836008315,0.5316804051399231,169600.0,0.0,0.0
1983-07-28,0.5350186228752136,0.5350186228752136,0.5350186228752136,0.5350186228752136,124800.0,0.0,0.0
1983-07-29,0.548415014252793,0.5484154224395752,0.5316800705090791,0.5484154224395752,329600.0,0.0,0.0
1983-08-01,0.5450773239135742,0.5450773239135742,0.5450773239135742,0.5450773239135742,16000.0,0.0,0.0
1983-08-02,0.548415014252793,0.5484154224395752,0.5450769137712328,0.5484154224395752,70400.0,0.0,0.0
1983-08-03,0.548415014252793,0.5484154224395752,0.5450769137712328,0.5484154224395752,28800.0,0.0,0.0
1983-08-04,0.551754355430603,0.551754355430603,0.551754355430603,0.551754355430603,54400.0,0.0,0.0
1983-08-05,0.5450773239135742,0.5484158350939727,0.5450773239135742,0.5450773239135742,156800.0,0.0,0.0
1983-08-08,0.5484158907987128,0.5484158907987128,0.5417388677597046,0.5417388677597046,96000.0,0.0,0.0
1983-08-09,0.5417384595725738,0.5417388677597046,0.5384003562402006,0.5417388677597046,9600.0,0.0,0.0
1983-08-10,0.5316804051399231,0.538400235294742,0.5316804051399231,0.5316804051399231,38400.0,0.0,0.0
1983-08-11,0.5350186228752136,0.5350186228752136,0.5350186228752136,0.5350186228752136,16000.0,0.0,0.0
1983-08-12,0.5350186228752136,0.5350186228752136,0.5316801139341977,0.5350186228752136,64000.0,0.0,0.0
1983-08-15,0.5316801988926135,0.5316801988926135,0.5216646194458008,0.5216646194458008,70400.0,0.0,0.0
1983-08-16,0.5216646194458008,0.5216646194458008,0.5216646194458008,0.5216646194458008,0.0,0.0,0.0
1983-08-17,0.5250033736228943,0.5250033736228943,0.5183263011873237,0.5250033736228943,70400.0,0.0,0.0
1983-08-18,0.5250033736228943,0.5250033736228943,0.5250033736228943,0.5250033736228943,0.0,0.0,0.0
1983-08-19,0.5283418297767639,0.5283418297767639,0.5216647580306129,0.5283418297767639,44800.0,0.0,0.0
1983-08-22,0.5283418297767639,0.5283418297767639,0.5283418297767639,0.5283418297767639,0.0,0.0,0.0
1983-08-23,0.5250035317142439,0.5250035317142439,0.5149879455566406,0.5149879455566406,76800.0,0.0,0.0
1983-08-24,0.5149879455566406,0.5149879455566406,0.5149879455566406,0.5149879455566406,0.0,0.0,0.0
1983-08-25,0.5149875373694863,0.5149879455566406,0.5116494338452376,0.5149879455566406,48000.0,0.0,0.0
1983-08-26,0.504929780960083,0.5082682938560986,0.504929780960083,0.504929780960083,25600.0,0.0,0.0
1983-08-29,0.504929780960083,0.504929780960083,0.504929780960083,0.504929780960083,0.0,0.0,0.0
1983-08-30,0.5116494297981262,0.5116494297981262,0.5049295978006693,0.5116494297981262,32000.0,0.0,0.0
1983-08-31,0.5082680583000183,0.5116493782719604,0.5082680583000183,0.5082680583000183,38400.0,0.0,0.0
1983-09-01,0.5116494297981262,0.5116494297981262,0.5049295978006693,0.5116494297981262,121600.0,0.0,0.0
1983-09-02,0.5149879455566406,0.5149879455566406,0.5149879455566406,0.5149879455566406,25600.0,0.0,0.0
1983-09-06,0.5216642112589199,0.5216646194458008,0.5183261099713166,0.5216646194458008,57600.0,0.0,0.0
1983-09-07,0.5216646194458008,0.5216646194458008,0.5216646194458008,0.5216646194458008,19200.0,0.0,0.0
1983-09-08,0.5216646194458008,0.5216646194458008,0.5216646194458008,0.5216646194458008,3200.0,0.0,0.0
1983-09-09,0.5216646194458008,0.5216646194458008,0.5216646194458008,0.5216646194458008,9600.0,0.0,0.0
1983-09-12,0.5383999347686768,0.5383999347686768,0.5250030905526664,0.5383999347686768,742400.0,0.0,0.0
1983-09-13,0.5417384595725738,0.5417388677597046,0.5350190360953527,0.5417388677597046,601600.0,0.0,0.0
1983-09-14,0.5417384595725738,0.5417388677597046,0.5384003562402006,0.5417388677597046,22400.0,0.0,0.0
1983-09-15,0.5383999347686768,0.5417384436747213,0.5383999347686768,0.5383999347686768,25600.0,0.0,0.0
1983-09-16,0.5383999347686768,0.5383999347686768,0.5383999347686768,0.5383999347686768,9600.0,0.0,0.0
1983-09-19,0.5383999347686768,0.5383999347686768,0.5350186172708,0.5383999347686768,32000.0,0.0,0.0
1983-09-20,0.5350186228752136,0.5350186228752136,0.5350186228752136,0.5350186228752136,9600.0,0.0,0.0
1983-09-21,0.5584312677383423,0.5584312677383423,0.5350188362004811,0.5584312677383423,652800.0,0.0,0.0
1983-09-22,0.5584312677383423,0.5584312677383423,0.5584312677383423,0.5584312677383423,678400.0,0.0,0.0
1983-09-23,0.5617699027061462,0.5617699027061462,0.5617699027061462,0.5617699027061462,54400.0,0.0,0.0
1983-09-26,0.5617699027061462,0.5617699027061462,0.5617699027061462,0.5617699027061462,0.0,0.0,0.0
1983-09-27,0.575166353688079,0.5751667618751526,0.5684897397733071,0.5751667618751526,124800.0,0.0,0.0
1983-09-28,0.5785053968429565,0.5785053968429565,0.5785053968429565,0.5785053968429565,9600.0,0.0,0.0
1983-09-29,0.5818438350003822,0.5818438350003822,0.5751667618751526,0.5751667618751526,38400.0,0.0,0.0
1983-09-30,0.575166353688079,0.5751667618751526,0.5718282508242298,0.5751667618751526,22400.0,0.0,0.0
1983-10-03,0.5751666920446733,0.5751666920446733,0.568489670753479,0.568489670753479,28800.0,0.0,0.0
1983-10-04,0.5617699027061462,0.5651512223382075,0.5617699027061462,0.5617699027061462,19200.0,0.0,0.0
1983-10-05,0.5617699027061462,0.5617699027061462,0.5617699027061462,0.5617699027061462,9600.0,0.0,0.0
1983-10-06,0.5584312677383423,0.5617697780105051,0.5550927574661795,0.5584312677383423,70400.0,0.0,0.0
1983-10-07,0.5617699027061462,0.5651512223382075,0.5584313916929367,0.5617699027061462,38400.0,0.0,0.0
1983-10-10,0.5617699027061462,0.5617699027061462,0.5617699027061462,0.5617699027061462,0.0,0.0,0.0
1983-10-11,0.5651509761810303,0.5651509761810303,0.5651509761810303,0.5651509761810303,22400.0,0.0,0.0
1983-10-12,0.5651509761810303,0.5651509761810303,0.5651509761810303,0.5651509761810303,25600.0,0.0,0.0
1983-10-13,0.5651509761810303,0.5651509761810303,0.5651509761810303,0.5651509761810303,80000.0,0.0,0.0
1983-10-14,0.5651509761810303,0.5651509761810303,0.5651509761810303,0.5651509761810303,35200.0,0.0,0.0
1983-10-17,0.5651509761810303,0.5651509761810303,0.5651509761810303,0.5651509761810303,35200.0,0.0,0.0
1983-10-18,0.568489262566455,0.568489670753479,0.5651511601078819,0.568489670753479,83200.0,0.0,0.0
1983-10-19,0.568489670753479,0.568489670753479,0.568489670753479,0.568489670753479,428800.0,0.0,0.0
1983-10-20,0.568489670753479,0.568489670753479,0.568489670753479,0.568489670753479,57600.0,0.0,0.0
1983-10-21,0.568489670753479,0.568489670753479,0.568489670753479,0.568489670753479,118400.0,0.0,0.0
1983-10-24,0.5651509761810303,0.5684894857401185,0.5617696580217361,0.5651509761810303,86400.0,0.0,0.0
1983-10-25,0.5584312677383423,0.5718281174363429,0.5584312677383423,0.5584312677383423,105600.0,0.0,0.0
1983-10-26,0.5550925731658936,0.5550925731658936,0.5550925731658936,0.5550925731658936,9600.0,0.0,0.0
1983-10-27,0.551754355430603,0.551754355430603,0.551754355430603,0.551754355430603,22400.0,0.0,0.0
1983-10-28,0.551754355430603,0.551754355430603,0.551754355430603,0.551754355430603,9600.0,0.0,0.0
1983-10-31,0.551754355430603,0.5584313772847471,0.5484157934801487,0.551754355430603,44800.0,0.0,0.0
1983-11-01,0.551754355430603,0.5550928663576751,0.5484157934801487,0.551754355430603,25600.0,0.0,0.0
1983-11-02,0.551754355430603,0.551754355430603,0.551754355430603,0.551754355430603,16000.0,0.0,0.0
1983-11-03,0.5484154224395752,0.5484154224395752,0.5484154224395752,0.5484154224395752,3200.0,0.0,0.0
1983-11-04,0.5450773792792087,0.5450773792792087,0.5417388677597046,0.5417388677597046,128000.0,0.0,0.0
1983-11-07,0.5350186228752136,0.5383999404085102,0.5350186228752136,0.5350186228752136,73600.0,0.0,0.0
1983-11-08,0.5316804051399231,0.5350189159094689,0.5316804051399231,0.5316804051399231,83200.0,0.0,0.0
1983-11-09,0.5283418297767639,0.5283418297767639,0.5283418297767639,0.5283418297767639,115200.0,0.0,0.0
1983-11-10,0.5183262228965759,0.5183262228965759,0.5183262228965759,0.5183262228965759,12800.0,0.0,0.0
1983-11-11,0.5183262228965759,0.5183262228965759,0.5183262228965759,0.5183262228965759,0.0,0.0,0.0
1983-11-14,0.5183262228965759,0.5183262228965759,0.5183262228965759,0.5183262228965759,3200.0,0.0,0.0
1983-11-15,0.5283418297767639,0.5283418297767639,0.5216647580306129,0.5283418297767639,83200.0,0.0,0.0
1983-11-16,0.5283418297767639,0.5283418297767639,0.5283418297767639,0.5283418297767639,0.0,0.0,0.0
1983-11-17,0.548415014252793,0.5484154224395752,0.5283415618407367,0.5484154224395752,265600.0,0.0,0.0
1983-11-18,0.551754355430603,0.551754355430603,0.5484157934801487,0.551754355430603,502400.0,0.0,0.0
1983-11-21,0.5484154224395752,0.5484154224395752,0.5484154224395752,0.5484154224395752,6400.0,0.0,0.0
1983-11-22,0.5450773792792087,0.5450773792792087,0.5417388677597046,0.5417388677597046,35200.0,0.0,0.0
1983-11-23,0.5450773239135742,0.5450773239135742,0.5450773239135742,0.5450773239135742,9600.0,0.0,0.0
1983-11-25,0.5417384595725738,0.5417388677597046,0.5384003562402006,0.5417388677597046,41600.0,0.0,0.0
1983-11-28,0.5383999347686768,0.5383999347686768,0.5383999347686768,0.5383999347686768,6400.0,0.0,0.0
1983-11-29,0.5383999347686768,0.5383999347686768,0.5383999347686768,0.5383999347686768,0.0,0.0,0.0
1983-11-30,0.5417388677597046,0.5417388677597046,0.5417388677597046,0.5417388677597046,16000.0,0.0,0.0
1983-12-01,0.548415014252793,0.5484154224395752,0.5450769137712328,0.5484154224395752,32000.0,0.0,0.0
1983-12-02,0.5584312677383423,0.5584312677383423,0.5517542471940167,0.5584312677383423,44800.0,0.0,0.0
1983-12-05,0.551754355430603,0.5550928663576751,0.551754355430603,0.551754355430603,25600.0,0.0,0.0
1983-12-06,0.551754355430603,0.551754355430603,0.551754355430603,0.551754355430603,0.0,0.0,0.0
1983-12-07,0.5617699027061462,0.5617699027061462,0.5517543696665176,0.5617699027061462,51200.0,0.0,0.0
1983-12-08,0.5617699027061462,0.5617699027061462,0.5617699027061462,0.5617699027061462,28800.0,0.0,0.0
1983-12-09,0.5584312677383423,0.5584312677383423,0.5584312677383423,0.5584312677383423,3200.0,0.0,0.0
1983-12-12,0.5584312677383423,0.5584312677383423,0.5584312677383423,0.5584312677383423,6400.0,0.0,0.0
1983-12-13,0.5550924907996078,0.5550924907996078,0.5484154224395752,0.5484154224395752,28800.0,0.0,0.0
1983-12-14,0.5450773239135742,0.5450773239135742,0.5450773239135742,0.5450773239135742,9600.0,0.0,0.0
1983-12-15,0.5316804051399231,0.5417387460642877,0.5316804051399231,0.5316804051399231,54400.0,0.0,0.0
1983-12-16,0.5350186228752136,0.5350186228752136,0.5316801139341977,0.5350186228752136,9600.0,0.0,0.0
1983-12-19,0.5383999347686768,0.5383999347686768,0.5383999347686768,0.5383999347686768,12800.0,0.0,0.0
1983-12-20,0.5450773792792087,0.5450773792792087,0.5417388677597046,0.5417388677597046,99200.0,0.0,0.0
1983-12-21,0.5383999347686768,0.5417384436747213,0.5383999347686768,0.5383999347686768,80000.0,0.0,0.0
1983-12-22,0.5316804051399231,0.538400235294742,0.5316804051399231,0.5316804051399231,332800.0,0.0,0.0
1983-12-23,0.5283418297767639,0.5283418297767639,0.5283418297767639,0.5283418297767639,22400.0,0.0,0.0
1983-12-27,0.5316804051399231,0.5316804051399231,0.5316804051399231,0.5316804051399231,73600.0,0.0,0.0
1983-12-28,0.5417384595725738,0.5417388677597046,0.5350190360953527,0.5417388677597046,54400.0,0.0,0.0
1983-12-29,0.5417388677597046,0.5417388677597046,0.5417388677597046,0.5417388677597046,19200.0,0.0,0.0
1983-12-30,0.548415014252793,0.5484154224395752,0.5417384051028904,0.5484154224395752,57600.0,0.0,0.0
1984-01-03,0.5450773239135742,0.5450773239135742,0.5450773239135742,0.5450773239135742,6400.0,0.0,0.0
1984-01-04,0.548415014252793,0.5484154224395752,0.5450769137712328,0.5484154224395752,144000.0,0.0,0.0
1984-01-05,0.551754355430603,0.551754355430603,0.551754355430603,0.551754355430603,28800.0,0.0,0.0
1984-01-06,0.5550925731658936,0.5550925731658936,0.5550925731658936,0.5550925731658936,358400.0,0.0,0.0
1984-01-09,0.5550925731658936,0.5550925731658936,0.5550925731658936,0.5550925731658936,32000.0,0.0,0.0
1984-01-10,0.5550925731658936,0.5550925731658936,0.5550925731658936,0.5550925731658936,9600.0,0.0,0.0
1984-01-11,0.551754355430603,0.5550928663576751,0.551754355430603,0.551754355430603,89600.0,0.0,0.0
1984-01-12,0.551754355430603,0.551754355430603,0.551754355430603,0.551754355430603,67200.0,0.0,0.0
1984-01-13,0.5550925731658936,0.5584310823296138,0.5517540640021732,0.5550925731658936,89600.0,0.0,0.0
1984-01-16,0.5550925731658936,0.5550925731658936,0.5550925731658936,0.5550925731658936,54400.0,0.0,0.0
1984-01-17,0.5550925731658936,0.5550925731658936,0.5550925731658936,0.5550925731658936,80000.0,0.0,0.0
1984-01-18,0.5550925731658936,0.5550925731658936,0.5550925731658936,0.5550925731658936,6400.0,0.0,0.0
1984-01-19,0.5550925731658936,0.5550925731658936,0.5550925731658936,0.5550925731658936,992000.0,0.0,0.0
1984-01-20,0.5550925731658936,0.5550925731658936,0.5550925731658936,0.5550925731658936,57600.0,0.0,0.0
1984-01-23,0.5617699027061462,0.5617699027061462,0.5550928806797272,0.5617699027061462,38400.0,0.0,0.0
1984-01-24,0.5617699027061462,0.5617699027061462,0.5617699027061462,0.5617699027061462,102400.0,0.0,0.0
1984-01-25,0.5617699027061462,0.5617699027061462,0.5617699027061462,0.5617699027061462,57600.0,0.0,0.0
1984-01-26,0.5617699027061462,0.5617699027061462,0.5617699027061462,0.5617699027061462,22400.0,0.0,0.0
1984-01-27,0.5617699027061462,0.5617699027061462,0.5617699027061462,0.5617699027061462,12800.0,0.0,0.0
1984-01-30,0.5617699027061462,0.5617699027061462,0.5550928806797272,0.5617699027061462,64000.0,0.0,0.0
1984-01-31,0.5718280076980591,0.5751665173295357,0.5684894980665826,0.5718280076980591,83200.0,0.0,0.0
1984-02-01,0.5751667618751526,0.5751667618751526,0.5751667618751526,0.5751667618751526,67200.0,0.0,0.0
1984-02-02,0.5751667618751526,0.5751667618751526,0.5751667618751526,0.5751667618751526,99200.0,0.0,0.0
1984-02-03,0.5785053968429565,0.5785053968429565,0.5785053968429565,0.5785053968429565,12800.0,0.0,0.0
1984-02-06,0.5785053968429565,0.5785053968429565,0.5751668343479803,0.5785053968429565,51200.0,0.0,0.0
1984-02-07,0.5785053239494594,0.5785053239494594,0.5751667618751526,0.5751667618751526,70400.0,0.0,0.0
1984-02-08,0.5785053239494594,0.5785053239494594,0.5751667618751526,0.5751667618751526,54400.0,0.0,0.0
1984-02-09,0.5785053968429565,0.5785053968429565,0.5751668343479803,0.5785053968429565,28800.0,0.0,0.0
1984-02-10,0.5718280076980591,0.5785050779843748,0.5718280076980591,0.5718280076980591,44800.0,0.0,0.0
1984-02-13,0.5718281813990761,0.5718281813990761,0.568489670753479,0.568489670753479,25600.0,0.0,0.0
1984-02-14,0.5617699027061462,0.5617699027061462,0.5617699027061462,0.5617699027061462,35200.0,0.0,0.0
1984-02-15,0.5617699027061462,0.5617699027061462,0.5617699027061462,0.5617699027061462,41600.0,0.0,0.0
1984-02-16,0.568489262566455,0.568489670753479,0.561769840848147,0.568489670753479,51200.0,0.0,0.0
1984-02-17,0.5651509761810303,0.5684894857401185,0.5651509761810303,0.5651509761810303,41600.0,0.0,0.0
1984-02-21,0.5651509761810303,0.5651509761810303,0.5651509761810303,0.5651509761810303,6400.0,0.0,0.0
1984-02-22,0.5651509761810303,0.5651509761810303,0.5651509761810303,0.5651509761810303,0.0,0.0,0.0
1984-02-23,0.5651509761810303,0.5651509761810303,0.5584311484626479,0.5651509761810303,140800.0,0.0,0.0
1984-02-24,0.5718280076980591,0.5718280076980591,0.5684894980665826,0.5718280076980591,83200.0,0.0,0.0
1984-02-27,0.568489670753479,0.568489670753479,0.568489670753479,0.568489670753479,28800.0,0.0,0.0
1984-02-28,0.568489670753479,0.568489670753479,0.568489670753479,0.568489670753479,3200.0,0.0,0.0
1984-02-29,0.575166353688079,0.5751667618751526,0.5684897397733071,0.5751667618751526,70400.0,0.0,0.0
1984-03-01,0.5785053968429565,0.5785053968429565,0.5785053968429565,0.5785053968429565,60800.0,0.0,0.0
1984-03-02,0.5885204672813416,0.5885204672813416,0.5818434496021816,0.5885204672813416,41600.0,0.0,0.0
1984-03-05,0.5885204672813416,0.5885204672813416,0.5885204672813416,0.5885204672813416,0.0,0.0,0.0
1984-03-06,0.5919021368026733,0.5919021368026733,0.5885208173607482,0.5919021368026733,16000.0,0.0,0.0
1984-03-07,0.5885204672813416,0.5919017847119015,0.5885204672813416,0.5885204672813416,28800.0,0.0,0.0
1984-03-08,0.5885204672813416,0.5885204672813416,0.5885204672813416,0.5885204672813416,0.0,0.0,0.0
1984-03-09,0.5885204672813416,0.5885204672813416,0.5885204672813416,0.5885204672813416,0.0,0.0,0.0
1984-03-12,0.5885204672813416,0.5885204672813416,0.5885204672813416,0.5885204672813416,0.0,0.0,0.0
1984-03-13,0.5885204672813416,0.5885204672813416,0.5885204672813416,0.5885204672813416,6400.0,0.0,0.0
1984-03-14,0.5885204672813416,0.5885204672813416,0.5885204672813416,0.5885204672813416,51200.0,0.0,0.0
1984-03-15,0.5885204672813416,0.5885204672813416,0.5885204672813416,0.5885204672813416,0.0,0.0,0.0
1984-03-16,0.5952404231879501,0.5952408313751221,0.5919023195190646,0.5952408313751221,19200.0,0.0,0.0
1984-03-19,0.5885204672813416,0.5919017847119015,0.5885204672813416,0.5885204672813416,16000.0,0.0,0.0
1984-03-20,0.5885204672813416,0.5885204672813416,0.5851819584417616,0.5885204672813416,172800.0,0.0,0.0
1984-03-21,0.5885204672813416,0.5919017847119015,0.5885204672813416,0.5885204672813416,16000.0,0.0,0.0
1984-03-22,0.5952404231879501,0.5952408313751221,0.5851824871772903,0.5952408313751221,432000.0,0.0,0.0
1984-03-23,0.5919021368026733,0.5919021368026733,0.5919021368026733,0.5919021368026733,9600.0,0.0,0.0
1984-03-26,0.5885204672813416,0.5952402935514814,0.5885204672813416,0.5885204672813416,348800.0,0.0,0.0
1984-03-27,0.5952404231879501,0.5952408313751221,0.5919023195190646,0.5952408313751221,32000.0,0.0,0.0
1984-03-28,0.6019173951003692,0.6019178032875061,0.595240780150001,0.6019178032875061,294400.0,0.0,0.0
1984-03-29,0.5985789895057678,0.5985789895057678,0.5985789895057678,0.5985789895057678,16000.0,0.0,0.0
1984-03-30,0.6019173951003692,0.6019178032875061,0.5985792917187536,0.6019178032875061,556800.0,0.0,0.0
1984-04-02,,,,,,0.0,2.0
1984-04-03,0.6019178032875061,0.6019178032875061,0.6019178032875061,0.6019178032875061,0.0,0.0,0.0
1984-04-04,0.5885204672813416,0.5985788023910614,0.5885204672813416,0.5885204672813416,14400.0,0.0,0.0
1984-04-05,0.5818435549736023,0.5818435549736023,0.5818435549736023,0.5818435549736023,8000.0,0.0,0.0
1984-04-06,0.5818435549736023,0.5885205738619652,0.5718279756176983,0.5818435549736023,44800.0,0.0,0.0
1984-04-09,0.5751667618751526,0.5751667618751526,0.5751667618751526,0.5751667618751526,3200.0,0.0,0.0
1984-04-10,0.5818438350003822,0.5818438350003822,0.5751667618751526,0.5751667618751526,12800.0,0.0,0.0
1984-04-11,0.5617699027061462,0.5684897333514171,0.5617699027061462,0.5617699027061462,17600.0,0.0,0.0
1984-04-12,0.5617699027061462,0.5617699027061462,0.5550928806797272,0.5617699027061462,11200.0,0.0,0.0
1984-04-13,0.5617699027061462,0.5617699027061462,0.5617699027061462,0.5617699027061462,0.0,0.0,0.0
1984-04-16,0.575166353688079,0.5751667618751526,0.5617699090521264,0.5751667618751526,67200.0,0.0,0.0
1984-04-17,0.575166353688079,0.5751667618751526,0.5684897397733071,0.5751667618751526,27200.0,0.0,0.0
1984-04-18,0.568489670753479,0.568489670753479,0.568489670753479,0.568489670753479,1600.0,0.0,0.0
1984-04-19,0.575166353688079,0.5751667618751526,0.5684897397733071,0.5751667618751526,3200.0,0.0,0.0
1984-04-23,0.5584312677383423,0.5718281174363429,0.5550927574661795,0.5584312677383423,35200.0,0.0,0.0
1984-04-24,0.551754355430603,0.551754355430603,0.551754355430603,0.551754355430603,86400.0,0.0,0.0
1984-04-25,0.5617699027061462,0.5617699027061462,0.5617699027061462,0.5617699027061462,6400.0,0.0,0.0
1984-04-26,0.568489670753479,0.568489670753479,0.568489670753479,0.568489670753479,9600.0,0.0,0.0
1984-04-27,0.5651509761810303,0.5651509761810303,0.5651509761810303,0.5651509761810303,3200.0,0.0,0.0
1984-04-30,0.568489670753479,0.568489670753479,0.5584313302025499,0.568489670753479,105600.0,0.0,0.0
1984-05-01,0.5818435549736023,0.5818435549736023,0.5617696386864214,0.5818435549736023,123200.0,0.0,0.0
1984-05-02,0.5818435549736023,0.5818435549736023,0.5818435549736023,0.5818435549736023,1600.0,0.0,0.0
1984-05-03,0.5885204672813416,0.5885204672813416,0.5885204672813416,0.5885204672813416,3200.0,0.0,0.0
1984-05-04,0.5952408313751221,0.5952408313751221,0.5952408313751221,0.5952408313751221,28800.0,0.0,0.0
1984-05-07,0.605256199836731,0.6119332211424957,0.6019176381604704,0.605256199836731,17600.0,0.0,0.0
1984-05-08,0.605256199836731,0.605256199836731,0.605256199836731,0.605256199836731,3200.0,0.0,0.0
1984-05-09,0.6487425565719604,0.6487425565719604,0.6152717792118407,0.6487425565719604,64000.0,0.0,0.0
1984-05-10,0.6620966792106628,0.6620966792106628,0.648742583982378,0.6620966792106628,49600.0,0.0,0.0
1984-05-11,0.6620966792106628,0.6620966792106628,0.6554196060848283,0.6620966792106628,65600.0,0.0,0.0
1984-05-14,0.6620966792106628,0.6620966792106628,0.6620966792106628,0.6620966792106628,251200.0,0.0,0.0
1984-05-15,0.6520810723304749,0.655419583265465,0.6487425613954847,0.6520810723304749,19200.0,0.0,0.0
1984-05-16,0.645404040813446,0.6487425516985346,0.645404040813446,0.645404040813446,153600.0,0.0,0.0
1984-05-17,0.6386845111846924,0.6420230236418972,0.6386845111846924,0.6386845111846924,188800.0,0.0,0.0
1984-05-18,0.6353456974029541,0.6353456974029541,0.6320071865291002,0.6353456974029541,4800.0,0.0,0.0
1984-05-21,0.6253299713134766,0.628668481426848,0.6253299713134766,0.6253299713134766,6400.0,0.0,0.0
1984-05-22,0.6186532378196716,0.6186532378196716,0.6186532378196716,0.6186532378196716,4800.0,0.0,0.0
1984-05-23,0.6152714490890504,0.6152714490890504,0.6152714490890504,0.6152714490890503,32000.0,0.0,0.0
1984-05-24,0.6119332313537598,0.6152717420623516,0.6119332313537598,0.6119332313537598,104000.0,0.0,0.0
1984-05-25,0.6152714490890504,0.6186527668025085,0.6085944308512571,0.6152714490890503,43200.0,0.0,0.0
1984-05-29,0.6119332313537598,0.6152717420623516,0.6119332313537598,0.6119332313537598,30400.0,0.0,0.0
1984-05-30,0.6186532378196716,0.6186532378196716,0.6186532378196716,0.6186532378196716,196800.0,0.0,0.0
1984-05-31,0.6219915151596069,0.6219915151596069,0.6186530047566104,0.6219915151596069,136000.0,0.0,0.0
1984-06-01,0.6386845111846924,0.6386845111846924,0.6253304103324671,0.6386845111846924,56000.0,0.0,0.0
1984-06-04,0.6420223712921143,0.6420223712921143,0.6420223712921143,0.6420223712921143,12800.0,0.0,0.0
1984-06-05,0.6420223712921143,0.6487421980159714,0.6420223712921143,0.6420223712921143,46400.0,0.0,0.0
1984-06-06,0.6420223712921143,0.6420223712921143,0.6420223712921143,0.6420223712921143,308800.0,0.0,0.0
1984-06-07,0.6520810723304749,0.6520810723304749,0.6454040504604945,0.6520810723304749,8000.0,0.0,0.0
1984-06-08,0.6554194092750549,0.6554194092750549,0.6554194092750549,0.6554194092750549,17600.0,0.0,0.0
1984-06-11,0.6587578058242798,0.6620963150392318,0.6587578058242798,0.6587578058242798,22400.0,0.0,0.0
1984-06-12,0.6687735915184021,0.6687735915184021,0.6587580600090087,0.6687735915184021,38400.0,0.0,0.0
1984-06-13,0.6687735915184021,0.6687735915184021,0.6620965705121399,0.6687735915184021,43200.0,0.0,0.0
1984-06-14,0.6620966792106628,0.6687737013131131,0.6620966792106628,0.6620966792106628,11200.0,0.0,0.0
1984-06-15,0.6420223712921143,0.6620962852992989,0.6420223712921143,0.6420223712921143,51200.0,0.0,0.0
1984-06-18,0.6253299713134766,0.6353455526769606,0.6253299713134766,0.6253299713134766,22400.0,0.0,0.0
1984-06-19,0.6119332313537598,0.6152717420623516,0.6119332313537598,0.6119332313537598,20800.0,0.0,0.0
1984-06-20,0.6119332313537598,0.6119332313537598,0.6119332313537598,0.6119332313537598,0.0,0.0,0.0
1984-06-21,0.6219915151596069,0.6219915151596069,0.6152716857425868,0.6219915151596069,646400.0,0.0,0.0
1984-06-22,0.6119332313537598,0.6219915720944807,0.6119332313537598,0.6119332313537598,19200.0,0.0,0.0
1984-06-25,0.6119332313537598,0.6119332313537598,0.6119332313537598,0.6119332313537598,0.0,0.0,0.0
1984-06-26,0.6085945963859558,0.6085945963859558,0.6085945963859558,0.6085945963859558,4800.0,0.0,0.0
1984-06-27,0.5952408313751221,0.6085949298227487,0.5885209990333479,0.5952408313751221,89600.0,0.0,0.0
1984-06-28,0.5885204672813416,0.5885204672813416,0.5885204672813416,0.5885204672813416,14400.0,0.0,0.0
1984-06-29,0.5919021368026733,0.5919021368026733,0.581843795709787,0.5919021368026733,32000.0,0.0,0.0
1984-07-02,0.5985789895057678,0.5985789895057678,0.5919019697393836,0.5985789895057678,25600.0,0.0,0.0
1984-07-03,0.6119332313537598,0.6119332313537598,0.595240626787422,0.6119332313537598,57600.0,0.0,0.0
1984-07-05,0.6085945963859558,0.6085945963859558,0.6085945963859558,0.6085945963859558,3200.0,0.0,0.0
1984-07-06,0.6119332313537598,0.6119332313537598,0.6119332313537598,0.6119332313537598,3200.0,0.0,0.0
1984-07-09,0.6052563658796507,0.6052563658796507,0.6019178032875061,0.6019178032875061,25600.0,0.0,0.0
1984-07-10,0.6019178032875061,0.6019178032875061,0.6019178032875061,0.6019178032875061,9600.0,0.0,0.0
1984-07-11,0.5885204672813416,0.5952402935514814,0.5885204672813416,0.5885204672813416,32000.0,0.0,0.0
1984-07-12,0.5851821899414062,0.5851821899414062,0.5851821899414062,0.5851821899414062,3200.0,0.0,0.0
1984-07-13,0.5851821899414062,0.5851821899414062,0.5851821899414062,0.5851821899414062,0.0,0.0,0.0
1984-07-16,0.5919021368026733,0.5919021368026733,0.5919021368026733,0.5919021368026733,9600.0,0.0,0.0
1984-07-17,0.5785053968429565,0.5818439083145422,0.5785053968429565,0.5785053968429565,28800.0,0.0,0.0
1984-07-18,0.5885204672813416,0.5885204672813416,0.5785049407626016,0.5885204672813416,68800.0,0.0,0.0
1984-07-19,0.5851821899414062,0.5851821899414062,0.5851821899414062,0.5851821899414062,6400.0,0.0,0.0
1984-07-20,0.5851821899414062,0.5851821899414062,0.5851821899414062,0.5851821899414062,0.0,0.0,0.0
1984-07-23,0.5919021368026733,0.5919021368026733,0.5851823065352676,0.5919021368026733,20800.0,0.0,0.0
1984-07-24,0.5952408313751221,0.5985793432311796,0.5919023195190646,0.5952408313751221,24000.0,0.0,0.0
1984-07-25,0.5952408313751221,0.5952408313751221,0.5952408313751221,0.5952408313751221,0.0,0.0,0.0
1984-07-26,0.6019173951003692,0.6019178032875061,0.5885209483865209,0.6019178032875061,22400.0,0.0,0.0
1984-07-27,0.6085945963859558,0.6085945963859558,0.6019175253086778,0.6085945963859558,19200.0,0.0,0.0
1984-07-30,0.6085945963859558,0.6085945963859558,0.6085945963859558,0.6085945963859558,0.0,0.0,0.0
1984-07-31,0.6085945963859558,0.6085945963859558,0.6085945963859558,0.6085945963859558,0.0,0.0,0.0
1984-08-01,0.6219915151596069,0.6219915151596069,0.6119331753395904,0.6219915151596069,171200.0,0.0,0.0
1984-08-02,0.6286679596758162,0.6286683678627014,0.6219913488421113,0.6286683678627014,38400.0,0.0,0.0
1984-08-03,0.6286683678627014,0.6286683678627014,0.6286683678627014,0.6286683678627014,0.0,0.0,0.0
1984-08-06,0.6620966792106628,0.6620966792106628,0.6286686580323038,0.6620966792106628,115200.0,0.0,0.0
1984-08-07,0.6620966792106628,0.6620966792106628,0.6554196060848283,0.6620966792106628,649600.0,0.0,0.0
1984-08-08,0.6620966792106628,0.6620966792106628,0.6620966792106628,0.6620966792106628,0.0,0.0,0.0
1984-08-09,0.6687735915184021,0.6721549106338444,0.6687735915184021,0.6687735915184021,68800.0,0.0,0.0
1984-08-10,0.6821699232911785,0.6888474024245688,0.6754933115550364,0.6821703314781189,112000.0,0.0,0.0
1984-08-13,0.6687735915184021,0.6687735915184021,0.6620965705121399,0.6687735915184021,20800.0,0.0,0.0
1984-08-14,0.6687735915184021,0.6721549106338444,0.6687735915184021,0.6687735915184021,12800.0,0.0,0.0
1984-08-15,0.6620966792106628,0.6620966792106628,0.6620966792106628,0.6620966792106628,16000.0,0.0,0.0
1984-08-16,0.6620966792106628,0.6620966792106628,0.6620966792106628,0.6620966792106628,27200.0,0.0,0.0
1984-08-17,0.6687735915184021,0.6687735915184021,0.6620965705121399,0.6687735915184021,48000.0,0.0,0.0
1984-08-20,0.6654348373413086,0.6654348373413086,0.6654348373413086,0.6654348373413086,8000.0,0.0,0.0
1984-08-21,0.6721546649932861,0.6721546649932861,0.6620963285474252,0.6721546649932861,25600.0,0.0,0.0
1984-08-22,0.6821703314781189,0.6821703314781189,0.6821703314781189,0.6821703314781189,38400.0,0.0,0.0
1984-08-23,0.6888471841812133,0.6921856930850346,0.6788316064463982,0.6888471841812134,54400.0,0.0,0.0
1984-08-24,0.6921859383583069,0.6921859383583069,0.6855089181846894,0.6921859383583069,44800.0,0.0,0.0
1984-08-27,0.6855090260505676,0.6855090260505676,0.6855090260505676,0.6855090260505676,3200.0,0.0,0.0
1984-08-28,0.6921859383583069,0.6921859383583069,0.6921859383583069,0.6921859383583069,6400.0,0.0,0.0
1984-08-29,0.6888471841812133,0.6955242019888559,0.6888471841812133,0.6888471841812134,28800.0,0.0,0.0
1984-08-30,0.6855090260505676,0.6855090260505676,0.6855090260505676,0.6855090260505676,8000.0,0.0,0.0
1984-08-31,0.6989054679870605,0.6989054679870605,0.682170065085913,0.6989054679870605,38400.0,0.0,0.0
1984-09-04,0.6955244541168213,0.7022442829522089,0.6955244541168213,0.6955244541168213,32000.0,0.0,0.0
1984-09-05,0.6921859383583069,0.6989057671388971,0.6921859383583069,0.6921859383583069,166400.0,0.0,0.0
1984-09-06,0.6921859383583069,0.6921859383583069,0.6921859383583069,0.6921859383583069,0.0,0.0,0.0
1984-09-07,0.6955244541168213,0.6955244541168213,0.6888474338887555,0.6955244541168213,9600.0,0.0,0.0
1984-09-10,0.6888471841812133,0.6888471841812133,0.6888471841812133,0.6888471841812134,3200.0,0.0,0.0
1984-09-11,0.6855090260505676,0.6921860472748245,0.6855090260505676,0.6855090260505676,4800.0,0.0,0.0
1984-09-12,0.6721546649932861,0.6821701928424805,0.6721546649932861,0.6721546649932861,12800.0,0.0,0.0
1984-09-13,0.6687735915184021,0.6754934211369755,0.6687735915184021,0.6687735915184021,4800.0,0.0,0.0
1984-09-14,0.6788320541381836,0.6788320541381836,0.6754935430326042,0.6788320541381836,19200.0,0.0,0.0
1984-09-17,0.6855090260505676,0.6855090260505676,0.6855090260505676,0.6855090260505676,24000.0,0.0,0.0
1984-09-18,0.6754932999610901,0.6821703197695703,0.6754932999610901,0.6754932999610901,9600.0,0.0,0.0
1984-09-19,0.6754932999610901,0.6821703197695703,0.6754932999610901,0.6754932999610901,14400.0,0.0,0.0
1984-09-20,0.6721546649932861,0.6721546649932861,0.6721546649932861,0.6721546649932861,4800.0,0.0,0.0
1984-09-21,0.6654348373413086,0.6687733466219192,0.6654348373413086,0.6654348373413086,4800.0,0.0,0.0
1984-09-24,0.6587578058242798,0.6620963150392318,0.6587578058242798,0.6587578058242798,60800.0,0.0,0.0
1984-09-25,0.6587578058242798,0.6587578058242798,0.6587578058242798,0.6587578058242798,0.0,0.0,0.0
1984-09-26,0.6587578058242798,0.6587578058242798,0.6587578058242798,0.6587578058242798,4800.0,0.0,0.0
1984-09-27,0.6587578058242798,0.6587578058242798,0.6587578058242798,0.6587578058242798,72000.0,0.0,0.0
1984-09-28,0.6654348373413086,0.6654348373413086,0.6654348373413086,0.6654348373413086,4800.0,0.0,0.0
1984-10-01,0.6420223712921143,0.6554192161459582,0.6420223712921143,0.6420223712921143,44800.0,0.0,0.0
1984-10-02,0.6420223712921143,0.6420223712921143,0.6286682840087868,0.6420223712921143,22400.0,0.0,0.0
1984-10-03,0.6420223712921143,0.6420223712921143,0.6420223712921143,0.6420223712921143,0.0,0.0,0.0
1984-10-04,0.6353456974029541,0.6353456974029541,0.6353456974029541,0.6353456974029541,3200.0,0.0,0.0
1984-10-05,0.6186532378196716,0.6286687728017785,0.6186532378196716,0.6186532378196716,17600.0,0.0,0.0
1984-10-08,0.6186532378196716,0.6186532378196716,0.6186532378196716,0.6186532378196716,0.0,0.0,0.0
1984-10-09,0.6085945963859558,0.6152716164398653,0.6085945963859558,0.6085945963859558,14400.0,0.0,0.0
1984-10-10,0.6152714490890504,0.6152714490890504,0.6152714490890504,0.6152714490890503,16000.0,0.0,0.0
1984-10-11,0.6253299713134766,0.6253299713134766,0.6186529510867338,0.6253299713134766,17600.0,0.0,0.0
1984-10-12,0.6286683678627014,0.6286683678627014,0.6286683678627014,0.6286683678627014,17600.0,0.0,0.0
1984-10-15,0.6152714490890504,0.6219912759214051,0.6152714490890504,0.6152714490890503,20800.0,0.0,0.0
1984-10-16,0.6152714490890504,0.6152714490890504,0.6152714490890504,0.6152714490890503,27200.0,0.0,0.0
1984-10-17,0.6152714490890504,0.6219912759214051,0.6152714490890504,0.6152714490890503,6400.0,0.0,0.0
1984-10-18,0.6085945963859558,0.62199144509998,0.6085945963859558,0.6085945963859558,36800.0,0.0,0.0
1984-10-19,0.6085945963859558,0.6085945963859558,0.6085945963859558,0.6085945963859558,3200.0,0.0,0.0
1984-10-22,0.6085945963859558,0.6085945963859558,0.6085945963859558,0.6085945963859558,0.0,0.0,0.0
1984-10-23,0.6152714490890504,0.6152714490890504,0.6152714490890504,0.6152714490890503,6400.0,0.0,0.0
1984-10-24,0.6386845111846924,0.6386845111846924,0.6219918978752622,0.6386845111846924,65600.0,0.0,0.0
1984-10-25,0.6386845111846924,0.6386845111846924,0.6386845111846924,0.6386845111846924,1600.0,0.0,0.0
1984-10-26,0.6386845111846924,0.6386845111846924,0.6386845111846924,0.6386845111846924,0.0,0.0,0.0
1984-10-29,0.6420223712921143,0.6420223712921143,0.6420223712921143,0.6420223712921143,20800.0,0.0,0.0
1984-10-30,0.6587578058242798,0.6587578058242798,0.6487422271560677,0.6587578058242798,44800.0,0.0,0.0
1984-10-31,0.6687735915184021,0.6687735915184021,0.6654350810152709,0.6687735915184021,89600.0,0.0,0.0
1984-11-01,0.6654348373413086,0.6687733466219192,0.6587578187800875,0.6654348373413086,22400.0,0.0,0.0
1984-11-02,0.6587578058242798,0.6587578058242798,0.6587578058242798,0.6587578058242798,17600.0,0.0,0.0
1984-11-05,0.6754932999610901,0.6754932999610901,0.6587579418352579,0.6754932999610901,28800.0,0.0,0.0
1984-11-06,0.6754932999610901,0.6754932999610901,0.6687734715479782,0.6754932999610901,19200.0,0.0,0.0
1984-11-07,0.7089207858896419,0.7089211940765381,0.6821702576505814,0.7089211940765381,43200.0,0.0,0.0
1984-11-08,0.7222754955291748,0.7222754955291748,0.6955245512503164,0.7222754955291748,59200.0,0.0,0.0
1984-11-09,0.6921859383583069,0.7189368786831191,0.6921859383583069,0.6921859383583069,28800.0,0.0,0.0
1984-11-12,0.6888471841812133,0.6888471841812133,0.6888471841812133,0.6888471841812134,6400.0,0.0,0.0
1984-11-13,0.6888471841812133,0.6888471841812133,0.6888471841812133,0.6888471841812134,0.0,0.0,0.0
1984-11-14,0.6888471841812133,0.6888471841812133,0.6821701153502194,0.6888471841812134,17600.0,0.0,0.0
1984-11-15,0.6788320541381836,0.6788320541381836,0.6721550319270249,0.6788320541381836,27200.0,0.0,0.0
1984-11-16,0.6788320541381836,0.6821705652437631,0.6754935430326042,0.6788320541381836,35200.0,0.0,0.0
1984-11-19,0.6788320541381836,0.6788320541381836,0.6788320541381836,0.6788320541381836,12800.0,0.0,0.0
1984-11-20,0.6788320541381836,0.6788320541381836,0.6788320541381836,0.6788320541381836,0.0,0.0,0.0
1984-11-21,0.6788320541381836,0.6788320541381836,0.6788320541381836,0.6788320541381836,0.0,0.0,0.0
1984-11-23,0.6888471841812133,0.6921856930850346,0.685508675277392,0.6888471841812134,33600.0,0.0,0.0
1984-11-26,0.7022443413734436,0.7022443413734436,0.6888474911954772,0.7022443413734436,16000.0,0.0,0.0
1984-11-27,0.6955244541168213,0.6955244541168213,0.6955244541168213,0.6955244541168213,19200.0,0.0,0.0
1984-11-28,0.6955244541168213,0.6955244541168213,0.6955244541168213,0.6955244541168213,1600.0,0.0,0.0
1984-11-29,0.6921859383583069,0.6921859383583069,0.6921859383583069,0.6921859383583069,14400.0,0.0,0.0
1984-11-30,0.7089207858896419,0.7089211940765381,0.6921858374746414,0.7089211940765381,38400.0,0.0,0.0
1984-12-03,0.7189370393753052,0.7189370393753052,0.7155985285422939,0.7189370393753052,49600.0,0.0,0.0
1984-12-04,0.7289951113020294,0.7289951113020294,0.7089211940765381,0.7089211940765381,126400.0,0.0,0.0
1984-12-05,0.7122595906257629,0.7189366082881269,0.7122595906257629,0.7122595906257629,28800.0,0.0,0.0
1984-12-06,0.7122595906257629,0.7189366082881269,0.7122595906257629,0.7122595906257629,59200.0,0.0,0.0
1984-12-07,0.715598464012146,0.715598464012146,0.7089213919248576,0.715598464012146,24000.0,0.0,0.0
1984-12-10,0.7122597547001327,0.7122597547001327,0.7089211940765381,0.7089211940765381,54400.0,0.0,0.0
1984-12-11,0.715598464012146,0.715598464012146,0.715598464012146,0.715598464012146,4800.0,0.0,0.0
1984-12-12,0.6989054679870605,0.7089209939605509,0.6989054679870605,0.6989054679870605,84800.0,0.0,0.0
1984-12-13,0.6989054679870605,0.6989054679870605,0.6989054679870605,0.6989054679870605,0.0,0.0,0.0
1984-12-14,0.6955244541168213,0.6955244541168213,0.6921859440027884,0.6955244541168213,96000.0,0.0,0.0
1984-12-17,0.7022443413734436,0.7022443413734436,0.7022443413734436,0.7022443413734436,6400.0,0.0,0.0
1984-12-18,0.715598464012146,0.715598464012146,0.7089213919248576,0.715598464012146,33600.0,0.0,0.0
1984-12-19,0.7222754955291748,0.7222754955291748,0.7089214021847072,0.7222754955291748,155200.0,0.0,0.0
1984-12-20,0.7155982643003653,0.7155982643003653,0.7089211940765381,0.7089211940765381,19200.0,0.0,0.0
1984-12-21,0.7089211940765381,0.7089211940765381,0.7089211940765381,0.7089211940765381,0.0,0.0,0.0
1984-12-24,0.7089211940765381,0.7089211940765381,0.7089211940765381,0.7089211940765381,0.0,0.0,0.0
1984-12-26,0.7089211940765381,0.7089211940765381,0.7089211940765381,0.7089211940765381,0.0,0.0,0.0
1984-12-27,0.7089211940765381,0.7089211940765381,0.7089211940765381,0.7089211940765381,9600.0,0.0,0.0
1984-12-28,0.7022443413734436,0.7022443413734436,0.7022443413734436,0.7022443413734436,4800.0,0.0,0.0
1984-12-31,0.7055828571319579,0.7155984394068242,0.6989058362976301,0.705582857131958,65600.0,0.0,0.0
1985-01-02,0.715598464012146,0.715598464012146,0.7122599534801899,0.715598464012146,17600.0,0.0,0.0
1985-01-03,0.7022443413734436,0.7089213621569853,0.7022443413734436,0.7022443413734436,27200.0,0.0,0.0
1985-01-04,0.7022443413734436,0.7022443413734436,0.7022443413734436,0.7022443413734436,0.0,0.0,0.0
1985-01-07,0.7022443413734436,0.715598433963901,0.7022443413734436,0.7022443413734436,414400.0,0.0,0.0
1985-01-08,0.6989054679870605,0.7055824853027207,0.6989054679870605,0.6989054679870605,9600.0,0.0,0.0
1985-01-09,0.6888471841812133,0.6955242019888559,0.6888471841812133,0.6888471841812134,16000.0,0.0,0.0
1985-01-10,0.6821703314781189,0.6821703314781189,0.6821703314781189,0.6821703314781189,17600.0,0.0,0.0
1985-01-11,0.6788320541381836,0.6788320541381836,0.6788320541381836,0.6788320541381836,8000.0,0.0,0.0
1985-01-14,0.6654348373413086,0.678831683060386,0.6654348373413086,0.6654348373413086,28800.0,0.0,0.0
1985-01-15,0.6888471841812133,0.6888471841812133,0.6687732711431307,0.6888471841812134,65600.0,0.0,0.0
1985-01-16,0.6955244541168213,0.6955244541168213,0.6921859440027884,0.6955244541168213,19200.0,0.0,0.0
1985-01-17,0.6754932999610901,0.6888473906014171,0.6754932999610901,0.6754932999610901,49600.0,0.0,0.0
1985-01-18,0.6687735915184021,0.6721549106338444,0.6687735915184021,0.6687735915184021,36800.0,0.0,0.0
1985-01-21,0.6487425565719604,0.6687736730563486,0.6487425565719604,0.6487425565719604,283200.0,0.0,0.0
1985-01-22,0.655419001088104,0.6554194092750549,0.6520808992263198,0.6554194092750549,75200.0,0.0,0.0
1985-01-23,0.6654348373413086,0.6654348373413086,0.6554192584761198,0.6654348373413086,168000.0,0.0,0.0
1985-01-24,0.7089207858896419,0.7089211940765381,0.6721547288498835,0.7089211940765381,201600.0,0.0,0.0
1985-01-25,0.715598464012146,0.715598464012146,0.6989058603289892,0.715598464012146,48000.0,0.0,0.0
1985-01-28,0.7289950251579285,0.7289950251579285,0.7189366889450735,0.7289950251579285,100800.0,0.0,0.0
1985-01-29,0.7356718869065489,0.7390108564640633,0.7256567640520762,0.7356722950935364,148800.0,0.0,0.0
1985-01-30,0.7390110492706299,0.7423495604887944,0.7356724870290786,0.7390110492706299,32000.0,0.0,0.0
1985-01-31,0.74234938621521,0.7590847469987272,0.74234938621521,0.74234938621521,302400.0,0.0,0.0
1985-02-01,0.7423493668112167,0.7423493668112167,0.7356722950935365,0.7356722950935364,73600.0,0.0,0.0
1985-02-04,0.7356718869065489,0.7356722950935365,0.7323337847463831,0.7356722950935364,73600.0,0.0,0.0
1985-02-05,0.732334077358246,0.7356725890393371,0.7289955656771547,0.7323340773582458,81600.0,0.0,0.0
1985-02-06,0.7390110492706299,0.7390110492706299,0.7256569533745849,0.7390110492706299,539200.0,0.0,0.0
1985-02-07,0.7390110492706299,0.7390110492706299,0.7390110492706299,0.7390110492706299,62400.0,0.0,0.0
1985-02-08,0.732334077358246,0.7390111517438221,0.732334077358246,0.7323340773582458,619200.0,0.0,0.0
1985-02-11,0.74234938621521,0.74234938621521,0.7323338038885827,0.74234938621521,140800.0,0.0,0.0
1985-02-12,0.7390110492706299,0.7390110492706299,0.7356724870290786,0.7390110492706299,483200.0,0.0,0.0
1985-02-13,0.7624231667373009,0.762423574924469,0.742349695347293,0.762423574924469,504000.0,0.0,0.0
1985-02-14,0.7724387645721436,0.7824971035077675,0.7590846731109592,0.7724387645721436,118400.0,0.0,0.0
1985-02-15,0.7791585922241211,0.7791585922241211,0.7691002533036551,0.7791585922241211,100800.0,0.0,0.0
1985-02-19,0.7757775783538818,0.7757775783538818,0.7724390669375931,0.7757775783538818,22400.0,0.0,0.0
1985-02-20,0.7891742677542232,0.7891746759414672,0.7757778175221108,0.7891746759414673,16000.0,0.0,0.0
1985-02-21,0.7858358025550842,0.7925128754027245,0.7858358025550842,0.7858358025550842,41600.0,0.0,0.0
1985-02-22,0.7824978232383728,0.789174849598716,0.7824978232383728,0.7824978232383728,57600.0,0.0,0.0
1985-02-25,0.7791585922241211,0.7824971023285435,0.7791585922241211,0.7791585922241211,20800.0,0.0,0.0
1985-02-26,0.7691003680229187,0.7757773892277103,0.7691003680229187,0.7691003680229187,60800.0,0.0,0.0
1985-02-27,0.7691003680229187,0.7791587084436901,0.7691003680229187,0.7691003680229187,16000.0,0.0,0.0
1985-02-28,0.7824978232383728,0.7824978232383728,0.7691009618710486,0.7824978232383728,48000.0,0.0,0.0
1985-03-01,0.7858358025550842,0.7925128754027245,0.779158780730826,0.7858358025550842,75200.0,0.0,0.0
1985-03-04,0.7657617330551147,0.7925126731666907,0.7657617330551147,0.7657617330551147,73600.0,0.0,0.0
1985-03-05,0.7791585922241211,0.7824971023285435,0.7724387634080775,0.7791585922241211,67200.0,0.0,0.0
1985-03-06,0.7824978232383728,0.789174849598716,0.7824978232383728,0.7824978232383728,172800.0,0.0,0.0
1985-03-07,0.7991898059844971,0.7991898059844971,0.7958512954535215,0.7991898059844971,105600.0,0.0,0.0
1985-03-08,0.7925126552581787,0.7991896752276911,0.7925126552581787,0.7925126552581787,30400.0,0.0,0.0
1985-03-11,0.7757775783538818,0.7891744326430571,0.7757775783538818,0.7757775783538818,32000.0,0.0,0.0
1985-03-12,0.7757775783538818,0.7757775783538818,0.7757775783538818,0.7757775783538818,0.0,0.0,0.0
1985-03-13,0.7791585922241211,0.7891741225373886,0.7791585922241211,0.7791585922241211,30400.0,0.0,0.0
1985-03-14,0.7824978232383728,0.7858363364185444,0.7824978232383728,0.7824978232383728,35200.0,0.0,0.0
1985-03-15,0.7824978232383728,0.7858363364185444,0.7791593100582013,0.7824978232383728,41600.0,0.0,0.0
1985-03-18,0.7757775783538818,0.7891744326430571,0.7757775783538818,0.7757775783538818,25600.0,0.0,0.0
1985-03-19,0.7657617330551147,0.7724387531755086,0.7657617330551147,0.7657617330551147,20800.0,0.0,0.0
1985-03-20,0.7657617330551147,0.7657617330551147,0.7657617330551147,0.7657617330551147,17600.0,0.0,0.0
1985-03-21,0.7824978232383728,0.7858363364185444,0.7657624486908771,0.7824978232383728,19200.0,0.0,0.0
1985-03-22,0.7757775783538818,0.7757775783538818,0.7757775783538818,0.7757775783538818,6400.0,0.0,0.0
1985-03-25,0.7724391614218248,0.7724391614218248,0.762423574924469,0.762423574924469,19200.0,0.0,0.0
1985-03-26,0.7557462453842162,0.7624232663309751,0.7557462453842162,0.7557462453842163,38400.0,0.0,0.0
1985-03-27,0.7524076700210571,0.7524076700210571,0.7490263512273626,0.7524076700210571,46400.0,0.0,0.0
1985-03-28,0.7524076700210571,0.7524076700210571,0.7524076700210571,0.7524076700210571,0.0,0.0,0.0
1985-03-29,0.7624231667373009,0.7691006495971715,0.7524080394505093,0.762423574924469,80000.0,0.0,0.0
1985-04-01,0.7757775783538818,0.7757775783538818,0.7691005555213043,0.7757775783538818,24000.0,0.0,0.0
1985-04-02,0.7724387645721436,0.7724387645721436,0.7724387645721436,0.7724387645721436,4800.0,0.0,0.0
1985-04-03,0.7456876039505005,0.765761518312348,0.7390105857025452,0.7456876039505005,62400.0,0.0,0.0
1985-04-04,0.7524076700210571,0.7524076700210571,0.7390108206709922,0.7524076700210571,22400.0,0.0,0.0
1985-04-08,0.7390110492706299,0.745688071706959,0.7390110492706299,0.7390110492706299,19200.0,0.0,0.0
1985-04-09,0.732334077358246,0.7490266867870957,0.732334077358246,0.7323340773582458,72000.0,0.0,0.0
1985-04-10,0.7256570458412172,0.7256570458412172,0.7256570458412172,0.725657045841217,6400.0,0.0,0.0
1985-04-11,0.715598464012146,0.7222754850760582,0.7089213919248576,0.715598464012146,198400.0,0.0,0.0
1985-04-12,0.7356718869065489,0.7356722950935365,0.7222754450946118,0.7356722950935364,16000.0,0.0,0.0
1985-04-15,0.7456876039505005,0.7456876039505005,0.7323335164312351,0.7456876039505005,46400.0,0.0,0.0
1985-04-16,0.7524076700210571,0.7524076700210571,0.7524076700210571,0.7524076700210571,11200.0,0.0,0.0
1985-04-17,0.7557462453842162,0.7590847558575957,0.7557462453842162,0.7557462453842163,11200.0,0.0,0.0
1985-04-18,0.74234938621521,0.7557462365643097,0.74234938621521,0.74234938621521,49600.0,0.0,0.0
1985-04-19,0.7524076700210571,0.7624232005774274,0.7490263512273626,0.7524076700210571,84800.0,0.0,0.0
1985-04-22,0.7524076700210571,0.7524076700210571,0.7524076700210571,0.7524076700210571,19200.0,0.0,0.0
1985-04-23,0.7624231667373009,0.762423574924469,0.7456882071719463,0.762423574924469,112000.0,0.0,0.0
1985-04-24,0.762423574924469,0.762423574924469,0.762423574924469,0.762423574924469,0.0,0.0,0.0
1985-04-25,0.7524076700210571,0.7557461802065139,0.7490263512273626,0.7524076700210571,30400.0,0.0,0.0
1985-04-26,0.7557462453842162,0.7624232663309751,0.7557462453842162,0.7557462453842163,17600.0,0.0,0.0
1985-04-29,0.7557462453842162,0.7590847558575957,0.7557462453842162,0.7557462453842163,14400.0,0.0,0.0
1985-04-30,0.7557462453842162,0.7557462453842162,0.7524077349108368,0.7557462453842163,99200.0,0.0,0.0
1985-05-01,0.7557462453842162,0.7557462453842162,0.7557462453842162,0.7557462453842163,0.0,0.0,0.0
1985-05-02,0.7791585922241211,0.7791585922241211,0.7490263330465518,0.7791585922241211,54400.0,0.0,0.0
1985-05-03,0.7824978232383728,0.7824978232383728,0.7724394750512202,0.7824978232383728,30400.0,0.0,0.0
1985-05-06,0.7858358025550842,0.7925128754027245,0.7824972916429551,0.7858358025550842,91200.0,0.0,0.0
1985-05-07,0.7858358025550842,0.7858358025550842,0.7824972916429551,0.7858358025550842,22400.0,0.0,0.0
1985-05-08,0.7891742677542232,0.7891746759414672,0.7824976510503979,0.7891746759414673,86400.0,0.0,0.0
1985-05-09,0.7925126552581787,0.7925126552581787,0.7858355842652984,0.7925126552581787,28800.0,0.0,0.0
1985-05-10,0.7891746759414672,0.7891746759414672,0.7891746759414672,0.7891746759414673,11200.0,0.0,0.0
1985-05-13,0.7824978232383728,0.7958519269824759,0.7824978232383728,0.7824978232383728,132800.0,0.0,0.0
1985-05-14,0.7824978232383728,0.789174849598716,0.7824978232383728,0.7824978232383728,19200.0,0.0,0.0
1985-05-15,0.7925132394104073,0.7925132394104073,0.7891746759414672,0.7891746759414673,22400.0,0.0,0.0
1985-05-16,0.7891746759414672,0.7891746759414672,0.7891746759414672,0.7891746759414673,4800.0,0.0,0.0
1985-05-17,0.7858358025550842,0.7891743134672133,0.7858358025550842,0.7858358025550842,35200.0,0.0,0.0
1985-05-20,0.7925126552581787,0.7925126552581787,0.7925126552581787,0.7925126552581787,4800.0,0.0,0.0
1985-05-21,0.7958514690399171,0.7958514690399171,0.7958514690399171,0.795851469039917,19200.0,0.0,0.0
1985-05-22,0.7958514690399171,0.7958514690399171,0.7925129577807652,0.795851469039917,72000.0,0.0,0.0
1985-05-23,0.7991898059844971,0.8025283165154727,0.7991898059844971,0.7991898059844971,56000.0,0.0,0.0
1985-05-24,0.8025280833244323,0.8025280833244323,0.8025280833244323,0.8025280833244324,4800.0,0.0,0.0
1985-05-28,0.7958514690399171,0.7991899802990688,0.7958514690399171,0.795851469039917,11200.0,0.0,0.0
1985-05-29,0.7958517518559419,0.7958517518559419,0.7891746759414672,0.7891746759414673,17600.0,0.0,0.0
1985-05-30,0.7958514690399171,0.7958514690399171,0.7858358842390741,0.795851469039917,60800.0,0.0,0.0
1985-05-31,0.7958514690399171,0.7958514690399171,0.789174395498226,0.795851469039917,44800.0,0.0,0.0
1985-06-03,0.7991898059844971,0.7991898059844971,0.792512784922546,0.7991898059844971,52800.0,0.0,0.0
1985-06-04,0.8025280833244323,0.8025280833244323,0.7958510642026264,0.8025280833244324,16000.0,0.0,0.0
1985-06-05,0.8025280833244323,0.8025280833244323,0.7991895737635293,0.8025280833244324,115200.0,0.0,0.0
1985-06-06,0.7991898059844971,0.8025283165154727,0.7958512954535215,0.7991898059844971,81600.0,0.0,0.0
1985-06-07,0.7958514690399171,0.7991899802990688,0.7958514690399171,0.795851469039917,35200.0,0.0,0.0
1985-06-10,0.7858358025550842,0.7891743134672133,0.7858358025550842,0.7858358025550842,12800.0,0.0,0.0
1985-06-11,0.7925126552581787,0.7925126552581787,0.7824970742805423,0.7925126552581787,19200.0,0.0,0.0
1985-06-12,0.7858358025550842,0.7858358025550842,0.7858358025550842,0.7858358025550842,25600.0,0.0,0.0
1985-06-13,0.7891742677542232,0.7891746759414672,0.7824976510503979,0.7891746759414673,11200.0,0.0,0.0
1985-06-14,0.7791585922241211,0.7791585922241211,0.7791585922241211,0.7791585922241211,8000.0,0.0,0.0
1985-06-17,0.7791585922241211,0.7791585922241211,0.7791585922241211,0.7791585922241211,40000.0,0.0,0.0
1985-06-18,0.7757775783538818,0.7958515064990244,0.7724390669375931,0.7757775783538818,76800.0,0.0,0.0
1985-06-19,0.7791585922241211,0.7824971023285435,0.7757772735125,0.7791585922241211,38400.0,0.0,0.0
1985-06-20,0.7858358025550842,0.7858358025550842,0.7858358025550842,0.7858358025550842,1600.0,0.0,0.0
1985-06-21,0.7925126552581787,0.7925126552581787,0.7824970742805423,0.7925126552581787,43200.0,0.0,0.0
1985-06-24,0.7958514690399171,0.7958514690399171,0.789174395498226,0.795851469039917,17600.0,0.0,0.0
1985-06-25,0.8025280833244323,0.8025280833244323,0.7958510642026264,0.8025280833244324,664000.0,0.0,0.0
1985-06-26,0.8092482686042786,0.8092482686042786,0.7991899268771682,0.8092482686042786,144000.0,0.0,0.0
1985-06-27,0.8192639946937561,0.8192639946937561,0.8092484088269529,0.8192639946937561,25600.0,0.0,0.0
1985-06-28,0.8226023316383362,0.8226023316383362,0.8159252588038007,0.8226023316383362,24000.0,0.0,0.0
1985-07-01,0.8226016521849745,0.8226016521849745,0.8159245848655701,0.8159245848655701,32000.0,0.0,0.0
1985-07-02,0.8092482686042786,0.8125867796402674,0.8092482686042786,0.8092482686042786,17600.0,0.0,0.0
1985-07-03,0.8125865459442139,0.8192636171192814,0.8059095257925156,0.8125865459442139,44800.0,0.0,0.0
1985-07-05,0.8259407281875609,0.8259407281875609,0.8159251458341651,0.825940728187561,33600.0,0.0,0.0
1985-07-08,0.8259407281875609,0.8292792386309012,0.8192637073008803,0.825940728187561,33600.0,0.0,0.0
1985-07-09,0.8259407281875609,0.8259407281875609,0.8259407281875609,0.825940728187561,17600.0,0.0,0.0
1985-07-10,0.8192639946937561,0.8292795295371663,0.8192639946937561,0.8192639946937561,27200.0,0.0,0.0
1985-07-11,0.8259407281875609,0.8259407281875609,0.8259407281875609,0.825940728187561,4800.0,0.0,0.0
1985-07-12,0.8192639946937561,0.8292795295371663,0.8192639946937561,0.8192639946937561,8000.0,0.0,0.0
1985-07-15,0.8226023316383362,0.8226023316383362,0.812586747898224,0.8226023316383362,17600.0,0.0,0.0
1985-07-16,0.8426753969049962,0.8426758050918578,0.8292789592207703,0.8426758050918579,89600.0,0.0,0.0
1985-07-17,0.8426753969049962,0.8426758050918578,0.8326602771363828,0.8426758050918579,70400.0,0.0,0.0
1985-07-18,0.8292792439460754,0.8393375839521087,0.8292792439460754,0.8292792439460754,22400.0,0.0,0.0
1985-07-19,0.8393370509147645,0.8393370509147645,0.8326600342256577,0.8393370509147644,48000.0,0.0,0.0
1985-07-22,0.8393370509147645,0.8460141186272141,0.8326600342256577,0.8393370509147644,153600.0,0.0,0.0
1985-07-23,0.832660436630249,0.832660436630249,0.8259406081089797,0.832660436630249,139200.0,0.0,0.0
1985-07-24,0.8426753969049962,0.8426758050918578,0.822601940583787,0.8426758050918579,707200.0,0.0,0.0
1985-07-25,0.8460143804550171,0.8493528898327853,0.8460143804550171,0.8460143804550171,390400.0,0.0,0.0
1985-07-26,0.8460143804550171,0.8526913992105535,0.8460143804550171,0.8460143804550171,22400.0,0.0,0.0
1985-07-29,0.835998833179474,0.8426758521896409,0.835998833179474,0.8359988331794739,32000.0,0.0,0.0
1985-07-30,0.8292792439460754,0.8359990734873706,0.8292792439460754,0.8292792439460754,6400.0,0.0,0.0
1985-07-31,0.832660436630249,0.832660436630249,0.8226020981510055,0.832660436630249,44800.0,0.0,0.0
1985-08-01,0.8159241766788514,0.8359984933592163,0.8125860767175377,0.8159245848655701,49600.0,0.0,0.0
1985-08-02,0.8292792439460754,0.8292792439460754,0.8226022230165991,0.8292792439460754,56000.0,0.0,0.0
1985-08-05,0.835998833179474,0.8426758521896409,0.8326603236743905,0.8359988331794739,217600.0,0.0,0.0
1985-08-06,0.8493528747521989,0.8493528747521989,0.8426758050918578,0.8426758050918579,102400.0,0.0,0.0
1985-08-07,0.8493531346321106,0.8493531346321106,0.839337552588771,0.8493531346321106,187200.0,0.0,0.0
1985-08-08,0.8627499938011168,0.8627499938011168,0.8460145832788826,0.8627499938011169,436800.0,0.0,0.0
1985-08-09,0.8694267272949219,0.8694267272949219,0.8594111490417032,0.8694267272949219,262400.0,0.0,0.0
1985-08-12,0.8660886287689209,0.8660886287689209,0.8594116070572205,0.8660886287689209,14400.0,0.0,0.0
1985-08-13,0.8627499938011168,0.8694270141574048,0.8594114325996021,0.8627499938011169,278400.0,0.0,0.0
1985-08-14,0.8694267272949219,0.8727651853481894,0.8660881671949463,0.8694267272949219,68800.0,0.0,0.0
1985-08-15,0.8660886287689209,0.8761042123598527,0.8660886287689209,0.8660886287689209,201600.0,0.0,0.0
1985-08-16,0.8460143804550171,0.869426805720634,0.8460143804550171,0.8460143804550171,84800.0,0.0,0.0
1985-08-19,0.8526914715766908,0.8526914715766908,0.8460144522544898,0.8526914715766907,142400.0,0.0,0.0
1985-08-20,0.8560302257537841,0.8560302257537841,0.8526917151390733,0.8560302257537842,168000.0,0.0,0.0
1985-08-21,0.8526914715766908,0.8594112995004057,0.8526914715766908,0.8526914715766907,51200.0,0.0,0.0
1985-08-22,0.8493531346321106,0.8560301553120881,0.8493531346321106,0.8493531346321106,9600.0,0.0,0.0
1985-08-23,0.8493531346321106,0.8594114742622961,0.8493531346321106,0.8493531346321106,36800.0,0.0,0.0
1985-08-26,0.8594115972518921,0.8594115972518921,0.8560302778177866,0.8594115972518921,3200.0,0.0,0.0
1985-08-27,0.8694267272949219,0.8694267272949219,0.8560298313710623,0.8694267272949219,17600.0,0.0,0.0
1985-08-28,0.8761041760444641,0.8761041760444641,0.8660885928686882,0.8761041760444641,30400.0,0.0,0.0
1985-08-29,0.8961780667304992,0.8961780667304992,0.8761041435322109,0.8961780667304993,97600.0,0.0,0.0
1985-08-30,0.8961780667304992,0.902855087917646,0.8928395051135486,0.8961780667304993,198400.0,0.0,0.0
1985-09-03,0.8761041760444641,0.9028551214226277,0.8761041760444641,0.8761041760444641,64000.0,0.0,0.0
1985-09-04,0.8895011352584182,0.8895011352584182,0.8794426918029784,0.8794426918029785,25600.0,0.0,0.0
1985-09-05,0.8827807307243347,0.8827807307243347,0.8827807307243347,0.8827807307243347,8000.0,0.0,0.0
1985-09-06,0.8861628174781799,0.8928398411785591,0.8861628174781799,0.8861628174781799,14400.0,0.0,0.0
1985-09-09,0.8928395951653314,0.8928395951653314,0.8794426918029784,0.8794426918029785,59200.0,0.0,0.0
1985-09-10,0.8861622003826407,0.8861622003826407,0.8727653026580809,0.872765302658081,184000.0,0.0,0.0
1985-09-11,0.8627499938011168,0.8727654733121778,0.8627499938011168,0.8627499938011169,30400.0,0.0,0.0
1985-09-12,0.8460143804550171,0.8660882453195071,0.8460143804550171,0.8460143804550171,30400.0,0.0,0.0
1985-09-13,0.8460143804550171,0.8493528898327853,0.8460143804550171,0.8460143804550171,110400.0,0.0,0.0
1985-09-16,0.8594115972518921,0.8594115972518921,0.8526917670000267,0.8594115972518921,60800.0,0.0,0.0
1985-09-17,0.8794422836159197,0.8827812537566563,0.8594116262212053,0.8794426918029785,131200.0,0.0,0.0
1985-09-18,0.8861628174781799,0.8861628174781799,0.8827814969984064,0.8861628174781799,46400.0,0.0,0.0
1985-09-19,0.8895010948181152,0.8895010948181152,0.8861625330162218,0.8895010948181152,116800.0,0.0,0.0
1985-09-20,0.8895011352584182,0.8895011352584182,0.8794426918029784,0.8794426918029785,80000.0,0.0,0.0
1985-09-23,0.8694267272949219,0.8827807636014079,0.8694267272949219,0.8694267272949219,12800.0,0.0,0.0
1985-09-24,0.8861628174781799,0.889501380351766,0.8761044732980271,0.8861628174781799,32000.0,0.0,0.0
1985-09-25,0.8827812537566563,0.8827812537566563,0.8794426918029784,0.8794426918029785,25600.0,0.0,0.0
1985-09-26,0.8861628174781799,0.8861628174781799,0.8794429341248203,0.8861628174781799,11200.0,0.0,0.0
1985-09-30,0.8928397297859192,0.8928397297859192,0.8794428244036077,0.8928397297859192,70400.0,0.0,0.0
1985-10-01,0.9129132628440857,0.9129132628440857,0.8995163632611648,0.9129132628440857,113600.0,0.0,0.0
1985-10-02,0.9028545022010803,0.91625139552114,0.8961774853455721,0.9028545022010803,176000.0,0.0,0.0
1985-10-03,0.9095320105552674,0.9095320105552674,0.9028549900915885,0.9095320105552673,76800.0,0.0,0.0
1985-10-04,0.9162517786026001,0.9162517786026001,0.9095318993284921,0.9162517786026001,224000.0,0.0,0.0
1985-10-07,0.9195907711982727,0.9195907711982727,0.9129137476753112,0.9195907711982727,62400.0,0.0,0.0
1985-10-08,0.9362826943397523,0.9362826943397523,0.9195900967516537,0.9362826943397522,52800.0,0.0,0.0
1985-10-09,0.9329438896035946,0.9362828587129487,0.9296058389148392,0.9329442977905273,89600.0,0.0,0.0
1985-10-10,0.9430025815963745,0.9496796002860693,0.9362827032858628,0.9430025815963745,64000.0,0.0,0.0
1985-10-11,0.956356942653656,0.956356942653656,0.9362830201697591,0.956356942653656,36800.0,0.0,0.0
1985-10-14,0.9630339145660402,0.9730922540901096,0.9630339145660402,0.96303391456604,67200.0,0.0,0.0
1985-10-15,0.9596949310159046,0.9630339004821964,0.9563568799703096,0.9596953392028809,336000.0,0.0,0.0
1985-10-16,0.9596949310159046,0.959695339202881,0.9530183186909941,0.9596953392028809,24000.0,0.0,0.0
1985-10-17,0.9630339145660402,0.9630339145660402,0.9496798733469708,0.96303391456604,160000.0,0.0,0.0
1985-10-18,1.009859561920166,1.009859561920166,0.9630346620431343,1.009859561920166,99200.0,0.0,0.0
1985-10-21,1.029932975769043,1.0633609474145964,1.016536071324041,1.029932975769043,708800.0,0.0,0.0
1985-10-22,1.0366100072860718,1.0399484674921384,1.026594422574324,1.0366100072860718,131200.0,0.0,0.0
1985-10-23,1.0265941619873047,1.0332711827513408,1.0265941619873047,1.0265941619873047,76800.0,0.0,0.0
1985-10-24,1.0366100072860718,1.0366100072860718,1.026594422574324,1.0366100072860718,102400.0,0.0,0.0
1985-10-25,1.0165361166000366,1.0399485046647035,1.0165361166000366,1.0165361166000366,102400.0,0.0,0.0
1985-10-28,1.023255467414856,1.023255467414856,1.0165355885613738,1.023255467414856,38400.0,0.0,0.0
1985-10-29,1.0265941619873047,1.0265941619873047,1.0199171412232688,1.0265941619873047,57600.0,0.0,0.0
1985-10-30,1.0199174880981445,1.0299330736738823,1.0199174880981445,1.0199174880981445,20800.0,0.0,0.0
1985-10-31,1.029932975769043,1.029932975769043,1.0265944135455647,1.029932975769043,200000.0,0.0,0.0
1985-11-01,1.0533454418182373,1.0533454418182373,1.0265944905658761,1.0533454418182373,187200.0,0.0,0.0
1985-11-04,1.0934496612405058,1.1035085110519638,1.0533450859231952,1.0934500694274902,347200.0,0.0,0.0
1985-11-05,1.086772748932726,1.0901117187985132,1.0834346974877451,1.086773157119751,46400.0,0.0,0.0
1985-11-06,1.083434820175171,1.0901118422420406,1.0700379163989369,1.083434820175171,156800.0,0.0,0.0
1985-11-07,1.083434246569307,1.083434246569307,1.0666987895965576,1.0666987895965576,80000.0,0.0,0.0
1985-11-08,1.0967892408370972,1.0967892408370972,1.0767581677598128,1.0967892408370972,56000.0,0.0,0.0
1985-11-11,1.1168625354766846,1.1168625354766846,1.0967886142109862,1.1168625354766846,192000.0,0.0,0.0
1985-11-12,1.1302592754364014,1.1369362950310256,1.1035083374312786,1.1302592754364014,664000.0,0.0,0.0
1985-11-13,1.0967892408370972,1.1302600819469883,1.0967892408370972,1.0967892408370972,262400.0,0.0,0.0
1985-11-14,1.1703643798828125,1.1703643798828125,1.1101854777347773,1.1703643798828125,121600.0,0.0,0.0
1985-11-15,1.157010793685913,1.1670262770772795,1.150290911094622,1.157010793685913,52800.0,0.0,0.0
1985-11-18,1.1636871099472046,1.1636871099472046,1.1436131936600236,1.1636871099472046,195200.0,0.0,0.0
1985-11-19,1.1502904891967773,1.1570103693233842,1.1502904891967773,1.1502904891967773,84800.0,0.0,0.0
1985-11-20,1.1436134576797485,1.1502904781095982,1.1369364372498987,1.1436134576797485,48000.0,0.0,0.0
1985-11-21,1.1502904891967773,1.1502904891967773,1.1502904891967773,1.1502904891967773,57600.0,0.0,0.0
1985-11-22,1.1302592754364014,1.1436133146256497,1.1302592754364014,1.1302592754364014,14400.0,0.0,0.0
1985-11-25,1.1135242671820273,1.1302601479245222,1.0901122801119543,1.1135246753692627,220800.0,0.0,0.0
1985-11-26,1.1168625354766846,1.1269208749025224,1.1168625354766846,1.1168625354766846,51200.0,0.0,0.0
1985-11-27,1.103508710861206,1.1068471707648957,1.0967888293659325,1.103508710861206,51200.0,0.0,0.0
1985-11-29,1.0901119709014893,1.1101858991137996,1.0901119709014893,1.0901119709014893,17600.0,0.0,0.0
1985-12-02,1.0767571926116943,1.0967882475481705,1.070037314681142,1.0767571926116943,56000.0,0.0,0.0
1985-12-03,1.0767571926116943,1.0800956507444184,1.070037314681142,1.0767571926116943,60800.0,0.0,0.0
1985-12-04,1.0934496612405058,1.0967886307734405,1.070037688559454,1.0934500694274902,83200.0,0.0,0.0
1985-12-05,1.110185146331787,1.110185146331787,1.0767571950760926,1.110185146331787,140800.0,0.0,0.0
1985-12-06,1.0901119709014893,1.1101858991137996,1.0901119709014893,1.0901119709014893,75200.0,0.0,0.0
1985-12-09,1.103508710861206,1.103508710861206,1.0700378823082268,1.103508710861206,126400.0,0.0,0.0
1985-12-10,1.1202008218620694,1.1269211116378441,1.103508726205053,1.1202012300491333,128000.0,0.0,0.0
1985-12-11,1.1302592754364014,1.1302592754364014,1.1001697766106016,1.1302592754364014,83200.0,0.0,0.0
1985-12-12,1.1302592754364014,1.1302592754364014,1.1235393962151514,1.1302592754364014,36800.0,0.0,0.0
1985-12-13,1.177040934562683,1.187099269672403,1.136935968873393,1.177040934562683,163200.0,0.0,0.0
1985-12-16,1.213850736618042,1.213850736618042,1.1703644342739274,1.213850736618042,129600.0,0.0,0.0
1985-12-17,1.1904385089874268,1.227204935798512,1.1904385089874268,1.1904385089874268,297600.0,0.0,0.0
1985-12-18,1.1971155405044556,1.2037925620505037,1.1837614974123591,1.1971155405044556,24000.0,0.0,0.0
1985-12-19,1.1870999336242676,1.1937769550379242,1.1837614739408182,1.1870999336242676,56000.0,0.0,0.0
1985-12-20,1.1904385089874268,1.1937769687091082,1.1804229257288639,1.1904385089874268,163200.0,0.0,0.0
1985-12-23,1.1703643798828125,1.1937767596128526,1.1703643798828125,1.1703643798828125,91200.0,0.0,0.0
1985-12-24,1.1436134576797485,1.1636873786012847,1.1369364372498987,1.1436134576797485,80000.0,0.0,0.0
1985-12-26,1.0967892408370972,1.1369371063060831,1.0967892408370972,1.0967892408370972,281600.0,0.0,0.0
1985-12-27,1.1302592754364014,1.1436133146256497,1.1068467962052257,1.1302592754364014,222400.0,0.0,0.0
1985-12-30,1.157010793685913,1.1636878166290845,1.1135243742356693,1.157010793685913,102400.0,0.0,0.0
1985-12-31,1.1937765569542615,1.1937769651412964,1.1502906573312623,1.1937769651412964,132800.0,0.0,0.0
1986-01-02,1.177040934562683,1.193776287351563,1.1703639168835231,1.177040934562683,56000.0,0.0,0.0
1986-01-03,1.1904385089874268,1.1937769687091082,1.1703645848782673,1.1904385089874268,139200.0,0.0,0.0
1986-01-06,1.1804227828979492,1.2037924063090368,1.1703644432644096,1.1804227828979492,294400.0,0.0,0.0
1986-01-07,1.2037920951843262,1.2138504322182497,1.1770411597357855,1.2037920951843262,251200.0,0.0,0.0
1986-01-08,1.1636871099472046,1.2138504198307511,1.1636871099472046,1.1636871099472046,60800.0,0.0,0.0
1986-01-09,1.103508710861206,1.150290723481344,1.0901118075117886,1.103508710861206,272000.0,0.0,0.0
1986-01-10,1.0700372457504272,1.1101850722738846,1.0700372457504272,1.0700372457504272,108800.0,0.0,0.0
1986-01-13,1.0700372457504272,1.083434141130124,1.0700372457504272,1.0700372457504272,76800.0,0.0,0.0
1986-01-14,1.0967892408370972,1.1068475860095466,1.0800966289159588,1.0967892408370972,91200.0,0.0,0.0
1986-01-15,1.0967892408370972,1.1101861492124954,1.0967892408370972,1.0967892408370972,46400.0,0.0,0.0
1986-01-16,1.1302592754364014,1.1369362950310256,1.1035083374312786,1.1302592754364014,78400.0,0.0,0.0
1986-01-17,1.1001698970794678,1.1168624989172373,1.09678857830864,1.1001698970794678,83200.0,0.0,0.0
1986-01-20,1.103508710861206,1.1101857327153501,1.103508710861206,1.103508710861206,14400.0,0.0,0.0
1986-01-21,1.0967892408370972,1.0967892408370972,1.0967892408370972,1.0967892408370972,24000.0,0.0,0.0
1986-01-22,1.0633608102798462,1.0934502158214856,1.0633608102798462,1.0633608102798462,137600.0,0.0,0.0
1986-01-23,1.073419213294983,1.073419213294983,1.0500068279381711,1.073419213294983,78400.0,0.0,0.0
1986-01-24,1.1168625354766846,1.1168625354766846,1.0734189912824743,1.1168625354766846,110400.0,0.0,0.0
1986-01-27,1.1202008218620694,1.1269211116378441,1.1068471861551625,1.1202012300491333,209600.0,0.0,0.0
1986-01-28,1.1469518632743894,1.1469522714614868,1.1202013218398141,1.1469522714614868,83200.0,0.0,0.0
1986-01-29,1.1001698970794678,1.1703643807859516,1.1001698970794678,1.1001698970794678,243200.0,0.0,0.0
1986-01-30,1.0800962448120117,1.1068471923924246,1.070037903216511,1.0800962448120117,174400.0,0.0,0.0
1986-01-31,1.096788283632978,1.096788283632978,1.0666987895965576,1.0666987895965576,158400.0,0.0,0.0
1986-02-03,1.0633608102798462,1.083434734536228,1.0633608102798462,1.0633608102798462,195200.0,0.0,0.0
1986-02-04,1.086772748932726,1.106847080689697,1.076757676176977,1.086773157119751,172800.0,0.0,0.0
1986-02-05,1.1703643798828125,1.1703643798828125,1.1235395183759915,1.1703643798828125,203200.0,0.0,0.0
1986-02-06,1.1737026662682148,1.1971155609284012,1.1603490311353322,1.1737030744552612,363200.0,0.0,0.0
1986-02-07,1.1703643798828125,1.1703643798828125,1.1469518981060316,1.1703643798828125,248000.0,0.0,0.0
1986-02-10,1.1636871099472046,1.1670255683680264,1.1570100910588417,1.1636871099472046,64000.0,0.0,0.0
1986-02-11,1.1670252771234457,1.1737027048678004,1.1570102069975734,1.1670256853103638,81600.0,0.0,0.0
1986-02-12,1.2004529924250418,1.2004534006118774,1.163686991858144,1.2004534006118774,342400.0,0.0,0.0
1986-02-13,1.2506173849105835,1.2506173849105835,1.21051239751006,1.2506173849105835,94400.0,0.0,0.0
1986-02-14,1.258716344833374,1.2755600843734323,1.2419156397809423,1.258716344833374,81600.0,0.0188,0.0
1986-02-18,1.262075370991983,1.2654359622054008,1.2385117927967753,1.2620757818222046,91200.0,0.0,0.0
1986-02-19,1.238511562347412,1.2654357267462688,1.238511562347412,1.238511562347412,68800.0,0.0,0.0
1986-02-20,1.238511562347412,1.238511562347412,1.2217108689726401,1.238511562347412,73600.0,0.0,0.0
1986-02-21,1.2486357688903809,1.2486357688903809,1.23515211016567,1.2486357688903809,35200.0,0.0,0.0
1986-02-24,1.2317914962768555,1.2519954069958033,1.2250712384278497,1.2317914962768555,177600.0,0.0,0.0
1986-02-25,1.2486357688903809,1.2486357688903809,1.2217115886316203,1.2486357688903809,46400.0,0.0,0.0
1986-02-26,1.2486357688903809,1.2486357688903809,1.2217115886316203,1.2486357688903809,48000.0,0.0,0.0
1986-02-27,1.2486357688903809,1.2519959506276916,1.238512291902981,1.2486357688903809,99200.0,0.0,0.0
1986-02-28,1.2317914962768555,1.2620757424155358,1.2250712384278497,1.2317914962768555,62400.0,0.0,0.0
1986-03-03,1.2250717878341675,1.2553560475543897,1.211588128917227,1.2250717878341675,142400.0,0.0,0.0
1986-03-04,1.245275855064392,1.2587163783815203,1.225071932892316,1.245275855064392,51200.0,0.0,0.0
1986-03-05,1.278920292854309,1.278920292854309,1.2519961091857565,1.278920292854309,96000.0,0.0,0.0
1986-03-06,1.3260478973388672,1.3394884154946836,1.2923603275896882,1.3260478973388672,152000.0,0.0,0.0
1986-03-07,1.3159233991750632,1.3260473832307487,1.3092035535327209,1.315923810005188,46400.0,0.0,0.0
1986-03-10,1.3260478973388672,1.3260478973388672,1.3159243201884003,1.3260478973388672,38400.0,0.0,0.0
1986-03-11,1.332768201828003,1.332768201828003,1.319284546032941,1.332768201828003,73600.0,0.0,0.0
1986-03-12,1.3327676397032158,1.3327676397032158,1.315923810005188,1.315923810005188,25600.0,0.0,0.0
1986-03-13,1.3260478973388672,1.3327681564167753,1.3092040611104923,1.3260478973388672,17600.0,0.0,0.0
1986-03-14,1.33948814868927,1.33948814868927,1.3192842383000343,1.33948814868927,80000.0,0.0,0.0
1986-03-17,1.3260478973388672,1.3462086745725919,1.31928450108114,1.3260478973388672,100800.0,0.0,0.0
1986-03-18,1.3260478973388672,1.3294079755240358,1.31928450108114,1.3260478973388672,36800.0,0.0,0.0
1986-03-19,1.3125649690628052,1.329408711913741,1.3125649690628052,1.3125649690628052,33600.0,0.0,0.0
1986-03-20,1.2991241216659544,1.3125646439375356,1.2890005414154393,1.2991241216659546,38400.0,0.0,0.0
1986-03-21,1.278920292854309,1.3058444765228616,1.2654366324219708,1.278920292854309,286400.0,0.0,0.0
1986-03-24,1.319284200668335,1.319284200668335,1.2923600333077567,1.319284200668335,65600.0,0.0,0.0
1986-03-25,1.3024836778640747,1.319284375310985,1.3024836778640747,1.3024836778640747,81600.0,0.0,0.0
1986-03-26,1.3159233991750632,1.315923810005188,1.3092035535327209,1.315923810005188,32000.0,0.0,0.0
1986-03-27,1.2991241216659544,1.3159247231516296,1.2991241216659544,1.2991241216659546,91200.0,0.0,0.0
1986-03-31,1.3058444261550903,1.3058444261550903,1.2957639827629381,1.3058444261550903,54400.0,0.0,0.0
1986-04-01,1.2923603057861328,1.319284478823344,1.2789197878570728,1.2923603057861328,58400.0,0.0,2.0
1986-04-02,1.2923603057861328,1.2923603057861328,1.2183511828181206,1.2923603057861328,60800.0,0.0,0.0
1986-04-03,1.1981474161148071,1.3058441215100978,1.1981474161148071,1.1981474161148071,66400.0,0.0,0.0
1986-04-04,1.177943229675293,1.1981471416040357,1.1712229714238833,1.177943229675293,147200.0,0.0,0.0
1986-04-07,1.1846632957458496,1.225071113048216,1.1846632957458496,1.1846632957458496,76000.0,0.0,0.0
1986-04-08,1.238511562347412,1.238511562347412,1.1846632335496985,1.238511562347412,54400.0,0.0,0.0
1986-04-09,1.278920292854309,1.2856405544724163,1.2385124487534183,1.278920292854309,108000.0,0.0,0.0
1986-04-10,1.285641074180603,1.2923613385153132,1.2587168796282007,1.285641074180603,68800.0,0.0,0.0
1986-04-11,1.278920292854309,1.3125647381409689,1.278920292854309,1.278920292854309,36000.0,0.0,0.0
1986-04-14,1.3125649690628052,1.3125649690628052,1.265436855052476,1.3125649690628052,25600.0,0.0,0.0
1986-04-15,1.319284200668335,1.319284200668335,1.2856397757601112,1.319284200668335,66400.0,0.0,0.0
1986-04-16,1.3462091684341428,1.3462091684341428,1.2991242004356809,1.346209168434143,116800.0,0.0,0.0
1986-04-17,1.3462091684341428,1.3596928287163064,1.3327686453476235,1.346209168434143,129600.0,0.0,0.0
1986-04-18,1.3462091684341428,1.3664130902595661,1.3260483838043637,1.346209168434143,40800.0,0.0,0.0
1986-04-21,1.3664126396179201,1.3664126396179201,1.332768205801881,1.36641263961792,59200.0,0.0,0.0
1986-04-22,1.2991241216659544,1.3731332685457067,1.285640462201345,1.2991241216659546,72800.0,0.0,0.0
1986-04-23,1.2654365301132202,1.3058443709471943,1.2654365301132202,1.2654365301132202,110400.0,0.0,0.0
1986-04-24,1.2654365301132202,1.2923607116049907,1.2654365301132202,1.2654365301132202,46400.0,0.0,0.0
1986-04-25,1.278920292854309,1.2856405544724163,1.2452758475676495,1.278920292854309,115200.0,0.0,0.0
1986-04-28,1.278920292854309,1.2856405544724163,1.2654366324219708,1.278920292854309,88000.0,0.0,0.0
1986-04-29,1.2519956827163696,1.2856401165426694,1.2183512488900698,1.2519956827163696,68000.0,0.0,0.0
1986-04-30,1.238511562347412,1.2587154699378673,1.2183507919222076,1.238511562347412,130400.0,0.0,0.0
1986-05-01,1.238511562347412,1.238511562347412,1.2115873979485552,1.238511562347412,93600.0,0.0,0.0
1986-05-02,1.2317914962768555,1.2385117541258612,1.2115875855579077,1.2317914962768555,43200.0,0.0,0.0
1986-05-05,1.2317914962768555,1.2317914962768555,1.204867327708902,1.2317914962768555,79200.0,0.0,0.0
1986-05-06,1.238511562347412,1.2452749563210643,1.2250710487306091,1.238511562347412,60000.0,0.0,0.0
1986-05-07,1.245275855064392,1.2519961167229563,1.225071932892316,1.245275855064392,50400.0,0.0,0.0
1986-05-08,1.245275855064392,1.2519961167229563,1.23179219455088,1.245275855064392,49600.0,0.0,0.0
1986-05-09,1.2317914962768555,1.2385117541258612,1.2115875855579077,1.2317914962768555,24800.0,0.0,0.0
1986-05-12,1.287384033203125,1.287384033203125,1.2399440393608672,1.287384033203125,121600.0,0.0188,0.0
1986-05-13,1.3280152082443237,1.3280152082443237,1.2873833927869782,1.3280152082443237,83200.0,0.0,0.0
1986-05-14,1.3483537435531616,1.3483537435531616,1.3009137410730094,1.3483537435531616,146400.0,0.0,0.0
1986-05-15,1.3280152082443237,1.3551175594329834,1.2806186606526353,1.3280152082443237,114400.0,0.0,0.0
1986-05-16,1.3280152082443237,1.3280152082443237,1.2806186606526353,1.3280152082443237,310400.0,0.0,0.0
1986-05-19,1.341589093208313,1.3551185675419368,1.3348243560415012,1.341589093208313,25600.0,0.0,0.0
1986-05-20,1.334824800491333,1.3415895399105657,1.3280166383740506,1.334824800491333,52800.0,0.0,0.0
1986-05-21,1.314487099647522,1.3280165778695843,1.2806199813962953,1.314487099647522,53600.0,0.0,0.0
1986-05-22,1.3551181554794312,1.3686910483694192,1.300913429260254,1.3551181554794312,68000.0,0.0,0.0
1986-05-23,1.3957931995391846,1.3957931995391846,1.355117949715813,1.3957931995391846,102400.0,0.0,0.0
1986-05-27,1.443233609199524,1.4499983452777536,1.3957936112987086,1.443233609199524,140000.0,0.0,0.0
1986-05-28,1.4974387884140015,1.5109682645931977,1.4364258775390746,1.4974387884140015,101600.0,0.0,0.0
1986-05-29,1.4703357219696045,1.497438084273158,1.443233359666051,1.4703357219696045,108000.0,0.0,0.0
1986-05-30,1.510967493057251,1.531305119630684,1.4703356625777269,1.510967493057251,122400.0,0.0,0.0
1986-06-02,1.5313055515289307,1.5448350246155886,1.4906302869097785,1.5313055515289307,164000.0,0.0,0.0
1986-06-03,1.5584079027175903,1.5651726391842422,1.490630270013779,1.5584079027175903,100800.0,0.0,0.0
1986-06-04,1.5448353290557864,1.5651729653732938,1.531305853302879,1.5448353290557861,48000.0,0.0,0.0
1986-06-05,1.5448353290557864,1.5516434896203863,1.5109682169853715,1.5448353290557861,138400.0,0.0,0.0
1986-06-06,1.5448353290557864,1.55840822749684,1.5448353290557864,1.5448353290557861,23200.0,0.0,0.0
1986-06-09,1.5313055515289307,1.5516431838385067,1.5245408149856017,1.5313055515289307,100800.0,0.0,0.0
1986-06-10,1.5245410203933716,1.538070495302912,1.5177328602531617,1.5245410203933716,544000.0,0.0,0.0
1986-06-11,1.510967493057251,1.5380698542660476,1.510967493057251,1.510967493057251,13600.0,0.0,0.0
1986-06-12,1.5042033195495608,1.5380704280274997,1.5042033195495608,1.5042033195495605,28000.0,0.0,0.0
1986-06-13,1.5380699634552002,1.5380699634552002,1.4838652371895582,1.5380699634552002,63200.0,0.0,0.0
1986-06-16,1.5245410203933716,1.5448352327576824,1.5109681227983913,1.5245410203933716,32800.0,0.0,0.0
1986-06-17,1.4974387884140015,1.5177330026827958,1.4771011514556924,1.4974387884140015,23200.0,0.0,0.0
1986-06-18,1.4771018028259277,1.4838665438986318,1.443234674753745,1.4771018028259277,39200.0,0.0,0.0
1986-06-19,1.4771018028259277,1.4906312849713357,1.4771018028259277,1.4771018028259277,24800.0,0.0,0.0
1986-06-20,1.4974387884140015,1.4974387884140015,1.4635282525869817,1.4974387884140015,142400.0,0.0,0.0
1986-06-23,1.4296611547470093,1.4906306435848018,1.4296611547470093,1.4296611547470093,69600.0,0.0,0.0
1986-06-24,1.4703357219696045,1.5109675540903869,1.409322839784787,1.4703357219696045,104800.0,0.0,0.0
1986-06-25,1.4093233346939087,1.4703362383044998,1.3890291228413896,1.4093233346939087,274400.0,0.0,0.0
1986-06-26,1.4093233346939087,1.4161314946624264,1.3957938601255626,1.4093233346939087,45600.0,0.0,0.0
1986-06-27,1.389028787612915,1.402558258916056,1.3822206292874797,1.389028787612915,23200.0,0.0,0.0
1986-06-30,1.4296611547470093,1.4296611547470093,1.3822211422331798,1.4296611547470093,126400.0,0.0,0.0
1986-07-01,1.449998378753662,1.449998378753662,1.4364254836072436,1.449998378753662,36800.0,0.0,0.0
1986-07-02,1.449998378753662,1.449998378753662,1.4296607473728373,1.449998378753662,93600.0,0.0,0.0
1986-07-03,1.4161312580108643,1.4499983614564977,1.4161312580108643,1.4161312580108643,73600.0,0.0,0.0
1986-07-07,1.334824800491333,1.4093237794989926,1.334824800491333,1.334824800491333,168800.0,0.0,0.0
1986-07-08,1.3551181554794312,1.3551181554794312,1.3144863221502419,1.3551181554794312,567200.0,0.0,0.0
1986-07-09,1.3551181554794312,1.3551181554794312,1.3483534203696308,1.3551181554794312,16800.0,0.0,0.0
1986-07-10,1.3551181554794312,1.3551181554794312,1.3415886852598304,1.3551181554794312,52800.0,0.0,0.0
1986-07-11,1.3483537435531616,1.3483537435531616,1.3415890068219385,1.3483537435531616,15200.0,0.0,0.0
1986-07-14,1.3280152082443237,1.3551175594329834,1.3280152082443237,1.3280152082443237,53600.0,0.0,0.0
1986-07-15,1.2738116979599,1.3483540891518115,1.2738116979599,1.2738116979599,367200.0,0.0,0.0
1986-07-16,1.287384033203125,1.3009135042021194,1.280619297703628,1.287384033203125,48800.0,0.0,0.0
1986-07-17,1.3009138107299805,1.314486707599978,1.3009138107299805,1.3009138107299805,56000.0,0.0,0.0
1986-07-18,1.3280152082443237,1.3415880951642976,1.300912857055664,1.3280152082443237,124800.0,0.0,0.0
1986-07-21,1.3280152082443237,1.3619257142186143,1.3280152082443237,1.3280152082443237,185600.0,0.0,0.0
1986-07-22,1.3551181554794312,1.3686910483694192,1.3415886852598304,1.3551181554794312,151200.0,0.0,0.0
1986-07-23,1.3822215795516968,1.3822215795516968,1.341589715034388,1.3822215795516968,176000.0,0.0,0.0
1986-07-24,1.3822215795516968,1.40255922316221,1.3822215795516968,1.3822215795516968,76000.0,0.0,0.0
1986-07-25,1.3957931995391846,1.3957931995391846,1.3754555746274988,1.3957931995391846,36000.0,0.0,0.0
1986-07-28,1.3280152082443237,1.382219910621643,1.3280152082443237,1.3280152082443237,144800.0,0.0,0.0
1986-07-29,1.3280152082443237,1.3415880951642976,1.3144857439756379,1.3280152082443237,33600.0,0.0,0.0
1986-07-30,1.3619266748428345,1.3686914117486313,1.3280161449500196,1.3619266748428345,55200.0,0.0,0.0
1986-07-31,1.3754562139511108,1.3754562139511108,1.3483538423593844,1.3754562139511108,58400.0,0.0,0.0
1986-08-01,1.3619266748428345,1.3822208855602245,1.3619266748428345,1.3619266748428345,228800.0,0.0,0.0
1986-08-04,1.3551181554794312,1.3754557834792194,1.3348239501500303,1.3551181554794312,32800.0,0.0,0.0
1986-08-05,1.3551181554794312,1.3619263132596189,1.3483534203696308,1.3551181554794312,30400.0,0.0,0.0
1986-08-06,1.341589093208313,1.3619267273923399,1.341589093208313,1.341589093208313,56800.0,0.0,0.0
1986-08-07,1.341589093208313,1.3551185675419368,1.3280161961910981,1.341589093208313,20000.0,0.0,0.0
1986-08-08,1.341589093208313,1.341589093208313,1.341589093208313,1.341589093208313,12800.0,0.0,0.0
1986-08-11,1.3686918020248413,1.3754565408595725,1.3415894239916197,1.3686918020248413,164800.0,0.0,0.0
1986-08-12,1.389028787612915,1.3957935232644854,1.3619264223327683,1.389028787612915,243200.0,0.0,0.0
1986-08-13,1.3957931995391846,1.4093226677044457,1.3957931995391846,1.3957931995391846,243200.0,0.0,0.0
1986-08-14,1.4107980728149414,1.4107980728149414,1.4039935953826004,1.4107980728149414,24000.0,0.0188,0.0
1986-08-15,1.390341877937317,1.4107990014756657,1.3835373960259145,1.390341877937317,254400.0,0.0,0.0
1986-08-18,1.390341877937317,1.4039945195642634,1.3835373960259145,1.390341877937317,188000.0,0.0,0.0
1986-08-19,1.4244508743286133,1.431255352567649,1.390341127572297,1.4244508743286133,422400.0,0.0,0.0
1986-08-20,1.4244508743286133,1.4244508743286133,1.410798240069973,1.4244508743286133,9600.0,0.0,0.0
1986-08-21,1.4448641538619995,1.4448641538619995,1.4176025660532825,1.4448641538619995,112800.0,0.0,0.0
1986-08-22,1.4448641538619995,1.4721257416707163,1.4448641538619995,1.4448641538619995,112000.0,0.0,0.0
1986-08-25,1.4721262454986572,1.4721262454986572,1.4380601685227836,1.4721262454986572,55200.0,0.0,0.0
1986-08-26,1.526648759841919,1.540301391226194,1.4857782212318398,1.526648759841919,206400.0,0.0,0.0
1986-08-27,1.540302038192749,1.540302038192749,1.533497558528241,1.540302038192749,59200.0,0.0,0.0
1986-08-28,1.581172585487366,1.5948252225328612,1.533497550301843,1.5811725854873657,122400.0,0.0,0.0
1986-08-29,1.5743683576583862,1.6220870782653605,1.5743683576583862,1.5743683576583862,50400.0,0.0,0.0
1986-09-02,1.540302038192749,1.5948252310882496,1.540302038192749,1.540302038192749,125600.0,0.0,0.0
1986-09-03,1.5471062660217285,1.5607589009181086,1.5334973089079575,1.5471062660217285,42400.0,0.0,0.0
1986-09-04,1.5948244333267214,1.60843338584828,1.5539102202263044,1.5948244333267212,132000.0,0.0,0.0
1986-09-05,1.5471062660217285,1.5880204929282598,1.5471062660217285,1.5471062660217285,88000.0,0.0,0.0
1986-09-08,1.540302038192749,1.5539109975217646,1.540302038192749,1.540302038192749,580000.0,0.0,0.0
1986-09-09,1.5198442935943604,1.5403014019272092,1.4925827084077874,1.5198442935943604,47200.0,0.0,0.0
1986-09-10,1.4721262454986572,1.5130404801023662,1.4721262454986572,1.4721262454986572,79200.0,0.0,0.0
1986-09-11,1.3562750816345213,1.4585169680790344,1.3494706032799033,1.3562750816345215,197600.0,0.0,0.0
1986-09-12,1.3562750816345213,1.3835366728343041,1.3494706032799033,1.3562750816345215,159200.0,0.0,0.0
1986-09-15,1.36307954788208,1.383536660545542,1.36307954788208,1.36307954788208,76000.0,0.0,0.0
1986-09-16,1.3562750816345213,1.3630795599891394,1.3562750816345213,1.3562750816345215,44800.0,0.0,0.0
1986-09-17,1.36307954788208,1.3767321822513623,1.3494705912937206,1.36307954788208,91200.0,0.0,0.0
1986-09-18,1.3562750816345213,1.3630795599891394,1.3562750816345213,1.3562750816345215,36000.0,0.0,0.0
1986-09-19,1.3562750816345213,1.3562750816345213,1.3562750816345213,1.3562750816345215,98400.0,0.0,0.0
1986-09-22,1.3971892595291138,1.3971892595291138,1.3630795133602451,1.3971892595291138,48800.0,0.0,0.0
1986-09-23,1.4448641538619995,1.4448641538619995,1.4107980885450726,1.4448641538619995,182400.0,0.0,0.0
1986-09-24,1.5198442935943604,1.5198442935943604,1.4585166463674903,1.5198442935943604,70400.0,0.0,0.0
1986-09-25,1.4585173130035403,1.519844988261095,1.4585173130035403,1.45851731300354,47200.0,0.0,0.0
1986-09-26,1.4244508743286133,1.4380598308066848,1.4176027183090087,1.4244508743286133,59200.0,0.0,0.0
1986-09-29,1.4176032543182373,1.4244514129271955,1.4176032543182373,1.4176032543182373,32800.0,0.0,0.0
1986-09-30,1.4448641538619995,1.4585167866542967,1.4039936110368627,1.4448641538619995,80000.0,0.0,0.0
1986-10-01,1.431256055831909,1.458517659963926,1.431256055831909,1.4312560558319092,20000.0,0.0,0.0
1986-10-02,1.431256055831909,1.431256055831909,1.4107989332823887,1.4312560558319092,32800.0,0.0,0.0
1986-10-03,1.4380600452423096,1.444864524495992,1.431255565988627,1.4380600452423096,16800.0,0.0,0.0
1986-10-06,1.4448641538619995,1.4448641538619995,1.4244507213373698,1.4448641538619995,92800.0,0.0,0.0
1986-10-07,1.4380600452423096,1.444864524495992,1.4176029296941806,1.4380600452423096,27200.0,0.0,0.0
1986-10-08,1.4039934873580933,1.4380595496741169,1.3971890104492946,1.4039934873580933,146400.0,0.0,0.0
1986-10-09,1.4039934873580933,1.4176024411756907,1.4039934873580933,1.4039934873580933,535200.0,0.0,0.0
1986-10-10,1.4107980728149414,1.4107980728149414,1.4039935953826004,1.4107980728149414,11200.0,0.0,0.0
1986-10-13,1.4176032543182373,1.4176032543182373,1.4176032543182373,1.4176032543182373,3200.0,0.0,0.0
1986-10-14,1.4176032543182373,1.4448648553628187,1.4039942926944884,1.4176032543182373,21600.0,0.0,0.0
1986-10-15,1.431256055831909,1.4448650189969023,1.4176034148648853,1.4312560558319092,101600.0,0.0,0.0
1986-10-16,1.4380600452423096,1.451712681536756,1.4380600452423096,1.4380600452423096,47200.0,0.0,0.0
1986-10-17,1.4585173130035403,1.4585173130035403,1.431255715356667,1.45851731300354,44000.0,0.0,0.0
1986-10-20,1.4517126083374023,1.4721260450691476,1.4517126083374023,1.4517126083374023,208800.0,0.0,0.0
1986-10-21,1.4585173130035403,1.4585173130035403,1.4517128330397318,1.45851731300354,5600.0,0.0,0.0
1986-10-22,1.4721262454986572,1.4721262454986572,1.4585172858246382,1.4721262454986572,16000.0,0.0,0.0
1986-10-23,1.4585173130035403,1.4857789106504133,1.4585173130035403,1.45851731300354,33600.0,0.0,0.0
1986-10-24,1.4721262454986572,1.4721262454986572,1.4517128059876288,1.4721262454986572,22400.0,0.0,0.0
1986-10-27,1.4585173130035403,1.4585173130035403,1.4517128330397318,1.45851731300354,48000.0,0.0,0.0
1986-10-28,1.4721262454986572,1.4721262454986572,1.4517128059876288,1.4721262454986572,85600.0,0.0,0.0
1986-10-29,1.513040542602539,1.513040542602539,1.458517346072585,1.513040542602539,73600.0,0.0,0.0
1986-10-30,1.581172585487366,1.5880207429048558,1.4993877965828468,1.5811725854873657,217600.0,0.0,0.0
1986-10-31,1.5539114475250244,1.5675640885974804,1.5539114475250244,1.5539114475250244,91200.0,0.0,0.0
1986-11-03,1.5539114475250244,1.5539114475250244,1.5334980026198919,1.5539114475250244,69600.0,0.0,0.0
1986-11-04,1.5743683576583862,1.5743683576583862,1.5471067569967538,1.5743683576583862,76000.0,0.0,0.0
1986-11-05,1.5880203247070312,1.5880203247070312,1.5607587355847385,1.5880203247070312,61600.0,0.0,0.0
1986-11-06,1.5948244333267214,1.5948244333267214,1.5743673267765128,1.5948244333267212,72800.0,0.0,0.0
1986-11-07,1.58934485912323,1.58934485912323,1.5619423615521397,1.58934485912323,27200.0,0.0188,0.0
1986-11-10,1.5688256025314333,1.5825048968358113,1.555102404698087,1.568825602531433,54400.0,0.0,0.0
1986-11-11,1.5688256025314333,1.5688256025314333,1.555102404698087,1.568825602531433,29600.0,0.0,0.0
1986-11-12,1.561942219734192,1.582505066929906,1.561942219734192,1.561942219734192,39200.0,0.0,0.0
1986-11-13,1.561942219734192,1.582505066929906,1.561942219734192,1.561942219734192,60800.0,0.0,0.0
1986-11-14,1.5551019906997678,1.5756648302110763,1.5414227000370826,1.555101990699768,139200.0,0.0,0.0
1986-11-17,1.548263072967529,1.5688259221422538,1.5345398723384085,1.5482630729675293,36800.0,0.0,0.0
1986-11-18,1.5345391035079956,1.5551019423803853,1.5208598132703466,1.5345391035079956,185600.0,0.0,0.0
1986-11-19,1.4728947877883911,1.5345394133358694,1.4523319447643048,1.4728947877883911,66400.0,0.0,0.0
1986-11-20,1.5002974271774292,1.5071370743604122,1.4592156405503645,1.5002974271774292,51200.0,0.0,0.0
1986-11-21,1.5825052261352541,1.5825052261352541,1.5071373811911695,1.582505226135254,211200.0,0.0,0.0
1986-11-24,1.5825052261352541,1.5825052261352541,1.5482630797199808,1.582505226135254,65600.0,0.0,0.0
1986-11-25,1.575665473937988,1.5893447701892527,1.54142332977461,1.5756654739379883,80000.0,0.0,0.0
1986-11-26,1.575665473937988,1.5825051220636204,1.561942274151507,1.5756654739379883,63200.0,0.0,0.0
1986-11-28,1.58934485912323,1.58934485912323,1.5688259135981675,1.58934485912323,29600.0,0.0,0.0
1986-12-01,1.575665473937988,1.5893447701892527,1.561942274151507,1.5756654739379883,55200.0,0.0,0.0
1986-12-02,1.575665473937988,1.575665473937988,1.5482629779002424,1.5756654739379883,128000.0,0.0,0.0
1986-12-03,1.561942219734192,1.5688257711552214,1.5482629239595076,1.561942219734192,54400.0,0.0,0.0
1986-12-04,1.548263072967529,1.575665570687858,1.548263072967529,1.5482630729675293,117600.0,0.0,0.0
1986-12-05,1.575665473937988,1.575665473937988,1.527700129988129,1.5756654739379883,97600.0,0.0,0.0
1986-12-08,1.575665473937988,1.575665473937988,1.5482629779002424,1.5756654739379883,326400.0,0.0,0.0
1986-12-09,1.5688256025314333,1.5825048968358113,1.555102404698087,1.568825602531433,64800.0,0.0,0.0
1986-12-10,1.58934485912323,1.58934485912323,1.5688259135981675,1.58934485912323,77600.0,0.0,0.0
1986-12-11,1.5140215158462524,1.5893454862342136,1.507137961084168,1.5140215158462524,84800.0,0.0,0.0
1986-12-12,1.548263072967529,1.5551027215131332,1.5140209267015965,1.5482630729675293,103200.0,0.0,0.0
1986-12-15,1.6030669212341309,1.6030669212341309,1.5345387742039227,1.6030669212341309,156800.0,0.0,0.0
1986-12-16,1.6030669212341309,1.6099065648852031,1.568824799472274,1.6030669212341309,128000.0,0.0,0.0
1986-12-17,1.5825052261352541,1.6099077239750934,1.5756655775598203,1.582505226135254,61600.0,0.0,0.0
1986-12-18,1.5825052261352541,1.6099077239750934,1.5688259289843862,1.582505226135254,160000.0,0.0,0.0
1986-12-19,1.6099066734313967,1.6099066734313967,1.5551017135146636,1.6099066734313965,460000.0,0.0,0.0
1986-12-22,1.6099066734313967,1.6099066734313967,1.589343837585258,1.6099066734313965,103200.0,0.0,0.0
1986-12-23,1.6236308813095093,1.6236308813095093,1.5962283842013774,1.6236308813095093,204800.0,0.0,0.0
1986-12-24,1.6647126674652102,1.6647126674652102,1.6236308737624374,1.66471266746521,128800.0,0.0,0.0
1986-12-26,1.6715515851974487,1.6921144248292608,1.6578722944545992,1.6715515851974487,40800.0,0.0,0.0
1986-12-29,1.6441490650177002,1.6852747434014417,1.6441490650177002,1.6441490650177002,213600.0,0.0,0.0
1986-12-30,1.61674690246582,1.6441493923381223,1.61674690246582,1.6167469024658203,88800.0,0.0,0.0
1986-12-31,1.548263072967529,1.6373102146741194,1.5345398723384085,1.5482630729675293,133600.0,0.0,0.0
1987-01-02,1.6304700374603271,1.6304700374603271,1.5756650597897899,1.6304700374603271,140000.0,0.0,0.0
1987-01-05,1.7606424075318354,1.78116229328437,1.6510333610428645,1.7606432437896729,138400.0,0.0,0.0
1987-01-06,1.7674828767776491,1.808564667453017,1.7400803818162398,1.767482876777649,149600.0,0.0,0.0
1987-01-07,1.8085638284683228,1.8222870213496456,1.7674820568506056,1.8085638284683228,23200.0,0.0,0.0
1987-01-08,1.8496893644332886,1.8633686527722912,1.801723943694968,1.8496893644332886,109600.0,0.0,0.0
1987-01-09,1.9113336783603054,1.959299951672467,1.8496899936355389,1.91133451461792,184800.0,0.0,0.0
1987-01-12,1.9318993091583254,1.9318993091583254,1.8496917620359867,1.9318993091583252,94400.0,0.0,0.0
1987-01-13,1.9455767869949339,1.9592999837365093,1.9181742970372588,1.945576786994934,283200.0,0.0,0.0
1987-01-14,1.9661390763474929,1.9729796650911033,1.9044953784869407,1.9661399126052856,111200.0,0.0,0.0
1987-01-15,1.870252607460024,1.9387377417858378,1.863369995610241,1.8702534437179565,57600.0,0.0,0.0
1987-01-16,1.9181745052337646,1.9524604445141187,1.8633695193699427,1.9181745052337646,91200.0,0.0,0.0
1987-01-19,1.9318993091583254,1.9661413733686486,1.8633710681063442,1.9318993091583252,85600.0,0.0,0.0
1987-01-20,1.904494643211365,1.9661391535303763,1.8633689642991265,1.9044946432113647,275200.0,0.0,0.0
1987-01-21,1.8907716274261475,1.9181741147801497,1.8633691400721453,1.8907716274261475,80800.0,0.0,0.0
1987-01-22,1.8770923614501953,1.904494849182885,1.8496898737175058,1.8770923614501953,120000.0,0.0,0.0
1987-01-23,1.8633692264556885,1.9181742037043852,1.8222874452808355,1.8633692264556885,201600.0,0.0,0.0
1987-01-26,1.8633692264556885,1.8633692264556885,1.8496899339051838,1.8633692264556885,12800.0,0.0,0.0
1987-01-27,1.8839319926452271,1.8907725828497528,1.8633700816490317,1.8839328289031982,248000.0,0.0,0.0
1987-01-28,1.9181745052337646,1.9181745052337646,1.8496902246691076,1.9181745052337646,224800.0,0.0,0.0
1987-01-29,1.9113336783603054,1.9181742656462404,1.8770924831447708,1.91133451461792,44800.0,0.0,0.0
1987-01-30,1.9318993091583254,1.9318993091583254,1.8907735838137905,1.9318993091583252,104800.0,0.0,0.0
1987-02-02,1.9661390763474929,1.9729796650911033,1.9181746743941281,1.9661399126052856,212800.0,0.0,0.0
1987-02-03,1.9524610336767454,1.9524610336767454,1.8839328289031982,1.8839328289031982,250400.0,0.0,0.0
1987-02-04,1.9113336783603054,1.91133451461792,1.8702527321164504,1.91133451461792,53600.0,0.0,0.0
1987-02-05,1.904494643211365,1.9250573781353004,1.8633689642991265,1.9044946432113647,99200.0,0.0,0.0
1987-02-06,1.8907716274261475,1.9181741147801497,1.8839318769357793,1.8907716274261475,94400.0,0.0,0.0
1987-02-09,1.8633692264556885,1.8907717150800367,1.8633692264556885,1.8633692264556885,20800.0,0.0,0.0
1987-02-10,1.8428492528156364,1.8907716186104675,1.8085641569317517,1.8428500890731812,504000.0,0.0,0.0
1987-02-11,1.856529472465487,1.8565303087234497,1.8359675616794928,1.8565303087234497,41600.0,0.0,0.0
1987-02-12,1.856529472465487,1.8633700626000824,1.82912780780286,1.8565303087234497,79200.0,0.0,0.0
1987-02-13,1.85269390910725,1.852694749832153,1.8388982439902135,1.8526947498321533,332000.0,0.0225,0.0
1987-02-17,1.85269390910725,1.8733234065995525,1.8182256593466244,1.8526947498321533,136000.0,0.0,0.0
1987-02-18,1.8664466080054165,1.9077928355336775,1.838898570216745,1.8664474487304688,180000.0,0.0,0.0
1987-02-19,1.8595706224441528,1.9077920699170863,1.825145467542847,1.8595706224441528,80800.0,0.0,0.0
1987-02-20,1.8457747697830202,1.8595712773950297,1.8044735230731483,1.84577476978302,49600.0,0.0,0.0
1987-02-23,1.85269390910725,1.8664471176166775,1.8251458762056891,1.8526947498321533,216000.0,0.0,0.0
1987-02-24,1.8388974603996433,1.866447175606977,1.8320222221092843,1.8388983011245728,26400.0,0.0,0.0
1987-02-25,1.8664466080054165,1.87332373893322,1.838898570216745,1.8664474487304688,35200.0,0.0,0.0
1987-02-26,1.85269390910725,1.8664471176166775,1.8388982439902135,1.8526947498321533,59200.0,0.0,0.0
1987-02-27,1.8595706224441528,1.8733229871494266,1.8388978322481204,1.8595706224441528,88000.0,0.0,0.0
1987-03-02,1.8664466080054165,1.87332373893322,1.8526950785062297,1.8664474487304688,55200.0,0.0,0.0
1987-03-03,1.8457747697830202,1.8526949875299377,1.832022400234089,1.84577476978302,120000.0,0.0,0.0
1987-03-04,1.8388974603996433,1.866447175606977,1.825145932912764,1.8388983011245728,126400.0,0.0,0.0
1987-03-05,1.8457747697830202,1.8871201545559702,1.832022400234089,1.84577476978302,83200.0,0.0,0.0
1987-03-06,1.8182250261306763,1.8664464676071062,1.8182250261306763,1.8182250261306763,77600.0,0.0,0.0
1987-03-09,1.8320227861404421,1.838898867272693,1.8044739031764683,1.832022786140442,30400.0,0.0,0.0
1987-03-10,1.8320227861404421,1.8595716691044157,1.825146494826894,1.832022786140442,48000.0,0.0,0.0
1987-03-11,1.8320227861404421,1.845775158586241,1.7906773926582935,1.832022786140442,58400.0,0.0,0.0
1987-03-12,1.8320227861404421,1.845775158586241,1.8044739031764683,1.832022786140442,60800.0,0.0,0.0
1987-03-13,1.8251447615014802,1.8388979679463624,1.818225386406012,1.8251456022262573,60800.0,0.0,0.0
1987-03-16,1.7631285190582275,1.8320227958702446,1.7355796359479427,1.7631285190582275,190400.0,0.0,0.0
1987-03-17,1.7769246101379395,1.7769246101379395,1.7080303495910754,1.7769246101379395,192000.0,0.0,0.0
1987-03-18,1.7769246101379395,1.7769246101379395,1.7493757335316318,1.7769246101379395,37600.0,0.0,0.0
1987-03-19,1.8182250261306763,1.8388976035748232,1.7493749350709908,1.8182250261306763,56800.0,0.0,0.0
1987-03-20,1.8320227861404421,1.8320227861404421,1.7975976118629202,1.832022786140442,256000.0,0.0,0.0
1987-03-23,1.8044730424880981,1.8320219123119523,1.8044730424880981,1.8044730424880981,120000.0,0.0,0.0
1987-03-24,1.7355793714523315,1.8044736377651278,1.7355793714523315,1.7355793714523315,198400.0,0.0,0.0
1987-03-25,1.7631285190582275,1.7631285190582275,1.7218272634291054,1.7631285190582275,311200.0,0.0,0.0
1987-03-26,1.811350816187793,1.8182279545768898,1.7631301377715294,1.8113516569137573,250400.0,0.0,0.0
1987-03-27,1.8182250261306763,1.8320215271678397,1.8113487395425403,1.8182250261306763,49600.0,0.0,0.0
1987-03-30,1.7906765937805176,1.804473098143633,1.763127723106971,1.7906765937805176,86400.0,0.0,0.0
1987-03-31,1.7906765937805176,1.8182254644540639,1.7906765937805176,1.7906765937805176,152800.0,0.0,0.0
1987-04-01,1.7493761777877808,1.7631285505522711,1.7493761777877808,1.7493761777877808,120800.0,0.0,0.0
1987-04-02,1.7906765937805176,1.7906765937805176,1.7424991736413247,1.7906765937805176,37600.0,0.0,0.0
1987-04-03,1.85269390910725,1.852694749832153,1.749375544309172,1.8526947498321533,74400.0,0.0,0.0
1987-04-06,1.8733237981796267,1.8733237981796267,1.8182260394096377,1.8733237981796265,46400.0,0.0,0.0
1987-04-07,1.8733237981796267,1.9215452665293926,1.8526951371002272,1.8733237981796265,97600.0,0.0,0.0
1987-04-08,1.887119650840759,1.9215445984967363,1.8526944930035851,1.8871196508407593,122400.0,0.0,0.0
1987-04-09,1.887119650840759,1.914668520648279,1.887119650840759,1.8871196508407593,60000.0,0.0,0.0
1987-04-10,1.9422197341918945,1.9559721166654276,1.900874310562176,1.9422197341918945,70400.0,0.0,0.0
1987-04-13,1.8457747697830202,1.969766786038792,1.8457747697830202,1.84577476978302,73600.0,0.0,0.0
1987-04-14,1.7355793714523315,1.8182260081881567,1.7218270010293024,1.7355793714523315,260000.0,0.0,0.0
1987-04-15,1.7906765937805176,1.804473098143633,1.7287026692782093,1.7906765937805176,74400.0,0.0,0.0
1987-04-16,1.8044730424880981,1.8871196519596602,1.8044730424880981,1.8044730424880981,72800.0,0.0,0.0
1987-04-20,1.7769246101379395,1.7769246101379395,1.7287030415613536,1.7769246101379395,96000.0,0.0,0.0
1987-04-21,1.8664466080054165,1.8664474487304688,1.7493758546540856,1.8664474487304688,108000.0,0.0,0.0
1987-04-22,1.7769246101379395,1.8595712399568625,1.7769246101379395,1.7769246101379395,40000.0,0.0,0.0
1987-04-23,1.783800476489676,1.8182264956585181,1.7425001618977012,1.7838013172149658,50400.0,0.0,0.0
1987-04-24,1.7218273878097534,1.7700488661636584,1.7218273878097534,1.7218273878097534,112000.0,0.0,0.0
1987-04-27,1.7355793714523315,1.7493758799412442,1.5840826064695936,1.7355793714523315,177600.0,0.0,0.0
1987-04-28,1.7080304622650144,1.756252034022641,1.6942780920857505,1.7080304622650146,96000.0,0.0,0.0
1987-04-29,1.714951157569885,1.7287035307334602,1.666729575348014,1.7149511575698853,48000.0,0.0,0.0
1987-04-30,1.7355793714523315,1.7562520651527587,1.701154307328875,1.7355793714523315,136800.0,0.0,0.0
1987-05-01,1.756251335144043,1.7631275174973828,1.7218262853298065,1.756251335144043,108800.0,0.0,0.0
1987-05-04,1.8595706224441528,1.8595706224441528,1.7493751526118337,1.8595706224441528,94400.0,0.0,0.0
1987-05-05,1.914668917655945,1.9422177931757396,1.8526948771608993,1.9146689176559448,124800.0,0.0,0.0
1987-05-06,1.85269390910725,1.9146687860679563,1.8251458762056891,1.8526947498321533,40800.0,0.0,0.0
1987-05-07,1.8320227861404421,1.8733240415502148,1.825146494826894,1.832022786140442,52000.0,0.0,0.0
1987-05-08,1.8457747697830202,1.8526949875299377,1.7355792611392578,1.84577476978302,61600.0,0.0,0.0
1987-05-11,1.8733237981796267,1.9697669450604283,1.8595714275204502,1.8733237981796265,99200.0,0.0,0.0
1987-05-12,1.8971645832061768,1.8971645832061768,1.869469073765162,1.8971645832061768,52800.0,0.0225,0.0
1987-05-13,1.9525552988052368,1.9663808648816035,1.8555988443248934,1.9525552988052368,61600.0,0.0,0.0
1987-05-14,1.9386850595474245,1.966380560398102,1.8902511071434676,1.9386850595474243,87200.0,0.0,0.0
1987-05-15,1.917946188038431,1.917946188038431,1.8486852645874026,1.8486852645874023,53600.0,0.0,0.0
1987-05-18,1.8971645832061768,1.9109901514300158,1.8140780548831326,1.8971645832061768,49600.0,0.0,0.0
1987-05-19,1.897164279528613,1.897164279528613,1.7794693708419802,1.77946937084198,64000.0,0.0,0.0
1987-05-20,1.7932941806257205,1.8279034212057454,1.772512408441935,1.7932950258255005,96800.0,0.0,0.0
1987-05-21,1.800207825508135,1.800207825508135,1.7794693708419802,1.77946937084198,28800.0,0.0,0.0
1987-05-22,1.8071634662095226,1.8209898731015806,1.779468815051454,1.8071643114089966,44000.0,0.0,0.0
1987-05-26,1.8625550162733568,1.8625558614730837,1.8140777407476896,1.8625558614730835,46400.0,0.0,0.0
1987-05-27,1.8279032707214355,1.8486858863940472,1.8140777051629067,1.8279032707214355,100000.0,0.0,0.0
1987-05-28,1.8348593604506724,1.8348602056503294,1.8071647032871023,1.8348602056503296,58400.0,0.0,0.0
1987-05-29,1.8486860385893107,1.8486860385893107,1.7932950258255003,1.7932950258255005,120800.0,0.0,0.0
1987-06-01,1.8071634662095226,1.8209898731015806,1.793294376744038,1.8071643114089966,39200.0,0.0,0.0
1987-06-02,1.8209891211929998,1.855598351019304,1.8140772908420166,1.820989966392517,43200.0,0.0,0.0
1987-06-03,1.841772788618424,1.841772788618424,1.8209899663925169,1.820989966392517,44000.0,0.0,0.0
1987-06-04,1.855598330497742,1.8694682657198782,1.8348598814758346,1.8555983304977417,96000.0,0.0,0.0
1987-06-05,1.8002083301544187,1.8763819778760078,1.7932954395611884,1.800208330154419,194400.0,0.0,0.0
1987-06-08,1.8071634662095226,1.8209898731015806,1.793294376744038,1.8071643114089966,33600.0,0.0,0.0
1987-06-09,1.814077615737915,1.814077615737915,1.7863821130013253,1.814077615737915,52000.0,0.0,0.0
1987-06-10,1.814077615737915,1.8417731184745045,1.8002076778783227,1.814077615737915,52000.0,0.0,0.0
1987-06-11,1.855598330497742,1.855598330497742,1.7932944487835827,1.8555983304977417,259200.0,0.0,0.0
1987-06-12,1.9386850595474245,1.9386850595474245,1.8555985569953921,1.9386850595474243,69600.0,0.0,0.0
1987-06-15,1.980250954627991,1.980250954627991,1.924859940134758,1.9802509546279907,106400.0,0.0,0.0
1987-06-16,1.980250954627991,1.9871636325422142,1.9663810145097722,1.9802509546279907,68000.0,0.0,0.0
1987-06-17,2.0564230573120716,2.070249465037071,1.966380359845762,2.0564239025115967,130400.0,0.0,0.0
1987-06-18,2.0494673252105713,2.070249941102972,2.007946255111091,2.0494673252105713,38400.0,0.0,0.0
1987-06-19,2.0564230573120716,2.077162351949749,2.0217713558977555,2.0564239025115967,196000.0,0.0,0.0
1987-06-22,2.063337802886963,2.070250481895104,2.0356422912575867,2.063337802886963,56800.0,0.0,0.0
1987-06-23,2.091033697128296,2.091033697128296,2.0633381804312654,2.091033697128296,91200.0,0.0,0.0
1987-06-24,2.132551908493042,2.1602473878241204,2.084117993722607,2.132551908493042,268000.0,0.0,0.0
1987-06-25,2.1395100247801464,2.160249324006621,2.1256409314104596,2.1395108699798584,109600.0,0.0,0.0
1987-06-26,2.077162742614746,2.125640860871645,2.0633371774890112,2.077162742614746,60000.0,0.0,0.0
1987-06-29,2.0494673252105713,2.0771628296053084,2.0287288710034916,2.0494673252105713,20800.0,0.0,0.0
1987-06-30,2.035641670227051,2.035641670227051,1.9663807257852144,2.035641670227051,92000.0,0.0,0.0
1987-07-01,1.9733374011456364,2.0148593245275244,1.9456427365595537,1.97333824634552,42400.0,0.0,0.0
1987-07-02,1.9871624600829259,2.021771696043838,1.9663806906727739,1.9871633052825928,63200.0,0.0,0.0
1987-07-06,1.9663809537887575,2.0010335108693615,1.9663809537887575,1.9663809537887573,111200.0,0.0,0.0
1987-07-07,2.0217716693878174,2.0217716693878174,1.9663806647470554,2.0217716693878174,56000.0,0.0,0.0
1987-07-08,1.9940757751464844,2.0148583853976256,1.9940757751464844,1.9940757751464844,36800.0,0.0,0.0
1987-07-09,2.0287276399078635,2.028728485107422,2.0079458731682003,2.028728485107422,17600.0,0.0,0.0
1987-07-10,2.035641670227051,2.0494672353254346,2.014858843946209,2.035641670227051,88800.0,0.0,0.0
1987-07-13,2.0425537408084686,2.0425537408084686,2.0148582458496094,2.0148582458496094,14400.0,0.0,0.0
1987-07-14,2.0079457759857178,2.0217713383914786,1.9940758406052939,2.0079457759857178,24000.0,0.0,0.0
1987-07-15,1.9663809537887575,2.014859077570832,1.9386854473973665,1.9663809537887573,48800.0,0.0,0.0
1987-07-16,1.9525552988052368,1.98716348133263,1.9525552988052368,1.9525552988052368,20000.0,0.0,0.0
1987-07-17,1.9663809537887575,1.9663809537887575,1.9386854473973665,1.9663809537887573,880800.0,0.0,0.0
1987-07-20,1.9663809537887575,1.9663809537887575,1.9525553870872874,1.9663809537887573,12800.0,0.0,0.0
1987-07-21,1.9940757751464844,2.0148583853976256,1.9663802782694497,1.9940757751464844,132800.0,0.0,0.0
1987-07-22,2.0079457759857178,2.0079457759857178,1.9733373913467134,2.0079457759857178,19200.0,0.0,0.0
1987-07-23,1.9940757751464844,2.021771272023519,1.952554716317536,1.9940757751464844,52000.0,0.0,0.0
1987-07-24,2.0425535333098264,2.0425543785095215,2.007946197898472,2.0425543785095215,15200.0,0.0,0.0
1987-07-27,2.091033697128296,2.091033697128296,2.0564252888582364,2.091033697128296,13600.0,0.0,0.0
1987-07-28,2.1256390702670007,2.1256399154663086,2.077161818770659,2.1256399154663086,45600.0,0.0,0.0
1987-07-29,2.215640068054199,2.215640068054199,2.118728001566615,2.215640068054199,76000.0,0.0,0.0
1987-07-30,2.215640068054199,2.215640068054199,2.146423502417292,2.215640068054199,60000.0,0.0,0.0
1987-07-31,2.194899905914614,2.208726309598419,2.1879437045594594,2.1949007511138916,27200.0,0.0,0.0
1987-08-03,2.174118995666504,2.2156400603075617,2.174118995666504,2.174118995666504,86400.0,0.0,0.0
1987-08-04,2.077162742614746,2.146423687193601,2.0564242892761833,2.077162742614746,57600.0,0.0,0.0
1987-08-05,2.132551908493042,2.1602473878241204,2.091030875968972,2.132551908493042,74400.0,0.0,0.0
1987-08-06,2.132551908493042,2.132551908493042,2.1048564291619636,2.132551908493042,16000.0,0.0,0.0
1987-08-07,2.201814889907837,2.201814889907837,2.1464238785011913,2.201814889907837,30400.0,0.0,0.0
1987-08-10,2.2087260377350733,2.2087268829345703,2.194901320861236,2.2087268829345703,52800.0,0.0,0.0
1987-08-11,2.326422691345215,2.326422691345215,2.187945150193714,2.326422691345215,151200.0,0.0,0.0
1987-08-12,2.2225958001557933,2.3264215774120056,2.187944102566053,2.2225966453552246,78400.0,0.0,0.0
1987-08-13,2.201814889907837,2.222597506782196,2.1672064953755505,2.201814889907837,63200.0,0.0,0.0
1987-08-14,2.2187737080692704,2.2187745571136475,2.18400894927865,2.2187745571136475,36000.0,0.0225,0.0
1987-08-17,2.1978964805603027,2.2327066485849163,2.1978964805603027,2.1978964805603027,50400.0,0.0,0.0
1987-08-18,2.1840078830718994,2.2257178045023074,2.1422533868334708,2.1840078830718994,61600.0,0.0,0.0
1987-08-19,2.170076370239258,2.170076370239258,2.128366419769568,2.170076370239258,18400.0,0.0,0.0
1987-08-20,2.23270665141342,2.2327075004577637,2.1840088640393307,2.2327075004577637,34400.0,0.0,0.0
1987-08-21,2.23270665141342,2.2327075004577637,2.2118303490918825,2.2327075004577637,30400.0,0.0,0.0
1987-08-24,2.2118313312530518,2.218775455762167,2.197898295125807,2.2118313312530518,13600.0,0.0,0.0
1987-08-25,2.2257184982299805,2.2257184982299805,2.190952684270087,2.2257184982299805,46400.0,0.0,0.0
1987-08-26,2.2257184982299805,2.232707193522856,2.211830045027,2.2257184982299805,13600.0,0.0,0.0
1987-08-27,2.1631311032412457,2.2118308111383675,2.149243494272244,2.1631319522857666,36000.0,0.0,0.0
1987-08-28,2.17007526743996,2.17007526743996,2.1353094577789307,2.1353094577789307,25600.0,0.0,0.0
1987-08-31,2.1144330501556396,2.149243234526622,2.1005445938205987,2.1144330501556396,78400.0,0.0,0.0
1987-09-01,2.0309689044952393,2.128366413363101,2.017080445993499,2.0309689044952393,112000.0,0.0,0.0
1987-09-02,2.0379563424229055,2.0587899811491943,2.0309684949174485,2.037957191467285,194400.0,0.0,0.0
1987-09-03,2.0518456551666917,2.051846504211426,2.030969343240424,2.051846504211426,176800.0,0.0,0.0
1987-09-04,2.0031466484069824,2.058789610862732,2.0031466484069824,2.0031466484069824,95200.0,0.0,0.0
1987-09-08,1.9892587661743166,2.003147223363655,1.9336157877475484,1.9892587661743164,172800.0,0.0,0.0
1987-09-09,2.017080068588257,2.017080068588257,1.9614370953145197,2.017080068588257,124000.0,0.0,0.0
1987-09-10,2.017080068588257,2.0449015552251253,2.017080068588257,2.017080068588257,163200.0,0.0,0.0
1987-09-11,2.0866119861602783,2.1074891436015606,2.030968999862671,2.0866119861602783,59200.0,0.0,0.0
1987-09-14,2.072723150253296,2.072723150253296,2.0240242962539168,2.072723150253296,72000.0,0.0,0.0
1987-09-15,2.017080068588257,2.0587900111282695,2.017080068588257,2.017080068588257,40800.0,0.0,0.0
1987-09-16,2.017080068588257,2.051845677046148,2.0031470378545326,2.017080068588257,44000.0,0.0,0.0
1987-09-17,1.9892587661743166,2.030968712577039,1.9823144314490886,1.9892587661743164,37600.0,0.0,0.0
1987-09-18,2.0240231606602737,2.02402400970459,1.9823140708884368,2.02402400970459,62400.0,0.0,0.0
1987-09-21,2.0379563424229055,2.08661146738094,2.024024160936447,2.037957191467285,71200.0,0.0,0.0
1987-09-22,2.1005454063415527,2.114433868048849,2.017080911550151,2.1005454063415527,96800.0,0.0,0.0
1987-09-23,2.128365993499756,2.128365993499756,2.08661147655362,2.128365993499756,40800.0,0.0,0.0
1987-09-24,2.1353099158585565,2.1353099158585565,2.0657784938812256,2.0657784938812256,15200.0,0.0,0.0
1987-09-25,2.1144330501556396,2.1144330501556396,2.0587900751515438,2.1144330501556396,40000.0,0.0,0.0
1987-09-28,2.128365993499756,2.149243145842276,2.1214216594882274,2.128365993499756,87200.0,0.0,0.0
1987-09-29,2.1283657947565544,2.1283657947565544,2.0657784938812256,2.0657784938812256,55200.0,0.0,0.0
1987-09-30,2.2048836800699982,2.211828858119335,2.079665643372112,2.2048845291137695,80000.0,0.0,0.0
1987-10-01,2.2257184982299805,2.2257184982299805,2.190952684270087,2.2257184982299805,68000.0,0.0,0.0
1987-10-02,2.2257192691518903,2.2257192691518903,2.1631319522857666,2.1631319522857666,57600.0,0.0,0.0
1987-10-05,2.072723150253296,2.1492432800833354,2.072723150253296,2.072723150253296,100000.0,0.0,0.0
1987-10-06,2.017080068588257,2.0587900111282695,2.0031470378545326,2.017080068588257,91200.0,0.0,0.0
1987-10-07,2.0449013710021973,2.0449013710021973,1.9753253732627616,2.0449013710021973,116800.0,0.0,0.0
1987-10-08,2.0031466484069824,2.058789610862732,2.0031466484069824,2.0031466484069824,64000.0,0.0,0.0
1987-10-09,2.0031466484069824,2.030968129634857,2.0031466484069824,2.0031466484069824,49600.0,0.0,0.0
1987-10-12,2.017080068588257,2.030968524491401,1.9962027037724115,2.017080068588257,130400.0,0.0,0.0
1987-10-13,2.1074882599947298,2.1074891090393066,2.030968966555327,2.1074891090393066,31200.0,0.0,0.0
1987-10-14,2.0101350400088873,2.079667323576078,2.003147191864423,2.0101358890533447,68000.0,0.0,0.0
1987-10-15,2.0309689044952393,2.0449019378358995,1.9753259208104381,2.0309689044952393,93600.0,0.0,0.0
1987-10-16,1.947504758834839,2.0309692484991895,1.947504758834839,1.9475047588348389,203200.0,0.0,0.0
1987-10-19,1.6971104145050049,1.8918607899400053,1.676277733968864,1.6971104145050049,820800.0,0.0,0.0
1987-10-20,1.6414673328399658,1.752753253710472,1.5580028921870863,1.6414673328399658,403200.0,0.0,0.0
1987-10-21,1.6971104145050049,1.7179876698646246,1.599757514199244,1.6971104145050049,252000.0,0.0,0.0
1987-10-22,1.578880190849304,1.690166114877069,1.4188955313540021,1.5788801908493042,299200.0,0.0,0.0
1987-10-23,1.6623457670211792,1.6832230357129292,1.5719370358261882,1.6623457670211792,72000.0,0.0,0.0
1987-10-26,1.5023609399795532,1.6554014712914642,1.5023609399795532,1.5023609399795532,134400.0,0.0,0.0
1987-10-27,1.5023609399795532,1.5441154757374231,1.5023609399795532,1.5023609399795532,42400.0,0.0,0.0
1987-10-28,1.4467167854309082,1.4884712878025452,1.418895308788006,1.4467167854309082,103200.0,0.0,0.0
1987-10-29,1.5301817655563354,1.5510590242488433,1.4745387922633777,1.5301817655563354,154400.0,0.0,0.0
1987-10-30,1.627579689025879,1.641468148626917,1.544115206892307,1.627579689025879,234400.0,0.0,0.0
1987-11-02,1.6832215785980225,1.697110029135074,1.6554001027105623,1.6832215785980225,45600.0,0.0,0.0
1987-11-03,1.6762778759002683,1.6762778759002683,1.5997576496516372,1.6762778759002686,85600.0,0.0,0.0
1987-11-04,1.7110435962677002,1.7179878237350354,1.6554006268740753,1.7110435962677002,44800.0,0.0,0.0
1987-11-05,1.794507622718811,1.8223291007856388,1.690165936263995,1.794507622718811,272000.0,0.0,0.0
1987-11-06,1.7458094358444212,1.8083966372731173,1.7458094358444212,1.7458094358444214,34400.0,0.0,0.0
1987-11-09,1.6929336786270142,1.7488976873087718,1.6509382561118522,1.6929336786270142,56800.0,0.0225,0.0
1987-11-10,1.6929336786270142,1.7209156829678929,1.6509382561118522,1.6929336786270142,50400.0,0.0,0.0
1987-11-11,1.7628675699234009,1.7628675699234009,1.7069035200845628,1.7628675699234009,40000.0,0.0,0.0
1987-11-12,1.7978766961819979,1.8328439592313848,1.776879942644381,1.797877550125122,330400.0,0.0,0.0
1987-11-13,1.7908492088317873,1.8328446531792795,1.7908492088317873,1.790849208831787,54400.0,0.0,0.0
1987-11-16,1.8188321590423582,1.8398297852248875,1.8048635584613153,1.8188321590423584,61600.0,0.0,0.0
1987-11-17,1.8258589311367257,1.825859785079956,1.8048621749925822,1.825859785079956,112000.0,0.0,0.0
1987-11-18,1.8188321590423582,1.8398297852248875,1.8118477520088512,1.8188321590423584,30400.0,0.0,0.0
1987-11-19,1.7768802642822266,1.839828479590635,1.7768802642822266,1.7768802642822266,40000.0,0.0,0.0
1987-11-20,1.7768802642822266,1.783864559616343,1.755882546257742,1.7768802642822266,82400.0,0.0,0.0
1987-11-23,1.7908492088317873,1.7908492088317873,1.75588289322954,1.790849208831787,57600.0,0.0,0.0
1987-11-24,1.8118462367775572,1.8328449227258445,1.7908494722023092,1.8118470907211304,18400.0,0.0,0.0
1987-11-25,1.8188321590423582,1.8328455916773516,1.7908501258263219,1.8188321590423584,81600.0,0.0,0.0
1987-11-27,1.811846138264863,1.811846138264863,1.797877550125122,1.797877550125122,7200.0,0.0,0.0
1987-11-30,1.7978766961819979,1.797877550125122,1.7209159260573772,1.797877550125122,92800.0,0.0,0.0
1987-12-01,1.8188321590423582,1.8328455916773516,1.8188321590423582,1.8188321590423584,54400.0,0.0,0.0
1987-12-02,1.8188321590423582,1.8188321590423582,1.776881525245279,1.8188321590423584,17600.0,0.0,0.0
1987-12-03,1.7628675699234009,1.8048630233228584,1.7628675699234009,1.7628675699234009,37600.0,0.0,0.0
1987-12-04,1.8188321590423582,1.8188321590423582,1.713933158522685,1.8188321590423584,152800.0,0.0,0.0
1987-12-07,1.8328442573547363,1.8398284458177372,1.8258598554059196,1.8328442573547363,248000.0,0.0,0.0
1987-12-08,1.9027769565582275,1.9027769565582275,1.8188309143571293,1.9027769565582275,374400.0,0.0,0.0
1987-12-09,1.9377879901649055,1.9447732494358072,1.8608271702956212,1.9377888441085815,80000.0,0.0,0.0
1987-12-10,1.8328442573547363,1.9237744843525806,1.8328442573547363,1.8328442573547363,37600.0,0.0,0.0
1987-12-11,1.8468135595321655,1.8468135595321655,1.790849512273615,1.8468135595321655,18400.0,0.0,0.0
1987-12-14,1.9517553849942277,1.9517562389373777,1.8608260239715948,1.951756238937378,121600.0,0.0,0.0
1987-12-15,2.0636852784871116,2.0706705397402936,1.9587424024570346,2.0636861324310303,100800.0,0.0,0.0
1987-12-16,2.1266324520111084,2.1266324520111084,2.0636840398888845,2.1266324520111084,123200.0,0.0,0.0
1987-12-17,2.056701421737671,2.1616451253382416,2.0357035865171103,2.056701421737671,56000.0,0.0,0.0
1987-12-18,2.070669174194336,2.140646629876141,2.070669174194336,2.070669174194336,319200.0,0.0,0.0
1987-12-21,2.0497160955192144,2.070669951956952,2.042687925579155,2.0497169494628906,20000.0,0.0,0.0
1987-12-22,2.0497160955192144,2.0497169494628906,1.9797394674969018,2.0497169494628906,61600.0,0.0,0.0
1987-12-23,2.028718948364258,2.04268754291487,2.000736927228438,2.028718948364258,44800.0,0.0,0.0
1987-12-24,2.000736713409424,2.0147053064672105,2.000736713409424,2.000736713409424,4000.0,0.0,0.0
1987-12-28,2.000736713409424,2.000736713409424,1.9727546952640458,2.000736713409424,12800.0,0.0,0.0
1987-12-29,1.9867230653762817,2.0007364888913184,1.9727544738860185,1.9867230653762817,128800.0,0.0,0.0
1987-12-30,2.056701421737671,2.070670019359767,1.9867239374938301,2.056701421737671,36800.0,0.0,0.0
1987-12-31,2.1476295991665313,2.154614854622763,2.0426868102267752,2.147630453109741,104800.0,0.0,0.0
1988-01-04,2.1266324520111084,2.189625482657831,2.1266324520111084,2.1266324520111084,95200.0,0.0,0.0
1988-01-05,2.0916653676755277,2.1056796417752186,2.0706686141337074,2.0916662216186523,39200.0,0.0,0.0
1988-01-06,2.070669174194336,2.098651190061827,2.049716179570414,2.070669174194336,24000.0,0.0,0.0
1988-01-07,2.0426878929138184,2.05670132190012,2.014705866983492,2.0426878929138184,33600.0,0.0,0.0
1988-01-08,2.0426879576648136,2.0426879576648136,1.9098068475723267,1.9098068475723267,75200.0,0.0,0.0
1988-01-11,1.8608274459838865,1.9307601062733173,1.804863384932486,1.8608274459838867,109600.0,0.0,0.0
1988-01-12,1.867810349059326,1.8678112030029295,1.7908495357469583,1.8678112030029297,120000.0,0.0,0.0
1988-01-13,1.8747948408126829,1.9237744640365113,1.853841848673323,1.874794840812683,76800.0,0.0,0.0
1988-01-14,1.888809323310852,1.888809323310852,1.8468138649036758,1.888809323310852,54400.0,0.0,0.0
1988-01-15,1.9167910814285278,1.9377887009298993,1.9167910814285278,1.9167910814285278,76000.0,0.0,0.0
1988-01-18,1.9447724819183352,1.9447724819183352,1.9307590582372967,1.944772481918335,6400.0,0.0,0.0
1988-01-19,1.9587408955492533,1.9587408955492533,1.9237744808197024,1.9237744808197021,36000.0,0.0,0.0
1988-01-20,1.888809323310852,1.9237755438765298,1.888809323310852,1.888809323310852,36000.0,0.0,0.0
1988-01-21,1.888809323310852,1.9098069457714735,1.888809323310852,1.888809323310852,76800.0,0.0,0.0
1988-01-22,1.9098059936286371,1.9237754449591404,1.8888092261913685,1.9098068475723267,32000.0,0.0,0.0
1988-01-25,1.9587414264678955,1.9587414264678955,1.9167908119174173,1.9587414264678955,33600.0,0.0,0.0
1988-01-26,1.9447724819183352,1.965770094684323,1.9377880793475508,1.944772481918335,15200.0,0.0,0.0
1988-01-27,1.9307591915130613,1.9587412087813667,1.9167905988931084,1.9307591915130615,80000.0,0.0,0.0
1988-01-28,1.9517553849942277,1.9517562389373777,1.9167900422562236,1.951756238937378,36800.0,0.0,0.0
1988-01-29,1.9727543592453003,1.9797385478416505,1.9307589231654032,1.9727543592453003,156000.0,0.0,0.0
1988-02-01,1.9657698674919357,1.9727551262331853,1.9517572932865748,1.9657707214355469,102400.0,0.0,0.0
1988-02-02,1.9867230653762817,1.9867230653762817,1.930759035365682,1.9867230653762817,83200.0,0.0,0.0
1988-02-03,1.9867230653762817,1.9937520864032705,1.9727544738860185,1.9867230653762817,66400.0,0.0,0.0
1988-02-04,2.000736713409424,2.0287187315548016,1.9447726771186677,2.000736713409424,120800.0,0.0,0.0
1988-02-05,2.014705181121826,2.042687197526296,2.014705181121826,2.014705181121826,184000.0,0.0,0.0
1988-02-08,2.02173362214599,2.035703070168491,1.9727548394897028,2.0217344760894775,132000.0,0.0,0.0
1988-02-09,2.028718948364258,2.049716565481832,2.01470552177905,2.028718948364258,96000.0,0.0,0.0
1988-02-10,2.056701421737671,2.070670019359767,2.00073736716038,2.056701421737671,140000.0,0.0,0.0
1988-02-11,2.1476295991665313,2.147630453109741,2.0706688213257722,2.147630453109741,108800.0,0.0,0.0
1988-02-12,2.2022508138775474,2.2163008077503403,2.1670387615327624,2.202251672744751,85600.0,0.0275,0.0
1988-02-16,2.1811330318450928,2.2022517179568495,2.1741083568396813,2.1811330318450928,74400.0,0.0,0.0
1988-02-17,2.1529898643493652,2.1811332279975058,2.1529898643493652,2.1529898643493652,32800.0,0.0,0.0
1988-02-18,2.1459644788859373,2.1670391514115357,2.1248466482755752,2.145965337753296,32800.0,0.0,0.0
1988-02-19,2.174108123218713,2.1881581214205554,2.160014752209707,2.1741089820861816,213600.0,0.0,0.0
1988-02-22,2.24444398823947,2.2444448471069336,2.1741089697499594,2.2444448471069336,150400.0,0.0,0.0
1988-02-23,2.293705940246582,2.300730398893486,2.2374192311671397,2.293705940246582,110400.0,0.0,0.0
1988-02-24,2.2514686584472656,2.3007307006235354,2.2514686584472656,2.2514686584472656,85600.0,0.0,0.0
1988-02-25,2.2866813722940873,2.2866813722940873,2.188157081604004,2.188157081604004,49600.0,0.0,0.0
1988-02-26,2.2022508138775474,2.2233254826115356,2.188157447210954,2.202251672744751,13600.0,0.0,0.0
1988-02-29,2.293705940246582,2.293705940246582,2.216300335274322,2.293705940246582,36000.0,0.0,0.0
1988-03-01,2.223325490951538,2.3007308979988608,2.202251681005703,2.223325490951538,57600.0,0.0,0.0
1988-03-02,2.2022508138775474,2.2374197081453326,2.1951821220721492,2.202251672744751,13600.0,0.0,0.0
1988-03-03,2.223325490951538,2.223325490951538,2.188157455419036,2.223325490951538,99200.0,0.0,0.0
1988-03-04,2.258538579380079,2.2585394382476807,2.2163018326424155,2.2585394382476807,143200.0,0.0,0.0
1988-03-07,2.2725864404798064,2.272587299346924,2.251468615801263,2.272587299346924,69600.0,0.0,0.0
1988-03-08,2.3007308000680555,2.300731658935547,2.2725882889825417,2.300731658935547,90400.0,0.0,0.0
1988-03-09,2.3077566623687744,2.342969590336729,2.3077566623687744,2.3077566623687744,104800.0,0.0,0.0
1988-03-10,2.293706429224106,2.293706429224106,2.202251672744751,2.202251672744751,310400.0,0.0,0.0
1988-03-11,2.167038917541504,2.195182280106978,2.1600142421745905,2.167038917541504,53600.0,0.0,0.0
1988-03-14,2.1811330318450928,2.1811330318450928,2.167038806021942,2.1811330318450928,30400.0,0.0,0.0
1988-03-15,2.1951823234558105,2.1951823234558105,2.1881576479501796,2.1951823234558105,129600.0,0.0,0.0
1988-03-16,2.1951823234558105,2.2092765502825973,2.1951823234558105,2.1951823234558105,32000.0,0.0,0.0
1988-03-17,2.230394219791836,2.2303950786590576,2.181133031439298,2.2303950786590576,96000.0,0.0,0.0
1988-03-18,2.244444213950461,2.244444213950461,2.2303950786590576,2.2303950786590576,111200.0,0.0,0.0
1988-03-21,2.293705940246582,2.293705940246582,2.216300335274322,2.293705940246582,37600.0,0.0,0.0
1988-03-22,2.2796127796173096,2.321850376361504,2.2796127796173096,2.2796127796173096,26400.0,0.0,0.0
1988-03-23,2.286681270038905,2.28668212890625,2.258538763757167,2.28668212890625,37600.0,0.0,0.0
1988-03-24,2.286681270038905,2.2937068049180405,2.2725879010639116,2.28668212890625,151200.0,0.0,0.0
1988-03-25,2.293705940246582,2.293705940246582,2.286681266882923,2.293705940246582,153600.0,0.0,0.0
1988-03-28,2.286681270038905,2.28668212890625,2.279612577075702,2.28668212890625,9600.0,0.0,0.0
1988-03-29,2.2796127796173096,2.2796127796173096,2.272588102981383,2.2796127796173096,17600.0,0.0,0.0
1988-03-30,2.237419605255127,2.2725874243216766,2.237419605255127,2.237419605255127,16000.0,0.0,0.0
1988-03-31,2.223325490951538,2.230395041650659,2.1811329952482925,2.223325490951538,296000.0,0.0,0.0
1988-04-04,2.1951823234558105,2.2514690496982674,2.1951823234558105,2.1951823234558105,62800.0,0.0,2.0
1988-04-05,2.2796127796173096,2.2796127796173096,2.2092769057631187,2.2796127796173096,50800.0,0.0,0.0
1988-04-06,2.4062790870666504,2.448471568859191,2.2796114606620055,2.4062790870666504,149200.0,0.0,0.0
1988-04-07,2.5610463619232178,2.5891897285377588,2.4203295288505133,2.5610463619232178,120000.0,0.0,0.0
1988-04-08,2.6173326969146733,2.6173326969146733,2.546996836349174,2.617332696914673,74800.0,0.0,0.0
1988-04-11,2.589189529418945,2.6877138502619027,2.5188536635606673,2.5891895294189453,133600.0,0.0,0.0
1988-04-12,2.5610463619232178,2.6173330951522993,2.546997223884918,2.5610463619232178,120000.0,0.0,0.0
1988-04-13,2.504758834838867,2.5610455502285046,2.44847211944923,2.504758834838867,71200.0,0.0,0.0
1988-04-14,2.3640432357788086,2.4766167231968472,2.3640432357788086,2.3640432357788086,100400.0,0.0,0.0
1988-04-15,2.392185926437378,2.420329290277818,2.3640425625969383,2.392185926437378,59200.0,0.0,0.0
1988-04-18,2.3640432357788086,2.4062808388337413,2.3640432357788086,2.3640432357788086,156000.0,0.0,0.0
1988-04-19,2.392185926437378,2.4062801536243463,2.3640425625969383,2.392185926437378,550400.0,0.0,0.0
1988-04-20,2.4062790870666504,2.4203282174929934,2.392184866126796,2.4062790870666504,16800.0,0.0,0.0
1988-04-21,2.392185926437378,2.5751403366669847,2.392185926437378,2.392185926437378,51600.0,0.0,0.0
1988-04-22,2.518852710723877,2.5469960645279572,2.392185073346808,2.518852710723877,51200.0,0.0,0.0
1988-04-25,2.4766173362731934,2.6454776092009107,2.4766173362731934,2.4766173362731934,135600.0,0.0,0.0
1988-04-26,2.448472261428833,2.5329023394091377,2.448472261428833,2.448472261428833,152800.0,0.0,0.0
1988-04-27,2.420328617095947,2.4766153291214343,2.420328617095947,2.4203286170959473,49200.0,0.0,0.0
1988-04-28,2.4907093048095703,2.51885265802484,2.392185023297891,2.4907093048095703,80000.0,0.0,0.0
1988-04-29,2.420328617095947,2.4766153291214343,2.3358985490577164,2.4203286170959473,92400.0,0.0,0.0
1988-05-02,2.3640432357788086,2.4484733513423373,2.3077564920697893,2.3640432357788086,168400.0,0.0,0.0
1988-05-03,2.3499937057495117,2.392186211267146,2.3358994768843897,2.3499937057495117,123600.0,0.0,0.0
1988-05-04,2.26556396484375,2.3640432204216295,2.223326362063199,2.26556396484375,78800.0,0.0,0.0
1988-05-05,2.293705940246582,2.293705940246582,2.265562585706861,2.293705940246582,74800.0,0.0,0.0
1988-05-06,2.2514686584472656,2.321849599285997,2.2514686584472656,2.2514686584472656,31600.0,0.0,0.0
1988-05-09,2.26556396484375,2.3077564770782573,2.237420593172064,2.26556396484375,22400.0,0.0,0.0
1988-05-10,2.278015375137329,2.292141728975138,2.235545636901678,2.278015375137329,41600.0,0.0275,0.0
1988-05-11,2.235544443130493,2.249716127761795,2.2072464122047903,2.235544443130493,26000.0,0.0,0.0
1988-05-12,2.2072463035583496,2.2638423626239486,2.193119957959285,2.2072463035583496,39200.0,0.0,0.0
1988-05-13,2.278015375137329,2.278015375137329,2.2214192830638693,2.278015375137329,49600.0,0.0,0.0
1988-05-16,2.3063130378723145,2.3063130378723145,2.278014996538627,2.3063130378723145,142400.0,0.0,0.0
1988-05-17,2.1648223400115967,2.33461054948924,2.1648223400115967,2.1648223400115967,44000.0,0.0,0.0
1988-05-18,2.1931204795837402,2.2355448648060654,2.1648224433203724,2.1931204795837402,54400.0,0.0,0.0
1988-05-19,2.2497153282165527,2.2497153282165527,2.108225223873398,2.2497153282165527,36800.0,0.0,0.0
1988-05-20,2.263843059539795,2.2780147478362327,2.2214186713477377,2.263843059539795,45200.0,0.0,0.0
1988-05-23,2.235544443130493,2.249716127761795,2.2072464122047903,2.235544443130493,51200.0,0.0,0.0
1988-05-24,2.2072463035583496,2.2355443330911493,2.1082258693608873,2.2072463035583496,64000.0,0.0,0.0
1988-05-25,2.1789491176605225,2.221418847570281,2.1789491176605225,2.1789491176605225,61600.0,0.0,0.0
1988-05-26,2.1789491176605225,2.193120807081183,2.1789491176605225,2.1789491176605225,3200.0,0.0,0.0
1988-05-27,2.1789491176605225,2.193120807081183,2.1789491176605225,2.1789491176605225,6000.0,0.0,0.0
1988-05-31,2.3346097469329834,2.3629077721180636,2.193119621007581,2.3346097469329834,42400.0,0.0,0.0
1988-06-01,2.476100444793701,2.490226791485325,2.3770346645996283,2.476100444793701,183600.0,0.0,0.0
1988-06-02,2.3912057876586914,2.476099862871529,2.3487360808885116,2.3912057876586914,59200.0,0.0,0.0
1988-06-03,2.320439577102661,2.391207355339292,2.3063132244696822,2.320439577102661,43600.0,0.0,0.0
1988-06-06,2.320439577102661,2.3346112680928854,2.2638434898562547,2.320439577102661,31600.0,0.0,0.0
1988-06-07,2.2921414375305176,2.334611170366164,2.2921414375305176,2.2921414375305176,247200.0,0.0,0.0
1988-06-08,2.3346097469329834,2.3912057973031438,2.2921400399915104,2.3346097469329834,256800.0,0.0,0.0
1988-06-09,2.4478034973144536,2.4902278945191734,2.391207408802654,2.447803497314453,160400.0,0.0,0.0
1988-06-10,2.461928606033325,2.490226635987731,2.461928606033325,2.461928606033325,125600.0,0.0,0.0
1988-06-13,2.518523693084717,2.518523693084717,2.461927655037869,2.518523693084717,56000.0,0.0,0.0
1988-06-14,2.5892934799194336,2.63171787321358,2.532697396624518,2.5892934799194336,127200.0,0.0,0.0
1988-06-15,2.6741878986358643,2.6741878986358643,2.5468240280536514,2.6741878986358643,203600.0,0.0,0.0
1988-06-16,2.5043983459472656,2.6600148431328785,2.5043983459472656,2.5043983459472656,74000.0,0.0,0.0
1988-06-17,2.5326967239379883,2.6034191400956557,2.504398689806514,2.5326967239379883,272400.0,0.0,0.0
1988-06-20,2.6175906658172607,2.674186730609642,2.532696568628689,2.6175906658172607,59600.0,0.0,0.0
1988-06-21,2.631717205047607,2.660015239510485,2.5326967535988203,2.6317172050476074,49200.0,0.0,0.0
1988-06-22,2.7449097633361816,2.7590814519095788,2.6600156469443412,2.7449097633361816,98400.0,0.0,0.0
1988-06-23,2.716611623764038,2.74490966151158,2.688313586016496,2.716611623764038,64800.0,0.0,0.0
1988-06-24,2.7024848461151123,2.716611193578005,2.6883131603115675,2.7024848461151123,24400.0,0.0,0.0
1988-06-27,2.6741878986358643,2.7166122965905615,2.6741878986358643,2.6741878986358643,45600.0,0.0,0.0
1988-06-28,2.7449097633361816,2.7449097633361816,2.674187335517738,2.7449097633361816,53600.0,0.0,0.0
1988-06-29,2.75908088684082,2.7732072341715814,2.660015102164578,2.7590808868408203,111600.0,0.0,0.0
1988-06-30,2.8015053272247314,2.8015053272247314,2.7166112263997397,2.8015053272247314,122400.0,0.0,0.0
1988-07-01,2.7732083797454834,2.8156781159618824,2.7590820265793212,2.7732083797454834,135200.0,0.0,0.0
1988-07-05,2.8298041820526123,2.8298041820526123,2.7732080984115597,2.8298041820526123,40800.0,0.0,0.0
1988-07-06,2.8298041820526123,2.843975872140054,2.7873797884990017,2.8298041820526123,194000.0,0.0,0.0
1988-07-07,2.75908088684082,2.815676952844322,2.744909201169831,2.7590808868408203,43200.0,0.0,0.0
1988-07-08,2.6741878986358643,2.787380077660471,2.6741878986358643,2.6741878986358643,42800.0,0.0,0.0
1988-07-11,2.716611623764038,2.7732076992591224,2.716611623764038,2.716611623764038,131200.0,0.0,0.0
1988-07-12,2.730782508850097,2.730782508850097,2.674186449996567,2.7307825088500977,230000.0,0.0,0.0
1988-07-13,2.730782508850097,2.730782508850097,2.674186449996567,2.7307825088500977,128000.0,0.0,0.0
1988-07-14,2.730782508850097,2.730782508850097,2.674186449996567,2.7307825088500977,38400.0,0.0,0.0
1988-07-15,2.8298041820526123,2.8298041820526123,2.7166120147705075,2.8298041820526123,210400.0,0.0,0.0
1988-07-18,2.886399745941162,2.886399745941162,2.801505635766422,2.886399745941162,65200.0,0.0,0.0
1988-07-19,2.8722722530364986,2.8863985966008645,2.8581005711439933,2.872272253036499,107200.0,0.0,0.0
1988-07-20,2.8298041820526123,2.8864002656936645,2.815677830319528,2.8298041820526123,42400.0,0.0,0.0
1988-07-21,2.730782508850097,2.8015049132497603,2.730782508850097,2.7307825088500977,56400.0,0.0,0.0
1988-07-22,2.6883127689361572,2.7590805109699237,2.6458883943831384,2.6883127689361572,107200.0,0.0,0.0
1988-07-25,2.6741878986358643,2.7024859433920163,2.6600162070782583,2.6741878986358643,132400.0,0.0,0.0
1988-07-26,2.631717205047607,2.688313273973362,2.631717205047607,2.6317172050476074,24800.0,0.0,0.0
1988-07-27,2.575122117996216,2.645889900307908,2.575122117996216,2.575122117996216,185200.0,0.0,0.0
1988-07-28,2.6175906658172607,2.6175906658172607,2.5609946010248796,2.6175906658172607,83600.0,0.0,0.0
1988-07-29,2.716611623764038,2.716611623764038,2.631717510521412,2.716611623764038,97600.0,0.0,0.0
1988-08-01,2.7732083797454834,2.7873800712706016,2.716612290362922,2.7732083797454834,79600.0,0.0,0.0
1988-08-02,2.7732083797454834,2.8156781159618824,2.688314245671642,2.7732083797454834,46000.0,0.0,0.0
1988-08-03,2.7732083797454834,2.829804469128044,2.744910335054203,2.7732083797454834,98800.0,0.0,0.0
1988-08-04,2.8015053272247314,2.8439750468078273,2.8015053272247314,2.8015053272247314,63600.0,0.0,0.0
1988-08-05,2.8298041820526123,2.8298041820526123,2.7873797884990017,2.8298041820526123,87600.0,0.0,0.0
1988-08-08,2.7449097633361816,2.858101918525303,2.7449097633361816,2.7449097633361816,60800.0,0.0,0.0
1988-08-09,2.6883127689361572,2.7307824818232276,2.6600147397894607,2.6883127689361572,50800.0,0.0,0.0
1988-08-10,2.6175906658172607,2.7024847630058324,2.6034189804495367,2.6175906658172607,54800.0,0.0,0.0
1988-08-11,2.476100444793701,2.6317169500924456,2.461928759763901,2.476100444793701,163200.0,0.0,0.0
1988-08-12,2.461928606033325,2.5043983201326068,2.461928606033325,2.461928606033325,176400.0,0.0,0.0
1988-08-15,2.518523693084717,2.5326953717553446,2.461927655037869,2.518523693084717,57600.0,0.0,0.0
1988-08-16,2.5594766139984135,2.616353872087267,2.5025993559095596,2.559476613998413,80400.0,0.0275,0.0
1988-08-17,2.474161148071289,2.573719148475432,2.4457225141854124,2.474161148071289,40000.0,0.0,0.0
1988-08-18,2.531038522720337,2.5737192571549907,2.474161252546846,2.531038522720337,58000.0,0.0,0.0
1988-08-19,2.5168423652648926,2.5310389031374805,2.502600263776385,2.5168423652648926,12400.0,0.0,0.0
1988-08-22,2.502599000930786,2.55947625095194,2.502599000930786,2.502599000930786,31600.0,0.0,0.0
1988-08-23,2.5594766139984135,2.573718710320322,2.4884028231870414,2.559476613998413,89200.0,0.0,0.0
1988-08-24,2.6305956840515137,2.6305956840515137,2.545279806140564,2.6305956840515137,110000.0,0.0,0.0
1988-08-25,2.5879158973693848,2.630596633527083,2.531038624899728,2.5879158973693848,42000.0,0.0,0.0
1988-08-26,2.61635422706604,2.630596325320272,2.6021576924173804,2.61635422706604,42000.0,0.0,0.0
1988-08-29,2.687474250793457,2.687474250793457,2.659035610910017,2.687474250793457,72400.0,0.0,0.0
1988-08-30,2.673231363296509,2.7301086263453707,2.673231363296509,2.673231363296509,38000.0,0.0,0.0
1988-08-31,2.61635422706604,2.6874735911260554,2.61635422706604,2.61635422706604,104000.0,0.0,0.0
1988-09-01,2.5168423652648926,2.6305969227092736,2.502600263776385,2.5168423652648926,78000.0,0.0,0.0
1988-09-02,2.5737171173095703,2.5879136412451027,2.531036418360595,2.5737171173095703,60000.0,0.0,0.0
1988-09-06,2.5879158973693848,2.5879158973693848,2.5594772611345564,2.5879158973693848,64400.0,0.0,0.0
1988-09-07,2.673231363296509,2.673231363296509,2.5737189347626823,2.673231363296509,131600.0,0.0,0.0
1988-09-08,2.687474250793457,2.7016707889267986,2.659035610910017,2.687474250793457,54800.0,0.0,0.0
1988-09-09,2.6305956840515137,2.6874729359921465,2.6305956840515137,2.6305956840515137,33600.0,0.0,0.0
1988-09-12,2.6305956840515137,2.65903431002183,2.602157058081197,2.6305956840515137,42800.0,0.0,0.0
1988-09-13,2.6447908878326416,2.6447908878326416,2.6021557520727523,2.6447908878326416,22400.0,0.0,0.0
1988-09-14,2.687474250793457,2.687474250793457,2.5879162293930387,2.687474250793457,113200.0,0.0,0.0
1988-09-15,2.6021571159362793,2.7016695272476645,2.6021571159362793,2.6021571159362793,35600.0,0.0,0.0
1988-09-16,2.5879158973693848,2.5879158973693848,2.5025999886648993,2.5879158973693848,174800.0,0.0,0.0
1988-09-19,2.5737171173095703,2.5879136412451027,2.559475029802849,2.5737171173095703,18800.0,0.0,0.0
1988-09-20,2.5737171173095703,2.616352252687357,2.5452785058673166,2.5737171173095703,10800.0,0.0,0.0
1988-09-21,2.5879158973693848,2.616354533604213,2.5594772611345564,2.5879158973693848,26000.0,0.0,0.0
1988-09-22,2.5737171173095703,2.602155728751824,2.531036418360595,2.5737171173095703,27200.0,0.0,0.0
1988-09-23,2.6021571159362793,2.6305957425388864,2.573718489333672,2.6021571159362793,36400.0,0.0,0.0
1988-09-26,2.5737171173095703,2.602155728751824,2.5737171173095703,2.5737171173095703,10800.0,0.0,0.0
1988-09-27,2.5737171173095703,2.602155728751824,2.5452785058673166,2.5737171173095703,16400.0,0.0,0.0
1988-09-28,2.5879158973693848,2.5879158973693848,2.5594772611345564,2.5879158973693848,78000.0,0.0,0.0
1988-09-29,2.6305956840515137,2.644792215239439,2.587914963298806,2.6305956840515137,44800.0,0.0,0.0
1988-09-30,2.5737171173095703,2.6732294755718646,2.5737171173095703,2.5737171173095703,86400.0,0.0,0.0
1988-10-03,2.5594766139984135,2.5594766139984135,2.5025993559095596,2.559476613998413,46400.0,0.0,0.0
1988-10-04,2.5737171173095703,2.616352252687357,2.5168398944250625,2.5737171173095703,38800.0,0.0,0.0
1988-10-05,2.5879158973693848,2.5879158973693848,2.5594772611345564,2.5879158973693848,15200.0,0.0,0.0
1988-10-06,2.5879158973693848,2.5879158973693848,2.573719361057426,2.5879158973693848,42000.0,0.0,0.0
1988-10-07,2.673231363296509,2.673231363296509,2.587915468723216,2.673231363296509,357600.0,0.0,0.0
1988-10-10,2.6590330600738525,2.6732295845883307,2.6590330600738525,2.6590330600738525,14000.0,0.0,0.0
1988-10-11,2.673231363296509,2.7016699948209397,2.659034829335975,2.673231363296509,35200.0,0.0,0.0
1988-10-12,2.6447908878326416,2.6447908878326416,2.6305943637698777,2.6447908878326416,176800.0,0.0,0.0
1988-10-13,2.5737171173095703,2.659032951636332,2.5737171173095703,2.5737171173095703,42400.0,0.0,0.0
1988-10-14,2.5737171173095703,2.5879136412451027,2.559475029802849,2.5737171173095703,51200.0,0.0,0.0
1988-10-17,2.61635422706604,2.6447928599689314,2.5737190595144885,2.61635422706604,10800.0,0.0,0.0
1988-10-18,2.61635422706604,2.6447928599689314,2.5594769612602564,2.61635422706604,42800.0,0.0,0.0
1988-10-19,2.5594766139984135,2.6447925011316937,2.5168414522314686,2.559476613998413,60400.0,0.0,0.0
1988-10-20,2.6447908878326416,2.6447908878326416,2.4884013052842517,2.6447908878326416,55600.0,0.0,0.0
1988-10-21,2.6021571159362793,2.6021571159362793,2.545279862731065,2.6021571159362793,66000.0,0.0,0.0
1988-10-24,2.5737171173095703,2.5879136412451027,2.5452785058673166,2.5737171173095703,38400.0,0.0,0.0
1988-10-25,2.5737171173095703,2.602155728751824,2.559475029802849,2.5737171173095703,82800.0,0.0,0.0
1988-10-26,2.5168423652648926,2.5452810046259877,2.502600263776385,2.5168423652648926,185200.0,0.0,0.0
1988-10-27,2.4315249919891357,2.516840859013515,2.4315249919891357,2.4315249919891357,74800.0,0.0,0.0
1988-10-28,2.474161148071289,2.4884032468178012,2.4172838802995353,2.474161148071289,38400.0,0.0,0.0
1988-10-31,2.6021571159362793,2.6021571159362793,2.4884026095258514,2.6021571159362793,88800.0,0.0,0.0
1988-11-01,2.5879158973693848,2.630596633527083,2.573719361057426,2.5879158973693848,333600.0,0.0,0.0
1988-11-02,2.6021571159362793,2.6163536474398437,2.5594763942346295,2.6021571159362793,69600.0,0.0,0.0
1988-11-03,2.5737171173095703,2.616352252687357,2.559475029802849,2.5737171173095703,140800.0,0.0,0.0
1988-11-04,2.531038522720337,2.5452806220682453,2.4884033518947546,2.531038522720337,38000.0,0.0,0.0
1988-11-07,2.5594766139984135,2.573718710320322,2.5310379849539864,2.559476613998413,48400.0,0.0,0.0
1988-11-08,2.5879158973693848,2.602157997292254,2.5594772611345564,2.5879158973693848,51600.0,0.0,0.0
1988-11-09,2.5594766139984135,2.5594766139984135,2.5310379849539864,2.559476613998413,37200.0,0.0,0.0
1988-11-10,2.5879158973693848,2.5879158973693848,2.5594772611345564,2.5879158973693848,38400.0,0.0,0.0
1988-11-11,2.417283296585083,2.5594764316783234,2.403086764873832,2.417283296585083,295200.0,0.0,0.0
1988-11-14,2.4599649906158447,2.4741615279348355,2.4030877141115954,2.4599649906158447,105200.0,0.0,0.0
1988-11-15,2.4010577201843266,2.515393802097866,2.4010577201843266,2.401057720184326,419600.0,0.0275,0.0
1988-11-16,2.386789560317993,2.401058677978407,2.358205528437298,2.386789560317993,86400.0,0.0,0.0
1988-11-17,2.458226203918457,2.4868102295454158,2.4010581526645396,2.458226203918457,186800.0,0.0,0.0
1988-11-18,2.486811399459839,2.486811399459839,2.4439582391341585,2.486811399459839,132800.0,0.0,0.0
1988-11-21,2.5725622177124023,2.5725622177124023,2.4439570051009163,2.5725622177124023,386400.0,0.0,0.0
1988-11-22,2.629729986190796,2.629729986190796,2.5153938998346743,2.629729986190796,76400.0,0.0,0.0
1988-11-23,2.5868759155273438,2.629729034124673,2.5868759155273438,2.5868759155273438,12000.0,0.0,0.0
1988-11-25,2.615461587905884,2.629730704325362,2.5439786161408393,2.615461587905884,64400.0,0.0,0.0
1988-11-28,2.5725622177124023,2.6011462423536513,2.5439781930711534,2.5725622177124023,22800.0,0.0,0.0
1988-11-29,2.629729986190796,2.629729986190796,2.5868768520789396,2.629729986190796,67200.0,0.0,0.0
1988-11-30,2.615461587905884,2.629730704325362,2.586877558511043,2.615461587905884,43200.0,0.0,0.0
1988-12-01,2.6011462211608887,2.62973024556925,2.5725621967525276,2.6011462211608887,83600.0,0.0,0.0
1988-12-02,2.615461587905884,2.615461587905884,2.5439786161408393,2.615461587905884,52000.0,0.0,0.0
1988-12-05,2.629729986190796,2.644044895257,2.6154608736679696,2.629729986190796,100000.0,0.0,0.0
1988-12-06,2.629729986190796,2.629729986190796,2.5868768520789396,2.629729986190796,69600.0,0.0,0.0
1988-12-07,2.615461587905884,2.6726296466955657,2.615461587905884,2.615461587905884,53600.0,0.0,0.0
1988-12-08,2.6011462211608887,2.62973024556925,2.6011462211608887,2.6011462211608887,10400.0,0.0,0.0
1988-12-09,2.615461587905884,2.629730704325362,2.601146674930521,2.615461587905884,18400.0,0.0,0.0
1988-12-12,2.6583125591278076,2.6868965651399344,2.6011445471035537,2.6583125591278076,30800.0,0.0,0.0
1988-12-13,2.5868759155273438,2.629729034124673,2.5868759155273438,2.5868759155273438,47600.0,0.0,0.0
1988-12-14,2.5725622177124023,2.586877128307161,2.5582931036659122,2.5725622177124023,14400.0,0.0,0.0
1988-12-15,2.5011229515075684,2.5725600547741916,2.5011229515075684,2.5011229515075684,53600.0,0.0,0.0
1988-12-16,2.558292865753174,2.558292865753174,2.4725407998040843,2.558292865753174,231600.0,0.0,0.0
1988-12-19,2.6440443992614746,2.6440443992614746,2.515393427972747,2.6440443992614746,69200.0,0.0,0.0
1988-12-20,2.6011462211608887,2.6583142699776117,2.6011462211608887,2.6011462211608887,108400.0,0.0,0.0
1988-12-21,2.5868759155273438,2.629729034124673,2.5868759155273438,2.5868759155273438,33600.0,0.0,0.0
1988-12-22,2.5868759155273438,2.6011450228841873,2.572561011643702,2.5868759155273438,33600.0,0.0,0.0
1988-12-23,2.629729986190796,2.629729986190796,2.6011459646017654,2.629729986190796,31600.0,0.0,0.0
1988-12-27,2.615461587905884,2.629730704325362,2.601146674930521,2.615461587905884,130000.0,0.0,0.0
1988-12-28,2.5868759155273438,2.6583130453651584,2.572561011643702,2.5868759155273438,169600.0,0.0,0.0
1988-12-29,2.686899185180664,2.686899185180664,2.572563049641061,2.686899185180664,78400.0,0.0,0.0
1988-12-30,2.6583125591278076,2.6868965651399344,2.6297285531156804,2.6583125591278076,78400.0,0.0,0.0
1989-01-03,2.6440443992614746,2.6583135091075625,2.6011454766536364,2.6440443992614746,78800.0,0.0,0.0
1989-01-04,2.6583125591278076,2.6583125591278076,2.5725605410914265,2.6583125591278076,71600.0,0.0,0.0
1989-01-05,2.629729986190796,2.6583140077798264,2.629729986190796,2.629729986190796,63600.0,0.0,0.0
1989-01-06,2.6583125591278076,2.6726274603930817,2.644043454380955,2.6583125591278076,44000.0,0.0,0.0
1989-01-09,2.7440669536590576,2.7440669536590576,2.6726297750198946,2.7440669536590576,182000.0,0.0,0.0
1989-01-10,2.829819440841675,2.8441343565019004,2.7869662869899474,2.829819440841675,78000.0,0.0,0.0
1989-01-11,2.815549373626709,2.829818487917422,2.801234462786943,2.815549373626709,105600.0,0.0,0.0
1989-01-12,2.786966562271118,2.8155505998504684,2.786966562271118,2.786966562271118,144000.0,0.0,0.0
1989-01-13,2.9441559314727783,2.9441559314727783,2.7726517024549464,2.9441559314727783,104400.0,0.0,0.0
1989-01-16,2.829819440841675,2.9155715451096045,2.8155503217459237,2.829819440841675,101200.0,0.0,0.0
1989-01-17,2.7583820819854736,2.8441341809607477,2.7583820819854736,2.7583820819854736,40800.0,0.0,0.0
1989-01-18,2.801234722137451,2.8441336620794666,2.758381578748728,2.801234722137451,47200.0,0.0,0.0
1989-01-19,2.786966562271118,2.786966562271118,2.7440676076175947,2.786966562271118,28800.0,0.0,0.0
1989-01-20,2.786966562271118,2.786966562271118,2.7440676076175947,2.786966562271118,27600.0,0.0,0.0
1989-01-23,2.7583820819854736,2.786966114977232,2.7440671672087706,2.7583820819854736,66000.0,0.0,0.0
1989-01-24,2.829819440841675,2.9013024260138534,2.772651371329722,2.829819440841675,122800.0,0.0,0.0
1989-01-25,2.815549373626709,2.844133398757188,2.801234462786943,2.815549373626709,34800.0,0.0,0.0
1989-01-26,2.858403205871582,2.858403205871582,2.786966024004869,2.858403205871582,72800.0,0.0,0.0
1989-01-27,2.88698673248291,2.9013016442861206,2.8012346513200517,2.88698673248291,96800.0,0.0,0.0
1989-01-30,2.88698673248291,2.88698673248291,2.8298186783743375,2.88698673248291,140800.0,0.0,0.0
1989-01-31,2.88698673248291,2.9013016442861206,2.8727176172318343,2.88698673248291,61200.0,0.0,0.0
1989-02-01,2.9441559314727783,2.9584708488425693,2.8584038169638624,2.9441559314727783,107200.0,0.0,0.0
1989-02-02,2.915570735931397,2.9727387895771105,2.9013016207958504,2.9155707359313965,32400.0,0.0,0.0
1989-02-03,2.9298856258392334,2.9441547408687097,2.9155707142583336,2.9298856258392334,26400.0,0.0,0.0
1989-02-06,2.9727387428283687,3.0156376806639154,2.944154716455019,2.972738742828369,114800.0,0.0,0.0
1989-02-07,2.9298856258392334,3.0156377056703607,2.9298856258392334,2.9298856258392334,53600.0,0.0,0.0
1989-02-08,2.9441559314727783,2.9441559314727783,2.9298868106729308,2.9441559314727783,28800.0,0.0,0.0
1989-02-09,2.9584696292877197,2.9584696292877197,2.9155706914323005,2.9584696292877197,36400.0,0.0,0.0
1989-02-10,2.9441559314727783,2.9584708488425693,2.9441559314727783,2.9441559314727783,20400.0,0.0,0.0
1989-02-13,2.9326541423797607,2.9470529304250044,2.8895499080254012,2.9326541423797607,36400.0,0.0375,0.0
1989-02-14,2.9326541423797607,2.9326541423797607,2.918301419225203,2.9326541423797607,40800.0,0.0,0.0
1989-02-15,2.88955020904541,2.918301723240412,2.8751514195001673,2.88955020904541,41200.0,0.0,0.0
1989-02-16,2.903902530670166,2.9183013182170394,2.8895498080123843,2.903902530670166,23200.0,0.0,0.0
1989-02-17,2.903902530670166,2.9470528284216946,2.903902530670166,2.903902530670166,102400.0,0.0,0.0
1989-02-21,2.88955020904541,2.918301723240412,2.8751514195001673,2.88955020904541,23600.0,0.0,0.0
1989-02-22,2.774543285369873,2.8895493062166846,2.7601445003234755,2.774543285369873,232400.0,0.0,0.0
1989-02-23,2.8320465087890625,2.846399230033824,2.788896215285666,2.8320465087890625,25200.0,0.0,0.0
1989-02-24,2.8176472187042236,2.8320460022582203,2.8176472187042236,2.8176472187042236,44000.0,0.0,0.0
1989-02-27,2.8320465087890625,2.8320465087890625,2.8032950014149836,2.8320465087890625,69600.0,0.0,0.0
1989-02-28,2.9326541423797607,2.9614056535795625,2.8607983968256,2.9326541423797607,84800.0,0.0,0.0
1989-03-01,2.8607976436614995,2.9326533702981554,2.8607976436614995,2.860797643661499,428400.0,0.0,0.0
1989-03-02,2.9614055156707764,2.9614055156707764,2.8176479663663696,2.9614055156707764,85200.0,0.0,0.0
1989-03-03,2.9614055156707764,2.9614055156707764,2.932654005809895,2.9614055156707764,107600.0,0.0,0.0
1989-03-06,3.0045552253723145,3.0045552253723145,2.9183007126565474,3.0045552253723145,172400.0,0.0,0.0
1989-03-07,2.990156412124634,3.0333067005082848,2.947052188620074,2.990156412124634,94400.0,0.0,0.0
1989-03-08,3.04766035079956,3.04766035079956,2.9901573253127762,3.0476603507995605,60800.0,0.0,0.0
1989-03-09,3.076410293579101,3.105161791649934,3.004554580836845,3.0764102935791016,65200.0,0.0,0.0
1989-03-10,3.0908098220825195,3.0908098220825195,3.0045553070227395,3.0908098220825195,92000.0,0.0,0.0
1989-03-13,3.076410293579101,3.191416285862432,3.0476587955082683,3.0764102935791016,312400.0,0.0,0.0
1989-03-14,3.04766035079956,3.0764118635429525,3.0333076268744437,3.0476603507995605,66000.0,0.0,0.0
1989-03-15,3.0620603561401363,3.0620603561401363,3.0333088319740855,3.0620603561401367,556400.0,0.0,0.0
1989-03-16,3.018909215927124,3.033308006547668,2.990157699584961,3.018909215927124,254000.0,0.0,0.0
1989-03-17,2.9470531940460205,2.9758047078177143,2.9326544047127703,2.9470531940460205,160400.0,0.0,0.0
1989-03-20,2.975804090499878,3.0045555983071943,2.9039022885389616,2.975804090499878,51200.0,0.0,0.0
1989-03-21,3.033308744430542,3.033308744430542,2.961406903634826,3.033308744430542,231200.0,0.0,0.0
1989-03-22,3.1051630973815922,3.1051630973815922,3.01890856689877,3.105163097381592,608000.0,0.0,0.0
1989-03-23,3.0045552253723145,3.105162457767609,2.9470522168951363,3.0045552253723145,36000.0,0.0,0.0
1989-03-27,3.033308744430542,3.033308744430542,2.990158426971086,3.033308744430542,152400.0,0.0,0.0
1989-03-28,3.04766035079956,3.04766035079956,3.0333076268744437,3.0476603507995605,14000.0,0.0,0.0
1989-03-29,3.04766035079956,3.04766035079956,3.018908838056168,3.0476603507995605,24400.0,0.0,0.0
1989-03-30,3.033308744430542,3.047661473643607,3.018909950307347,3.033308744430542,40000.0,0.0,0.0
1989-03-31,3.3064246177673335,3.3064246177673335,3.0045567068570915,3.306424617767334,316800.0,0.0,0.0
1989-04-03,3.148313283920288,3.4070768662334325,3.133914496903638,3.148313283920288,278400.0,0.0,0.0
1989-04-04,3.148313283920288,3.191417515195448,3.1195617747743833,3.148313283920288,134400.0,0.0,0.0
1989-04-05,3.162666082382202,3.162666082382202,3.0764115528626874,3.162666082382202,464400.0,0.0,0.0
1989-04-06,3.162666082382202,3.162666082382202,3.133914572542364,3.162666082382202,105200.0,0.0,0.0
1989-04-07,3.1051630973815922,3.191417627864414,3.1051630973815922,3.105163097381592,269600.0,0.0,0.0
1989-04-10,3.1051630973815922,3.1626661177034734,3.0764115872206514,3.105163097381592,47200.0,0.0,0.0
1989-04-11,3.119562387466431,3.1626666272074018,3.0908108726736363,3.1195623874664307,74000.0,0.0,0.0
1989-04-12,3.1051630973815922,3.1051630973815922,3.062058864584692,3.105163097381592,360400.0,0.0,0.0
1989-04-13,3.0908098220825195,3.1051625421520908,3.0764110371321642,3.0908098220825195,756000.0,0.0,0.0
1989-04-14,3.0908098220825195,3.1051625421520908,3.0764110371321642,3.0908098220825195,50000.0,0.0,0.0
1989-04-17,3.0908098220825195,3.1051625421520908,3.062058317062593,3.0908098220825195,35600.0,0.0,0.0
1989-04-18,3.1051630973815922,3.1051630973815922,3.0476600770597106,3.105163097381592,38400.0,0.0,0.0
1989-04-19,3.076410293579101,3.090809075049343,3.0476587955082683,3.0764102935791016,114400.0,0.0,0.0
1989-04-20,3.04766035079956,3.0764118635429525,3.04766035079956,3.0476603507995605,31200.0,0.0,0.0
1989-04-21,3.0908098220825195,3.1051625421520908,3.0476595321122373,3.0908098220825195,177600.0,0.0,0.0
1989-04-24,3.0908098220825195,3.0908098220825195,3.062058317062593,3.0908098220825195,92000.0,0.0,0.0
1989-04-25,3.0620603561401363,3.090811880306187,3.047661561601381,3.0620603561401367,120800.0,0.0,0.0
1989-04-26,3.0620603561401363,3.076413085767432,3.0620603561401363,3.0620603561401367,130400.0,0.0,0.0
1989-04-27,3.076410293579101,3.105161791649934,3.033306078907678,3.0764102935791016,328800.0,0.0,0.0
1989-04-28,3.0908098220825195,3.0908098220825195,3.0476595321122373,3.0908098220825195,75200.0,0.0,0.0
1989-05-01,3.076410293579101,3.090809075049343,3.06205757697851,3.0764102935791016,37600.0,0.0,0.0
1989-05-02,3.076410293579101,3.090809075049343,3.06205757697851,3.0764102935791016,34000.0,0.0,0.0
1989-05-03,3.1051630973815922,3.1051630973815922,3.062058864584692,3.105163097381592,220800.0,0.0,0.0
1989-05-04,3.1051630973815922,3.1051630973815922,3.062058864584692,3.105163097381592,609200.0,0.0,0.0
1989-05-05,3.119562387466431,3.133915112414607,3.1051635976218126,3.1195623874664307,257600.0,0.0,0.0
1989-05-08,3.1051630973815922,3.1339146075425326,3.0908103747456326,3.105163097381592,121200.0,0.0,0.0
1989-05-09,3.079165935516357,3.122510982484546,3.0646867050311286,3.0791659355163574,102000.0,0.0375,0.0
1989-05-10,3.1080782413482666,3.1369903816294307,3.0791661010671025,3.1080782413482666,98800.0,0.0,0.0
1989-05-11,3.1659018993377686,3.1803348055170084,3.12251053632579,3.1659018993377686,98800.0,0.0,0.0
1989-05-12,3.2092459201812744,3.2237251439959977,3.1659008931819206,3.2092459201812744,108800.0,0.0,0.0
1989-05-15,3.2092459201812744,3.2237251439959977,3.180333794774236,3.2092459201812744,45600.0,0.0,0.0
1989-05-16,3.1659018993377686,3.2092469401126174,3.1659018993377686,3.1659018993377686,64000.0,0.0,0.0
1989-05-17,3.2237241268157963,3.2237241268157963,3.165899894246973,3.223724126815796,98000.0,0.0,0.0
1989-05-18,3.180335283279419,3.2237266528098187,3.180335283279419,3.180335283279419,52000.0,0.0,0.0
1989-05-19,3.2237241268157963,3.2670691401385175,3.2092449075696945,3.223724126815796,115200.0,0.0,0.0
1989-05-22,3.2815494537353516,3.3104615796615517,3.209245977808231,3.2815494537353516,72000.0,0.0,0.0
1989-05-23,3.1948142051696777,3.2670713844129904,3.1948142051696777,3.1948142051696777,61200.0,0.0,0.0
1989-05-24,3.1948142051696777,3.1948142051696777,3.1659020690244297,3.1948142051696777,13200.0,0.0,0.0
1989-05-25,3.339374303817749,3.339374303817749,3.2670708149378678,3.339374303817749,84800.0,0.0,0.0
1989-05-26,3.324895620346069,3.33937484938017,3.310462713551074,3.3248956203460693,27200.0,0.0,0.0
1989-05-30,3.324895620346069,3.382719892004262,3.324895620346069,3.3248956203460693,46400.0,0.0,0.0
1989-05-31,3.2815494537353516,3.3104615796615517,3.2815494537353516,3.2815494537353516,44400.0,0.0,0.0
1989-06-01,3.324895620346069,3.3538077561751654,3.2381592128587804,3.3248956203460693,95200.0,0.0,0.0
1989-06-02,3.4405426979064937,3.4405426979064937,3.339373426724812,3.440542697906494,98400.0,0.0,0.0
1989-06-05,3.324895620346069,3.4550233926965555,3.324895620346069,3.3248956203460693,53600.0,0.0,0.0
1989-06-06,3.455023288726806,3.455023288726806,3.3104626139314948,3.4550232887268066,151600.0,0.0,0.0
1989-06-07,3.6429271697998047,3.6863185114998487,3.498366567823622,3.6429271697998047,167600.0,0.0,0.0
1989-06-08,3.556194305419922,3.628497838611266,3.5272821565953696,3.556194305419922,62000.0,0.0,0.0
1989-06-09,3.5417582988739014,3.570670422447486,3.5272790759773733,3.5417582988739014,59600.0,0.0,0.0
1989-06-12,3.5417582988739014,3.5561911995509585,3.5272790759773733,3.5417582988739014,38400.0,0.0,0.0
1989-06-13,3.556194305419922,3.585106454244474,3.541761392137609,3.556194305419922,104800.0,0.0,0.0
1989-06-14,3.556194305419922,3.585106454244474,3.5272821565953696,3.556194305419922,162800.0,0.0,0.0
1989-06-15,3.570671796798706,3.570671796798706,3.541759662096843,3.570671796798706,61200.0,0.0,0.0
1989-06-16,3.5995829105377197,3.5995829105377197,3.5561915596735227,3.5995829105377197,291200.0,0.0,0.0
1989-06-19,3.5995829105377197,3.5995829105377197,3.5851036861749335,3.5995829105377197,16000.0,0.0,0.0
1989-06-20,3.556194305419922,3.599585689786714,3.5272821565953696,3.556194305419922,39600.0,0.0,0.0
1989-06-21,3.48393440246582,3.541758655434347,3.4550222759815563,3.4839344024658203,43600.0,0.0,0.0
1989-06-22,3.5417582988739014,3.5417582988739014,3.4550219281531462,3.5417582988739014,98800.0,0.0,0.0
1989-06-23,3.628496408462524,3.628496408462524,3.5417599961754718,3.6284964084625244,96000.0,0.0,0.0
1989-06-26,3.657406806945801,3.6718397076772273,3.6140154603122316,3.657406806945801,33600.0,0.0,0.0
1989-06-27,3.7007551193237305,3.7585794180631638,3.671842969954014,3.7007551193237305,40800.0,0.0,0.0
1989-06-28,3.5417582988739014,3.6718396938452984,3.5417582988739014,3.5417582988739014,57200.0,0.0,0.0
1989-06-29,3.556194305419922,3.585106454244474,3.541761392137609,3.556194305419922,52000.0,0.0,0.0
1989-06-30,3.5272808074951167,3.5995843130321052,3.5272808074951167,3.527280807495117,98400.0,0.0,0.0
1989-07-03,3.48393440246582,3.5128465289500834,3.4694551781116214,3.4839344024658203,11600.0,0.0,0.0
1989-07-05,3.411632537841797,3.4550239091916146,3.3682874887380096,3.411632537841797,182000.0,0.0,0.0
1989-07-06,3.4261116981506348,3.4550238377036147,3.411632467251609,3.4261116981506348,78000.0,0.0,0.0
1989-07-07,3.4261116981506348,3.4550238377036147,3.411632467251609,3.4261116981506348,86800.0,0.0,0.0
1989-07-10,3.5128467082977295,3.5128467082977295,3.4261103244166313,3.5128467082977295,83200.0,0.0,0.0
1989-07-11,3.570671796798706,3.5995839315005687,3.527280433627262,3.570671796798706,46800.0,0.0,0.0
1989-07-12,3.5128467082977295,3.5561917391250293,3.5128467082977295,3.5128467082977295,96000.0,0.0,0.0
1989-07-13,3.5417582988739014,3.5561911995509585,3.512846175300316,3.5417582988739014,46000.0,0.0,0.0
1989-07-14,3.6863200664520264,3.6863200664520264,3.54175940349771,3.6863200664520264,128000.0,0.0,0.0
1989-07-17,3.6863200664520264,3.700752971630499,3.6429287064487723,3.6863200664520264,60800.0,0.0,0.0
1989-07-18,3.7007551193237305,3.7007551193237305,3.671842969954014,3.7007551193237305,66000.0,0.0,0.0
1989-07-19,3.801967012612963,3.8019683361053467,3.7152319392482203,3.8019683361053467,110800.0,0.0,0.0
1989-07-20,3.7441435930417417,3.801969194155962,3.7152327777236547,3.744144916534424,64000.0,0.0,0.0
1989-07-21,3.7874870300292973,3.8019660279165444,3.758574915296249,3.787487030029297,24400.0,0.0,0.0
1989-07-24,3.7874870300292973,3.8163991447623453,3.7441417984504484,3.787487030029297,66400.0,0.0,0.0
1989-07-25,3.9031379222869877,3.9031379222869877,3.8019683981701275,3.9031379222869873,82000.0,0.0,0.0
1989-07-26,3.9320499897003174,3.9465289963735652,3.903137857423109,3.9320499897003174,74400.0,0.0,0.0
1989-07-27,4.033264744012278,4.033266067504883,3.9465296561722725,4.033266067504883,120800.0,0.0,0.0
1989-07-28,3.9898731708526616,4.033264298020779,3.9898731708526616,3.989873170852661,65200.0,0.0,0.0
1989-07-31,4.033264744012278,4.033266067504883,3.9609627841892285,4.033266067504883,47200.0,0.0,0.0
1989-08-01,3.9320499897003174,4.03326539320519,3.903137857423109,3.9320499897003174,77600.0,0.0,0.0
1989-08-02,3.917614805429374,3.917616128921509,3.8597918752183182,3.917616128921509,45600.0,0.0,0.0
1989-08-03,3.9031379222869877,3.9176169292008534,3.8308805309278093,3.9031379222869873,39600.0,0.0,0.0
1989-08-04,3.8887036916900155,3.903138141838173,3.8742260074541863,3.888705015182495,52800.0,0.0,0.0
1989-08-07,3.96096420288086,3.96096420288086,3.874227760482009,3.9609642028808594,74800.0,0.0,0.0
1989-08-08,4.004352676598925,4.004354000091553,3.946529724863355,4.004354000091553,168400.0,0.0,0.0
1989-08-09,4.004353552718441,4.004353552718441,3.888705015182495,3.888705015182495,88000.0,0.0,0.0
1989-08-10,3.8742263317108154,3.917617477454769,3.8742263317108154,3.8742263317108154,117600.0,0.0,0.0
1989-08-11,3.8163990974426265,3.917614438274044,3.8163990974426265,3.816399097442627,59600.0,0.0,0.0
1989-08-14,3.801967012612963,3.8742257262849678,3.773056203819638,3.8019683361053467,35200.0,0.0,0.0
1989-08-15,3.8742263317108154,3.8887053406509566,3.758577784495567,3.8742263317108154,92000.0,0.0,0.0
1989-08-16,3.8916508883095573,3.8916508883095573,3.848110675811767,3.8481106758117676,48000.0,0.0375,0.0
1989-08-17,3.8481093463666927,3.862608717501277,3.8045243758847165,3.8481106758117676,34400.0,0.0,0.0
1989-08-18,3.8481093463666927,3.848110675811767,3.8045243758847165,3.8481106758117676,43200.0,0.0,0.0
1989-08-21,3.6883556842803955,3.8481106670779828,3.6883556842803955,3.6883556842803955,66800.0,0.0,0.0
1989-08-22,3.717399835586548,3.717399835586548,3.659315463155508,3.717399835586548,20400.0,0.0,0.0
1989-08-23,3.7464394569396973,3.7464394569396973,3.6738573063927573,3.7464394569396973,48000.0,0.0,0.0
1989-08-24,3.9206938743591313,3.993322360196315,3.731942768572373,3.920693874359131,208800.0,0.0,0.0
1989-08-25,3.9352360782391775,3.9642795801121378,3.920693277754505,3.935237407684326,45200.0,0.0,0.0
1989-08-28,4.036861896514893,4.036861896514893,3.920693208845399,4.036861896514893,97600.0,0.0,0.0
1989-08-29,3.8916516304016113,4.0659046884792955,3.8771535859474957,3.8916516304016113,47200.0,0.0,0.0
1989-08-30,3.9352360782391775,3.9497354501823163,3.862608932898883,3.935237407684326,71200.0,0.0,0.0
1989-08-31,4.007817268371582,4.007817268371582,3.920690806015678,4.007817268371582,52400.0,0.0,0.0
1989-09-01,4.065904140472412,4.065904140472412,3.9933217531084666,4.065904140472412,70800.0,0.0,0.0
1989-09-05,4.007817268371582,4.051403543250922,3.9642770808950183,4.007817268371582,43600.0,0.0,0.0
1989-09-06,3.964279752707667,3.978779130144529,3.9352388987216083,3.9642810821533203,35600.0,0.0,0.0
1989-09-07,3.978778123855591,3.9933222556176777,3.964280079531141,3.978778123855591,102000.0,0.0,0.0
1989-09-08,4.065904140472412,4.065904140472412,3.949735450744629,4.065904140472412,46800.0,0.0,0.0
1989-09-11,4.007817268371582,4.0659015766088515,4.007817268371582,4.007817268371582,53600.0,0.0,0.0
1989-09-12,4.051405758762908,4.051405758762908,3.993321418762207,3.993321418762207,95200.0,0.0,0.0
1989-09-13,3.9206938743591313,3.9787782280533404,3.9206938743591313,3.920693874359131,52400.0,0.0,0.0
1989-09-14,4.022362333274664,4.022363662719727,3.891650851600809,4.022363662719727,59200.0,0.0,0.0
1989-09-15,4.05140457723216,4.065903948492747,3.9787774353107594,4.051405906677246,242800.0,0.0,0.0
1989-09-18,4.036861896514893,4.051406026189089,3.9642795104369695,4.036861896514893,45600.0,0.0,0.0
1989-09-19,4.05140457723216,4.080448077737909,4.036861777432084,4.051405906677246,33600.0,0.0,0.0
1989-09-20,4.05140457723216,4.051405906677246,4.007819606371422,4.051405906677246,32800.0,0.0,0.0
1989-09-21,4.138531309104648,4.167574811145129,4.036861990750119,4.138532638549805,140800.0,0.0,0.0
1989-09-22,4.153030872344971,4.240157394142417,4.1239886984124885,4.153030872344971,36800.0,0.0,0.0
1989-09-25,4.065904140472412,4.138532615268196,4.0368619680404665,4.065904140472412,52400.0,0.0,0.0
1989-09-26,4.036861896514893,4.1530305841843855,4.007819724597519,4.036861896514893,52400.0,0.0,0.0
1989-09-27,4.138531309104648,4.138532638549805,4.036861990750119,4.138532638549805,64800.0,0.0,0.0
1989-09-28,4.094946384429932,4.167574860494301,4.065904211490712,4.094946384429932,56400.0,0.0,0.0
1989-09-29,4.109490018821159,4.109491348266602,4.036862857468828,4.109491348266602,48400.0,0.0,0.0
1989-10-02,4.109490018821159,4.138533527097312,4.08044916943589,4.109491348266602,69200.0,0.0,0.0
1989-10-03,4.240156650543213,4.240156650543213,4.065903637507191,4.240156650543213,624400.0,0.0,0.0
1989-10-04,4.283742052055125,4.356325767238822,4.269199251894046,4.283743381500244,130000.0,0.0,0.0
1989-10-05,4.211116790771484,4.298243345063308,4.138534372587335,4.211116790771484,64400.0,0.0,0.0
1989-10-06,4.211116790771484,4.211116790771484,4.167576557351277,4.211116790771484,42000.0,0.0,0.0
1989-10-09,4.182074546813965,4.21111673116684,4.15303236246109,4.182074546813965,10800.0,0.0,0.0
1989-10-10,4.182074546813965,4.21111673116684,4.182074546813965,4.182074546813965,32000.0,0.0,0.0
1989-10-11,4.138531309104648,4.167574811145129,4.123988508536094,4.138532638549805,42000.0,0.0,0.0
1989-10-12,4.109490018821159,4.123989393960961,4.065905036299538,4.109491348266602,58800.0,0.0,0.0
1989-10-13,3.702899932861328,4.109490090471665,3.702899932861328,3.702899932861328,125600.0,0.0,0.0
1989-10-16,3.8916516304016113,3.8916516304016113,3.5431455142462434,3.8916516304016113,371600.0,0.0,0.0
1989-10-17,3.8771534976721655,3.9787794331433552,3.760986084544391,3.87715482711792,220000.0,0.0,0.0
1989-10-18,3.7464394569396973,3.9206924549368924,3.7464394569396973,3.7464394569396973,100400.0,0.0,0.0
1989-10-19,3.775480031967163,3.819066306806613,3.6883535696909977,3.775480031967163,241600.0,0.0,0.0
1989-10-20,3.775480031967163,3.775480031967163,3.6593114155989426,3.775480031967163,98000.0,0.0,0.0
1989-10-23,3.702899932861328,3.7754820924275894,3.6593134126605866,3.702899932861328,114400.0,0.0,0.0
1989-10-24,3.775480031967163,3.775480031967163,3.6593114155989426,3.775480031967163,161200.0,0.0,0.0
1989-10-25,3.8045229911804204,3.8045229911804204,3.746438670704383,3.80452299118042,41200.0,0.0,0.0
1989-10-26,3.775480031967163,3.819066306806613,3.717395723783053,3.775480031967163,80400.0,0.0,0.0
1989-10-27,3.6883556842803955,3.7900263255932525,3.6883556842803955,3.6883556842803955,78400.0,0.0,0.0
1989-10-30,3.702899932861328,3.717397752544088,3.6738577629195777,3.702899932861328,38800.0,0.0,0.0
1989-10-31,3.8045229911804204,3.8045229911804204,3.7173965104663647,3.80452299118042,68800.0,0.0,0.0
1989-11-01,3.790024858451705,3.8045242290266006,3.7754820593393745,3.7900261878967285,51600.0,0.0,0.0
1989-11-02,3.790028035130026,3.790028035130026,3.760985851287842,3.760985851287842,32800.0,0.0,0.0
1989-11-03,3.775480031967163,3.804522186059218,3.775480031967163,3.775480031967163,52400.0,0.0,0.0
1989-11-06,3.6883556842803955,3.7754821965074914,3.6448156934556044,3.6883556842803955,159200.0,0.0,0.0
1989-11-07,3.6883556842803955,3.6883556842803955,3.572187001310934,3.6883556842803955,176800.0,0.0,0.0
1989-11-08,3.659313201904297,3.6883553701733787,3.61577321478745,3.659313201904297,77600.0,0.0,0.0
1989-11-09,3.6302719116210938,3.6593140869140623,3.601229736328125,3.6302719116210938,242000.0,0.0,0.0
1989-11-10,3.7464394569396973,3.7464394569396973,3.6593129579410997,3.7464394569396973,38000.0,0.0,0.0
1989-11-13,3.8045229911804204,3.833565151418439,3.7173965104663647,3.80452299118042,96800.0,0.0,0.0
1989-11-14,3.8512046337127686,3.8803804263924104,3.8220288410331262,3.8512046337127686,134000.0,0.0375,0.0
1989-11-15,3.8803803920745845,3.8803803920745845,3.792853014809744,3.880380392074585,54800.0,0.0,0.0
1989-11-16,3.8512046337127686,3.8803804263924104,3.8512046337127686,3.8512046337127686,78000.0,0.0,0.0
1989-11-17,3.792854070663452,3.8512056717505825,3.792854070663452,3.792854070663452,51600.0,0.0,0.0
1989-11-20,3.6907632350921626,3.763679385726657,3.6907632350921626,3.690763235092163,29200.0,0.0,0.0
1989-11-21,3.7053260803222656,3.734501876230315,3.661585758794255,3.7053260803222656,83200.0,0.0,0.0
1989-11-22,3.8658150191895553,3.865816354751587,3.73450211502824,3.865816354751587,143600.0,0.0,0.0
1989-11-24,3.9387338161468506,3.953344868918066,3.8949932568270014,3.9387338161468506,52400.0,0.0,0.0
1989-11-27,3.9095575809478755,3.9825202378010203,3.9095575809478755,3.909557580947876,25200.0,0.0,0.0
1989-11-28,3.9095575809478755,3.9533444349581255,3.8949928292723364,3.909557580947876,59200.0,0.0,0.0
1989-11-29,3.8949922080623693,3.9241693518186964,3.8803824897778156,3.894993543624878,26400.0,0.0,0.0
1989-11-30,3.8949922080623693,3.9095582979716337,3.8803824897778156,3.894993543624878,110000.0,0.0,0.0
1989-12-01,3.9095575809478755,3.9095575809478755,3.8658170264294416,3.909557580947876,153200.0,0.0,0.0
1989-12-04,3.9387341061654517,3.9387341061654517,3.8949935436248784,3.894993543624878,32400.0,0.0,0.0
1989-12-05,3.822028398513794,3.967907345021954,3.8074636535981417,3.822028398513794,54000.0,0.0,0.0
1989-12-06,3.851205957885052,3.851205957885052,3.7491137981414795,3.7491137981414795,28400.0,0.0,0.0
1989-12-07,3.661588430404663,3.792856235433953,3.661588430404663,3.661588430404663,28800.0,0.0,0.0
1989-12-08,3.7053260803222656,3.7053260803222656,3.6032341669781562,3.7053260803222656,37600.0,0.0,0.0
1989-12-11,3.6469764709472656,3.7053280944824216,3.6032361256426664,3.6469764709472656,61600.0,0.0,0.0
1989-12-12,3.7199389934539795,3.7199389934539795,3.5740599494888974,3.7199389934539795,114800.0,0.0,0.0
1989-12-13,3.7053260803222656,3.734501876230315,3.6907615547023043,3.7053260803222656,39600.0,0.0,0.0
1989-12-14,3.6761510372161865,3.69076231049637,3.632410706731034,3.6761510372161865,69200.0,0.0,0.0
1989-12-15,3.822028398513794,3.822028398513794,3.719936508286853,3.822028398513794,303200.0,0.0,0.0
1989-12-18,3.822028398513794,3.938731555720322,3.822028398513794,3.822028398513794,182800.0,0.0,0.0
1989-12-19,3.7199389934539795,3.836642006032289,3.6761519079200697,3.7199389934539795,89200.0,0.0,0.0
1989-12-20,3.661588430404663,3.6761529666513693,3.661588430404663,3.661588430404663,85200.0,0.0,0.0
1989-12-21,3.6761510372161865,3.6761510372161865,3.6469752353335183,3.6761510372161865,104400.0,0.0,0.0
1989-12-22,3.6177995204925537,3.6761511256617885,3.559447915323319,3.6177995204925537,240400.0,0.0,0.0
1989-12-26,3.6324117183685303,3.6469762510272807,3.5886246310108443,3.6324117183685303,28800.0,0.0,0.0
1989-12-27,3.9825192447293696,3.982520580291748,3.6177998636442297,3.982520580291748,120800.0,0.0,0.0
1989-12-28,3.9387338161468506,3.9679096221923826,3.909558010101318,3.9387338161468506,147200.0,0.0,0.0
1989-12-29,4.011695479928201,4.026261569979399,3.9241693900563877,4.011696815490723,68000.0,0.0,0.0
1990-01-02,3.9679081439971924,3.9970839391736424,3.8949918057958928,3.9679081439971924,516400.0,0.0,0.0
1990-01-03,3.8949922080623693,3.9679099143592698,3.8658177354310603,3.894993543624878,92800.0,0.0,0.0
1990-01-04,3.7491124625792214,3.8658170089864807,3.7345027470400507,3.7491137981414795,86400.0,0.0,0.0
1990-01-05,3.5740580558776855,3.807464179964582,3.5740580558776855,3.5740580558776855,176000.0,0.0,0.0
1990-01-08,3.5740580558776855,3.5740580558776855,3.5448822625426186,3.5740580558776855,90400.0,0.0,0.0
1990-01-09,3.530270576477051,3.632409213415132,3.530270576477051,3.530270576477051,89200.0,0.0,0.0
1990-01-10,3.661588430404663,3.661588430404663,3.559449697868786,3.661588430404663,109600.0,0.0,0.0
1990-01-11,3.661588430404663,3.763680418238307,3.6469771494557235,3.661588430404663,30000.0,0.0,0.0
1990-01-12,3.54488205909729,3.632409434079182,3.54488205909729,3.54488205909729,89600.0,0.0,0.0
1990-01-15,3.4427464008331294,3.5448851325307995,3.4135705838769166,3.44274640083313,58000.0,0.0,0.0
1990-01-16,3.4281795024871826,3.442744028578543,3.3406521119301007,3.4281795024871826,221600.0,0.0,0.0
1990-01-17,3.4427464008331294,3.5302738517017684,3.4135705838769166,3.44274640083313,646400.0,0.0,0.0
1990-01-18,3.413568019866943,3.457355084762709,3.3698276996379155,3.4135680198669434,72800.0,0.0,0.0
1990-01-19,3.384394645690918,3.4281817419076983,3.384394645690918,3.384394645690918,151200.0,0.0,0.0
1990-01-22,3.2968640327453613,3.3990026627244148,3.2968640327453613,3.2968640327453613,217600.0,0.0,0.0
1990-01-23,3.311476945877075,3.3260414747428153,3.267689869922766,3.311476945877075,154000.0,0.0,0.0
1990-01-24,3.311476945877075,3.3260414747428153,3.223949538647001,3.311476945877075,133600.0,0.0,0.0
1990-01-25,3.2239494323730473,3.35521716655179,3.2093381593104073,3.223949432373047,68000.0,0.0,0.0
1990-01-26,3.311476945877075,3.311476945877075,3.223949538647001,3.311476945877075,77600.0,0.0,0.0
1990-01-29,3.311476945877075,3.3406527482871,3.2093382651027165,3.311476945877075,63200.0,0.0,0.0
1990-01-30,3.209337949752808,3.326041147925637,3.1509863506663933,3.2093379497528076,934400.0,0.0,0.0
1990-01-31,3.355217933654785,3.355217933654785,3.25312597758305,3.355217933654785,279200.0,0.0,0.0
1990-02-01,3.384394645690918,3.384394645690918,3.3406542941743127,3.384394645690918,351200.0,0.0,0.0
1990-02-02,3.4281795024871826,3.4281795024871826,3.399003705634822,3.4281795024871826,88400.0,0.0,0.0
1990-02-05,3.413568019866943,3.428179289721111,3.3990034946795133,3.4135680198669434,42800.0,0.0,0.0
1990-02-06,3.355217933654785,3.399005018176736,3.355217933654785,3.355217933654785,26400.0,0.0,0.0
1990-02-07,3.384394645690918,3.384394645690918,3.311478478263184,3.384394645690918,91200.0,0.0,0.0
1990-02-08,3.3260409832000732,3.384392579396566,3.3260409832000732,3.3260409832000732,24000.0,0.0,0.0
1990-02-09,3.355217933654785,3.3698292100579987,3.3114775938205243,3.355217933654785,111200.0,0.0,0.0
1990-02-12,3.3616995811462402,3.391059197404373,3.3176366371689907,3.3616995811462402,47200.0,0.045,0.0
1990-02-13,3.3763577938079834,3.3910611299062547,3.346998160818349,3.3763577938079834,68400.0,0.0,0.0
1990-02-14,3.3910589218139653,3.3910589218139653,3.36169930794188,3.391058921813965,38800.0,0.0,0.0
1990-02-15,3.449777841567993,3.464434127607409,3.3910586190661727,3.449777841567993,121600.0,0.0,0.0
1990-02-16,3.4644353389739995,3.4644353389739995,3.420419426293169,3.464435338973999,243200.0,0.0,0.0
1990-02-20,3.3616995811462402,3.4204188136625056,3.3616995811462402,3.3616995811462402,94800.0,0.0,0.0
1990-02-21,3.4057164192199703,3.4057164192199703,3.332340878057415,3.4057164192199707,36800.0,0.0,0.0
1990-02-22,3.4057164192199703,3.435076043523591,3.3617005023610353,3.4057164192199707,82800.0,0.0,0.0
1990-02-23,3.3910589218139653,3.4204185356860504,3.3763555952897835,3.391058921813965,57600.0,0.0,0.0
1990-02-26,3.4644353389739995,3.4644353389739995,3.376356474423813,3.464435338973999,117600.0,0.0,0.0
1990-02-27,3.449777841567993,3.464434127607409,3.4350745163564986,3.449777841567993,96800.0,0.0,0.0
1990-02-28,3.449777841567993,3.4791374528189034,3.420418230317083,3.449777841567993,34000.0,0.0,0.0
1990-03-01,3.493794202804565,3.493794202804565,3.464434587654947,3.4937942028045654,133600.0,0.0,0.0
1990-03-02,3.5378580093383794,3.5378580093383794,3.479138764695334,3.537858009338379,320400.0,0.0,0.0
1990-03-05,3.508498430252075,3.5378580529353965,3.493795099315217,3.508498430252075,76000.0,0.0,0.0
1990-03-06,3.4791386127471924,3.4937949036729457,3.4497789917079236,3.4791386127471924,173200.0,0.0,0.0
1990-03-07,3.4791386127471924,3.4937949036729457,3.4644352826336773,3.4791386127471924,68000.0,0.0,0.0
1990-03-08,3.508498430252075,3.523154721998538,3.479138807568754,3.508498430252075,102800.0,0.0,0.0
1990-03-09,3.508498430252075,3.508498430252075,3.464435476631896,3.508498430252075,45200.0,0.0,0.0
1990-03-12,3.508498430252075,3.523154721998538,3.435075853948575,3.508498430252075,54800.0,0.0,0.0
1990-03-13,3.508498430252075,3.523154721998538,3.464435476631896,3.508498430252075,65200.0,0.0,0.0
1990-03-14,3.6405928134918213,3.6405928134918213,3.508498045498043,3.6405928134918213,75200.0,0.0,0.0
1990-03-15,3.6405928134918213,3.6993120524191085,3.6112331940281774,3.6405928134918213,160400.0,0.0,0.0
1990-03-16,3.6405928134918213,3.7580312913463962,3.596576903888974,3.6405928134918213,132800.0,0.0,0.0
1990-03-19,3.596578598022461,3.6699541616517997,3.5818752617721565,3.596578598022461,255600.0,0.0,0.0
1990-03-20,3.5231525897979736,3.58187179962794,3.4937929848829903,3.5231525897979736,78000.0,0.0,0.0
1990-03-21,3.5231525897979736,3.5231525897979736,3.4644333799680074,3.5231525897979736,125200.0,0.0,0.0
1990-03-22,3.5231525897979736,3.5231525897979736,3.4937929848829903,3.5231525897979736,51200.0,0.0,0.0
1990-03-23,3.5378580093383794,3.5378580093383794,3.5084983870168567,3.537858009338379,71200.0,0.0,0.0
1990-03-26,3.5672163963317867,3.581872682822164,3.552513070667884,3.567216396331787,52400.0,0.0,0.0
1990-03-27,3.611234188079834,3.611234188079834,3.5818745605344695,3.611234188079834,40000.0,0.0,0.0
1990-03-28,3.611234188079834,3.625937521451609,3.5818745605344695,3.611234188079834,45600.0,0.0,0.0
1990-03-29,3.625936985015869,3.625936985015869,3.581874030617581,3.625936985015869,32800.0,0.0,0.0
1990-03-30,3.596578598022461,3.625938231315675,3.5818752617721565,3.596578598022461,35600.0,0.0,0.0
1990-04-02,3.596578598022461,3.596578598022461,3.5672189647292463,3.596578598022461,633200.0,0.0,0.0
1990-04-03,3.6993122100830083,3.7286718307979525,3.6112333479381746,3.699312210083008,164400.0,0.0,0.0
1990-04-04,3.7433748245239262,3.7580311139713682,3.699311877815566,3.743374824523926,52400.0,0.0,0.0
1990-04-05,3.7433748245239262,3.7580311139713682,3.7140152064460246,3.743374824523926,41600.0,0.0,0.0
1990-04-06,3.684655666351319,3.7727342984530363,3.684655666351319,3.6846556663513184,75200.0,0.0,0.0
1990-04-09,3.6699531078338623,3.728672357559204,3.6699531078338623,3.6699531078338623,36400.0,0.0,0.0
1990-04-10,3.6699531078338623,3.6699531078338623,3.625937190136799,3.6699531078338623,65600.0,0.0,0.0
1990-04-11,3.6993122100830083,3.6993122100830083,3.6552962986042123,3.699312210083008,44800.0,0.0,0.0
1990-04-12,3.6993122100830083,3.6993122100830083,3.6552962986042123,3.699312210083008,30800.0,0.0,0.0
1990-04-16,3.655293941497803,3.7286694263755606,3.655293941497803,3.6552939414978027,28000.0,0.0,0.0
1990-04-17,3.6699531078338623,3.6699531078338623,3.6405934829711915,3.6699531078338623,17600.0,0.0,0.0
1990-04-18,3.6405928134918213,3.669952432955465,3.6405928134918213,3.6405928134918213,21200.0,0.0,0.0
1990-04-19,3.655293941497803,3.655293941497803,3.6405906210281063,3.6552939414978027,30000.0,0.0,0.0
1990-04-20,3.6405928134918213,3.6552961428162614,3.625936523352618,3.6405928134918213,111600.0,0.0,0.0
1990-04-23,3.6405928134918213,3.6552961428162614,3.6405928134918213,3.6405928134918213,83600.0,0.0,0.0
1990-04-24,3.6405928134918213,3.669952432955465,3.6405928134918213,3.6405928134918213,48400.0,0.0,0.0
1990-04-25,3.6405928134918213,3.669952432955465,3.6405928134918213,3.6405928134918213,45200.0,0.0,0.0
1990-04-26,3.6993122100830083,3.7140155400341013,3.6405929686531193,3.699312210083008,64000.0,0.0,0.0
1990-04-27,3.6405928134918213,3.714015381743549,3.6405928134918213,3.6405928134918213,24000.0,0.0,0.0
1990-04-30,3.684655666351319,3.684655666351319,3.6405927187103964,3.6846556663513184,34800.0,0.0,0.0
1990-05-01,3.6699531078338623,3.714016064724812,3.65529681499947,3.6699531078338623,15600.0,0.0,0.0
1990-05-02,3.684655666351319,3.6993119561089514,3.6405927187103964,3.6846556663513184,56400.0,0.0,0.0
1990-05-03,3.7140150070190425,3.772734016025772,3.6993116791780905,3.714015007019043,36800.0,0.0,0.0
1990-05-04,3.831450787295169,3.8314521312713623,3.7286702079070446,3.8314521312713623,36800.0,0.0,0.0
1990-05-07,3.8608122737294517,3.8608136177062993,3.8314539954849485,3.860813617706299,53200.0,0.0,0.0
1990-05-08,3.9411104516787137,3.9411118030548096,3.8968064873013337,3.9411118030548096,82400.0,0.045,0.0
1990-05-09,4.000151236515117,4.044411036713219,3.955847291383733,4.000152587890625,72000.0,0.0,0.0
1990-05-10,4.059195350554505,4.059195350554505,3.970631599426269,3.9706315994262695,29600.0,0.0,0.0
1990-05-11,4.059194167117999,4.0887167700911,3.9263264624604886,4.059195518493652,139200.0,0.0,0.0
1990-05-14,4.162497520446777,4.192018779457038,4.059196537761397,4.162497520446777,464400.0,0.0,0.0
1990-05-15,4.088715632419442,4.206801996356878,4.073932933379076,4.088716983795166,128000.0,0.0,0.0
1990-05-16,4.0444111824035645,4.118237730013045,3.985368683390374,4.0444111824035645,155200.0,0.0,0.0
1990-05-17,4.059194167117999,4.103453972045172,4.044411468850278,4.059195518493652,143600.0,0.0,0.0
1990-05-18,4.132975101470947,4.132975101470947,4.04441134929657,4.132975101470947,82000.0,0.0,0.0
1990-05-21,4.132975101470947,4.16249635219574,4.11823789995251,4.132975101470947,184400.0,0.0,0.0
1990-05-22,4.177280028323778,4.177281379699707,4.132976069392486,4.177281379699707,412800.0,0.0,0.0
1990-05-23,4.295363028507522,4.2953643798828125,4.20680064883035,4.2953643798828125,96400.0,0.0,0.0
1990-05-24,4.295363028507522,4.2953643798828125,4.236321892514504,4.2953643798828125,46000.0,0.0,0.0
1990-05-25,4.295363028507522,4.310101577886517,4.236321892514504,4.2953643798828125,48800.0,0.0,0.0
1990-05-29,4.354405959110412,4.354407310485841,4.2658435704184825,4.35440731048584,89600.0,0.0,0.0
1990-05-30,4.369144065254826,4.369144065254826,4.2953643798828125,4.2953643798828125,70000.0,0.0,0.0
1990-05-31,4.339625835418701,4.339625835418701,4.280583307045657,4.339625835418701,36400.0,0.0,0.0
1990-06-01,4.339625835418701,4.354409891366602,4.31010457123218,4.339625835418701,160400.0,0.0,0.0
1990-06-04,4.354405959110412,4.354407310485841,4.251059523233167,4.35440731048584,87200.0,0.0,0.0
1990-06-05,4.354409010749225,4.354409010749225,4.324887752532959,4.324887752532959,84000.0,0.0,0.0
1990-06-06,4.310103416442871,4.369145928996883,4.310103416442871,4.310103416442871,39200.0,0.0,0.0
1990-06-07,4.324886401157003,4.339624957791189,4.295366494316692,4.324887752532959,24000.0,0.0,0.0
1990-06-08,4.324886401157003,4.354409010749225,4.265845236100425,4.324887752532959,58400.0,0.0,0.0
1990-06-11,4.339625835418701,4.339625835418701,4.31010457123218,4.339625835418701,22800.0,0.0,0.0
1990-06-12,4.398667812347412,4.428189072832965,4.310104030890752,4.398667812347412,116000.0,0.0,0.0
1990-06-13,4.339625835418701,4.383931155553124,4.31010457123218,4.339625835418701,57600.0,0.0,0.0
1990-06-14,4.339625835418701,4.339625835418701,4.2953673629935585,4.339625835418701,31600.0,0.0,0.0
1990-06-15,4.413449843387329,4.413451194763184,4.280582118947702,4.413451194763184,167600.0,0.0,0.0
1990-06-18,4.310103416442871,4.413451237260756,4.2805821601658645,4.310103416442871,64000.0,0.0,0.0
1990-06-19,4.310103416442871,4.339624672719877,4.23632369959872,4.310103416442871,95600.0,0.0,0.0
1990-06-20,4.265844424228121,4.295367037554084,4.251061720776464,4.265845775604248,10400.0,0.0,0.0
1990-06-21,4.280581474304199,4.280581474304199,4.206801769281497,4.280581474304199,30800.0,0.0,0.0
1990-06-22,4.132975101470947,4.265844153576473,4.11823789995251,4.132975101470947,53600.0,0.0,0.0
1990-06-25,4.0444111824035645,4.162496180429946,4.0444111824035645,4.0444111824035645,34800.0,0.0,0.0
1990-06-26,4.0444111824035645,4.059195230999855,4.0444111824035645,4.0444111824035645,45600.0,0.0,0.0
1990-06-27,4.162497520446777,4.162497520446777,4.073933743415995,4.162497520446777,19600.0,0.0,0.0
1990-06-28,4.162497520446777,4.17728157380244,4.103455002426255,4.162497520446777,12400.0,0.0,0.0
1990-06-29,4.206802924136239,4.251062755355751,4.17728300637828,4.206804275512695,77200.0,0.0,0.0
1990-07-02,4.251061916351318,4.251061916351318,4.221540653043323,4.251061916351318,20400.0,0.0,0.0
1990-07-03,4.23632438943769,4.295368281817059,4.221541681703845,4.236325740814209,63600.0,0.0,0.0
1990-07-05,4.206802924136239,4.23632554464711,4.147761737243865,4.206804275512695,74800.0,0.0,0.0
1990-07-06,4.265844424228121,4.295367037554084,4.192019196876791,4.265845775604248,39200.0,0.0,0.0
1990-07-09,4.251061916351318,4.265845971859259,4.221540653043323,4.251061916351318,56000.0,0.0,0.0
1990-07-10,4.192018508911133,4.265845075522674,4.192018508911133,4.192018508911133,112800.0,0.0,0.0
1990-07-11,4.295363028507522,4.2953643798828125,4.1920166031499,4.2953643798828125,21200.0,0.0,0.0
1990-07-12,4.369144439697266,4.369144439697266,4.280580701054753,4.369144439697266,62800.0,0.0,0.0
1990-07-13,4.339625835418701,4.398668363791745,4.324888627180081,4.339625835418701,48000.0,0.0,0.0
1990-07-16,4.354405959110412,4.3839285571749596,4.339623263300524,4.35440731048584,62800.0,0.0,0.0
1990-07-17,4.324886401157003,4.369146216007455,4.280582441358655,4.324887752532959,51200.0,0.0,0.0
1990-07-18,4.324886401157003,4.339624957791189,4.280582441358655,4.324887752532959,17200.0,0.0,0.0
1990-07-19,4.251061916351318,4.339625706275304,4.251061916351318,4.251061916351318,18800.0,0.0,0.0
1990-07-20,4.295363028507522,4.339622821570671,4.280580334202363,4.2953643798828125,88000.0,0.0,0.0
1990-07-23,4.251061916351318,4.280583179659313,4.206803445243269,4.251061916351318,117200.0,0.0,0.0
1990-07-24,4.251061916351318,4.295367235167254,4.206803445243269,4.251061916351318,102400.0,0.0,0.0
1990-07-25,4.251061916351318,4.280583179659313,4.236324708551264,4.251061916351318,24800.0,0.0,0.0
1990-07-26,4.221538543701172,4.236322591822086,4.192017295143821,4.221538543701172,199200.0,0.0,0.0
1990-07-27,4.147760470370343,4.236325630954394,4.132977763019855,4.147761821746826,80000.0,0.0,0.0
1990-07-30,4.103453636169434,4.147758933783781,4.073932386988359,4.103453636169434,49200.0,0.0,0.0
1990-07-31,4.059194167117999,4.103453972045172,4.000153015298758,4.059195518493652,40400.0,0.0,0.0
1990-08-01,4.014891147613525,4.04441240605186,4.014891147613525,4.014891147613525,94000.0,0.0,0.0
1990-08-02,3.926327705383301,3.985370227268764,3.911590498764001,3.926327705383301,148800.0,0.0,0.0
1990-08-03,3.837761402130127,3.9263251267946684,3.793502963634539,3.837761402130127,101600.0,0.0,0.0
1990-08-06,3.837761402130127,3.837761402130127,3.734460705754044,3.837761402130127,95600.0,0.0,0.0
1990-08-07,3.808243036270142,3.8672855639642525,3.7787217724230864,3.8082430362701416,130000.0,0.0,0.0
1990-08-08,3.7935036020084976,3.8525474674627724,3.778720901015838,3.7935049533843994,45200.0,0.0,0.0
1990-08-09,3.778723001480103,3.8230283355156875,3.778723001480103,3.7787230014801025,22400.0,0.0,0.0
1990-08-10,3.778723001480103,3.8082442749291663,3.778723001480103,3.7787230014801025,38400.0,0.0,0.0
1990-08-13,3.837761402130127,3.837761402130127,3.7787189190204327,3.837761402130127,22800.0,0.0,0.0
1990-08-14,3.859138965606689,3.874005362097075,3.8146339933954336,3.8591389656066895,38400.0,0.045,0.0
1990-08-15,3.9630587817077343,3.97787941996487,3.8740031386702296,3.963060140609741,45600.0,0.0,0.0
1990-08-16,3.9185059070587163,3.933372286752605,3.9185059070587163,3.918505907058716,17200.0,0.0,0.0
1990-08-17,3.9333737612607336,3.933375120162964,3.8591373853697535,3.933375120162964,46800.0,0.0,0.0
1990-08-20,3.9333737612607336,3.963060792358116,3.9185087297600574,3.933375120162964,22800.0,0.0,0.0
1990-08-21,3.90368683346576,3.9630595176613905,3.8888218067463396,3.9036881923675537,104400.0,0.0,0.0
1990-08-22,3.829451084136963,3.9333744740545438,3.799765416818072,3.829451084136963,332800.0,0.0,0.0
1990-08-23,3.695890426635742,3.77008083551934,3.695890426635742,3.695890426635742,176000.0,0.0,0.0
1990-08-24,3.488091707229614,3.6513391910721755,3.4435393997103443,3.4880917072296143,174400.0,0.0,0.0
1990-08-27,3.5474617481231685,3.5622808040165967,3.502909457282987,3.547461748123169,112400.0,0.0,0.0
1990-08-28,3.5771477222442623,3.591966779383626,3.5177763705189133,3.5771477222442627,198800.0,0.0,0.0
1990-08-29,3.62165117263794,3.62165117263794,3.5771464553972545,3.6216511726379395,62800.0,0.0,0.0
1990-08-30,3.636518239974976,3.636518239974976,3.5919659556065566,3.6365182399749756,82400.0,0.0,0.0
1990-08-31,3.636518239974976,3.6513372937157555,3.5919659556065566,3.6365182399749756,35600.0,0.0,0.0
1990-09-04,3.6513371467590336,3.6513371467590336,3.6365180936146815,3.651337146759033,52400.0,0.0,0.0
1990-09-05,3.62165117263794,3.651336837987431,3.5771464553972545,3.6216511726379395,58000.0,0.0,0.0
1990-09-06,3.591967105865478,3.651338462987222,3.591967105865478,3.5919671058654785,63200.0,0.0,0.0
1990-09-07,3.606832504272461,3.6365181727785214,3.59196588923335,3.606832504272461,23200.0,0.0,0.0
1990-09-10,3.532594680786133,3.606832635539174,3.532594680786133,3.532594680786133,180800.0,0.0,0.0
1990-09-11,3.5474617481231685,3.5622808040165967,3.502909457282987,3.547461748123169,15200.0,0.0,0.0
1990-09-12,3.591967105865478,3.591967105865478,3.547462368818306,3.5919671058654785,99600.0,0.0,0.0
1990-09-13,3.5771477222442623,3.5771477222442623,3.5622811035209514,3.5771477222442627,14000.0,0.0,0.0
1990-09-14,3.5622808933258057,3.5622808933258057,3.547461837060852,3.5622808933258057,87200.0,0.0,0.0
1990-09-17,3.5622808933258057,3.5622808933258057,3.547461837060852,3.5622808933258057,25600.0,0.0,0.0
1990-09-18,3.5622808933258057,3.5771475111719004,3.547461837060852,3.5622808933258057,28400.0,0.0,0.0
1990-09-19,3.4732234477996826,3.562280459281726,3.4435377773056683,3.4732234477996826,75200.0,0.0,0.0
1990-09-20,3.354480743408203,3.4584043702304843,3.354480743408203,3.354480743408203,22800.0,0.0,0.0
1990-09-21,3.4287185668945312,3.4435376206798356,3.3990328977507396,3.4287185668945312,145600.0,0.0,0.0
1990-09-24,3.354480743408203,3.413852083999499,3.354480743408203,3.354480743408203,29200.0,0.0,0.0
1990-09-25,3.4435393810272212,3.4435393810272212,3.369348951027969,3.4435393810272217,31200.0,0.0,0.0
1990-09-26,3.413851261138916,3.4435369242792544,3.3841655979985776,3.413851261138916,51600.0,0.0,0.0
1990-09-27,3.33966064453125,3.443536677290099,3.3247940332456127,3.33966064453125,172800.0,0.0,0.0
1990-09-28,3.3841652870178227,3.3841652870178227,3.2951083057805115,3.3841652870178223,47600.0,0.0,0.0
1990-10-01,3.5474617481231685,3.5474617481231685,3.354481090448962,3.547461748123169,35600.0,0.0,0.0
1990-10-02,3.636518239974976,3.710708631824955,3.5771469018657767,3.6365182399749756,58400.0,0.0,0.0
1990-10-03,3.681023359298706,3.75526132071881,3.6365186317091744,3.681023359298706,55600.0,0.0,0.0
1990-10-04,3.740393400192261,3.740393400192261,3.6810220763796857,3.7403934001922607,68400.0,0.0,0.0
1990-10-05,3.681023359298706,3.725575648466401,3.6662043039615835,3.681023359298706,66400.0,0.0,0.0
1990-10-08,3.681023359298706,3.725575648466401,3.681023359298706,3.681023359298706,21200.0,0.0,0.0
1990-10-09,3.710708618164063,3.710708618164063,3.636518226587214,3.7107086181640625,79600.0,0.0,0.0
1990-10-10,3.591967105865478,3.6810241415480935,3.591967105865478,3.5919671058654785,33200.0,0.0,0.0
1990-10-11,3.5029079914093018,3.6068315854938375,3.488088941717251,3.5029079914093018,34800.0,0.0,0.0
1990-10-12,3.5177748203277592,3.5325938709367555,3.488089157546778,3.517774820327759,60000.0,0.0,0.0
1990-10-15,3.5029079914093018,3.517774602661398,3.4435366695210083,3.5029079914093018,69200.0,0.0,0.0
1990-10-16,3.3841652870178227,3.502907928667571,3.3841652870178227,3.3841652870178223,47600.0,0.0,0.0
1990-10-17,3.3693456649780273,3.3841647118861835,3.3396600096106046,3.3693456649780273,54000.0,0.0,0.0
1990-10-18,3.3247966766357417,3.399034668966773,3.2357396227972846,3.324796676635742,29600.0,0.0,0.0
1990-10-19,3.33966064453125,3.384165355267856,3.295108372234491,3.33966064453125,116000.0,0.0,0.0
1990-10-22,3.3841652870178227,3.399031898003638,3.3396605771787637,3.3841652870178223,34800.0,0.0,0.0
1990-10-23,3.3247966766357417,3.369348984353954,3.309977615128316,3.324796676635742,130400.0,0.0,0.0
1990-10-24,3.2506036758422847,3.309974998126524,3.206051403348924,3.250603675842285,254400.0,0.0,0.0
1990-10-25,3.2506036758422847,3.2802893369844046,3.235737064491044,3.250603675842285,16800.0,0.0,0.0
1990-10-26,3.206051826477051,3.25060410485033,3.206051826477051,3.206051826477051,55600.0,0.0,0.0
1990-10-29,3.191232204437256,3.2506035239471758,3.161546544682296,3.191232204437256,36800.0,0.0,0.0
1990-10-30,3.1763668060302734,3.250604764529407,3.161547751276222,3.1763668060302734,154800.0,0.0,0.0
1990-10-31,3.206051826477051,3.206051826477051,3.176366161417078,3.206051826477051,145200.0,0.0,0.0
1990-11-01,3.206051826477051,3.235737491537024,3.176366161417078,3.206051826477051,98000.0,0.0,0.0
1990-11-02,3.2951087951660156,3.2951087951660156,3.2357374655233846,3.2951087951660156,104800.0,0.0,0.0
1990-11-05,3.206051826477051,3.2654231565969964,3.176366161417078,3.206051826477051,33600.0,0.0,0.0
1990-11-06,3.1763668060302734,3.250604764529407,3.1763668060302734,3.1763668060302734,59200.0,0.0,0.0
1990-11-07,3.1466810703277583,3.1763667408025484,3.1466810703277583,3.146681070327759,24800.0,0.0,0.0
1990-11-08,3.1021759510040288,3.2060520036717186,3.0576236701683985,3.1021759510040283,73600.0,0.0,0.0
1990-11-09,3.1763668060302734,3.1912334223606167,3.131862080191827,3.1763668060302734,256800.0,0.0,0.0
1990-11-12,3.2357358932495117,3.2506024992194775,3.176364592455943,3.2357358932495117,246400.0,0.0,0.0
1990-11-13,3.242336988449097,3.2722200580299976,3.242336988449097,3.2423369884490967,175200.0,0.045,0.0
1990-11-14,3.2273707389831543,3.2871368637791387,3.2273707389831543,3.2273707389831543,111200.0,0.0,0.0
1990-11-15,3.1526861190795894,3.242335280601034,3.1526861190795894,3.15268611907959,85200.0,0.0,0.0
1990-11-16,3.1974871158599854,3.227370173017555,3.18256952619265,3.1974871158599854,47200.0,0.0,0.0
1990-11-19,3.212453603744507,3.242336670394046,3.1974881315006836,3.212453603744507,44000.0,0.0,0.0
1990-11-20,3.2572529315948486,3.2722183977132544,3.242335343294953,3.2572529315948486,42000.0,0.0,0.0
1990-11-21,3.287136316299438,3.287136316299438,3.257253258878534,3.2871363162994385,430000.0,0.0,0.0
1990-11-23,3.2722175121307373,3.302100558461586,3.242334465799888,3.2722175121307373,65200.0,0.0,0.0
1990-11-26,3.1377215385437007,3.227370725359235,3.0630378217796355,3.137721538543701,97600.0,0.0,0.0
1990-11-27,3.1377215385437007,3.1676046008155456,3.1228039463233253,3.137721538543701,157200.0,0.0,0.0
1990-11-28,3.1825685501098633,3.2124515981024055,3.137720039216942,3.1825685501098633,84800.0,0.0,0.0
1990-11-29,3.2572529315948486,3.28713598601315,3.1825692344583505,3.2572529315948486,56000.0,0.0,0.0
1990-11-30,3.4813985824584956,3.5859652980849432,3.2722172734035406,3.481398582458496,234000.0,0.0,0.0
1990-12-03,3.585967779159546,3.6158508439858754,3.496318584680557,3.585967779159546,52000.0,0.0,0.0
1990-12-04,3.526200771331787,3.5859668861001226,3.466434656563452,3.526200771331787,98000.0,0.0,0.0
1990-12-05,3.4963185787200923,3.556084708270863,3.481400985249952,3.4963185787200928,62400.0,0.0,0.0
1990-12-06,3.4963185787200923,3.5710501795761083,3.4963185787200923,3.4963185787200928,60400.0,0.0,0.0
1990-12-07,3.526200771331787,3.6158499434842906,3.5112831815513346,3.526200771331787,233600.0,0.0,0.0
1990-12-10,3.5411653518676753,3.5560829379112477,3.4963168381144203,3.541165351867676,50400.0,0.0,0.0
1990-12-11,3.526200771331787,3.57104929631967,3.526200771331787,3.526200771331787,32400.0,0.0,0.0
1990-12-12,3.7652652263641353,3.7652652263641353,3.5560838248994613,3.7652652263641357,112400.0,0.0,0.0
1990-12-13,3.7652652263641353,3.7802306939517893,3.735382169012039,3.7652652263641357,10400.0,0.0,0.0
1990-12-14,3.7054979801177974,3.7503464913622278,3.7054979801177974,3.705497980117798,114000.0,0.0,0.0
1990-12-17,3.7054979801177974,3.7054979801177974,3.690580394908715,3.705497980117798,141200.0,0.0,0.0
1990-12-18,3.7054979801177974,3.7054979801177974,3.690580394908715,3.705497980117798,52000.0,0.0,0.0
1990-12-19,3.6457333564758296,3.7054994770737943,3.6158502961768475,3.64573335647583,32400.0,0.0,0.0
1990-12-20,3.60093355178833,3.6158511465320897,3.571050484461619,3.60093355178833,163600.0,0.0,0.0
1990-12-21,3.7353839874267574,3.7353839874267574,3.675617843627929,3.735383987426758,132000.0,0.0,0.0
1990-12-24,3.7204642295837407,3.765264872489739,3.7054987634026,3.7204642295837402,68400.0,0.0,0.0
1990-12-26,3.7204642295837407,3.7503472841273098,3.7054987634026,3.7204642295837402,28400.0,0.0,0.0
1990-12-27,3.7054979801177974,3.720463443135471,3.675614931891041,3.705497980117798,8400.0,0.0,0.0
1990-12-28,3.6756179332733154,3.690583408511278,3.645734860645077,3.6756179332733154,31600.0,0.0,0.0
1990-12-31,3.5411653518676753,3.675615137504903,3.5411653518676753,3.541165351867676,52800.0,0.0,0.0
1991-01-02,3.421634674072266,3.5560845195070927,3.421634674072266,3.4216346740722656,112400.0,0.0,0.0
1991-01-03,3.421634674072266,3.451517737261401,3.4066692035614166,3.4216346740722656,68800.0,0.0,0.0
1991-01-04,3.4066674709320064,3.436550518922638,3.376784422941375,3.406667470932007,62400.0,0.0,0.0
1991-01-07,3.3767845630645756,3.391750026585005,3.361866977354345,3.376784563064575,106000.0,0.0,0.0
1991-01-08,3.4813985824584956,3.4813985824584956,3.391749450006372,3.481398582458496,64000.0,0.0,0.0
1991-01-09,3.3618690967559814,3.4814013690345873,3.317020555731313,3.3618690967559814,96400.0,0.0,0.0
1991-01-10,3.3767845630645756,3.4216330758156652,3.3767845630645756,3.376784563064575,157200.0,0.0,0.0
1991-01-11,3.331984519958496,3.346902108318423,3.2871359992413085,3.331984519958496,72000.0,0.0,0.0
1991-01-14,3.287136316299438,3.3170193737203424,3.272218726500647,3.2871363162994385,52400.0,0.0,0.0
1991-01-15,3.2722175121307373,3.2722175121307373,3.242334465799888,3.2722175121307373,62000.0,0.0,0.0
1991-01-16,3.212453603744507,3.287137331449301,3.212453603744507,3.212453603744507,33200.0,0.0,0.0
1991-01-17,3.331984519958496,3.331984519958496,3.2871359992413085,3.331984519958496,217600.0,0.0,0.0
1991-01-18,3.3469023704528813,3.3469023704528813,3.287136256694794,3.346902370452881,444400.0,0.0,0.0
1991-01-21,3.3469023704528813,3.3469023704528813,3.3021017240455426,3.346902370452881,154400.0,0.0,0.0
1991-01-22,3.3170206546783443,3.3469037236394104,3.3170206546783443,3.3170206546783447,856800.0,0.0,0.0
1991-01-23,3.511283874511719,3.511283874511719,3.30210243154008,3.5112838745117188,570800.0,0.0,0.0
1991-01-24,3.750348567962646,3.7652661614317293,3.5859677727921233,3.7503485679626465,131600.0,0.0,0.0
1991-01-25,3.6457333564758296,3.750348006436234,3.6457333564758296,3.64573335647583,144400.0,0.0,0.0
1991-01-28,3.6607000827789307,3.6905831533410267,3.630817012216835,3.6607000827789307,64400.0,0.0,0.0
1991-01-29,3.6756179332733154,3.6756179332733154,3.645734860645077,3.6756179332733154,27600.0,0.0,0.0
1991-01-30,3.7652652263641353,3.7652652263641353,3.6606984645434038,3.7652652263641357,79600.0,0.0,0.0
1991-01-31,3.944562911987305,3.944562911987305,3.795147650169604,3.9445629119873047,144800.0,0.0,0.0
1991-02-01,3.944562911987305,3.959528149087088,3.899762044360008,3.9445629119873047,93200.0,0.0,0.0
1991-02-04,4.153744220733643,4.153744220733643,3.8997619900956715,4.153744220733643,124000.0,0.0,0.0
1991-02-05,4.064099311828613,4.153748561354245,4.064099311828613,4.064099311828613,126800.0,0.0,0.0
1991-02-06,4.153744220733643,4.183627272681367,4.064095064890471,4.153744220733643,157200.0,0.0,0.0
1991-02-07,4.243394374847412,4.288242674237371,4.153745197914016,4.243394374847412,98000.0,0.0,0.0
1991-02-08,4.198591294873671,4.288241821926427,4.153744372335157,4.198592662811279,107600.0,0.0,0.0
1991-02-11,4.268916606903076,4.329042192915796,4.163720684915307,4.268916606903076,261200.0,0.0525,0.0
1991-02-12,4.283970410333595,4.3741601640351275,4.268916536708908,4.283971786499023,219200.0,0.0,0.0
1991-02-13,4.389169216156006,4.389169216156006,4.25391045687158,4.389169216156006,73200.0,0.0,0.0
1991-02-14,4.2539086885314905,4.434286865170361,4.23885481111774,4.253910064697266,198400.0,0.0,0.0
1991-02-15,4.44929313659668,4.44929313659668,4.268916387815733,4.44929313659668,80400.0,0.0,0.0
1991-02-19,4.2539086885314905,4.509420011827382,4.23885481111774,4.253910064697266,294800.0,0.0,0.0
1991-02-20,4.23885440826416,4.268917205485892,4.163721268747666,4.23885440826416,216400.0,0.0,0.0
1991-02-21,4.298978805541992,4.314034053498156,4.253908475798268,4.298978805541992,32800.0,0.0,0.0
1991-02-22,4.268916606903076,4.4643486149789045,4.268916606903076,4.268916606903076,94800.0,0.0,0.0
1991-02-25,4.298978805541992,4.374159631198044,4.268916016692048,4.298978805541992,51200.0,0.0,0.0
1991-02-26,4.298978805541992,4.329041594391936,4.268916016692048,4.298978805541992,22400.0,0.0,0.0
1991-02-27,4.32904052734375,4.344095771589006,4.283970208709231,4.32904052734375,36800.0,0.0,0.0
1991-02-28,4.419229984283447,4.419229984283447,4.314034076284207,4.419229984283447,189600.0,0.0,0.0
1991-03-01,4.599610328674316,4.599610328674316,4.3741630876815,4.599610328674316,145200.0,0.0,0.0
1991-03-04,4.599610328674316,4.6747912137386445,4.569547516068602,4.599610328674316,98400.0,0.0,0.0
1991-03-05,4.689794540405273,4.960359610044039,4.599606183859017,4.689794540405273,175600.0,0.0,0.0
1991-03-06,4.53948211669922,4.64472575439757,4.53948211669922,4.539482116699219,421200.0,0.0,0.0
1991-03-07,4.539485176420264,4.539485176420264,4.494414806365967,4.494414806365967,459600.0,0.0,0.0
1991-03-08,4.6146631784299075,4.614664554595947,4.4793580746360675,4.614664554595947,150400.0,0.0,0.0
1991-03-11,4.719858646392823,4.719858646392823,4.64472551511287,4.719858646392822,175600.0,0.0,0.0
1991-03-12,4.779984951019287,4.779984951019287,4.689796555717036,4.779984951019287,44400.0,0.0,0.0
1991-03-13,4.749921798706055,4.764977050340245,4.704851457951561,4.749921798706055,77200.0,0.0,0.0
1991-03-14,4.644721085535851,4.749918317751343,4.629667221099409,4.6447224617004395,26800.0,0.0,0.0
1991-03-15,4.629671573638916,4.674789630820221,4.599608771212689,4.629671573638916,163200.0,0.0,0.0
1991-03-18,4.644721085535851,4.674785235863423,4.584596913374473,4.6447224617004395,190000.0,0.0,0.0
1991-03-19,4.569542407989502,4.674785988012637,4.569542407989502,4.569542407989502,120000.0,0.0,0.0
1991-03-20,4.614666069317496,4.614666069317496,4.494414806365967,4.494414806365967,75200.0,0.0,0.0
1991-03-21,4.524470860468447,4.554535016587514,4.494409456679087,4.524472236633301,99600.0,0.0,0.0
1991-03-22,4.569542407989502,4.569542407989502,4.494409314013051,4.569542407989502,60800.0,0.0,0.0
1991-03-25,4.689794540405273,4.704849786691528,4.539480612828181,4.689794540405273,97200.0,0.0,0.0
1991-03-26,4.674785668360025,4.704849830319335,4.599606226510907,4.6747870445251465,82400.0,0.0,0.0
1991-03-27,4.629671573638916,4.734915235672673,4.629671573638916,4.629671573638916,60800.0,0.0,0.0
1991-03-28,4.674785668360025,4.674787044525146,4.629669012305095,4.6747870445251465,155200.0,0.0,0.0
1991-04-01,4.659732818603516,4.674788068326551,4.629670026225429,4.659732818603516,150400.0,0.0,0.0
1991-04-02,4.629671573638916,4.659734376065143,4.58460122354154,4.629671573638916,982800.0,0.0,0.0
1991-04-03,4.554535443292609,4.614662403166581,4.539481569997289,4.554536819458008,90400.0,0.0,0.0
1991-04-04,4.524470860468447,4.569542553040487,4.50941699313206,4.524472236633301,101600.0,0.0,0.0
1991-04-05,4.404220635401029,4.509417909253088,4.3891667650063395,4.404222011566162,109600.0,0.0,0.0
1991-04-08,4.359106063842773,4.404224118043604,4.329043263402478,4.359106063842773,44800.0,0.0,0.0
1991-04-09,4.163719708429142,4.38916820024881,4.148665833111889,4.163721084594727,172400.0,0.0,0.0
1991-04-10,4.148665904998779,4.148665904998779,4.1035955639164206,4.148665904998779,217600.0,0.0,0.0
1991-04-11,4.193784970200241,4.193784970200241,4.133659362792969,4.133659362792969,291200.0,0.0,0.0
1991-04-12,4.103594357476914,4.11860327893262,4.058477683619735,4.103595733642578,154000.0,0.0,0.0
1991-04-15,4.148665904998779,4.16372115674249,4.08854031217271,4.148665904998779,190800.0,0.0,0.0
1991-04-16,4.32904052734375,4.374158553028893,4.148663838704427,4.32904052734375,211600.0,0.0,0.0
1991-04-17,4.298978805541992,4.314034053498156,4.253908475798268,4.298978805541992,145200.0,0.0,0.0
1991-04-18,4.208791255950928,4.268916845321655,4.208791255950928,4.208791255950928,132400.0,0.0,0.0
1991-04-19,4.2539086885314905,4.2689176111965885,4.23885481111774,4.253910064697266,90800.0,0.0,0.0
1991-04-22,4.193781907068256,4.238853617116392,4.148665242284128,4.193783283233643,193200.0,0.0,0.0
1991-04-23,4.178726673126221,4.238852236768325,4.178726673126221,4.178726673126221,146400.0,0.0,0.0
1991-04-24,4.2539086885314905,4.253910064697266,4.163721664460718,4.253910064697266,79200.0,0.0,0.0
1991-04-25,4.2539086885314905,4.298980411275438,4.223847264618417,4.253910064697266,304800.0,0.0,0.0
1991-04-26,4.223846013055375,4.253910190186888,4.2087921351975375,4.223847389221191,28400.0,0.0,0.0
1991-04-29,4.23885440826416,4.268917205485892,4.208791611042429,4.23885440826416,56400.0,0.0,0.0
1991-04-30,4.253908866455152,4.253908866455152,4.193783283233643,4.193783283233643,64000.0,0.0,0.0
1991-05-01,4.23885440826416,4.268917205485892,4.193784065969398,4.23885440826416,95200.0,0.0,0.0
1991-05-02,4.238853617116392,4.238853617116392,4.193783283233643,4.193783283233643,164000.0,0.0,0.0
1991-05-03,4.193781907068256,4.208790825505638,4.178728033894883,4.193783283233643,34800.0,0.0,0.0
1991-05-06,4.223846013055375,4.238854936163234,4.2087921351975375,4.223847389221191,176000.0,0.0,0.0
1991-05-07,4.208791255950928,4.2388540506362915,4.208791255950928,4.208791255950928,32400.0,0.0,0.0
1991-05-08,4.2539086885314905,4.253910064697266,4.208792011038891,4.253910064697266,193200.0,0.0,0.0
1991-05-09,4.249070213668899,4.2490715980529785,4.203684104531346,4.2490715980529785,159600.0,0.0525,0.0
1991-05-10,4.233925490145227,4.233925490145227,4.128101348876953,4.128101348876953,59200.0,0.0,0.0
1991-05-13,4.128099964493183,4.158343673806562,4.082713865497183,4.128101348876953,49200.0,0.0,0.0
1991-05-14,4.0222272872924805,4.143196529015563,3.99198497686171,4.0222272872924805,267600.0,0.0,0.0
1991-05-15,4.0222272872924805,4.067614748912489,3.99198497686171,4.0222272872924805,72800.0,0.0,0.0
1991-05-16,4.082714080810547,4.09785924005943,4.037374587010385,4.082714080810547,52800.0,0.0,0.0
1991-05-17,4.1431989669799805,4.1431989669799805,4.052471982301587,4.1431989669799805,97600.0,0.0,0.0
1991-05-20,4.1431989669799805,4.1431989669799805,4.112956638753849,4.1431989669799805,43600.0,0.0,0.0
1991-05-21,4.1431989669799805,4.1431989669799805,4.112956638753849,4.1431989669799805,40400.0,0.0,0.0
1991-05-22,4.0978584750825,4.128102190562319,4.0676175283707865,4.097859859466553,61600.0,0.0,0.0
1991-05-23,4.1431989669799805,4.1431989669799805,4.052471982301587,4.1431989669799805,125600.0,0.0,0.0
1991-05-24,4.2339253425598145,4.2339253425598145,4.097858881104912,4.2339253425598145,231200.0,0.0,0.0
1991-05-28,4.249070213668899,4.294411099593174,4.203684104531346,4.2490715980529785,219200.0,0.0,0.0
1991-05-29,4.324652194976807,4.339797352481564,4.279312706397972,4.324652194976807,120400.0,0.0,0.0
1991-05-30,4.354893207550049,4.354893207550049,4.294408579667409,4.354893207550049,88800.0,0.0,0.0
1991-05-31,4.324652194976807,4.354894518018603,4.3095550294397675,4.324652194976807,169600.0,0.0,0.0
1991-06-03,4.2944111824035645,4.324653514674012,4.2944111824035645,4.2944111824035645,78400.0,0.0,0.0
1991-06-04,4.264167785644531,4.279312943990164,4.233925460923648,4.264167785644531,152000.0,0.0,0.0
1991-06-05,4.324652194976807,4.339797352481564,4.294409871935011,4.324652194976807,64400.0,0.0,0.0
1991-06-06,4.32465343128045,4.32465343128045,4.2490715980529785,4.2490715980529785,24800.0,0.0,0.0
1991-06-07,4.173440456390381,4.233925100685894,4.158343291299652,4.173440456390381,82000.0,0.0,0.0
1991-06-10,4.2339253425598145,4.249070500482048,4.17344069480896,4.2339253425598145,28400.0,0.0,0.0
1991-06-11,4.2944111824035645,4.2944111824035645,4.2339265178626695,4.2944111824035645,44400.0,0.0,0.0
1991-06-12,4.279312727788114,4.279312727788114,4.1885857582092285,4.1885857582092285,19600.0,0.0,0.0
1991-06-13,4.218825863236211,4.249069564835689,4.203682093032362,4.218827247619629,40800.0,0.0,0.0
1991-06-14,4.264168767905899,4.264168767905899,4.2490715980529785,4.2490715980529785,36400.0,0.0,0.0
1991-06-17,4.249069564835689,4.249069564835689,4.218827247619629,4.218827247619629,214800.0,0.0,0.0
1991-06-18,4.249069564835689,4.249069564835689,4.218827247619629,4.218827247619629,187600.0,0.0,0.0
1991-06-19,4.2339253425598145,4.264167666435242,4.203683018684387,4.2339253425598145,160400.0,0.0,0.0
1991-06-20,4.2339253425598145,4.264167666435242,4.218828176606621,4.2339253425598145,54800.0,0.0,0.0
1991-06-21,4.309553669327245,4.3095550537109375,4.249070407286699,4.3095550537109375,99600.0,0.0,0.0
1991-06-24,4.173440456390381,4.324652067129163,4.173440456390381,4.173440456390381,86800.0,0.0,0.0
1991-06-25,4.203681945800781,4.203681945800781,4.1734396296439416,4.203681945800781,81200.0,0.0,0.0
1991-06-26,4.218825863236211,4.264166727464483,4.112955141384181,4.218827247619629,105600.0,0.0,0.0
1991-06-27,4.279312179916575,4.279313564300537,4.249071235195859,4.279313564300537,22800.0,0.0,0.0
1991-06-28,4.0978584750825,4.249071514945383,4.08271469792842,4.097859859466553,903600.0,0.0,0.0
1991-07-01,4.128099964493183,4.128101348876953,4.082713865497183,4.128101348876953,254000.0,0.0,0.0
1991-07-02,4.1431989669799805,4.1431989669799805,4.097859470628756,4.1431989669799805,88800.0,0.0,0.0
1991-07-03,4.082714080810547,4.112956407335069,4.082714080810547,4.082714080810547,27200.0,0.0,0.0
1991-07-05,4.128099964493183,4.128101348876953,4.067616699017735,4.128101348876953,71200.0,0.0,0.0
1991-07-08,4.1129560470581055,4.1129560470581055,4.067616557229485,4.1129560470581055,48800.0,0.0,0.0
1991-07-09,4.007132099502453,4.112957663044655,3.99198832001393,4.007133483886719,123200.0,0.0,0.0
1991-07-10,4.022231059672811,4.022231059672811,3.9164068698883057,3.9164068698883057,133200.0,0.0,0.0
1991-07-11,3.961745023727417,3.961745023727417,3.8710180384512167,3.961745023727417,180400.0,0.0,0.0
1991-07-12,4.0978584750825,4.112957029024186,3.9919877046411223,4.097859859466553,230000.0,0.0,0.0
1991-07-15,4.1431989669799805,4.1431989669799805,4.112956638753849,4.1431989669799805,60000.0,0.0,0.0
1991-07-16,4.249070213668899,4.294411099593174,4.188586934678427,4.2490715980529785,378000.0,0.0,0.0
1991-07-17,4.2339253425598145,4.2339253425598145,4.203683018684387,4.2339253425598145,55200.0,0.0,0.0
1991-07-18,4.279312179916575,4.279313564300537,4.203683745550173,4.279313564300537,78000.0,0.0,0.0
1991-07-19,4.279312179916575,4.324653061968884,4.007132602358439,4.279313564300537,106000.0,0.0,0.0
1991-07-22,4.354893207550049,4.354893207550049,4.2641662657260895,4.354893207550049,218000.0,0.0,0.0
1991-07-23,4.354893207550049,4.400280674438666,4.354893207550049,4.354893207550049,220000.0,0.0,0.0
1991-07-24,4.370039509170617,4.3700408935546875,4.339798562083655,4.3700408935546875,48000.0,0.0,0.0
1991-07-25,4.370039509170617,4.385138063299657,4.354895731828624,4.3700408935546875,19600.0,0.0,0.0
1991-07-26,4.354893207550049,4.385135521491368,4.339796046556026,4.354893207550049,37600.0,0.0,0.0
1991-07-29,4.2944111824035645,4.324653514674012,4.2339265178626695,4.2944111824035645,82800.0,0.0,0.0
1991-07-30,4.324652194976807,4.324652194976807,4.249070383356176,4.324652194976807,99600.0,0.0,0.0
1991-07-31,4.309553669327245,4.324652219333003,4.294409896120884,4.3095550537109375,42400.0,0.0,0.0
1991-08-01,4.2944111824035645,4.30955634452997,4.279314012259523,4.2944111824035645,53600.0,0.0,0.0
1991-08-02,4.264167785644531,4.309555268711048,4.249070619269281,4.264167785644531,28800.0,0.0,0.0
1991-08-05,4.279312179916575,4.3397982225098914,4.264168403759529,4.279313564300537,28000.0,0.0,0.0
1991-08-06,4.324652194976807,4.324652194976807,4.249070383356176,4.324652194976807,225600.0,0.0,0.0
1991-08-07,4.339794681900906,4.354893227346831,4.309553752205382,4.33979606628418,122400.0,0.0,0.0
1991-08-08,4.339794681900906,4.354893227346831,4.309553752205382,4.33979606628418,197600.0,0.0,0.0
1991-08-09,4.339798593114806,4.339798593114806,4.2490715980529785,4.2490715980529785,30000.0,0.0,0.0
1991-08-12,4.233924410248422,4.233924410248422,4.218827247619629,4.218827247619629,5600.0,0.0,0.0
1991-08-13,4.229148758886376,4.229148758886376,4.153109073638916,4.153109073638916,48800.0,0.0525,0.0
1991-08-14,4.168298244476318,4.229149313738747,4.137872709845105,4.168298244476318,144000.0,0.0,0.0
1991-08-15,4.183534659933113,4.21396159387727,4.1378735995841645,4.183536052703857,94400.0,0.0,0.0
1991-08-16,4.153107680868653,4.213960134917857,4.077021105689025,4.153109073638916,113600.0,0.0,0.0
1991-08-19,4.122683085989187,4.153110016305176,4.077022031084955,4.122684478759766,141200.0,0.0,0.0
1991-08-20,4.061831988882261,4.137873083747508,4.046596471606019,4.061833381652832,25200.0,0.0,0.0
1991-08-21,4.107447147369385,4.168298216219301,4.061832987086166,4.107447147369385,143200.0,0.0,0.0
1991-08-22,4.137872219085693,4.183534656971246,4.107446688063005,4.137872219085693,190800.0,0.0,0.0
1991-08-23,4.305235900472963,4.305237293243408,4.153109620031782,4.305237293243408,155600.0,0.0,0.0
1991-08-26,4.320425919210179,4.320425919210179,4.305237293243408,4.305237293243408,34800.0,0.0,0.0
1991-08-27,4.274810828756503,4.305237759464253,4.259575311201517,4.2748122215271,112400.0,0.0,0.0
1991-08-28,4.3204264640808105,4.3204264640808105,4.259575387121926,4.3204264640808105,87200.0,0.0,0.0
1991-08-29,4.259573936462402,4.320424992697579,4.259573936462402,4.259573936462402,106000.0,0.0,0.0
1991-08-30,4.244382896018031,4.289998428599774,4.229147387059352,4.244384288787842,42000.0,0.0,0.0
1991-09-03,4.259573936462402,4.320424992697579,4.229148408344814,4.259573936462402,67200.0,0.0,0.0
1991-09-04,4.274810828756503,4.2748122215271,4.244386683589946,4.2748122215271,50800.0,0.0,0.0
1991-09-05,4.3204264640808105,4.335663374677968,4.3052378361985255,4.3204264640808105,112400.0,0.0,0.0
1991-09-06,4.3204264640808105,4.3204264640808105,4.290000925601369,4.3204264640808105,37600.0,0.0,0.0
1991-09-09,4.3204264640808105,4.350852002560253,4.274812297719084,4.3204264640808105,60400.0,0.0,0.0
1991-09-10,4.3204264640808105,4.350852002560253,4.3052378361985255,4.3204264640808105,56000.0,0.0,0.0
1991-09-11,4.3356609721894195,4.335662364959717,4.305236833565977,4.335662364959717,8400.0,0.0,0.0
1991-09-12,4.289999961853027,4.350851025141722,4.229148898564332,4.289999961853027,59200.0,0.0,0.0
1991-09-13,4.305235900472963,4.320425919210179,4.244386223958758,4.305237293243408,38800.0,0.0,0.0
1991-09-16,4.3204264640808105,4.3204264640808105,4.290000925601369,4.3204264640808105,68000.0,0.0,0.0
1991-09-17,4.289999961853027,4.305236869027214,4.274811337382866,4.289999961853027,135200.0,0.0,0.0
1991-09-18,4.289999961853027,4.289999961853027,4.289999961853027,4.289999961853027,15200.0,0.0,0.0
1991-09-19,4.274810828756503,4.2900008491386705,4.259575311201517,4.2748122215271,46000.0,0.0,0.0
1991-09-20,4.274810828756503,4.2900008491386705,4.259575311201517,4.2748122215271,123600.0,0.0,0.0
1991-09-23,4.2900008491386705,4.2900008491386705,4.2748122215271,4.2748122215271,15600.0,0.0,0.0
1991-09-24,4.274810828756503,4.305237759464253,4.259575311201517,4.2748122215271,42000.0,0.0,0.0
1991-09-25,4.305235900472963,4.320425919210179,4.274811758601083,4.305237293243408,84000.0,0.0,0.0
1991-09-26,4.289999961853027,4.305236869027214,4.259574430208679,4.289999961853027,46400.0,0.0,0.0
1991-09-27,4.259573936462402,4.320424992697579,4.244385313752822,4.259573936462402,241200.0,0.0,0.0
1991-09-30,4.366085567068869,4.396512484706409,4.2748103852362425,4.366086959838867,117200.0,0.0,0.0
1991-10-01,4.4573617358922375,4.472551748366537,4.381275182073343,4.457363128662109,209600.0,0.0,0.0
1991-10-02,4.548642196248712,4.563832221727094,4.472555577292552,4.548643589019775,130400.0,0.0,0.0
1991-10-03,4.563828945159912,4.579065849658218,4.533403418858846,4.563828945159912,46000.0,0.0,0.0
1991-10-04,4.60949468530947,4.60949468530947,4.548643589019775,4.548643589019775,47200.0,0.0,0.0
1991-10-07,4.502976894378661,4.563827933491887,4.487788275942777,4.502976894378662,124400.0,0.0,0.0
1991-10-08,4.411702632904052,4.502979239102067,4.381277097504714,4.411702632904053,48000.0,0.0,0.0
1991-10-09,4.442129135131836,4.472554677153287,4.411703593110385,4.442129135131836,60000.0,0.0,0.0
1991-10-10,4.502976894378661,4.502976894378661,4.442125855265436,4.502976894378662,130000.0,0.0,0.0
1991-10-11,4.411702632904052,4.5182161481567285,4.411702632904052,4.411702632904053,32800.0,0.0,0.0
1991-10-14,4.472553730010986,4.472553730010986,4.411702658854374,4.472553730010986,122000.0,0.0,0.0
1991-10-15,4.472553730010986,4.502979265589292,4.457365103576967,4.472553730010986,89600.0,0.0,0.0
1991-10-16,4.548642196248712,4.579069137164623,4.442130029147705,4.548643589019775,188000.0,0.0,0.0
1991-10-17,4.579062499595033,4.579063892364502,4.51821286577278,4.579063892364502,55600.0,0.0,0.0
1991-10-18,4.700765647482893,4.7311925606339775,4.60949047910881,4.7007670402526855,168400.0,0.0,0.0
1991-10-21,4.6399178882350816,4.700770364804492,4.624682368696051,4.639919281005859,154400.0,0.0,0.0
1991-10-22,4.624678020970839,4.624678020970839,4.579063892364502,4.579063892364502,241200.0,0.0,0.0
1991-10-23,4.5334062576293945,4.609494262375328,4.5334062576293945,4.5334062576293945,28800.0,0.0,0.0
1991-10-24,4.518212832999155,4.518214225769043,4.472551800743268,4.518214225769043,80400.0,0.0,0.0
1991-10-25,4.5334062576293945,4.563831802982612,4.47255516692296,4.5334062576293945,94400.0,0.0,0.0
1991-10-28,4.624678134918213,4.624678134918213,4.548638491142475,4.624678134918213,92000.0,0.0,0.0
1991-10-29,4.594256401062012,4.624681940141893,4.53340532290225,4.594256401062012,72800.0,0.0,0.0
1991-10-30,4.594256401062012,4.624681940141893,4.579067772879984,4.594256401062012,87600.0,0.0,0.0
1991-10-31,4.563828945159912,4.609491375959284,4.533403418858846,4.563828945159912,88000.0,0.0,0.0
1991-11-01,4.563828945159912,4.609491375959284,4.533403418858846,4.563828945159912,170400.0,0.0,0.0
1991-11-04,4.563828945159912,4.563828945159912,4.48778927075502,4.563828945159912,119600.0,0.0,0.0
1991-11-05,4.6094894786595315,4.639916394400297,4.594253968598886,4.609490871429443,92400.0,0.0,0.0
1991-11-06,4.6399178882350816,4.670344822905175,4.609493739106543,4.639919281005859,24800.0,0.0,0.0
1991-11-07,4.746382236480713,4.746382236480713,4.685531182166858,4.746382236480713,38000.0,0.0,0.0
1991-11-08,4.746381179481547,4.746381179481547,4.7007670402526855,4.7007670402526855,12000.0,0.0,0.0
1991-11-11,4.685532093048096,4.715957626119836,4.685532093048096,4.685532093048096,92800.0,0.0,0.0
1991-11-12,4.711229324340821,4.726549797199286,4.6500445279208105,4.71122932434082,348000.0,0.0525,0.0
1991-11-13,4.665365249218337,4.726551467671825,4.650046171354609,4.6653666496276855,36000.0,0.0,0.0
1991-11-14,4.665365249218337,4.6653666496276855,4.619453762332539,4.6653666496276855,18000.0,0.0,0.0
1991-11-15,4.650041580200194,4.680633959017301,4.588856822565981,4.650041580200195,119200.0,0.0,0.0
1991-11-18,4.619453430175782,4.680638243820494,4.573589093702544,4.619453430175781,74400.0,0.0,0.0
1991-11-19,4.604179719448944,4.604179719448944,4.512402534484864,4.512402534484863,195600.0,0.0,0.0
1991-11-20,4.542992621960958,4.542994022369385,4.497081165303897,4.542994022369385,72400.0,0.0,0.0
1991-11-21,4.527673244476318,4.542993711614218,4.497080857689316,4.527673244476318,26000.0,0.0,0.0
1991-11-22,4.405303955078125,4.512401588843204,4.405303955078125,4.405303955078125,63200.0,0.0,0.0
1991-11-25,4.481807738843316,4.573586303733065,4.359439586609901,4.481809139251709,122400.0,0.0,0.0
1991-11-26,4.634769946637424,4.6500432682603945,4.512401787354835,4.634771347045898,122400.0,0.0,0.0
1991-11-27,4.619453430175782,4.634773907347256,4.619453430175782,4.619453430175781,34400.0,0.0,0.0
1991-11-29,4.5888590812683105,4.634771945831017,4.5888590812683105,4.5888590812683105,14400.0,0.0,0.0
1991-12-02,4.711229324340821,4.757142195409291,4.5888597315008,4.71122932434082,198000.0,0.0,0.0
1991-12-03,4.695957690777165,4.803008249743435,4.6806386128072965,4.695959091186523,139600.0,0.0,0.0
1991-12-04,4.711229324340821,4.741821722550826,4.680636926130815,4.71122932434082,221600.0,0.0,0.0
1991-12-05,4.711230989398749,4.711230989398749,4.6653666496276855,4.6653666496276855,114000.0,0.0,0.0
1991-12-06,4.650041580200194,4.69595442216393,4.634769664529717,4.650041580200195,36000.0,0.0,0.0
1991-12-09,4.5888590812683105,4.711228656768799,4.5888590812683105,4.5888590812683105,67200.0,0.0,0.0
1991-12-10,4.619453430175782,4.634773907347256,4.5888610233534255,4.619453430175781,24000.0,0.0,0.0
1991-12-11,4.650041580200194,4.650041580200194,4.619449201383088,4.650041580200195,124400.0,0.0,0.0
1991-12-12,4.650041580200194,4.650041580200194,4.634769664529717,4.650041580200195,73600.0,0.0,0.0
1991-12-13,4.665365249218337,4.680638580376679,4.634774240605616,4.6653666496276855,143200.0,0.0,0.0
1991-12-16,4.68064022064209,4.695960704284017,4.650047800899331,4.68064022064209,80000.0,0.0,0.0
1991-12-17,4.5888590812683105,4.695956733581261,4.5888590812683105,4.5888590812683105,91600.0,0.0,0.0
1991-12-18,4.497082710266114,4.558267509045245,4.497082710266114,4.497082710266113,191200.0,0.0,0.0
1991-12-19,4.4206257167477165,4.466491454227475,4.405306639786002,4.420627117156982,82000.0,0.0,0.0
1991-12-20,4.374712944030762,4.4818106115192435,4.359441018679222,4.374712944030762,466400.0,0.0,0.0
1991-12-23,4.527673244476318,4.542993711614218,4.42062416446621,4.527673244476318,73600.0,0.0,0.0
1991-12-24,4.619453430175782,4.634773907347256,4.497083802886357,4.619453430175781,84800.0,0.0,0.0
1991-12-26,4.68064022064209,4.68064022064209,4.588862961413813,4.68064022064209,36000.0,0.0,0.0
1991-12-27,4.741823431275366,4.741823431275366,4.695959091186523,4.695959091186523,18800.0,0.0,0.0
1991-12-30,4.955967426300049,4.955967426300049,4.7265487636454235,4.955967426300049,167600.0,0.0,0.0
1991-12-31,5.017152786254883,5.063065652563038,4.94069607241048,5.017152786254883,132400.0,0.0,0.0
1992-01-02,4.92537784576416,5.017155072703865,4.833600618824455,4.92537784576416,114400.0,0.0,0.0
1992-01-03,5.017152786254883,5.017152786254883,4.925375601140464,5.017152786254883,114800.0,0.0,0.0
1992-01-06,4.971288234295552,5.017153964279771,4.925376757616117,4.97128963470459,108800.0,0.0,0.0
1992-01-07,4.92537784576416,4.955970254744061,4.894785436784258,4.92537784576416,194000.0,0.0,0.0
1992-01-08,4.92537784576416,4.955970254744061,4.879513506056315,4.92537784576416,198000.0,0.0,0.0
1992-01-09,4.986561298370361,5.032474173030971,4.910104570616975,4.986561298370361,150800.0,0.0,0.0
1992-01-10,5.063064605297981,5.170115122055898,4.971288814191002,5.063066005706787,100800.0,0.0,0.0
1992-01-13,5.017152786254883,5.078337576331162,5.017152786254883,5.017152786254883,64800.0,0.0,0.0
1992-01-14,5.10892915725708,5.10892915725708,4.986559596604216,5.10892915725708,80000.0,0.0,0.0
1992-01-15,5.323078155517579,5.33839863087131,5.108931333169171,5.323078155517578,92400.0,0.0,0.0
1992-01-16,5.139524459838867,5.353671312332153,5.12425252985018,5.139524459838867,87600.0,0.0,0.0
1992-01-17,5.231299877166748,5.231299877166748,5.0936583646779745,5.231299877166748,66800.0,0.0,0.0
1992-01-20,5.1242513957637446,5.216030023440158,5.108932317866491,5.124252796173096,20000.0,0.0,0.0
1992-01-21,5.10892915725708,5.139521547420297,5.063064845759334,5.10892915725708,33200.0,0.0,0.0
1992-01-22,5.292488098144531,5.307808580288847,5.1395260143831285,5.292488098144531,124000.0,0.0,0.0
1992-01-23,5.292488098144531,5.323080514896812,5.185438913279724,5.292488098144531,79200.0,0.0,0.0
1992-01-24,5.384261343305977,5.384261343305977,5.338397026062012,5.338397026062012,98000.0,0.0,0.0
1992-01-27,5.3536696434021,5.3536696434021,5.292484847477504,5.3536696434021,122000.0,0.0,0.0
1992-01-28,5.567818641662598,5.567818641662598,5.3842641809484455,5.567818641662598,202000.0,0.0,0.0
1992-01-29,5.583136111798035,5.583137512207031,5.521952709593868,5.583137512207031,100800.0,0.0,0.0
1992-01-30,5.537225246429443,5.567817651105849,5.521953317849834,5.537225246429443,106400.0,0.0,0.0
1992-01-31,5.323078155517579,5.521953050027088,5.323078155517579,5.323078155517578,282800.0,0.0,0.0
1992-02-03,5.323078155517579,5.323078155517579,5.200708542747059,5.323078155517578,104800.0,0.0,0.0
1992-02-04,5.460767299236797,5.460768699645996,5.323078600023867,5.460768699645996,542400.0,0.0,0.0
1992-02-05,5.506632328033447,5.567817131678264,5.460767999056165,5.506632328033447,224400.0,0.0,0.0
1992-02-06,5.690183639526367,5.705504105848846,5.430172639420151,5.690183639526367,166400.0,0.0,0.0
1992-02-07,5.629004955291748,5.720782209997592,5.552548183472897,5.629004955291748,147200.0,0.0,0.0
1992-02-10,5.674914390148601,5.705508197656499,5.613730976360586,5.674915790557861,118000.0,0.0,0.0
1992-02-11,5.705505401196307,5.705506801605225,5.6595939284309384,5.705506801605225,33200.0,0.0,0.0
1992-02-12,5.674914390148601,5.690187720346665,5.659595313248027,5.674915790557861,50000.0,0.0,0.0
1992-02-13,5.687802314758301,5.703199148185967,5.641709393431823,5.687802314758301,167200.0,0.0575,0.0
1992-02-14,5.733943962331333,5.74929341726777,5.6570587635148115,5.733945369720459,51600.0,0.0,0.0
1992-02-18,5.626310348510742,5.764686637056121,5.5955654832183335,5.626310348510742,314800.0,0.0,0.0
1992-02-19,5.733943962331333,5.733945369720459,5.61096583138318,5.733945369720459,27600.0,0.0,0.0
1992-02-20,5.74929141998291,5.780036293886561,5.718546546079258,5.74929141998291,92800.0,0.0,0.0
1992-02-21,5.795434021230189,5.826180314740729,5.7492937046913015,5.795435428619385,70800.0,0.0,0.0
1992-02-24,5.84152889251709,5.856925731719361,5.795435953903391,5.84152889251709,55200.0,0.0,0.0
1992-02-25,5.7031989328819055,5.82617987548451,5.641710572664238,5.703200340270996,82800.0,0.0,0.0
1992-02-26,5.780036449432373,5.826178156265938,5.6724537826108214,5.780036449432373,49200.0,0.0,0.0
1992-02-27,5.564825534820557,5.780039782023562,5.564825534820557,5.564825534820557,146400.0,0.0,0.0
1992-02-28,5.595571041107178,5.7185506244282145,5.580222987945819,5.595571041107178,88800.0,0.0,0.0
1992-03-02,5.457241081471679,5.610966942216335,5.441845648775881,5.457242488861084,46800.0,0.0,0.0
1992-03-03,5.487983249898892,5.487984657287598,5.426494906446701,5.487984657287598,156000.0,0.0,0.0
1992-03-04,5.3803534507751465,5.411098327636719,5.365005407083081,5.3803534507751465,143200.0,0.0,0.0
1992-03-05,5.457241081471679,5.472590539446931,5.3342629261768835,5.457242488861084,191600.0,0.0,0.0
1992-03-06,5.472589015960693,5.487985851759649,5.395751205423233,5.472589015960693,100400.0,0.0,0.0
1992-03-09,5.426493191000045,5.472587514165106,5.411097766814937,5.426494598388672,156400.0,0.0,0.0
1992-03-10,5.411097049713135,5.487983618447702,5.411097049713135,5.411097049713135,130000.0,0.0,0.0
1992-03-11,5.411097049713135,5.441841919313778,5.411097049713135,5.411097049713135,57200.0,0.0,0.0
1992-03-12,5.441842079162597,5.441842079162597,5.411097208658854,5.441842079162598,101200.0,0.0,0.0
1992-03-13,5.657060623168945,5.657060623168945,5.426498307738297,5.657060623168945,122400.0,0.0,0.0
1992-03-16,5.9337592124938965,5.964504078879875,5.657055415020087,5.9337592124938965,132800.0,0.0,0.0
1992-03-17,5.8569221727808705,5.964506257078686,5.826178702555869,5.856923580169678,55600.0,0.0,0.0
1992-03-18,5.74929141998291,5.856922873382065,5.703198503863805,5.74929141998291,112000.0,0.0,0.0
1992-03-19,5.74929141998291,5.780036293886561,5.733943377767457,5.74929141998291,15200.0,0.0,0.0
1992-03-20,5.826176189657359,5.826177597045898,5.73394298170588,5.826177597045898,126800.0,0.0,0.0
1992-03-23,5.764688991780761,5.795435284526852,5.749293561745995,5.764690399169922,88000.0,0.0,0.0
1992-03-24,5.718546390533446,5.764688094870233,5.657056644398678,5.718546390533447,102800.0,0.0,0.0
1992-03-25,5.657060623168945,5.7492953072423525,5.657060623168945,5.657060623168945,61200.0,0.0,0.0
1992-03-26,5.718547279175258,5.718547279175258,5.672454357147217,5.672454357147217,9600.0,0.0,0.0
1992-03-27,5.672452949758399,5.718547279175258,5.657057523485201,5.672454357147217,34000.0,0.0,0.0
1992-03-30,5.687803060703296,5.687803060703296,5.610965251922607,5.610965251922607,58800.0,0.0,0.0
1992-03-31,5.564825534820557,5.626315319735701,5.549477483342866,5.564825534820557,62800.0,0.0,0.0
1992-04-01,5.349608898162842,5.564823049238359,5.2573742619876205,5.349608898162842,190200.0,0.0,2.0
1992-04-02,5.503330707550048,5.564820436126027,5.349606386110103,5.503330707550049,90000.0,0.0,0.0
1992-04-03,5.657060623168945,5.687805517860081,5.534081044404403,5.657060623168945,75200.0,0.0,0.0
1992-04-06,5.472589015960693,5.687803190745664,5.472589015960693,5.472589015960693,73800.0,0.0,0.0
1992-04-07,5.3803534507751465,5.472588081359864,5.349608573913574,5.3803534507751465,65200.0,0.0,0.0
1992-04-08,5.441842079162597,5.503331820170084,5.38035233815511,5.441842079162598,136000.0,0.0,0.0
1992-04-09,5.595571041107178,5.626315936937437,5.288122082804585,5.595571041107178,88000.0,0.0,0.0
1992-04-10,5.810783386230469,5.810783386230469,5.687803843664745,5.810783386230469,71200.0,0.0,0.0
1992-04-13,5.903017044067382,5.903017044067382,5.718547761440276,5.903017044067383,76800.0,0.0,0.0
1992-04-14,6.241210460662842,6.364189977129104,5.872271911264053,6.241210460662842,70800.0,0.0,0.0
1992-04-15,6.425678730010986,6.456423604317259,6.302699232785896,6.425678730010986,176200.0,0.0,0.0
1992-04-16,6.27195644378662,6.487170635485181,6.210466674729889,6.271956443786621,70800.0,0.0,0.0
1992-04-20,5.903017044067382,6.2104658484458914,5.780037522315978,5.903017044067383,52000.0,0.0,0.0
1992-04-21,6.118229389190674,6.241208874400537,5.780035804863552,6.118229389190674,296000.0,0.0,0.0
1992-04-22,5.99525022506714,6.087484843914326,5.933760479169015,5.995250225067139,151000.0,0.0,0.0
1992-04-23,6.118229389190674,6.118229389190674,5.841525547468483,6.118229389190674,131600.0,0.0,0.0
1992-04-24,5.903017044067382,6.087486326694488,5.903017044067382,5.903017044067383,61400.0,0.0,0.0
1992-04-27,5.780036449432373,5.933760823087489,5.595567201046233,5.780036449432373,93800.0,0.0,0.0
1992-04-28,5.810783386230469,5.872273157513331,5.657058958023314,5.810783386230469,119800.0,0.0,0.0
1992-04-29,5.84152889251709,5.933763559241044,5.78003911470112,5.84152889251709,48200.0,0.0,0.0
1992-04-30,6.1797189712524405,6.1797189712524405,5.841525395711263,6.179718971252441,97200.0,0.0,0.0
1992-05-01,6.148974895477294,6.179719769954681,5.933760774135589,6.148974895477295,98600.0,0.0,0.0
1992-05-04,6.302700996398926,6.487170293854504,6.148976581852611,6.302700996398926,101000.0,0.0,0.0
1992-05-05,6.241210460662842,6.39493485624567,6.210465581546276,6.241210460662842,166000.0,0.0,0.0
1992-05-06,6.1797189712524405,6.1797189712524405,6.025994618733724,6.179718971252441,138200.0,0.0,0.0
1992-05-07,6.1797189712524405,6.241208712259928,6.08748435974121,6.179718971252441,92400.0,0.0,0.0
1992-05-08,6.27195644378662,6.302701328314987,6.148976905673157,6.271956443786621,99400.0,0.0,0.0
1992-05-11,6.210465908050537,6.3334454309822314,6.179721027317614,6.210465908050537,21000.0,0.0,0.0
1992-05-12,6.087483882904052,6.179718487190478,5.903014674331202,6.087483882904053,87600.0,0.0,0.0
1992-05-13,6.210465908050537,6.210465908050537,6.025996623652997,6.210465908050537,38400.0,0.0,0.0
1992-05-14,6.1153364181518555,6.238878568013509,6.0844508806864415,6.1153364181518555,148200.0,0.0575,0.0
1992-05-15,5.899137020111084,6.115335759068035,5.899137020111084,5.899137020111084,114800.0,0.0,0.0
1992-05-18,6.053567886352538,6.053567886352538,5.899140134149667,6.053567886352539,27200.0,0.0,0.0
1992-05-19,5.991795063018799,6.022680604580751,5.960909521456846,5.991795063018799,146800.0,0.0,0.0
1992-05-20,5.868253707885742,5.9917958912096525,5.868253707885742,5.868253707885742,135600.0,0.0,0.0
1992-05-21,5.960907459259033,5.991792990136022,5.806479804874083,5.960907459259033,75600.0,0.0,0.0
1992-05-22,6.053567886352538,6.084453436793113,5.9609112350308155,6.053567886352539,49400.0,0.0,0.0
1992-05-26,5.991795063018799,6.084451687704656,5.9300239798948935,5.991795063018799,97400.0,0.0,0.0
1992-05-27,5.775595664978028,6.0226799715011525,5.775595664978028,5.775595664978027,96600.0,0.0,0.0
1992-05-28,5.991795063018799,5.991795063018799,5.65205410583732,5.991795063018799,99600.0,0.0,0.0
1992-05-29,6.08445405960083,6.115339613202864,5.960911845192691,6.08445405960083,59800.0,0.0,0.0
1992-06-01,6.207993984222413,6.300650610852598,5.991795188751981,6.207993984222412,180000.0,0.0,0.0
1992-06-02,6.177108764648438,6.2697653961181645,6.146223220825196,6.1771087646484375,63000.0,0.0,0.0
1992-06-03,6.207993984222413,6.3624216952727215,6.207993984222413,6.207993984222412,84600.0,0.0,0.0
1992-06-04,6.1153364181518555,6.300649642944336,6.053565343221028,6.1153364181518555,47000.0,0.0,0.0
1992-06-05,6.2388811111450195,6.2388811111450195,6.022682260758806,6.2388811111450195,57400.0,0.0,0.0
1992-06-08,6.362421989440918,6.362421989440918,6.177108727612542,6.362421989440918,114800.0,0.0,0.0
1992-06-09,6.300652980804443,6.424195196114335,6.238881873149499,6.300652980804443,68000.0,0.0,0.0
1992-06-10,6.0226826667785645,6.238881531739846,6.0226826667785645,6.0226826667785645,50800.0,0.0,0.0
1992-06-11,6.053567886352538,6.084453436793113,5.899140134149667,6.053567886352539,45800.0,0.0,0.0
1992-06-12,6.177108764648438,6.2388798522949225,6.115337677001953,6.1771087646484375,39000.0,0.0,0.0
1992-06-15,6.269766330718994,6.3624229760005555,6.177109685437433,6.269766330718994,62600.0,0.0,0.0
1992-06-16,6.207993984222413,6.269765068642537,6.146222899802289,6.207993984222412,56600.0,0.0,0.0
1992-06-17,6.146223068237305,6.300650783519648,6.146223068237305,6.146223068237305,64600.0,0.0,0.0
1992-06-18,5.930025100708007,6.146223932504653,5.899139553308486,5.930025100708008,40600.0,0.0,0.0
1992-06-19,5.868253707885742,6.115338074533563,5.868253707885742,5.868253707885742,152000.0,0.0,0.0
1992-06-22,5.868253707885742,5.868253707885742,5.682940432899876,5.868253707885742,30800.0,0.0,0.0
1992-06-23,6.0226826667785645,6.05356821891589,5.991797114641238,6.0226826667785645,74200.0,0.0,0.0
1992-06-24,6.0226826667785645,6.05356821891589,6.0226826667785645,6.0226826667785645,14000.0,0.0,0.0
1992-06-25,5.991795063018799,6.115337229266609,5.960909521456846,5.991795063018799,20400.0,0.0,0.0
1992-06-26,6.146223068237305,6.177108611293773,5.99179535295496,6.146223068237305,43400.0,0.0,0.0
1992-06-29,6.207993984222413,6.269765068642537,6.146222899802289,6.207993984222412,356000.0,0.0,0.0
1992-06-30,6.0226826667785645,6.2079959796025195,5.960911562503912,6.0226826667785645,83000.0,0.0,0.0
1992-07-01,6.331538200378418,6.331538200378418,6.084453782802675,6.331538200378418,112600.0,0.0,0.0
1992-07-02,6.08445405960083,6.424195149223211,6.053568505998795,6.08445405960083,174600.0,0.0,0.0
1992-07-06,6.08445405960083,6.115339613202864,5.991797398794725,6.08445405960083,51600.0,0.0,0.0
1992-07-07,6.0226826667785645,6.115339323190542,5.960911562503912,6.0226826667785645,46800.0,0.0,0.0
1992-07-08,6.300652980804443,6.300652980804443,5.93002633487477,6.300652980804443,110000.0,0.0,0.0
1992-07-09,6.640392303466797,6.6712778490643165,6.269765756296557,6.640392303466797,73800.0,0.0,0.0
1992-07-10,6.671276569366455,6.918360886750397,6.578619950347476,6.671276569366455,319000.0,0.0,0.0
1992-07-13,6.7330474853515625,6.7330474853515625,6.547734251809777,6.7330474853515625,104600.0,0.0,0.0
1992-07-14,6.7330474853515625,6.887475179969718,6.6712764075043,6.7330474853515625,185000.0,0.0,0.0
1992-07-15,6.671276569366455,6.794818728058426,6.609505490020469,6.671276569366455,93600.0,0.0,0.0
1992-07-16,6.763935089111328,6.763935089111328,6.609507347350796,6.763935089111328,159200.0,0.0,0.0
1992-07-17,6.609507083892822,6.763934819497795,6.578621536771827,6.609507083892822,41800.0,0.0,0.0
1992-07-20,6.578619956970215,6.702162115786557,6.516848877562044,6.578619956970215,81600.0,0.0,0.0
1992-07-21,6.547737121582031,6.578622674042324,6.455080464201154,6.547737121582031,46000.0,0.0,0.0
1992-07-22,6.393307685852051,6.485964318980341,6.362422141475954,6.393307685852051,28200.0,0.0,0.0
1992-07-23,6.578619956970215,6.578619956970215,6.3624211790416165,6.578619956970215,102600.0,0.0,0.0
1992-07-24,6.362421989440918,6.578620794907357,6.362421989440918,6.362421989440918,52800.0,0.0,0.0
1992-07-27,6.393307685852051,6.516849863356438,6.393307685852051,6.393307685852051,78200.0,0.0,0.0
1992-07-28,6.609507083892822,6.609507083892822,6.39330825404586,6.609507083892822,67400.0,0.0,0.0
1992-07-29,6.671276569366455,6.702162109039447,6.547734410674483,6.671276569366455,69800.0,0.0,0.0
1992-07-30,6.578619956970215,6.671276576082471,6.547734417266129,6.578619956970215,103400.0,0.0,0.0
1992-07-31,6.671276569366455,6.702162109039447,6.578619950347476,6.671276569366455,190400.0,0.0,0.0
1992-08-03,6.609507083892822,6.640392631013817,6.485964895408844,6.609507083892822,73200.0,0.0,0.0
1992-08-04,6.609507083892822,6.609507083892822,6.547735989650833,6.609507083892822,30400.0,0.0,0.0
1992-08-05,6.516852378845214,6.609509047738748,6.455081266249525,6.516852378845215,67400.0,0.0,0.0
1992-08-06,6.609507083892822,6.609507083892822,6.547735989650833,6.609507083892822,55800.0,0.0,0.0
1992-08-07,6.547737121582031,6.64039377896291,6.547737121582031,6.547737121582031,78800.0,0.0,0.0
1992-08-10,6.671276569366455,6.671276569366455,6.516848871001491,6.671276569366455,92200.0,0.0,0.0
1992-08-11,6.640392303466797,6.6712778490643165,6.547735666674237,6.640392303466797,32200.0,0.0,0.0
1992-08-12,6.578619956970215,6.640391036378386,6.516848877562044,6.578619956970215,83800.0,0.0,0.0
1992-08-13,6.578619956970215,6.671276576082471,6.547734417266129,6.578619956970215,46000.0,0.0,0.0
1992-08-14,6.609507083892822,6.640392631013817,6.547735989650833,6.609507083892822,48800.0,0.0,0.0
1992-08-17,6.886198043823241,6.886198043823241,6.5449900326428105,6.886198043823242,112000.0,0.0575,0.0
1992-08-18,6.855173587799073,6.855173587799073,6.700079162735745,6.855173587799072,48200.0,0.0,0.0
1992-08-19,6.731095790863037,6.855171289312125,6.731095790863037,6.731095790863037,110400.0,0.0,0.0
1992-08-20,6.762122154235839,6.793141063200224,6.6690654273426855,6.76212215423584,32000.0,0.0,0.0
1992-08-21,6.762122154235839,6.793141063200224,6.638046518378301,6.76212215423584,108200.0,0.0,0.0
1992-08-24,6.66906213760376,6.7621188185935805,6.57600545661394,6.66906213760376,46600.0,0.0,0.0
1992-08-25,6.700078964233398,6.731097848327072,6.5449845437650325,6.700078964233398,64000.0,0.0,0.0
1992-08-26,6.731095790863037,6.731095790863037,6.63803916702622,6.731095790863037,24000.0,0.0,0.0
1992-08-27,6.66906213760376,6.731099924930307,6.6070243502772135,6.66906213760376,60600.0,0.0,0.0
1992-08-28,6.731095790863037,6.731095790863037,6.63803916702622,6.731095790863037,156400.0,0.0,0.0
1992-08-31,6.762122154235839,6.762122154235839,6.638046518378301,6.76212215423584,50400.0,0.0,0.0
1992-09-01,6.700078964233398,6.793135616514418,6.638041196046052,6.700078964233398,58200.0,0.0,0.0
1992-09-02,6.66906213760376,6.700081031267033,6.638043243940487,6.66906213760376,52800.0,0.0,0.0
1992-09-03,6.700078964233398,6.731097848327072,6.576003427858706,6.700078964233398,87200.0,0.0,0.0
1992-09-04,6.793138027191161,6.824156922292491,6.638043551684514,6.793138027191162,98400.0,0.0,0.0
1992-09-08,6.762122154235839,6.824159972164608,6.700084336307071,6.76212215423584,109000.0,0.0,0.0
1992-09-09,6.793138027191161,6.793138027191161,6.638043551684514,6.793138027191162,128200.0,0.0,0.0
1992-09-10,6.793138027191161,6.85517581739382,6.731100236988502,6.793138027191162,97600.0,0.0,0.0
1992-09-11,6.948230743408203,7.041287405150277,6.824155194418771,6.948230743408203,180000.0,0.0,0.0
1992-09-14,7.258421897888184,7.258421897888184,7.041289618891529,7.258421897888184,114800.0,0.0,0.0
1992-09-15,7.072308063507081,7.351478118645518,7.072308063507081,7.07230806350708,165400.0,0.0,0.0
1992-09-16,6.948230743408203,7.041287405150277,6.917211856160845,6.948230743408203,71800.0,0.0,0.0
1992-09-17,6.917213439941405,7.072307911688971,6.917213439941405,6.917213439941406,74200.0,0.0,0.0
1992-09-18,6.948230743408203,7.01026851790292,6.917211856160845,6.948230743408203,153800.0,0.0,0.0
1992-09-21,6.886198043823241,6.979254774145177,6.85517913371593,6.886198043823242,108800.0,0.0,0.0
1992-09-22,6.793138027191161,6.917213607596479,6.793138027191161,6.793138027191162,308800.0,0.0,0.0
1992-09-23,6.793138027191161,6.85517581739382,6.762119132089832,6.793138027191162,81800.0,0.0,0.0
1992-09-24,6.855173587799073,6.917211357824404,6.762116932761076,6.855173587799072,26400.0,0.0,0.0
1992-09-25,6.855173587799073,6.917211357824404,6.731098047748411,6.855173587799072,43000.0,0.0,0.0
1992-09-28,6.917213439941405,6.917213439941405,6.886194545591893,6.917213439941406,42000.0,0.0,0.0
1992-09-29,6.855173587799073,6.917211357824404,6.762116932761076,6.855173587799072,72200.0,0.0,0.0
1992-09-30,6.855173587799073,6.855173587799073,6.7931358177737415,6.855173587799072,26800.0,0.0,0.0
1992-10-01,6.700078964233398,6.762116732420744,6.607022311952379,6.700078964233398,237800.0,0.0,0.0
1992-10-02,6.513967037200928,6.63804259981428,6.48294814654759,6.513967037200928,142200.0,0.0,0.0
1992-10-05,6.451929569244385,6.482948461404213,6.420910677084556,6.451929569244385,236200.0,0.0,0.0
1992-10-06,6.420913219451903,6.513969932777294,6.389894315010107,6.420913219451904,70400.0,0.0,0.0
1992-10-07,6.265818119049072,6.513969331684679,6.265818119049072,6.265818119049072,425000.0,0.0,0.0
1992-10-08,5.831549644470215,6.234795098609113,5.7384930012073925,5.831549644470215,280400.0,0.0,0.0
1992-10-09,5.831549644470215,5.831549644470215,5.707474120119785,5.831549644470215,339800.0,0.0,0.0
1992-10-12,5.955629348754883,5.955629348754883,5.800534834464392,5.955629348754883,97200.0,0.0,0.0
1992-10-13,6.141740798950194,6.296835263570149,5.924608548482259,6.141740798950195,131400.0,0.0,0.0
1992-10-14,5.924610137939452,6.141742446659746,5.924610137939452,5.924610137939453,93600.0,0.0,0.0
1992-10-15,5.955629348754883,5.955629348754883,5.893591543038687,5.955629348754883,72000.0,0.0,0.0
1992-10-16,5.98664665222168,5.98664665222168,5.831552179366196,5.98664665222168,58800.0,0.0,0.0
1992-10-19,5.924610137939452,6.1107235454139905,5.86257233544794,5.924610137939453,91600.0,0.0,0.0
1992-10-20,5.924610137939452,5.955629039185209,5.800534532956427,5.924610137939453,158400.0,0.0,0.0
1992-10-21,5.862572193145752,5.924609994131422,5.738496591174414,5.862572193145752,188000.0,0.0,0.0
1992-10-22,5.800533294677734,5.862571083925624,5.707476610805899,5.800533294677734,97000.0,0.0,0.0
1992-10-23,5.707479000091553,5.862573538137519,5.67646009248236,5.707479000091553,60800.0,0.0,0.0
1992-10-26,5.676456451416015,5.800532002266638,5.676456451416015,5.676456451416016,113000.0,0.0,0.0
1992-10-27,5.7384963035583505,5.800534101434657,5.707477404620197,5.73849630355835,48200.0,0.0,0.0
1992-10-28,5.707479000091553,5.76951681530994,5.67646009248236,5.707479000091553,95600.0,0.0,0.0
1992-10-29,5.676456451416015,5.738494226841326,5.645437563703359,5.676456451416016,134400.0,0.0,0.0
1992-10-30,5.676456451416015,5.800532002266638,5.645437563703359,5.676456451416016,223200.0,0.0,0.0
1992-11-02,5.924610137939452,5.924610137939452,5.645440026727646,5.924610137939453,193200.0,0.0,0.0
1992-11-03,5.893590450286865,5.955628244500412,5.800533758966546,5.893590450286865,172200.0,0.0,0.0
1992-11-04,5.924610137939452,5.986647940430965,5.831553434202184,5.924610137939453,117000.0,0.0,0.0
1992-11-05,5.893590450286865,5.9246093473936385,5.862571553180093,5.893590450286865,57800.0,0.0,0.0
1992-11-06,5.7384963035583505,5.83155300037281,5.7384963035583505,5.73849630355835,135800.0,0.0,0.0
1992-11-09,5.893590450286865,5.893590450286865,5.769514861859774,5.893590450286865,182000.0,0.0,0.0
1992-11-10,5.7695136070251465,5.893589168466548,5.738494716664796,5.7695136070251465,55000.0,0.0,0.0
1992-11-11,5.7384963035583505,5.769515202496503,5.707477404620197,5.73849630355835,108200.0,0.0,0.0
1992-11-12,5.7695136070251465,5.800532497385497,5.6764569359440955,5.7695136070251465,107600.0,0.0,0.0
1992-11-13,5.73585081100464,5.7981970154720806,5.704677708770919,5.735850811004639,65800.0,0.0575,0.0
1992-11-16,5.704670906066894,5.767017036187844,5.704670906066894,5.7046709060668945,53000.0,0.0,0.0
1992-11-17,5.673500061035157,5.798192370068897,5.673500061035157,5.673500061035156,187200.0,0.0,0.0
1992-11-18,5.486461639404297,5.673500104383988,5.486461639404297,5.486461639404297,454200.0,0.0,0.0
1992-11-19,5.392944812774658,5.548810269791267,5.237079355758049,5.392944812774658,310600.0,0.0,0.0
1992-11-20,5.548810005187988,5.611156185021561,5.361771465687269,5.548810005187988,146200.0,0.0,0.0
1992-11-23,5.36176872253418,5.5488071663435115,5.2994225745977355,5.36176872253418,260600.0,0.0,0.0
1992-11-24,5.330596446990966,5.424115682903088,5.268250289716218,5.330596446990967,178600.0,0.0,0.0
1992-11-25,5.424116134643555,5.5176353783443055,5.29942380970922,5.424116134643555,207400.0,0.0,0.0
1992-11-27,5.548810005187988,5.579983095104774,5.486463825354416,5.548810005187988,224000.0,0.0,0.0
1992-11-30,5.673500061035157,5.7358462155520265,5.611153906518287,5.673500061035156,177600.0,0.0,0.0
1992-12-01,5.704670906066894,5.735843971127369,5.642324775945944,5.7046709060668945,126400.0,0.0,0.0
1992-12-02,5.73585081100464,5.73585081100464,5.579985299836035,5.735850811004639,202600.0,0.0,0.0
1992-12-03,5.73585081100464,5.76702391323836,5.704677708770919,5.735850811004639,69600.0,0.0,0.0
1992-12-04,5.798194885253906,5.9540603391585805,5.642329431349231,5.798194885253906,197000.0,0.0,0.0
1992-12-07,5.86053991317749,5.922886082466612,5.735847574599245,5.86053991317749,130200.0,0.0,0.0
1992-12-08,5.985230922698974,5.985230922698974,5.767019378642241,5.985230922698975,118600.0,0.0,0.0
1992-12-09,5.86053991317749,6.047578421044856,5.798193743888367,5.86053991317749,214000.0,0.0,0.0
1992-12-10,5.86053991317749,5.954059167111173,5.829366828532929,5.86053991317749,106800.0,0.0,0.0
1992-12-11,5.922884464263916,5.954057540391621,5.860538312008506,5.922884464263916,64600.0,0.0,0.0
1992-12-14,5.891713142395019,5.985232398623511,5.829366971576024,5.8917131423950195,68400.0,0.0,0.0
1992-12-15,5.891713142395019,5.985232398623511,5.8605400569855215,5.8917131423950195,68200.0,0.0,0.0
1992-12-16,6.0164055824279785,6.1099248401859265,5.8917132387507145,6.0164055824279785,180400.0,0.0,0.0
1992-12-17,6.078753471374512,6.109926566099509,5.922887997749524,6.078753471374512,153800.0,0.0,0.0
1992-12-18,6.296963691711426,6.296963691711426,6.172271341380506,6.296963691711426,264800.0,0.0,0.0
1992-12-21,6.2657928466796875,6.359312142898787,6.203446649200288,6.2657928466796875,57400.0,0.0,0.0
1992-12-22,6.421657562255859,6.421657562255859,6.296965182406232,6.421657562255859,91200.0,0.0,0.0
1992-12-23,6.421657562255859,6.484003752180674,6.359311372331046,6.421657562255859,74400.0,0.0,0.0
1992-12-24,6.359307765960693,6.484000075097177,6.359307765960693,6.359307765960693,26600.0,0.0,0.0
1992-12-28,6.421657562255859,6.484003752180674,6.328138277368638,6.421657562255859,37600.0,0.0,0.0
1992-12-29,6.296963691711426,6.421656042042345,6.296963691711426,6.296963691711426,119000.0,0.0,0.0
1992-12-30,6.390483856201171,6.390483856201171,6.2346183962938255,6.390483856201172,44400.0,0.0,0.0
1992-12-31,6.2657928466796875,6.452831439117887,6.234619747939988,6.2657928466796875,134800.0,0.0,0.0
1993-01-04,6.234614372253418,6.421652803421021,6.10992208480835,6.234614372253418,120000.0,0.0,0.0
1993-01-05,6.234614372253418,6.234614372253418,6.10992208480835,6.234614372253418,116400.0,0.0,0.0
1993-01-06,6.172269344329834,6.203442421826449,6.1099231893366035,6.172269344329834,135400.0,0.0,0.0
1993-01-07,6.172269344329834,6.2346154993230645,6.172269344329834,6.172269344329834,74000.0,0.0,0.0
1993-01-08,6.203444480895995,6.203444480895995,6.172271393052297,6.203444480895996,45200.0,0.0,0.0
1993-01-11,6.296963691711426,6.421656042042345,6.203444428963236,6.296963691711426,232200.0,0.0,0.0
1993-01-12,6.203444480895995,6.2969637444270905,6.172271393052297,6.203444480895996,156200.0,0.0,0.0
1993-01-13,6.2657928466796875,6.328139044159087,6.203446649200288,6.2657928466796875,45600.0,0.0,0.0
1993-01-14,6.296963691711426,6.328136779294155,6.203444428963236,6.296963691711426,60200.0,0.0,0.0
1993-01-15,6.421657562255859,6.484003752180674,6.328138277368638,6.421657562255859,117600.0,0.0,0.0
1993-01-18,6.328136920928955,6.42165618577027,6.296963832648517,6.328136920928955,34000.0,0.0,0.0
1993-01-19,6.359307765960693,6.359307765960693,6.203442379540088,6.359307765960693,103000.0,0.0,0.0
1993-01-20,6.296963691711426,6.390482954459615,6.296963691711426,6.296963691711426,91200.0,0.0,0.0
1993-01-21,6.359307765960693,6.359307765960693,6.2346154568242085,6.359307765960693,70400.0,0.0,0.0
1993-01-22,6.328136920928955,6.390483097489832,6.23461765608764,6.328136920928955,128800.0,0.0,0.0
1993-01-25,6.359307765960693,6.452826997813056,6.328134688676572,6.359307765960693,48800.0,0.0,0.0
1993-01-26,6.390483856201171,6.45283004016411,6.359310764219702,6.390483856201172,165800.0,0.0,0.0
1993-01-27,6.421657562255859,6.452830657218267,6.390484467293453,6.421657562255859,67200.0,0.0,0.0
1993-01-28,6.452826976776123,6.452826976776123,6.390480822411137,6.452826976776123,210600.0,0.0,0.0
1993-01-29,6.452826976776123,6.452826976776123,6.3593077452286435,6.452826976776123,71600.0,0.0,0.0
1993-02-01,6.577520370483398,6.577520370483398,6.42165495886057,6.577520370483398,147000.0,0.0,0.0
1993-02-02,6.671041011810302,6.702214100650537,6.577521745289597,6.671041011810303,201800.0,0.0,0.0
1993-02-03,6.671041011810302,6.7645602783310075,6.608694834129832,6.671041011810303,127800.0,0.0,0.0
1993-02-04,6.671041011810302,6.826906456011478,6.639867922970067,6.671041011810303,157400.0,0.0,0.0
1993-02-05,6.6398682594299325,6.671041349849792,6.6086951690100735,6.639868259429932,88800.0,0.0,0.0
1993-02-08,6.60869598388672,6.764561455204802,6.60869598388672,6.608695983886719,96600.0,0.0,0.0
1993-02-09,6.60869598388672,6.671042172413952,6.546349795359486,6.608695983886719,84000.0,0.0,0.0
1993-02-10,6.6398682594299325,6.671041349849792,6.546348988170356,6.639868259429932,74600.0,0.0,0.0
1993-02-11,6.671041011810302,6.671041011810302,6.546348656449362,6.671041011810303,68200.0,0.0,0.0
1993-02-12,6.421657562255859,6.639869226992709,6.421657562255859,6.421657562255859,45600.0,0.0,0.0
1993-02-16,6.515175819396973,6.577521999486896,6.4528296393070494,6.515175819396973,101200.0,0.0,0.0
1993-02-17,6.515175819396973,6.546348909441934,6.359310369172165,6.515175819396973,98800.0,0.0,0.0
1993-02-18,6.483998775482178,6.546344917554122,6.483998775482178,6.483998775482178,119800.0,0.0,0.0
1993-02-19,6.452826976776123,6.5463462083236035,6.42165389959363,6.452826976776123,70200.0,0.0,0.0
1993-02-22,6.484150409698486,6.609448002156428,6.484150409698486,6.484150409698486,48400.0,0.0625,0.0
1993-02-23,6.452831268310547,6.578128962840849,6.452831268310547,6.452831268310547,40600.0,0.0,0.0
1993-02-24,6.327528953552246,6.515475358113203,6.327528953552246,6.327528953552246,90000.0,0.0,0.0
1993-02-25,6.327528953552246,6.327528953552246,6.139582548991288,6.327528953552246,228200.0,0.0,0.0
1993-02-26,6.484150409698486,6.484150409698486,6.327528419126059,6.484150409698486,156200.0,0.0,0.0
1993-03-01,6.358856678009033,6.484154346541231,6.358856678009033,6.358856678009033,88200.0,0.0,0.0
1993-03-02,6.484150409698486,6.515474807812972,6.202230826668118,6.484150409698486,315200.0,0.0,0.0
1993-03-03,6.452831268310547,6.452831268310547,6.390182421045396,6.452831268310547,104600.0,0.0,0.0
1993-03-04,6.484150409698486,6.484150409698486,6.39017721535503,6.484150409698486,128200.0,0.0,0.0
1993-03-05,6.3901777267456055,6.484150928609512,6.358853326124303,6.3901777267456055,71200.0,0.0,0.0
1993-03-08,6.484150409698486,6.484150409698486,6.327528419126059,6.484150409698486,137600.0,0.0,0.0
1993-03-09,6.3901777267456055,6.515475329230814,6.3901777267456055,6.3901777267456055,83800.0,0.0,0.0
1993-03-10,6.452831268310547,6.5154801155756985,6.264884726515095,6.452831268310547,35400.0,0.0,0.0
1993-03-11,6.3901777267456055,6.4528265279882095,6.358853326124303,6.3901777267456055,104600.0,0.0,0.0
1993-03-12,6.452831268310547,6.452831268310547,6.35885799741282,6.452831268310547,124400.0,0.0,0.0
1993-03-15,6.264878749847412,6.421500718593598,6.264878749847412,6.264878749847412,33600.0,0.0,0.0
1993-03-16,6.358856678009033,6.452829929408181,6.296207843742934,6.358856678009033,76200.0,0.0,0.0
1993-03-17,6.327528953552246,6.390177755072565,6.296204552792086,6.327528953552246,64200.0,0.0,0.0
1993-03-18,6.29620885848999,6.358857702853075,6.29620885848999,6.29620885848999,57000.0,0.0,0.0
1993-03-19,6.139584064483643,6.358854923929487,6.139584064483643,6.139584064483643,184400.0,0.0,0.0
1993-03-22,6.045611381530762,6.07693579283403,5.982962558924226,6.045611381530762,211200.0,0.0,0.0
1993-03-23,6.014286994934082,6.108260229229927,5.982962583502134,6.014286994934082,81200.0,0.0,0.0
1993-03-24,6.108262538909912,6.108262538909912,5.982964845804068,6.108262538909912,205600.0,0.0,0.0
1993-03-25,6.202230930328369,6.264879727604414,6.108257734414303,6.202230930328369,59400.0,0.0,0.0
1993-03-26,6.076937198638916,6.233559291387342,6.076937198638916,6.076937198638916,48200.0,0.0,0.0
1993-03-29,6.202230930328369,6.264879727604414,6.076933335776281,6.202230930328369,73600.0,0.0,0.0
1993-03-30,6.1709089279174805,6.202233338719092,6.076935695512646,6.1709089279174805,76200.0,0.0,0.0
1993-03-31,6.29620885848999,6.358857702853075,6.264884436308448,6.29620885848999,121600.0,0.0,0.0
1993-04-01,6.233558177947998,6.358855829766049,6.202233764993486,6.233558177947998,60200.0,0.0,0.0
1993-04-02,6.202230930328369,6.264879727604414,6.1395821330523255,6.202230930328369,60000.0,0.0,0.0
1993-04-05,6.139584064483643,6.2648816984526965,6.139584064483643,6.139584064483643,115600.0,0.0,0.0
1993-04-06,6.202230930328369,6.233555328966391,6.1395821330523255,6.202230930328369,90400.0,0.0,0.0
1993-04-07,6.108262538909912,6.264884655292217,6.04561369235699,6.108262538909912,64400.0,0.0,0.0
1993-04-08,6.076937198638916,6.1395860357382865,6.014288361539546,6.076937198638916,38400.0,0.0,0.0
1993-04-12,6.108262538909912,6.170911385462834,5.888991575974685,6.108262538909912,40400.0,0.0,0.0
1993-04-13,6.014286994934082,6.045611406366031,5.951638172070186,6.014286994934082,101200.0,0.0,0.0
1993-04-14,5.888988971710205,5.982962199982176,5.857664562286215,5.888988971710205,170600.0,0.0,0.0
1993-04-15,5.95163631439209,5.982960716046785,5.857663109428004,5.95163631439209,189000.0,0.0,0.0
1993-04-16,6.108262538909912,6.108262538909912,6.014289269080529,6.108262538909912,79800.0,0.0,0.0
1993-04-19,5.888988971710205,6.045611018830157,5.857664562286215,5.888988971710205,41200.0,0.0,0.0
1993-04-20,5.732363224029541,5.85766078083893,5.732363224029541,5.732363224029541,117600.0,0.0,0.0
1993-04-21,5.732363224029541,5.85766078083893,5.669714445624846,5.732363224029541,80200.0,0.0,0.0
1993-04-22,5.763694763183594,5.826343619305155,5.7323703351228135,5.763694763183594,125200.0,0.0,0.0
1993-04-23,5.763694763183594,5.826343619305155,5.701045907062033,5.763694763183594,209400.0,0.0,0.0
1993-04-26,5.701042652130127,5.826340292836283,5.701042652130127,5.701042652130127,65800.0,0.0,0.0
1993-04-27,5.669720649719238,5.732369496677462,5.638396226240126,5.669720649719238,24600.0,0.0,0.0
1993-04-28,5.6383957862854,5.6383957862854,5.513098102145725,5.6383957862854,37800.0,0.0,0.0
1993-04-29,5.387796878814697,5.638392082480497,5.387796878814697,5.387796878814697,62400.0,0.0,0.0
1993-04-30,5.41912317276001,5.5444208183729575,5.387798761356772,5.41912317276001,98000.0,0.0,0.0
1993-05-03,5.4504475593566895,5.4504475593566895,5.293825503053336,5.4504475593566895,138600.0,0.0,0.0
1993-05-04,5.4504475593566895,5.5130963818780305,5.356474325574677,5.4504475593566895,61600.0,0.0,0.0
1993-05-05,5.481773376464844,5.513097795758928,5.419124537876674,5.481773376464844,47800.0,0.0,0.0
1993-05-06,5.6383957862854,5.669720207320319,5.513098102145725,5.6383957862854,141000.0,0.0,0.0
1993-05-07,5.575745582580566,5.60706999596585,5.5444211691952825,5.575745582580566,66800.0,0.0,0.0
1993-05-10,5.6383957862854,5.6383957862854,5.513098102145725,5.6383957862854,114000.0,0.0,0.0
1993-05-11,5.513094902038574,5.638392513448542,5.513094902038574,5.513094902038574,124200.0,0.0,0.0
1993-05-12,5.481773376464844,5.481773376464844,5.419124537876674,5.481773376464844,32200.0,0.0,0.0
1993-05-13,5.481773376464844,5.544782265849497,5.450268931772517,5.481773376464844,80800.0,0.0625,0.0
1993-05-14,5.4502668380737305,5.544780135843795,5.4502668380737305,5.4502668380737305,72800.0,0.0,0.0
1993-05-17,5.513275146484375,5.513275146484375,5.450266287667411,5.513275146484375,84000.0,0.0,0.0
1993-05-18,5.607789516448975,5.607789516448975,5.450267339020632,5.607789516448975,139400.0,0.0,0.0
1993-05-19,5.7338080406188965,5.765312480402517,5.544781401917175,5.7338080406188965,104400.0,0.0,0.0
1993-05-20,5.6392903327941895,5.7653079938622165,5.576281502260176,5.6392903327941895,42000.0,0.0,0.0
1993-05-21,5.576283931732178,5.670797218710689,5.544779502739341,5.576283931732178,92400.0,0.0,0.0
1993-05-24,5.6392903327941895,5.6392903327941895,5.54477708699317,5.6392903327941895,40600.0,0.0,0.0
1993-05-25,5.576283931732178,5.702301647703527,5.576283931732178,5.576283931732178,88200.0,0.0,0.0
1993-05-26,5.702303409576416,5.702303409576416,5.57628565466865,5.702303409576416,84000.0,0.0,0.0
1993-05-27,5.576283931732178,5.702301647703527,5.544779502739341,5.576283931732178,99200.0,0.0,0.0
1993-05-28,5.576283931732178,5.576283931732178,5.450266215760829,5.576283931732178,98200.0,0.0,0.0
1993-06-01,5.6392903327941895,5.7022991633282025,5.54477708699317,5.6392903327941895,79200.0,0.0,0.0
1993-06-02,5.859826564788818,5.922835452582246,5.733808789201962,5.859826564788818,78800.0,0.0,0.0
1993-06-03,5.6392903327941895,5.7653079938622165,5.450263841192149,5.6392903327941895,160000.0,0.0,0.0
1993-06-04,5.6392903327941895,5.73380357859521,5.6392903327941895,5.6392903327941895,65000.0,0.0,0.0
1993-06-07,5.7338080406188965,5.828321359969757,5.702303600835276,5.7338080406188965,50200.0,0.0,0.0
1993-06-08,5.607789516448975,5.765311693877316,5.607789516448975,5.607789516448975,58000.0,0.0,0.0
1993-06-09,5.607789516448975,5.639293951934643,5.544780645477638,5.607789516448975,75000.0,0.0,0.0
1993-06-10,5.4502668380737305,5.670797866203881,5.4502668380737305,5.4502668380737305,71600.0,0.0,0.0
1993-06-11,5.607789516448975,5.607789516448975,5.418762903534964,5.607789516448975,226600.0,0.0,0.0
1993-06-14,5.544780254364014,5.607789120890877,5.513275821100582,5.544780254364014,34000.0,0.0,0.0
1993-06-15,5.481773376464844,5.544782265849497,5.418764487080191,5.481773376464844,280800.0,0.0,0.0
1993-06-16,5.513275146484375,5.544779575892857,5.355752999441965,5.513275146484375,190200.0,0.0,0.0
1993-06-17,5.481773376464844,5.576286710541824,5.418764487080191,5.481773376464844,157000.0,0.0,0.0
1993-06-18,5.387255668640137,5.481768925984701,5.387255668640137,5.387255668640137,131600.0,0.0,0.0
1993-06-21,5.4502668380737305,5.481771270663752,5.418762405483709,5.4502668380737305,66200.0,0.0,0.0
1993-06-22,5.418764114379883,5.481772999430812,5.387259671854419,5.418764114379883,200800.0,0.0,0.0
1993-06-23,5.418764114379883,5.450268556905348,5.292746344278025,5.418764114379883,100400.0,0.0,0.0
1993-06-24,5.481773376464844,5.481773376464844,5.355755597695537,5.481773376464844,106800.0,0.0,0.0
1993-06-25,5.3557538986206055,5.481771637411678,5.3557538986206055,5.3557538986206055,56200.0,0.0,0.0
1993-06-28,5.513275146484375,5.513275146484375,5.387257428850447,5.513275146484375,83000.0,0.0,0.0
1993-06-29,5.481773376464844,5.51327782115717,5.387260042387863,5.481773376464844,31000.0,0.0,0.0
1993-06-30,5.670798301696777,5.796816041734483,5.418762821621365,5.670798301696777,131400.0,0.0,0.0
1993-07-01,5.576283931732178,5.733806076696363,5.576283931732178,5.576283931732178,65800.0,0.0,0.0
1993-07-02,5.481773376464844,5.576286710541824,5.450268931772517,5.481773376464844,40200.0,0.0,0.0
1993-07-06,5.387255668640137,5.54477776421441,5.387255668640137,5.387255668640137,72400.0,0.0,0.0
1993-07-07,5.607789516448975,5.733807258391648,5.450267339020632,5.607789516448975,139200.0,0.0,0.0
1993-07-08,5.576283931732178,5.702301647703527,5.544779502739341,5.576283931732178,82400.0,0.0,0.0
1993-07-09,5.6392903327941895,5.670794748061196,5.54477708699317,5.6392903327941895,30400.0,0.0,0.0
1993-07-12,5.544780254364014,5.702302420681173,5.544780254364014,5.544780254364014,36200.0,0.0,0.0
1993-07-13,5.418764114379883,5.544781884481741,5.387259671854419,5.418764114379883,92400.0,0.0,0.0
1993-07-14,5.418764114379883,5.481772999430812,5.32425078680349,5.418764114379883,308400.0,0.0,0.0
1993-07-15,5.418764114379883,5.481772999430812,5.387259671854419,5.418764114379883,125000.0,0.0,0.0
1993-07-16,5.3557538986206055,5.544780506807215,5.324249463922837,5.3557538986206055,206800.0,0.0,0.0
1993-07-19,5.3557538986206055,5.3557538986206055,5.324249463922837,5.3557538986206055,68800.0,0.0,0.0
1993-07-20,5.387255668640137,5.4187600877549915,5.324246830410428,5.387255668640137,44200.0,0.0,0.0
1993-07-21,5.418764114379883,5.481772999430812,5.418764114379883,5.418764114379883,73000.0,0.0,0.0
1993-07-22,5.544780254364014,5.544780254364014,5.418762521310287,5.544780254364014,97800.0,0.0,0.0
1993-07-23,5.544780254364014,5.576284687627446,5.48177138783715,5.544780254364014,51800.0,0.0,0.0
1993-07-26,5.387255668640137,5.54477776421441,5.387255668640137,5.387255668640137,67600.0,0.0,0.0
1993-07-27,5.29274845123291,5.387261816433498,5.261243996166048,5.29274845123291,72600.0,0.0,0.0
1993-07-28,5.261240482330322,5.355753784408113,5.261240482330322,5.261240482330322,39000.0,0.0,0.0
1993-07-29,5.29274845123291,5.29274845123291,5.198235086032323,5.29274845123291,54400.0,0.0,0.0
1993-07-30,5.166727542877197,5.261240851588365,5.103718670403085,5.166727542877197,75400.0,0.0,0.0
1993-08-02,5.166727542877197,5.261240851588365,5.135223106640141,5.166727542877197,55400.0,0.0,0.0
1993-08-03,5.166727542877197,5.22973641535131,5.103718670403085,5.166727542877197,124600.0,0.0,0.0
1993-08-04,5.10371732711792,5.198230610953437,5.009204043282403,5.10371732711792,134600.0,0.0,0.0
1993-08-05,5.166727542877197,5.22973641535131,5.040709797928973,5.166727542877197,305400.0,0.0,0.0
1993-08-06,5.10371732711792,5.1352217550630925,5.040708471227576,5.10371732711792,221400.0,0.0,0.0
1993-08-09,5.198233604431152,5.261242496606076,5.040711373993845,5.198233604431152,229600.0,0.0,0.0
1993-08-10,5.3557538986206055,5.418762768016141,5.0722139863406905,5.3557538986206055,141600.0,0.0,0.0
1993-08-11,5.29274845123291,5.418766271500361,5.198235086032323,5.29274845123291,73200.0,0.0,0.0
1993-08-12,5.198233604431152,5.324251388780999,5.198233604431152,5.198233604431152,110200.0,0.0,0.0
1993-08-13,5.3557538986206055,5.3557538986206055,5.229736159829532,5.3557538986206055,93400.0,0.0,0.0
1993-08-16,5.38744592666626,5.514209360234878,5.38744592666626,5.38744592666626,33800.0,0.0625,0.0
1993-08-17,5.38744592666626,5.450827643450569,5.355755068274106,5.38744592666626,111800.0,0.0,0.0
1993-08-18,5.4508280754089355,5.4508280754089355,5.324064631794774,5.4508280754089355,111000.0,0.0,0.0
1993-08-19,5.482515335083008,5.514206175170193,5.450824494995823,5.482515335083008,211600.0,0.0,0.0
1993-08-20,5.514206886291504,5.545897730465593,5.450825197943326,5.514206886291504,111800.0,0.0,0.0
1993-08-23,5.324062824249268,5.545898775259654,5.324062824249268,5.324062824249268,103400.0,0.0,0.0
1993-08-24,5.514206886291504,5.577588574639682,5.3240618212469695,5.514206886291504,209200.0,0.0,0.0
1993-08-25,5.482515335083008,5.5775878553445635,5.419133654908638,5.482515335083008,119000.0,0.0,0.0
1993-08-26,5.419134616851807,5.482516308276974,5.419134616851807,5.419134616851807,253600.0,0.0,0.0
1993-08-27,5.38744592666626,5.482518501842724,5.355755068274106,5.38744592666626,73800.0,0.0,0.0
1993-08-30,5.482515335083008,5.482515335083008,5.292370294559898,5.482515335083008,79000.0,0.0,0.0
1993-08-31,5.419134616851807,5.482516308276974,5.419134616851807,5.419134616851807,184400.0,0.0,0.0
1993-09-01,5.514206886291504,5.577588574639682,5.450825197943326,5.514206886291504,256800.0,0.0,0.0
1993-09-02,5.545899868011475,5.609281580788749,5.514209011622838,5.545899868011475,137600.0,0.0,0.0
1993-09-03,5.4508280754089355,5.482518936312475,5.419137214505395,5.4508280754089355,158600.0,0.0,0.0
1993-09-07,5.4508280754089355,5.482518936312475,5.324064631794774,5.4508280754089355,139400.0,0.0,0.0
1993-09-08,5.577588081359863,5.6726606054739515,5.482515557245774,5.577588081359863,401800.0,0.0,0.0
1993-09-09,5.704352855682373,5.767734554078844,5.577589458889432,5.704352855682373,80400.0,0.0,0.0
1993-09-10,5.64097261428833,5.64097261428833,5.482518327370118,5.64097261428833,64000.0,0.0,0.0
1993-09-13,5.704352855682373,5.704352855682373,5.640971157285902,5.704352855682373,80000.0,0.0,0.0
1993-09-14,5.609280586242676,5.672662287782141,5.5458988847032105,5.609280586242676,211800.0,0.0,0.0
1993-09-15,5.514206886291504,5.577588574639682,5.450825197943326,5.514206886291504,74800.0,0.0,0.0
1993-09-16,5.577588081359863,5.609278922731226,5.419133874503049,5.577588081359863,130800.0,0.0,0.0
1993-09-17,5.64097261428833,5.672663471671973,5.577590899521046,5.64097261428833,251800.0,0.0,0.0
1993-09-20,5.609280586242676,5.640971437012408,5.577589735472943,5.609280586242676,75400.0,0.0,0.0
1993-09-21,5.67266321182251,5.67266321182251,5.577590644026602,5.67266321182251,171000.0,0.0,0.0
1993-09-22,5.64097261428833,5.672663471671973,5.6092817569046876,5.64097261428833,68400.0,0.0,0.0
1993-09-23,5.67266321182251,5.67266321182251,5.4508272202987245,5.67266321182251,100400.0,0.0,0.0
1993-09-24,5.64097261428833,5.672663471671973,5.577590899521046,5.64097261428833,230200.0,0.0,0.0
1993-09-27,5.67266321182251,5.67266321182251,5.577590644026602,5.67266321182251,108800.0,0.0,0.0
1993-09-28,5.7994256019592285,5.7994256019592285,5.672662200823507,5.7994256019592285,81400.0,0.0,0.0
1993-09-29,5.736044406890869,5.767735259967615,5.704353553814124,5.736044406890869,148800.0,0.0,0.0
1993-09-30,5.8628082275390625,5.8628082275390625,5.736044806403083,5.8628082275390625,283400.0,0.0,0.0
1993-10-01,5.767736911773682,5.767736911773682,5.609282601010668,5.767736911773682,154600.0,0.0,0.0
1993-10-04,5.767736911773682,5.7994277739262845,5.736046049621079,5.767736911773682,60600.0,0.0,0.0
1993-10-05,5.831111907958984,5.831111907958984,5.7677302567855175,5.831111907958984,66600.0,0.0,0.0
1993-10-06,5.7994256019592285,5.831116452243158,5.672662200823507,5.7994256019592285,107400.0,0.0,0.0
1993-10-07,5.577588081359863,5.799423970959403,5.514206398617137,5.577588081359863,68000.0,0.0,0.0
1993-10-08,5.577588081359863,5.640969764102588,5.387443033131686,5.577588081359863,75400.0,0.0,0.0
1993-10-11,5.577588081359863,5.577588081359863,5.450824715874411,5.577588081359863,64400.0,0.0,0.0
1993-10-12,5.514206886291504,5.609279418813771,5.514206886291504,5.514206886291504,93000.0,0.0,0.0
1993-10-13,5.545899868011475,5.609281580788749,5.514209011622838,5.545899868011475,39400.0,0.0,0.0
1993-10-14,5.419134616851807,5.545897999702142,5.355752925426639,5.419134616851807,118200.0,0.0,0.0
1993-10-15,5.577588081359863,5.577588081359863,5.450824715874411,5.577588081359863,167200.0,0.0,0.0
1993-10-18,5.482515335083008,5.5775878553445635,5.450824494995823,5.482515335083008,80800.0,0.0,0.0
1993-10-19,5.577588081359863,5.577588081359863,5.450824715874411,5.577588081359863,109600.0,0.0,0.0
1993-10-20,5.545899868011475,5.577590724400111,5.4825181552342,5.545899868011475,55600.0,0.0,0.0
1993-10-21,5.545899868011475,5.545899868011475,5.450827298845564,5.545899868011475,51200.0,0.0,0.0
1993-10-22,5.38744592666626,5.5459002186270325,5.38744592666626,5.38744592666626,68200.0,0.0,0.0
1993-10-25,5.38744592666626,5.419136785058415,5.165609917921179,5.38744592666626,984000.0,0.0,0.0
1993-10-26,5.545899868011475,5.545899868011475,5.3874455860682895,5.545899868011475,80200.0,0.0,0.0
1993-10-27,5.38744592666626,5.5459002186270325,5.38744592666626,5.38744592666626,55200.0,0.0,0.0
1993-10-28,5.545899868011475,5.577590724400111,5.450827298845564,5.545899868011475,87600.0,0.0,0.0
1993-10-29,5.545899868011475,5.577590724400111,5.514209011622838,5.545899868011475,308800.0,0.0,0.0
1993-11-01,5.4508280754089355,5.545900658119557,5.4508280754089355,5.4508280754089355,36200.0,0.0,0.0
1993-11-02,5.355754852294922,5.450827423637435,5.355754852294922,5.355754852294922,128200.0,0.0,0.0
1993-11-03,5.419134616851807,5.419134616851807,5.324062079714055,5.419134616851807,110600.0,0.0,0.0
1993-11-04,5.133920669555664,5.387447616200388,5.133920669555664,5.133920669555664,49000.0,0.0,0.0
1993-11-05,5.197298526763916,5.228989371439305,5.102225992737747,5.197298526763916,183000.0,0.0,0.0
1993-11-08,5.260682582855225,5.355755159653813,5.197300864989499,5.260682582855225,151600.0,0.0,0.0
1993-11-09,5.292369365692139,5.324060200217241,5.133915193066625,5.292369365692139,41400.0,0.0,0.0
1993-11-10,5.355754852294922,5.450827423637435,5.324063995180751,5.355754852294922,82600.0,0.0,0.0
1993-11-11,5.38744592666626,5.450827643450569,5.324064209881951,5.38744592666626,128200.0,0.0,0.0
1993-11-12,5.483080863952637,5.514959241068641,5.3874457326046254,5.483080863952637,433400.0,0.0625,0.0
1993-11-15,5.674351215362549,5.674351215362549,5.57871608251936,5.674351215362549,205200.0,0.0,0.0
1993-11-16,5.674351215362549,5.738107970591342,5.610594460133756,5.674351215362549,107200.0,0.0,0.0
1993-11-17,5.738109111785889,5.738109111785889,5.642473959922791,5.738109111785889,108200.0,0.0,0.0
1993-11-18,5.801864147186279,5.801864147186279,5.610593900575743,5.801864147186279,152200.0,0.0,0.0
1993-11-19,5.738109111785889,5.801865879694621,5.674352343877157,5.738109111785889,92400.0,0.0,0.0
1993-11-22,5.738109111785889,5.801865879694621,5.578717192014059,5.738109111785889,66000.0,0.0,0.0
1993-11-23,5.674351215362549,5.801864725820134,5.57871608251936,5.674351215362549,168000.0,0.0,0.0
1993-11-24,5.738109111785889,5.897501031557719,5.738109111785889,5.738109111785889,146400.0,0.0,0.0
1993-11-26,5.801864147186279,5.865620896056458,5.7381073983161,5.801864147186279,8600.0,0.0,0.0
1993-11-29,5.6424713134765625,5.833741527492717,5.61059294447387,5.6424713134765625,122200.0,0.0,0.0
1993-11-30,5.738109111785889,5.769987495740255,5.4193252722422285,5.738109111785889,229400.0,0.0,0.0
1993-12-01,5.610592365264893,5.738105828111822,5.57871399955316,5.610592365264893,117200.0,0.0,0.0
1993-12-02,5.801864147186279,5.801864147186279,5.610593900575743,5.801864147186279,71600.0,0.0,0.0
1993-12-03,5.929376125335693,6.056889590396676,5.801862660274711,5.929376125335693,119600.0,0.0,0.0
1993-12-06,5.961256980895996,5.99313536047298,5.929378601319012,5.961256980895996,78400.0,0.0,0.0
1993-12-07,5.706228256225586,5.865620106958144,5.674349886079074,5.706228256225586,90200.0,0.0,0.0
1993-12-08,5.801864147186279,5.833742521621368,5.610593900575743,5.801864147186279,34400.0,0.0,0.0
1993-12-09,5.6424713134765625,5.86561989649541,5.61059294447387,5.6424713134765625,101400.0,0.0,0.0
1993-12-10,5.610592365264893,5.738105828111822,5.610592365264893,5.610592365264893,133000.0,0.0,0.0
1993-12-13,5.610592365264893,5.674349096688357,5.355565439571034,5.610592365264893,484200.0,0.0,0.0
1993-12-14,5.610592365264893,5.801862559535286,5.610592365264893,5.610592365264893,45400.0,0.0,0.0
1993-12-15,5.706228256225586,5.769984996518609,5.6105931457860505,5.706228256225586,75000.0,0.0,0.0
1993-12-16,5.801864147186279,5.865620896056458,5.769985772751189,5.801864147186279,63600.0,0.0,0.0
1993-12-17,5.8656182289123535,5.8656182289123535,5.801861509032872,5.8656182289123535,159200.0,0.0,0.0
1993-12-20,5.833742141723633,5.865620514082778,5.801863769364488,5.833742141723633,58400.0,0.0,0.0
1993-12-21,5.801864147186279,5.801864147186279,5.6743506494459215,5.801864147186279,66400.0,0.0,0.0
1993-12-22,5.929376125335693,5.929376125335693,5.801862660274711,5.929376125335693,104600.0,0.0,0.0
1993-12-23,5.929376125335693,5.929376125335693,5.801862660274711,5.929376125335693,59200.0,0.0,0.0
1993-12-27,5.8656182289123535,5.8974965888520945,5.801861509032872,5.8656182289123535,24600.0,0.0,0.0
1993-12-28,5.8656182289123535,5.961253308731576,5.8656182289123535,5.8656182289123535,32200.0,0.0,0.0
1993-12-29,5.929376125335693,5.929376125335693,5.833741026539957,5.929376125335693,18400.0,0.0,0.0
1993-12-30,6.025012969970703,6.184404847483155,5.865621092458251,6.025012969970703,87600.0,0.0,0.0
1993-12-31,6.025012969970703,6.120648096478175,5.9612562189657226,6.025012969970703,54800.0,0.0,0.0
1994-01-03,5.833742141723633,5.99313400351936,5.833742141723633,5.833742141723633,116600.0,0.0,0.0
1994-01-04,5.833742141723633,5.865620514082778,5.769985397005342,5.833742141723633,90800.0,0.0,0.0
1994-01-05,5.801864147186279,5.865620896056458,5.769985772751189,5.801864147186279,193800.0,0.0,0.0
1994-01-06,5.833742141723633,5.865620514082778,5.801863769364488,5.833742141723633,60800.0,0.0,0.0
1994-01-07,5.8974995613098145,5.8974995613098145,5.801864433288574,5.8974995613098145,52600.0,0.0,0.0
1994-01-10,5.8656182289123535,6.0568883885508,5.8337398689726125,5.8656182289123535,50200.0,0.0,0.0
1994-01-11,5.99313497543335,6.02501335296225,5.801864710259944,5.99313497543335,105600.0,0.0,0.0
1994-01-12,6.025012969970703,6.025012969970703,5.897499467960741,6.025012969970703,140000.0,0.0,0.0
1994-01-13,5.8974995613098145,5.929377937316894,5.769986057281494,5.8974995613098145,306400.0,0.0,0.0
1994-01-14,5.961256980895996,6.025013740049964,5.865621842165044,5.961256980895996,41400.0,0.0,0.0
1994-01-17,5.8656182289123535,5.9293749487918355,5.8656182289123535,5.8656182289123535,38200.0,0.0,0.0
1994-01-18,5.8656182289123535,5.993131668671317,5.8656182289123535,5.8656182289123535,35400.0,0.0,0.0
1994-01-19,5.8974995613098145,5.929377937316894,5.833742809295654,5.8974995613098145,44400.0,0.0,0.0
1994-01-20,5.99313497543335,5.99313497543335,5.833743087788846,5.99313497543335,38800.0,0.0,0.0
1994-01-21,5.8974995613098145,6.120648193359375,5.833742809295654,5.8974995613098145,133400.0,0.0,0.0
1994-01-24,5.801864147186279,6.025012768231905,5.801864147186279,5.801864147186279,108000.0,0.0,0.0
1994-01-25,5.8974995613098145,5.8974995613098145,5.769986057281494,5.8974995613098145,44400.0,0.0,0.0
1994-01-26,5.8974995613098145,5.961256313323974,5.801864433288574,5.8974995613098145,97200.0,0.0,0.0
1994-01-27,6.05689001083374,6.088768379311812,5.929376536921451,6.05689001083374,69000.0,0.0,0.0
1994-01-28,5.961256980895996,6.120648878780916,5.961256980895996,5.961256980895996,54600.0,0.0,0.0
1994-01-31,6.05689001083374,6.280038590180246,5.929376536921451,6.05689001083374,132600.0,0.0,0.0
1994-02-01,6.088770866394043,6.216284392391824,6.056892484894598,6.088770866394043,48000.0,0.0,0.0
1994-02-02,6.152525901794434,6.152525901794434,6.025012411601803,6.152525901794434,68400.0,0.0,0.0
1994-02-03,6.025012969970703,6.088769720975685,6.025012969970703,6.025012969970703,85400.0,0.0,0.0
1994-02-04,6.05689001083374,6.05689001083374,6.025011642355667,6.05689001083374,62600.0,0.0,0.0
1994-02-07,6.088770866394043,6.120649247893488,5.929378958896816,6.088770866394043,195000.0,0.0,0.0
1994-02-08,5.99313497543335,6.120648485548952,5.961256597904448,5.99313497543335,64800.0,0.0,0.0
1994-02-09,5.835386753082275,6.059824705123901,5.835386753082275,5.835386753082275,78400.0,0.0675,0.0
1994-02-10,5.707137107849121,5.867449947957242,5.578886835762624,5.707137107849121,110800.0,0.0,0.0
1994-02-11,5.610949516296387,5.73919979095459,5.546824378967285,5.610949516296387,112400.0,0.0,0.0
1994-02-14,5.675074100494385,5.7391992315734175,5.578886403875836,5.675074100494385,83800.0,0.0,0.0
1994-02-15,5.803323745727539,5.8674488699897225,5.707136059334265,5.803323745727539,76200.0,0.0,0.0
1994-02-16,5.578882217407227,5.80332000776269,5.578882217407227,5.578882217407227,97200.0,0.0,0.0
1994-02-17,5.675074100494385,5.80332436265245,5.578886403875836,5.675074100494385,307400.0,0.0,0.0
1994-02-18,5.675074100494385,5.9956997558895475,5.675074100494385,5.675074100494385,108000.0,0.0,0.0
1994-02-22,5.803323745727539,5.931573994251905,5.6109483729409915,5.803323745727539,60600.0,0.0,0.0
1994-02-23,5.771262168884277,5.93157500690884,5.707137033674452,5.771262168884277,95800.0,0.0,0.0
1994-02-24,5.707137107849121,5.803324811913994,5.643011971805873,5.707137107849121,47400.0,0.0,0.0
1994-02-25,5.707137107849121,5.739199675870745,5.643011971805873,5.707137107849121,28000.0,0.0,0.0
1994-02-28,5.803323745727539,5.835386307858631,5.675073497203174,5.803323745727539,62200.0,0.0,0.0
1994-03-01,5.867448329925537,5.867448329925537,5.64301041566609,5.867448329925537,134200.0,0.0,0.0
1994-03-02,5.643010139465332,5.835385485128923,5.578885024244135,5.643010139465332,144600.0,0.0,0.0
1994-03-03,5.675074100494385,5.675074100494385,5.610948969415352,5.675074100494385,89000.0,0.0,0.0
1994-03-04,5.610949516296387,5.707137222290039,5.578886947631836,5.610949516296387,149200.0,0.0,0.0
1994-03-07,5.643010139465332,5.707135254686529,5.5147599090229384,5.643010139465332,73200.0,0.0,0.0
1994-03-08,5.482696533203125,5.675071850157621,5.450633980377376,5.482696533203125,316000.0,0.0,0.0
1994-03-09,5.610949516296387,5.675074653625488,5.35444896697998,5.610949516296387,298600.0,0.0,0.0
1994-03-10,5.578882217407227,5.610944758886578,5.482694592969171,5.578882217407227,123800.0,0.0,0.0
1994-03-11,5.643010139465332,5.643010139465332,5.578885024244135,5.643010139465332,90600.0,0.0,0.0
1994-03-14,5.643010139465332,5.739197812297127,5.610947581854734,5.643010139465332,165000.0,0.0,0.0
1994-03-15,5.610949516296387,5.73919979095459,5.610949516296387,5.610949516296387,167600.0,0.0,0.0
1994-03-16,5.610949516296387,5.707137222290039,5.450636672973633,5.610949516296387,341400.0,0.0,0.0
1994-03-17,5.643010139465332,5.707135254686529,5.578885024244135,5.643010139465332,291800.0,0.0,0.0
1994-03-18,5.739197731018066,5.739197731018066,5.546822388078914,5.739197731018066,252800.0,0.0,0.0
1994-03-21,5.675074100494385,5.707136666033901,5.578886403875836,5.675074100494385,170000.0,0.0,0.0
1994-03-22,5.675074100494385,5.707136666033901,5.514761272796804,5.675074100494385,113200.0,0.0,0.0
1994-03-23,5.675074100494385,5.707136666033901,5.643011534954868,5.675074100494385,60400.0,0.0,0.0
1994-03-24,5.610949516296387,5.707137222290039,5.578886947631836,5.610949516296387,150200.0,0.0,0.0
1994-03-25,5.643010139465332,5.707135254686529,5.578885024244135,5.643010139465332,67800.0,0.0,0.0
1994-03-28,5.803323745727539,5.803323745727539,5.643010935072082,5.803323745727539,123800.0,0.0,0.0
1994-03-29,5.643010139465332,6.0918859460137105,5.643010139465332,5.643010139465332,255000.0,0.0,0.0
1994-03-30,5.418574810028076,5.707137965591701,5.386512237187674,5.418574810028076,195000.0,0.0,0.0
1994-03-31,5.610949516296387,5.6430120849609375,5.258261260986329,5.610949516296387,239000.0,0.0,0.0
1994-04-04,5.3865132331848145,5.7712641784123,5.3544506544158565,5.3865132331848145,226800.0,0.0,0.0
1994-04-05,5.45063591003418,5.5147610383875225,5.3544482175041646,5.45063591003418,184000.0,0.0,0.0
1994-04-06,5.514760494232178,5.546823055245156,5.418572811193244,5.514760494232178,63800.0,0.0,0.0
1994-04-07,5.546821594238281,5.578884146806133,5.482696489102579,5.546821594238281,87200.0,0.0,0.0
1994-04-08,5.514760494232178,5.546823055245156,5.4826979332192,5.514760494232178,59000.0,0.0,0.0
1994-04-11,5.578882217407227,5.578882217407227,5.514757134448523,5.578882217407227,36200.0,0.0,0.0
1994-04-12,5.546821594238281,5.610946699373984,5.51475904167043,5.546821594238281,36400.0,0.0,0.0
1994-04-13,5.546821594238281,5.578884146806133,5.51475904167043,5.546821594238281,64000.0,0.0,0.0
1994-04-14,5.578882217407227,5.610944758886578,5.514757134448523,5.578882217407227,46000.0,0.0,0.0
1994-04-15,5.643010139465332,5.7712603699077265,5.578885024244135,5.643010139465332,130400.0,0.0,0.0
1994-04-18,5.546821594238281,5.675071804509686,5.51475904167043,5.546821594238281,53600.0,0.0,0.0
1994-04-19,5.675074100494385,5.7391992315734175,5.514761272796804,5.675074100494385,53000.0,0.0,0.0
1994-04-20,5.675074100494385,5.7391992315734175,5.643011534954868,5.675074100494385,104400.0,0.0,0.0
1994-04-21,5.835386753082275,5.835386753082275,5.578886236463274,5.835386753082275,122400.0,0.0,0.0
1994-04-22,5.931572914123535,5.963635470416095,5.835385245245856,5.931572914123535,144000.0,0.0,0.0
1994-04-25,5.995698928833008,5.995698928833008,5.867448684365992,5.995698928833008,77800.0,0.0,0.0
1994-04-26,5.931572914123535,5.995698026708655,5.931572914123535,5.931572914123535,143600.0,0.0,0.0
1994-04-28,5.963635444641113,5.995698000795097,5.963635444641113,5.963635444641113,158200.0,0.0,0.0
1994-04-29,5.995698928833008,6.059824051066516,5.963636367716254,5.995698928833008,48200.0,0.0,0.0
1994-05-02,6.027763366699219,6.059825937798682,5.995700795599755,6.027763366699219,49800.0,0.0,0.0
1994-05-03,6.188074111938477,6.188074111938477,6.027761311111055,6.188074111938477,157000.0,0.0,0.0
1994-05-04,6.156011581420898,6.188074141740799,6.059823900461197,6.156011581420898,109800.0,0.0,0.0
1994-05-05,6.1239495277404785,6.156012090712942,6.059824401795552,6.1239495277404785,48600.0,0.0,0.0
1994-05-06,6.0918869972229,6.0918869972229,6.027761870936343,6.0918869972229,56600.0,0.0,0.0
1994-05-09,5.995698928833008,6.123949173300025,5.995698928833008,5.995698928833008,66000.0,0.0,0.0
1994-05-10,5.995698928833008,6.059824051066516,5.963636367716254,5.995698928833008,94000.0,0.0,0.0
1994-05-11,5.899507999420166,5.963633086370385,5.835382912469947,5.899507999420166,115600.0,0.0,0.0
1994-05-12,5.899507999420166,5.963633086370385,5.7712578255197275,5.899507999420166,120000.0,0.0,0.0
1994-05-13,5.835386753082275,5.899511882237025,5.8033241885049,5.835386753082275,123200.0,0.0,0.0
1994-05-16,5.644443988800049,5.837967782701765,5.644443988800049,5.644443988800049,164000.0,0.0675,0.0
1994-05-17,5.999235153198242,5.999235153198242,5.5799337715230966,5.999235153198242,101400.0,0.0,0.0
1994-05-18,6.031490325927734,6.031490325927734,5.870220531116832,6.031490325927734,77000.0,0.0,0.0
1994-05-19,6.192759037017822,6.192759037017822,6.095997177064419,6.192759037017822,426000.0,0.0,0.0
1994-05-20,6.321775913238525,6.450791748202577,6.192760078274474,6.321775913238525,273800.0,0.0,0.0
1994-05-23,6.160506725311279,6.289522572961777,6.160506725311279,6.160506725311279,60200.0,0.0,0.0
1994-05-24,6.225013732910156,6.289521647240831,6.128251861414143,6.225013732910156,95600.0,0.0,0.0
1994-05-25,6.321775913238525,6.321775913238525,6.2250140370154865,6.321775913238525,61800.0,0.0,0.0
1994-05-26,6.418539047241211,6.418539047241211,6.289523186995157,6.418539047241211,172200.0,0.0,0.0
1994-05-27,6.418539047241211,6.450793012302725,6.386285082179698,6.418539047241211,245600.0,0.0,0.0
1994-05-31,6.321775913238525,6.48304570694359,6.321775913238525,6.321775913238525,93800.0,0.0,0.0
1994-06-01,6.321775913238525,6.386283830720551,6.257267995756499,6.321775913238525,91200.0,0.0,0.0
1994-06-02,6.257265090942383,6.38628086601336,6.128249315871406,6.257265090942383,63800.0,0.0,0.0
1994-06-03,6.418539047241211,6.418539047241211,6.257269221933643,6.418539047241211,34400.0,0.0,0.0
1994-06-06,6.225013732910156,6.418537475902181,6.225013732910156,6.225013732910156,62400.0,0.0,0.0
1994-06-07,6.289523601531982,6.321777568719326,6.160507732782609,6.289523601531982,38000.0,0.0,0.0
1994-06-08,6.354031562805176,6.354031562805176,6.192761726185755,6.354031562805176,47800.0,0.0,0.0
1994-06-09,6.418539047241211,6.450793012302725,6.22501525687213,6.418539047241211,103800.0,0.0,0.0
1994-06-10,6.192759037017822,6.418536710242431,6.063743223746617,6.192759037017822,125600.0,0.0,0.0
1994-06-13,6.160506725311279,6.192760687223903,6.128252763398654,6.160506725311279,94200.0,0.0,0.0
1994-06-14,6.192759037017822,6.192759037017822,6.12825113038222,6.192759037017822,96800.0,0.0,0.0
1994-06-15,6.160506725311279,6.192760687223903,5.966982953835532,6.160506725311279,127400.0,0.0,0.0
1994-06-16,6.095999240875244,6.19276113358755,5.999237348162938,6.095999240875244,94400.0,0.0,0.0
1994-06-17,6.128252029418945,6.192759945518092,6.0959980713693716,6.128252029418945,209200.0,0.0,0.0
1994-06-20,6.095999240875244,6.128253205112679,5.999237348162938,6.095999240875244,48200.0,0.0,0.0
1994-06-21,5.902474403381348,6.1605060712887285,5.902474403381348,5.902474403381348,70200.0,0.0,0.0
1994-06-22,5.902474403381348,5.999236278846615,5.870220444892925,5.902474403381348,105400.0,0.0,0.0
1994-06-23,5.934724807739258,5.99923268608425,5.870216929394266,5.934724807739258,135800.0,0.0,0.0
1994-06-24,5.934724807739258,5.966978746911754,5.934724807739258,5.934724807739258,91000.0,0.0,0.0
1994-06-27,5.934724807739258,5.966978746911754,5.902470868566762,5.934724807739258,52600.0,0.0,0.0
1994-06-28,5.7734575271606445,5.934727290489154,5.70894962182924,5.7734575271606445,53200.0,0.0,0.0
1994-06-29,5.7734575271606445,5.837965432492048,5.741203574494942,5.7734575271606445,281600.0,0.0,0.0
1994-06-30,5.741205215454102,5.773459177338675,5.644443329800381,5.741205215454102,81600.0,0.0,0.0
1994-07-01,5.902474403381348,5.902474403381348,5.708950652450811,5.902474403381348,62600.0,0.0,0.0
1994-07-05,5.934724807739258,5.966978746911754,5.870216929394266,5.934724807739258,55800.0,0.0,0.0
1994-07-06,5.870221138000488,5.934729062593901,5.870221138000488,5.870221138000488,23400.0,0.0,0.0
1994-07-07,5.934724807739258,5.99923268608425,5.83796299022177,5.934724807739258,27200.0,0.0,0.0
1994-07-08,5.870221138000488,5.966983024890607,5.870221138000488,5.870221138000488,74600.0,0.0,0.0
1994-07-11,5.805713176727295,5.902475063006083,5.805713176727295,5.805713176727295,62200.0,0.0,0.0
1994-07-12,5.902474403381348,5.999236278846615,5.8057125279160795,5.902474403381348,44800.0,0.0,0.0
1994-07-13,5.870221138000488,6.095998874077431,5.870221138000488,5.870221138000488,37400.0,0.0,0.0
1994-07-14,6.063745975494385,6.063745975494385,5.87022216776584,6.063745975494385,50600.0,0.0,0.0
1994-07-15,6.160506725311279,6.160506725311279,6.031490877660781,6.160506725311279,57800.0,0.0,0.0
1994-07-18,6.095999240875244,6.19276113358755,6.063745276637809,6.095999240875244,28000.0,0.0,0.0
1994-07-19,6.192759037017822,6.289520896971226,6.095997177064419,6.192759037017822,134600.0,0.0,0.0
1994-07-20,6.063745975494385,6.225015815268172,6.063745975494385,6.063745975494385,68800.0,0.0,0.0
1994-07-21,6.192759037017822,6.192759037017822,6.063743223746617,6.192759037017822,77400.0,0.0,0.0
1994-07-22,6.225013732910156,6.225013732910156,6.128251861414143,6.225013732910156,506600.0,0.0,0.0
1994-07-25,6.289523601531982,6.289523601531982,6.192761699969952,6.289523601531982,165600.0,0.0,0.0
1994-07-26,6.225013732910156,6.257267690075493,6.192759775744818,6.225013732910156,15800.0,0.0,0.0
1994-07-27,6.321775913238525,6.321775913238525,6.160506119533461,6.321775913238525,20600.0,0.0,0.0
1994-07-28,6.386281967163086,6.386281967163086,6.25726616984666,6.386281967163086,55800.0,0.0,0.0
1994-07-29,6.354031562805176,6.418539497452944,6.321777595481292,6.354031562805176,151400.0,0.0,0.0
1994-08-01,6.321775913238525,6.321775913238525,6.289521954497513,6.321775913238525,31200.0,0.0,0.0
1994-08-02,6.225013732910156,6.321775604406168,6.225013732910156,6.225013732910156,94400.0,0.0,0.0
1994-08-03,6.192759037017822,6.257266943653424,6.12825113038222,6.192759037017822,131200.0,0.0,0.0
1994-08-04,6.160506725311279,6.257268611049152,6.160506725311279,6.160506725311279,17000.0,0.0,0.0
1994-08-05,6.192759037017822,6.192759037017822,6.063743223746617,6.192759037017822,66200.0,0.0,0.0
1994-08-08,6.192759037017822,6.257266943653424,6.12825113038222,6.192759037017822,18600.0,0.0,0.0
1994-08-09,6.289523601531982,6.321777568719326,6.192761699969952,6.289523601531982,75800.0,0.0,0.0
1994-08-10,6.321775913238525,6.450791748202577,6.321775913238525,6.321775913238525,188800.0,0.0,0.0
1994-08-11,6.354031562805176,6.354031562805176,6.289523628157407,6.354031562805176,71800.0,0.0,0.0
1994-08-12,6.450796127319336,6.450796127319336,6.2895262241363525,6.450796127319336,122400.0,0.0,0.0
1994-08-15,6.323671340942383,6.485816759940906,6.323671340942383,6.323671340942383,61200.0,0.0675,0.0
1994-08-16,6.388530731201172,6.420959821207269,6.2263852811706855,6.388530731201172,83400.0,0.0,0.0
1994-08-17,6.226383686065674,6.356100012858709,6.193954604367415,6.226383686065674,41600.0,0.0,0.0
1994-08-18,6.226383686065674,6.226383686065674,6.129096440970898,6.226383686065674,129000.0,0.0,0.0
1994-08-19,6.161525249481201,6.29124157052291,5.902092607397782,6.161525249481201,53800.0,0.0,0.0
1994-08-22,6.129096508026123,6.129096508026123,6.031809261866978,6.129096508026123,129200.0,0.0,0.0
1994-08-23,6.356098651885986,6.420956801395027,6.161524203358865,6.356098651885986,540800.0,0.0,0.0
1994-08-24,6.48581600189209,6.48581600189209,6.323670601844788,6.48581600189209,158200.0,0.0,0.0
1994-08-25,6.420955181121826,6.518242380835793,6.420955181121826,6.420955181121826,110200.0,0.0,0.0
1994-08-26,6.518246650695801,6.6155339141390215,6.485817562881394,6.518246650695801,236800.0,0.0,0.0
1994-08-29,6.5506720542907715,6.615530193442165,6.45338484556368,6.5506720542907715,84800.0,0.0,0.0
1994-08-30,6.453388214111328,6.550675473620545,6.420959127608256,6.453388214111328,61400.0,0.0,0.0
1994-08-31,6.356098651885986,6.550673100413109,6.356098651885986,6.356098651885986,160800.0,0.0,0.0
1994-09-01,6.420955181121826,6.518242380835793,6.258809848265215,6.420955181121826,100200.0,0.0,0.0
1994-09-02,6.356098651885986,6.583102175167629,6.356098651885986,6.356098651885986,76400.0,0.0,0.0
1994-09-06,6.48581600189209,6.48581600189209,6.323670601844788,6.48581600189209,78200.0,0.0,0.0
1994-09-07,6.518246650695801,6.550675738510208,6.453388475066987,6.518246650695801,134400.0,0.0,0.0
1994-09-08,6.518246650695801,6.6155339141390215,6.485817562881394,6.518246650695801,61400.0,0.0,0.0
1994-09-09,6.291238307952881,6.518241752054274,6.258809244509824,6.291238307952881,59200.0,0.0,0.0
1994-09-12,6.388530731201172,6.388530731201172,6.2263852811706855,6.388530731201172,49600.0,0.0,0.0
1994-09-13,6.388530731201172,6.453388911213366,6.356101641195075,6.388530731201172,60600.0,0.0,0.0
1994-09-14,6.356098651885986,6.4533858761495475,6.193953278113385,6.356098651885986,182000.0,0.0,0.0
1994-09-15,6.5506720542907715,6.5506720542907715,6.420955775987983,6.5506720542907715,24400.0,0.0,0.0
1994-09-16,6.518246650695801,6.6155339141390215,6.42095938725258,6.518246650695801,223200.0,0.0,0.0
1994-09-19,6.518246650695801,6.680392089767835,6.485817562881394,6.518246650695801,149000.0,0.0,0.0
1994-09-20,6.356098651885986,6.518244025658588,6.356098651885986,6.356098651885986,207600.0,0.0,0.0
1994-09-21,6.388530731201172,6.420959821207269,6.29124346118288,6.388530731201172,89000.0,0.0,0.0
1994-09-22,6.48581600189209,6.518245081901551,6.388528761863709,6.48581600189209,69800.0,0.0,0.0
1994-09-23,6.647960662841797,6.680389739245903,6.453386204417159,6.647960662841797,49600.0,0.0,0.0
1994-09-26,6.48581600189209,6.6479614019393924,6.48581600189209,6.48581600189209,94000.0,0.0,0.0
1994-09-27,6.453388214111328,6.518246387117473,6.388530041105184,6.453388214111328,117800.0,0.0,0.0
1994-09-28,6.420955181121826,6.485813314264471,6.420955181121826,6.420955181121826,81000.0,0.0,0.0
1994-09-29,6.420955181121826,6.4533842476931484,6.420955181121826,6.420955181121826,32400.0,0.0,0.0
1994-09-30,6.420955181121826,6.485813314264471,6.388526114550504,6.420955181121826,72000.0,0.0,0.0
1994-10-03,6.356098651885986,6.4533858761495475,6.323669577131466,6.356098651885986,123200.0,0.0,0.0
1994-10-04,6.226383686065674,6.420958176255226,6.226383686065674,6.226383686065674,305000.0,0.0,0.0
1994-10-05,6.193955898284912,6.291243163702999,5.9669522789760405,6.193955898284912,130000.0,0.0,0.0
1994-10-06,5.999379634857178,6.226383188608531,5.999379634857178,5.999379634857178,45400.0,0.0,0.0
1994-10-07,6.064239978790283,6.064239978790283,5.9345236156076036,6.064239978790283,723800.0,0.0,0.0
1994-10-10,6.096665859222412,6.096665859222412,6.064236785503144,6.096665859222412,14800.0,0.0,0.0
1994-10-11,6.193955898284912,6.193955898284912,6.096668632866824,6.193955898284912,166000.0,0.0,0.0
1994-10-12,6.291238307952881,6.291238307952881,6.1290929907376,6.291238307952881,94800.0,0.0,0.0
1994-10-13,6.388530731201172,6.388530731201172,6.323672551188977,6.388530731201172,53400.0,0.0,0.0
1994-10-14,6.420955181121826,6.518242380835793,6.388526114550504,6.420955181121826,152800.0,0.0,0.0
1994-10-17,6.193955898284912,6.420959517593783,6.12909772133952,6.193955898284912,74200.0,0.0,0.0
1994-10-18,6.161525249481201,6.258812490262483,6.161525249481201,6.161525249481201,175400.0,0.0,0.0
1994-10-19,6.388530731201172,6.388530731201172,6.161527101158491,6.388530731201172,245400.0,0.0,0.0
1994-10-20,6.388530731201172,6.388530731201172,6.258814371176783,6.388530731201172,191400.0,0.0,0.0
1994-10-21,6.388530731201172,6.388530731201172,6.323672551188977,6.388530731201172,54400.0,0.0,0.0
1994-10-24,6.420955181121826,6.550671447407115,6.356097047979182,6.420955181121826,209800.0,0.0,0.0
1994-10-25,6.356098651885986,6.518244025658588,6.323669577131466,6.356098651885986,98400.0,0.0,0.0
1994-10-26,6.226383686065674,6.32367093116045,6.193954604367415,6.226383686065674,41400.0,0.0,0.0
1994-10-27,6.226383686065674,6.291241849462192,6.193954604367415,6.226383686065674,64200.0,0.0,0.0
1994-10-28,6.453388214111328,6.518246387117473,6.226384608589824,6.453388214111328,146400.0,0.0,0.0
1994-10-31,6.485813314264471,6.550671447407115,6.420955181121826,6.420955181121826,285600.0,0.0,0.0
1994-11-01,6.356099681854248,6.48581600189209,6.356099681854248,6.48581600189209,53800.0,0.0,0.0
1994-11-02,6.423552399858741,6.518504546781935,6.259071899751268,6.388788223266602,112400.0,0.0,0.0
1994-11-03,6.392419057265958,6.420956801395027,6.2912405023769455,6.356098651885986,64800.0,0.0,0.0
1994-11-04,6.388787864703069,6.388787864703069,6.194213390350342,6.194213390350342,56400.0,0.0,0.0
1994-11-07,6.226383258148407,6.323929786682129,6.194213468804037,6.323929786682129,18000.0,0.0,0.0
1994-11-08,6.324964316209234,6.356096434838993,6.2263801810667685,6.291238307952881,42600.0,0.0,0.0
1994-11-09,6.324967442011224,6.420957734965544,6.259071627743083,6.323929786682129,61200.0,0.0,0.0
1994-11-10,6.324967876703833,6.356100012858709,6.226383686065674,6.226383686065674,57000.0,0.0,0.0
1994-11-11,6.291240072720797,6.291240072720797,6.096665637482009,6.129354000091553,98200.0,0.0,0.0
1994-11-14,6.131704752068771,6.2298118847722534,6.131704752068771,6.196935653686523,41400.0,0.0675,0.0
1994-11-15,6.199546632228858,6.262168255058756,6.131706416411698,6.229813575744629,197800.0,0.0,0.0
1994-11-16,6.19954442274252,6.2621660232543945,6.131704231103261,6.2621660232543945,80000.0,0.0,0.0
1994-11-17,6.295044495068158,6.295044495068158,6.229813575744629,6.229813575744629,340200.0,0.0,0.0
1994-11-18,6.262164938432987,6.262164938432987,6.1317031688823,6.164579391479492,64600.0,0.0,0.0
1994-11-21,6.1682323051014025,6.2298102762548355,6.1317031688823,6.164579391479492,159000.0,0.0,0.0
1994-11-22,6.19954442274252,6.2950422515468745,6.131704231103261,6.2621660232543945,89400.0,0.0,0.0
1994-11-23,6.229810355484242,6.229810355484242,6.034117698669434,6.034117698669434,204000.0,0.0,0.0
1994-11-25,6.066471125768579,6.066471125768579,6.001240253448486,6.001240253448486,21600.0,0.0,0.0
1994-11-28,5.938621347452844,6.066473854998811,5.936012051665503,5.968888282775879,49200.0,0.0,0.0
1994-11-29,5.969933078317679,6.0012441362653455,5.903658544806863,5.936013221740723,119200.0,0.0,0.0
1994-11-30,5.968889933181524,5.968889933181524,5.773197174072266,5.773197174072266,139400.0,0.0,0.0
1994-12-01,5.838424266862353,5.838424266862353,5.675086294318654,5.707962512969971,113800.0,0.0,0.0
1994-12-02,5.709006778046015,5.7731940438780756,5.64273227520756,5.7403178215026855,109200.0,0.0,0.0
1994-12-05,5.740319198436952,5.838426328680623,5.675088298454714,5.8055500984191895,91000.0,0.0,0.0
1994-12-06,5.808160128435013,5.903657975032026,5.642734342115838,5.8384270668029785,39600.0,0.0,0.0
1994-12-07,5.8081611500834684,5.838428093775351,5.675090014168482,5.773197174072266,52400.0,0.0,0.0
1994-12-08,5.839471096189375,5.9360130661308625,5.805551240501613,5.903658390045166,66800.0,0.0,0.0
1994-12-09,5.870779991149902,5.870779991149902,5.773194438189643,5.870779991149902,150400.0,0.0,0.0
1994-12-12,5.870779704444256,6.0664723612590645,5.870779704444256,6.034117698669434,61200.0,0.0,0.0
1994-12-13,6.037769382692678,6.066471125768579,5.870778508808302,6.001240253448486,131800.0,0.0,0.0
1994-12-14,6.069081656403921,6.099348584274369,5.968886813064497,6.034117698669434,108000.0,0.0,0.0
1994-12-15,6.037769382692678,6.066471125768579,6.001240253448486,6.001240253448486,42000.0,0.0,0.0
1994-12-16,6.100393700316444,6.262166555304276,6.066473850451017,6.196935653686523,268200.0,0.0,0.0
1994-12-19,6.168233118345498,6.3602728843688965,6.1317039773102495,6.3602728843688965,78600.0,0.0,0.0
1994-12-20,6.392624392951887,6.392624392951887,6.262162670646746,6.327393531799316,92400.0,0.0,0.0
1994-12-21,6.360275414391686,6.360275414391686,6.196937335735227,6.229813575744629,302800.0,0.0,0.0
1994-12-22,6.2298118847722534,6.2298118847722534,6.1645809831545,6.196935653686523,114600.0,0.0,0.0
1994-12-23,6.230853894765073,6.262164938432987,6.099348506704149,6.164579391479492,49800.0,0.0,0.0
1994-12-27,6.168235500528089,6.295044422149658,6.131706345385222,6.295044422149658,47600.0,0.0,0.0
1994-12-28,6.327393531799316,6.327393531799316,6.196931809494176,6.327393531799316,85200.0,0.0,0.0
1994-12-29,6.298691793637153,6.360269742490683,6.262162670646746,6.327393531799316,51200.0,0.0,0.0
1994-12-30,6.2621660232543945,6.327396919329961,6.2621660232543945,6.2621660232543945,56200.0,0.0,0.0
1995-01-03,6.199541103660915,6.327393531799316,6.131700948341606,6.327393531799316,75800.0,0.0,0.0
1995-01-04,6.327393531799316,6.327393531799316,6.262162670646746,6.327393531799316,20200.0,0.0,0.0
1995-01-05,6.2950422515468745,6.2950422515468745,6.196935127178827,6.2621660232543945,40200.0,0.0,0.0
1995-01-06,6.2621660232543945,6.2950422515468745,6.131704231103261,6.2621660232543945,138600.0,0.0,0.0
1995-01-09,6.199546632228858,6.229813575744629,6.099351737097572,6.229813575744629,66600.0,0.0,0.0
1995-01-10,6.199544949471908,6.3273974569220295,6.196935653686523,6.196935653686523,56800.0,0.0,0.0
1995-01-11,6.196935546040571,6.196935546040571,6.001242844586658,6.0993499755859375,100200.0,0.0,0.0
1995-01-12,6.100393594347506,6.131704645555933,6.0664737450712956,6.0993499755859375,79800.0,0.0,0.0
1995-01-13,6.168233373650461,6.2621660232543945,6.099349563320175,6.2621660232543945,132600.0,0.0,0.0
1995-01-16,6.2308555035519495,6.262166555304276,6.196935653686523,6.196935653686523,48600.0,0.0,0.0
1995-01-17,6.1995465604165565,6.327399101089005,6.196937263953149,6.295044422149658,230600.0,0.0,0.0
1995-01-18,6.2621660232543945,6.2950422515468745,6.196935127178827,6.2621660232543945,235600.0,0.0,0.0
1995-01-19,6.262165764061532,6.3602728843688965,6.262165764061532,6.3602728843688965,453000.0,0.0,0.0
1995-01-20,6.360273147622441,6.360273147622441,6.2621660232543945,6.2621660232543945,359400.0,0.0,0.0
1995-01-23,6.199546881234805,6.4578612724105335,6.196937584636371,6.425506591796875,460400.0,0.0,0.0
1995-01-24,6.429156691848062,6.490734671120178,6.3273966574371725,6.3602728843688965,105200.0,0.0,0.0
1995-01-25,6.392627239227295,6.425503464556585,6.360272574360389,6.392627239227295,74000.0,0.0,0.0
1995-01-26,6.392627458291507,6.490734577178955,6.327396565859961,6.490734577178955,192200.0,0.0,0.0
1995-01-27,6.523089019619689,6.555965244948979,6.392627239227295,6.392627239227295,76400.0,0.0,0.0
1995-01-30,6.429160051926447,6.555968990848487,6.4255071359137945,6.523092746734619,129600.0,0.0,0.0
1995-01-31,6.523086350683126,6.588317214189957,6.523086350683126,6.555962562561035,80000.0,0.0,0.0
1995-02-01,6.559620051797023,6.588321811020976,6.392629083960947,6.457859992980957,72600.0,0.0,0.0
1995-02-02,6.523089269989902,6.7187819480896,6.523089269989902,6.7187819480896,100800.0,0.0,0.0
1995-02-03,6.653550846586836,6.816888853451885,6.555965290840636,6.751657962799072,162600.0,0.0,0.0
1995-02-06,6.784010410308838,6.784010410308838,6.718779540978946,6.784010410308838,47400.0,0.0,0.0
1995-02-07,6.7840113321940105,6.849242210388184,6.686425795085961,6.849242210388184,64600.0,0.0,0.0
1995-02-08,6.8256154153861255,6.858693253575207,6.6943535804748535,6.6943535804748535,182200.0,0.08,0.0
1995-02-09,6.7626115464638925,6.8912481179113225,6.727433161299806,6.858695030212402,50800.0,0.0,0.0
1995-02-10,6.8623703465187775,6.9243259646687,6.759986248998726,6.858695030212402,185200.0,0.0,0.0
1995-02-13,6.89387341537649,7.022509986823919,6.825617183455024,6.858695030212402,76200.0,0.0,0.0
1995-02-14,6.956876161737666,7.055584901937181,6.956876161737666,6.989953994750977,133800.0,0.0,0.0
1995-02-15,6.989958902533064,6.989958902533064,6.924327949266129,6.956881046295166,132200.0,0.0,0.0
1995-02-16,6.9936297877256814,7.0555853843688965,6.924323561021348,7.0555853843688965,198200.0,0.0,0.0
1995-02-17,7.088138580322266,7.186847328935983,7.088138580322266,7.153769493103027,203200.0,0.0,0.0
1995-02-21,7.121218833853257,7.121218833853257,6.989956963727513,7.022510051727295,125400.0,0.0,0.0
1995-02-22,7.025130128547971,7.186844428070698,7.022504833009507,7.088135719299316,205400.0,0.0,0.0
1995-02-23,7.121218204498291,7.121218204498291,7.055587275235712,7.121218204498291,242800.0,0.0,0.0
1995-02-24,7.1248917312477715,7.153769493103027,7.121216416155221,7.153769493103027,219400.0,0.0,0.0
1995-02-27,7.1537712896211145,7.1537712896211145,7.055587275235712,7.121218204498291,232200.0,0.0,0.0
1995-02-28,7.056637293993827,7.1537712896211145,7.055587275235712,7.121218204498291,255000.0,0.0,0.0
1995-03-01,7.1248917312477715,7.219400405883789,7.088138580322266,7.219400405883789,270800.0,0.0,0.0
1995-03-02,7.219402218883694,7.219402218883694,7.088140360358536,7.121218204498291,64200.0,0.0,0.0
1995-03-03,7.088140360358536,7.121218204498291,6.989956345973132,7.121218204498291,67600.0,0.0,0.0
1995-03-06,7.121216296042671,7.121216296042671,6.956876637420086,7.0555853843688965,62200.0,0.0,0.0
1995-03-07,6.989955433173704,6.989955433173704,6.825615751969466,6.9243245124816895,72600.0,0.0,0.0
1995-03-08,6.956881046295166,6.989958902533064,6.8256191397612955,6.956881046295166,132400.0,0.0,0.0
1995-03-09,6.925373696307361,7.153769493103027,6.924323677812936,7.153769493103027,369600.0,0.0,0.0
1995-03-10,7.219401350966445,7.35066319371129,7.219401350966445,7.285032272338867,84400.0,0.0,0.0
1995-03-13,7.287659820722737,7.318112373352051,7.186850490055296,7.318112373352051,155000.0,0.0,0.0
1995-03-14,7.319164770558066,7.5475607420268815,7.318114751260605,7.481929779052734,151200.0,0.0,0.0
1995-03-15,7.481924057006836,7.580632805620553,7.3506622314453125,7.547554969787598,132600.0,0.0,0.0
1995-03-16,7.581685542973087,7.646266460418701,7.547557676407159,7.646266460418701,147200.0,0.0,0.0
1995-03-17,7.646263596250342,7.646263596250342,7.350662114016647,7.449370861053467,319600.0,0.0,0.0
1995-03-20,7.4189184408242,7.547554969787598,7.416293144226074,7.547554969787598,273400.0,0.0,0.0
1995-03-21,7.518677088868578,7.711894509058573,7.481923938525084,7.5150017738342285,110000.0,0.0,0.0
1995-03-22,7.550182973946739,7.678819549040327,7.547557676407159,7.646266460418701,185200.0,0.0,0.0
1995-03-23,7.613188612723743,7.711897396735285,7.613188612723743,7.646266460418701,96400.0,0.0,0.0
1995-03-24,7.613189632609739,7.744451522827148,7.613189632609739,7.744451522827148,154800.0,0.0,0.0
1995-03-27,7.744448189042572,7.810079105898866,7.6131863553299866,7.678817272186279,87400.0,0.0,0.0
1995-03-28,7.678821123879531,7.678821123879531,7.613190174102783,7.613190174102783,100600.0,0.0,0.0
1995-03-29,7.649937023418936,7.744445673222139,7.613183882150577,7.711892604827881,138000.0,0.0,0.0
1995-03-30,7.744445673222139,7.777523500363662,7.6462617092921,7.711892604827881,63400.0,0.0,0.0
1995-03-31,7.744445673222139,7.744445673222139,7.6462617092921,7.711892604827881,59400.0,0.0,0.0
1995-04-03,7.6814464219575305,7.7118989783583825,7.613190174102783,7.613190174102783,69000.0,0.0,0.0
1995-04-04,7.681440073594668,7.711892604827881,7.613183882150577,7.711892604827881,155800.0,0.0,0.0
1995-04-05,7.68144256894743,7.711895110073294,7.6131863553299866,7.678817272186279,44000.0,0.0,0.0
1995-04-06,7.678819549040327,7.678819549040327,7.613188612723743,7.646266460418701,49800.0,0.0,0.0
1995-04-07,7.646268028581634,7.646268028581634,7.481928274549286,7.613190174102783,223800.0,0.0,0.0
1995-04-10,7.581683658899345,7.613186720821384,7.547555800814303,7.580633640289307,60800.0,0.0,0.0
1995-04-11,7.550180146823085,7.613185762007981,7.481923938525084,7.5150017738342285,93400.0,0.0,0.0
1995-04-12,7.4504266965063595,7.481929779052734,7.285036890130295,7.481929779052734,290200.0,0.0,0.0
1995-04-13,7.481929779052734,7.481929779052734,7.416298816078588,7.481929779052734,55400.0,0.0,0.0
1995-04-17,7.481925019120748,7.481925019120748,7.3837410167665265,7.416294097900391,59200.0,0.0,0.0
1995-04-18,7.4189193948361085,7.449371937986884,7.350663176680033,7.416294097900391,97200.0,0.0,0.0
1995-04-19,7.4504208795311175,7.48192393748123,7.350662114016647,7.449370861053467,48000.0,0.0,0.0
1995-04-20,7.418917842142704,7.4493703789201176,7.318108563950977,7.383739471435547,84000.0,0.0,0.0
1995-04-21,7.383742884416676,7.383742884416676,7.1537722225001374,7.186850070953369,267600.0,0.0,0.0
1995-04-24,7.252478241716744,7.252478241716744,7.088138580322266,7.153769493103027,262800.0,0.0,0.0
1995-04-25,7.219404084719808,7.318112883633173,7.1868509911837215,7.252481937408447,120200.0,0.0,0.0
1995-04-26,7.219400405883789,7.219400405883789,6.956876754760742,7.219400405883789,187000.0,0.0,0.0
1995-04-27,7.156394789701153,7.219400405883789,7.022507667541504,7.219400405883789,234600.0,0.0,0.0
1995-04-28,7.187898288389038,7.35066319371129,7.088139508221601,7.285032272338867,95600.0,0.0,0.0
1995-05-01,7.287656027173564,7.383739471435547,7.186846748981837,7.383739471435547,186400.0,0.0,0.0
1995-05-02,7.3837433150004275,7.3837433150004275,7.318112373352051,7.318112373352051,181400.0,0.0,0.0
1995-05-03,7.350661638271861,7.515001286404687,7.350661638271861,7.383739471435547,114000.0,0.0,0.0
1995-05-04,7.287656027173564,7.515001286404687,7.28503073078729,7.383739471435547,97600.0,0.0,0.0
1995-05-05,7.449374256648805,7.449374256648805,7.28503452296988,7.318112373352051,278200.0,0.0,0.0
1995-05-08,7.256156748412804,7.3837433150004275,7.186850490055296,7.318112373352051,207200.0,0.0,0.0
1995-05-09,7.318109154497506,7.318109154497506,7.153769493103027,7.219400405883789,89600.0,0.0,0.0
1995-05-10,7.156394789701153,7.219400405883789,7.121216416155221,7.219400405883789,133000.0,0.0,0.0
1995-05-11,7.261652612488006,7.261652612488006,7.129622564988224,7.228909015655518,71800.0,0.08,0.0
1995-05-12,7.198279408035017,7.294925212860107,7.195638746221687,7.294925212860107,107000.0,0.0,0.0
1995-05-15,7.33030742056357,7.3936817753422375,7.294923166576212,7.327666759490967,190800.0,0.0,0.0
1995-05-16,7.33030742056357,7.360938182427482,7.294923166576212,7.327666759490967,108800.0,0.0,0.0
1995-05-17,7.33030742056357,7.360938182427482,7.327666759490967,7.327666759490967,20000.0,0.0,0.0
1995-05-18,7.33030742056357,7.360938182427482,7.327666759490967,7.327666759490967,128200.0,0.0,0.0
1995-05-19,7.330309476773029,7.360940247229113,7.228910178491101,7.294925212860107,302000.0,0.0,0.0
1995-05-22,7.330307646291041,7.39368200302124,7.327666985137122,7.39368200302124,105400.0,0.0,0.0
1995-05-23,7.39368184695999,7.691013336181641,7.36093825372807,7.691013336181641,185800.0,0.0,0.0
1995-05-24,7.626054644365305,7.757028516402897,7.327666985137122,7.39368200302124,167200.0,0.0,0.0
1995-05-25,7.360936741026224,7.360936741026224,7.1956353187561035,7.1956353187561035,78400.0,0.0,0.0
1995-05-26,7.229964314423063,7.327666759490967,7.030863103171132,7.327666759490967,103800.0,0.0,0.0
1995-05-30,7.327667636237897,7.327667636237897,7.228909015655518,7.228909015655518,67200.0,0.0,0.0
1995-05-31,7.198279866542196,7.52571439743042,7.16289560037541,7.52571439743042,117600.0,0.0,0.0
1995-06-01,7.462337823930604,7.5257121818656545,7.327667124448137,7.360938549041748,68400.0,0.0,0.0
1995-06-02,7.330307096745254,7.360937857256045,7.129621396984187,7.162892818450928,94400.0,0.0,0.0
1995-06-05,7.198277747373915,7.492968587320092,7.096878472485058,7.360938549041748,263600.0,0.0,0.0
1995-06-06,7.393682143587309,7.393682143587309,7.327667124448137,7.360938549041748,73400.0,0.0,0.0
1995-06-07,7.393680572509766,7.393680572509766,7.228906974698475,7.261650562286377,622800.0,0.0,0.0
1995-06-08,7.261650562286377,7.360936984921864,7.228906974698475,7.261650562286377,69600.0,0.0,0.0
1995-06-09,7.198273329244127,7.22890407383319,7.129617691040039,7.129617691040039,66600.0,0.0,0.0
1995-06-12,7.166588447155845,7.195635209169638,7.096876621246338,7.096876621246338,156200.0,0.0,0.0
1995-06-13,7.129621396984187,7.162892818450928,7.096877805515889,7.162892818450928,102800.0,0.0,0.0
1995-06-14,7.198276217817693,7.294921979810169,7.162891969586781,7.261650562286377,53600.0,0.0,0.0
1995-06-15,7.198273329244127,7.261647648281521,7.063602712419298,7.129617691040039,62800.0,0.0,0.0
1995-06-16,7.261647648281521,7.294919052453931,7.096874116591708,7.129617691040039,211800.0,0.0,0.0
1995-06-19,7.034555960656791,7.129617691040039,7.0308591379709675,7.129617691040039,30400.0,0.0,0.0
1995-06-20,7.097932892820058,7.1956353187561035,7.0308617264043844,7.1956353187561035,204800.0,0.0,0.0
1995-06-21,7.19827825012667,7.327667636237897,7.195637588738115,7.228909015655518,104400.0,0.0,0.0
1995-06-22,7.19827825012667,7.228909015655518,7.195637588738115,7.228909015655518,214000.0,0.0,0.0
1995-06-23,7.228907831385967,7.228907831385967,7.096877805515889,7.162892818450928,60400.0,0.0,0.0
1995-06-26,7.129622717884099,7.1956377430496925,7.0308640951838255,7.063607692718506,148600.0,0.0,0.0
1995-06-27,7.066243372002646,7.129617691040039,7.063602712419298,7.129617691040039,180200.0,0.0,0.0
1995-06-28,7.1296197125960505,7.1296197125960505,6.964846134185791,6.964846134185791,285000.0,0.0,0.0
1995-06-29,7.030865313094011,7.030865313094011,6.898835239892129,6.997593879699707,93600.0,0.0,0.0
1995-06-30,7.030860494409634,7.030860494409634,6.832815520339304,6.865559101104736,230400.0,0.0,0.0
1995-07-03,6.865561850923975,6.898833274841309,6.832818257043963,6.898833274841309,89800.0,0.0,0.0
1995-07-05,6.865559101104736,6.89883051169608,6.79954410974796,6.865559101104736,298000.0,0.0,0.0
1995-07-06,6.8655577765570746,7.162889095212449,6.832814202108744,7.129617691040039,408600.0,0.0,0.0
1995-07-07,7.0979351319802255,7.228909015655518,7.063607541238333,7.228909015655518,203000.0,0.0,0.0
1995-07-10,7.229965179480008,7.327667636237897,7.195637588738115,7.228909015655518,202200.0,0.0,0.0
1995-07-11,7.166589643058344,7.228907831385967,7.129621396984187,7.162892818450928,322800.0,0.0,0.0
1995-07-12,7.229964674514127,7.393682143587309,7.228908510763403,7.360938549041748,373400.0,0.0,0.0
1995-07-13,7.360938182427482,7.360938182427482,7.261651743639697,7.327666759490967,128600.0,0.0,0.0
1995-07-14,7.261653780590693,7.3276688149597,7.261653780590693,7.294925212860107,91200.0,0.0,0.0
1995-07-17,7.361991882324219,7.393679300936181,7.261649313419464,7.361991882324219,156800.0,0.0,0.0
1995-07-18,7.360936741026224,7.360936741026224,7.096876729328753,7.1956353187561035,686800.0,0.0,0.0
1995-07-19,7.19563266966078,7.19563266966078,7.063602712419298,7.129617691040039,405600.0,0.0,0.0
1995-07-20,7.129620315831736,7.1956353187561035,7.0636053129073675,7.1956353187561035,129400.0,0.0,0.0
1995-07-21,7.195635209169638,7.195635209169638,7.030861619327351,7.096876621246338,139400.0,0.0,0.0
1995-07-24,7.096876621246338,7.096876621246338,6.997590203412676,7.096876621246338,97400.0,0.0,0.0
1995-07-25,7.129620315831736,7.261650321680472,7.0636053129073675,7.1956353187561035,185200.0,0.0,0.0
1995-07-26,7.198276217817693,7.261650562286377,7.129620552062988,7.261650562286377,313600.0,0.0,0.0
1995-07-27,7.2616519672530035,7.4269534269823065,7.2616519672530035,7.39368200302124,157800.0,0.0,0.0
1995-07-28,7.393684320282517,7.52571439743042,7.360940716097263,7.52571439743042,151200.0,0.0,0.0
1995-07-31,7.430647528086003,7.4929656982421875,7.360935710870911,7.4929656982421875,166200.0,0.0,0.0
1995-08-01,7.462334946663059,7.52570928016274,7.42695070455655,7.4929656982421875,290800.0,0.0,0.0
1995-08-02,7.4929659272523494,7.4929659272523494,7.426950931549072,7.426950931549072,63400.0,0.0,0.0
1995-08-03,7.3936792927914645,7.4929656982421875,7.3936792927914645,7.4929656982421875,57000.0,0.0,0.0
1995-08-04,7.492968444866425,7.492968444866425,7.360938409098188,7.39368200302124,72600.0,0.0,0.0
1995-08-07,7.462337682059277,7.492968444866425,7.39368200302124,7.39368200302124,58600.0,0.0,0.0
1995-08-08,7.3936792927914645,7.52570928016274,7.3936792927914645,7.4929656982421875,182000.0,0.0,0.0
1995-08-09,7.4929656982421875,7.4929656982421875,7.459694286477102,7.4929656982421875,27200.0,0.0,0.0
1995-08-10,7.4929682141300225,7.4929682141300225,7.294923166576212,7.327666759490967,98600.0,0.0,0.0
1995-08-11,7.330307646291041,7.4269534269823065,7.29492339121407,7.39368200302124,38800.0,0.0,0.0
1995-08-14,7.372435424005563,7.502568408175631,7.369779586791992,7.369779586791992,63000.0,0.08,0.0
1995-08-15,7.340565883991862,7.369779586791992,7.204058991819053,7.369779586791992,60800.0,0.0,0.0
1995-08-16,7.3724368302374,7.403243636002496,7.236992145805227,7.336849212646484,92000.0,0.0,0.0
1995-08-17,7.303382873535156,7.336845500087789,7.2040567205689685,7.303382873535156,75200.0,0.0,0.0
1995-08-18,7.3724368302374,7.469638059358506,7.336849212646484,7.336849212646484,119000.0,0.0,0.0
1995-08-21,7.436172447419278,7.502566844271235,7.336846283842623,7.40324068069458,152400.0,0.0,0.0
1995-08-22,7.404302914048756,7.469635077546538,7.369778050567319,7.40324068069458,173200.0,0.0,0.0
1995-08-23,7.436173363069517,7.502567768096924,7.403241592289779,7.502567768096924,86600.0,0.0,0.0
1995-08-24,7.502567768096924,7.502567768096924,7.403241592289779,7.502567768096924,25400.0,0.0,0.0
1995-08-25,7.502566776191493,7.502566776191493,7.469635009765625,7.469635009765625,107800.0,0.0,0.0
1995-08-28,7.5360304023445925,7.5360304023445925,7.469635997317186,7.502567768096924,54400.0,0.0,0.0
1995-08-29,7.502567768096924,7.502567768096924,7.436173363069517,7.502567768096924,56600.0,0.0,0.0
1995-08-30,7.505223605083913,7.5360304023445925,7.469635997317186,7.502567768096924,74400.0,0.0,0.0
1995-08-31,7.537094746045646,7.70175313949585,7.502569868646819,7.70175313949585,118800.0,0.0,0.0
1995-09-01,7.669879856304918,7.701749386994734,7.5360288405057,7.635354995727539,56200.0,0.0,0.0
1995-09-05,7.701752016099833,7.834540843963623,7.668820240903449,7.834540843963623,68600.0,0.0,0.0
1995-09-06,7.802670276775774,7.96732862456506,7.801608043287963,7.900934219360352,138800.0,0.0,0.0
1995-09-07,7.903591151844873,7.934397953457848,7.701752071260422,7.735214710235596,60400.0,0.0,0.0
1995-09-08,7.70175313949585,7.768147563112192,7.668821359495958,7.70175313949585,49000.0,0.0,0.0
1995-09-11,7.70175313949585,7.735215783112301,7.668821359495958,7.70175313949585,129400.0,0.0,0.0
1995-09-12,7.735215783112301,7.735215783112301,7.668821359495958,7.70175313949585,25800.0,0.0,0.0
1995-09-13,7.701751845576276,7.701751845576276,7.536031246185303,7.536031246185303,252000.0,0.0,0.0
1995-09-14,7.568961988152131,7.602424621582031,7.536030218177188,7.602424621582031,365800.0,0.0,0.0
1995-09-15,7.602425658647167,7.602425658647167,7.536031246185303,7.536031246185303,307400.0,0.0,0.0
1995-09-18,7.568960604460343,7.635354995727539,7.5360288405057,7.635354995727539,86400.0,0.0,0.0
1995-09-19,7.606142877843962,7.635356578151736,7.469635997317186,7.502567768096924,177400.0,0.0,0.0
1995-09-20,7.537091707752672,7.602423871250454,7.336846283842623,7.40324068069458,124800.0,0.0,0.0
1995-09-21,7.404302914048756,7.502566844271235,7.336846283842623,7.40324068069458,590000.0,0.0,0.0
1995-09-22,7.340567284144845,7.36978099251725,7.336849212646484,7.336849212646484,65400.0,0.0,0.0
1995-09-25,7.369779586791992,7.369779586791992,7.303385176100172,7.369779586791992,75800.0,0.0,0.0
1995-09-26,7.4032398898472,7.4032398898472,7.236988483775746,7.303382873535156,319000.0,0.0,0.0
1995-09-27,7.336845500087789,7.336845500087789,7.236988483775746,7.303382873535156,129400.0,0.0,0.0
1995-09-28,7.303385176100172,7.369779586791992,7.303385176100172,7.369779586791992,283400.0,0.0,0.0
1995-09-29,7.36978099251725,7.36978099251725,7.303386569161239,7.336849212646484,148000.0,0.0,0.0
1995-10-02,7.303382453568484,7.336845078196914,7.170593681685421,7.236988067626953,152400.0,0.0,0.0
1995-10-03,7.270450692255383,7.270450692255383,7.204056306313851,7.236988067626953,59400.0,0.0,0.0
1995-10-04,7.236990898186423,7.236990898186423,7.137664712082953,7.20405912399292,76600.0,0.0,0.0
1995-10-05,7.236990612243938,7.236990612243938,7.071270020778327,7.104201793670654,37000.0,0.0,0.0
1995-10-06,7.07498565994616,7.170593738555908,7.0712675905135125,7.170593738555908,199200.0,0.0,0.0
1995-10-09,7.138726663618085,7.170596202957296,6.971412975097371,7.104201793670654,78400.0,0.0,0.0
1995-10-10,7.106857911628786,7.236990898186423,7.037807662456521,7.20405912399292,336400.0,0.0,0.0
1995-10-11,7.271515636086471,7.369779586791992,7.236990765408352,7.369779586791992,424000.0,0.0,0.0
1995-10-12,7.4043044574701105,7.436173997483811,7.336847813202693,7.369779586791992,120200.0,0.0,0.0
1995-10-13,7.369779722006356,7.369779722006356,7.20405912399292,7.20405912399292,171600.0,0.0,0.0
1995-10-16,7.236988125024019,7.236988125024019,7.104199352087798,7.170593738555908,96000.0,0.0,0.0
1995-10-17,7.170596090460389,7.170596090460389,7.071269909839713,7.137664318084717,38800.0,0.0,0.0
1995-10-18,7.1068556819557465,7.170594236606367,7.071268081665039,7.071268081665039,63800.0,0.0,0.0
1995-10-19,7.104200985318139,7.104200985318139,6.905017780122303,6.971412181854248,203400.0,0.0,0.0
1995-10-20,6.938479527426143,6.938479527426143,6.573044932805575,6.905016899108887,439400.0,0.0,0.0
1995-10-23,6.873149153926543,6.9714131043745935,6.805692509835875,6.938481330871582,323200.0,0.0,0.0
1995-10-24,6.974066961532304,7.037805516747151,6.9050167334123,7.004873752593994,225200.0,0.0,0.0
1995-10-25,7.005936153983525,7.037805685630212,6.872085134165481,6.905016899108887,227000.0,0.0,0.0
1995-10-26,6.8731473674622,6.905016899108887,6.7058337193268995,6.905016899108887,69400.0,0.0,0.0
1995-10-27,6.841278883601421,6.872085677839599,6.7058342498483015,6.838623046875,101600.0,0.0,0.0
1995-10-30,6.740360332890837,6.9714131043745935,6.70583546230318,6.938481330871582,148400.0,0.0,0.0
1995-10-31,6.905016899108887,6.97141129236955,6.838622505848225,6.905016899108887,84400.0,0.0,0.0
1995-11-01,6.9384791277820455,6.9384791277820455,6.739295959472656,6.739295959472656,81800.0,0.0,0.0
1995-11-02,6.809411133807482,6.905019254816063,6.772230422992677,6.872087478637695,97400.0,0.0,0.0
1995-11-03,6.905016899108887,6.905016899108887,6.7722281125875625,6.905016899108887,63400.0,0.0,0.0
1995-11-06,6.841280676326741,6.905019254816063,6.772230422992677,6.872087478637695,325200.0,0.0,0.0
1995-11-07,6.8731479112203555,6.971411843901699,6.838623046875,6.838623046875,191000.0,0.0,0.0
1995-11-08,6.873148244409371,7.037806583586193,6.772228976658412,6.971412181854248,102000.0,0.0,0.0
1995-11-09,7.004876310461081,7.004876310461081,6.872087478637695,6.872087478637695,87600.0,0.0,0.0
1995-11-10,6.809411133807482,6.938481894549388,6.805693062726002,6.872087478637695,67400.0,0.0,0.0
1995-11-13,6.88384337159358,6.981649322471779,6.881171011007749,6.947978496551514,135000.0,0.08,0.0
1995-11-14,6.981650098560992,6.981650098560992,6.91484260559082,6.91484260559082,99600.0,0.0,0.0
1995-11-15,6.915910679222214,6.981649322471779,6.881171011007749,6.947978496551514,106800.0,0.0,0.0
1995-11-16,6.947978496551514,6.981649322471779,6.914841836928015,6.947978496551514,90000.0,0.0,0.0
1995-11-17,6.947979268897834,6.947979268897834,6.881171775927662,6.91484260559082,99600.0,0.0,0.0
1995-11-20,6.915910895803852,6.947978714137402,6.848034565840244,6.881171226501465,92800.0,0.0,0.0
1995-11-21,6.915915846489711,7.08159875869751,6.91484700339692,7.08159875869751,146200.0,0.0,0.0
1995-11-22,7.081595726463093,7.182074069976807,6.98165154941653,7.182074069976807,74200.0,0.0,0.0
1995-11-24,7.215208079089424,7.215208079089424,7.115263938903809,7.115263938903809,7200.0,0.0,0.0
1995-11-27,7.151075529138325,7.182074004075942,7.081595661484193,7.148403167724609,50800.0,0.0,0.0
1995-11-28,7.081595661484193,7.182074004075942,7.048458991595109,7.148403167724609,71800.0,0.0,0.0
1995-11-29,7.049530917408532,7.115269609775151,6.98165453885633,7.08159875869751,132000.0,0.0,0.0
1995-11-30,7.081594996053308,7.081594996053308,6.881172496165007,6.9816508293151855,98600.0,0.0,0.0
1995-12-01,6.947978714137402,6.981649541112117,6.814363738865528,6.881171226501465,331600.0,0.0,0.0
1995-12-04,6.9159114480038335,6.947979268897834,6.848035112620649,6.91484260559082,135400.0,0.0,0.0
1995-12-05,6.947977771450682,6.947977771450682,6.7475553357357585,6.78122615814209,463400.0,0.0,0.0
1995-12-06,6.814363738865528,6.914842053476181,6.781227078204307,6.881171226501465,140800.0,0.0,0.0
1995-12-07,6.851778924446777,6.914845238130922,6.8480377197265625,6.8480377197265625,50800.0,0.0,0.0
1995-12-08,6.8517757688374346,6.914842053476181,6.848034565840244,6.881171226501465,40200.0,0.0,0.0
1995-12-11,6.914845238130922,6.914845238130922,6.8480377197265625,6.8480377197265625,47200.0,0.0,0.0
1995-12-12,6.851778924446777,6.881174395648989,6.8143668772446295,6.8480377197265625,126800.0,0.0,0.0
1995-12-13,6.814362814307399,6.848033636713731,6.7475553357357585,6.78122615814209,114000.0,0.0,0.0
1995-12-14,6.718159882060041,6.814362814307399,6.714418679570448,6.78122615814209,224200.0,0.0,0.0
1995-12-15,6.750227696042698,6.78122615814209,6.647611200998807,6.78122615814209,374800.0,0.0,0.0
1995-12-18,6.7502288644367745,6.814363993802598,6.680749013531958,6.714419841766357,186000.0,0.0,0.0
1995-12-19,6.718162176361202,6.781228473980849,6.7144209725939605,6.747557640075684,189000.0,0.0,0.0
1995-12-20,6.718162231119784,6.781228529253474,6.647613525390625,6.647613525390625,230400.0,0.0,0.0
1995-12-21,6.680749911887973,6.814364910125732,6.680749911887973,6.814364910125732,198000.0,0.0,0.0
1995-12-22,6.814365141462571,6.814365141462571,6.680750138688795,6.747557640075684,66600.0,0.0,0.0
1995-12-26,6.782296174269336,6.814363993802598,6.714419841766357,6.714419841766357,70000.0,0.0,0.0
1995-12-27,6.782297086280332,6.814364910125732,6.7144207446500666,6.814364910125732,102000.0,0.0,0.0
1995-12-28,6.782297086280332,6.814364910125732,6.781228243768947,6.814364910125732,117000.0,0.0,0.0
1995-12-29,6.7822990441421345,7.0147894324577065,6.781230201322204,6.8480377197265625,159600.0,0.0,0.0
1996-01-02,6.915910767117836,7.215208530426025,6.848034438417219,7.215208530426025,113800.0,0.0,0.0
1996-01-03,7.115266009647998,7.115266009647998,6.947980172293527,7.014787673950195,155600.0,0.0,0.0
1996-01-04,7.1831429126119355,7.215210740169944,7.081595726463093,7.182074069976807,190200.0,0.0,0.0
1996-01-05,7.215210673965027,7.24888151031636,7.115266497835526,7.148403167724609,134600.0,0.0,0.0
1996-01-08,7.081596874615955,7.382497787475586,7.081596874615955,7.382497787475586,117000.0,0.0,0.0
1996-01-09,7.348828152106876,7.38249899975537,7.248883942444336,7.3156914710998535,146800.0,0.0,0.0
1996-01-10,7.252622032853744,7.282017495941609,6.9148433293524185,6.9816508293151855,128000.0,0.0,0.0
1996-01-11,7.049524557307922,7.1483998448507515,6.981648239993922,7.048455715179443,113600.0,0.0,0.0
1996-01-12,7.08159875869751,7.08159875869751,6.91484700339692,7.08159875869751,55800.0,0.0,0.0
1996-01-15,7.119007701874563,7.282018180205443,7.115266497835526,7.148403167724609,121000.0,0.0,0.0
1996-01-16,7.215208079089424,7.2488789033313905,7.048456456690018,7.115263938903809,67400.0,0.0,0.0
1996-01-17,7.081595726463093,7.182074069976807,7.081595726463093,7.182074069976807,80800.0,0.0,0.0
1996-01-18,7.215208530426025,7.2488793567742205,7.148401044033192,7.215208530426025,150400.0,0.0,0.0
1996-01-19,7.151073404652986,7.2488793567742205,7.148401044033192,7.215208530426025,122600.0,0.0,0.0
1996-01-22,7.215210749391216,7.582919120788574,7.182074079155728,7.582919120788574,214400.0,0.0,0.0
1996-01-23,7.5492489380495895,7.5492489380495895,7.449304752217489,7.482441425323486,87600.0,0.0,0.0
1996-01-24,7.519851370780148,7.549246831280518,7.348824349034133,7.449302673339844,107000.0,0.0,0.0
1996-01-25,7.4493030799864295,7.4493030799864295,7.3156880845283245,7.415632247924805,94200.0,0.0,0.0
1996-01-26,7.449302673339844,7.449302673339844,7.315687685175587,7.449302673339844,84400.0,0.0,0.0
1996-01-29,7.450373594946574,7.482441425323486,7.382497239491386,7.482441425323486,62400.0,0.0,0.0
1996-01-30,7.482438639468921,7.516109466552734,7.41563115161652,7.516109466552734,138800.0,0.0,0.0
1996-01-31,7.519853469345825,7.5829197776696935,7.415633912597384,7.482441425323486,213800.0,0.0,0.0
1996-02-01,7.55192158185127,7.749671765744082,7.516112545734352,7.7165350914001465,136200.0,0.0,0.0
1996-02-02,7.717600399816184,8.150513124465943,7.716531557536655,8.016898155212402,299600.0,0.0,0.0
1996-02-05,7.984831786469855,8.184185434225851,7.983762943996479,8.150514602661133,155800.0,0.0,0.0
1996-02-06,8.118448204839297,8.350938558578491,8.08370852470398,8.284131050109863,116200.0,0.0,0.0
1996-02-07,8.317800984175623,8.317800984175623,8.083707646720613,8.184185981750488,99600.0,0.0,0.0
1996-02-08,8.187927910480651,8.718646763414435,8.150515869593342,8.651839256286621,128200.0,0.0,0.0
1996-02-09,8.72238574810371,8.852259525224396,8.651837054838184,8.68497371673584,169200.0,0.0,0.0
1996-02-12,8.72238820736544,8.818591183379304,8.684976165449314,8.718647003173828,40000.0,0.0,0.0
1996-02-13,8.636418519609457,8.93468952178955,8.632656561474874,8.93468952178955,131600.0,0.09,0.0
1996-02-14,8.905133613056009,8.968549790331616,8.6326591077326,8.800335884094238,213800.0,0.0,0.0
1996-02-15,8.733157747574435,8.83419351729201,8.733157747574435,8.800335884094238,166400.0,0.0,0.0
1996-02-16,8.80302232928243,8.834193287232742,8.59880125060562,8.665979385375977,303800.0,0.0,0.0
1996-02-20,8.63642114222013,8.834193594258402,8.632659182943158,8.76701545715332,139600.0,0.0,0.0
1996-02-21,8.700912529060894,8.800335884094238,8.699837244252402,8.800335884094238,191200.0,0.0,0.0
1996-02-22,8.83419531638582,8.83419531638582,8.531625075490066,8.632660865783691,397400.0,0.0,0.0
1996-02-23,8.6998362488548,8.6998362488548,8.431123733520508,8.431123733520508,258400.0,0.0,0.0
1996-02-26,8.498303488265881,8.498303488265881,8.16241277983476,8.330089569091797,209000.0,0.0,0.0
1996-02-27,8.330088456622386,8.330088456622386,8.1624116897583,8.1624116897583,200000.0,0.0,0.0
1996-02-28,8.330087310791017,8.431123060887913,8.22958869046555,8.397265434265137,221600.0,0.0,0.0
1996-02-29,8.397269141121381,8.397269141121381,8.09523601704528,8.229592323303223,153000.0,0.0,0.0
1996-03-01,8.297841053130176,8.33008677583946,8.061374299199477,8.29676628112793,114800.0,0.0,0.0
1996-03-05,8.262910323907688,8.262910323907688,8.028055424328908,8.1624116897583,280000.0,0.0,0.0
1996-03-06,8.233351781504108,8.262910323907688,8.128554058478295,8.1624116897583,126400.0,0.0,0.0
1996-03-07,8.163484814810184,8.33008677583946,8.162410042807938,8.29676628112793,190800.0,0.0,0.0
1996-03-08,8.233350398109817,8.330087056974085,8.195730814119665,8.262908935546875,168800.0,0.0,0.0
1996-03-11,8.233350398109817,8.296766561138012,8.061374571265244,8.262908935546875,261600.0,0.0,0.0
1996-03-12,8.195733521371093,8.195733521371093,8.0613772341355,8.095234870910645,151400.0,0.0,0.0
1996-03-13,8.061380882837312,8.061380882837312,7.893704012866004,7.960882186889648,88000.0,0.0,0.0
1996-03-14,7.996885260932009,8.195732479253092,7.994198074025556,8.128554344177246,90400.0,0.0,0.0
1996-03-15,8.098996830552327,8.128555377753298,8.02805672729285,8.095234870910645,262600.0,0.0,0.0
1996-03-18,8.19572925567627,8.29676498348236,8.128551147023186,8.19572925567627,277000.0,0.0,0.0
1996-03-19,8.23335071779804,8.43112313135985,8.229588759252954,8.363945007324219,132200.0,0.0,0.0
1996-03-20,8.297841053130176,8.363944400287926,8.262908656679464,8.29676628112793,177200.0,0.0,0.0
1996-03-21,8.33008677583946,8.363944400287926,8.195730537519468,8.29676628112793,113000.0,0.0,0.0
1996-03-22,8.297841053130176,8.363944400287926,8.262908656679464,8.29676628112793,157200.0,0.0,0.0
1996-03-25,8.399952364761791,8.464443299828506,8.262908935546875,8.262908935546875,253200.0,0.0,0.0
1996-03-26,8.297841053130176,8.363944400287926,8.29676628112793,8.29676628112793,69000.0,0.0,0.0
1996-03-27,8.297843835569848,8.39726771077802,8.262911427405573,8.330089569091797,136000.0,0.0,0.0
1996-03-28,8.297842248010376,8.498301862354081,8.296767475853363,8.431123733520508,114400.0,0.0,0.0
1996-03-29,8.43219850567752,8.632658120021226,8.39726610419658,8.431123733520508,184200.0,0.0,0.0
1996-04-01,8.432198742977809,8.598800732686126,8.397266340513795,8.56548023223877,107600.0,0.0,0.0
1996-04-02,8.502068145624563,8.598804864357776,8.464448538352185,8.53162670135498,199200.0,0.0,0.0
1996-04-03,8.56548434790012,8.56548434790012,8.464448538352185,8.53162670135498,90200.0,0.0,0.0
1996-04-04,8.636423121594362,8.66598167270422,8.598803520202637,8.598803520202637,89400.0,0.0,0.0
1996-04-08,8.665978000596606,8.665978000596606,8.330087380418442,8.363945007324219,334000.0,0.0,0.0
1996-04-09,8.432198742977809,8.69983649368699,8.431123970790548,8.56548023223877,182000.0,0.0,0.0
1996-04-10,8.53162399415047,8.53162399415047,8.296769063207208,8.330089569091797,134800.0,0.0,0.0
1996-04-11,8.296767638417805,8.296767638417805,7.994197487831116,8.061375617980957,385400.0,0.0,0.0
1996-04-12,8.131241245290301,8.296767955187693,8.128554058478295,8.1624116897583,206800.0,0.0,0.0
1996-04-15,8.229592323303223,8.229592323303223,8.09523601704528,8.229592323303223,51800.0,0.0,0.0
1996-04-16,8.195734681734468,8.229592323303223,8.128556528605497,8.229592323303223,122600.0,0.0,0.0
1996-04-17,8.330092212346594,8.53162670135498,8.195735886341005,8.53162670135498,481200.0,0.0,0.0
1996-04-18,8.534309548520483,8.565479991187653,8.431123733520508,8.431123733520508,71200.0,0.0,0.0
1996-04-19,8.502062790363746,8.531621327475897,8.431122711317295,8.46444320678711,182200.0,0.0,0.0
1996-04-22,8.50206321394057,8.565479379431116,8.330087380418442,8.363945007324219,318600.0,0.0,0.0
1996-04-23,8.367706548986172,8.531621327475897,8.36394459062851,8.46444320678711,212800.0,0.0,0.0
1996-04-24,8.498301862354081,8.498301862354081,8.431123733520508,8.431123733520508,475800.0,0.0,0.0
1996-04-25,8.397265504454076,8.397265504454076,8.296766883288585,8.363945007324219,213400.0,0.0,0.0
1996-04-26,8.39995227242928,8.498300832006082,8.296766469939723,8.46444320678711,102800.0,0.0,0.0
1996-04-29,8.399957563372947,8.53162670135498,8.39727037534939,8.53162670135498,50200.0,0.0,0.0
1996-04-30,8.56655335993304,8.699834823608398,8.498300470123953,8.699834823608398,131800.0,0.0,0.0
1996-05-01,8.700912302472519,8.767015152462386,8.59880125060562,8.665979385375977,198400.0,0.0,0.0
1996-05-02,8.598799165219843,8.632656789324724,8.431122433889884,8.498300552368164,124200.0,0.0,0.0
1996-05-03,8.43219850567752,8.632658120021226,8.39726610419658,8.431123733520508,104800.0,0.0,0.0
1996-05-06,8.431123733520508,8.431123733520508,8.262909846529435,8.431123733520508,75400.0,0.0,0.0
1996-05-07,8.39995227242928,8.498300832006082,8.36394459062851,8.46444320678711,46600.0,0.0,0.0
1996-05-08,8.399957563372947,8.53162670135498,8.330092212346594,8.53162670135498,97000.0,0.0,0.0
1996-05-09,8.464442928263281,8.531621046741561,8.397264809785002,8.498300552368164,146400.0,0.0,0.0
1996-05-10,8.565478670846444,8.565478670846444,8.464442928263281,8.498300552368164,68800.0,0.0,0.0
1996-05-13,8.598803243864264,8.968551635742188,8.56548273368605,8.968551635742188,290200.0,0.0,0.0
1996-05-14,8.915594885031322,8.983137270523983,8.611924171447754,8.611924171447754,276600.0,0.09,0.0
1996-05-15,8.613002283876659,8.84804994424528,8.61192168434759,8.7470064163208,75000.0,0.0,0.0
1996-05-16,8.748090057581726,8.915594885031322,8.611924171447754,8.611924171447754,138600.0,0.0,0.0
1996-05-17,8.715666453441061,8.7470064163208,8.679464050334197,8.7470064163208,68600.0,0.0,0.0
1996-05-20,8.68324640633961,8.7470064163208,8.544379318360985,8.7470064163208,58800.0,0.0,0.0
1996-05-21,8.814555168151855,8.814555168151855,8.712971524522636,8.814555168151855,60600.0,0.0,0.0
1996-05-22,8.780510589366651,8.848052978515625,8.679467026791215,8.848052978515625,158400.0,0.0,0.0
1996-05-23,8.850757597486146,8.915598769278978,8.780513939441418,8.814555168151855,72800.0,0.0,0.0
1996-05-24,8.850755041082277,9.017179808435104,8.848053798736542,8.949637413024902,51800.0,0.0,0.0
1996-05-28,8.949636583387113,8.949636583387113,8.814551805089165,8.848052978515625,94600.0,0.0,0.0
1996-05-29,8.818332561213397,8.8480513719412,8.780508995056152,8.780508995056152,47200.0,0.0,0.0
1996-05-30,8.780511528698366,9.084722333560991,8.780511528698366,9.050681114196777,119200.0,0.0,0.0
1996-05-31,9.017179808435104,9.017179808435104,8.8820950176147,8.949637413024902,111400.0,0.0,0.0
1996-06-03,8.883177519521979,8.983139991760254,8.712970367947914,8.983139991760254,143600.0,0.0,0.0
1996-06-04,9.050680037701047,9.152263641357422,9.017178864675317,9.152263641357422,70800.0,0.0,0.0
1996-06-05,9.15334508101545,9.287348747253418,9.08472157504762,9.287348747253418,145800.0,0.0,0.0
1996-06-06,9.287347910852986,9.287347910852986,9.152263141547925,9.18576431274414,59800.0,0.0,0.0
1996-06-07,9.05068035852562,9.320849921466683,8.949636793577088,9.287348747253418,144200.0,0.0,0.0
1996-06-10,9.320852613797152,9.320852613797152,9.185767793307338,9.253310203552246,105000.0,0.0,0.0
1996-06-11,9.2884303117656,9.726104736328125,9.219806802478464,9.726104736328125,261000.0,0.0,0.0
1996-06-12,9.726105063302176,9.726105063302176,9.45593547821045,9.45593547821045,261400.0,0.0,0.0
1996-06-13,9.493759055224862,9.523477874483381,9.388393081937517,9.45593547821045,110000.0,0.0,0.0
1996-06-14,9.489975093163318,9.489975093163318,9.354890323454672,9.388391494750977,111400.0,0.0,0.0
1996-06-17,9.422434948553269,9.422434948553269,9.219807745814382,9.32085132598877,66400.0,0.0,0.0
1996-06-18,9.320849109896653,9.422432708308994,9.320849109896653,9.388391494750977,48600.0,0.0,0.0
1996-06-19,9.256009531771893,9.48997669752342,9.253308289391654,9.45593547821045,70600.0,0.0,0.0
1996-06-20,9.526179933101668,9.625062314779939,9.489977510659513,9.557519912719727,78200.0,0.0,0.0
1996-06-21,9.557519912719727,9.557519912719727,9.489977510659513,9.557519912719727,172000.0,0.0,0.0
1996-06-24,9.52617911686362,9.557519093796353,9.42243430125049,9.45593547821045,208400.0,0.0,0.0
1996-06-25,9.48997669752342,9.48997669752342,9.354891904977558,9.45593547821045,75000.0,0.0,0.0
1996-06-26,9.38839231220195,9.38839231220195,9.287348747253418,9.287348747253418,56600.0,0.0,0.0
1996-06-27,9.28842830207478,9.455933114386012,9.287347187023839,9.422431945800781,88400.0,0.0,0.0
1996-06-28,9.45593547821045,9.523477874483381,9.388393081937517,9.45593547821045,88800.0,0.0,0.0
1996-07-01,9.526178796610719,9.793647130330404,9.523477554321289,9.726104736328125,64800.0,0.0,0.0
1996-07-02,9.52617911686362,9.726105063302176,9.320850685664587,9.45593547821045,65000.0,0.0,0.0
1996-07-03,9.526179933101668,9.557519912719727,9.4224351085993,9.557519912719727,31400.0,0.0,0.0
1996-07-05,9.493757618812305,9.523476433574345,9.219805717468262,9.219805717468262,39400.0,0.0,0.0
1996-07-08,9.223590103775665,9.422434948553269,9.219807745814382,9.32085132598877,89400.0,0.0,0.0
1996-07-09,9.358674905601589,9.388393726901732,9.219807745814382,9.32085132598877,47000.0,0.0,0.0
1996-07-10,9.38839231220195,9.38839231220195,9.017179184312354,9.287348747253418,86200.0,0.0,0.0
1996-07-11,9.320852021525676,9.320852021525676,8.915597585807168,8.983139991760254,102000.0,0.0,0.0
1996-07-12,8.953421960981327,9.118225610997074,8.848055963263826,9.084724426269531,78400.0,0.0,0.0
1996-07-15,9.050680338551487,9.050680338551487,8.814551992653541,8.882094383239746,95600.0,0.0,0.0
1996-07-16,8.850755825343558,8.882095804653002,8.375257772992748,8.712969779968262,208600.0,0.0,0.0
1996-07-17,8.780509383590132,9.118221282958984,8.476838695269112,9.118221282958984,153400.0,0.0,0.0
1996-07-18,9.120922524683367,9.185763662832754,8.915594143337673,9.118221282958984,173000.0,0.0,0.0
1996-07-19,9.050682397713338,9.050682397713338,8.544384374280408,8.983139991760254,219800.0,0.0,0.0
1996-07-22,8.915595367664599,8.915595367664599,8.712968200217677,8.848052978515625,102800.0,0.0,0.0
1996-07-24,8.413079372067518,8.814551327925738,8.40929701496977,8.611924171447754,232600.0,0.0,0.0
1996-07-25,8.645422846285467,8.814548782307407,8.57788048029886,8.7470064163208,157400.0,0.0,0.0
1996-07-26,8.780510114045999,8.780510114045999,8.510340572075354,8.611924171447754,169200.0,0.0,0.0
1996-07-29,8.645426750183105,8.679467969603365,8.61192557311756,8.645426750183105,162600.0,0.0,0.0
1996-07-30,8.645425034892263,8.679466247558594,8.577882651807165,8.679466247558594,60200.0,0.0,0.0
1996-07-31,8.645429109603857,8.915598769278978,8.645429109603857,8.814555168151855,85000.0,0.0,0.0
1996-08-01,8.818334162391666,9.050680145962549,8.814551805089165,8.848052978515625,129600.0,0.0,0.0
1996-08-02,8.883175947751928,8.94963722646935,8.814552438464792,8.915596008300781,82400.0,0.0,0.0
1996-08-05,8.953418940689614,8.983137756813575,8.780510589366651,8.848052978515625,350600.0,0.0,0.0
1996-08-06,8.850757597486146,8.882097583070635,8.814555168151855,8.814555168151855,39400.0,0.0,0.0
1996-08-07,8.84804994424528,8.84804994424528,8.645422846285467,8.7470064163208,170600.0,0.0,0.0
1996-08-08,8.712969779968262,8.712969779968262,8.577884977178057,8.712969779968262,114000.0,0.0,0.0
1996-08-09,8.715670389057664,8.747010366089171,8.5778843536973,8.645426750183105,75000.0,0.0,0.0
1996-08-12,8.645426432291668,8.94963722646935,8.645426432291668,8.915596008300781,61600.0,0.0,0.0
1996-08-13,8.850757597486146,8.915598769278978,8.814555168151855,8.814555168151855,110000.0,0.0,0.0
1996-08-14,8.867255638075276,8.965056419372559,8.863452297387774,8.965056419372559,34800.0,0.09,0.0
1996-08-15,8.867257206411463,8.897140898908065,8.761306686710995,8.86345386505127,58600.0,0.0,0.0
1996-08-16,8.899856660417482,9.032974637375743,8.829223329765764,8.999287605285645,63600.0,0.0,0.0
1996-08-19,8.932453079290434,8.965052981778426,8.897135913734651,8.931365966796875,16800.0,0.0,0.0
1996-08-20,8.899855435974867,8.965056301426129,8.761305021848262,8.79553508758545,27400.0,0.0,0.0
1996-08-21,8.727620954362436,8.727620954362436,8.421722412109375,8.421722412109375,216200.0,0.0,0.0
1996-08-22,8.492354609275075,8.659702139418236,8.421720760075127,8.625472068786621,362800.0,0.0,0.0
1996-08-23,8.595588147527906,8.693388938903809,8.591784806448459,8.693388938903809,200800.0,0.0,0.0
1996-08-26,8.659702776593267,8.659702776593267,8.523868560791016,8.523868560791016,155000.0,0.0,0.0
1996-08-27,8.591781647093827,8.591781647093827,8.48963451385498,8.48963451385498,119200.0,0.0,0.0
1996-08-28,8.492356275165108,8.52386960568237,8.320118257002305,8.421722412109375,132600.0,0.0,0.0
1996-08-29,8.389118604454332,8.421719035164255,8.082133590197955,8.285884857177734,218800.0,0.0,0.0
1996-08-30,8.285885699660385,8.285885699660385,8.014217316064963,8.116364479064941,286400.0,0.0,0.0
1996-09-03,8.014217290684456,8.014217290684456,7.844696070625875,7.980530261993408,350600.0,0.0,0.0
1996-09-04,7.98161644528333,8.252198219299316,7.91261275838728,8.252198219299316,279600.0,0.0,0.0
1996-09-05,8.356516541020413,8.557551010516093,8.353799795979995,8.455946922302246,265600.0,0.0,0.0
1996-09-06,8.459753945357534,8.72761900861883,8.455950604278087,8.693388938903809,250600.0,0.0,0.0
1996-09-09,8.693386606069712,8.86345083231908,8.693386606069712,8.82922077178955,298200.0,0.0,0.0
1996-09-10,8.829222944446077,9.067204312116775,8.829222944446077,9.032974243164062,633400.0,0.0,0.0
1996-09-11,9.00309055353886,9.067204312116775,8.9650571435914,9.032974243164062,161600.0,0.0,0.0
1996-09-12,9.035690471160581,9.067204312116775,8.999287212544113,9.032974243164062,87800.0,0.0,0.0
1996-09-13,9.068290971235061,9.203038050637891,9.067203858291247,9.168807983398438,72000.0,0.0,0.0
1996-09-16,9.236725079571759,9.236725079571759,9.168807983398438,9.168807983398438,68800.0,0.0,0.0
1996-09-17,9.203039243609476,9.203039243609476,9.032974961978287,9.100892066955566,409000.0,0.0,0.0
1996-09-18,9.068293495997949,9.135123497834035,9.032976305981792,9.067206382751465,279400.0,0.0,0.0
1996-09-19,9.06829214673965,9.100892066955566,9.032974961978287,9.100892066955566,49200.0,0.0,0.0
1996-09-20,9.168810290278206,9.168810290278206,9.100893177016886,9.135123252868652,181200.0,0.0,0.0
1996-09-23,9.100891050393056,9.203038215637207,9.06720402085522,9.203038215637207,53600.0,0.0,0.0
1996-09-24,9.17152651882218,9.236727403539525,9.032976063755566,9.135123252868652,90200.0,0.0,0.0
1996-09-25,9.204125328600512,9.2709553130282,9.16880814778405,9.203038215637207,84400.0,0.0,0.0
1996-09-26,9.204123988014972,9.372558074838976,9.168806812342476,9.236723899841309,91200.0,0.0,0.0
1996-09-27,9.236726919046726,9.304644028745598,9.100892699648979,9.270956993103027,163800.0,0.0,0.0
1996-09-30,9.274758653900772,9.372559439957028,9.203038215637207,9.203038215637207,138200.0,0.0,0.0
1996-10-01,9.274762183951646,9.610544457835536,9.270958841631488,9.542627334594727,123200.0,0.0,0.0
1996-10-02,9.542622043479854,9.542622043479854,9.270953701149052,9.406787872314453,95000.0,0.0,0.0
1996-10-03,9.372557427385727,9.474704570695799,9.372557427385727,9.440474510192871,57200.0,0.0,0.0
1996-10-04,9.546427652485104,9.678458514817509,9.474707209646086,9.508394241333008,145200.0,0.0,0.0
1996-10-07,9.475793313944036,9.678457484508419,9.474706201027105,9.610540390014648,84000.0,0.0,0.0
1996-10-08,9.579026551415083,9.74637457900219,9.542623295520878,9.610540390014648,59200.0,0.0,0.0
1996-10-09,9.61053891050802,9.61053891050802,9.338870574355262,9.47470474243164,115200.0,0.0,0.0
1996-10-10,9.508391593000013,9.508391593000013,9.406787487888657,9.440474510192871,48600.0,0.0,0.0
1996-10-11,9.443190908683514,9.47470474243164,9.406787658393451,9.47470474243164,27200.0,0.0,0.0
1996-10-14,9.475794322678745,9.610541413093701,9.4404771396092,9.508394241333008,27400.0,0.0,0.0
1996-10-15,9.576314376954128,9.576314376954128,9.474710211353917,9.542627334594727,55200.0,0.0,0.0
1996-10-16,9.546426636231207,9.610540390014648,9.474706201027105,9.610540390014648,80400.0,0.0,0.0
1996-10-17,9.611624803905114,9.81428891755968,9.542620615871378,9.780058860778809,95400.0,0.0,0.0
1996-10-18,9.818096017496938,9.950126879266108,9.814292676397955,9.882209777832031,80400.0,0.0,0.0
1996-10-21,9.850694762862464,9.983812721806226,9.847978535114985,9.950125694274902,96200.0,0.0,0.0
1996-10-22,10.019132549672149,10.085962547789697,9.644229805103375,9.746376991271973,179000.0,0.0,0.0
1996-10-23,9.714858012387392,9.81428891755968,9.712141785356733,9.780058860778809,106800.0,0.0,0.0
1996-10-24,9.780060027862762,9.780060027862762,9.67845592167476,9.712142944335938,90400.0,0.0,0.0
1996-10-25,9.682260433457461,9.712144119638792,9.610540001155295,9.644227027893066,77200.0,0.0,0.0
1996-10-28,9.508393008693947,9.814291445970321,9.508393008693947,9.678457260131836,81600.0,0.0,0.0
1996-10-29,9.57902829341187,9.71214627881422,9.576312065124512,9.576312065124512,148400.0,0.0,0.0
1996-10-30,9.579026329343618,9.678457260131836,9.576310101613188,9.678457260131836,113800.0,0.0,0.0
1996-10-31,9.678458514817509,9.678458514817509,9.40679010792228,9.508394241333008,186000.0,0.0,0.0
1996-11-01,9.50839198157805,9.50839198157805,9.37255781041265,9.406787872314453,104400.0,0.0,0.0
1996-11-04,9.406786744198104,9.406786744198104,9.338869666760413,9.372556686401367,98000.0,0.0,0.0
1996-11-05,9.339961773982415,9.372561698412373,9.304644584655762,9.304644584655762,170000.0,0.0,0.0
1996-11-06,9.3073602571471,9.3388741028019,9.236726919046726,9.270956993103027,94800.0,0.0,0.0
1996-11-07,9.274755929077914,9.406786744198104,9.236722531525984,9.372556686401367,209200.0,0.0,0.0
1996-11-08,9.410590998518272,9.47470474243164,9.406787658393451,9.47470474243164,50600.0,0.0,0.0
1996-11-11,9.475797324730987,9.576314376954128,9.474710211353917,9.542627334594727,32400.0,0.0,0.0
1996-11-12,9.508394241333008,9.508394241333008,9.40679010792228,9.508394241333008,154600.0,0.0,0.0
1996-11-13,9.523685222943575,9.523685222943575,9.38714884587988,9.42101001739502,103800.0,0.09,0.0
1996-11-14,9.388243283625558,9.421011728398941,9.284475326538086,9.284475326538086,96600.0,0.0,0.0
1996-11-15,9.352742207737913,9.352742207737913,9.284474016440557,9.318881034851074,193600.0,0.0,0.0
1996-11-18,9.318882349803651,9.318882349803651,9.147938924677232,9.284475326538086,108200.0,0.0,0.0
1996-11-19,9.251705201509205,9.489278205926867,9.250612468816183,9.42101001739502,71800.0,0.0,0.0
1996-11-20,9.421008713453501,9.489276892536497,9.38714754662501,9.455415725708008,54200.0,0.0,0.0
1996-11-21,9.49200774761526,9.625813845225743,9.387148126407451,9.55754566192627,76800.0,0.0,0.0
1996-11-22,9.595775677903605,9.625813845225743,9.489277478626796,9.55754566192627,118600.0,0.0,0.0
1996-11-25,9.557543667879973,9.830616344105113,9.523682506024754,9.762348175048828,113000.0,0.0,0.0
1996-11-26,9.830616345698566,9.86502335290521,9.694080007563864,9.728487014770508,122400.0,0.0,0.0
1996-11-27,9.732310015571246,9.762348176631216,9.660218845703158,9.728487014770508,88000.0,0.0,0.0
1996-11-29,9.732310015571246,9.762348176631216,9.728487014770508,9.728487014770508,15600.0,0.0,0.0
1996-12-02,9.595777219392984,9.660222411447357,9.489279003008038,9.625815391540527,175800.0,0.0,0.0
1996-12-03,9.628545515266573,9.796758651733398,9.591954072033808,9.796758651733398,284800.0,0.0,0.0
1996-12-04,9.765079046305395,9.898885124259525,9.762348777718014,9.83061695098877,99200.0,0.0,0.0
1996-12-05,9.868846961350048,9.898885124259525,9.796755787043164,9.83061695098877,84200.0,0.0,0.0
1996-12-06,9.765081534523755,9.865026473999023,9.728490092666986,9.865026473999023,156000.0,0.0,0.0
1996-12-09,9.86502396031392,9.86502396031392,9.796755787043164,9.83061695098877,24000.0,0.0,0.0
1996-12-10,9.797851384501673,9.865026844966597,9.762351632347222,9.796758651733398,79800.0,0.0,0.0
1996-12-11,9.7967574698481,9.7967574698481,9.591952914856224,9.660221099853516,109000.0,0.0,0.0
1996-12-12,9.694084345865592,9.694084345865592,9.421011547390505,9.489279747009277,132800.0,0.0,0.0
1996-12-13,9.455420888169979,9.455420888169979,9.250616239101937,9.387152671813965,156600.0,0.0,0.0
1996-12-16,9.388245404952354,9.489282073485967,9.182348022745924,9.387152671813965,353000.0,0.0,0.0
1996-12-17,9.355475326292183,9.455420297130358,9.318883872952952,9.352745056152344,137800.0,0.0,0.0
1996-12-18,9.355475911084442,9.387152671813965,9.284477424417926,9.387152671813965,119800.0,0.0,0.0
1996-12-19,9.459242161550618,9.523687362670898,9.318882751061032,9.523687362670898,69400.0,0.0,0.0
1996-12-20,9.967155824858567,9.967155824858567,9.694083062533675,9.898887634277344,317000.0,0.0,0.0
1996-12-23,9.901617903557028,9.933294652326932,9.762351253114897,9.898887634277344,149200.0,0.0,0.0
1996-12-24,9.933293342590332,9.933293342590332,9.898886329077419,9.933293342590332,11600.0,0.0,0.0
1996-12-26,9.934388543983413,10.103693384702513,9.898888789066651,10.035425186157227,62400.0,0.0,0.0
1996-12-27,10.070924209597296,10.206367863996952,10.069831476823362,10.138099670410156,30800.0,0.0,0.0
1996-12-30,10.174693394673758,10.274638360829526,10.069833734158482,10.103694915771484,199800.0,0.0,0.0
1996-12-31,10.103694937177906,10.171963146212892,10.069833755493164,10.069833755493164,125200.0,0.0,0.0
1997-01-02,10.070924157434463,10.10369259851321,9.728490458500202,9.796758651733398,184800.0,0.0,0.0
1997-01-03,9.8306194559067,9.933294664665043,9.796758283333006,9.865026473999023,63000.0,0.0,0.0
1997-01-06,9.93438701794805,10.06983066137963,9.86502609720409,9.967155456542969,188000.0,0.0,0.0
1997-01-07,9.967158519107935,10.069833755493164,9.967158519107935,10.069833755493164,81400.0,0.0,0.0
1997-01-08,10.103693384702513,10.138100406765972,9.967156987611938,10.035425186157227,112400.0,0.0,0.0
1997-01-09,10.005387209948456,10.20636880710653,10.001564207421373,10.171961784362793,192800.0,0.0,0.0
1997-01-10,10.103694937177906,10.103694937177906,9.865029128388207,10.069833755493164,97000.0,0.0,0.0
1997-01-13,10.103694937177906,10.138101964528149,10.03542672814292,10.069833755493164,50800.0,0.0,0.0
1997-01-14,10.10369358446774,10.20636880710653,10.10369358446774,10.171961784362793,40800.0,0.0,0.0
1997-01-15,10.649840957240054,10.752516196978256,10.376768112182617,10.376768112182617,577600.0,0.0,0.0
1997-01-16,10.480531972862265,10.820780162628237,10.479439240234116,10.752511978149414,227800.0,0.0,0.0
1997-01-17,10.824603963476282,11.264251270649597,10.820780961530252,10.991178512573242,219000.0,0.0,0.0
1997-01-20,10.991178301865721,10.991178301865721,10.820780754089355,10.820780754089355,101400.0,0.0,0.0
1997-01-21,10.786376576959624,11.230392839972351,10.752515396689331,11.162124633789062,228000.0,0.0,0.0
1997-01-22,11.19597954750061,11.19597954750061,10.820777546320095,10.922906875610352,182000.0,0.0,0.0
1997-01-23,11.059445265751735,11.059445265751735,10.718104362487793,10.718104362487793,190000.0,0.0,0.0
1997-01-24,10.551532667747393,10.786375438910538,10.54770966527153,10.684246063232422,114600.0,0.0,0.0
1997-01-27,10.688069427297123,10.752514625981954,10.547710022111856,10.649839401245117,114000.0,0.0,0.0
1997-01-28,10.75360471077756,10.957316531585887,10.71810496317542,10.752511978149414,128800.0,0.0,0.0
1997-01-29,10.786373726226998,10.922910102508352,10.752512554905879,10.854641914367676,48200.0,0.0,0.0
1997-01-30,10.890141883758165,11.025585530087517,10.854642133535066,10.991178512573242,80200.0,0.0,0.0
1997-01-31,11.026680954398046,11.195985814059357,10.957320015239196,11.162124633789062,207000.0,0.0,0.0
1997-02-03,11.130441826156234,11.230386734008789,11.025582226811176,11.230386734008789,327000.0,0.0,0.0
1997-02-04,11.234211876926384,11.366925239562988,11.195981861630209,11.366925239562988,107000.0,0.0,0.0
1997-02-05,11.37074776133096,11.469054106053205,11.025583863949157,11.093852043151855,205000.0,0.0,0.0
1997-02-06,11.026678274597064,11.127714903520271,10.922910334743825,10.957317352294922,188800.0,0.0,0.0
1997-02-07,10.993908056135659,11.127714157104492,10.95731661730893,11.127714157104492,177400.0,0.0,0.0
1997-02-10,11.097675989028438,11.230389357360574,11.059445972091583,11.127714157104492,75800.0,0.0,0.0
1997-02-11,11.162120222354552,11.162120222354552,11.059445030837018,11.093852043151855,193200.0,0.0,0.0
1997-02-12,11.097673396677703,11.230386734008789,11.059443388671149,11.230386734008789,210600.0,0.0,0.0
1997-02-13,11.217769097809606,11.387901306152344,11.14806920983576,11.387901306152344,59200.0,0.1,0.0
1997-02-14,11.32203999017908,11.387898175148832,11.285269737243652,11.285269737243652,97000.0,0.0,0.0
1997-02-18,11.322040753747181,11.353872299194336,11.250695341433664,11.353872299194336,39400.0,0.0,0.0
1997-02-19,11.322041340521624,11.353872887618476,11.113492315675076,11.148067474365234,75400.0,0.0,0.0
1997-02-20,11.113489508628845,11.148064658586009,10.873657510224803,10.976285934448242,81000.0,0.0,0.0
1997-02-21,10.976288706839581,11.148067474365234,10.942262061111991,11.148067474365234,126800.0,0.0,0.0
1997-02-24,11.216670989990234,11.216670989990234,11.182095826025314,11.216670989990234,26000.0,0.0,0.0
1997-02-25,11.216670989990234,11.216670989990234,11.182095826025314,11.216670989990234,26000.0,0.0,0.0
1997-02-26,11.250695421651828,11.285270578796622,11.182093620300293,11.182093620300293,165600.0,0.0,0.0
1997-02-27,11.184835907861865,11.422472829462354,11.18209229671594,11.319295883178711,160800.0,0.0,0.0
1997-02-28,11.322040753747181,11.491075900919137,11.319297142296065,11.353872299194336,169400.0,0.0,0.0
1997-03-03,11.322039494324638,11.387897676410098,11.250694089947325,11.319295883178711,116800.0,0.0,0.0
1997-03-04,11.322039494324638,11.387897676410098,11.285269242999583,11.319295883178711,65400.0,0.0,0.0
1997-03-05,11.28911387717381,11.422475814819336,11.216670381336254,11.422475814819336,118400.0,0.0,0.0
1997-03-06,11.387897676410098,11.422472829462354,11.319295883178711,11.319295883178711,122400.0,0.0,0.0
1997-03-07,11.354969256644265,11.765481948852539,11.353871184103417,11.765481948852539,166600.0,0.0,0.0
1997-03-10,11.733653059002465,11.868113066466098,11.696882798886351,11.834086418151855,217400.0,0.0,0.0
1997-03-11,11.837925057025256,11.97128695738783,11.73090642901731,11.902685165405273,116200.0,0.0,0.0
1997-03-12,11.870849670603084,11.902681201328758,11.525097214743932,11.559672355651855,157800.0,0.0,0.0
1997-03-13,11.52510493634695,11.52510493634695,11.387901306152344,11.387901306152344,112800.0,0.0,0.0
1997-03-14,11.459250114890718,11.525108337402344,11.216674334969692,11.525108337402344,204600.0,0.0,0.0
1997-03-17,11.525108337402344,11.662312008085705,11.456506502060662,11.525108337402344,123800.0,0.0,0.0
1997-03-18,11.596449341212926,11.765484508558936,11.491077272359306,11.73090934753418,351600.0,0.0,0.0
1997-03-19,11.700725508627292,11.730910474995223,11.456503212422234,11.49107837677002,249200.0,0.0,0.0
1997-03-20,11.456499971384668,11.456499971384668,11.25069458267716,11.285269737243652,135800.0,0.0,0.0
1997-03-21,11.353871036230968,11.353871036230968,11.285269242999583,11.319295883178711,180600.0,0.0,0.0
1997-03-24,11.354970632570943,11.456501007080078,11.250695599767262,11.456501007080078,266000.0,0.0,0.0
1997-03-25,11.426315784156545,11.525102544883266,11.250695341433664,11.353872299194336,85200.0,0.0,0.0
1997-03-26,11.353872299194336,11.353872299194336,11.079465095744734,11.353872299194336,117800.0,0.0,0.0
1997-03-27,11.319293404953138,11.319293404953138,10.907682735682114,10.94225788116455,252200.0,0.0,0.0
1997-03-31,10.91042634622736,11.044886292105788,10.805054324740876,10.94225788116455,136200.0,0.0,0.0
1997-04-01,10.910431847695344,11.010865211486816,10.839086422963097,11.010865211486816,123600.0,0.0,0.0
1997-04-02,10.942262491213306,10.942262491213306,10.633280102707163,10.667855262756348,176600.0,0.0,0.0
1997-04-03,10.636023964947457,10.805059131505717,10.5306518965849,10.77048397064209,105400.0,0.0,0.0
1997-04-07,10.910429844945565,10.976288033731329,10.805057789668743,10.907686233520508,63200.0,0.0,0.0
1997-04-08,10.873659324169223,10.873659324169223,10.530650331496938,10.805057525634766,167600.0,0.0,0.0
1997-04-09,10.805062222498236,10.805062222498236,10.701885223388672,10.701885223388672,25600.0,0.0,0.0
1997-04-11,10.701885223388672,10.805062222498236,10.701885223388672,10.701885223388672,25600.0,0.0,0.0
1997-04-14,10.32868585883451,10.427472608930275,10.119038794708713,10.39344596862793,110800.0,0.0,0.0
1997-04-15,10.465891525863537,10.667855262756348,10.427474681364444,10.667855262756348,95400.0,0.0,0.0
1997-04-16,10.636027007584254,10.701885223388672,10.42747790996845,10.701885223388672,56800.0,0.0,0.0
1997-04-17,10.701885223388672,10.873664050853293,10.667858565788125,10.701885223388672,187200.0,0.0,0.0
1997-04-21,10.740299412258526,10.805059538889985,10.496077131455944,10.633280754089355,66400.0,0.0,0.0
1997-04-22,10.636019089209105,10.839080810546875,10.564673701419107,10.839080810546875,59800.0,0.0,0.0
1997-04-23,10.805055483886905,10.805055483886905,10.05043584260252,10.119037628173828,430400.0,0.0,0.0
1997-04-24,10.050437620211646,10.050437620211646,9.22721604775372,10.015862464904785,1174600.0,0.0,0.0
1997-04-25,9.982933640815869,10.358871189563798,9.98183556824569,10.256242752075195,281400.0,0.0,0.0
1997-04-28,10.290275835523419,10.667860206111762,10.290275835523419,10.496081352233887,255200.0,0.0,0.0
1997-04-29,10.498819741763844,10.530651289025194,10.427474325384095,10.46204948425293,218800.0,0.0,0.0
1997-04-30,10.465891168571689,10.701881544473151,10.393447679480666,10.46204948425293,389600.0,0.0,0.0
1997-05-02,10.636019233380011,10.94225788116455,10.633275622834766,10.94225788116455,116800.0,0.0,0.0
1997-05-05,10.943361803328992,11.216670989990234,10.805060100688689,11.216670989990234,472800.0,0.0,0.0
1997-05-06,11.151908853963336,11.28527077485611,11.079465367226039,11.113492012023926,274800.0,0.0,0.0
1997-05-07,11.080560943923956,11.148064658586009,10.90768414735794,10.976285934448242,104000.0,0.0,0.0
1997-05-08,10.910427758258265,11.079462871495707,10.805055723134501,10.976285934448242,180000.0,0.0,0.0
1997-05-09,10.976288406937211,11.148067169769396,10.942261762139323,11.113492012023926,151000.0,0.0,0.0
1997-05-12,11.113494045763131,11.387901306152344,11.113494045763131,11.387901306152344,205200.0,0.0,0.0
1997-05-13,11.305181644580982,11.33992424646136,11.064188108788652,11.167313575744629,190800.0,0.1,0.0
1997-05-14,11.167309713740785,11.167309713740785,10.857382250712856,10.926316261291504,336200.0,0.0,0.0
1997-05-15,10.99635948154962,11.270992279052734,10.96051348256033,11.270992279052734,108400.0,0.0,0.0
1997-05-16,11.236244405590513,11.236244405590513,10.960508346557617,10.960508346557617,112200.0,0.0,0.0
1997-05-19,10.963262596910841,11.06418228149414,10.960505699800072,11.06418228149414,58200.0,0.0,0.0
1997-05-20,10.9963516733361,11.06418228149414,10.926314285270239,11.06418228149414,124600.0,0.0,0.0
1997-05-21,11.064184953287645,11.064184953287645,10.82264031704117,10.960508346557617,64200.0,0.0,0.0
1997-05-22,10.930176549054316,10.960507682004843,10.857382250712856,10.926316261291504,65000.0,0.0,0.0
1997-05-23,10.963266735579735,10.995252434125788,10.75370776502392,10.891575813293457,186200.0,0.0,0.0
1997-05-27,10.891573671426197,10.960507682004843,10.753705650268904,10.926316261291504,166600.0,0.0,0.0
1997-05-28,10.96326881199749,11.029445950514548,10.926320479410847,10.995254516601562,124000.0,0.0,0.0
1997-05-29,11.06418228149414,11.06418228149414,10.99524828338219,11.06418228149414,181000.0,0.0,0.0
1997-05-30,10.996353802513477,11.098375844955445,10.960507822036742,11.029441833496094,148200.0,0.0,0.0
1997-06-02,11.064184423805273,11.064184423805273,10.926316400886572,11.029441833496094,63000.0,0.0,0.0
1997-06-03,10.963268129774395,11.202055931091309,10.926319799486974,11.202055931091309,209800.0,0.0,0.0
1997-06-04,11.167309856414795,11.167309856414795,10.960507822036742,11.029441833496094,139400.0,0.0,0.0
1997-06-05,10.996353802513477,11.064184423805273,10.995250412345921,11.029441833496094,79800.0,0.0,0.0
1997-06-10,11.343781927040123,11.374113063505414,11.098376989238616,11.133119583129883,163600.0,0.0,0.0
1997-06-11,11.101131113724355,11.443044223207416,11.0983742164843,11.374110221862793,148000.0,0.0,0.0
1997-06-12,11.409954132665389,11.822454676093336,11.408850742859373,11.787712097167969,229400.0,0.0,0.0
1997-06-13,11.757384971067102,11.960326720133356,11.753524683207411,11.891392707824707,332600.0,0.0,0.0
1997-06-16,11.925590121468833,11.925590121468833,11.718787980634113,11.856656074523926,161000.0,0.0,0.0
1997-06-17,11.823564892104853,11.856652931348812,11.61565941564991,11.649850845336914,69600.0,0.0,0.0
1997-06-18,11.619512996023618,11.787712097167969,11.615652709476356,11.787712097167969,109600.0,0.0,0.0
1997-06-19,11.823557795257825,11.994513789230234,11.787711827346955,11.960322380065918,207400.0,0.0,0.0
1997-06-20,11.994513789230234,12.063447776524661,11.925579801935807,11.960322380065918,167000.0,0.0,0.0
1997-06-23,11.895252128746812,11.925583260247983,11.753523826599121,11.753523826599121,146400.0,0.0,0.0
1997-06-24,11.757385523319577,12.06345272064209,11.718782642909458,12.06345272064209,213800.0,0.0,0.0
1997-06-25,12.066204949398525,12.081094926609167,11.718778108295641,11.787712097167969,109400.0,0.0,0.0
1997-06-26,11.757387124309448,11.908490599525786,11.615658785876398,11.736431121826172,121600.0,0.0,0.0
1997-06-27,11.773926540640428,11.977419407505563,11.753521716311532,11.908485412597656,104800.0,0.0,0.0
1997-06-30,11.911794389944458,12.012161847777131,11.891389565856258,11.925580978393555,244600.0,0.0,0.0
1997-07-01,11.928341587357073,12.236063344104249,11.925584689549037,12.06345272064209,197800.0,0.0,0.0
1997-07-02,12.13238510657386,12.13238510657386,11.977421384706734,12.02925968170166,199200.0,0.0,0.0
1997-07-03,12.099300225765166,12.20132228709413,12.098196835393344,12.1152925491333,154000.0,0.0,0.0
1997-07-07,12.1323881149292,12.23606473462678,12.081100974334731,12.1323881149292,112800.0,0.0,0.0
1997-07-08,12.132385021793207,12.236061615058572,12.115289312620247,12.16712760925293,216800.0,0.0,0.0
1997-07-09,12.22061718340802,12.304992316538051,11.94322667548376,11.960322380065918,230200.0,0.0,0.0
1997-07-10,12.033123953826538,12.511801868823062,12.029263665025757,12.494706153869629,131400.0,0.0,0.0
1997-07-11,12.42466432194031,12.425766660055848,12.167126372300508,12.20131778717041,123000.0,0.0,0.0
1997-07-14,12.204079036430812,12.28790304447557,12.09819668786622,12.1323881149292,204200.0,0.0,0.0
1997-07-15,12.187531197780764,12.20131778717041,12.081096666067983,12.20131778717041,122400.0,0.0,0.0
1997-07-16,12.170987896748455,12.270253033404494,11.891391586030357,12.16712760925293,192600.0,0.0,0.0
1997-07-17,12.170988989562932,12.391026448414124,12.167128701720797,12.270254135131836,137200.0,0.0,0.0
1997-07-18,12.204078520767027,12.270255643229765,11.977423848550297,12.081100463867188,85600.0,0.0,0.0
1997-07-21,12.049664941982174,12.098194122314453,11.8913920960282,12.098194122314453,73200.0,0.0,0.0
1997-07-22,12.170991055843098,12.408124265660566,12.150035053735287,12.373932838439941,125800.0,0.0,0.0
1997-07-23,12.408122062683105,12.477056074142457,12.373930641532933,12.408122062683105,181600.0,0.0,0.0
1997-07-24,12.408122159122081,12.408122159122081,12.184224412428755,12.270254135131836,161400.0,0.0,0.0
1997-07-25,12.270253119148563,12.270253119148563,12.02925968170166,12.02925968170166,427600.0,0.0,0.0
1997-07-28,12.066211993283265,12.511801868823062,12.063455094932625,12.494706153869629,359400.0,0.0,0.0
1997-07-29,12.479813546634116,12.6667629814038,12.4599609375,12.4599609375,207200.0,0.0,0.0
1997-07-30,12.47981737422775,12.632575433123638,12.477060475610635,12.580737113952637,59800.0,0.0,0.0
1997-07-31,12.52944738539984,12.683859972425696,12.408123886068616,12.666764259338379,159000.0,0.0,0.0
1997-08-01,12.700403086772125,12.701505425128055,12.408122489465534,12.477056503295898,150200.0,0.0,0.0
1997-08-04,12.496356095928,12.666760961343831,12.477054659056419,12.597826957702637,126400.0,0.0,0.0
1997-08-05,12.667317201085323,12.873568125473323,12.666766031768198,12.804634094238281,71600.0,0.0,0.0
1997-08-06,12.805184888743426,13.028531522073475,12.804633719442434,12.97724437713623,102200.0,0.0,0.0
1997-08-07,12.959595295928851,13.218235653974004,12.925403871766862,13.011433601379395,152200.0,0.0,0.0
1997-08-08,12.838270483248515,12.85646853187285,12.563636779785156,12.563636779785156,233200.0,0.0,0.0
1997-08-11,12.562538230939946,12.925406441228885,12.528897969298114,12.804634094238281,140400.0,0.0,0.0
1997-08-12,12.788638242375573,13.046175190328293,12.787534852195774,12.890660285949707,175400.0,0.0,0.0
1997-08-13,12.915580801538985,12.946042246431917,12.73835172910948,12.807581901550293,143200.0,0.1,0.0
1997-08-14,12.843585196995795,12.859646229299496,12.617617331954701,12.70401668548584,133600.0,0.0,0.0
1997-08-15,12.63866601333166,12.651958305607497,12.2886381149292,12.2886381149292,178600.0,0.0,0.0
1997-08-18,12.22328052763178,12.530662698764106,12.18451179548333,12.513493537902832,123400.0,0.0,0.0
1997-08-19,12.550049652435668,12.669125672225114,12.496326953562226,12.599895477294922,175800.0,0.0,0.0
1997-08-20,12.599895362645551,12.704017422756001,12.548387869910476,12.6691255569458,166600.0,0.0,0.0
1997-08-21,12.634788884351313,12.634788884351313,12.357868070857505,12.427098274230957,169400.0,0.0,0.0
1997-08-22,12.361740888944091,12.513493537902832,12.253741976139485,12.513493537902832,99000.0,0.0,0.0
1997-08-25,12.51681687390662,12.599892879420262,12.479155216180283,12.513493537902832,55000.0,0.0,0.0
1997-08-26,12.46143773332717,12.548390648446201,12.375038355650855,12.409930229187012,140200.0,0.0,0.0
1997-08-27,12.378356352422093,12.582723555742321,12.305802836700972,12.530662536621094,77200.0,0.0,0.0
1997-08-28,12.478047809891404,12.479154884284073,12.08094297179928,12.271464347839355,252200.0,0.0,0.0
1997-08-29,12.239902415486135,12.27147095457227,12.080949475958958,12.167348861694336,74000.0,0.0,0.0
1997-09-02,12.239898563558036,12.686848258510976,12.21940606265425,12.6691255569458,118000.0,0.0,0.0
1997-09-03,12.721740124321176,12.738355751246052,12.617618064210726,12.6691255569458,146800.0,0.0,0.0
1997-09-04,12.70512481643076,12.825307902802251,12.686847522237217,12.70401668548584,248800.0,0.0,0.0
1997-09-05,12.738353037342502,12.876813396444051,12.513493338103041,12.65195369720459,81600.0,0.0,0.0
1997-09-08,12.72174024007924,12.790416897684246,12.599895477294922,12.599895477294922,95800.0,0.0,0.0
1997-09-10,12.638664217436798,12.721186702754053,12.565557148492418,12.599895477294922,159200.0,0.0,0.0
1997-09-11,12.530663112495327,12.530663112495327,12.046051831901584,12.236573219299316,195600.0,0.0,0.0
1997-09-12,12.306360239993875,12.46143627166748,12.01171673054616,12.46143627166748,100200.0,0.0,0.0
1997-09-15,12.500204157218963,12.599895809566437,12.461435416054718,12.565557479858398,123000.0,0.0,0.0
1997-09-16,12.56666834003072,12.669128757697576,12.565560208741529,12.634790420532227,274200.0,0.0,0.0
1997-09-17,12.638664217436798,12.669125672225114,12.548387984091168,12.599895477294922,234400.0,0.0,0.0
1997-09-18,12.655276174457928,12.66912199815486,12.479154170181767,12.582722663879395,168800.0,0.0,0.0
1997-09-19,12.5168197847332,12.634787676614257,12.513496447956557,12.565557479858398,173800.0,0.0,0.0
1997-09-22,12.53343124106998,12.807583216893278,12.530662498690178,12.65195369720459,244000.0,0.0,0.0
1997-09-23,12.669120310148857,12.669120310148857,12.51349082175582,12.617612838745117,137400.0,0.0,0.0
1997-09-24,12.565555565138041,12.565555565138041,12.340695844280228,12.392203330993652,156400.0,0.0,0.0
1997-09-25,12.394974482093271,12.409928441846212,12.288637208102719,12.3406982421875,110000.0,0.0,0.0
1997-09-26,12.339588769769355,12.427095192724705,12.184512772373647,12.392203330993652,178600.0,0.0,0.0
1997-09-29,12.378360574447006,12.513497644099598,12.340698904362316,12.427098274230957,101000.0,0.0,0.0
1997-09-30,12.44481789221795,12.513494541169182,12.357865006518036,12.392203330993652,149400.0,0.0,0.0
1997-10-01,12.428206405385417,12.496328477604408,12.271468700988864,12.427098274230957,78000.0,0.0,0.0
1997-10-02,12.378360241130173,12.479158975078139,12.340698572059612,12.46143627166748,98600.0,0.0,0.0
1997-10-03,12.533429807178923,12.565552919500565,12.253740378593983,12.305801391601562,176400.0,0.0,0.0
1997-10-06,12.444820071001839,12.530665897220386,12.409928203162073,12.479158401489258,415200.0,0.0,0.0
1997-10-07,12.513497644099598,12.513497644099598,12.427098274230957,12.427098274230957,116000.0,0.0,0.0
1997-10-08,12.392204911929198,12.392204911929198,11.907593546658225,12.098114967346191,262200.0,0.0,0.0
1997-10-09,12.101438138519878,12.18451416015625,11.97682357788086,12.115283966064453,231200.0,0.0,0.0
1997-10-10,12.029434648175982,12.236571632918768,11.942481777849322,12.20223331451416,114000.0,0.0,0.0
1997-10-13,12.239898411742367,12.253744239156896,12.133006553619122,12.184514045715332,40400.0,0.0,0.0
1997-10-14,12.223279346556707,12.236571632918768,12.02888111101841,12.20223331451416,401200.0,0.0,0.0
1997-10-15,12.184515139933154,12.42709760742014,12.167345974359225,12.3406982421875,325400.0,0.0,0.0
1997-10-16,12.273127981360478,12.44426501924978,11.890423500031819,11.976822853088379,162000.0,0.0,0.0
1997-10-17,11.838361318963788,11.838361318963788,11.267350692268902,11.665562629699707,369800.0,0.0,0.0
1997-10-20,11.699902699810684,11.699902699810684,11.52710398474251,11.682733535766602,326000.0,0.0,0.0
1997-10-21,11.7026773505457,11.717631316515307,9.692231981476315,10.713516235351562,2656800.0,0.0,0.0
1997-10-22,10.70021671961425,11.353749804191594,10.57504864400166,11.180951118469238,1316400.0,0.0,0.0
1997-10-23,10.938372238822605,11.250184925715946,10.575052051945416,11.146062850952148,654400.0,0.0,0.0
1997-10-24,11.215291720170242,11.215291720170242,10.748403051495607,10.799910545349121,425800.0,0.0,0.0
1997-10-27,10.73344597909014,10.799907412585178,9.89991512820308,9.917637825012207,611000.0,0.0,0.0
1997-10-28,9.880530059624547,10.350187301635742,9.519425252158578,10.350187301635742,1206200.0,0.0,0.0
1997-10-29,10.351296355527925,10.54070959574417,10.021206499919016,10.176836013793945,423000.0,0.0,0.0
1997-10-30,10.107605772028593,10.575047847838112,10.107605772028593,10.419418334960938,398800.0,0.0,0.0
1997-10-31,10.423297841227004,10.557881355285645,10.21173038523231,10.557881355285645,480400.0,0.0,0.0
1997-11-03,10.48975694203947,10.799907845934351,10.488648811283152,10.78273868560791,241400.0,0.0,0.0
1997-11-04,10.7832944082298,10.799910034729884,10.522989264608604,10.696341514587402,303600.0,0.0,0.0
1997-11-05,10.66145088729,10.886864192159852,10.488652154558082,10.609943389892578,303600.0,0.0,0.0
1997-11-06,10.611603990581187,10.782741037612672,10.52298942728201,10.67917251586914,134600.0,0.0,0.0
1997-11-07,10.611604655307833,10.834802745849819,10.540712788953934,10.765572547912598,262000.0,0.0,0.0
1997-11-10,10.904032092178362,10.904032092178362,10.609942158251002,10.696341514587402,332000.0,0.0,0.0
1997-11-11,10.73345415239807,10.817638346806792,10.679177889928559,10.713516235351562,288800.0,0.0,0.0
1997-11-12,10.650045209440535,10.73466682434082,10.647262078729126,10.73466682434082,199800.0,0.1,0.0
1997-11-13,10.716849967053063,10.769181521607225,10.577670097351074,10.577670097351074,160600.0,0.0,0.0
1997-11-14,10.577671026414441,10.804255644829414,10.560412644601762,10.7864408493042,116000.0,0.0,0.0
1997-11-17,10.839329412848665,11.064801216125488,10.786441437103463,11.064801216125488,146800.0,0.0,0.0
1997-11-18,11.01191239454762,11.203980245050968,10.995210426820204,11.099873542785645,188800.0,0.0,0.0
1997-11-19,11.100991066506532,11.273573875427246,11.099877176883401,11.273573875427246,283800.0,0.0,0.0
1997-11-20,11.312535949886067,11.48233550543951,11.308638931795157,11.447818756103516,183600.0,0.0,0.0
1997-11-21,11.46842529326532,11.569747830402218,11.412753114481516,11.534674644470215,162200.0,0.0,0.0
1997-11-24,11.518527419814674,11.534671912476163,11.343160469831934,11.36097526550293,308600.0,0.0,0.0
1997-11-25,11.29138390048077,11.604260391075513,11.29138390048077,11.482338905334473,254600.0,0.0,0.0
1997-11-26,11.46842410850287,11.639336585998535,11.430566733520418,11.639336585998535,458600.0,0.0,0.0
1997-11-28,11.674407793603752,11.72618293762207,11.639334617227595,11.72618293762207,16000.0,0.0,0.0
1997-12-01,11.763484893287705,12.213314652523882,11.74344337808954,12.160983085632324,299200.0,0.0,0.0
1997-12-02,12.164324387231133,12.282905305670136,12.091393825320665,12.143725395202637,384400.0,0.0,0.0
1997-12-03,12.125354774742148,12.160984374840133,11.969472885131836,11.969472885131836,357000.0,0.0,0.0
1997-12-04,12.008438627099773,12.230569785911939,12.004541607854964,12.108648300170898,136600.0,0.0,0.0
1997-12-05,12.091948859151204,12.19605557320731,12.039060881478447,12.178240776062012,213600.0,0.0,0.0
1997-12-08,12.178238395244884,12.178238395244884,11.969468594183542,12.056873321533203,155200.0,0.0,0.0
1997-12-09,12.07524527323585,12.160979695510258,12.021799831795233,12.126462936401367,175800.0,0.0,0.0
1997-12-10,12.125354182197585,12.178242165906193,12.091393825320665,12.143725395202637,164000.0,0.0,0.0
1997-12-11,12.075247951390505,12.230572339971634,12.056875678623744,12.178240776062012,105200.0,0.0,0.0
1997-12-12,12.178235388940045,12.178235388940045,11.987280428680169,12.021797180175781,317200.0,0.0,0.0
1997-12-15,12.02514200542218,12.196054458618164,12.021801399432007,12.196054458618164,290000.0,0.0,0.0
1997-12-16,12.214425136950876,12.265642800116392,12.091389763652746,12.126462936401367,428000.0,0.0,0.0
1997-12-17,12.19605626815831,12.19605626815831,12.074134750009621,12.160983085632324,130600.0,0.0,0.0
1997-12-18,12.160980665891266,12.160980665891266,11.848104154386458,11.917694091796875,146400.0,0.0,0.0
1997-12-19,11.778513802364431,11.778513802364431,11.500154062521217,11.743440628051758,256200.0,0.0,0.0
1997-12-22,11.796886501191304,11.848104168504747,11.621519561387798,11.708924293518066,270400.0,0.0,0.0
1997-12-23,11.691113302173772,11.778518062738106,11.551933381909798,11.587006568908691,94600.0,0.0,0.0
1997-12-24,11.551931381225586,11.58700456215014,11.32590315340901,11.551931381225586,165200.0,0.0,0.0
1997-12-26,11.48512203542729,11.53467045831591,11.41274897257487,11.482338905334473,22600.0,0.0,0.0
1997-12-29,11.485123308772994,11.96946976169647,11.482340178371613,11.952211380004883,395600.0,0.0,0.0
1997-12-30,11.969472300204945,12.160983780554416,11.969472300204945,12.143725395202637,169600.0,0.0,0.0
1997-12-31,12.181019628421769,12.352489512633776,12.1437197440842,12.265641212463379,86200.0,0.0,0.0
1998-01-02,12.303501769150204,12.387009485896964,12.021801399432007,12.196054458618164,101800.0,0.0,0.0
1998-01-05,12.197725876355046,12.42208379846482,12.039060881478447,12.178240776062012,194000.0,0.0,0.0
1998-01-06,12.147617044748277,12.160978403689098,11.917691874851204,11.987281799316406,108600.0,0.0,0.0
1998-01-07,11.919364394707436,12.056873966617706,11.795772597907614,11.917694091796875,218400.0,0.0,0.0
1998-01-08,11.91936199669127,11.934950071576168,11.813028602215876,11.830286979675293,143600.0,0.0,0.0
1998-01-09,11.707808839767011,11.726180043967569,11.517410278320312,11.517410278320312,101200.0,0.0,0.0
1998-01-12,11.412746475128356,11.691106145253439,11.308639805594042,11.621516227722168,176400.0,0.0,0.0
1998-01-13,11.657708399627023,11.708926074731925,11.465083049568355,11.551931381225586,135400.0,0.0,0.0
1998-01-15,11.451716459699107,11.517409357694781,11.308639608735197,11.430561065673828,358200.0,0.0,0.0
1998-01-16,11.501828692727853,11.72618665949319,11.44782681492212,11.691113471984863,171800.0,0.0,0.0
1998-01-20,11.730077062603257,11.760696798128793,11.412747188716697,11.517410278320312,187000.0,0.0,0.0
1998-01-21,11.48512271363124,11.726182569255243,11.447822821779509,11.673851013183594,192200.0,0.0,0.0
1998-01-22,11.67440397955109,11.726179106654364,11.169459776095474,11.430561065673828,410600.0,0.0,0.0
1998-01-23,11.46842340891548,11.482341185860012,10.908363230006374,11.203981399536133,295600.0,0.0,0.0
1998-01-26,11.186719690206584,11.795770645141602,11.186719690206584,11.795770645141602,322400.0,0.0,0.0
1998-01-27,11.780179030900591,11.969463657408218,11.673845664578476,11.81302547454834,236800.0,0.0,0.0
1998-01-28,11.780185101396611,11.899879884599724,11.778514798403599,11.865363121032715,170000.0,0.0,0.0
1998-01-29,11.813587975682202,11.969469825445337,11.813031561970607,11.865363121032715,198000.0,0.0,0.0
1998-01-30,11.846991268427567,12.021800731615262,11.691109427130224,12.004542350769043,160800.0,0.0,0.0
1998-02-02,12.075243335601952,12.47441059400332,12.056871069858031,12.213309288024902,250800.0,0.0,0.0
1998-02-03,12.164318726526893,12.265641212463379,12.056871443913803,12.265641212463379,99200.0,0.0,0.0
1998-02-04,12.231131878496468,12.456603747593514,12.230575464591182,12.439345359802246,127000.0,0.0,0.0
1998-02-05,12.476086082317305,12.508932547031213,12.335235879880548,12.47441577911377,99400.0,0.0,0.0
1998-02-06,12.509486300015698,12.665368136269482,12.508929886352325,12.578519821166992,161400.0,0.0,0.0
1998-02-09,12.542892204794269,12.648111744050057,12.45660028979153,12.491673469543457,84800.0,0.0,0.0
1998-02-10,12.459382991237767,12.7349596341451,12.422083095909006,12.526189804077148,117600.0,0.0,0.0
1998-02-11,12.565159739584901,12.578521101873246,12.456599600118063,12.508931159973145,47000.0,0.0,0.0
1998-02-12,12.508928232868968,12.508928232868968,12.247826908411605,12.387006759643555,191600.0,0.0,0.0
1998-02-13,12.387008031209309,12.387008031209309,11.969468434651692,12.108648300170898,140600.0,0.0,0.0
1998-02-17,12.136627430266484,12.310087454659598,12.100256418500628,12.240143775939941,230200.0,0.11,0.0
1998-02-18,12.259726367144708,12.449973234536053,12.205450011031354,12.397934913635254,159400.0,0.0,0.0
1998-02-19,12.399610729774937,12.485221692820712,12.3800265922975,12.449970245361328,103000.0,0.0,0.0
1998-02-20,12.522719680927848,12.589866103070273,12.467884058744302,12.555173873901367,145400.0,0.0,0.0
1998-02-23,12.589857551488983,12.589857551488983,12.327988283890836,12.449970245361328,174800.0,0.0,0.0
1998-02-24,12.44997334884385,12.519917019342973,12.222796230220288,12.380029678344727,109800.0,0.0,0.0
1998-02-25,12.449973071887118,12.467878420609345,12.327991082722972,12.362683296203613,49600.0,0.0,0.0
1998-02-26,12.32687484779147,12.607768058776855,12.3100879799703,12.607768058776855,124400.0,0.0,0.0
1998-02-27,12.589862706787807,12.747655422185609,12.589862706787807,12.607768058776855,113800.0,0.0,0.0
1998-03-02,12.539503457432112,12.72975036140055,12.537824663886003,12.712404251098633,162600.0,0.0,0.0
1998-03-03,12.712960829040643,12.852288924354818,12.607765705080588,12.834942817687988,124200.0,0.0,0.0
1998-03-04,12.852292307987355,12.852292307987355,12.625115135570852,12.695058822631836,143400.0,0.0,0.0
1998-03-05,12.625110626220703,12.625110626220703,12.380028187980736,12.625110626220703,182000.0,0.0,0.0
1998-03-06,12.556287694315323,12.869635031021648,12.55516814310056,12.834942817687988,92400.0,0.0,0.0
1998-03-09,12.785703878796735,12.86963607452728,12.695056509744512,12.729748725891113,81600.0,0.0,0.0
1998-03-10,12.802488164705409,13.009521885814074,12.764998675608798,12.97482967376709,190400.0,0.0,0.0
1998-03-11,12.959165062555552,13.044776059347646,12.869637236724028,12.939580917358398,97400.0,0.0,0.0
1998-03-12,12.942381471982907,13.0274332482346,12.869640495297839,12.992181777954102,62000.0,0.0,0.0
1998-03-13,13.00952388929284,13.079467566116996,12.712403073301411,12.869636535644531,73000.0,0.0,0.0
1998-03-16,12.942380939182877,13.132068634033203,12.90489143432164,13.132068634033203,139800.0,0.0,0.0
1998-03-17,13.009522368315363,13.079466036962218,12.799691362374793,12.834942817687988,232600.0,0.0,0.0
1998-03-18,12.834946015196834,12.834946015196834,12.432630009755458,12.485227584838867,116800.0,0.0,0.0
1998-03-19,12.449978292175073,12.467883648405033,12.380034593904426,12.41528606414795,250000.0,0.0,0.0
1998-03-20,12.349259050152778,12.432632031425923,12.275398522726809,12.292744636535645,502000.0,0.0,0.0
1998-03-23,12.259728620719297,12.345339620056786,12.25804982718736,12.310088157653809,191400.0,0.0,0.0
1998-03-24,12.349259195904361,12.432632178161512,12.32799625186374,12.41528606414795,163200.0,0.0,0.0
1998-03-25,12.416405079701038,12.48522922331095,12.38003405933907,12.467883110046387,289800.0,0.0,0.0
1998-03-26,12.399614284954954,12.572515053440366,12.397935491653342,12.519917488098145,107400.0,0.0,0.0
1998-03-27,12.589860673767427,12.695055800378972,12.589860673767427,12.659804344177246,162000.0,0.0,0.0
1998-03-30,12.662604456808667,12.729750865030015,12.432630009755458,12.485227584838867,167600.0,0.0,0.0
1998-03-31,12.489140130063063,12.88753916949866,12.48522330206273,12.625110626220703,183200.0,0.0,0.0
1998-04-01,12.606646037328666,12.659802836296686,12.519915512138711,12.625110626220703,355600.0,0.0,0.0
1998-04-02,12.86963607452728,12.86963607452728,12.729748725891113,12.729748725891113,27200.0,0.0,0.0
1998-04-03,12.869636510814418,12.869636510814418,12.712403048774659,12.782346725463867,117200.0,0.0,0.0
1998-04-06,12.852291323700204,12.852291323700204,12.589862706787807,12.607768058776855,148600.0,0.0,0.0
1998-04-07,12.606648964302243,12.642459666546692,12.39793641346108,12.432628631591797,110400.0,0.0,0.0
1998-04-08,12.415285917617087,12.415285917617087,12.292744636535645,12.292744636535645,24800.0,0.0,0.0
1998-04-09,12.186986894392453,12.537823770097678,12.152853918318602,12.432628631591797,125800.0,0.0,0.0
1998-04-13,12.466762391145163,12.467880875329186,12.292742047498326,12.310088157653809,147000.0,0.0,0.0
1998-04-14,12.310086468744544,12.572515053440366,12.310086468744544,12.519917488098145,156600.0,0.0,0.0
1998-04-15,12.52271658922693,12.7476557137992,12.345339724274723,12.712404251098633,120800.0,0.0,0.0
1998-04-16,12.677714195797897,12.677714195797897,12.362687946074507,12.467883110046387,145200.0,0.0,0.0
1998-04-17,12.466763271107224,12.589863777160645,12.397938067719304,12.589863777160645,93200.0,0.0,0.0
1998-04-20,12.60664846238579,12.659805271579232,12.555169379296151,12.572515487670898,144000.0,0.0,0.0
1998-04-21,12.505927267284632,12.642457008361816,12.467877470301346,12.642457008361816,88800.0,0.0,0.0
1998-04-22,12.607764797525435,12.71240067197386,12.607764797525435,12.642457008361816,59400.0,0.0,0.0
1998-04-23,12.645815723586637,12.712401806996896,12.362683457712174,12.397934913635254,290400.0,0.0,0.0
1998-04-24,12.38283133755641,12.502575336575514,12.362687946074507,12.467883110046387,231600.0,0.0,0.0
1998-04-27,12.326872048007546,12.38002884981733,12.205449306250348,12.327990531921387,190000.0,0.0,0.0
1998-04-28,12.31009075034448,12.415285917617087,12.24014705289934,12.292744636535645,572800.0,0.0,0.0
1998-04-29,12.293299029844444,12.449973234536053,12.24014222496522,12.397934913635254,314600.0,0.0,0.0
1998-04-30,12.399610729774937,12.572511448686761,12.345334386693057,12.449970245361328,172400.0,0.0,0.0
1998-05-01,12.522716401044455,12.58986280560025,12.310088076586911,12.502573013305664,137800.0,0.0,0.0
1998-05-04,12.505933875834371,12.67771516046214,12.502576287913207,12.555173873901367,294000.0,0.0,0.0
1998-05-05,12.555172918561453,12.555172918561453,12.449977754589575,12.467883110046387,256200.0,0.0,0.0
1998-05-06,12.537821529375918,12.537821529375918,12.222795412215662,12.327990531921387,460600.0,0.0,0.0
1998-05-07,12.276513328086644,12.310085991048814,11.92567542482533,12.012965202331543,141000.0,0.0,0.0
1998-05-08,11.979952643954721,12.135507309828547,11.978273850597377,12.11816120147705,168400.0,0.0,0.0
1998-05-11,12.170198440551758,12.310085778948904,12.170198440551758,12.170198440551758,141400.0,0.0,0.0
1998-05-12,12.13662920393588,12.27539703027899,12.03031449791334,12.258050918579102,160000.0,0.0,0.0
1998-05-13,12.209368386542359,12.292741345494703,12.20545155761015,12.240143775939941,67600.0,0.0,0.0
1998-05-14,12.20936693490659,12.292739883946288,11.995619095229017,12.012965202331543,193400.0,0.0,0.0
1998-05-15,12.013525309334222,12.170199526531539,11.995619958948874,12.11816120147705,126800.0,0.0,0.0
1998-05-18,12.164836054781807,12.214890561921598,12.091723778344305,12.16202449798584,62600.0,0.11,0.0
1998-05-19,12.164846270329415,12.197466149156288,12.021433153817819,12.091733932495117,98800.0,0.0,0.0
1998-05-20,12.091727698934173,12.162028441369838,12.02142695649851,12.127159118652344,64400.0,0.0,0.0
1998-05-21,12.131096042552567,12.180025299617622,12.056858475094952,12.07429313659668,105800.0,0.0,0.0
1998-05-22,12.302636268527008,12.302636268527008,12.074299262148404,12.091733932495117,324200.0,0.0,0.0
1998-05-26,12.07485663716715,12.127160627752081,11.880826950073242,11.880826950073242,148000.0,0.0,0.0
1998-05-27,11.900514082425493,12.03942825598737,11.687924411225973,11.84596061706543,109200.0,0.0,0.0
1998-05-28,11.827398765347064,11.933693037728796,11.758222208304444,11.880826950073242,151600.0,0.0,0.0
1998-05-29,11.849896895830032,12.07429703436271,11.828525402983846,11.863394737243652,88200.0,0.0,0.0
1998-06-01,11.866762908960965,12.021424293518066,11.81052211293003,12.021424293518066,128200.0,0.0,0.0
1998-06-02,12.074852670496817,12.23232668759096,11.84595373154113,11.93368911743164,102000.0,0.0,0.0
1998-06-03,12.021430901430957,12.021430901430957,11.652492406823658,11.705358505249023,292200.0,0.0,0.0
1998-06-04,11.75991591591221,11.863398686058558,11.687927761979328,11.810532569885254,82800.0,0.0,0.0
1998-06-05,11.849896895830032,11.863394737243652,11.669927107254498,11.863394737243652,451400.0,0.0,0.0
1998-06-08,11.849897442963483,12.021431490839783,11.793094516048047,11.84596061706543,388600.0,0.0,0.0
1998-06-09,11.916260835820102,11.916260835820102,11.810528638667204,11.863394737243652,229000.0,0.0,0.0
1998-06-10,11.88364491856581,11.898830129298707,11.810532569885254,11.810532569885254,123800.0,0.0,0.0
1998-06-11,11.776776440565094,11.863386546525978,11.635049739925284,11.687915802001953,373800.0,0.0,0.0
1998-06-12,11.619304252833302,11.986555187720334,11.61761688947141,11.93368911743164,234000.0,0.0,0.0
1998-06-15,11.866763299673565,11.986555373181556,11.635051727294922,11.635051727294922,375400.0,0.0,0.0
1998-06-16,11.726162904494561,12.091726514820406,11.669922101512718,11.793088912963867,222000.0,0.0,0.0
1998-06-17,11.86676909676972,12.197463519358918,11.845959701757353,12.003995895385742,302000.0,0.0,0.0
1998-06-18,11.900511007487719,11.95112763387105,11.529323129146189,11.722790718078613,266400.0,0.0,0.0
1998-06-19,11.686794656755247,11.740222829566626,11.582186698913574,11.582186698913574,399400.0,0.0,0.0
1998-06-22,11.669920591874556,11.793087387392667,11.582185208021441,11.59961986541748,339000.0,0.0,0.0
1998-06-23,11.61930560470994,11.722788297079417,11.406716032344983,11.547317504882812,263600.0,0.0,0.0
1998-06-24,11.529322624206543,11.582188709248683,11.38872112878939,11.529322624206543,403200.0,0.0,0.0
1998-06-25,11.546193310980074,11.547317504882812,11.300983879465926,11.547317504882812,230400.0,0.0,0.0
1998-06-26,11.546193820902223,11.617618754228262,11.4590205179054,11.511886596679688,307800.0,0.0,0.0
1998-06-29,11.512450841363465,11.582189496771033,11.336417911601378,11.424153327941895,123000.0,0.0,0.0
1998-06-30,11.478710893001207,11.56475897622263,11.388725983393243,11.494458198547363,260800.0,0.0,0.0
1998-07-01,11.428089375873508,11.599623371915118,11.38872112878939,11.529322624206543,281000.0,0.0,0.0
1998-07-02,11.52932189930448,11.52932189930448,11.300985007868917,11.4415864944458,352400.0,0.0,0.0
1998-07-06,11.424154204871229,11.424154204871229,11.195817266026097,11.24812126159668,399200.0,0.0,0.0
1998-07-07,11.287486228156748,11.388719461670927,11.177817249417762,11.230683326721191,354000.0,0.0,0.0
1998-07-08,11.180625877618962,11.318415758846788,11.14294500975581,11.283546447753906,479200.0,0.0,0.0
1998-07-09,11.214372654912896,11.336414189097379,11.07264592960756,11.160381317138672,194400.0,0.0,0.0
1998-07-10,11.09064874607227,11.160387416694684,10.966919780871981,11.01978588104248,180800.0,0.0,0.0
1998-07-13,11.017534567800617,11.230686296973746,11.002349364216537,11.177820205688477,108200.0,0.0,0.0
1998-07-14,11.180632896094036,11.336419627474378,11.125517338086475,11.30098819732666,101400.0,0.0,0.0
1998-07-15,11.29873789309022,11.494454962756208,11.160385838521506,11.24812126159668,135600.0,0.0,0.0
1998-07-16,11.214377198169132,11.388722777366638,11.1778205037117,11.24812126159668,86600.0,0.0,0.0
1998-07-17,11.321233275960202,11.336418479544282,11.125516211512425,11.177820205688477,96000.0,0.0,0.0
1998-07-20,11.180631247090094,11.353852619413232,11.177819688969578,11.213251113891602,101400.0,0.0,0.0
1998-07-21,11.248118536995428,11.283549955917561,10.949480912603498,11.002346992492676,528200.0,0.0,0.0
1998-07-22,11.006283592786223,11.107516829191265,11.002346768541676,11.090082168579102,134200.0,0.0,0.0
1998-07-23,11.017534319155722,11.107519199002173,10.89661693572998,10.89661693572998,399400.0,0.0,0.0
1998-07-24,10.899428493917014,10.949483025822161,10.861747607066214,10.89661693572998,291000.0,0.0,0.0
1998-07-27,10.896615257538711,10.896615257538711,10.668278365100875,10.808879852294922,75200.0,0.0,0.0
1998-07-28,10.775702364198635,10.826319006408607,10.457380473682752,10.7385835647583,285400.0,0.0,0.0
1998-07-29,10.736330056733484,10.966916418694831,10.721144855252614,10.826314926147461,277600.0,0.0,0.0
1998-07-30,10.899428520476501,10.949483052503618,10.738580788717504,10.914613723754883,268200.0,0.0,0.0
1998-07-31,10.843185074764929,11.142946849423932,10.721142465790965,10.861743927001953,261800.0,0.0,0.0
1998-08-03,10.933171944566345,11.019782083085994,10.77401052900139,10.808879852294922,161600.0,0.0,0.0
1998-08-04,10.792567861520437,10.984910117678027,10.439938961626247,10.45737361907959,163600.0,0.0,0.0
1998-08-05,10.455128079735104,10.66827979993822,10.26390994561685,10.404511451721191,450600.0,0.0,0.0
1998-08-06,10.370763938502167,10.79144304990845,10.36963867200125,10.685710906982422,145600.0,0.0,0.0
1998-08-07,10.685715098747831,11.107519642119456,10.685715098747831,10.932048797607422,253000.0,0.0,0.0
1998-08-10,10.904898723745422,11.170733512636831,10.835328470854854,10.852862358093262,188200.0,0.11,0.0
1998-08-11,10.870965859187098,10.958635330200195,10.764631901396205,10.958635330200195,245400.0,0.0,0.0
1998-08-12,10.961460509112275,11.29460334777832,10.870398201346879,11.29460334777832,181400.0,0.0,0.0
1998-08-13,11.295168160981914,11.418470684628637,10.976731666691718,10.99426555633545,223800.0,0.0,0.0
1998-08-14,10.961460452651307,11.170735465155706,10.76462950737429,10.817231178283691,206000.0,0.0,0.0
1998-08-17,10.786121862815664,11.118133005065923,10.746529558105829,10.976731300354004,218400.0,0.0,0.0
1998-08-18,10.961458452934448,11.559870719909668,10.958630893831474,11.559870719909668,271200.0,0.0,0.0
1998-08-19,11.453537370448378,11.7363407623113,11.382836522482647,11.506704330444336,228000.0,0.0,0.0
1998-08-20,11.453537204447407,11.665639745270507,11.34776858207508,11.418469429016113,66000.0,0.0,0.0
1998-08-21,11.402630966540196,11.43600177041461,11.10003146885326,11.241433143615723,156400.0,0.0,0.0
1998-08-24,11.312131535456622,11.736336468036246,11.312131535456622,11.330230712890625,211800.0,0.0,0.0
1998-08-25,11.385662968638039,11.471635433012802,11.18883206879735,11.223899841308594,87000.0,0.0,0.0
1998-08-26,11.02933063147203,11.277066210307343,11.02933063147203,11.241433143615723,140000.0,0.0,0.0
1998-08-27,11.136799416471437,11.400937285974473,10.640761741009852,10.658295631408691,245800.0,0.0,0.0
1998-08-28,10.446756471294597,11.029331822603453,10.446191175231535,10.852862358093262,267400.0,0.0,0.0
1998-08-31,10.853993103308678,10.906028385713551,10.145853042602539,10.145853042602539,208400.0,0.0,0.0
1998-09-01,10.254450503948036,10.693927216113787,10.251622944708357,10.552525520324707,459800.0,0.0,0.0
1998-09-02,10.537251785684223,10.605125060749025,10.411121739948287,10.428655624389648,115600.0,0.0,0.0
1998-09-03,10.395850856467725,10.640758881256899,10.3930232975934,10.463724136352539,250000.0,0.0,0.0
1998-09-04,10.537258401740708,10.570063928520481,10.269726520552165,10.34042739868164,236200.0,0.0,0.0
1998-09-08,10.412820560486862,10.782161712646484,10.216554942044006,10.782161712646484,238400.0,0.0,0.0
1998-09-09,10.763493752832485,11.064961520371725,10.463721872965495,10.605123519897461,217600.0,0.0,0.0
1998-09-10,10.534423253928228,10.534423253928228,10.075150525039342,10.269719123840332,240400.0,0.0,0.0
1998-09-11,10.199022502223109,10.728996276855469,10.199022502223109,10.728996276855469,319400.0,0.0,0.0
1998-09-14,10.797432967564768,10.835328300570618,10.72899438668516,10.764627456665039,265200.0,0.0,0.0
1998-09-15,10.514634077598489,10.640764195281232,10.234092845320234,10.322327613830566,358800.0,0.0,0.0
1998-09-16,10.305355425277273,10.322324017513044,10.075153692539665,10.287256240844727,302800.0,0.0,0.0
1998-09-17,10.220513111311575,10.28725472057599,10.00445136462909,10.145853042602539,178200.0,0.0,0.0
1998-09-18,10.146983387088781,10.32232114279019,10.039517823809637,10.128317832946777,190400.0,0.0,0.0
1998-09-21,10.056490188107277,10.216556383044527,9.898119881629798,10.09268856048584,87000.0,0.0,0.0
1998-09-22,10.07911507911126,10.180924496687668,9.933754118836172,10.057621955871582,322000.0,0.0,0.0
1998-09-23,10.1300161237133,10.180920814088479,9.986917478886118,10.145853042602539,165000.0,0.0,0.0
1998-09-24,10.090426297063361,10.340424205603213,10.004453814152459,10.09268856048584,132600.0,0.0,0.0
1998-09-25,10.022555576736103,10.128324240294361,9.86305463695086,9.88058853149414,450600.0,0.0,0.0
1998-09-28,9.898120671721442,10.039522395603177,9.809885918344953,10.004454612731934,314400.0,0.0,0.0
1998-09-29,10.079114480212192,10.128322218608933,9.916219637531034,10.039522171020508,166000.0,0.0,0.0
1998-09-30,10.113051638959185,10.154340919795684,9.827420608188783,9.916220664978027,269600.0,0.0,0.0
1998-10-01,9.773686323616849,9.898119436735856,9.597782135009766,9.597782135009766,184600.0,0.0,0.0
1998-10-02,9.632281381696624,10.110218599864414,9.580245027560782,9.898116111755371,159600.0,0.0,0.0
1998-10-05,9.915089045159567,10.039522171020508,9.792351807855827,10.039522171020508,200600.0,0.0,0.0
1998-10-06,10.022549394872637,10.180919644378681,9.721646891739315,9.863048553466797,251600.0,0.0,0.0
1998-10-07,9.864183072061566,10.145854806129044,9.704115809683781,9.827418327331543,173400.0,0.0,0.0
1998-10-08,9.75671923160553,10.180924415588379,9.473915775616963,10.180924415588379,220000.0,0.0,0.0
1998-10-09,10.18092514564251,10.340426073234692,10.110224276575549,10.251626014709473,296000.0,0.0,0.0
1998-10-12,10.254449603973512,10.304789000258255,10.057618702363126,10.199020385742188,90400.0,0.0,0.0
1998-10-13,10.1300161237133,10.234087767332234,10.00445136462909,10.145853042602539,62800.0,0.0,0.0
1998-10-14,10.220513502029123,10.287255113844987,10.075152588776394,10.199020385742188,152600.0,0.0,0.0
1998-10-15,10.146983960191216,10.570057291866302,9.986916737518326,10.428655624389648,144200.0,0.0,0.0
1998-10-16,10.853995982092465,11.365304205516894,10.817231234001753,11.29460334777832,367000.0,0.0,0.0
1998-10-19,11.10285459786198,11.489164138510981,11.1000270401709,11.40092945098877,381400.0,0.0,0.0
1998-10-20,11.402632637416845,12.16054581150864,11.400935670352986,11.665639877319336,332600.0,0.0,0.0
1998-10-21,11.594942519579169,11.930912971496582,11.559874733195755,11.930912971496582,152200.0,0.0,0.0
1998-10-22,11.894710974275196,11.895841566441264,10.887930517291913,10.90602970123291,594600.0,0.0,0.0
1998-10-23,10.870958227758335,10.887926813761393,10.481821050750053,10.605123519897461,223400.0,0.0,0.0
1998-10-26,10.644718110966464,10.711459720016038,10.44619025066601,10.463724136352539,167600.0,0.0,0.0
1998-10-27,10.5033222823053,10.60513171942131,10.110225572514983,10.34042739868164,231800.0,0.0,0.0
1998-10-28,10.2544486232953,10.322321899502288,10.145852460173241,10.163386344909668,247000.0,0.0,0.0
1998-10-29,10.146984869514162,10.393023490905762,10.092686244596345,10.393023490905762,98000.0,0.0,0.0
1998-10-30,10.446761259730616,10.534430736107323,10.340427295434221,10.49936294555664,151400.0,0.0,0.0
1998-11-02,10.57119245081261,11.170735416679117,10.516893812843769,11.011799812316895,240000.0,0.0,0.0
1998-11-03,10.995396611438904,11.259534454769048,10.923564089656947,11.206367492675781,212000.0,0.0,0.0
1998-11-04,11.244263459281976,11.312136754485035,10.958632480907378,10.99426555633545,426400.0,0.0,0.0
1998-11-05,11.029329511671737,11.170731172077785,10.994261744542534,11.153197288513184,108200.0,0.0,0.0
1998-11-06,11.351727257911197,11.41846887142533,11.135665497471154,11.277067184448242,106800.0,0.0,0.0
1998-11-09,11.278198488881259,11.55987018277175,10.976729566952756,11.064964294433594,306800.0,0.0,0.0
1998-11-10,11.023435531988868,11.304994359432795,10.736189611788378,10.772024154663086,160200.0,0.11,0.0
1998-11-11,10.847106363993607,10.878390798699483,10.665089018332827,10.772024154663086,126000.0,0.0,0.0
1998-11-12,10.73903315816666,11.304994359432795,10.736189611788378,10.772024154663086,160200.0,0.0,0.0
1998-11-13,10.85849365685877,10.949502421360389,10.807301091212853,10.878401756286621,58800.0,0.0,0.0
1998-11-16,10.949499427310696,11.091700718574472,10.931866389080486,10.967700958251953,59400.0,0.0,0.0
1998-11-17,10.932432673671977,10.985331777678113,10.807295953202331,10.860763549804688,113600.0,0.0,0.0
1998-11-18,10.881241646768622,10.949498739648773,10.66509617498257,10.754398345947266,173600.0,0.0,0.0
1998-11-19,10.790230620488419,10.985330972740941,10.7185615018726,10.914230346679688,73800.0,0.0,0.0
1998-11-20,10.985331784857456,10.985331784857456,10.878396591582856,10.94949722290039,91000.0,0.0,0.0
1998-11-23,10.915373268115228,11.287371527116907,10.80729996469351,11.145170211791992,158600.0,0.0,0.0
1998-11-24,11.216836333347041,11.305001515608568,11.002965925304474,11.091699600219727,271400.0,0.0,0.0
1998-11-25,11.091699600219727,11.091699600219727,11.091699600219727,11.091699600219727,0.0,0.0,0.0
1998-11-27,10.989311245204199,11.038797214130163,10.949495073069437,10.985329627990723,24000.0,0.0,0.0
1998-11-30,10.949498739648773,11.05643394773627,10.754398345947266,10.754398345947266,124000.0,0.0,0.0
1998-12-01,10.773167953966889,10.878396584473398,10.593994059389127,10.860763549804688,182200.0,0.0,0.0
1998-12-02,10.898307435211434,10.91423391121646,10.487630015522141,10.629831314086914,264200.0,0.0,0.0
1998-12-03,10.596839739624436,10.9142333426191,10.558730114727771,10.64746379852295,133400.0,0.0,0.0
1998-12-04,10.613896504252113,10.80729020524393,10.61218994246156,10.772024154663086,194000.0,0.0,0.0
1998-12-07,10.739038876840292,10.94949722290039,10.736195328947787,10.94949722290039,91400.0,0.0,0.0
1998-12-08,10.881242455550481,10.93186651507062,10.665096967698751,10.789665222167969,154000.0,0.0,0.0
1998-12-09,10.790233997165783,10.985334410472696,10.683298778332496,10.896600723266602,106800.0,0.0,0.0
1998-12-10,10.858487202779894,10.914229848045506,10.665093421936035,10.665093421936035,104200.0,0.0,0.0
1998-12-11,10.682159151105337,10.700929170823063,10.380692086252227,10.45179271697998,144600.0,0.0,0.0
1998-12-14,10.45179422829877,10.45179422829877,10.274326872113724,10.345427513122559,114000.0,0.0,0.0
1998-12-15,10.309591274551773,10.309591274551773,10.025188756633103,10.132123947143555,185400.0,0.0,0.0
1998-12-16,10.203226635163785,10.203226635163785,9.723155166174275,9.776622772216797,333000.0,0.0,0.0
1998-12-17,9.81188558981725,9.882986210033318,9.740784969601183,9.8477201461792,312200.0,0.0,0.0
1998-12-18,9.851702343769965,10.00755500793457,9.830087693196358,10.00755500793457,583400.0,0.0,0.0
1998-12-21,9.993905092973757,10.043391074233085,9.847722204612007,9.901189804077148,318200.0,0.0,0.0
1998-12-22,9.954091192970813,10.167393147105901,9.954091192970813,10.096292495727539,192200.0,0.0,0.0
1998-12-23,10.136106918318141,10.398894819205148,10.09629073407915,10.238492012023926,243800.0,0.0,0.0
1998-12-24,10.20436335752538,10.274325921805286,10.149757688393057,10.256692886352539,97800.0,0.0,0.0
1998-12-28,10.238490645072106,10.274325206102889,10.078656351888329,10.132123947143555,261400.0,0.0,0.0
1998-12-29,10.114493875219535,10.363061904907227,10.114493875219535,10.363061904907227,81000.0,0.0,0.0
1998-12-30,10.28968738405416,10.576365074195925,10.167394164651569,10.558732032775879,260600.0,0.0,0.0
1998-12-31,10.522895674796102,10.878398907052727,10.522895674796102,10.789665222167969,277400.0,0.0,0.0
1999-01-04,11.131513828520468,11.233898903505015,10.754396047612435,10.825496673583984,434800.0,0.0,0.0
1999-01-05,10.773171846732474,11.091702486149686,10.736199201337195,11.002968788146973,123600.0,0.0,0.0
1999-01-06,10.949495073069437,10.985329627990723,10.683294127342194,10.985329627990723,181600.0,0.0,0.0
1999-01-07,10.949499839950775,11.038802019889339,10.843133113849957,10.896600723266602,147000.0,0.0,0.0
1999-01-08,10.966561764984032,11.10990001281229,10.843130522222385,10.94949722290039,106000.0,0.0,0.0
1999-01-11,10.88124530552915,10.931869378308571,10.772035005109215,10.878401756286621,75400.0,0.0,0.0
1999-01-12,10.807294667561848,10.985330470858413,10.593992799123127,10.665093421936035,130400.0,0.0,0.0
1999-01-13,10.596841664595354,10.736199432604103,10.434163757207791,10.558732032775879,101800.0,0.0,0.0
1999-01-14,10.522894859313965,10.576362463188334,10.27432686235615,10.522894859313965,167400.0,0.0,0.0
1999-01-15,10.522895142485847,10.7185640335083,10.469996029861502,10.7185640335083,137000.0,0.0,0.0
1999-01-19,10.64802888189355,10.683294947035707,10.52289217631022,10.665093421936035,193400.0,0.0,0.0
1999-01-20,10.630963830174084,10.718559402436139,10.522890595954557,10.683293342590332,95000.0,0.0,0.0
1999-01-21,10.648027661167536,10.789660398027497,10.593991584591992,10.61219310760498,116600.0,0.0,0.0
1999-01-22,10.630966130571213,10.843129943089398,10.629828060529276,10.700928688049316,167000.0,0.0,0.0
1999-01-25,10.773162224159773,10.843124748118639,10.665089018332827,10.772024154663086,113800.0,0.0,0.0
1999-01-26,10.704910788785265,10.878396501346511,10.380692086252227,10.45179271697998,193200.0,0.0,0.0
1999-01-27,10.204364705466702,10.274327278988284,9.6344214845678,9.776622772216797,715400.0,0.0,0.0
1999-01-28,9.794825677745552,9.811890225226545,9.598588263808576,9.705523490905762,482000.0,0.0,0.0
1999-01-29,9.669687271118164,9.723154875562614,9.332385592555724,9.669687271118164,165800.0,0.0,0.0
1999-02-01,9.743630342387487,9.811887427942077,9.474585788107717,9.527484893798828,296400.0,0.0,0.0
1999-02-02,9.527484498200593,9.776620951538508,9.492218429204163,9.59858512878418,253200.0,0.0,0.0
1999-02-03,9.544549588080288,9.616787207992637,9.49221897417196,9.580952644348145,182600.0,0.0,0.0
1999-02-04,9.601431833534667,9.669688938697584,9.45638697681455,9.616789817810059,278400.0,0.0,0.0
1999-02-05,9.61849392191631,9.740787102255645,9.456384559124093,9.634420394897461,305800.0,0.0,0.0
1999-02-08,9.601431833534667,9.669688938697584,9.545689163849046,9.616789817810059,74600.0,0.0,0.0
1999-02-09,9.618493218554821,9.669685759367766,9.456383867617006,9.59858512878418,236800.0,0.0,0.0
1999-02-10,9.652621217460277,9.669685759367766,9.56331905978775,9.59858512878418,159600.0,0.0,0.0
1999-02-11,9.598586232965403,9.598586232965403,9.456384955439988,9.56332015991211,112400.0,0.0,0.0
1999-02-12,9.493353635234671,9.545683145441718,9.385280405577685,9.509848594665527,174000.0,0.0,0.0
1999-02-16,9.57628884107264,9.611799161810428,9.343182036463258,9.486368179321289,197600.0,0.115,0.0
1999-02-17,9.450284864216933,9.52187793137009,9.378691797063773,9.397019386291504,143800.0,0.0,0.0
1999-02-18,9.433104395683339,9.521880213502842,9.325428554187036,9.414776802062988,140000.0,0.0,0.0
1999-02-19,9.415920460222788,9.557960641699294,9.325426281860876,9.504122734069824,202200.0,0.0,0.0
1999-02-22,9.50183904198778,9.59347814885152,9.30710566679625,9.540212631225586,295600.0,0.0,0.0
1999-02-23,9.490376437731415,9.933680788426528,9.468612084988065,9.898170471191406,892800.0,0.0,0.0
1999-02-24,9.845478073093549,9.951435497694037,9.736656314290569,9.754983901977539,256200.0,0.0,0.0
1999-02-25,9.811113669332219,9.862088336338234,9.75498494808647,9.808250427246094,127400.0,0.0,0.0
1999-02-26,9.776748253738136,9.826576963112029,9.64730809534024,9.754983901977539,122600.0,0.0,0.0
1999-03-01,9.719479016254876,9.844337620590712,9.611803149463102,9.790499687194824,160400.0,0.0,0.0
1999-03-02,9.719475764133342,9.82657916489756,9.45028618722432,9.647310256958008,251000.0,0.0,0.0
1999-03-03,9.667928661172771,9.736658495928086,9.575717179782066,9.647310256958008,115400.0,0.0,0.0
1999-03-04,9.645017887053891,9.772739671408285,9.575715633490148,9.665063858032227,117000.0,0.0,0.0
1999-03-05,9.736659110306428,9.879845273693288,9.718903947391949,9.862090110778809,99400.0,0.0,0.0
1999-03-08,9.879844926938603,9.879844926938603,9.66506568939646,9.844334602355957,129800.0,0.0,0.0
1999-03-09,9.702295578946009,10.130708153789852,9.66506686735604,10.041359901428223,325400.0,0.0,0.0
1999-03-10,10.04021538457913,10.130708500205513,10.023032649621474,10.059115409851074,160200.0,0.0,0.0
1999-03-11,10.040213686785318,10.16621711122944,10.02303095473325,10.130706787109375,166600.0,0.0,0.0
1999-03-12,10.149037793192823,10.345489501953125,10.1484653629923,10.345489501953125,251600.0,0.0,0.0
1999-03-15,10.292223997855148,10.380999838018445,10.23781363335612,10.345489501953125,90400.0,0.0,0.0
1999-03-16,10.380999838018445,10.380999838018445,10.220058465323461,10.345489501953125,251800.0,0.0,0.0
1999-03-17,10.309403825279425,10.309403825279425,10.148462498019164,10.22005558013916,195400.0,0.0,0.0
1999-03-18,10.257856175638485,10.363241195678711,10.166217122770785,10.363241195678711,193000.0,0.0,0.0
1999-03-19,10.43540801084751,10.452590745070886,10.32773216486485,10.380997657775879,220400.0,0.0,0.0
1999-03-22,10.380995323607971,10.380995323607971,10.220054020901953,10.237809181213379,298200.0,0.0,0.0
1999-03-23,10.237808840118186,10.237808840118186,9.772740107806344,9.808250427246094,515800.0,0.0,0.0
1999-03-24,9.8282987214939,9.844335502782089,9.64731140951018,9.718904495239258,180400.0,0.0,0.0
1999-03-25,9.776751879585897,9.826580607439483,9.62955650878266,9.683394432067871,311600.0,0.0,0.0
1999-03-26,9.64502305649534,9.64731386977446,9.343186285384009,9.450289726257324,696400.0,0.0,0.0
1999-03-29,9.593474388122559,9.62955714940765,9.521881295673882,9.593474388122559,276400.0,0.0,0.0
1999-03-30,9.524741443383792,9.557960950841876,8.96746123756948,9.28934383392334,608800.0,0.0,0.0
1999-03-31,9.324282862623486,9.37869320857629,8.895869255065918,8.895869255065918,791800.0,0.0,0.0
1999-04-01,8.917634502968074,9.039056314090622,8.645008131110885,9.002973556518555,468400.0,0.0,0.0
1999-04-05,9.078003406823271,9.146159726681622,8.949135635191753,9.002973556518555,503000.0,0.0,0.0
1999-04-06,8.95199805733626,8.967461859843871,8.716599885329174,8.859786033630371,188000.0,0.0,0.0
1999-04-07,8.843176204298913,8.985216945242069,8.681089490156246,8.734354972839355,121000.0,0.0,0.0
1999-04-08,8.751534419034948,8.805945290844464,8.66275918855431,8.752679824829102,296400.0,0.0,0.0
1999-04-09,8.73435768070183,8.805950776445288,8.662764584958373,8.788195610046387,431200.0,0.0,0.0
1999-04-12,8.791631066497136,9.12840456292689,8.788194301273952,9.002973556518555,332600.0,0.0,0.0
1999-04-13,8.917634662128807,9.039056475418475,8.662763449477444,8.716601371765137,228400.0,0.0,0.0
1999-04-14,8.71717438413421,9.235508178581957,8.681091079556875,9.074566841125488,212000.0,0.0,0.0
1999-04-15,9.14673220945189,9.611800476146302,9.14615923320831,9.271590232849121,297800.0,0.0,0.0
1999-04-16,9.347191981303178,9.808251573104029,9.343182786460103,9.647310256958008,328200.0,0.0,0.0
1999-04-19,9.719475268833575,10.363240500611694,9.683392517084668,10.327730178833008,940800.0,0.0,0.0
1999-04-20,10.292218410465031,10.32772872725268,9.701146314460937,9.879842758178711,537800.0,0.0,0.0
1999-04-21,9.8626633663241,9.915928859525884,9.62955650878266,9.683394432067871,420800.0,0.0,0.0
1999-04-22,9.633563256113092,9.70114713119272,9.128402575253311,9.521878242492676,247800.0,0.0,0.0
1999-04-23,9.81111293658593,10.506425170970456,9.808249694713648,9.879842758178711,542000.0,0.0,0.0
1999-04-26,9.988666120650336,10.13070631813149,9.987520168263774,10.094623565673828,171000.0,0.0,0.0
1999-04-27,10.114669011360144,10.291647092099248,10.112950629081803,10.237809181213379,377600.0,0.0,0.0
1999-04-28,10.166216537695465,10.68569564819336,10.166216537695465,10.68569564819336,321400.0,0.0,0.0
1999-04-29,10.83059968156736,11.383298276473019,10.828881299295647,11.061415672302246,586200.0,0.0,0.0
1999-04-30,10.990971873774368,11.061419013653397,10.023032956653172,10.309405326843262,369600.0,0.0,0.0
1999-05-03,10.206310611961037,10.989825396907406,10.202301416448389,10.93598747253418,511400.0,0.0,0.0
1999-05-04,10.882146835327148,11.025332977897243,10.685695211757489,10.882146835327148,260200.0,0.0,0.0
1999-05-05,10.900477979307663,11.133012429305193,10.900477979307663,11.115257263183594,209400.0,0.0,0.0
1999-05-06,11.042517213844004,11.311706805305313,10.846637993519947,11.276196479797363,274200.0,0.0,0.0
1999-05-07,11.277343582332655,11.419383806425833,11.276197629731394,11.347790718078613,307800.0,0.0,0.0
1999-05-10,11.328892728430779,11.365547924322108,11.061420351735881,11.168523788452148,280200.0,0.0,0.0
1999-05-11,11.220072298865192,11.222363112339224,10.918235502072063,10.95374584197998,125800.0,0.0,0.0
1999-05-12,10.990974565099464,11.115259662353008,10.846642391993763,10.95374584197998,197800.0,0.0,0.0
1999-05-13,10.956604176245536,11.079171927791121,10.953740933792007,11.00757884979248,103400.0,0.0,0.0
1999-05-14,11.008150247516346,11.061415728515913,10.810553764042101,10.882146835327148,184600.0,0.0,0.0
1999-05-17,10.956599555530909,10.972063898559758,10.775039909652714,10.846632957458496,53200.0,0.0,0.0
1999-05-18,10.821861685496831,10.823013540306615,10.120572250310026,10.210466384887695,281600.0,0.115,0.0
1999-05-19,10.320528552014624,11.201029194225788,10.318799670771805,10.930770874023438,215200.0,0.0,0.0
1999-05-20,10.93134484793971,11.111133077691502,10.930768920661041,10.984935760498047,145600.0,0.0,0.0
1999-05-21,10.948636507222746,11.273061735982408,10.948636507222746,11.074833869934082,236600.0,0.0,0.0
1999-05-24,11.058120080634044,11.434983181582094,11.056967126886144,11.23675537109375,139600.0,0.0,0.0
1999-05-25,11.167602936220002,11.434980429790006,11.12899493187654,11.380813598632812,338000.0,0.0,0.0
1999-05-26,11.346239282789382,11.39925316047613,11.092691735376286,11.380813598632812,250600.0,0.0,0.0
1999-05-27,11.327228152410546,11.327228152410546,10.912908792553017,11.14686393737793,391400.0,0.0,0.0
1999-05-28,11.075405896362225,11.16472408471518,10.84087489751038,10.876602172851562,100800.0,0.0,0.0
1999-06-01,10.879481072963475,11.380813598632812,10.87660033793389,11.380813598632812,406800.0,0.0,0.0
1999-06-02,11.380815692576306,11.434982533699596,10.984936021354317,11.27305793762207,139600.0,0.0,0.0
1999-06-03,11.27709172241645,11.362952150912362,11.092693870298325,11.164724349975586,100000.0,0.0,0.0
1999-06-04,11.184893335299327,11.327225420522527,11.056967126886144,11.23675537109375,133200.0,0.0,0.0
1999-06-07,11.167605500576913,11.201027969722205,10.96707288390103,11.092694282531738,150000.0,0.0,0.0
1999-06-08,11.092694282531738,11.16472476488584,11.039103366255132,11.092694282531738,119600.0,0.0,0.0
1999-06-09,11.075409364321535,11.290924938418472,11.05696979359356,11.14686393737793,140200.0,0.0,0.0
1999-06-10,11.075402144374273,11.434978485107422,11.056962585666868,11.434978485107422,154000.0,0.0,0.0
1999-06-11,11.363531810768446,11.399259098693744,11.00280336659709,11.074833869934082,120200.0,0.0,0.0
1999-06-14,11.144556107614338,11.507013320922852,11.12899727752129,11.507013320922852,227800.0,0.0,0.0
1999-06-15,11.507584865760174,11.633206214181403,11.399251221869482,11.434978485107422,187200.0,0.0,0.0
1999-06-16,11.50759329046249,11.524881007649352,11.290925844058993,11.399259567260742,106400.0,0.0,0.0
1999-06-17,11.363530124624125,11.399257407248133,11.183165929301262,11.30878734588623,96200.0,0.0,0.0
1999-06-18,11.27708877837513,11.471282839338478,11.273055090151821,11.425759315490723,254400.0,0.0,0.0
1999-06-21,11.398101840609964,11.399253695036741,11.111131818268925,11.255192756652832,66600.0,0.0,0.0
1999-06-22,11.219472212313306,11.290926797132565,11.16472941858149,11.201032638549805,87800.0,0.0,0.0
1999-06-23,11.202180365459817,11.327224731445312,11.0206632512217,11.327224731445312,88400.0,0.0,0.0
1999-06-24,11.25404176062831,11.255193615142943,10.876601677598037,11.056965827941895,206000.0,0.0,0.0
1999-06-25,11.023547747089985,11.09269751389673,10.984939722634442,11.074833869934082,120800.0,0.0,0.0
1999-06-28,11.144553768538909,11.255192238794274,11.05696447583364,11.128994941711426,82200.0,0.0,0.0
1999-06-29,11.058122747619526,11.30878858168257,11.020666579601485,11.14686393737793,181400.0,0.0,0.0
1999-06-30,11.167605337538571,11.471286092907901,11.074830482088968,11.45284652709961,253000.0,0.0,0.0
1999-07-01,11.45284980960863,11.45284980960863,10.91290900874209,11.039106369018555,309200.0,0.0,0.0
1999-07-02,11.16760329104955,11.362950325012207,11.146858920703915,11.362950325012207,103200.0,0.0,0.0
1999-07-06,11.432675985198536,11.507011261217736,11.255192586460401,11.362950325012207,180000.0,0.0,0.0
1999-07-07,11.363526252216886,11.399253522665928,11.2367530240312,11.362950325012207,147000.0,0.0,0.0
1999-07-08,11.311664398301431,11.36295049683407,11.236753193944804,11.255192756652832,73000.0,0.0,0.0
1999-07-09,11.236752639373703,11.27305583578469,11.14685853912368,11.183161735534668,154200.0,0.0,0.0
1999-07-12,11.183163140456864,11.183163140456864,10.876601677598037,11.056965827941895,476600.0,0.0,0.0
1999-07-13,11.092693776308552,11.290921575565719,11.092693776308552,11.27305793762207,138000.0,0.0,0.0
1999-07-14,11.32895794259145,11.399259567260742,11.308789488755927,11.399259567260742,126800.0,0.0,0.0
1999-07-15,11.417121215792069,11.417121215792069,10.984938253567941,11.002801895141602,207800.0,0.0,0.0
1999-07-16,11.002799659297965,11.362952054632657,11.002799659297965,11.27305793762207,120200.0,0.0,0.0
1999-07-19,11.236754829652847,11.30878530933011,11.128997073785568,11.164724349975586,50800.0,0.0,0.0
1999-07-20,11.133030763061928,11.218891191557839,11.020663390621062,11.164724349975586,134600.0,0.0,0.0
1999-07-21,11.133032931037839,11.201029734680004,10.93077140143758,11.002801895141602,78600.0,0.0,0.0
1999-07-22,10.948635043011242,11.128999240975983,10.948635043011242,11.002801895141602,213000.0,0.0,0.0
1999-07-23,11.13302999162483,11.201026777314054,11.039102191084705,11.056965827941895,195200.0,0.0,0.0
1999-07-26,10.988975380461746,11.164730015922995,10.91291117290658,11.020668983459473,70800.0,0.0,0.0
1999-07-27,10.988970704519227,11.128997986076012,10.732542351703335,10.768845558166504,118000.0,0.0,0.0
1999-07-28,10.804572837285237,10.89504288977094,10.750981918607136,10.768845558166504,124800.0,0.0,0.0
1999-07-29,10.700848276211469,10.732541864283816,10.462859501107664,10.642647743225098,106800.0,0.0,0.0
1999-07-30,10.712374008574713,10.732542456807316,10.624784691051408,10.66051197052002,119400.0,0.0,0.0
1999-08-02,10.712372593149118,10.804571515486776,10.678950126594914,10.786707878112793,107800.0,0.0,0.0
1999-08-03,10.856433094144181,10.948632012638578,10.823010628983177,10.912904739379883,263200.0,0.0,0.0
1999-08-04,10.931344442684242,11.218890414171245,10.858738040740846,11.056965827941895,142200.0,0.0,0.0
1999-08-05,11.000492800012122,11.20102537014768,10.94863077682566,11.183161735534668,145000.0,0.0,0.0
1999-08-06,11.133030763061928,11.20102755346283,11.074830232203315,11.164724349975586,159800.0,0.0,0.0
1999-08-09,11.177479306332213,11.285880496298525,11.177479306332213,11.213419914245605,138000.0,0.115,0.0
1999-08-10,11.141536459974082,11.2858782288541,11.050526226023193,11.122986793518066,121600.0,0.0,0.0
1999-08-11,11.124144345764952,11.19544506072998,11.050523955516587,11.19544506072998,168800.0,0.0,0.0
1999-08-12,11.251678873516333,11.303850580030872,11.231389999389648,11.231389999389648,77000.0,0.0,0.0
1999-08-13,11.269068705690472,11.340369441248448,11.231388897867495,11.322399139404297,62000.0,0.0,0.0
1999-08-16,11.303849220275879,11.358339490755801,11.231388648351034,11.303849220275879,110400.0,0.0,0.0
1999-08-17,11.379214101138913,11.557757377624512,11.358345851621081,11.557757377624512,167400.0,0.0,0.0
1999-08-18,11.557751161852336,11.557751161852336,11.303849471402124,11.322399139404297,114800.0,0.0,0.0
1999-08-19,11.286458535715994,11.376310044936753,11.285879169557973,11.322399139404297,73800.0,0.0,0.0
1999-08-20,11.396601131939253,11.448772843476313,11.322401339849636,11.376312255859375,65000.0,0.0,0.0
1999-08-23,11.41398785609525,11.503258877881077,11.394857719620907,11.448768615722656,95800.0,0.0,0.0
1999-08-24,11.413989973881359,11.485290710195958,11.322399259553995,11.430800437927246,73200.0,0.0,0.0
1999-08-25,11.430802538139734,11.430802538139734,11.285881362905856,11.376312255859375,198200.0,0.0,0.0
1999-08-26,11.430801517175087,11.430801517175087,11.014008334036744,11.068498611450195,129400.0,0.0,0.0
1999-08-27,11.068498534500606,11.267909972817682,11.068498534500606,11.231389999389648,147200.0,0.0,0.0
1999-08-30,11.234285897914681,11.303848529200387,11.122986793518066,11.122986793518066,170200.0,0.0,0.0
1999-08-31,11.158930876735846,11.195450854935455,10.905608494500758,10.996039390563965,298400.0,0.0,0.0
1999-09-01,11.014009310235135,11.12298987472125,10.996039004910857,11.105019569396973,89600.0,0.0,0.0
1999-09-02,11.031396281283843,11.03255501340749,10.796623663975746,10.960094451904297,121400.0,0.0,0.0
1999-09-03,11.031400249289192,11.14096018004553,10.996039004910857,11.105019569396973,55200.0,0.0,0.0
1999-09-07,11.105019188596769,11.105019188596769,10.941548347473145,10.941548347473145,60200.0,0.0,0.0
1999-09-08,11.269070795528169,11.285881262513152,11.050529196419314,11.267910957336426,100800.0,0.0,0.0
1999-09-09,11.269066734377242,11.503258877881077,11.249936597902899,11.448768615722656,200000.0,0.0,0.0
1999-09-10,11.448771964361057,11.467321634543884,11.068498750139769,11.213419914245605,95400.0,0.0,0.0
1999-09-13,11.24994146108414,11.24994146108414,11.068500297473994,11.086470603942871,67400.0,0.0,0.0
1999-09-14,11.122985688864993,11.122985688864993,10.778653185933479,10.815173149108887,148000.0,0.0,0.0
1999-09-15,10.869088690464368,10.869088690464368,10.615766304170112,10.633736610412598,132800.0,0.0,0.0
1999-09-16,10.670251846313477,10.670251846313477,10.525330728190804,10.670251846313477,261800.0,0.0,0.0
1999-09-17,10.651701736450196,10.651701736450196,9.96361613717163,10.144477844238281,479800.0,0.0,0.0
1999-09-20,10.254618220426716,10.343889236450195,10.180997826546069,10.343889236450195,218600.0,0.0,0.0
1999-09-21,10.380410996092216,10.380410996092216,10.036078453063965,10.036078453063965,286600.0,0.0,0.0
1999-09-22,10.04013678293498,10.216940757343643,10.018108706902861,10.108539581298828,238000.0,0.0,0.0
1999-09-23,10.108541134345845,10.108541134345845,9.873189078296834,9.981590270996094,198200.0,0.0,0.0
1999-09-24,9.96477777288064,10.054048804825277,9.854637398256353,9.873187065124512,122600.0,0.0,0.0
1999-09-27,9.872028878681473,9.99955908931903,9.709716796875,9.709716796875,271800.0,0.0,0.0
1999-09-28,9.872026420960545,9.909125747511823,9.365961267481781,9.510882377624512,295000.0,0.0,0.0
1999-09-29,9.583347228078019,9.782179319135631,9.583347228078019,9.746238708496094,447600.0,0.0,0.0
1999-09-30,9.7502932325054,9.836666321361323,9.746235458646272,9.818696022033691,361600.0,0.0,0.0
1999-10-01,9.746235098574015,9.746235098574015,9.474363154396215,9.528853416442871,102400.0,0.0,0.0
1999-10-04,9.564795650652986,9.800727037879737,9.564795650652986,9.709716796875,234400.0,0.0,0.0
1999-10-05,9.709720327284865,9.782180926742216,9.637259727827516,9.65580940246582,220400.0,0.0,0.0
1999-10-06,9.657543624097103,9.782175879308536,9.65580442023763,9.673774719238281,239600.0,0.0,0.0
1999-10-07,9.692324561995877,10.10853827697309,9.655804597258701,10.018107414245605,618200.0,0.0,0.0
1999-10-08,10.016950189524628,10.14448040225805,9.9456483475511,10.090569496154785,138600.0,0.0,0.0
1999-10-11,10.090567976255734,10.090567976255734,9.800725722706058,9.818696022033691,71400.0,0.0,0.0
1999-10-12,9.83724676772566,10.07201941692046,9.800726798983026,9.927098274230957,154400.0,0.0,0.0
1999-10-13,9.981591300250363,9.981591300250363,9.76420952619573,9.782179832458496,89000.0,0.0,0.0
1999-10-14,9.785074765425083,9.999558536466006,9.746236227660416,9.873187065124512,160000.0,0.0,0.0
1999-10-15,9.906812118099865,9.909130688957996,9.419876856744509,9.474367141723633,134600.0,0.0,0.0
1999-10-18,9.54740304003533,9.58334363720796,9.293501395614971,9.49233341217041,87400.0,0.0,0.0
1999-10-19,9.564797520798148,9.601317497571493,9.383935735735172,9.43842601776123,78200.0,0.0,0.0
1999-10-20,9.419875551563825,9.419875551563825,9.274954389232073,9.34741497039795,78400.0,0.0,0.0
1999-10-21,9.350309347587721,9.383931371724705,9.16654971098203,9.365961074829102,111800.0,0.0,0.0
1999-10-22,9.419872851772162,9.673774496192523,9.347412291373915,9.49233341217041,106800.0,0.0,0.0
1999-10-25,9.54740936773223,10.126514868676571,9.546830001295257,10.054054260253906,197200.0,0.0,0.0
1999-10-26,9.906805639292111,10.054045296270573,9.746232826522862,9.8007230758667,224200.0,0.0,0.0
1999-10-27,9.80246531118379,10.036078105948045,9.782176441092142,9.945647239685059,243000.0,0.0,0.0
1999-10-28,10.016949383261975,10.126509285142516,9.999558448791504,9.999558448791504,137600.0,0.0,0.0
1999-10-29,9.929996190471048,10.361861681301248,9.90912795284914,10.126509666442871,227800.0,0.0,0.0
1999-11-01,10.109701813849064,10.126512281515597,9.673778436149401,9.836669921875,303800.0,0.0,0.0
1999-11-02,9.895217981224244,9.981591101695297,9.782179637870149,9.836669921875,283200.0,0.0,0.0
1999-11-03,9.837243030736065,9.891153914159482,9.746232826522862,9.8007230758667,124200.0,0.0,0.0
1999-11-04,9.872031167396642,9.927100817690448,9.782179637870149,9.836669921875,127600.0,0.0,0.0
1999-11-05,9.87318663548547,10.090568333340421,9.87318663548547,9.909127235412598,204400.0,0.0,0.0
1999-11-08,9.98216601779213,10.03607691147378,9.728264383155103,9.764204978942871,163200.0,0.0,0.0
1999-11-09,9.817322858527929,9.849424865842137,9.57626724243164,9.57626724243164,138600.0,0.115,0.0
1999-11-10,9.59552671219254,9.649223753010366,9.521400215056598,9.630546569824219,248000.0,0.0,0.0
1999-11-11,9.613034940279027,9.70350410109328,9.5762639271529,9.667316436767578,90000.0,0.0,0.0
1999-11-12,9.671398762574146,9.776459399918865,9.630542095442465,9.703500747680664,122200.0,0.0,0.0
1999-11-15,9.85234063305944,10.050205002494378,9.776464088180143,10.032111167907715,246600.0,0.0,0.0
1999-11-16,10.06829765374712,10.178027346127637,9.904286463986354,10.141256332397461,120400.0,0.0,0.0
1999-11-17,10.068299996591833,10.123164855548877,9.886194931996016,9.995341300964355,128200.0,0.0,0.0
1999-11-18,10.050205474068731,10.050205474068731,9.868100421900245,9.941059112548828,92000.0,0.0,0.0
1999-11-19,9.869852459225186,9.90428897317852,9.667319044732503,9.77646541595459,73000.0,0.0,0.0
1999-11-22,9.667316351377861,9.667316351377861,9.192793277732138,9.430346488952637,165000.0,0.0,0.0
1999-11-23,9.391241389776845,9.44844074559406,9.220226114516134,9.411669731140137,219000.0,0.0,0.0
1999-11-24,9.411671636773653,9.411671636773653,9.192795552197522,9.22956657409668,197800.0,0.0,0.0
1999-11-26,9.268670514722883,9.284429281901996,9.192793422849729,9.211470603942871,102600.0,0.0,0.0
1999-11-29,9.210303971865887,9.247658893206063,9.010689011032545,9.028782844543457,219600.0,0.0,0.0
1999-11-30,9.04687742203001,9.229565818694287,9.02878358703114,9.192794799804688,300800.0,0.0,0.0
1999-12-01,9.192794799804688,9.411670866466704,9.156607129806948,9.192794799804688,187800.0,0.0,0.0
1999-12-02,9.26867340140624,9.649225676902137,9.265754986583284,9.448443412780762,230800.0,0.0,0.0
1999-12-03,9.48462730205283,9.813232998423603,9.466533471352585,9.503304481506348,181800.0,0.0,0.0
1999-12-06,9.467120843837234,9.61245489996259,9.466537494836027,9.521402359008789,201600.0,0.0,0.0
1999-12-07,9.557587525975986,9.557587525975986,9.265752792358398,9.265752792358398,162600.0,0.0,0.0
1999-12-08,9.268672661646262,9.503307517051745,9.174701715717745,9.22956657409668,245600.0,0.0,0.0
1999-12-09,9.268670784966542,9.503305592864201,9.265752370967421,9.411669731140137,144400.0,0.0,0.0
1999-12-10,9.338709318211942,9.393574155301652,9.19279198511488,9.24765682220459,220400.0,0.0,0.0
1999-12-13,9.321199394096821,9.338709318211942,9.19279198511488,9.24765682220459,138200.0,0.0,0.0
1999-12-14,9.175284524198187,9.630546569824219,9.138512950065143,9.630546569824219,263000.0,0.0,0.0
1999-12-15,9.484626770019531,9.630544104942908,9.375480443187273,9.484626770019531,209000.0,0.0,0.0
1999-12-16,9.414587358005301,9.466534346635024,8.992594612088217,9.393575668334961,262200.0,0.0,0.0
1999-12-17,9.613033623978174,9.630544104942908,9.393574272872558,9.484626770019531,319800.0,0.0,0.0
1999-12-20,9.502138892729908,9.521399423184057,9.21147087010367,9.284429550170898,209400.0,0.0,0.0
1999-12-21,9.286182843483475,9.466536750953754,9.211472986525834,9.302525520324707,167400.0,0.0,0.0
1999-12-22,9.286180294984723,9.594357674570464,9.284429135337842,9.430346488952637,179400.0,0.0,0.0
1999-12-23,9.922381410408313,9.922381410408313,9.557587976202125,9.795141220092773,120000.0,0.0,0.0
1999-12-27,9.75894892260785,9.795136574427536,9.521395791384577,9.703500747680664,187400.0,0.0,0.0
1999-12-28,9.706422300872596,10.0869750252606,9.703504443506429,9.977245330810547,147400.0,0.0,0.0
1999-12-29,9.939891721809483,10.068298607625458,9.922381236500453,10.014017105102539,137000.0,0.0,0.0
1999-12-30,10.015767504958378,10.032110178035573,9.868098985181506,9.977245330810547,128200.0,0.0,0.0
1999-12-31,10.015767126024123,10.214214817248697,9.97724495333373,10.178027153015137,101600.0,0.0,0.0
2000-01-03,10.109154863236245,10.159934043884277,9.941057996510763,10.159934043884277,306000.0,0.0,0.0
2000-01-04,10.109155438350255,10.159934621887135,9.703505318928858,9.740276336669922,366800.0,0.0,0.0
2000-01-05,9.793977116485902,9.977248905445697,9.758372786947966,9.904290199279785,246400.0,0.0,0.0
2000-01-06,9.939894528817721,10.123166317777516,9.868102520711837,9.904290199279785,392400.0,0.0,0.0
2000-01-07,10.050788608984464,10.214216473331822,9.99534040604614,10.105070114135742,264800.0,0.0,0.0
2000-01-10,10.033277988938705,10.214215203690978,9.977245330810547,9.977245330810547,218600.0,0.0,0.0
2000-01-11,9.922382354736328,10.014018233665626,9.849423660951503,9.922382354736328,154400.0,0.0,0.0
2000-01-12,9.922382431025262,10.10507084135745,9.886194758320128,10.086977005004883,167400.0,0.0,0.0
2000-01-13,10.085810307133874,10.23289439369643,9.959153452665902,10.086977005004883,141200.0,0.0,0.0
2000-01-14,10.050788822974672,10.06829930950439,9.886194257335905,9.941059112548828,139600.0,0.0,0.0
2000-01-18,9.886195873582494,9.886195873582494,9.53949619909498,9.75837230682373,155000.0,0.0,0.0
2000-01-19,9.82899650013328,9.90428971197623,9.685413604247481,9.75837230682373,292000.0,0.0,0.0
2000-01-20,9.75836835294871,9.75836835294871,9.466533660888672,9.466533660888672,216600.0,0.0,0.0
2000-01-21,9.484630587922455,9.539495447783926,9.265754497431937,9.302525520324707,308800.0,0.0,0.0
2000-01-24,9.35621957676929,9.357386274168078,8.88286327851481,8.900957107543945,208200.0,0.0,0.0
2000-01-25,9.0468790724044,9.0468790724044,8.609126859223542,8.700762748718262,620800.0,0.0,0.0
2000-01-26,8.772551209174683,9.192793346589616,8.71885361818918,9.101740837097168,273000.0,0.0,0.0
2000-01-27,9.1227568912891,9.448444335845124,9.046879768371582,9.046879768371582,635000.0,0.0,0.0
2000-01-28,8.976839710350381,9.393579713302199,8.973921295166015,9.11983871459961,405400.0,0.0,0.0
2000-01-31,9.175284870328301,9.375483196468965,9.11983611091735,9.192794799804688,361200.0,0.0,0.0
2000-02-01,9.210303349703366,9.320616946479317,9.119834744890603,9.211470603942871,273200.0,0.0,0.0
2000-02-02,9.175286325025587,9.247661119865116,9.156608581542969,9.156608581542969,343200.0,0.0,0.0
2000-02-03,9.233650793538677,9.338711475762794,9.174700275314908,9.265752792358398,574600.0,0.0,0.0
2000-02-04,9.192793688470857,9.338711048605315,9.192793688470857,9.284429550170898,501600.0,0.0,0.0
2000-02-07,9.284429204881706,9.284429204881706,9.065553172820048,9.101740837097168,321400.0,0.0,0.0
2000-02-08,9.12275597163737,9.320619820319704,9.046878856368913,9.156608581542969,589000.0,0.0,0.0
2000-02-09,9.140261439079339,9.192791766807682,8.900957107543945,8.900957107543945,420800.0,0.0,0.0
2000-02-10,8.959327847895397,9.028784221792156,8.828001976013184,8.828001976013184,289200.0,0.0,0.0
2000-02-11,8.900960044255333,9.338712177579366,8.828001355367993,9.192794799804688,3331000.0,0.0,0.0
2000-02-14,9.192794043829439,9.192794043829439,8.919636494634098,9.028782844543457,432400.0,0.0,0.0
2000-02-15,9.046876807100945,9.521399927060568,9.02878297333194,9.375482559204102,311000.0,0.0,0.0
2000-02-16,9.356080111684744,9.556021575927735,9.188482284545898,9.188482284545898,246000.0,0.12,0.0
2000-02-17,9.133789908037803,9.409003502768146,9.133789908037803,9.280805587768555,187800.0,0.0,0.0
2000-02-18,9.226706575441195,9.243760565398414,8.710975501790347,8.802713394165039,256800.0,0.0,0.0
2000-02-22,8.768015244118576,9.041464504221402,8.766250903379502,8.876218795776367,376000.0,0.0,0.0
2000-02-23,8.879745589262354,9.023232560271788,8.839756865387391,8.93149471282959,317200.0,0.0,0.0
2000-02-24,8.894447201275556,8.894447201275556,8.3987101662293,8.54572582244873,265600.0,0.0,0.0
2000-02-25,8.621000742135823,8.673926484995876,8.50868075391341,8.526910781860352,122400.0,0.0,0.0
2000-02-28,8.544553052143678,8.747434892391901,8.526911323676138,8.563959121704102,197600.0,0.0,0.0
2000-02-29,8.491624260341743,8.784479539806439,8.398710367866931,8.747431755065918,227600.0,0.0,0.0
2000-03-01,8.732732990578246,8.784482132237514,8.472220698019525,8.526910781860352,287800.0,0.0,0.0
2000-03-02,8.50926835178898,8.545727843851514,8.232878695689699,8.34343433380127,478200.0,0.0,0.0
2000-03-03,8.344610936664155,8.876219877143123,8.288157073519082,8.67392635345459,355400.0,0.0,0.0
2000-03-06,8.691571102339957,8.69274714311138,8.085866361050993,8.159374237060547,237200.0,0.0,0.0
2000-03-07,8.232874922318892,8.37989054593173,7.957661432641379,8.085859298706055,314600.0,0.0,0.0
2000-03-08,8.032936239210336,8.490448939307958,7.994124110722982,8.435171127319336,314800.0,0.0,0.0
2000-03-09,8.438699285734337,8.508678436279297,8.361662773188595,8.508678436279297,217800.0,0.0,0.0
2000-03-10,8.526908804269356,8.857987929429232,8.526908804269356,8.784480094909668,508400.0,0.0,0.0
2000-03-13,8.802710231079583,8.802710231079583,8.453401077738459,8.692742347717285,250800.0,0.0,0.0
2000-03-14,8.691568764620852,8.820942748630488,8.526911323676138,8.563959121704102,293600.0,0.0,0.0
2000-03-15,8.568071928151635,9.22552593486333,8.563955507885575,9.078510284423828,369400.0,0.0,0.0
2000-03-16,9.156135466906703,9.960605206383653,9.060281190198996,9.942375183105469,322200.0,0.0,0.0
2000-03-17,9.744199152774378,9.8318205973148,9.666574891188024,9.684804916381836,567000.0,0.0,0.0
2000-03-20,9.703031568263805,9.94237277134002,9.593063715640621,9.758309364318848,269600.0,0.0,0.0
2000-03-21,9.831817179229937,9.831817179229937,9.684801549407759,9.758309364318848,185800.0,0.0,0.0
2000-03-22,9.70303494157565,9.758312756848317,9.574837025527728,9.684804916381836,266600.0,0.0,0.0
2000-03-23,9.608942928046842,9.99706415247034,9.574834965403445,9.923556327819824,182400.0,0.0,0.0
2000-03-24,9.926498476061063,10.107622130497475,9.923558655907126,9.997066497802734,260600.0,0.0,0.0
2000-03-27,9.997067995197739,10.125853672730678,9.942377910361358,9.978837966918945,225600.0,0.0,0.0
2000-03-28,9.944139508610377,10.07057307046719,9.887097358703613,9.887097358703613,283400.0,0.0,0.0
2000-03-29,9.891213277066115,10.052342536715113,9.64834334757492,10.01588249206543,159400.0,0.0,0.0
2000-03-30,10.144080020138112,10.585126977535422,10.144080020138112,10.493389129638672,344000.0,0.0,0.0
2000-03-31,10.567486416076347,10.842700004577637,10.456930788937337,10.842700004577637,436000.0,0.0,0.0
2000-04-03,10.843878646038043,10.860932072892245,10.530440608633453,10.750964164733887,335600.0,0.0,0.0
2000-04-04,10.679219988601295,11.11850273245212,10.622177827190834,10.860931396484375,316400.0,0.0,0.0
2000-04-05,10.785071172569578,10.95266897043968,10.566899716816668,10.64040756225586,248400.0,0.0,0.0
2000-04-06,10.773308692938729,10.879160160448837,10.58512880476103,10.695684432983398,240000.0,0.0,0.0
2000-04-07,10.661578498868847,10.67745644635437,10.493392944074822,10.548670768737793,230800.0,0.0,0.0
2000-04-10,10.514557534417252,10.879156796245576,10.511617715291333,10.622173309326172,310000.0,0.0,0.0
2000-04-11,10.696860838146623,11.081453449527766,10.65863644854764,11.04499340057373,326800.0,0.0,0.0
2000-04-12,11.120269661662244,11.467226872140333,11.08145751814505,11.265521049499512,409000.0,0.0,0.0
2000-04-13,11.302564357879005,11.559547911739138,11.21023875896803,11.320206642150879,397000.0,0.0,0.0
2000-04-14,11.284925051379872,11.320208504086448,10.58513002979512,10.80565357208252,509800.0,0.0,0.0
2000-04-17,10.773309014771879,11.02617616767984,10.769192593615529,10.97148609161377,334000.0,0.0,0.0
2000-04-18,10.973245710594137,11.265512608574209,10.58512456623024,10.82446575164795,246600.0,0.0,0.0
2000-04-19,10.785070110675049,11.081453543814668,10.622176489972734,10.842700004577637,167400.0,0.0,0.0
2000-04-20,10.808592464449076,11.02617616767984,10.71391477785302,10.97148609161377,125800.0,0.0,0.0
2000-04-24,11.043818123424627,11.228469330247828,10.511620965839079,10.695684432983398,286600.0,0.0,0.0
2000-04-25,10.843879445775674,11.32021004802263,10.769194987025967,11.301980018615723,273400.0,0.0,0.0
2000-04-26,11.302568851723969,11.430766809799788,11.13673535153978,11.265521049499512,195400.0,0.0,0.0
2000-04-27,11.301977931404483,11.301977931404483,10.769192998207657,10.989716529846191,207800.0,0.0,0.0
2000-04-28,11.043813701224009,11.044989180111079,10.695680150183573,10.82446575164795,225400.0,0.0,0.0
2000-05-01,10.973250723073166,11.192009911492695,10.916208565069404,11.081454277038574,137400.0,0.0,0.0
2000-05-02,11.079100306208966,11.430761516185155,11.026174578500925,11.136730194091797,273600.0,0.0,0.0
2000-05-03,11.173189681097371,11.173189681097371,10.952666200549398,11.099681854248047,186200.0,0.0,0.0
2000-05-04,11.026174027398723,11.192007442496466,10.91620615691591,11.099681854248047,348400.0,0.0,0.0
2000-05-05,11.026173811419287,11.154959440778557,10.805650335190903,10.89797592163086,266000.0,0.0,0.0
2000-05-08,10.824471338749978,10.824471338749978,10.60394779646258,10.80565357208252,426200.0,0.0,0.0
2000-05-09,10.805649313208175,10.805649313208175,10.438110220922184,10.732141494750977,346000.0,0.0,0.0
2000-05-10,10.73214023282953,10.769188007459551,10.419878975981986,10.677450180053711,277800.0,0.0,0.0
2000-05-11,10.714502619033599,10.769192695617676,10.438113537603192,10.769192695617676,291000.0,0.0,0.0
2000-05-12,10.638055481691193,10.67745535484095,10.38342397308418,10.64040756225586,278200.0,0.0,0.0
2000-05-15,10.696859811815697,11.1549602168197,10.69568321095176,11.136730194091797,373600.0,0.0,0.0
2000-05-16,11.21435787427357,11.228471480754033,10.952670097054792,11.00794792175293,338800.0,0.0,0.0
2000-05-17,10.854649434877746,11.02332846469856,10.820321420142157,10.96828556060791,296600.0,0.12,0.0
2000-05-18,10.819140981939483,10.894306133297865,10.635073058871034,10.838671684265137,199000.0,0.0,0.0
2000-05-19,10.801385385017966,10.838672196665474,10.524396189937304,10.61672592163086,192400.0,0.0,0.0
2000-05-22,10.730358465012479,11.023327946056392,10.67235677754726,10.746338844299316,257400.0,0.0,0.0
2000-05-23,10.819146235852228,10.820329299604433,10.45041867906777,10.54274845123291,269600.0,0.0,0.0
2000-05-24,10.600152951334204,10.690706950296102,10.50545597371231,10.598377227783203,176800.0,0.0,0.0
2000-05-25,10.523217577111271,10.56109593639485,10.283515092304775,10.357497215270996,365600.0,0.0,0.0
2000-05-26,10.505462224126443,10.505462224126443,10.209533710770769,10.265168190002441,227000.0,0.0,0.0
2000-05-30,10.191779400099454,10.246822357177734,10.024875932820255,10.246822357177734,128000.0,0.0,0.0
2000-05-31,10.286468637825218,10.5054561069003,10.172832489013672,10.172832489013672,356000.0,0.0,0.0
2000-06-01,10.156265402372703,10.246819445531328,10.098855204670564,10.135550498962402,192200.0,0.0,0.0
2000-06-02,10.209532969338554,10.376436394912785,10.172837673788932,10.357497215270996,280400.0,0.0,0.0
2000-06-05,10.209532969338554,10.357497215270996,10.209532969338554,10.357497215270996,194400.0,0.0,0.0
2000-06-06,10.35749717116344,10.35749717116344,9.617675944651767,9.802927017211914,770000.0,0.0,0.0
2000-06-07,9.878090893422582,10.135548300592866,9.69165567428953,10.08050537109375,377000.0,0.0,0.0
2000-06-08,10.080507631823954,10.357496936594435,10.080507631823954,10.302453994750977,430800.0,0.0,0.0
2000-06-09,10.304229951473873,10.524400594933521,10.302454227003077,10.450418472290039,366000.0,0.0,0.0
2000-06-12,10.376436349646557,10.505461415374352,10.376436349646557,10.450418472290039,485000.0,0.0,0.0
2000-06-13,10.376436349646557,10.524400594933521,10.376436349646557,10.450418472290039,441000.0,0.0,0.0
2000-06-14,10.452190536118305,10.598379005735277,10.413127998074335,10.431475639343262,300200.0,0.0,0.0
2000-06-15,10.434438080930464,10.524400594933521,10.320801874697848,10.450418472290039,500000.0,0.0,0.0
2000-06-16,10.304225301081699,10.431474584909916,10.246815127571933,10.413126945495605,415800.0,0.0,0.0
2000-06-19,10.357497215270996,10.413131690462407,10.283515092304775,10.357497215270996,307800.0,0.0,0.0
2000-06-20,10.375248250041361,10.376431313195928,10.154485052992444,10.209527969360352,286600.0,0.0,0.0
2000-06-21,10.339145171565713,10.339145171565713,9.987582353984608,10.061564445495605,239800.0,0.0,0.0
2000-06-22,10.026057039221202,10.154489437321576,9.91360390274613,9.98758602142334,308200.0,0.0,0.0
2000-06-23,10.024872846678287,10.024872846678287,9.895256256035,9.98758602142334,92600.0,0.0,0.0
2000-06-26,9.990539731223551,10.080502194675242,9.876903588844923,9.932538032531738,171600.0,0.0,0.0
2000-06-27,9.860336713133522,10.191184757766287,9.784578869879837,10.043220520019531,403600.0,0.0,0.0
2000-06-28,10.043224154822711,10.043224154822711,9.83962537127671,9.950894355773926,242000.0,0.0,0.0
2000-06-29,9.990545233262157,10.50546129780434,9.747292432159668,10.376436233520508,608200.0,0.0,0.0
2000-06-30,10.304233155640292,10.35750039081759,9.950894355773926,9.950894355773926,565400.0,0.0,0.0
2000-07-03,10.02605251050197,10.172832489013672,10.024868318493949,10.172832489013672,163600.0,0.0,0.0
2000-07-05,10.250960828581329,10.598380748759196,10.154488095358428,10.394782066345215,573200.0,0.0,0.0
2000-07-06,10.394784797573033,10.394784797573033,10.098856284217359,10.265168190002441,232000.0,0.0,0.0
2000-07-07,10.262800096468228,10.43147924501356,10.15448993526585,10.339149475097656,178400.0,0.0,0.0
2000-07-10,10.357497576407258,10.635078430175781,10.329679773402821,10.635078430175781,369200.0,0.0,0.0
2000-07-11,10.558723088374967,11.097312568033358,10.505455897738246,10.986635208129883,352000.0,0.0,0.0
2000-07-12,10.984867858683405,11.060625723760928,10.764697163018223,10.783044815063477,508000.0,0.0,0.0
2000-07-13,10.706692552047476,10.857024049075072,10.690712161176307,10.727407455444336,198000.0,0.0,0.0
2000-07-14,10.653422116329669,10.653422116329669,10.450414995497683,10.561092376708984,295200.0,0.0,0.0
2000-07-17,10.598382927282435,10.598382927282435,10.24681995480358,10.54274845123291,248000.0,0.0,0.0
2000-07-18,10.540972469939321,10.542748194401996,10.283515000403437,10.339149475097656,176200.0,0.0,0.0
2000-07-19,10.393003582411897,10.505456674164597,10.283510406400556,10.413126945495605,197000.0,0.0,0.0
2000-07-20,10.487697376375875,10.746338844299316,10.487105844958363,10.746338844299316,480200.0,0.0,0.0
2000-07-21,10.748118188699488,10.838672196665474,10.542743829952654,10.61672592163086,149800.0,0.0,0.0
2000-07-24,10.600154005343077,10.857019836680823,10.57943910998335,10.61672592163086,103800.0,0.0,0.0
2000-07-25,10.582397950184085,10.709055707201165,10.413127338999542,10.579439163208008,145800.0,0.0,0.0
2000-07-26,10.50546136731862,10.561095842012838,10.15448993526585,10.339149475097656,267000.0,0.0,0.0
2000-07-27,10.357497054173294,10.616730246456514,10.28351493235777,10.376436233520508,156200.0,0.0,0.0
2000-07-28,10.357491335422873,10.561089940965758,10.265161617096533,10.283509254455566,186200.0,0.0,0.0
2000-07-31,10.321980851541415,10.653420277420024,10.061563595341134,10.172832489013672,250600.0,0.0,0.0
2000-08-01,10.191774293528786,10.209530404976757,9.895254344274827,10.08050537109375,409800.0,0.0,0.0
2000-08-02,10.102998185352623,10.246819445531328,9.784579075803112,10.135550498962402,526600.0,0.0,0.0
2000-08-03,10.209532431298896,10.339149022625767,10.080507371807828,10.098855018615723,258600.0,0.0,0.0
2000-08-04,10.17402170815652,10.50546129780434,10.154489868073938,10.376436233520508,311600.0,0.0,0.0
2000-08-07,10.357492834948735,10.875367476696171,10.357492834948735,10.61672592163086,323800.0,0.0,0.0
2000-08-08,10.55872913914512,10.7274082965321,10.46876662083802,10.653426170349121,182600.0,0.0,0.0
2000-08-09,10.600153910630288,10.69070791778717,10.487109284587065,10.505456924438477,151600.0,0.0,0.0
2000-08-10,10.469950264697918,10.57944348962368,10.320801827486815,10.339149475097656,227600.0,0.0,0.0
2000-08-11,10.413126251199412,10.653420142356145,10.413126251199412,10.598377227783203,203800.0,0.0,0.0
2000-08-14,10.59421136232029,10.781307735207722,10.576335456636217,10.725297927856445,370400.0,0.12,0.0
2000-08-15,10.653792716826059,10.706823761246966,10.539389904590367,10.557861328125,175600.0,0.0,0.0
2000-08-16,10.629961019346329,10.688354047898825,10.53939159094217,10.632344245910645,191200.0,0.0,0.0
2000-08-17,10.706823299150045,10.706823299150045,10.352888655155263,10.501851081848145,133600.0,0.0,0.0
2000-08-18,10.427375793457031,10.539395438325924,10.315951671323273,10.427375793457031,162800.0,0.0,0.0
2000-08-21,10.445250410294477,10.595403948503098,10.166987900790893,10.315950393676758,116000.0,0.0,0.0
2000-08-22,10.315949230515706,10.315949230515706,10.092505516381008,10.185458183288574,209400.0,0.0,0.0
2000-08-23,10.111571224929355,10.166985504705865,9.906003442331366,9.962013244628906,330600.0,0.0,0.0
2000-08-24,9.998360575292216,10.054965900110785,9.906003442331366,9.962013244628906,300200.0,0.0,0.0
2000-08-25,9.980488207766594,9.980488207766594,9.850592653072411,9.9435453414917,171400.0,0.0,0.0
2000-08-28,9.944733999572156,10.036494473518616,9.906003442331366,9.962013244628906,117400.0,0.0,0.0
2000-08-29,9.887530414684377,10.036492848342807,9.887530414684377,9.980483055114746,104200.0,0.0,0.0
2000-08-30,9.90897954312679,10.03649179113623,9.85058652985806,9.887529373168945,122200.0,0.0,0.0
2000-08-31,9.885147188492805,10.05496427194396,9.869058991083223,9.980483055114746,256600.0,0.0,0.0
2000-09-01,9.944736282624753,10.036496777637034,9.869062854826975,9.92507266998291,193000.0,0.0,0.0
2000-09-05,9.99955406723033,10.222997808576256,9.99955406723033,10.203930854797363,234400.0,0.0,0.0
2000-09-06,10.22477944558429,10.70682179995779,10.222991742151228,10.669878959655762,353400.0,0.0,0.0
2000-09-07,10.522710406537929,10.539394133005553,10.222997716288438,10.315950393676758,204800.0,0.0,0.0
2000-09-08,10.260533178242092,10.371957254837895,10.148513579154539,10.222994804382324,99800.0,0.0,0.0
2000-09-11,10.183070102744448,10.352887153625488,10.054962343449215,10.352887153625488,174000.0,0.0,0.0
2000-09-12,10.352891049521867,10.352891049521867,10.054966127233467,10.297476768493652,178200.0,0.0,0.0
2000-09-13,10.17115527828509,10.352889637941102,10.14851292363475,10.24146556854248,161600.0,0.0,0.0
2000-09-14,10.171151083470427,10.222989927857407,9.682554660883165,9.905998229980469,201200.0,0.0,0.0
2000-09-15,9.962014211115129,9.962014211115129,9.720099074383914,9.757041931152344,134800.0,0.0,0.0
2000-09-18,9.777896228279355,9.869061185210894,9.533597873685634,9.645617485046387,334000.0,0.0,0.0
2000-09-19,9.575307032587494,9.68256018882574,9.422173637323498,9.608078956604004,252600.0,0.0,0.0
2000-09-20,9.551470889594592,9.738567200305406,9.384632568134686,9.440642356872559,126400.0,0.0,0.0
2000-09-21,9.444217764119873,9.589604778588983,9.366161146014347,9.440642356872559,93600.0,0.0,0.0
2000-09-22,9.515719955837936,9.68255771426704,9.440642652009231,9.459114074707031,125800.0,0.0,0.0
2000-09-25,9.533596164577773,9.533596164577773,9.273209655677718,9.366162300109863,94400.0,0.0,0.0
2000-09-26,9.366761486239213,9.459118070495578,9.254741289694536,9.2916841506958,85200.0,0.0,0.0
2000-09-27,9.366756263677694,9.589603782480923,9.329217332712926,9.552660942077637,161000.0,0.0,0.0
2000-09-28,9.55147520400895,9.869062657770534,9.496656435263079,9.794581413269043,258200.0,0.0,0.0
2000-09-29,9.736190056577016,9.850592931521623,9.571139335632324,9.571139335632324,211800.0,0.0,0.0
2000-10-02,9.551471188196025,9.58960507838257,9.180256167053626,9.459114074707031,302800.0,0.0,0.0
2000-10-03,9.533592281484962,10.054960609378671,9.533592281484962,9.905998229980469,246600.0,0.0,0.0
2000-10-04,9.980479882023484,10.632339202639804,9.943537046566401,10.074028015136719,291400.0,0.0,0.0
2000-10-05,10.111573344384773,10.2599403107419,9.738571599231461,9.794581413269043,185000.0,0.0,0.0
2000-10-06,9.813644751285292,9.962011662987877,9.608077001324727,9.720096588134766,372400.0,0.0,0.0
2000-10-09,9.760017062809268,10.203925565572886,9.589604475972793,9.682557106018066,201800.0,0.0,0.0
2000-10-10,9.760023467964153,9.887535798840792,9.571139335632324,9.571139335632324,121800.0,0.0,0.0
2000-10-11,9.515719066321374,9.813047800632129,9.51512297573506,9.664085388183594,182000.0,0.0,0.0
2000-10-12,9.645614567326856,9.645614567326856,9.254737090915459,9.440642356872559,169800.0,0.0,0.0
2000-10-13,9.53360083795363,9.53360083795363,9.217204378316492,9.235675811767578,230000.0,0.0,0.0
2000-10-16,9.29167850806228,9.29167850806228,8.937743930251798,9.124244689941406,555000.0,0.0,0.0
2000-10-17,9.12424744311362,9.12424744311362,8.639821739577183,8.826322555541992,252400.0,0.0,0.0
2000-10-18,8.830493932403158,8.919275653401213,8.788784627872523,8.882332801818848,361000.0,0.0,0.0
2000-10-19,8.901996642806534,9.086710349112119,8.807852369637118,9.04976749420166,134000.0,0.0,0.0
2000-10-20,8.979457414696595,9.105777524275627,8.714304402742693,8.975286483764648,245400.0,0.0,0.0
2000-10-23,8.695832936704688,8.695832936704688,7.075717219067429,7.355170726776123,2027800.0,0.0,0.0
2000-10-24,7.358745441527007,7.969491274518547,7.2246790058719546,7.429651260375977,1458600.0,0.0,0.0
2000-10-25,7.4123715155673136,7.429651328559508,6.83380150817399,7.169264793395996,939000.0,0.0,0.0
2000-10-26,7.245533381777477,7.2806885286070155,7.057244856546049,7.150197505950928,540200.0,0.0,0.0
2000-10-27,7.168073688922657,7.373642050656088,7.150198352151358,7.318227767944336,470400.0,0.0,0.0
2000-10-30,7.34086752765325,8.08150866295554,7.299158233870019,7.709102630615234,931400.0,0.0,0.0
2000-10-31,7.746045472678388,7.8205266791464485,7.634621424147173,7.709102630615234,482800.0,0.0,0.0
2000-11-01,7.692420282384516,7.70910400286758,7.448121972602608,7.560141563415527,473200.0,0.0,0.0
2000-11-02,7.656669310307034,7.765113489129572,7.448121676078209,7.746046543121338,617600.0,0.0,0.0
2000-11-03,7.710295550615683,7.951019018929527,7.597084347620821,7.876537799835205,553600.0,0.0,0.0
2000-11-06,7.841382713487737,8.323425176133286,7.839595009653138,8.025500297546387,598000.0,0.0,0.0
2000-11-07,7.990348192508508,8.192937277936988,7.988560487993821,8.155994415283203,379400.0,0.0,0.0
2000-11-08,8.175060095790721,8.379436271443637,8.17446400500451,8.248945236206055,513600.0,0.0,0.0
2000-11-09,8.252522503620714,8.286485479918802,8.063041735975066,8.155994415283203,582000.0,0.0,0.0
2000-11-10,8.1214330049046,8.212001862647021,8.043972461163062,8.099982261657715,325600.0,0.0,0.0
2000-11-13,8.115611295087621,8.360281699055905,8.115611295087621,8.190755844116211,409200.0,0.12,0.0
2000-11-14,8.26590366116679,8.285140425654788,8.172123144345615,8.247267723083496,293600.0,0.0,0.0
2000-11-15,8.28393630600024,8.472699522612242,8.26590177175161,8.341046333312988,365600.0,0.0,0.0
2000-11-16,8.41619496202442,8.454067674240887,8.20999793778586,8.228633880615234,558000.0,0.0,0.0
2000-11-17,8.26590177175161,8.435427654965236,8.228629904104604,8.341046333312988,422600.0,0.0,0.0
2000-11-20,8.30798249754003,8.322410354183393,8.040468043296238,8.153485298156738,318800.0,0.0,0.0
2000-11-21,8.115611438811976,8.378917778158671,8.003195026361821,8.078339576721191,313200.0,0.0,0.0
2000-11-22,8.043474270423152,8.153485679181662,8.003196549853817,8.115612983703613,280400.0,0.0,0.0
2000-11-24,8.21179607341327,8.378917473961812,8.209992448330507,8.303772926330566,172000.0,0.0,0.0
2000-11-27,8.307983294047352,8.454064353278426,8.228630648208624,8.265902519226074,308000.0,0.0,0.0
2000-11-28,8.326017650323715,8.378919027227361,8.285138531842481,8.341046333312988,271200.0,0.0,0.0
2000-11-29,8.39815883694131,8.566482543945312,8.36028555855196,8.566482543945312,547400.0,0.0,0.0
2000-11-30,8.662666745062051,8.923568725585938,8.660863119274328,8.923568725585938,799000.0,0.0,0.0
2000-12-01,8.909139926557447,9.167637427647907,8.904931849034861,9.017348289489746,573600.0,0.0,0.0
2000-12-04,9.095497183701447,9.317925002050268,9.036583534964697,9.07385540008545,401000.0,0.0,0.0
2000-12-05,9.224144911105567,9.224144911105567,8.980075298607506,9.130364418029785,340000.0,0.0,0.0
2000-12-06,9.059427700221358,9.355797854377025,8.904930507810349,8.96143913269043,286800.0,0.0,0.0
2000-12-07,9.017349045839733,9.017349045839733,8.754643445191677,8.848423957824707,210000.0,0.0,0.0
2000-12-08,8.776883398643873,8.867056626539963,8.679495670411807,8.791912078857422,345800.0,0.0,0.0
2000-12-11,8.830987210580535,8.98007408402573,8.604351336287653,8.867056846618652,193400.0,0.0,0.0
2000-12-12,8.885092701953905,8.886294927783084,8.773277673535276,8.82978630065918,229800.0,0.0,0.0
2000-12-13,8.812953386707115,8.84842162611385,8.641623891713637,8.698132514953613,406600.0,0.0,0.0
2000-12-14,8.626598238158943,8.716771507186078,8.529210465505054,8.585719108581543,448200.0,0.0,0.0
2000-12-15,8.512378351938535,8.660863893427234,8.510574725989596,8.566482543945312,546800.0,0.0,0.0
2000-12-18,8.644630107096122,8.698132881571082,8.566479697201942,8.660861015319824,534000.0,0.0,0.0
2000-12-19,8.64462741582944,8.998708315060608,8.622985638294589,8.94219970703125,260000.0,0.0,0.0
2000-12-20,9.017344653148347,9.205506413131532,8.848419647423112,8.998708724975586,439400.0,0.0,0.0
2000-12-21,8.99931118549062,9.430941141476902,8.998709786027188,9.280652046203613,320800.0,0.0,0.0
2000-12-22,9.360003841794382,9.599865317524726,9.280651224858692,9.562593460083008,196200.0,0.0,0.0
2000-12-26,9.56439513614325,9.843932863382193,9.337157934563471,9.76878833770752,200400.0,0.0,0.0
2000-12-27,9.786827277206859,9.91908128151232,9.675011683786712,9.863173484802246,178800.0,0.0,0.0
2000-12-28,9.864975988460397,10.5202365267104,9.750155130398934,10.36994743347168,473800.0,0.0,0.0
2000-12-29,10.315846068359196,10.33267837798763,9.99422741325581,10.088608741760254,339200.0,0.0,0.0
2001-01-02,10.031798560873977,10.031798560873977,9.637289628704774,9.674861907958984,310400.0,0.0,0.0
2001-01-03,9.712431996325614,10.031796297945604,9.5245706424315,9.900293350219727,554000.0,0.0,0.0
2001-01-04,9.994228741518468,9.994228741518468,9.618505856498976,9.67501449584961,538400.0,0.0,0.0
2001-01-05,9.618505355992268,9.618505355992268,8.99856262796933,9.111279487609863,746200.0,0.0,0.0
2001-01-08,9.261570180466043,9.261570180466043,8.979777984305818,9.148853302001953,454400.0,0.0,0.0
2001-01-09,8.99855980832698,9.18642118219602,8.75434002229723,8.867056846618652,606600.0,0.0,0.0
2001-01-10,8.94220418829667,8.979776474802119,8.716770469263981,8.923418045043945,346200.0,0.0,0.0
2001-01-11,8.960986726717064,9.092489676585028,8.79191150545825,8.99855899810791,444000.0,0.0,0.0
2001-01-12,9.073706716299057,9.130065143108368,8.942203720410664,9.017348289489746,219400.0,0.0,0.0
2001-01-16,9.017345357385482,9.148848310514019,8.97977308506304,9.07370376586914,400000.0,0.0,0.0
2001-01-17,9.073703540889605,9.111275812280452,8.94220059102164,8.99855899810791,174600.0,0.0,0.0
2001-01-18,8.998563389869252,9.036135679597308,8.829488086093004,8.848274230957031,496600.0,0.0,0.0
2001-01-19,8.716770263142285,8.75434254875928,8.622839549099805,8.660411834716797,472200.0,0.0,0.0
2001-01-22,8.698731573012916,8.998708315060608,8.660858319000099,8.94219970703125,349800.0,0.0,0.0
2001-01-23,8.94219970703125,9.054916510061057,8.791910636324843,8.94219970703125,379000.0,0.0,0.0
2001-01-24,8.942204375765218,9.148851955877438,8.791915226592693,8.810701370239258,264000.0,0.0,0.0
2001-01-25,8.867060733475325,9.449431247750187,8.867060733475325,9.18642520904541,422200.0,0.0,0.0
2001-01-26,9.092492188832368,9.299139738578559,8.998561484402282,9.036133766174316,631400.0,0.0,0.0
2001-01-29,9.029372650675942,9.555384689860512,9.029372650675942,9.393072128295898,472800.0,0.0,0.0
2001-01-30,9.366019536923893,9.669603107465083,9.320932907765826,9.615499496459961,559800.0,0.0,0.0
2001-01-31,9.60047052508801,10.030296988447763,9.582435415316143,9.922088623046875,553600.0,0.0,0.0
2001-02-01,9.846944309764487,10.144517322398869,9.846944309764487,9.9281005859375,364400.0,0.0,0.0
2001-02-02,9.922090006355521,9.985212326049805,9.922090006355521,9.985212326049805,166000.0,0.0,0.0
2001-02-05,10.045325058397895,10.07237714809223,9.922088015704839,9.952146530151367,152800.0,0.0,0.0
2001-02-06,9.961163666279752,9.994227459378216,9.883013820732101,9.916077613830566,292600.0,0.0,0.0
2001-02-07,9.937119784010997,10.084402520366874,9.919084671826166,10.072379112243652,191600.0,0.0,0.0
2001-02-08,10.132491944718213,10.189602542739927,9.919081674781713,10.08139419555664,245800.0,0.0,0.0
2001-02-09,10.129484176635742,10.159541533857267,10.069368315578012,10.129484176635742,169600.0,0.0,0.0
2001-02-12,10.204629543565446,10.204629543565446,10.069369131874035,10.17457103729248,226600.0,0.0,0.0
2001-02-13,10.201623485792174,10.354919006749519,10.156537444686636,10.21364688873291,352600.0,0.0,0.0
2001-02-14,10.274209944440791,10.274209944440791,9.838169623855894,10.074357986450195,220800.0,0.125,0.0
2001-02-15,10.080415643403818,10.41653060913086,10.080415643403818,10.41653060913086,378600.0,0.0,0.0
2001-02-16,10.413498276542722,10.431667052595223,10.265123981676943,10.365049362182617,221800.0,0.0,0.0
2001-02-20,10.33477282110696,10.658775265249654,10.33477282110696,10.41653060913086,204200.0,0.0,0.0
2001-02-21,10.425615845334436,10.425615845334436,10.27118406184591,10.283296585083008,226400.0,0.0,0.0
2001-02-22,10.21062202265231,10.368081332664763,10.171256906370795,10.286323547363281,318400.0,0.0,0.0
2001-02-23,10.286320474877535,10.286320474877535,10.025907122838117,10.21061897277832,215000.0,0.0,0.0
2001-02-26,10.134919428295282,10.431669235229492,10.134919428295282,10.431669235229492,329800.0,0.0,0.0
2001-02-27,10.35596778634927,10.416529231145807,10.292378789113975,10.295406341552734,380200.0,0.0,0.0
2001-02-28,10.325688925056447,10.349913970741788,10.234847313963932,10.301465034484863,319400.0,0.0,0.0
2001-03-01,10.22575961829074,10.240899688540917,9.944149922206822,10.080412864685059,365000.0,0.0,0.0
2001-03-02,10.140975754679376,10.295406341552734,10.140975754679376,10.295406341552734,366800.0,0.0,0.0
2001-03-05,10.331742910005714,10.464978321690795,10.265126359276675,10.401388168334961,279400.0,0.0,0.0
2001-03-06,10.343855985987183,10.628493294685533,10.343855985987183,10.377164840698242,371200.0,0.0,0.0
2001-03-07,10.528564533351519,10.810174199735446,10.528564533351519,10.728416442871094,420800.0,0.0,0.0
2001-03-08,10.728420834335745,10.828346252441406,10.728420834335745,10.828346252441406,216000.0,0.0,0.0
2001-03-09,10.77989574984091,10.89799108874961,10.74961560454955,10.758699417114258,205000.0,0.0,0.0
2001-03-12,10.758702114241032,10.758702114241032,10.570962625120009,10.631524085998535,242200.0,0.0,0.0
2001-03-13,10.601241928579354,10.601241928579354,10.231819241536478,10.4437837600708,295400.0,0.0,0.0
2001-03-14,10.383221458843686,10.401389085593056,10.007741386137464,10.128864288330078,147400.0,0.0,0.0
2001-03-15,10.174282921492226,10.174282921492226,9.93203831004973,10.05921745300293,183200.0,0.0,0.0
2001-03-16,9.992600441433066,10.343855441048596,9.992600441433066,10.044076919555664,313200.0,0.0,0.0
2001-03-19,10.041047872830978,10.198507146483735,9.998655213600106,10.195478439331055,202200.0,0.0,0.0
2001-03-20,10.195478439331055,10.558845905059469,10.053160391215036,10.195478439331055,268000.0,0.0,0.0
2001-03-21,10.174287138361972,10.174287138361972,9.962323737444603,9.98957633972168,222000.0,0.0,0.0
2001-03-22,9.913871243864127,9.913871243864127,9.489942283655633,9.780635833740234,216600.0,0.0,0.0
2001-03-23,9.7503552958431,9.962319767405361,9.598952266886261,9.80788803100586,241800.0,0.0,0.0
2001-03-26,9.871480959778415,10.134923166828118,9.84120080396562,9.98957633972168,372400.0,0.0,0.0
2001-03-27,9.992599298548802,10.113722176334134,9.886617646821662,10.095553398132324,248000.0,0.0,0.0
2001-03-28,10.098581641311036,10.128862940386172,9.720074066222715,10.028936386108398,258200.0,0.0,0.0
2001-03-29,10.025908042725794,10.140974659905794,9.84119617583808,10.031964302062988,305000.0,0.0,0.0
2001-03-30,10.031968022433919,10.083444513220181,9.844227378697019,10.019855499267578,260800.0,0.0,0.0
2001-04-02,10.053163307660984,10.355969424427197,9.871478944533058,10.007741928100586,332200.0,0.0,0.0
2001-04-03,10.007740585371755,10.007740585371755,9.568672121504235,9.856337547302246,264600.0,0.0,0.0
2001-04-04,9.886615946456335,9.992597579956055,9.886615946456335,9.992597579956055,210400.0,0.0,0.0
2001-04-05,10.068305638213648,10.159147262573242,10.068305638213648,10.159147262573242,158200.0,0.0,0.0
2001-04-06,10.204567302219797,10.204567302219797,9.90781741917846,10.13492202758789,227400.0,0.0,0.0
2001-04-09,10.083438597762685,10.598208979203775,10.080411046304109,10.468002319335938,391600.0,0.0,0.0
2001-04-10,10.44680760818154,10.746586073883552,10.44680760818154,10.716304779052734,321000.0,0.0,0.0
2001-04-11,10.689053230251192,10.689053230251192,10.507370064059602,10.549762725830078,264200.0,0.0,0.0
2001-04-12,10.549763513330397,10.80109195049327,10.507370848395466,10.673913955688477,246400.0,0.0,0.0
2001-04-16,10.676941374796565,10.894962111868878,10.643633677844713,10.767784118652344,116000.0,0.0,0.0
2001-04-17,10.719335389150167,10.84651338467829,10.625465091179297,10.843485832214355,137600.0,0.0,0.0
2001-04-18,10.885878169826118,11.35825488770325,10.843485505925704,11.09178638458252,317600.0,0.0,0.0
2001-04-19,11.034251474389167,11.112981690173056,11.013055144396587,11.049392700195312,275400.0,0.0,0.0
2001-04-20,10.973690459945791,11.097840879530315,10.931296647673891,10.967634201049805,323000.0,0.0,0.0
2001-04-23,10.901016210033648,11.052419212950781,10.840454777844146,10.931296348571777,280000.0,0.0,0.0
2001-04-24,10.937357167336685,11.02214366979672,10.897993201848026,10.982778549194336,175400.0,0.0,0.0
2001-04-25,11.013055144396587,11.049392700195312,11.010027592303368,11.049392700195312,220200.0,0.0,0.0
2001-04-26,10.973695886482172,11.188687985594385,10.90102189890604,11.07967758178711,254600.0,0.0,0.0
2001-04-27,11.143262927581878,11.203824371423073,11.106926523322546,11.13417911529541,214600.0,0.0,0.0
2001-04-30,11.073615179632041,11.400646209716797,11.073615179632041,11.400646209716797,307200.0,0.0,0.0
2001-05-01,11.355230908711336,11.415792371247228,11.294669446175446,11.403679847717285,315200.0,0.0,0.0
2001-05-02,11.327975170023883,11.443041801452637,11.327975170023883,11.443041801452637,240600.0,0.0,0.0
2001-05-03,11.312834046025783,11.324946565074418,11.082700804555273,11.252272605895996,323600.0,0.0,0.0
2001-05-04,11.22199220140069,11.648948669433594,11.22199220140069,11.648948669433594,285200.0,0.0,0.0
2001-05-07,11.658030307979727,11.77006819789746,11.582328812473365,11.633805274963379,328600.0,0.0,0.0
2001-05-08,11.573247749834017,11.806408549953444,11.542966451375596,11.69739818572998,223800.0,0.0,0.0
2001-05-09,11.773095695508362,11.80943208618806,11.630776528936078,11.694365501403809,236800.0,0.0,0.0
2001-05-10,11.703455431812209,11.718595504760742,11.685286651205855,11.718595504760742,392600.0,0.0,0.0
2001-05-11,11.609583657422856,11.733734088020602,11.564162289230328,11.585358619689941,590400.0,0.0,0.0
2001-05-14,11.588386219466942,11.658031463623047,11.588386219466942,11.658031463623047,220600.0,0.0,0.0
2001-05-15,11.658031421352256,11.873023411895465,11.636835092995222,11.794294357299805,191000.0,0.0,0.0
2001-05-16,11.733340362044938,12.187436383693488,11.733340362044938,12.144768714904785,429400.0,0.125,0.0
2001-05-17,12.129538245697907,12.38858687556704,12.068585558518357,12.324585914611816,662800.0,0.0,0.0
2001-05-18,12.385537011617677,12.385537011617677,12.111251698388793,12.208775520324707,295200.0,0.0,0.0
2001-05-21,12.190481821969986,12.266672333357299,11.958863178885531,12.111244201660156,355600.0,0.0,0.0
2001-05-22,12.111246753215033,12.141722499160505,11.809531753024046,11.882675170898438,331000.0,0.0,0.0
2001-05-23,11.934487359528205,11.94058274286057,11.785153374324013,11.907058715820312,406600.0,0.0,0.0
2001-05-24,11.900962053052695,11.907057435729763,11.60839066000561,11.666295051574707,233000.0,0.0,0.0
2001-05-25,11.742488087394603,11.766869623285912,11.580964481129367,11.65715503692627,166600.0,0.0,0.0
2001-05-29,11.67239060824875,11.757724804424397,11.550486440616293,11.67543888092041,294800.0,0.0,0.0
2001-05-30,11.751628912715372,11.794295427667695,11.459056365402391,11.54743766784668,424600.0,0.0,0.0
2001-05-31,11.47124277508844,11.71505216980195,11.47124277508844,11.584004402160645,201800.0,0.0,0.0
2001-06-01,11.580961939208695,11.715056869451349,11.398105110461861,11.708961486816406,244800.0,0.0,0.0
2001-06-04,11.632774540663963,11.955822944641113,11.632774540663963,11.955822944641113,255000.0,0.0,0.0
2001-06-05,11.940582312247578,12.0716301427287,11.809534481766455,11.980201721191406,259800.0,0.0,0.0
2001-06-06,12.0106757550042,12.156961441040039,12.0106757550042,12.156961441040039,485800.0,0.0,0.0
2001-06-07,12.108202996736662,12.1874418258667,12.108202996736662,12.1874418258667,227600.0,0.0,0.0
2001-06-08,12.160007231088576,12.248387349089358,12.038101936323633,12.193530082702637,192400.0,0.0,0.0
2001-06-11,12.20572437252838,12.236201286315918,12.187439386831244,12.236201286315918,320800.0,0.0,0.0
2001-06-12,12.18744075120112,12.1904878616333,12.138678846257607,12.1904878616333,267200.0,0.0,0.0
2001-06-13,12.169149382556608,12.364196918691169,12.163054001730524,12.251435279846191,359200.0,0.0,0.0
2001-06-14,12.281914460131313,12.281914460131313,12.120390892028809,12.120390892028809,257400.0,0.0,0.0
2001-06-15,11.998486696866484,12.099058774267393,11.772963334787914,11.791248321533203,580800.0,0.0,0.0
2001-06-18,11.836962676198528,11.870486700760196,11.76381924419349,11.769914627075195,218800.0,0.0,0.0
2001-06-19,11.794295010167964,11.952771461934868,11.751628496725969,11.937532424926758,299200.0,0.0,0.0
2001-06-20,11.907056216802568,12.114294556306408,11.907056216802568,11.97105598449707,181000.0,0.0,0.0
2001-06-21,11.894866805723211,12.047247886657715,11.894866805723211,12.047247886657715,455000.0,0.0,0.0
2001-06-22,11.995442524828382,12.025918285252397,11.757728338309004,11.830870628356934,212200.0,0.0,0.0
2001-06-25,11.90705883569899,11.95886901325796,11.736391588401016,11.809535026550293,201400.0,0.0,0.0
2001-06-26,11.80953743549231,11.885727999592259,11.644965538018237,11.815632820129395,216400.0,0.0,0.0
2001-06-27,11.846107394908794,12.050298690795898,11.846107394908794,12.050298690795898,206000.0,0.0,0.0
2001-06-28,11.980203896765728,12.156965388827203,11.980203896765728,12.059441566467285,150400.0,0.0,0.0
2001-06-29,12.028960811655356,12.312389665970139,11.977150648597453,12.242293357849121,430400.0,0.0,0.0
2001-07-02,12.245341860573982,12.403818299713055,12.199627078342925,12.263628005981445,291200.0,0.0,0.0
2001-07-03,12.294106024795722,12.327630049618206,12.14172493929383,12.205724716186523,104400.0,0.0,0.0
2001-07-05,12.175250684665635,12.49220366631798,12.175250684665635,12.385536193847656,452400.0,0.0,0.0
2001-07-06,12.35505631585287,12.400769935168267,12.12038934979321,12.184389114379883,195600.0,0.0,0.0
2001-07-09,12.184392341865145,12.358106698943729,12.175249848095378,12.31544017791748,139400.0,0.0,0.0
2001-07-10,12.391631623412044,12.49525082308209,12.251441283439508,12.492203712463379,275600.0,0.0,0.0
2001-07-11,12.434296412076694,12.693344956384278,12.34286799279331,12.57448673248291,462200.0,0.0,0.0
2001-07-12,12.650680481864713,12.80001449584961,12.650680481864713,12.80001449584961,257800.0,0.0,0.0
2001-07-13,12.754297206573447,12.940202328778554,12.711630685918273,12.836583137512207,465600.0,0.0,0.0
2001-07-16,12.836584582072511,12.860966118090946,12.739060763150025,12.77563190460205,159000.0,0.0,0.0
2001-07-17,12.784770788572239,12.95238971710205,12.784770788572239,12.95238971710205,389400.0,0.0,0.0
2001-07-18,12.845727743397042,13.013346728037366,12.766488916972147,12.931060791015625,238200.0,0.0,0.0
2001-07-19,12.95239384041562,13.141346083860526,12.95239384041562,13.071250915527344,134000.0,0.0,0.0
2001-07-20,13.089537588887136,13.135251224367519,12.976775892944799,13.049918174743652,149000.0,0.0,0.0
2001-07-23,13.095631583032807,13.12306022644043,13.068202939625184,13.12306022644043,152800.0,0.0,0.0
2001-07-24,13.190109167976331,13.190109167976331,12.928013459681404,13.025538444519043,217400.0,0.0,0.0
2001-07-25,13.086486353334216,13.257153576524646,12.976772955471095,13.120010375976562,347200.0,0.0,0.0
2001-07-26,13.089533291229195,13.17791458507908,12.921914357683873,13.11086654663086,461000.0,0.0,0.0
2001-07-27,13.156577345022182,13.269340142329385,13.104768353752638,13.177911758422852,254200.0,0.0,0.0
2001-07-30,13.180962146714677,13.184009256487158,13.101724504302226,13.104771614074707,287200.0,0.0,0.0
2001-07-31,13.13525136318318,13.528394910377553,13.13525136318318,13.482681274414062,256000.0,0.0,0.0
2001-08-01,13.452202340231045,13.604583429110102,13.30286952417182,13.363821029663086,252200.0,0.0,0.0
2001-08-02,13.302869515007627,13.485726356506348,13.302869515007627,13.485726356506348,170800.0,0.0,0.0
2001-08-03,13.461346370705838,13.488775016339194,13.290680275721028,13.354680061340332,206600.0,0.0,0.0
2001-08-06,13.363816158902841,13.363816158902841,13.129150390625,13.129150390625,300800.0,0.0,0.0
2001-08-07,13.135249008045024,13.135249008045024,12.836582222180207,12.876201629638672,300600.0,0.0,0.0
2001-08-08,12.921917341398048,12.946297712097222,12.81524987718462,12.836583137512207,322600.0,0.0,0.0
2001-08-09,12.83658169378775,12.860963224320239,12.476962256461103,12.803057670593262,439400.0,0.0,0.0
2001-08-10,12.833537801903537,12.93410873413086,12.833537801903537,12.93410873413086,260600.0,0.0,0.0
2001-08-13,12.906511035098209,12.949431533134513,12.786949714228488,12.909577369689941,190000.0,0.125,0.0
2001-08-14,12.924908867456502,13.127243732523166,12.845201689475699,13.035273551940918,385200.0,0.0,0.0
2001-08-15,13.044469987581268,13.078192659404415,12.921843472136691,12.924908638000488,222200.0,0.0,0.0
2001-08-16,12.894251406357405,12.98622157892213,12.790018232260266,12.921842575073242,269600.0,0.0,0.0
2001-08-17,12.869724672734252,13.105782176244407,12.848265006002794,13.016877174377441,182600.0,0.0,0.0
2001-08-20,13.016880886507261,13.256004793151464,12.970896374453558,13.2100191116333,233000.0,0.0,0.0
2001-08-21,13.15176781677433,13.596290486238777,13.136438481029383,13.461400985717773,390600.0,0.0,0.0
2001-08-22,13.384757429531696,13.657602733803536,13.26826127429896,13.550304412841797,375200.0,0.0,0.0
2001-08-23,13.55030375840907,13.64227391042929,13.400084946853696,13.562566757202148,227800.0,0.0,0.0
2001-08-24,13.5349804158248,13.792497634887695,13.5349804158248,13.792497634887695,334200.0,0.0,0.0
2001-08-27,13.718923105688521,13.764908790588379,13.706660100453286,13.764908790588379,173000.0,0.0,0.0
2001-08-28,13.645343360947592,13.672934532165527,13.614687023800686,13.672934532165527,159200.0,0.0,0.0
2001-08-29,13.580965887496284,13.679067580820496,13.458339355573234,13.52578353881836,224600.0,0.0,0.0
2001-08-30,13.538041059532935,13.550304058597682,13.277458761458808,13.28665542602539,299600.0,0.0,0.0
2001-08-31,13.271331479526403,13.51045418996187,13.15790045632529,13.415417671203613,231800.0,0.0,0.0
2001-09-04,13.476730257700822,13.672933608906797,13.415416418082899,13.498189926147461,274200.0,0.0,0.0
2001-09-05,13.482864767132034,13.584032800495548,13.397026074191706,13.473668098449707,298000.0,0.0,0.0
2001-09-06,13.443012820993173,13.470604001089665,13.317319927101305,13.390896797180176,165200.0,0.0,0.0
2001-09-07,13.351030822335566,13.351030822335566,12.909573500036652,12.912638664245605,214200.0,0.0,0.0
2001-09-10,12.759361206130123,12.921843058857334,12.67352253111787,12.7011137008667,259800.0,0.0,0.0
2001-09-17,12.716441123475208,12.716441123475208,11.799803413409025,11.867247581481934,379600.0,0.0,0.0
2001-09-18,11.87031427130061,11.95615294384841,11.741555093014702,11.78140926361084,355200.0,0.0,0.0
2001-09-19,11.649585723876953,11.805934912448912,11.404331521477664,11.649585723876953,664600.0,0.0,0.0
2001-09-20,11.6189294787208,11.646520649799745,11.205061912536621,11.205061912536621,498600.0,0.0,0.0
2001-09-21,11.03644797669659,11.251045810136288,10.990462309008043,11.085498809814453,420400.0,0.0,0.0
2001-09-24,11.08550161198556,11.526959221637123,11.08550161198556,11.431923866271973,305800.0,0.0,0.0
2001-09-25,11.401268454348632,11.588275202741999,11.343020930039474,11.465648651123047,309800.0,0.0,0.0
2001-09-26,11.511629016054712,11.710898698553198,11.465644514337967,11.533088684082031,243400.0,0.0,0.0
2001-09-27,11.54841781349942,11.861117362976074,11.54841781349942,11.861117362976074,237400.0,0.0,0.0
2001-09-28,11.821266728240376,12.25046138004004,11.680244509018722,12.2167387008667,315600.0,0.0,0.0
2001-10-01,12.186080733368893,12.324036598205566,12.186080733368893,12.324036598205566,376600.0,0.0,0.0
2001-10-02,12.385352559892958,12.60301564519661,12.370023218266711,12.572358131408691,414200.0,0.0,0.0
2001-10-03,12.572357398040918,12.836006153915068,12.538635889038101,12.759364128112793,366600.0,0.0,0.0
2001-10-04,12.713377533115752,12.87585822698966,12.67965486016887,12.802281379699707,529800.0,0.0,0.0
2001-10-05,12.802280676086198,13.182425555506947,12.78695250817032,13.179360389709473,368000.0,0.0,0.0
2001-10-08,13.179359943429983,13.179359943429983,12.713376403888047,12.783886909484863,328600.0,0.0,0.0
2001-10-09,12.783888547877568,13.15177045987072,12.783888547877568,13.019946098327637,228800.0,0.0,0.0
2001-10-10,13.023009915116543,13.544175805654136,13.023009915116543,13.531912803649902,281000.0,0.0,0.0
2001-10-11,13.488994361247082,13.924320436108093,13.488994361247082,13.8016939163208,987400.0,0.0,0.0
2001-10-12,13.771036443257671,13.823153620630723,13.611622084087246,13.783299446105957,562800.0,0.0,0.0
2001-10-15,13.783303748216534,13.783303748216534,13.565640642310868,13.676005363464355,472600.0,0.0,0.0
2001-10-16,13.706657535104132,13.795562552223231,13.55030834074324,13.605490684509277,260000.0,0.0,0.0
2001-10-17,13.605492126287418,13.688265650708013,13.338777046666241,13.403157234191895,284200.0,0.0,0.0
2001-10-18,13.381694353328799,13.488992691040039,13.381694353328799,13.488992691040039,208400.0,0.0,0.0
2001-10-19,13.41235647398137,13.45834216396375,13.136444673016456,13.390896797180176,218200.0,0.0,0.0
2001-10-22,13.393959042079986,13.565637588500977,13.393959042079986,13.565637588500977,333400.0,0.0,0.0
2001-10-23,13.56870470598286,13.657609742957089,13.45834116326766,13.623887062072754,300600.0,0.0,0.0
2001-10-24,13.626952146965712,13.626952146965712,13.366368562809816,13.473668098449707,270200.0,0.0,0.0
2001-10-25,13.366363617195976,13.614684104919434,13.308116121318939,13.614684104919434,311800.0,0.0,0.0
2001-10-26,13.614688482553902,13.795563697814941,13.614688482553902,13.795563697814941,187000.0,0.0,0.0
2001-10-29,13.792493506852386,13.86913549947457,13.6146835226262,13.68519401550293,183800.0,0.0,0.0
2001-10-30,13.76183920168974,13.771035868710097,13.305053474559926,13.351037979125977,333200.0,0.0,0.0
2001-10-31,13.381699695880505,13.47366990341778,13.259071972854377,13.265203475952148,248400.0,0.0,0.0
2001-11-01,13.295855506525124,13.642277717590332,13.295855506525124,13.642277717590332,493400.0,0.0,0.0
2001-11-02,13.605487439639916,13.74650843142477,13.427677447808884,13.614684104919434,506800.0,0.0,0.0
2001-11-05,13.645342055854657,13.853808403015137,13.645342055854657,13.853808403015137,562600.0,0.0,0.0
2001-11-06,13.82621448094594,14.540518386646607,13.752638825697293,14.47000789642334,935000.0,0.0,0.0
2001-11-07,14.470011353934064,14.715265545804629,14.2247571620635,14.399500846862793,702000.0,0.0,0.0
2001-11-08,14.408696326574585,15.083146175753884,14.362710657746671,14.871613502502441,1002000.0,0.0,0.0
2001-11-09,14.874675513930223,15.288541735228641,14.67847223362686,15.132192611694336,772000.0,0.0,0.0
2001-11-12,15.055558167412226,15.141396853140526,14.868551456820391,14.902274131774902,611600.0,0.0,0.0
2001-11-13,14.932927258108457,15.282414597050632,14.883876424036995,15.083146095275879,472600.0,0.0,0.0
2001-11-14,15.160177938196929,15.35122049882927,15.113957414049331,15.295756340026855,841000.0,0.125,0.0
2001-11-15,15.289593530421886,15.714818356242505,15.258780631270623,15.680923461914062,932400.0,0.0,0.0
2001-11-16,15.603901863098145,15.711749442727022,15.098562411280415,15.603901863098145,760000.0,0.0,0.0
2001-11-19,15.60697020475347,15.868883343155169,15.529936790466309,15.529936790466309,839400.0,0.0,0.0
2001-11-20,15.51761383548323,15.622379343980459,15.348140529941576,15.557671546936035,706400.0,0.0,0.0
2001-11-21,15.483725139296963,15.57616505429486,15.3697159499808,15.4436674118042,473600.0,0.0,0.0
2001-11-23,15.452912556147279,15.66552448272705,15.452912556147279,15.66552448272705,142400.0,0.0,0.0
2001-11-26,15.637783887300944,15.761037826538086,15.637783887300944,15.761037826538086,464200.0,0.0,0.0
2001-11-27,15.191001888434988,15.563843646278485,15.1293748698849,15.40977668762207,1424400.0,0.0,0.0
2001-11-28,15.419023620992329,15.452918544619479,15.345070953493295,15.382046699523926,504400.0,0.0,0.0
2001-11-29,15.3943575782119,15.502205065922064,15.3820319495416,15.496042251586914,702000.0,0.0,0.0
2001-11-30,15.496047192826174,15.687089796387188,15.378956033994639,15.489884376525879,453200.0,0.0,0.0
2001-12-03,15.428250771941011,15.483714919418626,15.23720825031618,15.403600692749023,810400.0,0.0,0.0
2001-12-04,15.403606176495574,15.656275749206543,15.403606176495574,15.656275749206543,566200.0,0.0,0.0
2001-12-05,15.637785699141642,16.167776053656272,15.637785699141642,16.072254180908203,442800.0,0.0,0.0
2001-12-06,16.10306844387832,16.133882522583008,16.066092724869613,16.133882522583008,300000.0,0.0,0.0
2001-12-07,16.035283909356465,16.07225963779112,15.761045003878111,15.881217002868652,259000.0,0.0,0.0
2001-12-10,15.881215867435563,15.91202877635526,15.468316540551118,15.514535903930664,361000.0,0.0,0.0
2001-12-11,15.455987371062601,15.73022619419867,15.37279112548702,15.539183616638184,392200.0,0.0,0.0
2001-12-12,15.5391845118063,15.545347327622867,15.283432944884888,15.305002212524414,339400.0,0.0,0.0
2001-12-13,15.30500370377081,15.394362778662378,15.129367549914713,15.191518783569336,538200.0,0.0,0.0
2001-12-14,15.237215144343534,15.326574219647298,14.996870004718337,15.178668975830078,418800.0,0.0,0.0
2001-12-17,15.191001532043087,15.468322521293526,15.175595071626415,15.298849105834961,323400.0,0.0,0.0
2001-12-18,15.314241794319951,15.496040684797116,15.252614832636135,15.483715057373047,469600.0,0.0,0.0
2001-12-19,15.499132014969732,15.499132014969732,15.301926544192058,15.366634368896484,291800.0,0.0,0.0
2001-12-20,15.391285014059138,15.406691470442125,15.098557641033283,15.20948600769043,448200.0,0.0,0.0
2001-12-21,15.147855773893774,15.147855773893774,14.867454095992027,14.987626075744629,562200.0,0.0,0.0
2001-12-24,15.052342898095537,15.218735512214229,15.052342898095537,15.131595611572266,225400.0,0.0,0.0
2001-12-26,15.163262473714749,15.172507286071777,15.101635484895093,15.172507286071777,277000.0,0.0,0.0
2001-12-27,15.13245449734474,15.249545696707994,15.067746666948244,15.166349411010742,237200.0,0.0,0.0
2001-12-28,15.197158647851507,15.32041263580322,15.197158647851507,15.320412635803223,384600.0,0.0,0.0
2001-12-31,15.308088172121009,15.308088172121009,15.144777624722567,15.154021263122559,522200.0,0.0,0.0
2002-01-02,15.169425080517561,15.169425080517561,14.842802867092828,15.083148002624512,615200.0,0.0,0.0
2002-01-03,15.113959729934065,15.314247131347656,15.113959729934065,15.314247131347656,437000.0,0.0,0.0
2002-01-04,15.369712758289811,15.560755366338324,15.335817855560533,15.455989837646484,385600.0,0.0,0.0
2002-01-07,15.48680432767853,15.560756957142452,15.388201605351412,15.446747779846191,236000.0,0.0,0.0
2002-01-08,15.406685485534567,15.443661201577541,15.283431531475562,15.419011116027832,348200.0,0.0,0.0
2002-01-09,15.388201048807154,15.684010380527154,15.1879147905777,15.252622604370117,394200.0,0.0,0.0
2002-01-10,15.283429369653769,15.354301147246906,15.009190594871875,15.16942024230957,357200.0,0.0,0.0
2002-01-11,15.200238932299012,15.23721465434573,14.972219432897402,15.015357971191406,278400.0,0.0,0.0
2002-01-14,15.092392981177085,15.1694264291264,14.728795012821355,14.771933555603027,297000.0,0.0,0.0
2002-01-15,14.741126087824142,14.938331599296696,14.636360512924652,14.71955680847168,254600.0,0.0,0.0
2002-01-16,14.781176252060174,14.790419888350565,14.451473236083984,14.451473236083984,222600.0,0.0,0.0
2002-01-17,14.420657045548369,14.741116378333993,14.371355700153412,14.704140663146973,259000.0,0.0,0.0
2002-01-18,14.704145346014439,14.8489674330508,14.605542623822258,14.673331260681152,210000.0,0.0,0.0
2002-01-22,14.734951587374391,15.12320065880535,14.734951587374391,15.080060958862305,431800.0,0.0,0.0
2002-01-23,15.345065574269334,15.345065574269334,14.990712350199214,15.129371643066406,411800.0,0.0,0.0
2002-01-24,15.345055580139162,15.431333801690332,15.107792527887485,15.34505558013916,455800.0,0.0,0.0
2002-01-25,15.40669123967452,15.982901162915915,15.345064239628371,15.77645206451416,449000.0,0.0,0.0
2002-01-28,15.745635312073212,15.819587934700735,15.696333955467217,15.748717308044434,499400.0,0.0,0.0
2002-01-29,15.714817546839017,15.761038068622044,15.252617030755516,15.289592742919922,388000.0,0.0,0.0
2002-01-30,15.351221323751698,15.437498386330908,15.181748018498181,15.419011116027832,846200.0,0.0,0.0
2002-01-31,15.452910842634997,15.801101197135376,15.437503211983692,15.542268753051758,540200.0,0.0,0.0
2002-02-01,15.573080286108377,15.591567559159927,15.465232766414024,15.502209663391113,452800.0,0.0,0.0
2002-02-04,15.533022568768361,15.711740711179978,15.446745493362473,15.502209663391113,365600.0,0.0,0.0
2002-02-05,15.51762079572961,15.878136834199621,15.51762079572961,15.588491439819336,584400.0,0.0,0.0
2002-02-06,15.606979431011872,15.708662986755371,15.606979431011872,15.708662986755371,721000.0,0.0,0.0
2002-02-07,15.708662902729898,15.714825720535526,15.483725342292356,15.628548622131348,497400.0,0.0,0.0
2002-02-08,15.690167918494522,16.019872068955575,15.653192202488698,15.985977172851562,631800.0,0.0,0.0
2002-02-11,16.20783717861089,16.445100342278653,16.192430723918108,16.37731170654297,628400.0,0.0,0.0
2002-02-12,16.254054208999364,16.26946066036601,16.022953912188946,16.130800247192383,573600.0,0.0,0.0
2002-02-13,16.208227810609362,16.462158682210323,16.19274445137605,16.267065048217773,614400.0,0.13,0.0
2002-02-14,16.319702358506323,16.319702358506323,15.994547239390325,16.006933212280273,430400.0,0.0,0.0
2002-02-15,16.161773859977483,16.691313635480498,16.12771094785897,16.564348220825195,549800.0,0.0,0.0
2002-02-19,16.502412630169747,16.579830590137174,16.412607513094496,16.45905876159668,618200.0,0.0,0.0
2002-02-20,16.412593316721534,16.71916869278846,16.412593316721534,16.58291244506836,782800.0,0.0,0.0
2002-02-21,16.582925702515393,16.784212857767333,16.53647563836019,16.635570526123047,600000.0,0.0,0.0
2002-02-22,16.682016414901785,16.87091636657715,16.682016414901785,16.87091636657715,475600.0,0.0,0.0
2002-02-25,16.774913463758157,16.970006942749023,16.774913463758157,16.970006942749023,438400.0,0.0,0.0
2002-02-26,16.979308206951252,17.576973794326967,16.979308206951252,17.409751892089844,557600.0,0.0,0.0
2002-02-27,17.409744170998813,17.638900578248567,17.341616015776747,17.3880672454834,741400.0,0.0,0.0
2002-02-28,17.388067421531176,17.80612376790835,17.388067421531176,17.638900756835938,711600.0,0.0,0.0
2002-03-01,17.71632510378826,17.72251868214233,17.496458388088147,17.583166122436523,583800.0,0.0,0.0
2002-03-04,17.61413781043215,18.022904619464363,17.61413781043215,17.982646942138672,639400.0,0.0,0.0
2002-03-05,18.013605746344506,18.035283856385323,17.75967499716714,17.843286514282227,688000.0,0.0,0.0
2002-03-06,17.750388443016234,17.945482018349423,17.688453843400467,17.731807708740234,602400.0,0.0,0.0
2002-03-07,17.71322872683212,17.734905660200855,17.57387616853006,17.72871208190918,933800.0,0.0,0.0
2002-03-08,17.72871208190918,17.840194128550827,17.71322872683212,17.72871208190918,472000.0,0.0,0.0
2002-03-11,17.728714433891582,17.728714433891582,17.465493818748588,17.493364334106445,274400.0,0.0,0.0
2002-03-12,17.415945734772755,17.45000864670271,17.211562356671106,17.400461196899414,470000.0,0.0,0.0
2002-03-13,17.431421004474355,17.527418479448926,17.24871464659212,17.366390228271484,284800.0,0.0,0.0
2002-03-14,17.27349280738219,17.465490175937475,17.27349280738219,17.347814559936523,497600.0,0.0,0.0
2002-03-15,17.254914248653485,17.288978337981078,17.11246431316497,17.264204025268555,573600.0,0.0,0.0
2002-03-18,17.233230484607176,17.344711303710938,17.233230484607176,17.344711303710938,636400.0,0.0,0.0
2002-03-19,17.295165289647827,17.508839534955303,17.279681939729397,17.40355110168457,540200.0,0.0,0.0
2002-03-20,17.341624620225694,17.5645887433603,17.3292374619839,17.419042587280273,406200.0,0.0,0.0
2002-03-21,17.357100675200215,17.357100675200215,16.908076418928395,16.99478530883789,553400.0,0.0,0.0
2002-03-22,17.000983795937913,17.000983795937913,16.72847225707424,16.743955612182617,518400.0,0.0,0.0
2002-03-25,16.75324345662386,16.81517805121794,16.350670363718528,16.366153717041016,704000.0,0.0,0.0
2002-03-26,16.366142108398172,16.58291244506836,16.366142108398172,16.58291244506836,813200.0,0.0,0.0
2002-03-27,16.536472111701176,16.700597763061523,16.536472111701176,16.700597763061523,962600.0,0.0,0.0
2002-03-28,16.64485810444858,16.892595291137695,16.64485810444858,16.892595291137695,886200.0,0.0,0.0
2002-04-01,16.81518604239544,16.855443725209103,16.46525642074832,16.830669403076172,524000.0,0.0,0.0
2002-04-02,16.778021718979563,16.781117917851706,16.505510147359065,16.53647804260254,928400.0,0.0,0.0
2002-04-03,16.53028206021198,16.858533432937353,16.527184680485753,16.635570526123047,734600.0,0.0,0.0
2002-04-04,16.613892366186636,16.620084762573242,16.613892366186636,16.620084762573242,775200.0,0.0,0.0
2002-04-05,16.67582727041109,17.078401587150186,16.567442604399343,16.929758071899414,428600.0,0.0,0.0
2002-04-08,16.932851347556955,17.205362817727448,16.728468040255077,17.14652442932129,393800.0,0.0,0.0
2002-04-09,17.146518293759424,17.40354632075181,16.942135059592275,17.152711868286133,667400.0,0.0,0.0
2002-04-10,17.230139274809794,17.51194057392849,17.152721322510107,17.50884437561035,507600.0,0.0,0.0
2002-04-11,17.465493840034792,17.66677984559404,17.372591334525755,17.419042587280273,451000.0,0.0,0.0
2002-04-12,17.41903943683992,17.49645738989254,17.062916380276175,17.363298416137695,356000.0,0.0,0.0
2002-04-15,17.37877852383633,17.46548741834344,17.24871695403166,17.360198974609375,392800.0,0.0,0.0
2002-04-16,17.36639431859225,17.63890463961852,17.34781358617059,17.620325088500977,302200.0,0.0,0.0
2002-04-17,17.604840554164205,17.620325088500977,17.54290714203358,17.620325088500977,247000.0,0.0,0.0
2002-04-18,17.52741922595584,17.62651408381041,17.329229510246694,17.332326889038086,283800.0,0.0,0.0
2002-04-19,17.332333954048067,17.480976301419552,17.152723712658958,17.22085189819336,499600.0,0.0,0.0
2002-04-22,17.22085093920544,17.22085093920544,16.691312384688686,16.737762451171875,699200.0,0.0,0.0
2002-04-23,16.76872933833903,16.901888313956967,16.697503780986356,16.70679473876953,617000.0,0.0,0.0
2002-04-24,16.76873084924812,17.00098473258228,16.629378282986757,16.638668060302734,473200.0,0.0,0.0
2002-04-25,16.64485965472153,16.877113510368805,16.443572507305543,16.7315673828125,565600.0,0.0,0.0
2002-04-26,16.75324497678623,16.81517957700016,16.53647564799385,16.561248779296875,502000.0,0.0,0.0
2002-04-29,16.561246010592114,16.61389082542929,16.288734523991778,16.31041145324707,698600.0,0.0,0.0
2002-04-30,16.294933285403687,16.722280791963552,16.291837086512455,16.48383331298828,560000.0,0.0,0.0
2002-05-01,16.5147920627859,16.610789532209683,15.883061521419057,16.028606414794922,1758200.0,0.0,0.0
2002-05-02,16.090543143098582,16.694403265461997,16.090543143098582,16.691307067871094,790000.0,0.0,0.0
2002-05-03,16.722283385412755,17.15582453829715,16.722283385412755,17.038148880004883,718400.0,0.0,0.0
2002-05-06,17.031941797467933,17.36329038884165,16.970007227398224,17.035037994384766,569600.0,0.0,0.0
2002-05-07,17.03504865237925,17.474783311821284,17.03504865237925,17.258012771606445,595200.0,0.0,0.0
2002-05-08,17.341622239921147,17.527424862827168,16.97001581280484,17.0257568359375,716800.0,0.0,0.0
2002-05-09,17.12485238432661,17.20846392224151,16.90498566312686,17.04433822631836,626000.0,0.0,0.0
2002-05-10,17.047431298896335,17.106269693290265,16.468345399493565,16.592214584350586,1119400.0,0.0,0.0
2002-05-13,16.598404646607648,16.71917761644885,16.41569827435015,16.524084091186523,487600.0,0.0,0.0
2002-05-14,16.616989138112807,16.83995321746192,16.586022429893962,16.805889129638672,635800.0,0.0,0.0
2002-05-15,16.883679856682967,17.079712600370037,16.647196835132803,16.84945297241211,432000.0,0.13,0.0
2002-05-16,16.320465526956028,16.507162462526686,16.149326471517895,16.16799545288086,1103200.0,0.0,0.0
2002-05-17,16.230238711045136,16.273801278530602,15.869290197177214,16.009313583374023,781400.0,0.0,0.0
2002-05-20,15.947074172031728,16.040422661494315,15.822608728087985,15.915958404541016,382200.0,0.0,0.0
2002-05-21,15.915969112347561,16.17734577088377,15.760387796242467,15.813284873962402,423600.0,0.0,0.0
2002-05-22,15.875516724328264,15.996869953988995,15.660814947773986,15.719935417175293,404000.0,0.0,0.0
2002-05-23,15.729261774741827,15.993750572204588,15.729261774741827,15.99375057220459,1137600.0,0.0,0.0
2002-05-24,15.962638588240095,15.990643265238395,15.68570410847408,15.797722816467285,387200.0,0.0,0.0
2002-05-28,15.822610876186861,15.822610876186861,15.56123435801253,15.607909202575684,401200.0,0.0,0.0
2002-05-29,15.632798545299371,15.65146752848748,15.48343955785279,15.527003288269043,360200.0,0.0,0.0
2002-05-30,15.48033499018299,15.551902225588158,15.200288254257739,15.352758407592773,445200.0,0.0,0.0
2002-05-31,15.383867690881926,15.55811905157608,15.374533199287871,15.527003288269043,387400.0,0.0,0.0
2002-06-03,15.480333361552292,15.495891248135619,15.00425514755664,15.016700744628906,481000.0,0.0,0.0
2002-06-04,14.998035840491006,15.044709512953345,14.652645204111183,14.826896667480469,731200.0,0.0,0.0
2002-06-05,14.873569294032038,15.231406692701718,14.873569294032038,15.200289726257324,588200.0,0.0,0.0
2002-06-06,15.184729925643461,15.259409448721236,15.029148673972953,15.041595458984375,564600.0,0.0,0.0
2002-06-07,15.041595250260796,15.383873524390015,14.873567215910496,15.265632629394531,766800.0,0.0,0.0
2002-06-10,15.29675084545073,15.632806967776853,15.293639742239971,15.530122756958008,413600.0,0.0,0.0
2002-06-11,15.598579146649636,15.741713636449138,15.287416593003273,15.306085586547852,343000.0,0.0,0.0
2002-06-12,15.30608000627152,15.61724244647457,15.293634410776184,15.508336067199707,455600.0,0.0,0.0
2002-06-13,15.757269597687563,16.0404274393612,15.74482281218765,15.943967819213867,1116600.0,0.0,0.0
2002-06-14,15.922189615444001,15.978198978203485,15.589245729591024,15.875515937805176,818600.0,0.0,0.0
2002-06-17,15.744819941973462,15.747932231276481,15.293635326263239,15.4429931640625,1283800.0,0.0,0.0
2002-06-18,15.433656952109018,15.480331794123698,15.29363480004606,15.374536514282227,829200.0,0.0,0.0
2002-06-19,15.37453877713083,15.53634341640836,15.284301369016122,15.390096664428711,808200.0,0.0,0.0
2002-06-20,15.390094007565205,15.598573459736313,15.386982905438998,15.508336067199707,465800.0,0.0,0.0
2002-06-21,15.321640729277654,15.511448841187466,15.138054822290899,15.259407997131348,722400.0,0.0,0.0
2002-06-24,15.250075088371478,15.424326532663548,15.18473124188352,15.343424797058105,601200.0,0.0,0.0
2002-06-25,15.386984101189146,15.495890488927321,15.106937408447264,15.106937408447266,390000.0,0.0,0.0
2002-06-26,15.106950827637698,15.18474151283356,14.689992707508223,14.976263046264648,771600.0,0.0,0.0
2002-06-27,15.029144487870989,15.06648364551434,14.839335223782456,14.932684898376465,356200.0,0.0,0.0
2002-06-28,14.904683593917625,15.119385282513164,14.780218124389647,14.780218124389648,766800.0,0.0,0.0
2002-07-01,14.826896702534377,15.032263948030753,14.73043588003192,14.864235877990723,655000.0,0.0,0.0
2002-07-02,14.864235327333038,14.95136046250055,14.469058741837488,14.500174522399902,506600.0,0.0,0.0
2002-07-03,14.506392080695315,14.733540511004817,14.132996929190332,14.546843528747559,476600.0,0.0,0.0
2002-07-05,14.577959296793614,15.032257344403082,14.546843528747559,14.546843528747559,371400.0,0.0,0.0
2002-07-08,14.923350287003228,14.951354953988046,14.621523528378528,14.671309471130371,387400.0,0.0,0.0
2002-07-09,14.640198938374045,14.811338117483274,14.425497188617854,14.44416618347168,554600.0,0.0,0.0
2002-07-10,14.475277132220162,14.584183513537953,14.1267755250127,14.129886627197266,632000.0,0.0,0.0
2002-07-11,14.098767455447984,14.10187855688186,13.697367712033806,13.912069320678711,838200.0,0.0,0.0
2002-07-12,13.91207264299833,14.22945847960927,13.737822433322892,13.97119426727295,664600.0,0.0,0.0
2002-07-15,13.908964676929296,13.946303846422964,13.30842092719833,13.756494522094727,746600.0,0.0,0.0
2002-07-16,13.747162833910258,13.812506690616376,13.311534748554054,13.488897323608398,560400.0,0.0,0.0
2002-07-17,13.56668331790071,13.971195481495647,13.56668331790071,13.6631441116333,668600.0,0.0,0.0
2002-07-18,13.663148795149088,13.831176872671426,13.457781540507687,13.488897323608398,518600.0,0.0,0.0
2002-07-19,13.488888749102628,13.488888749102628,12.73587635641656,12.77010440826416,657400.0,0.0,0.0
2002-07-22,12.835452899155497,12.97547625908988,12.259802759080566,12.409160614013672,849600.0,0.0,0.0
2002-07-23,12.602082925473313,13.753384565939424,12.539850179801192,13.42977523803711,1918400.0,0.0,0.0
2002-07-24,13.42355120997086,14.531290232178758,13.289751228550015,14.204569816589355,1663800.0,0.0,0.0
2002-07-25,14.204572641561874,14.590413586634147,14.002316484215662,14.297921180725098,1047400.0,0.0,0.0
2002-07-26,14.375702465253633,14.434822891255145,14.13921838726698,14.416153907775879,681200.0,0.0,0.0
2002-07-29,14.515730275734212,15.377649307250977,14.515730275734212,15.377649307250977,814000.0,0.0,0.0
2002-07-30,15.262522996050496,15.32475574408456,14.780221276020642,14.851788520812988,1019800.0,0.0,0.0
2002-07-31,14.811335922518259,14.994921862317549,14.593523101562194,14.954471588134766,947000.0,0.0,0.0
2002-08-01,14.935803535255781,15.231408217622588,14.858012891842991,15.147394180297852,922000.0,0.0,0.0
2002-08-02,15.106941215034006,15.17850845743669,14.45350034997233,14.624639511108398,1115400.0,0.0,0.0
2002-08-05,14.590408847893553,14.873566664018297,14.500171441647362,14.658864974975586,1137600.0,0.0,0.0
2002-08-06,14.693094619973543,14.966916783792506,14.693094619973543,14.773996353149414,1036000.0,0.0,0.0
2002-08-07,14.873568715049212,15.057154655456543,14.699318457707239,15.057154655456543,560400.0,0.0,0.0
2002-08-08,15.060269064548157,15.598580175420608,14.842455025232056,15.573686599731445,767400.0,0.0,0.0
2002-08-09,15.51145437822238,15.835063751307647,15.296752622016935,15.744826316833496,707400.0,0.0,0.0
2002-08-12,15.70103612913703,15.70103612913703,15.24126437763589,15.522757530212402,463400.0,0.13,0.0
2002-08-13,15.503987015684201,15.685393933439013,15.275665379735731,15.475837707519531,466600.0,0.0,0.0
2002-08-14,15.53839751444894,15.638483714773763,14.840921283944626,15.610334396362305,663600.0,0.0,0.0
2002-08-15,15.654118577453925,15.732310979132636,15.310072487316136,15.550905227661133,544200.0,0.0,0.0
2002-08-16,15.544655946085102,15.544655946085102,15.10677784327409,15.378887176513672,489200.0,0.0,0.0
2002-08-19,15.341349517905822,15.76046085357666,15.341349517905822,15.76046085357666,437800.0,0.0,0.0
2002-08-20,15.554035735651667,15.607207200623481,15.269415380204766,15.410161972045898,626800.0,0.0,0.0
2002-08-21,15.466456570190976,16.232742309570312,15.466456570190976,16.232742309570312,1076400.0,0.0,0.0
2002-08-22,16.32970409202236,16.53926039016076,16.220235185389942,16.448556900024414,604200.0,0.0,0.0
2002-08-23,16.417276435878875,16.4360418478319,16.232742328572495,16.282785415649414,412800.0,0.0,0.0
2002-08-26,16.301550520000852,16.514233934344855,16.17018786632318,16.40789222717285,389400.0,0.0,0.0
2002-08-27,16.451679535133913,16.701896155218492,16.29529474414168,16.32657241821289,413600.0,0.0,0.0
2002-08-28,16.326569257045733,16.332824790648772,16.13890682831769,16.298419952392578,566200.0,0.0,0.0
2002-08-29,16.267144735685093,16.489212036132812,16.267144735685093,16.489212036132812,769000.0,0.0,0.0
2002-08-30,16.389131772462235,16.886435613305224,16.364109625267336,16.570537567138672,339000.0,0.0,0.0
2002-09-03,16.57053420060606,16.57053420060606,16.073230460797188,16.17644500732422,954200.0,0.0,0.0
2002-09-04,16.182692615781157,16.554887848956955,16.123265653937725,16.520483016967773,520800.0,0.0,0.0
2002-09-05,16.451683014121663,16.51111001086317,16.22336131416506,16.30155372619629,441800.0,0.0,0.0
2002-09-06,16.42665941910675,16.639342841053672,16.389127401445915,16.464191436767578,407000.0,0.0,0.0
2002-09-09,16.401644312149283,16.601817942797847,16.24838781165869,16.507986068725586,348200.0,0.0,0.0
2002-09-10,16.576796779769715,16.855161666870117,16.576796779769715,16.855161666870117,370600.0,0.0,0.0
2002-09-11,16.873923219459993,17.005285902590213,16.75194324423292,16.827007293701172,419200.0,0.0,0.0
2002-09-12,16.789472589400734,16.789472589400734,16.482958517894374,16.504852294921875,388000.0,0.0,0.0
2002-09-13,16.045083734917995,16.398513793945312,16.045083734917995,16.398513793945312,542000.0,0.0,0.0
2002-09-16,16.342210355322383,16.451679229736328,16.342210355322383,16.451679229736328,254400.0,0.0,0.0
2002-09-17,16.545516583711418,16.620580638919648,16.264023393876435,16.270278930664062,304800.0,0.0,0.0
2002-09-18,16.170194519622722,16.479835869621304,16.092002090797777,16.304685592651367,580800.0,0.0,0.0
2002-09-19,16.23274452965837,16.482959998971026,16.107636198441305,16.229616165161133,346200.0,0.0,0.0
2002-09-20,16.107634610397845,16.389127731323242,16.107634610397845,16.389127731323242,585400.0,0.0,0.0
2002-09-23,16.389127978215676,16.417277290732265,16.091996611234173,16.185827255249023,657000.0,0.0,0.0
2002-09-24,15.998166967238149,15.998166967238149,15.538395231768032,15.61658763885498,917000.0,0.0,0.0
2002-09-25,15.710413548787413,15.81049970421226,15.58217808757926,15.716669082641602,745600.0,0.0,0.0
2002-09-26,15.763588653753184,16.18269997442479,15.685396252084013,16.170188903808594,533600.0,0.0,0.0
2002-09-27,16.170185145541048,16.170185145541048,15.666626004929178,15.716669082641602,448200.0,0.0,0.0
2002-09-30,15.650991372467537,15.650991372467537,15.097389026606532,15.45081901550293,414600.0,0.0,0.0
2002-10-01,15.45082244966943,16.160808563232422,15.38826827593409,16.160808563232422,543200.0,0.0,0.0
2002-10-02,16.03569218118844,16.076352549686757,15.529005932434478,15.532133102416992,605000.0,0.0,0.0
2002-10-03,15.532144553656329,15.894957388283494,15.325716582111939,15.382015228271484,829800.0,0.0,0.0
2002-10-04,15.475844397112603,15.575930604267796,14.991051607494317,15.144308090209961,657800.0,0.0,0.0
2002-10-07,15.144303603261584,15.200602227246458,14.784619275715274,14.837789535522461,398600.0,0.0,0.0
2002-10-08,14.900342509159021,15.041089057922363,14.900342509159021,15.041089057922363,773600.0,0.0,0.0
2002-10-09,14.912854394143807,14.912854394143807,14.359252067481652,14.406167984008789,512200.0,0.0,0.0
2002-10-10,14.406166008225101,14.828404426574707,14.240397334186436,14.828404426574707,702400.0,0.0,0.0
2002-10-11,15.012943645731282,15.313202232296733,14.981667157051302,15.138051986694336,782800.0,0.0,0.0
2002-10-14,15.05986340872675,15.219375450628597,14.856562601146525,15.006691932678223,438400.0,0.0,0.0
2002-10-15,15.216237945469416,15.691646575927734,15.216237945469416,15.691646575927734,669000.0,0.0,0.0
2002-10-16,15.691651286700376,15.876185410507457,15.209986977935998,15.238136291503906,403200.0,0.0,0.0
2002-10-17,15.45706813797587,15.779221534729004,15.45706813797587,15.779221534729004,510000.0,0.0,0.0
2002-10-18,15.757335290974188,15.810505558741774,15.475842128906002,15.682270050048828,313800.0,0.0,0.0
2002-10-21,15.638479607246424,16.232742309570312,15.529010727244223,16.232742309570312,330600.0,0.0,0.0
2002-10-22,16.154546190024213,16.154546190024213,15.779222527289049,16.0137996673584,419200.0,0.0,0.0
2002-10-23,16.31093809277943,16.927093505859375,16.31093809277943,16.927093505859375,1278400.0,0.0,0.0
2002-10-24,16.967752435416344,16.98339067829935,16.29529725335403,16.482959747314453,815000.0,0.0,0.0
2002-10-25,16.436042665399558,16.70502471923828,16.436042665399558,16.70502471923828,620400.0,0.0,0.0
2002-10-28,16.767576042798147,16.842640067887668,16.376614098853484,16.417274475097656,649200.0,0.0,0.0
2002-10-29,16.404768205576467,16.436044692993164,16.389129961868118,16.436044692993164,411200.0,0.0,0.0
2002-10-30,16.367239207006172,16.442303267928015,16.1701939591233,16.348472595214844,385200.0,0.0,0.0
2002-10-31,16.342222228487696,16.451691182434462,16.145176918261406,16.292179107666016,433200.0,0.0,0.0
2002-11-01,16.232744795854913,16.292170597940718,16.04508229595189,16.289043426513672,581600.0,0.0,0.0
2002-11-04,16.373482720300515,16.482952760320973,16.11075629462074,16.135778427124023,384400.0,0.0,0.0
2002-11-05,16.135785644358933,16.345340728759766,16.135785644358933,16.345340728759766,397600.0,0.0,0.0
2002-11-06,16.329704397098336,16.908329010009766,16.329704397098336,16.908329010009766,531000.0,0.0,0.0
2002-11-07,16.795727039541706,16.811365280247912,16.34533807122674,16.40789222717285,449400.0,0.0,0.0
2002-11-08,16.376624641484458,16.576797094747942,16.029450020864754,16.08574867248535,445400.0,0.0,0.0
2002-11-11,16.045076883566946,16.123269267203355,15.732307349021308,15.766712188720703,329200.0,0.0,0.0
2002-11-12,15.763589909999224,16.104508856170476,15.763589909999224,15.963762283325195,434600.0,0.0,0.0
2002-11-13,15.963764659510277,16.142956097141354,15.64310598184661,15.878884315490723,478800.0,0.13,0.0
2002-11-14,15.976337457185902,16.34415222752236,15.938613265100003,16.278133392333984,368400.0,0.0,0.0
2002-11-15,16.215255894944754,16.44160218745404,16.15238145843601,16.356721878051758,339200.0,0.0,0.0
2002-11-18,16.410174407239104,16.53592214875346,16.22155099612141,16.26556396484375,351600.0,0.0,0.0
2002-11-19,16.22154844624926,16.378733997857218,16.0643628946413,16.152387619018555,415400.0,0.0,0.0
2002-11-20,16.120942279599014,16.240403578957405,16.048637103448677,16.142948150634766,390400.0,0.0,0.0
2002-11-21,16.19010530051606,16.69938594700029,16.114655738444643,16.61136245727539,755800.0,0.0,0.0
2002-11-22,16.579928625841315,16.724539011616535,16.243550520936754,16.303281784057617,424200.0,0.0,0.0
2002-11-25,16.34729576995282,16.579930891263555,16.252984688049185,16.498193740844727,351600.0,0.0,0.0
2002-11-26,16.498197325501664,16.498197325501664,15.904036061258466,16.00149154663086,469200.0,0.0,0.0
2002-11-27,15.938609741225092,16.344148613986665,15.922891431267006,16.331573486328125,570000.0,0.0,0.0
2002-11-29,16.315856594507125,16.385017404180036,16.183820141076502,16.25926971435547,423800.0,0.0,0.0
2002-12-02,16.315862353719844,16.394455137313425,15.834873702650244,15.938616752624512,577000.0,0.0,0.0
2002-12-03,15.860016800785575,16.007770351684517,15.828578982018657,15.847441673278809,483200.0,0.0,0.0
2002-12-04,15.784566145688999,15.92603332230213,15.529926427015441,15.83800983428955,849200.0,0.0,0.0
2002-12-05,15.84430324726999,15.900890138806924,15.589662235353787,15.690260887145996,490200.0,0.0,0.0
2002-12-06,15.611664826772948,15.809718905430714,15.545647200297116,15.775137901306152,631800.0,0.0,0.0
2002-12-09,15.655675783538365,15.734268534659773,15.341304779052734,15.341304779052734,732000.0,0.0,0.0
2002-12-10,15.350735574118328,15.611662864685059,15.350735574118328,15.611662864685059,456200.0,0.0,0.0
2002-12-11,15.5928088728549,15.844306757280616,15.416761792833848,15.790863037109375,482800.0,0.0,0.0
2002-12-12,15.73427692769923,15.76257038116455,15.690265155471145,15.76257038116455,533200.0,0.0,0.0
2002-12-13,15.655676501839663,15.78142538909551,15.558222253485134,15.599089622497559,376000.0,0.0,0.0
2002-12-16,15.59280293583861,15.938611795640597,15.59280293583861,15.897743225097656,525200.0,0.0,0.0
2002-12-17,15.922898880701467,15.94804794855421,15.806580694286462,15.82858657836914,443000.0,0.0,0.0
2002-12-18,15.797138738160086,15.875731468200684,15.797138738160086,15.875731468200684,507600.0,0.0,0.0
2002-12-19,15.812857766849923,15.970043234113302,15.677678169065022,15.709115982055664,372400.0,0.0,0.0
2002-12-20,15.781425834378707,16.01091654075013,15.781425834378707,15.982623100280762,590600.0,0.0,0.0
2002-12-23,15.979478124741586,15.979478124741586,15.816005064730529,15.853729248046875,285200.0,0.0,0.0
2002-12-24,15.790859876573398,15.850589952592614,15.718554669003648,15.753135681152344,146800.0,0.0,0.0
2002-12-26,15.734268005296165,15.87573519240122,15.652532074541117,15.699687004089355,407000.0,0.0,0.0
2002-12-27,15.668258237669082,15.699694873124646,15.426192307122768,15.44505500793457,377800.0,0.0,0.0
2002-12-30,15.46076951521557,15.633673366068995,15.313014726682228,15.595949172973633,309200.0,0.0,0.0
2002-12-31,15.624243582015838,15.687118040542712,15.404183576787055,15.602237701416016,328400.0,0.0,0.0
2003-01-02,15.592808220999803,15.875742729535304,15.492209551127345,15.82858657836914,711600.0,0.0,0.0
2003-01-03,15.828580399149367,15.828580399149367,15.67139488893247,15.775137901306152,316000.0,0.0,0.0
2003-01-06,15.749989299967616,16.083223048385957,15.749989299967616,16.051786422729492,340200.0,0.0,0.0
2003-01-07,16.023489663642273,16.02663284586523,15.78456704087238,15.806572914123535,349600.0,0.0,0.0
2003-01-08,15.797145814768706,15.797145814768706,15.492205501854261,15.495349884033203,448600.0,0.0,0.0
2003-01-09,15.495352731693433,15.64625072479248,15.495352731693433,15.64625072479248,693600.0,0.0,0.0
2003-01-10,15.583374543213377,15.78457184516456,15.511069337776577,15.687117576599121,373800.0,0.0,0.0
2003-01-13,15.718549750314196,15.812860808970045,15.570794998907585,15.731124877929688,563600.0,0.0,0.0
2003-01-14,15.718550211363018,15.775137088062342,15.608520839575561,15.658820152282715,352000.0,0.0,0.0
2003-01-15,15.721699264131868,15.721699264131868,15.492208489263119,15.498496055603027,476800.0,0.0,0.0
2003-01-16,15.536215526267897,15.749987919844745,15.529929161071777,15.529929161071777,615400.0,0.0,0.0
2003-01-17,15.514207026487773,15.573938278821254,15.309866613725585,15.40417766571045,550400.0,0.0,0.0
2003-01-21,15.40418791119225,15.432481365528982,15.023799068955773,15.026942253112793,471600.0,0.0,0.0
2003-01-22,14.93262408408379,15.042653466063857,14.633971362556048,14.649689674377441,887400.0,0.0,0.0
2003-01-23,14.649691397058517,14.759721991207583,14.417057476593337,14.464212417602539,1527400.0,0.0,0.0
2003-01-24,14.457928624483037,14.461071808084167,14.193856830453143,14.269305229187012,629800.0,0.0,0.0
2003-01-27,14.225292682647703,14.225292682647703,13.958077719682478,13.989514350891113,985000.0,0.0,0.0
2003-01-28,14.020952939184554,14.140414313067225,13.84804904494142,13.85119342803955,1340000.0,0.0,0.0
2003-01-29,13.851184931114414,14.036663845507606,13.690855069924853,14.014657974243164,940400.0,0.0,0.0
2003-01-30,14.017805178282408,14.017805178282408,13.675140685548865,13.712864875793457,616600.0,0.0,0.0
2003-01-31,13.64999042589888,13.879482347898646,13.615410617725729,13.712864875793457,877000.0,0.0,0.0
2003-02-03,13.73801766937212,14.008377014324356,13.731730103299904,13.964364051818848,858800.0,0.0,0.0
2003-02-04,13.92663731539981,13.92663731539981,13.700290974222364,13.870050430297852,397000.0,0.0,0.0
2003-02-05,13.863764825551234,14.102687529591662,13.810322314971213,13.907777786254883,523400.0,0.0,0.0
2003-02-06,13.876335980316952,14.002084862113197,13.76944979055921,13.879480361938477,817600.0,0.0,0.0
2003-02-07,13.95179158830877,14.07439614155318,13.91092300415039,13.91092300415039,671600.0,0.0,0.0
2003-02-10,13.910916959496758,13.992652893066406,13.910916959496758,13.992652893066406,751800.0,0.0,0.0
2003-02-11,13.926633918668273,14.083819405784686,13.716005941562724,13.78516674041748,384400.0,0.0,0.0
2003-02-12,13.785172650343156,13.910921573638916,13.675143241882324,13.675143241882324,724800.0,0.0,0.0
2003-02-13,13.700450309786605,13.76373207798179,13.422011253927389,13.59287166595459,685600.0,0.14,0.0
2003-02-14,13.589706404245218,13.70044857934999,13.317595680274428,13.618183135986328,491000.0,0.0,0.0
2003-02-18,13.637166810575517,13.921934127807617,13.637166810575517,13.921934127807617,588800.0,0.0,0.0
2003-02-19,13.890299378617131,13.890299378617131,13.54541491583963,13.640336990356445,341400.0,0.0,0.0
2003-02-20,13.621351666994338,13.62767996603099,13.36822574052631,13.390374183654785,389200.0,0.0,0.0
2003-02-21,13.415685643237952,13.668811536940664,13.225840317711315,13.63400650024414,382800.0,0.0,0.0
2003-02-24,13.63716401371099,13.646657060337906,13.235327514139929,13.23849105834961,458000.0,0.0,0.0
2003-02-25,13.200529482691037,13.295767784118652,13.200529482691037,13.295767784118652,736800.0,0.0,0.0
2003-02-26,13.279629906428365,13.564396076871773,13.194199693195511,13.241660118103027,482000.0,0.0,0.0
2003-02-27,13.241660668134463,13.47580287786875,13.22584052584149,13.377716064453125,486400.0,0.0,0.0
2003-02-28,13.390375495283093,13.520102620742604,13.19420303392963,13.244828224182129,412800.0,0.0,0.0
2003-03-03,13.247988187160352,13.38404357547578,13.020175496143349,13.05497932434082,700000.0,0.0,0.0
2003-03-04,13.054983631888783,13.054983631888783,12.706935579078783,12.79552936553955,707200.0,0.0,0.0
2003-03-05,12.75123359215298,12.858812288160221,12.62941712507121,12.754398345947266,684200.0,0.0,0.0
2003-03-06,12.703768617827814,12.79552592614103,12.570876766857774,12.593025207519531,447200.0,0.0,0.0
2003-03-07,12.545569154679988,12.998032383668441,12.453810607374658,12.839828491210938,586400.0,0.0,0.0
2003-03-10,12.798695135096606,12.798695135096606,12.63416294217943,12.672131538391113,666400.0,0.0,0.0
2003-03-11,12.672129017165968,12.947403397182399,12.61834028381779,12.621503829956055,655800.0,0.0,0.0
2003-03-12,12.621496879737618,12.672122039070022,12.444309425573708,12.586691856384277,539800.0,0.0,0.0
2003-03-13,12.776543375586005,13.127756118774414,12.719589892528447,13.127756118774414,778200.0,0.0,0.0
2003-03-14,13.191034909053977,13.32076200135604,13.099277604986252,13.175214767456055,557800.0,0.0,0.0
2003-03-17,13.149903063605603,13.757405204357621,13.051816252401085,13.747913360595703,914600.0,0.0,0.0
2003-03-18,13.747917374415893,13.906121253967285,13.747917374415893,13.906121253967285,721800.0,0.0,0.0
2003-03-19,13.874481623554287,14.001045227050781,13.874481623554287,14.001045227050781,505600.0,0.0,0.0
2003-03-20,13.921935953676023,14.080139771331433,13.646661648915426,14.035842895507812,875200.0,0.0,0.0
2003-03-21,14.080143287628832,14.444012641906737,13.95357971909748,14.444012641906738,863800.0,0.0,0.0
2003-03-24,14.364908552109101,14.364908552109101,13.694123429612754,13.747913360595703,919600.0,0.0,0.0
2003-03-25,13.779560115624081,14.001045827745482,13.713114764087667,13.918780326843262,697400.0,0.0,0.0
2003-03-26,13.890297052021788,13.890297052021788,13.615021512931536,13.747913360595703,556000.0,0.0,0.0
2003-03-27,13.700452414719074,13.706780713210804,13.444162964301391,13.52326488494873,704200.0,0.0,0.0
2003-03-28,13.523268250282584,13.59287713701509,13.368227916151438,13.558072090148926,441800.0,0.0,0.0
2003-03-31,13.45681719972261,13.45681719972261,13.15306614017783,13.308106422424316,540600.0,0.0,0.0
2003-04-01,13.289124775854015,13.510610430184858,13.200530996921563,13.456820487976074,622400.0,0.0,0.0
2003-04-02,13.60553605860013,13.963077227867537,13.5992077574538,13.918780326843262,543600.0,0.0,0.0
2003-04-03,13.969401758420327,13.982057150297038,13.776392850053977,13.861823081970215,621200.0,0.0,0.0
2003-04-04,13.928262648921804,13.972559519649534,13.738417365375414,13.890294075012207,539800.0,0.0,0.0
2003-04-07,14.143422478346904,14.412368503408544,14.01685893302412,14.06432056427002,622800.0,0.0,0.0
2003-04-08,14.064316216434369,14.073808056949478,13.858650820613997,13.966229438781738,336000.0,0.0,0.0
2003-04-09,13.969397481418165,14.073811372680982,13.630841410627676,13.649825096130371,635800.0,0.0,0.0
2003-04-10,13.652993505368746,13.725767135620117,13.652993505368746,13.725767135620117,352600.0,0.0,0.0
2003-04-11,13.754243878501057,13.944088026374228,13.630845061683532,13.725767135620117,527400.0,0.0,0.0
2003-04-14,13.700452555390225,13.988383501222922,13.700452555390225,13.985219955444336,368600.0,0.0,0.0
2003-04-15,13.906113368972022,14.080137296404157,13.668807684201166,13.8428316116333,770800.0,0.0,0.0
2003-04-16,13.921938378592888,13.940923274538081,13.62135083129154,13.662484169006348,442200.0,0.0,0.0
2003-04-17,13.716267891885584,13.84599494934082,13.716267891885584,13.84599494934082,427600.0,0.0,0.0
2003-04-21,13.811199966077886,13.969403854775228,13.75108171589297,13.785886764526367,502200.0,0.0,0.0
2003-04-22,13.78588458812217,14.137097358703613,13.78588458812217,14.137097358703613,657400.0,0.0,0.0
2003-04-23,14.168735996410362,14.168735996410362,13.956743423104323,14.07697868347168,670600.0,0.0,0.0
2003-04-24,14.07698341987632,14.371241560651926,14.039013615195632,14.171905517578125,763600.0,0.0,0.0
2003-04-25,14.143424575133215,14.2130334490809,14.048502505568482,14.054829597473145,505800.0,0.0,0.0
2003-04-28,14.054830346269965,14.361746220980386,14.048503254028214,14.349089622497559,418200.0,0.0,0.0
2003-04-29,14.412374813214011,14.545266714683578,14.307960868559308,14.390226364135742,737400.0,0.0,0.0
2003-04-30,14.349089155067078,14.554754649214525,14.251003537519523,14.447175979614258,453600.0,0.0,0.0
2003-05-01,14.437682924269787,14.507291793823242,14.437682924269787,14.507291793823242,500200.0,0.0,0.0
2003-05-02,14.364909054883029,14.68131673268222,14.364909054883029,14.602214813232422,490800.0,0.0,0.0
2003-05-05,14.618038510727729,14.649678803402546,14.396552841004622,14.500967979431152,335000.0,0.0,0.0
2003-05-06,14.532597888465038,14.693965197008229,14.459824301710348,14.605371475219727,409800.0,0.0,0.0
2003-05-07,14.608541928880637,14.659168316132076,14.447174544014945,14.573738098144531,340200.0,0.0,0.0
2003-05-08,14.49464236639777,14.63386136977399,14.428195808263645,14.47565746307373,361800.0,0.0,0.0
2003-05-09,14.523116061037515,14.80788230895996,14.475654416217223,14.807882308959961,518400.0,0.0,0.0
2003-05-12,14.801552272289998,15.026202663477951,14.757255386055638,15.023037910461426,412200.0,0.0,0.0
2003-05-13,14.959757701846591,14.962922455196251,14.693975149463542,14.817375183105469,446800.0,0.0,0.0
2003-05-14,14.91286407442416,14.916047863173722,14.712329096548498,14.744159698486328,501800.0,0.14,0.0
2003-05-15,14.801456654035725,14.85875271241793,14.705963628151952,14.811005592346191,438800.0,0.0,0.0
2003-05-16,14.769624913437637,14.826920967410132,14.610469477793954,14.779173851013184,354800.0,0.0,0.0
2003-05-19,14.737789579869085,14.737789579869085,14.371732893821457,14.4258451461792,438600.0,0.0,0.0
2003-05-20,14.45767794761825,14.565903683118561,14.164832554064184,14.301706314086914,767400.0,0.0,0.0
2003-05-21,14.269873282816302,14.2985200881958,14.247590410422307,14.2985200881958,409000.0,0.0,0.0
2003-05-22,14.355821329234072,14.52770950934968,14.260328300589759,14.435399055480957,517400.0,0.0,0.0
2003-05-23,14.40357009934581,14.40357009934581,14.260329932853931,14.317625999450684,426200.0,0.0,0.0
2003-05-27,14.282606563611502,14.604101181030273,14.282606563611502,14.604101181030273,477200.0,0.0,0.0
2003-05-28,14.642301676759406,14.642301676759406,14.384469405752526,14.508611679077148,491800.0,0.0,0.0
2003-05-29,14.588192575343498,14.642304858279292,14.323993883099307,14.333542823791504,312400.0,0.0,0.0
2003-05-30,14.365372728533654,14.62638759613037,14.365372728533654,14.626387596130371,416200.0,0.0,0.0
2003-06-02,14.635937891365408,14.96061521841236,14.610473645813075,14.645486831665039,730800.0,0.0,0.0
2003-06-03,14.674125690473918,14.718690217277345,14.518154096569111,14.629562377929688,412200.0,0.0,0.0
2003-06-04,14.610471664178036,14.896950762651064,14.56590711555087,14.852387428283691,512200.0,0.0,0.0
2003-06-05,14.849202836801744,15.040188876513943,14.76962511787839,14.928780555725098,456600.0,0.0,0.0
2003-06-06,14.973342262483607,15.113398595487666,14.881031827107082,14.884214401245117,478400.0,0.0,0.0
2003-06-09,14.912864444954506,14.912864444954506,14.699596735300934,14.750526428222656,271000.0,0.0,0.0
2003-06-10,14.801445902020395,14.928770653547755,14.775980466011394,14.877840995788574,308400.0,0.0,0.0
2003-06-11,14.890581097809644,15.09748363494873,14.814187174188106,15.09748363494873,331000.0,0.0,0.0
2003-06-12,15.110218523388866,15.237542152404785,15.110218523388866,15.237542152404785,327200.0,0.0,0.0
2003-06-13,15.247088704960877,15.247088704960877,14.931960460100838,14.96060848236084,295800.0,0.0,0.0
2003-06-16,15.072019417581243,15.355317115783693,15.072019417581243,15.355317115783691,322000.0,0.0,0.0
2003-06-17,15.342578365467396,15.374408954706924,15.23116887461076,15.317112922668457,287800.0,0.0,0.0
2003-06-18,15.317123734953073,15.317123734953073,15.138870366568883,15.215264320373535,383200.0,0.0,0.0
2003-06-19,15.247090271014843,15.32666798388181,15.078384694040388,15.116582870483398,272400.0,0.0,0.0
2003-06-20,15.18024632291905,15.294838440740527,15.027457237243652,15.027457237243652,519600.0,0.0,0.0
2003-06-23,15.059291067544754,15.059291067544754,14.53089495364458,14.763261795043945,1122200.0,0.0,0.0
2003-06-24,14.760077590300845,15.087938676256378,14.709147889704818,14.976529121398926,638400.0,0.0,0.0
2003-06-25,14.957431393707743,15.05610700658834,14.820557594299316,14.820557594299316,345600.0,0.0,0.0
2003-06-26,14.798277011696856,15.202530860900879,14.798277011696856,15.202530860900879,584200.0,0.0,0.0
2003-06-27,15.240730267826534,15.240730267826534,14.912869128310392,15.014728546142578,491800.0,0.0,0.0
2003-06-30,15.030643863201437,15.046559168289555,14.83965655936417,14.896952629089355,489400.0,0.0,0.0
2003-07-01,14.928777886187241,14.970157418361039,14.737790666367415,14.96060848236084,362400.0,0.0,0.0
2003-07-02,15.024272400952563,15.183427826356173,14.963792562173092,15.16114616394043,326400.0,0.0,0.0
2003-07-03,15.097489599939696,15.215264320373535,15.097489599939696,15.215264320373535,273800.0,0.0,0.0
2003-07-07,15.177064952649603,15.48582693747624,15.177064952649603,15.46036148071289,339000.0,0.0,0.0
2003-07-08,14.89694871390606,14.92559674123944,14.454496791736881,14.613652229309082,2202000.0,0.0,0.0
2003-07-09,14.613655371550367,14.613655371550367,14.339907765783186,14.381288528442383,1571000.0,0.0,0.0
2003-07-10,14.381282545671255,14.381282545671255,14.164831096936862,14.276239395141602,717400.0,0.0,0.0
2003-07-11,14.2762397894254,14.308071599976877,13.942013671321082,13.973845481872559,1097400.0,0.0,0.0
2003-07-14,14.0056761614218,14.088436440828783,13.900633007366613,13.919732093811035,697800.0,0.0,0.0
2003-07-15,13.91018946657477,13.942020077492574,13.760582923889162,13.76058292388916,628200.0,0.0,0.0
2003-07-16,13.824235192126247,13.900629087844514,13.70646056124279,13.766939163208008,561000.0,0.0,0.0
2003-07-17,13.735110879371422,13.782856768638569,13.680997414424185,13.706462860107422,529000.0,0.0,0.0
2003-07-18,13.766945856642106,13.9420166015625,13.766945856642106,13.9420166015625,763200.0,0.0,0.0
2003-07-21,13.830609888914704,13.846525192260742,13.779680189651494,13.846525192260742,630600.0,0.0,0.0
2003-07-22,13.824245181814653,13.88154125213623,13.824245181814653,13.88154125213623,813400.0,0.0,0.0
2003-07-23,13.894269830498647,13.91655149404827,13.690549855636998,13.830607414245605,627800.0,0.0,0.0
2003-07-24,13.86244130242167,14.180752244907861,13.81469538960467,13.945202827453613,591200.0,0.0,0.0
2003-07-25,14.008866134049816,14.260332107543945,14.008866134049816,14.260332107543945,639800.0,0.0,0.0
2003-07-28,14.18074556260855,14.489507419887502,14.07251984459134,14.3621826171875,854400.0,0.0,0.0
2003-07-29,14.359005032405012,14.467230788023993,14.164835187242158,14.292160034179688,506000.0,0.0,0.0
2003-07-30,14.33990463383103,14.34945478574956,14.206214649567839,14.263510704040527,358600.0,0.0,0.0
2003-07-31,14.26351328004765,14.403569652797666,14.193484486542724,14.22531509399414,563800.0,0.0,0.0
2003-08-01,14.244414091229546,14.244414091229546,13.964300133353397,14.104357719421387,897600.0,0.0,0.0
2003-08-04,14.107540294441192,14.215766059011987,13.910187858197915,14.104357719421387,473600.0,0.0,0.0
2003-08-05,14.104359239395176,14.183936980324209,13.86244222698534,13.967485427856445,691400.0,0.0,0.0
2003-08-06,13.942017005378476,14.005679427446083,13.795594284604778,13.903820037841797,769600.0,0.0,0.0
2003-08-07,13.846520898599444,13.989761012816151,13.741477743420711,13.938831329345703,507000.0,0.0,0.0
2003-08-08,13.970666135516359,14.097990989685059,13.970666135516359,14.097990989685059,367600.0,0.0,0.0
2003-08-11,14.081971863044354,14.26456330598398,14.062752482935974,14.216513633728027,364400.0,0.14,0.0
2003-08-12,14.136430804314767,14.312615394592285,14.136430804314767,14.312615394592285,326000.0,0.0,0.0
2003-08-13,14.280582127511652,14.376682701021489,14.139633479177803,14.210107803344727,370400.0,0.0,0.0
2003-08-14,14.190885465180903,14.39910436732083,14.158852351921656,14.379883766174316,630800.0,0.0,0.0
2003-08-15,14.33503341704427,14.383084297180176,14.33503341704427,14.383084297180176,147600.0,0.0,0.0
2003-08-18,14.367071519825036,14.411919593811037,14.367071519825036,14.411919593811035,878800.0,0.0,0.0
2003-08-19,14.399107892689003,14.58169937133789,14.399107892689003,14.58169937133789,493800.0,0.0,0.0
2003-08-20,14.578489691948773,14.607319978592743,14.469575411514308,14.527235984802246,428000.0,0.0,0.0
2003-08-21,14.511227366898636,14.745072610022987,14.495210803777738,14.706632614135742,478600.0,0.0,0.0
2003-08-22,14.751479165039065,14.764292904056658,14.415126458732392,14.440753936767578,434000.0,0.0,0.0
2003-08-25,14.415117402614351,14.437540820815201,14.280576893409245,14.383084297180176,567800.0,0.0,0.0
2003-08-26,14.383091844760756,14.520836469982065,14.16846601537523,14.475988388061523,629600.0,0.0,0.0
2003-08-27,14.453566011263248,14.469582573552144,14.331839160279346,14.402312278747559,271200.0,0.0,0.0
2003-08-28,14.411920142971708,14.530444145202635,14.411920142971708,14.530444145202637,236600.0,0.0,0.0
2003-08-29,14.527235984802246,14.527235984802246,14.5112194304411,14.527235984802246,308400.0,0.0,0.0
2003-09-02,14.514424127703128,14.850776672363281,14.514424127703128,14.850776672363281,642000.0,0.0,0.0
2003-09-03,14.879608941520795,14.892422676086426,14.8443717824578,14.892422676086426,631000.0,0.0,0.0
2003-09-04,14.799524069088028,14.828354359184354,14.68740573116457,14.7706937789917,428400.0,0.0,0.0
2003-09-05,14.821948876694046,14.821948876694046,14.540052816309384,14.556069374084473,622600.0,0.0,0.0
2003-09-08,14.559273803406255,14.671390932778419,14.49840917147417,14.55286693572998,534400.0,0.0,0.0
2003-09-09,14.543253898620605,14.597710428360214,14.431135573063234,14.543253898620605,377600.0,0.0,0.0
2003-09-10,14.52723479999436,14.543252575033902,14.245340044671533,14.290186882019043,330800.0,0.0,0.0
2003-09-11,14.30620772521626,14.421528896969297,14.30620772521626,14.347851753234863,342800.0,0.0,0.0
2003-09-12,14.33823634382947,14.411914686440165,14.222916430230871,14.395896911621094,379600.0,0.0,0.0
2003-09-15,14.39590056012468,14.437544585636168,14.270969705575178,14.408714294433594,394000.0,0.0,0.0
2003-09-16,14.408720124505425,14.54326194521755,14.389499515264992,14.492008209228516,434800.0,0.0,0.0
2003-09-17,14.48879462883923,14.48879462883923,14.303000416387611,14.395896911621094,467000.0,0.0,0.0
2003-09-18,14.367063401213045,14.447147369384766,14.367063401213045,14.447147369384766,463400.0,0.0,0.0
2003-09-19,14.415124484908167,14.4888016411928,14.29339642487974,14.466378211975098,524000.0,0.0,0.0
2003-09-22,14.402303671646823,14.421524268098114,14.286982536908365,14.383084297180176,414800.0,0.0,0.0
2003-09-23,14.415114270909829,14.47597764680596,14.360657759105559,14.447147369384766,344800.0,0.0,0.0
2003-09-24,14.447158784024367,14.472786260639982,14.222924473564461,14.270974159240723,586600.0,0.0,0.0
2003-09-25,14.254956346566015,14.303007250011456,14.07877173724146,14.114008903503418,431200.0,0.0,0.0
2003-09-26,14.11400621362241,14.219716470276536,13.989074132871167,14.168462753295898,580400.0,0.0,0.0
2003-09-29,14.155649082123276,14.392698287963867,14.155649082123276,14.392698287963867,701400.0,0.0,0.0
2003-09-30,14.335033144811506,14.344642831862336,14.139628028213856,14.190881729125977,371000.0,0.0,0.0
2003-10-01,14.200499347412066,14.41512393951416,14.200499347412066,14.41512393951416,354600.0,0.0,0.0
2003-10-02,14.399107379533962,14.41512393951416,14.395903334346805,14.41512393951416,421200.0,0.0,0.0
2003-10-03,14.47919763413737,14.709838885501524,14.440757629240965,14.514434814453125,512600.0,0.0,0.0
2003-10-06,14.552863586931178,14.552863586931178,14.431135573063234,14.543253898620605,343800.0,0.0,0.0
2003-10-07,14.463175872355226,14.475988388061523,14.431141528126266,14.475988388061523,410400.0,0.0,0.0
2003-10-08,14.463173331755847,14.498409271240234,14.459969286903132,14.498409271240234,524000.0,0.0,0.0
2003-10-09,14.5400485765434,14.575285726564731,14.415117751547536,14.4727783203125,408800.0,0.0,0.0
2003-10-10,14.447150121442686,14.47277758269195,14.267762780636286,14.338235855102539,291600.0,0.0,0.0
2003-10-13,14.370275582788203,14.53364643270969,14.370275582788203,14.498409271240234,191000.0,0.0,0.0
2003-10-14,14.511223476918925,14.511223476918925,14.270971428552766,14.421529769897461,237000.0,0.0,0.0
2003-10-15,14.463168282750257,14.520828850119484,14.29338940239213,14.383084297180176,224400.0,0.0,0.0
2003-10-16,14.383088047800728,14.431137718481711,14.344646844873989,14.408714294433594,641400.0,0.0,0.0
2003-10-17,14.447149928397915,14.479184254531447,14.149237416271335,14.23572826385498,329600.0,0.0,0.0
2003-10-20,14.267766091148655,14.351052915564363,14.155647755145521,14.213308334350586,462600.0,0.0,0.0
2003-10-21,14.203698153318312,14.22291875304942,14.056343888001038,14.088376998901367,620800.0,0.0,0.0
2003-10-22,14.085175508264197,14.200496673583984,14.085175508264197,14.200496673583984,468800.0,0.0,0.0
2003-10-23,14.126816429893417,14.347849041303698,14.081969587573884,14.267765045166016,599600.0,0.0,0.0
2003-10-24,14.251750234317827,14.254953056881948,14.046734152650366,14.16525936126709,367800.0,0.0,0.0
2003-10-27,14.158854544613616,14.415123156329107,14.120414558352575,14.335039138793945,557200.0,0.0,0.0
2003-10-28,14.351057643592815,14.511225700378418,14.290194221928994,14.511225700378418,324800.0,0.0,0.0
2003-10-29,14.543255102469884,14.69060937135851,14.495204212969952,14.639355659484863,426200.0,0.0,0.0
2003-10-30,14.67139239354224,14.895627896597736,14.67139239354224,14.83476448059082,456800.0,0.0,0.0
2003-10-31,14.831559164024638,14.940473472058757,14.773898576125099,14.812339782714844,295600.0,0.0,0.0
2003-11-03,14.805922871692758,14.85717655706058,14.754669186324936,14.847565650939941,284962.0,0.0,0.0
2003-11-04,14.767490701545952,14.815541595514594,14.645763888266057,14.722643852233887,440400.0,0.0,0.0
2003-11-05,14.703426873005165,14.729053124517025,14.517631356107122,14.597715377807617,335600.0,0.0,0.0
2003-11-06,14.584902667841847,14.65857982635498,14.584902667841847,14.65857982635498,510200.0,0.0,0.0
2003-11-07,14.671389348139263,14.84437109075996,14.639356235202806,14.825150489807129,509200.0,0.0,0.0
2003-11-10,14.773899405325608,14.773899405325608,14.581698249529708,14.594511985778809,409600.0,0.0,0.0
2003-11-11,14.639357020937904,14.815541595514594,14.623340463610024,14.722643852233887,488400.0,0.0,0.0
2003-11-12,14.77743941567412,14.77743941567412,14.642074144074678,14.735541343688965,501400.0,0.14,0.0
2003-11-13,14.741981362890318,14.741981362890318,14.603392463626617,14.693635940551758,361800.0,0.0,0.0
2003-11-14,14.680742522348142,14.80966281890869,14.680742522348142,14.809662818908691,681000.0,0.0,0.0
2003-11-17,14.745205539966097,14.745205539966097,14.538934008909942,14.674299240112305,424000.0,0.0,0.0
2003-11-18,14.690417377558616,14.745207723212483,14.509929146422872,14.522821426391602,310600.0,0.0,0.0
2003-11-19,14.522821493956341,14.593726575163249,14.455137638543372,14.497036933898926,254800.0,0.0,0.0
2003-11-20,14.439023508822425,14.509929822478657,14.374563335450897,14.419686317443848,366000.0,0.0,0.0
2003-11-21,14.487365635114486,14.487365635114486,14.313323575631557,14.410013198852539,383800.0,0.0,0.0
2003-11-24,14.442240045241347,14.57438278198242,14.442240045241347,14.574382781982422,407000.0,0.0,0.0
2003-11-25,14.57438834873092,14.674300438163488,14.522820461756734,14.664631843566895,458400.0,0.0,0.0
2003-11-26,14.680751288034653,14.729096735480066,14.458364934632515,14.584061622619629,315200.0,0.0,0.0
2003-11-28,14.616285218318348,14.674299240112305,14.616285218318348,14.674299240112305,164600.0,0.0,0.0
2003-12-01,14.664630574716814,14.980484008789062,14.613062692204513,14.980484008789062,460800.0,0.0,0.0
2003-12-02,14.954699972900938,15.012713991659819,14.919246824828818,14.97081470489502,405800.0,0.0,0.0
2003-12-03,14.974040255231989,15.202872693492294,14.961147975181282,15.106183052062988,359600.0,0.0,0.0
2003-12-04,15.112626620742514,15.347905158996582,15.112626620742514,15.347905158996582,394000.0,0.0,0.0
2003-12-05,15.335008494783878,15.37368408471664,15.148074222738336,15.254433631896973,344800.0,0.0,0.0
2003-12-08,15.196421997607425,15.579957962036133,15.196421997607425,15.579957962036133,303600.0,0.0,0.0
2003-12-09,15.576737380792544,15.873252367871707,15.576737380792544,15.750778198242188,591400.0,0.0,0.0
2003-12-10,15.741114527331026,15.741114527331026,15.486497515677447,15.554180145263672,354800.0,0.0,0.0
2003-12-11,15.534841114788675,15.773342132568361,15.438151479757034,15.77334213256836,338800.0,0.0,0.0
2003-12-12,15.744330460305045,15.850689888000488,15.744330460305045,15.850689888000488,298400.0,0.0,0.0
2003-12-15,15.953825403548421,15.986054862068606,15.666979042503657,15.689539909362793,275800.0,0.0,0.0
2003-12-16,15.695995330810547,15.712110069602165,15.499392320915813,15.695995330810547,347000.0,0.0,0.0
2003-12-17,15.75722427061992,15.760447954517165,15.512277161861538,15.63797378540039,414000.0,0.0,0.0
2003-12-18,15.663762415631078,15.760453293701802,15.56707276703594,15.734668731689453,380000.0,0.0,0.0
2003-12-19,15.792675859500202,15.792675859500202,15.573512096153214,15.712100982666016,478800.0,0.0,0.0
2003-12-22,15.679876182073842,15.773342132568361,15.679876182073842,15.77334213256836,356000.0,0.0,0.0
2003-12-23,15.747556189741166,15.776563198383382,15.62830570064549,15.763670921325684,275600.0,0.0,0.0
2003-12-24,15.712109053154471,15.725001335144045,15.679879577656221,15.725001335144043,128600.0,0.0,0.0
2003-12-26,15.6637603288736,15.728220495841375,15.6637603288736,15.715328216552734,61600.0,0.0,0.0
2003-12-29,15.728221475815346,15.841027082406354,15.647646569454123,15.824911117553711,345400.0,0.0,0.0
2003-12-30,15.857142015784364,15.857142015784364,15.776567108417039,15.847472190856934,217800.0,0.0,0.0
2003-12-31,15.79267921447754,16.131093523178425,15.79267921447754,16.114978790283203,453200.0,0.0,0.0
2004-01-02,16.11498053471872,16.182663157890428,15.93126985498096,15.957053184509277,357000.0,0.0,0.0
2004-01-05,15.992503759677959,16.21489124206232,15.989281305059817,16.195552825927734,393000.0,0.0,0.0
2004-01-06,16.172991188552192,16.172991188552192,15.918374254154642,15.937712669372559,614400.0,0.0,0.0
2004-01-07,15.905480139753445,16.047292709350586,15.905480139753445,16.047292709350586,262600.0,0.0,0.0
2004-01-08,16.024735165213713,16.066633224487305,15.96349745947103,16.066633224487305,223200.0,0.0,0.0
2004-01-09,16.037623182886527,16.037623182886527,15.818460645751545,15.876473426818848,235000.0,0.0,0.0
2004-01-12,15.873252807046388,15.89903736114502,15.84424579842303,15.89903736114502,211000.0,0.0,0.0
2004-01-13,15.82491114980099,15.870034130214643,15.550956959404786,15.686322212219238,399200.0,0.0,0.0
2004-01-14,15.67020762038434,15.84102725982666,15.65087042950539,15.84102725982666,245800.0,0.0,0.0
2004-01-15,15.776563703075537,15.889368057250977,15.776563703075537,15.889368057250977,292600.0,0.0,0.0
2004-01-16,15.91838494917488,16.002183575278767,15.673437672552158,15.853924751281738,393600.0,0.0,0.0
2004-01-20,15.889367032478093,15.947381047876819,15.60574309380378,15.63797378540039,426800.0,0.0,0.0
2004-01-21,15.644416776966247,15.692760960424346,15.441367763912442,15.67664623260498,391400.0,0.0,0.0
2004-01-22,15.596075956241242,15.621860511924336,15.289891119618567,15.483271598815918,555800.0,0.0,0.0
2004-01-23,15.470378988881002,15.505832137446562,15.128741010265452,15.135187149047852,473800.0,0.0,0.0
2004-01-26,15.051389259420777,15.231876220898705,14.980482964854327,15.18030834197998,694600.0,0.0,0.0
2004-01-27,15.164195077211218,15.409143447875975,15.164195077211218,15.409143447875977,594000.0,0.0,0.0
2004-01-28,15.393026600400745,15.596075669508572,15.225431909442989,15.244769096374512,632600.0,0.0,0.0
2004-01-29,15.276998326663303,15.460708961762629,15.135185745551443,15.257659912109375,582600.0,0.0,0.0
2004-01-30,15.380132071709864,15.625079143387376,15.196421460582986,15.621856689453125,751200.0,0.0,0.0
2004-02-02,15.631529905180573,15.728219534987652,15.525170451760044,15.570293426513672,539800.0,0.0,0.0
2004-02-03,15.567070306526604,15.621861877404775,15.470380673214095,15.52839469909668,473800.0,0.0,0.0
2004-02-04,15.531619189429811,15.579964627159152,15.40914621160644,15.473605155944824,528200.0,0.0,0.0
2004-02-05,15.473606440280184,15.83135926663984,15.473606440280184,15.654094696044922,516400.0,0.0,0.0
2004-02-06,15.657315035516378,15.99895182197634,15.61541574359143,15.918376922607422,500400.0,0.0,0.0
2004-02-09,15.821684533789767,15.979611850017744,15.805569802617567,15.857137680053711,481000.0,0.0,0.0
2004-02-10,15.792682742960407,15.995731865337348,15.792682742960407,15.982839584350586,417000.0,0.0,0.0
2004-02-11,15.953827304864639,16.134315490722656,15.905481881847704,16.134315490722656,523600.0,0.0,0.0
2004-02-12,16.23811225470601,16.277036666870117,16.169992986687888,16.277036666870117,557800.0,0.16,0.0
2004-02-13,16.280285765857446,16.348405058618802,16.06944398911432,16.118099212646484,466200.0,0.0,0.0
2004-02-17,16.199189216559695,16.358132551044896,16.192701607255714,16.270551681518555,682400.0,0.0,0.0
2004-02-18,16.267310439669284,16.364622116088867,16.267310439669284,16.364622116088867,378400.0,0.0,0.0
2004-02-19,16.41328428519617,16.80577681817806,16.397065871823344,16.55600929260254,565800.0,0.0,0.0
2004-02-20,16.575462086648642,16.760354623108206,16.48139484411279,16.546268463134766,431800.0,0.0,0.0
2004-02-23,16.562482326395934,16.656549536110436,16.435975843719017,16.500850677490234,447800.0,0.0,0.0
2004-02-24,16.471665652912066,16.942006896270733,16.455447245358698,16.620878219604492,638200.0,0.0,0.0
2004-02-25,16.588439719715105,16.740895468852337,16.56573370227575,16.604658126831055,523200.0,0.0,0.0
2004-02-26,16.58195274849562,16.59817115623666,16.371110973091717,16.510591506958008,478400.0,0.0,0.0
2004-02-27,16.578704335359657,16.705209608197446,16.520317095990706,16.568973541259766,433200.0,0.0,0.0
2004-03-01,16.56573753799408,16.744142532348633,16.56573753799408,16.744142532348633,485400.0,0.0,0.0
2004-03-02,16.85442307924102,16.85442307924102,16.47815039747376,16.54951286315918,447600.0,0.0,2.0
2004-03-03,16.445713794786673,16.77462804593471,16.264064442296654,16.484638214111328,449200.0,0.0,0.0
2004-03-04,16.47814782806866,16.601409912109375,16.34839937305428,16.601409912109375,460600.0,0.0,0.0
2004-03-05,16.543024483508027,16.84144707632459,16.478149630213366,16.802522659301758,452900.0,0.0,0.0
2004-03-08,16.809015520091073,17.139876261619833,16.757115868717072,16.886865615844727,966200.0,0.0,0.0
2004-03-09,16.886858336658047,16.912807532466836,16.581946933557624,16.71169662475586,517700.0,0.0,0.0
2004-03-10,16.71170114272504,16.731163972881934,16.18621710233986,16.225141525268555,551200.0,0.0,0.0
2004-03-11,16.095394358929724,16.374355448621202,15.978619834185821,16.030519485473633,486600.0,0.0,0.0
2004-03-12,16.121346568867672,16.471668944081213,16.121346568867672,16.419769287109375,399400.0,0.0,0.0
2004-03-15,16.419764877297112,16.419764877297112,16.179729492287564,16.225141525268555,340000.0,0.0,0.0
2004-03-16,16.231631316152065,16.54302921619024,16.205680872456252,16.348405838012695,304400.0,0.0,0.0
2004-03-17,16.341914586994395,16.63384958923339,16.341914586994395,16.575462341308594,246500.0,0.0,0.0
2004-03-18,16.413281675314717,16.562494271820995,16.32894519675502,16.419769287109375,386000.0,0.0,0.0
2004-03-19,16.34840322893687,16.504102154107642,16.283528367436116,16.302989959716797,296000.0,0.0,0.0
2004-03-22,16.302987666443734,16.30947527541973,16.0175402958092,16.08890151977539,364100.0,0.0,0.0
2004-03-23,16.056470891646306,16.26406950923341,16.00457123724953,16.101882934570312,222000.0,0.0,0.0
2004-03-24,16.101880281360657,16.19270435224301,16.00456860007454,16.062955856323242,221400.0,0.0,0.0
2004-03-25,16.062955046402106,16.34840370284905,16.062955046402106,16.31596565246582,263500.0,0.0,0.0
2004-03-26,16.315963334880333,16.543024705769845,16.199188844858018,16.44571304321289,232100.0,0.0,0.0
2004-03-29,16.4522043817306,16.783065099331232,16.4522043817306,16.737651824951172,281300.0,0.0,0.0
2004-03-30,16.737653523260462,16.958227357375048,16.692241481657813,16.945253372192383,226800.0,0.0,0.0
2004-03-31,16.945245462685655,16.945245462685655,16.711696515016367,16.867395401000977,340600.0,0.0,0.0
2004-04-01,16.997151857418817,17.06202549103148,16.867402115423005,16.984176635742188,452700.0,0.0,0.0
2004-04-02,17.12690016482151,17.16582459201796,16.932276791454026,17.094463348388672,383500.0,0.0,0.0
2004-04-05,17.120412554057896,17.152850607875962,16.945252012981253,17.094463348388672,252400.0,0.0,0.0
2004-04-06,17.09446290364934,17.191774587801365,16.95173794533352,17.12689971923828,307400.0,0.0,0.0
2004-04-07,17.159336610017778,17.19177342340979,16.977687237821222,17.165822982788086,251700.0,0.0,0.0
2004-04-08,17.165830829547474,17.204756508273537,16.85443282405305,16.964719772338867,219200.0,0.0,0.0
2004-04-12,16.964711987886478,17.20474861367759,16.873887920639355,17.120410919189453,205900.0,0.0,0.0
2004-04-13,17.18528093806603,17.191768546381024,16.737645863409508,16.757108688354492,328600.0,0.0,0.0
2004-04-14,16.60790659555319,16.796042391212055,16.60141898364972,16.731168746948242,312900.0,0.0,0.0
2004-04-15,16.72467196909521,16.945245703386085,16.65979712300058,16.847932815551758,255400.0,0.0,0.0
2004-04-16,16.964716177109192,17.06851549027644,16.82199243085058,16.997154235839844,303400.0,0.0,0.0
2004-04-19,17.062021219007136,17.100946874290738,16.841447455273116,17.01660919189453,183500.0,0.0,0.0
2004-04-20,16.964709305544854,17.03607176846147,16.59492424749499,16.64682388305664,266800.0,0.0,0.0
2004-04-21,16.646825350189445,16.711700209705345,16.361376710750505,16.679262161254883,343900.0,0.0,0.0
2004-04-22,16.9647109633357,18.456827796966312,16.93227415195929,18.262203216552734,1638100.0,0.0,0.0
2004-04-23,18.307612302068026,18.43736200146935,17.97026531091729,18.14542579650879,714000.0,0.0,0.0
2004-04-26,18.190840009150715,18.443850575096615,18.13245276510398,18.171377182006836,399900.0,0.0,0.0
2004-04-27,18.151917324956337,18.586577303211293,18.125968121903483,18.378978729248047,391900.0,0.0,0.0
2004-04-28,18.378971077797623,18.378971077797623,17.82753682191269,17.83402442932129,548000.0,0.0,0.0
2004-04-29,17.834031381759768,17.918369073565252,17.302059740716217,17.451271057128906,486000.0,0.0,0.0
2004-04-30,17.548581799865318,17.61345665841374,17.282595993463293,17.522632598876953,578100.0,0.0,0.0
2004-05-03,17.568047810316497,17.704285161680023,17.392886031728484,17.665359497070312,371300.0,0.0,0.0
2004-05-04,17.60047551215012,17.944311280498276,17.60047551215012,17.83402442932129,502600.0,0.0,0.0
2004-05-05,17.808079993769546,17.970266510152204,17.704280722275442,17.8599796295166,406900.0,0.0,0.0
2004-05-06,17.769156187165862,17.866469097025323,17.574532842217046,17.717256546020508,251500.0,0.0,0.0
2004-05-07,17.587505914185304,17.808079671464384,17.25664527826668,17.347469329833984,378600.0,0.0,0.0
2004-05-10,17.185283797959812,17.289083073503985,16.938760827888647,17.029584884643555,354900.0,0.0,0.0
2004-05-11,17.178797988625607,17.360447358554314,17.133385955489707,17.230697631835938,261300.0,0.0,0.0
2004-05-12,17.230697846957224,17.230697846957224,16.932275204118362,17.165822982788086,376800.0,0.0,0.0
2004-05-13,17.172305905668907,17.39936724959069,17.172305905668907,17.2825927734375,431000.0,0.0,0.0
2004-05-14,17.230386290069166,17.3609200193703,17.028060130028116,17.145540237426758,412200.0,0.16,0.0
2004-05-17,16.98237304334011,17.021532662675575,16.77352008040181,16.832260131835938,444500.0,0.0,0.0
2004-05-18,16.96931875426484,17.165118088100098,16.8975250842564,17.018980026245117,457500.0,0.0,0.0
2004-05-19,17.28260067411048,17.58282777338447,17.230387427914394,17.295654296875,465400.0,0.0,0.0
2004-05-20,17.230387427914394,17.432713601316483,17.184700993100567,17.295654296875,439900.0,0.0,0.0
2004-05-21,17.556714100456386,17.556714100456386,17.341334383138896,17.419654846191406,346400.0,0.0,0.0
2004-05-24,17.556710150423566,17.680717003664462,17.263011280993542,17.445756912231445,311300.0,0.0,0.0
2004-05-25,17.4457599641401,17.81125378027679,17.282593482070265,17.745986938476562,561000.0,0.0,0.0
2004-05-26,17.785152453751685,17.889578937377426,17.537139866356025,17.817785263061523,326000.0,0.0,0.0
2004-05-27,17.830836484615627,17.9940029989256,17.759042819963494,17.94831657409668,277200.0,0.0,0.0
2004-05-28,17.99400111305035,18.000527922322107,17.843888234384686,17.980947494506836,354400.0,0.0,0.0
2004-06-01,17.980941698901404,18.052735332888673,17.83735567578805,17.91567611694336,349800.0,0.0,0.0
2004-06-02,17.89610287671196,18.111482620239258,17.745989986193898,18.111482620239258,304200.0,0.0,0.0
2004-06-03,18.11148459980846,18.11148459980846,17.817784351596572,17.92873764038086,357600.0,0.0,0.0
2004-06-04,17.961366544522537,18.03968575835545,17.82430605302275,17.987472534179688,235600.0,0.0,0.0
2004-06-07,18.07885077654588,18.437816619873047,18.05927034614446,18.437816619873047,310500.0,0.0,0.0
2004-06-08,18.43781585105936,18.496555894952554,18.261595719379773,18.387365341186523,345500.0,0.0,0.0
2004-06-09,18.49655079045025,18.49655079045025,18.22243107621819,18.248537063598633,432800.0,0.0,0.0
2004-06-10,18.25506980619464,18.490029993308504,18.25506980619464,18.44434356689453,332900.0,0.0,0.0
2004-06-14,18.405183138576334,18.405183138576334,18.150642532146747,18.157169342041016,252400.0,0.0,0.0
2004-06-15,18.274651973138578,18.535718180925326,18.242019163988438,18.40518569946289,418000.0,0.0,0.0
2004-06-16,18.50308197595912,18.509608785563678,18.30075585766444,18.457395553588867,323100.0,0.0,0.0
2004-06-17,18.326864690853434,18.555298082960658,18.326864690853434,18.411710739135742,296700.0,0.0,0.0
2004-06-18,18.39213153541827,18.457398396655506,18.131065335331158,18.236013412475586,533300.0,0.0,0.0
2004-06-21,18.170224439956755,18.22896448892189,18.05274434202649,18.104957580566406,376000.0,0.0,0.0
2004-06-22,18.03969589776929,18.366029043502376,18.03969589776929,18.268129348754883,299500.0,0.0,0.0
2004-06-23,18.333390027638217,18.424762879190858,18.046216607936252,18.183277130126953,258800.0,0.0,0.0
2004-06-24,18.176744288971264,18.209377083737685,18.033157004331837,18.137584686279297,314400.0,0.0,0.0
2004-06-25,18.202855167119385,18.333388870983555,17.99400223682604,18.0657958984375,314800.0,0.0,0.0
2004-06-28,18.215910868071457,18.268124106611378,18.098430770141192,18.104957580566406,282000.0,0.0,0.0
2004-06-29,18.1114756224563,18.261588454974834,18.098422007925677,18.202848434448242,297200.0,0.0,0.0
2004-06-30,18.568350332825695,18.568350332825695,18.07885077654588,18.437816619873047,350600.0,0.0,0.0
2004-07-01,18.48350403122544,18.52266364925397,17.98747763837075,18.14411735534668,292300.0,0.0,0.0
2004-07-02,18.15064945374626,18.18328351566232,17.935269624548962,18.026643753051758,189100.0,0.0,0.0
2004-07-06,18.04621858104005,18.150645064192584,17.869998423896952,18.000532150268555,448000.0,0.0,0.0
2004-07-07,18.046217238126502,18.196330140879844,18.000530810754768,18.05927085876465,407000.0,0.0,0.0
2004-07-08,18.104957127666122,18.228964032919535,17.97442465701253,18.020111083984375,273100.0,0.0,0.0
2004-07-09,18.01358323594481,18.124536514282227,18.01358323594481,18.124536514282227,215400.0,0.0,0.0
2004-07-12,18.06579807889484,18.19633055365201,17.98747759815109,18.0788516998291,210400.0,0.0,0.0
2004-07-13,18.189808340710435,18.326867651196892,18.07885503204243,18.307287216186523,244700.0,0.0,0.0
2004-07-14,18.307277087406103,18.50960440265311,18.17021785274976,18.431283950805664,486100.0,0.0,0.0
2004-07-15,18.47045297538239,18.56835390134262,18.366026482896,18.424766540527344,333300.0,0.0,0.0
2004-07-16,18.470446493420077,18.529186530437368,18.261593581741504,18.326860427856445,405200.0,0.0,0.0
2004-07-19,18.26159465324586,18.274648272207084,18.000528498329516,18.039688110351562,344600.0,0.0,0.0
2004-07-20,18.104950646651552,18.209377083737685,17.974418222724548,18.137584686279297,272200.0,0.0,0.0
2004-07-21,18.11801037529188,18.20938322735497,17.7851505279541,17.7851505279541,332800.0,0.0,0.0
2004-07-22,17.295648124885414,17.817780400522242,17.282594506779105,17.6741943359375,504500.0,0.0,0.0
2004-07-23,17.608925409678598,17.615452217960573,17.06721277088856,17.236906051635742,525600.0,0.0,0.0
2004-07-26,17.289126343768487,17.295653154719734,16.96279326537755,17.145540237426758,342800.0,0.0,0.0
2004-07-27,17.14553717995123,17.28912326068799,17.00194985435279,17.27606964111328,508900.0,0.0,0.0
2004-07-28,17.112904415436233,17.2108053247329,16.890997845457537,17.15206527709961,322600.0,0.0,0.0
2004-07-29,17.165116364451613,17.28912326068799,17.034583903289562,17.27606964111328,294400.0,0.0,0.0
2004-07-30,17.26301740347891,17.29565020781313,17.080270462566904,17.282596588134766,271100.0,0.0,0.0
2004-08-02,17.282593769909695,17.36091423034668,17.080267677334593,17.36091423034668,200600.0,0.0,0.0
2004-08-03,17.360913945261355,17.360913945261355,16.949733713226824,17.13248062133789,270500.0,0.0,0.0
2004-08-04,17.132481367407152,17.249961438818644,16.904048033536085,17.23038101196289,232300.0,0.0,0.0
2004-08-05,17.165119998746913,17.165119998746913,16.714781231826322,16.76699447631836,307900.0,0.0,0.0
2004-08-06,16.766993110815292,16.766993110815292,16.349285944035103,16.388446807861328,341500.0,0.0,0.0
2004-08-09,16.27096943342615,16.642988988099866,16.205702560970995,16.492876052856445,334500.0,0.0,0.0
2004-08-10,16.51245038006756,16.84531021118164,16.505924815119748,16.84531021118164,320400.0,0.0,0.0
2004-08-11,16.773517083643586,16.819203505516267,16.525503300818134,16.78004264831543,225500.0,0.0,0.0
2004-08-12,16.740886480449326,16.760466913078464,16.50592751320914,16.512453079223633,170000.0,0.0,0.0
2004-08-13,16.577722806872146,16.597303242883736,16.42760986536959,16.558143615722656,223500.0,0.0,0.0
2004-08-16,16.623814251237594,16.985059492468416,16.623814251237594,16.945650100708008,272700.0,0.16,0.0
2004-08-17,17.044173661053044,17.12955817769096,16.866835142540936,17.06387710571289,333100.0,0.0,0.0
2004-08-18,17.08358641988102,17.320037841796875,16.94565600617591,17.320037841796875,173400.0,0.0,0.0
2004-08-19,17.300327032985155,17.30689526491599,17.142693224931516,17.254350662231445,157700.0,0.0,0.0
2004-08-20,17.254358277603906,17.484241485595703,17.208381886558087,17.484241485595703,196500.0,0.0,0.0
2004-08-23,17.41198998882276,17.471102842173305,17.2083797454834,17.2083797454834,300600.0,0.0,0.0
2004-08-24,17.241217712553595,17.398851552736883,17.208377798967977,17.313467025756836,196400.0,0.0,0.0
2004-08-25,17.33973870607285,17.352875172612055,17.077015639100704,17.313467025756836,216900.0,0.0,0.0
2004-08-26,17.32659705073378,17.622161195541285,17.32003007219319,17.5105037689209,298700.0,0.0,0.0
2004-08-27,17.60246391669313,17.60246391669313,17.40542190565862,17.464534759521484,103100.0,0.0,0.0
2004-08-30,17.497368441335166,17.517073136521212,17.2740535736084,17.2740535736084,131700.0,0.0,0.0
2004-08-31,17.175536888548727,17.366011897918256,17.175536888548727,17.35944366455078,252500.0,0.0,0.0
2004-09-01,17.425130620156345,17.48424348763047,17.20838385700552,17.38572120666504,207400.0,0.0,0.0
2004-09-02,17.431693704936723,17.68128031948507,17.385716069449227,17.602462768554688,193800.0,0.0,0.0
2004-09-03,17.47110185402068,17.68784855312614,17.47110185402068,17.602462768554688,266900.0,0.0,0.0
2004-09-07,17.70098865577576,17.83234959728822,17.569626461500572,17.681283950805664,284400.0,0.0,0.0
2004-09-08,17.569622457889867,17.700984622231402,17.503941375719098,17.530214309692383,244300.0,0.0,0.0
2004-09-09,17.602461834647656,17.602461834647656,17.471100927083064,17.549917221069336,251900.0,0.0,0.0
2004-09-10,17.471098886211976,17.549915170991397,17.339736741229935,17.523643493652344,209700.0,0.0,0.0
2004-09-13,17.58932715836983,17.648440007047277,17.43169331281745,17.530214309692383,196900.0,0.0,0.0
2004-09-14,17.444827633787177,17.47110056641517,17.24778565012676,17.37257957458496,243600.0,0.0,0.0
2004-09-15,17.38571236911335,17.425121762571973,17.175533948382864,17.28719139099121,165500.0,0.0,0.0
2004-09-16,17.247788537585766,17.40542240145612,17.247788537585766,17.32660484313965,280500.0,0.0,0.0
2004-09-17,17.274061505801964,17.274061505801964,16.91281736417704,16.978498458862305,1002400.0,0.0,0.0
2004-09-20,17.01133091470408,17.037603842153853,16.755176135879466,16.794584274291992,612400.0,0.0,0.0
2004-09-21,16.85370635986328,16.925955697248135,16.656664306875452,16.85370635986328,361400.0,0.0,0.0
2004-09-22,16.748615938570666,16.834000488218365,16.676366606186875,16.755184173583984,378000.0,0.0,0.0
2004-09-23,16.755180240575733,16.886541151719086,16.689499158622837,16.735475540161133,291300.0,0.0,0.0
2004-09-24,16.801152344814767,16.95221791791389,16.748607743181935,16.873401641845703,285800.0,0.0,0.0
2004-09-27,16.748615626266368,16.879977818557855,16.71577570457485,16.81429672241211,279500.0,0.0,0.0
2004-09-28,16.78145081970281,17.12955965426,16.78145081970281,17.09671974182129,348500.0,0.0,0.0
2004-09-29,17.096719003964193,17.32003390664425,17.077014305693965,17.300329208374023,277100.0,0.0,0.0
2004-09-30,17.201812875193955,17.45796775817871,17.201812875193955,17.45796775817871,526200.0,0.0,0.0
2004-10-01,17.490802358397428,17.589324593669268,17.339736768365253,17.418554306030273,580200.0,0.0,0.0
2004-10-04,17.484228158436565,17.609020766792664,17.37913773402666,17.490795135498047,613900.0,0.0,0.0
2004-10-05,17.50393773168661,17.50393773168661,17.2937593147058,17.451393127441406,352100.0,0.0,0.0
2004-10-06,17.372576364839933,17.812637882954295,17.372576364839933,17.799501419067383,407500.0,0.0,0.0
2004-10-07,17.819207096392944,17.819207096392944,17.615596891664783,17.63530158996582,349000.0,0.0,0.0
2004-10-08,17.63530270262314,17.72068722845682,17.44482769864913,17.60902976989746,391500.0,0.0,0.0
2004-10-11,17.700985020408282,17.753529636774378,17.563054619470734,17.602462768554688,167900.0,0.0,0.0
2004-10-12,17.576186510269558,17.576186510269558,17.19523782761606,17.254350662231445,370800.0,0.0,0.0
2004-10-13,17.241223959404167,17.241223959404167,16.866843296727733,16.9390926361084,336900.0,0.0,0.0
2004-10-14,16.939083386339753,17.070444269308382,16.87997055053711,16.87997055053711,357300.0,0.0,0.0
2004-10-15,16.945650922320862,16.99162854827057,16.814290035036905,16.86683464050293,313600.0,0.0,0.0
2004-10-18,16.814290419827785,16.9390843304513,16.623815437678086,16.93251609802246,423300.0,0.0,0.0
2004-10-19,16.912812824652047,16.912812824652047,16.393933693948448,16.40707015991211,434200.0,0.0,0.0
2004-10-20,16.407069662012454,16.68292917506625,16.249435833519186,16.650089263916016,437700.0,0.0,0.0
2004-10-21,16.65008975093643,17.103287804087202,16.499024150806957,16.847131729125977,907900.0,0.0,0.0
2004-10-22,16.912808998197693,17.208373151698208,16.597541402971856,16.63694953918457,536400.0,0.0,0.0
2004-10-25,16.656659844755396,16.755180844856714,16.512161208695147,16.617250442504883,302100.0,0.0,0.0
2004-10-26,16.623817702139142,16.68949878261226,16.512160241163567,16.6697940826416,303300.0,0.0,0.0
2004-10-27,16.604115071913213,16.971927386792984,16.57784213732628,16.92595100402832,389900.0,0.0,0.0
2004-10-28,16.84713432664198,17.083585739135742,16.689500469233657,17.083585739135742,355400.0,0.0,0.0
2004-10-29,17.129566282785746,17.392289442246923,17.129566282785746,17.38572120666504,445100.0,0.0,0.0
2004-11-01,17.418555642910306,17.641870555211387,17.306898186759764,17.54334831237793,473000.0,0.0,0.0
2004-11-02,17.477668799572168,17.615597937581985,17.28719379630637,17.37257957458496,425400.0,0.0,0.0
2004-11-03,17.438258365242365,17.727254343179382,17.438258365242365,17.63530158996582,362400.0,0.0,0.0
2004-11-04,17.700988021278153,18.03595922442355,17.59589877073005,18.02939224243164,527200.0,0.0,0.0
2004-11-05,17.99654441711907,18.160746467006582,17.681276781997976,17.97684097290039,536600.0,0.0,0.0
2004-11-08,18.081932124302817,18.081932124302817,17.858617212279256,17.983409881591797,328400.0,0.0,0.0
2004-11-09,18.062225822932714,18.37749346390642,17.878319072650264,18.252700805664062,440400.0,0.0,0.0
2004-11-10,18.377493729459196,18.377493729459196,18.141043621693363,18.298677444458008,219900.0,0.0,0.0
2004-11-11,18.33808666718973,18.423471189764427,18.187021068070162,18.37749481201172,430400.0,0.0,0.0
2004-11-12,18.456309882445044,18.482581557886856,18.2592666792017,18.390628814697266,316100.0,0.0,0.0
2004-11-15,18.496329406505293,18.509541372758072,18.19246174246611,18.25191307067871,292800.0,0.16,0.0
2004-11-16,18.31796734569457,18.331179308848622,18.080158308732422,18.119792938232422,271700.0,0.0,0.0
2004-11-17,18.251900798124176,18.56237549648941,18.238690100716703,18.344383239746094,320600.0,0.0,0.0
2004-11-18,18.403838706204706,18.45007930436714,18.205663094129093,18.225481033325195,394900.0,0.0,0.0
2004-11-19,18.23209230906092,18.344391477202223,17.921617471278534,18.00749397277832,314800.0,0.0,0.0
2004-11-22,18.106580339277503,18.370813293269386,17.98767519499063,18.331178665161133,325600.0,0.0,0.0
2004-11-23,18.390637276706443,18.403849243735312,18.11979825242719,18.258520126342773,460900.0,0.0,0.0
2004-11-24,18.364211596220777,18.483116768247747,18.13300849501545,18.23209571838379,503200.0,0.0,0.0
2004-11-26,18.298156802801604,18.40385002358621,18.2122802734375,18.2122802734375,177200.0,0.0,0.0
2004-11-29,18.212285172852464,18.44348962800269,18.10659192363457,18.384037017822266,268100.0,0.0,0.0
2004-11-30,18.496325818991796,18.509537782682003,18.344392016441006,18.39063262939453,323500.0,0.0,0.0
2004-12-01,18.522758508961473,18.641662458536807,18.390641329482918,18.397247314453125,1303000.0,0.0,0.0
2004-12-02,18.463301734437128,18.793593348577595,18.33118458479593,18.70111083984375,595400.0,0.0,0.0
2004-12-03,18.635051905816027,18.80019770970293,18.588811282321693,18.734140396118164,319500.0,0.0,0.0
2004-12-06,18.734133740827886,18.76716238588686,18.45668883846153,18.489717483520508,423900.0,0.0,0.0
2004-12-07,18.489710000369588,18.555768523714395,18.34438225698024,18.377410888671875,486100.0,0.0,0.0
2004-12-08,18.37742218767407,18.555779932376396,18.33118157089102,18.529356002807617,281000.0,0.0,0.0
2004-12-09,18.53596369351878,18.53596369351878,18.16603746519876,18.41045379638672,445500.0,0.0,0.0
2004-12-10,18.430263276141588,18.509533781183478,18.225482923062774,18.417051315307617,334600.0,0.0,0.0
2004-12-13,18.483112062782503,18.56898855847823,18.331178274966476,18.555776596069336,250400.0,0.0,0.0
2004-12-14,18.588804666251306,18.99176068750447,18.522747376177445,18.89267349243164,572500.0,0.0,0.0
2004-12-15,18.892675233917906,18.978550474906946,18.720923491977672,18.919097900390625,293900.0,0.0,0.0
2004-12-16,18.958733639298135,18.97855032400457,18.773769935611146,18.839828491210938,304200.0,0.0,0.0
2004-12-17,18.6614707294023,18.839828451153874,18.621836100111555,18.714317321777344,385700.0,0.0,0.0
2004-12-20,18.826622906542855,19.00498068910112,18.793594247533953,18.859651565551758,337200.0,0.0,0.0
2004-12-21,18.99176523109261,19.196545651229716,18.89267801231416,19.163516998291016,493400.0,0.0,0.0
2004-12-22,19.302229662939872,19.480587327803725,19.236172388511847,19.34186553955078,1655400.0,0.0,0.0
2004-12-23,19.421144707941455,19.421144707941455,19.20315231491212,19.30884552001953,331300.0,0.0,0.0
2004-12-27,19.308842522374476,19.434353656440162,19.038003568838445,19.071033477783203,391800.0,0.0,0.0
2004-12-28,19.11066880695035,19.249390649701304,18.9323110720172,19.21636199951172,462300.0,0.0,0.0
2004-12-29,19.189939451138123,19.30223863380412,19.143698833563125,19.275815963745117,242200.0,0.0,0.0
2004-12-30,19.269211187648796,19.401328326102394,19.209758601340916,19.361692428588867,287900.0,0.0,0.0
2004-12-31,19.36168982429304,19.36168982429304,19.21636199951172,19.21636199951172,242000.0,0.0,0.0
2005-01-03,19.315454667407824,19.407935922038003,19.038009643554688,19.038009643554688,308700.0,0.0,0.0
2005-01-04,19.12388612139979,19.12388612139979,18.65487134572306,18.747352600097656,470400.0,0.0,0.0
2005-01-05,18.681294149371332,19.064432371375776,18.575600933643386,18.70111083984375,676000.0,0.0,0.0
2005-01-06,18.687895283520135,18.853041047736628,18.483113628718908,18.820011138916016,500900.0,0.0,0.0
2005-01-07,18.82000540657178,19.229567331464477,18.82000540657178,19.097450256347656,582000.0,0.0,0.0
2005-01-10,19.02478889510684,19.599496629254354,18.94551964485602,19.394716262817383,1110400.0,0.0,0.0
2005-01-11,19.460776856406987,19.526835416142777,19.348478942807045,19.454172134399414,690100.0,0.0,0.0
2005-01-12,19.460772047278578,19.493801948965267,19.242779735994098,19.48719596862793,454500.0,0.0,0.0
2005-01-13,19.454171021213472,19.579680891571225,19.255995353345902,19.322053909301758,621400.0,0.0,0.0
2005-01-14,19.355083664814615,19.526835416142777,19.22957378727507,19.454172134399414,379900.0,0.0,0.0
2005-01-18,19.4409528872154,19.513617401698383,19.28901913871621,19.42113494873047,385600.0,0.0,0.0
2005-01-19,19.421143798975447,19.540048964146774,19.209757398654123,19.275815963745117,363100.0,0.0,0.0
2005-01-20,19.27581618222988,19.27581618222988,19.064429779512565,19.163516998291016,342700.0,0.0,0.0
2005-01-21,19.189935559435572,19.229571446429446,19.01157910781145,19.024789810180664,309600.0,0.0,0.0
2005-01-24,19.031396992312096,19.15690812245552,18.859645251053244,18.87946319580078,351900.0,0.0,0.0
2005-01-25,18.9785562165808,19.460781680247894,18.9785562165808,19.17012596130371,608000.0,0.0,0.0
2005-01-26,19.170119722986765,19.381506089779823,18.978550040604226,19.229572296142578,495900.0,0.0,0.0
2005-01-27,19.22957396357245,19.401325716475235,19.11066880695035,19.21636199951172,426400.0,0.0,0.0
2005-01-28,19.16351103331359,19.216357617543498,19.024787962233862,19.150299072265625,432700.0,0.0,0.0
2005-01-31,19.315449735784256,19.401326244554216,19.104063344907853,19.156909942626953,570100.0,0.0,0.0
2005-02-01,19.15691253369963,19.447569490448693,19.024795391551205,19.427751541137695,508200.0,0.0,0.0
2005-02-02,19.42774987269586,19.487202455560656,19.341874619648003,19.440961837768555,485300.0,0.0,0.0
2005-02-03,19.34187177884472,19.355082482014783,19.13709013018187,19.282419204711914,492200.0,0.0,0.0
2005-02-04,19.282415618018128,19.5928891341015,19.255991696668776,19.48719596862793,618800.0,0.0,0.0
2005-02-07,19.533442235448145,19.533442235448145,19.3749024412635,19.447566986083984,434400.0,0.0,0.0
2005-02-08,19.52023110828006,19.53344307335276,19.388115237440104,19.440961837768555,334500.0,0.0,0.0
2005-02-09,19.507020045816752,19.52683673310043,19.117275903048352,19.13709259033203,638500.0,0.0,0.0
2005-02-10,19.176726994076414,19.40132533888878,19.090850489315223,19.355083465576172,354000.0,0.0,0.0
2005-02-11,19.454172134399414,19.57968201193896,19.33526697886744,19.454172134399414,481800.0,0.0,0.0
2005-02-14,19.587102819803885,19.640274410157364,19.447527870517522,19.527284622192383,402500.0,0.18,0.0
2005-02-15,19.540569905335577,19.64691304287864,19.434226767792513,19.60703468322754,270000.0,0.0,0.0
2005-02-16,19.6070367668436,19.833016275064722,19.367764048089388,19.726673126220703,400000.0,0.0,0.0
2005-02-17,19.83966759164347,19.959303979430544,19.706737990166577,19.74661636352539,510600.0,0.0,0.0
2005-02-18,19.806432275002482,19.87289706808178,19.72002893139673,19.733322143554688,342900.0,0.0,0.0
2005-02-22,19.613688121796798,19.766556276815116,19.361122131347656,19.361122131347656,399900.0,0.0,0.0
2005-02-23,19.108557349266402,19.73997105571772,19.108557349266402,19.7133846282959,400700.0,0.0,0.0
2005-02-24,19.879541901593747,19.91942026680136,19.547219233539405,19.886188507080078,271800.0,0.0,0.0
2005-02-25,19.87290298337652,19.972599568815546,19.633631431865034,19.946014404296875,287400.0,0.0,0.0
2005-02-28,19.912777911378463,20.078939280870117,19.753263148791756,19.83302116394043,275300.0,0.0,0.0
2005-03-01,19.965955868486198,20.19858083104827,19.965955868486198,20.17864227294922,430300.0,0.0,0.0
2005-03-02,20.205217384989417,20.4245502889098,20.12546065686037,20.171985626220703,487700.0,0.0,0.0
2005-03-03,20.23845314778759,20.265038304854915,19.98588718324024,20.098876953125,220100.0,0.0,0.0
2005-03-04,20.23180584341429,20.690410245611318,20.23180584341429,20.6771183013916,332600.0,0.0,0.0
2005-03-07,20.763514164316533,20.803392518032076,20.524241506603268,20.537534713745117,318200.0,0.0,0.0
2005-03-08,20.60400959706599,20.783464178452274,20.51760624364516,20.63724136352539,457400.0,0.0,0.0
2005-03-09,21.600971931852747,21.600971931852747,20.630590416645838,20.663822174072266,614500.0,0.0,0.0
2005-03-10,20.590723687148376,20.78347155057241,20.444502088065754,20.683774948120117,360300.0,0.0,0.0
2005-03-11,20.58406459559108,20.776812342131112,20.577417990430014,20.61065101623535,356200.0,0.0,0.0
2005-03-14,20.637232432723167,20.869858500401495,20.60400068064487,20.703697204589844,355500.0,0.0,0.0
2005-03-15,20.86987493464144,20.8831681530247,20.637248683778708,20.683774948120117,312400.0,0.0,0.0
2005-03-16,20.683766661722615,20.71699842665627,20.544190460038013,20.557483673095703,608200.0,0.0,0.0
2005-03-17,20.530897794140387,20.683767212956738,20.417908015559924,20.657180786132812,462400.0,0.0,0.0
2005-03-18,20.65717837472892,20.703703348529118,20.45778526766796,20.650531768798828,462100.0,0.0,0.0
2005-03-21,20.510958939646414,20.630595323170848,20.338150970967853,20.41790771484375,286000.0,0.0,0.0
2005-03-22,20.31821268485353,20.6704752554091,20.284980917015186,20.404617309570312,261600.0,0.0,0.0
2005-03-23,20.417903329396278,20.444489750118287,20.218510244822472,20.318206787109375,238000.0,0.0,0.0
2005-03-24,20.43784821782193,20.630596012767533,20.43784821782193,20.51095962524414,318800.0,0.0,0.0
2005-03-28,20.550837998515064,20.617302799107016,20.451141431482448,20.51095962524414,294400.0,0.0,0.0
2005-03-29,20.53754290155716,20.65717927810987,20.138755402284975,20.158695220947266,337600.0,0.0,0.0
2005-03-30,20.138755039854928,20.630593749655834,20.138755039854928,20.623947143554688,396100.0,0.0,0.0
2005-03-31,20.623956733106528,20.823349938011113,20.604016905531637,20.683774948120117,470000.0,0.0,0.0
2005-04-01,20.68376599659792,20.92303748538927,20.411260208520485,20.43120002746582,356900.0,0.0,0.0
2005-04-04,20.431194977277112,20.630589314312505,20.291620082291534,20.590709686279297,214600.0,0.0,0.0
2005-04-05,20.59735920798513,20.710348967993923,20.550834236400988,20.604005813598633,156800.0,0.0,0.0
2005-04-06,20.67047217148976,20.896451708665513,20.643885747017084,20.716997146606445,322500.0,0.0,0.0
2005-04-07,20.80339925055605,21.26200490368659,20.770167489656767,20.843278884887695,303900.0,0.0,0.0
2005-04-08,20.849925038859425,20.903096615772476,20.57077394313832,20.57741928100586,169900.0,0.0,0.0
2005-04-11,18.74300309945057,19.14178937448133,18.13152920530324,19.002214431762695,2669100.0,0.0,0.0
2005-04-12,19.00886483206105,19.00886483206105,18.669895416472645,18.909168243408203,899700.0,0.0,0.0
2005-04-13,18.975621755189422,18.975621755189422,18.523664041139714,18.61006736755371,678900.0,0.0,0.0
2005-04-14,18.67653312803859,18.703118280750225,18.271099090576172,18.271099090576172,739300.0,0.0,0.0
2005-04-15,18.204639393818102,18.47049860148039,18.011892862744663,18.111589431762695,589200.0,0.0,0.0
2005-04-18,18.17805724442574,18.397390239676778,18.138178863755787,18.277753829956055,573700.0,0.0,0.0
2005-04-19,18.397391829394685,18.54361341629342,18.304341843887393,18.450563430786133,477800.0,0.0,0.0
2005-04-20,18.517018467307448,18.52366507243399,17.952069708654328,17.978654861450195,744900.0,0.0,0.0
2005-04-21,17.945424647857465,18.67653479446041,17.91219288707523,18.477140426635742,891800.0,0.0,0.0
2005-04-22,18.410675526038318,18.430614073930016,17.95206990887443,18.065059661865234,436400.0,0.0,0.0
2005-04-25,18.124880151471537,18.21128349467411,17.95871880340387,18.045122146606445,480300.0,0.0,0.0
2005-04-26,18.071712862464526,18.23787424999216,17.958723068237305,17.958723068237305,497100.0,0.0,0.0
2005-04-27,17.965362653608217,18.470493226373357,17.892251266006202,18.410675048828125,597200.0,0.0,0.0
2005-04-28,18.34420831038777,18.43725823544365,17.998592492022848,18.025178909301758,571500.0,0.0,0.0
2005-04-29,18.091645530852645,18.404029649093868,17.9121922541747,18.317625045776367,367900.0,0.0,0.0
2005-05-02,18.284397051202117,18.337568638150042,18.144820843144675,18.224578857421875,553300.0,0.0,0.0
2005-05-03,18.231223475613636,18.41067803737967,18.085000676673687,18.164758682250977,386100.0,0.0,0.0
2005-05-04,18.29768806127823,18.437262984816048,18.06506192100472,18.43061637878418,305900.0,0.0,0.0
2005-05-05,18.430614803238228,18.45720122509296,18.124878558171055,18.317625045776367,331300.0,0.0,0.0
2005-05-06,18.483787032334273,18.576838244403284,18.35085872149491,18.477140426635742,224200.0,0.0,0.0
2005-05-09,18.517020086480958,18.630009848091685,18.324272324087787,18.44390869140625,238000.0,0.0,0.0
2005-05-10,18.377448167077247,18.517024383911775,18.217933396202582,18.35750961303711,262800.0,0.0,0.0
2005-05-11,18.324276940543168,18.53031669854923,18.15811555911973,18.24452018737793,335900.0,0.0,0.0
2005-05-12,18.75629576980469,18.75629576980469,17.805853758727103,17.82579231262207,465700.0,0.0,0.0
2005-05-13,17.74602985277703,17.812493367993415,17.274131034936893,17.440292358398438,699700.0,0.0,0.0
2005-05-16,18.244518709231563,18.251164048364657,17.859024386269844,18.191347122192383,1288600.0,0.0,0.0
2005-05-17,18.19135036054264,18.310985501894784,17.998602530894278,18.25116729736328,610600.0,0.0,0.0
2005-05-18,18.338135605801323,18.752935296748646,18.338135605801323,18.57898712158203,663700.0,0.18,0.0
2005-05-19,18.699411176684787,18.732862205908205,18.524793077999625,18.639198303222656,565400.0,0.0,0.0
2005-05-20,18.699415679535985,18.699415679535985,18.4719450530315,18.565608978271484,360600.0,0.0,0.0
2005-05-23,18.55891737523424,18.69941453053654,18.47194391800916,18.66596221923828,398400.0,0.0,0.0
2005-05-24,18.66596597146405,18.679346898673185,18.40504427126322,18.49201774597168,404700.0,0.0,0.0
2005-05-25,18.465253259306643,18.465253259306643,18.13073780633397,18.318065643310547,183700.0,0.0,0.0
2005-05-26,18.351518427164947,18.43180142334515,18.170879771646668,18.291305541992188,333500.0,0.0,0.0
2005-05-27,18.297995130609955,18.431800543212724,18.25116317239523,18.304685592651367,160300.0,0.0,0.0
2005-05-31,18.264539448453885,18.33144278044134,18.11735313894143,18.170875549316406,723100.0,0.0,0.0
2005-06-01,18.170880173947246,18.44518275644052,18.130738674968416,18.411731719970703,369600.0,0.0,0.0
2005-06-02,18.411729035157578,18.411729035157578,18.237780863514256,18.31137466430664,222100.0,0.0,0.0
2005-06-03,18.36489982364402,18.465254209484783,18.13073873929874,18.157499313354492,277800.0,0.0,0.0
2005-06-06,18.15750214656104,18.478638017865283,18.130741568329697,18.42511558532715,424700.0,0.0,0.0
2005-06-07,18.518771334050502,18.69940994251466,18.41841697692871,18.41841697692871,462800.0,0.0,0.0
2005-06-08,18.465257090711887,18.585682882941548,18.378282340290266,18.42511558532715,445500.0,0.0,0.0
2005-06-09,18.465250406948588,18.465250406948588,18.063831670174164,18.297992706298828,367900.0,0.0,0.0
2005-06-10,18.297996048881004,18.458563317707366,18.19764166537393,18.324756622314453,276400.0,0.0,0.0
2005-06-13,18.28460824588942,18.599052202878593,18.204324003639663,18.53883934020996,352800.0,0.0,0.0
2005-06-14,18.572302931532228,18.665966874375975,18.43180574119109,18.6191349029541,235600.0,0.0,0.0
2005-06-15,18.686031484827357,18.686031484827357,18.44517997512151,18.60574722290039,272800.0,0.0,0.0
2005-06-16,18.672655261521488,18.786390583500125,18.605751905756044,18.699417114257812,258700.0,0.0,0.0
2005-06-17,18.6994150480214,18.746247009059786,18.418422005715836,18.672653198242188,438300.0,0.0,0.0
2005-06-20,18.52546712113403,18.665963006285118,18.445182846708235,18.58568000793457,275000.0,0.0,0.0
2005-06-21,18.632511878467128,18.65927245242793,18.338137908446814,18.411731719970703,302500.0,0.0,0.0
2005-06-22,18.565604772123447,18.61912718528837,18.244470293133904,18.297992706298828,337200.0,0.0,0.0
2005-06-23,18.34483061656194,18.371591193798526,17.85643827829674,17.930030822753906,420300.0,0.0,0.0
2005-06-24,17.89657638812958,18.070524573442288,17.76276969909668,17.76276969909668,480600.0,0.0,0.0
2005-06-27,17.822980402760884,17.836361325243438,17.5620587947261,17.669103622436523,621200.0,0.0,0.0
2005-06-28,17.816287494370854,18.083900802964006,17.80290784980106,18.06382942199707,485800.0,0.0,0.0
2005-06-29,18.003616333007812,18.130732525413475,17.916642902040664,18.003616333007812,236000.0,0.0,0.0
2005-06-30,18.010311806950682,18.130737572640665,17.742699703236926,17.756080627441406,339200.0,0.0,0.0
2005-07-01,17.749382888716855,17.90995008511821,17.749382888716855,17.883188247680664,239700.0,0.0,0.0
2005-07-05,17.82967967753863,18.05715036788495,17.789538166323286,18.0303897857666,364000.0,0.0,0.0
2005-07-06,17.93672334647993,18.103981120666624,17.876510445686677,17.95679473876953,351400.0,0.0,0.0
2005-07-07,17.66241497069492,18.07721467762495,17.602202089429667,18.070524215698242,462700.0,0.0,0.0
2005-07-08,18.077211141854708,18.43848708270814,18.016998272366656,18.41841697692871,321500.0,0.0,0.0
2005-07-11,18.45186396156303,18.652572631835938,18.438483043258273,18.652572631835938,304400.0,0.0,0.0
2005-07-12,18.545532088205764,18.545532088205764,18.251159474478218,18.371583938598633,740000.0,0.0,0.0
2005-07-13,18.35820462366629,18.458558983610008,18.050449806953974,18.170875549316406,426100.0,0.0,0.0
2005-07-14,18.304684509765487,18.4585612993893,18.190949213940257,18.25785255432129,212500.0,0.0,0.0
2005-07-15,18.257846893864812,18.32474893742921,18.050446475376194,18.14411163330078,297000.0,0.0,0.0
2005-07-18,18.03037839646034,18.231087101830376,17.930022767700493,18.06382942199707,194000.0,0.0,0.0
2005-07-19,18.05713750126795,18.505388098011046,18.05713750126795,18.331439971923828,336000.0,0.0,0.0
2005-07-20,18.599054988455517,18.806455446965238,18.27792052350972,18.779693603515625,393400.0,0.0,0.0
2005-07-21,18.719480295821356,18.873357063847806,18.599054555252863,18.65926742553711,349600.0,0.0,0.0
2005-07-22,18.632508019857248,18.84659767150879,18.605746175363315,18.84659767150879,278400.0,0.0,0.0
2005-07-25,18.813142956849877,18.96032924451073,18.732858715169126,18.76630973815918,236600.0,0.0,0.0
2005-07-26,18.86666987860823,18.90681137102675,18.60574698770027,18.799766540527344,335700.0,0.0,0.0
2005-07-27,18.632507136347414,18.63919759715365,18.023689239803947,18.170875549316406,1386700.0,0.0,0.0
2005-07-28,18.13074321414202,18.33145203536043,18.13074321414202,18.190956115722656,572800.0,0.0,0.0
2005-07-29,17.796217389478745,18.177564695326712,17.72931406233046,18.06382942199707,749400.0,0.0,0.0
2005-08-01,18.07052792005248,18.110669423766378,17.80291576850083,17.863128662109375,667300.0,0.0,0.0
2005-08-02,17.86312051395734,18.130732543439418,17.849739593464534,17.856430053710938,545400.0,0.0,0.0
2005-08-03,17.796223561393667,17.876506560954727,17.628965823553642,17.7828426361084,794600.0,0.0,0.0
2005-08-04,17.77615047379494,17.87650485168849,17.70255666783793,17.843053817749023,395300.0,0.0,0.0
2005-08-05,17.816291001825658,18.083904363103276,17.782839969703495,17.970169067382812,570900.0,0.0,0.0
2005-08-08,18.11736327274578,18.170885713058112,18.0303897857666,18.0303897857666,344800.0,0.0,0.0
2005-08-09,18.13073838228574,18.217711841348404,18.077215959152895,18.177570343017578,441100.0,0.0,0.0
2005-08-10,18.231096206764793,18.35821246422318,17.99024461917531,18.057147979736328,486600.0,0.0,0.0
2005-08-11,17.996930410579576,18.231091473713864,17.789531195152126,18.070524215698242,685800.0,0.0,0.0
2005-08-12,17.96347335652822,17.970163816212608,17.81628579562108,17.869808197021484,539200.0,0.0,0.0
2005-08-15,17.83636712972281,17.84305759314136,17.695871226159493,17.809606552124023,321800.0,0.0,0.0
2005-08-16,17.702556560590583,17.736008870402536,17.37473158088429,17.38142204284668,388100.0,0.0,0.0
2005-08-17,17.354478940922903,17.502692194676968,17.22647582610266,17.408374786376953,571600.0,0.18,0.0
2005-08-18,17.38142459172398,17.40163601374138,17.199526933480158,17.347740173339844,328400.0,0.0,0.0
2005-08-19,17.469003306861442,17.52289913853603,17.415107475186854,17.442054748535156,336600.0,0.0,0.0
2005-08-22,17.516157532761227,17.650897720081222,17.46226171482876,17.50942039489746,393900.0,0.0,0.0
2005-08-23,17.51616483521693,17.684589497094013,17.347740173339844,17.347740173339844,579600.0,0.0,0.0
2005-08-24,17.327525432042524,17.570057309878873,17.26015660817949,17.42858123779297,565000.0,0.0,0.0
2005-08-25,17.448787439101228,17.536368946352525,17.327521527508765,17.50942039489746,378000.0,0.0,0.0
2005-08-26,17.462263997220944,17.516159822197825,17.347735208522845,17.36794662475586,312300.0,0.0,0.0
2005-08-29,17.34773559079593,17.556581756561226,17.21973252178849,17.495948791503906,348100.0,0.0,0.0
2005-08-30,17.49594483782688,17.583526338664004,17.314047268737394,17.47573471069336,475400.0,0.0,0.0
2005-08-31,17.475741929294554,17.617218017578125,17.327527415879654,17.617218017578125,357900.0,0.0,0.0
2005-09-01,17.617210877551436,17.68458096680143,17.408364757356264,17.529630661010742,411600.0,0.0,0.0
2005-09-02,17.630693231584214,17.630693231584214,17.40837273466614,17.489215850830078,241800.0,0.0,0.0
2005-09-06,17.556578841934854,17.785636386351936,17.495945886943414,17.73847770690918,305000.0,0.0,0.0
2005-09-07,17.725013834378338,17.83954267380519,17.623959278408382,17.77890968322754,275200.0,0.0,0.0
2005-09-08,17.69806206747518,17.71827220256057,17.448793026604825,17.455530166625977,265700.0,0.0,0.0
2005-09-09,17.52289873970177,17.583531709577876,17.435317212112746,17.48247718811035,333700.0,0.0,0.0
2005-09-12,17.468998852692526,17.57679048855746,17.381417345441232,17.50942039489746,239700.0,0.0,0.0
2005-09-13,17.179311364771426,17.334261707902122,17.044571153801673,17.32078742980957,1262300.0,0.0,0.0
2005-09-14,17.287103023451575,17.30057730154716,17.05804543573811,17.18604850769043,857200.0,0.0,0.0
2005-09-15,17.19952599233262,17.3612135046898,16.970468361915422,17.084997177124023,675400.0,0.0,0.0
2005-09-16,17.084993746006486,17.14562671158599,16.90983198821878,17.078256607055664,1165100.0,0.0,0.0
2005-09-19,17.004151445205874,17.078258697759154,16.73467227907306,16.795305252075195,547300.0,0.0,0.0
2005-09-20,16.909833701198238,17.0108882257417,16.633617401123047,16.633617401123047,873300.0,0.0,0.0
2005-09-21,16.606672134864407,16.613409275833344,16.330455780029297,16.330455780029297,844600.0,0.0,0.0
2005-09-22,16.31697832247181,16.370874154755807,16.175502244593066,16.296768188476562,1153900.0,0.0,0.0
2005-09-23,16.29676577050332,16.606666438911425,16.276554354528866,16.552770614624023,786700.0,0.0,0.0
2005-09-26,16.49887529655312,16.707721461452365,16.49887529655312,16.599929809570312,699900.0,0.0,0.0
2005-09-27,16.626880528388096,16.67403922160018,16.5460361364688,16.57298469543457,379900.0,0.0,0.0
2005-09-28,16.539296459947703,16.76835403611209,16.465190504114158,16.471927642822266,512600.0,0.0,0.0
2005-09-29,16.43824270088479,16.674037426538487,16.337188185598315,16.62687873840332,410000.0,0.0,0.0
2005-09-30,16.66056428994934,16.721197260270866,16.52582535532881,16.64035415649414,435000.0,0.0,0.0
2005-10-03,16.539300807114667,16.546037947593558,16.37087615007693,16.48540496826172,923600.0,0.0,0.0
2005-10-04,16.48540346564977,16.61340655312511,16.33719024355804,16.34392738342285,355000.0,0.0,0.0
2005-10-05,16.283294599310295,16.337190433878607,16.00034114658214,16.06097412109375,541400.0,0.0,0.0
2005-10-06,16.060968155745822,16.215918461955987,16.000335203754442,16.087915420532227,616000.0,0.0,0.0
2005-10-07,16.054239765214483,16.303508846431487,16.040765482991233,16.101398468017578,402300.0,0.0,0.0
2005-10-10,16.14181339383847,16.168761947206466,15.872334285047243,15.892545700073242,290800.0,0.0,0.0
2005-10-11,15.88581367404081,16.03402691032894,15.751073433794753,15.791496276855469,321300.0,0.0,0.0
2005-10-12,15.76454555925784,15.919495914869032,15.629806622413406,15.818441390991211,567600.0,0.0,0.0
2005-10-13,15.751070133800242,15.912758902211488,15.751070133800242,15.838651657104492,352000.0,0.0,0.0
2005-10-14,15.858863806581743,16.054235709550376,15.656753479225486,16.02728843688965,417600.0,0.0,0.0
2005-10-17,16.10139567577547,16.17550293017367,15.973392586808957,16.06097412109375,288700.0,0.0,0.0
2005-10-18,15.973391321612285,16.222660339858283,15.946444048951555,16.02728843688965,344900.0,0.0,0.0
2005-10-19,15.932968867148048,16.316976796890355,15.858862907797455,16.290029525756836,325900.0,0.0,0.0
2005-10-20,16.29676065285219,16.640346906655093,16.074440286859417,16.14854621887207,491700.0,0.0,0.0
2005-10-21,16.182236223890463,16.269816452380955,15.89254570007324,15.892545700073242,488800.0,0.0,0.0
2005-10-24,15.939706909541885,16.087920121620776,15.919495491312873,16.02728843688965,442000.0,0.0,0.0
2005-10-25,16.027287111678557,17.084993496959616,16.000338556268108,16.9704647064209,1329200.0,0.0,0.0
2005-10-26,17.246676358570035,17.516155415661636,17.037830249946232,17.11867332458496,840500.0,0.0,0.0
2005-10-27,17.13889291823109,17.334264846030944,16.909835289101526,16.99741554260254,504100.0,0.0,0.0
2005-10-28,17.078258205976194,17.475740446443012,17.070173124487113,17.442054748535156,468100.0,0.0,0.0
2005-10-31,17.522899825854736,17.92038208191241,17.522899825854736,17.799116134643555,723400.0,0.0,0.0
2005-11-01,17.832798778246865,17.87995875248508,17.60374118614432,17.684585571289062,359200.0,0.0,0.0
2005-11-02,17.738482012817883,18.055119855208044,17.718270594588656,17.819326400756836,550500.0,0.0,0.0
2005-11-03,17.900164112594197,18.01469287811044,17.61047363011326,17.6441593170166,411600.0,0.0,0.0
2005-11-04,17.69805984964284,17.765429956433806,17.491908273746127,17.684585571289062,321100.0,0.0,0.0
2005-11-07,17.76542932069512,17.873220973712165,17.677847799507607,17.71826934814453,381600.0,0.0,0.0
2005-11-08,17.65763829975763,17.684586858426577,17.57005805403955,17.583532333374023,226300.0,0.0,0.0
2005-11-09,17.522899361346894,17.69806113776105,17.448792109985288,17.583532333374023,359800.0,0.0,0.0
2005-11-10,17.58353030111992,17.738480640623653,17.347735579931115,17.66437339782715,305200.0,0.0,0.0
2005-11-11,17.623959278408382,17.81933253359824,17.54985200437383,17.77890968322754,481900.0,0.0,0.0
2005-11-14,17.853009681276827,18.028171439894244,17.68458506164214,17.772165298461914,326900.0,0.0,0.0
2005-11-15,17.778902931719852,17.940590416866918,17.745218520847597,17.853010177612305,394300.0,0.0,0.0
2005-11-16,17.83944413479022,18.009020604869082,17.805529358280765,17.988672256469727,428400.0,0.18,0.0
2005-11-17,18.036152942398083,18.314258241828288,18.036152942398083,18.26677703857422,379600.0,0.0,0.0
2005-11-18,18.416004763103263,18.456702754488294,18.16503230683544,18.2260799407959,319300.0,0.0,0.0
2005-11-21,18.246426567738833,18.436352665889196,17.968321280947833,18.395654678344727,418400.0,0.0,0.0
2005-11-22,18.36852492385341,18.531318195268597,18.23964643215417,18.504186630249023,242500.0,0.0,0.0
2005-11-23,18.456703611491065,18.51096932754526,18.334609631666762,18.388874053955078,173300.0,0.0,0.0
2005-11-25,18.456701487511598,18.55166518591223,18.37530551032903,18.422786712646484,58200.0,0.0,0.0
2005-11-28,18.42278255267992,18.51774493587179,18.375301361083984,18.375301361083984,183800.0,0.0,0.0
2005-11-29,18.463487821914445,18.836556877315036,18.463487821914445,18.72124481201172,319400.0,0.0,0.0
2005-11-30,18.71445928741634,18.87725254297052,18.538099603791196,18.687326431274414,481000.0,0.0,0.0
2005-12-01,18.75515513981878,19.128224106646503,18.75515513981878,19.019695281982422,409800.0,0.0,0.0
2005-12-02,19.026479232154177,19.128226148181028,18.93151682387928,19.101093292236328,259200.0,0.0,0.0
2005-12-05,18.999347492802304,19.12144275588334,18.85012066779536,18.931516647338867,254500.0,0.0,0.0
2005-12-06,18.992560997220615,19.060391830963795,18.829767772496304,18.843334197998047,379700.0,0.0,0.0
2005-12-07,18.795854972226977,18.92473344933937,18.721242206543607,18.829771041870117,278100.0,0.0,0.0
2005-12-08,18.789070613439794,18.789070613439794,18.443134510573262,18.51096534729004,480400.0,0.0,0.0
2005-12-09,18.51097015796512,18.538101723443486,18.280346029452282,18.36174201965332,528600.0,0.0,0.0
2005-12-12,18.368526959945708,18.57880146377784,18.368526959945708,18.48383903503418,205400.0,0.0,0.0
2005-12-13,18.395654608535075,18.62627739958902,18.388871395009122,18.40921974182129,283800.0,0.0,0.0
2005-12-14,18.409218376906363,18.61949409932336,18.388870031602885,18.5245304107666,339400.0,0.0,0.0
2005-12-15,18.51096473239465,18.578794273092676,18.205726624191314,18.307472229003906,367100.0,0.0,0.0
2005-12-16,18.314261308469504,18.38887537965727,18.19894924107295,18.287128448486328,610600.0,0.0,0.0
2005-12-19,18.287127490650562,18.38209120185174,18.042938232421875,18.042938232421875,385600.0,0.0,0.0
2005-12-20,18.002234200907456,18.354952187560844,18.002234200907456,18.198942184448242,257400.0,0.0,0.0
2005-12-21,18.354953829808636,18.884032797774488,18.354953829808636,18.646625518798828,602900.0,0.0,0.0
2005-12-22,18.687325597651498,18.850120139709365,18.585579979189628,18.816204071044922,303000.0,0.0,0.0
2005-12-23,18.843338343623888,18.924734327010782,18.7822907092008,18.890819549560547,256900.0,0.0,0.0
2005-12-27,18.9993478080776,19.053612226595664,18.687326431274414,18.687326431274414,237400.0,0.0,0.0
2005-12-28,18.687325597651498,18.850120139709365,18.605929620388295,18.816204071044922,291400.0,0.0,0.0
2005-12-29,18.856899805624685,19.060392311989762,18.850117886468205,18.972211837768555,272900.0,0.0,0.0
2005-12-30,18.972214163039876,19.067177861822078,18.843336983022027,18.90438461303711,361700.0,0.0,0.0
2006-01-03,18.985785525033513,19.406335830688477,18.900997271727487,19.406335830688477,996200.0,0.0,0.0
2006-01-04,19.419895222608147,19.7047837211832,19.419895222608147,19.609821319580078,652000.0,0.0,0.0
2006-01-05,19.603033049193176,19.738694696858115,19.474154613288018,19.50128746032715,918300.0,0.0,0.0
2006-01-06,19.589480153104446,19.67087745666504,19.426686839749514,19.67087745666504,409500.0,0.0,0.0
2006-01-09,19.623381582374083,19.81330632591992,19.575900396487622,19.786174774169922,543200.0,0.0,0.0
2006-01-10,19.792962965590963,19.82009452416744,19.42667722156641,19.603036880493164,326000.0,0.0,0.0
2006-01-11,19.670869618371373,19.738700462015455,19.56912399978812,19.704784393310547,317300.0,0.0,0.0
2006-01-12,19.603036335918496,19.657300745329596,19.47415787840505,19.48772430419922,340700.0,0.0,0.0
2006-01-13,19.575911575615397,19.738704860376863,19.474164640594207,19.616609573364258,356600.0,0.0,0.0
2006-01-17,19.50129417823963,19.738701496553965,19.44024654513692,19.64373779296875,348400.0,0.0,0.0
2006-01-18,19.535206921298204,19.698001455135362,19.35884854821167,19.664085388183594,435900.0,0.0,0.0
2006-01-19,19.67086276826054,19.908269991458123,19.67086276826054,19.786174774169922,641000.0,0.0,0.0
2006-01-20,19.772617726225697,19.772617726225697,19.324935913085938,19.324935913085938,585300.0,0.0,0.0
2006-01-23,19.026483939522386,19.711573196435605,18.992569154966386,19.535213470458984,446200.0,0.0,0.0
2006-01-24,19.670869512470446,20.098201625725817,19.569123894434952,20.01680564880371,891200.0,0.0,0.0
2006-01-25,20.525537417677995,21.02070043174692,20.010024760131184,20.830774307250977,1416600.0,0.0,0.0
2006-01-26,20.74937058746519,20.817201413344662,20.322037290060287,20.335603713989258,1728500.0,0.0,0.0
2006-01-27,20.417007253258834,20.803641397979504,20.33560997837595,20.74259376525879,956300.0,0.0,0.0
2006-01-30,20.742592551686823,21.007131415488878,20.58658251886847,20.634063720703125,781500.0,0.0,0.0
2006-01-31,20.70189094543457,20.823986182394044,20.654409751898214,20.70189094543457,650500.0,0.0,0.0
2006-02-01,20.620494372905426,21.027478078336003,20.586579603188518,20.89859962463379,738600.0,0.0,0.0
2006-02-02,20.912170589163534,20.912170589163534,20.369526393314967,20.688329696655273,774400.0,0.0,0.0
2006-02-03,20.681544386666662,20.681544386666662,20.36952432911458,20.51875114440918,835400.0,0.0,0.0
2006-02-06,20.634060249025147,20.76972191181257,20.518748223785483,20.681541442871094,747600.0,0.0,0.0
2006-02-07,20.654412617877377,20.769724658365707,20.47805295043842,20.55266571044922,587600.0,0.0,0.0
2006-02-08,20.559449122337966,20.6883275908963,20.47126993465006,20.62049674987793,516700.0,0.0,0.0
2006-02-09,20.681545466941326,20.810423942289102,20.593366274608062,20.64763069152832,522700.0,0.0,0.0
2006-02-10,20.620501788526216,20.66798300071147,20.41701050951341,20.62728500366211,663500.0,0.0,0.0
2006-02-13,20.695540348494724,20.729669659576732,20.45664037852105,20.538549423217773,509000.0,0.19,0.0
2006-02-14,20.57949356816352,20.879824854239626,20.463456569127267,20.838871002197266,669300.0,0.0,0.0
2006-02-15,20.777441024780273,20.913954308425343,20.51123771315818,20.777441024780273,501800.0,0.0,0.0
2006-02-16,20.825221217064485,20.85252335366022,20.483936047270376,20.791091918945312,335800.0,0.0,0.0
2006-02-17,20.82522073915103,20.87300045352178,20.688706153606386,20.777441024780273,322800.0,0.0,0.0
2006-02-21,20.7842737615311,20.873007360166373,20.545373808728442,20.599979400634766,275700.0,0.0,0.0
2006-02-22,20.67506097445981,20.907133745640465,20.620454084888006,20.85935401916504,312200.0,0.0,0.0
2006-02-23,20.77062341818905,20.819085347192225,20.57950318286789,20.593154907226562,288900.0,0.0,0.0
2006-02-24,20.640930564094628,20.640930564094628,20.44981036651881,20.565847396850586,193800.0,0.0,0.0
2006-02-27,20.606801251794803,20.886655018586108,20.606801251794803,20.709186553955078,235000.0,0.0,0.0
2006-02-28,20.661405043571285,20.70918476031452,20.265514288113508,20.463459014892578,497200.0,0.0,0.0
2006-03-01,20.52489972199289,20.565853597428163,20.36108291835157,20.483945846557617,289300.0,0.0,0.0
2006-03-02,20.47711692698419,20.538548381917145,20.320126009666655,20.38155746459961,270500.0,0.0,0.0
2006-03-03,20.31329399798427,20.470284867773113,20.204082844922496,20.320119857788086,241400.0,0.0,0.0
2006-03-06,20.299645262613986,20.456636155481956,20.18360823268987,20.33377456665039,339500.0,0.0,0.0
2006-03-07,20.33377630270537,20.477115486196777,20.224563822364374,20.395206451416016,397600.0,0.0,0.0
2006-03-08,20.395210218158894,20.47711926806724,20.135833946932788,20.442991256713867,403200.0,0.0,0.0
2006-03-09,20.44298614212064,20.681884765625,20.44298614212064,20.681884765625,398500.0,0.0,0.0
2006-03-10,20.62728154518683,20.954916398517597,20.559025531730423,20.879833221435547,231400.0,0.0,0.0
2006-03-13,20.954910021234813,21.02999187356693,20.84569887066118,20.9276065826416,228300.0,0.0,0.0
2006-03-14,20.90031409806307,21.091433048879058,20.90031409806307,21.009525299072266,278200.0,0.0,0.0
2006-03-15,21.0299946689901,21.20063727718161,21.016344249778612,21.193811416625977,261100.0,0.0,0.0
2006-03-16,22.183542749429435,23.378041205167943,22.12211129612517,22.238149642944336,1430200.0,0.0,0.0
2006-03-17,22.35418292818589,22.538477267836058,22.183540310413477,22.470218658447266,625100.0,0.0,0.0
2006-03-20,22.49069261232149,22.54529688406141,22.101627737402655,22.169883728027344,376600.0,0.0,0.0
2006-03-21,22.074333937148285,22.29958088759047,21.733048627423543,21.835433959960938,387000.0,0.0,0.0
2006-03-22,21.671616811203563,21.91051548256288,21.637488801552266,21.862735748291016,351600.0,0.0,0.0
2006-03-23,21.780817573575796,21.958284701054016,21.733037862185547,21.787643432617188,351000.0,0.0,0.0
2006-03-24,22.52482861780845,22.52482861780845,21.80130418431388,21.917341232299805,623900.0,0.0,0.0
2006-03-27,22.01972052622437,22.033372247032382,21.835427502915174,21.93781280517578,475500.0,0.0,0.0
2006-03-28,21.96511932725467,21.96511932725467,21.582880204322002,21.617008209228516,311100.0,0.0,0.0
2006-03-29,21.760344340370843,21.98559252610408,21.69891420053428,21.93781280517578,660500.0,0.0,0.0
2006-03-30,22.122112580718973,22.442921589247867,21.68526782243291,21.821781158447266,640300.0,0.0,0.0
2006-03-31,21.828606195419958,21.896794511095784,21.49414677726212,21.555578231811523,400600.0,0.0,0.0
2006-04-03,21.562405663419963,22.012902161645822,21.562405663419963,21.719396591186523,345100.0,0.0,0.0
2006-04-04,21.753518168007616,21.944638339441667,21.58970013426434,21.77399444580078,417100.0,0.0,0.0
2006-04-05,21.855908452639273,21.965119632135913,21.535099473705433,21.876384735107422,510900.0,0.0,0.0
2006-04-06,21.814956080895563,21.999250458137826,21.698920326965382,21.855911254882812,241700.0,0.0,0.0
2006-04-07,21.85591261183292,22.081159573246918,21.630664348518724,21.71257209777832,348900.0,0.0,0.0
2006-04-10,21.79447615492666,21.8149524365995,21.535098637271528,21.61018180847168,231200.0,0.0,0.0
2006-04-11,21.705741975473906,21.753523005382323,21.296200705744166,21.37128257751465,300900.0,0.0,0.0
2006-04-12,21.439543045308167,21.460020632568586,21.111909460542268,21.186992645263672,302700.0,0.0,0.0
2006-04-13,20.58632592107103,21.289373996054053,20.58632592107103,21.105079650878906,377800.0,0.0,0.0
2006-04-17,21.200644498046405,21.58970956893328,21.105085021519866,21.268901824951172,343000.0,0.0,0.0
2006-04-18,21.32350426863066,21.94464467977886,21.32350426863066,21.917341232299805,558000.0,0.0,0.0
2006-04-19,21.774003560673123,21.90369234921772,21.487323834464124,21.71257209777832,304600.0,0.0,0.0
2006-04-20,21.712566290920204,21.76717187645616,21.371281055845508,21.62383270263672,267000.0,0.0,0.0
2006-04-21,21.780819848718412,21.780819848718412,21.439534672396405,21.569223403930664,445000.0,0.0,0.0
2006-04-24,21.569236218423967,21.630667690810935,21.419069818411202,21.562410354614258,339200.0,0.0,0.0
2006-04-25,21.910513312011894,21.910513312011894,21.47366858263047,21.739871978759766,708700.0,0.0,0.0
2006-04-26,21.828606481524787,21.91734138454808,21.589706522023665,21.81495475769043,445700.0,0.0,0.0
2006-04-27,22.354190909685645,22.593089618345235,21.22794949064643,21.432720184326172,1299700.0,0.0,0.0
2006-04-28,21.46001100591273,21.521442438236587,21.13920212557714,21.473661422729492,475400.0,0.0,0.0
2006-05-01,21.576050117117592,21.64430611356213,21.33715022386267,21.364452362060547,380000.0,0.0,0.0
2006-05-02,21.36445470910627,21.48731759924334,21.248417679743465,21.425886154174805,295400.0,0.0,0.0
2006-05-03,21.425886154174805,21.541923183537612,21.200637956223453,21.425886154174805,305400.0,0.0,0.0
2006-05-04,21.466845129662975,21.814954977648814,21.466845129662975,21.70574378967285,277700.0,0.0,0.0
2006-05-05,21.910512411961513,22.047027035235388,21.739871085719066,21.944643020629883,332800.0,0.0,0.0
2006-05-08,21.95147287663273,21.999252615737117,21.671619003106837,21.746702194213867,334700.0,0.0,0.0
2006-05-09,21.787653731768444,22.12893773186853,21.623836943036363,22.10163688659668,477500.0,0.0,0.0
2006-05-10,22.081154973668152,22.149413586999653,21.855908059173846,21.951467514038086,458100.0,0.0,0.0
2006-05-11,21.910512610338774,21.910512610338774,21.37128257751465,21.37128257751465,493800.0,0.0,0.0
2006-05-12,21.330332921331202,21.412241972585203,21.057304920318202,21.064130783081055,451300.0,0.0,0.0
2006-05-15,21.064131504410287,21.241600036621094,20.886662972199478,21.241600036621094,344000.0,0.0,0.0
2006-05-16,21.28254612033375,21.28254612033375,20.845701463699243,21.01634407043457,289100.0,0.0,0.0
2006-05-17,20.947664653670902,20.98887280750567,20.583655583176956,20.686677932739258,605400.0,0.19,0.0
2006-05-18,20.693547051310315,20.76909643296934,20.480636705706555,20.5218448638916,398900.0,0.0,0.0
2006-05-19,20.6248644852241,20.686677369284414,20.21964727193252,20.370744705200195,702900.0,0.0,0.0
2006-05-22,20.027344356962683,20.604263849548754,19.91058680941589,20.384485244750977,593300.0,0.0,0.0
2006-05-23,20.52184879975776,20.844649812404228,20.17844435905912,20.240257263183594,365300.0,0.0,0.0
2006-05-24,20.192171694728362,20.336402175610615,19.889975557152095,20.260852813720703,542000.0,0.0,0.0
2006-05-25,20.350145378760764,20.56992530822754,20.19217965975544,20.56992530822754,409700.0,0.0,0.0
2006-05-26,20.63860126509449,20.89272106484712,20.563053197587216,20.851512908935547,305100.0,0.0,0.0
2006-05-30,20.851507039204115,20.851507039204115,20.446289908522527,20.563047409057617,421900.0,0.0,0.0
2006-05-31,21.194919074225393,21.291071882888794,20.604263112473024,20.878986358642578,568700.0,0.0,0.0
2006-06-01,20.920192169000483,21.394090534170058,20.755358239807506,21.387222290039062,639500.0,0.0,0.0
2006-06-02,21.39408779619348,21.593262920551354,21.0987598862744,21.236122131347656,375900.0,0.0,0.0
2006-06-05,21.167439072240924,21.167439072240924,20.672937393188477,20.672937393188477,305800.0,0.0,0.0
2006-06-06,20.69353996659987,20.69353996659987,20.43942154981191,20.590518951416016,396200.0,0.0,0.0
2006-06-07,20.597389461606127,20.597389461606127,20.281458138926016,20.32953453063965,617100.0,0.0,0.0
2006-06-08,20.3295405198774,20.6798131612484,20.041080774629744,20.631736755371094,794000.0,0.0,0.0
2006-06-09,20.604265983741964,20.74162828096049,20.336410945148184,20.466903686523438,345900.0,0.0,0.0
2006-06-12,20.535582544992963,20.583658950662752,20.082288848700923,20.123497009277344,306900.0,0.0,0.0
2006-06-13,20.16470230753526,20.260855098979757,19.869374379545988,20.034208297729492,591800.0,0.0,0.0
2006-06-14,20.0067317557305,20.144093984716083,19.807557964683035,20.0822811126709,376900.0,0.0,0.0
2006-06-15,20.08228266825251,20.652333735727453,20.08228266825251,20.556180953979492,403400.0,0.0,0.0
2006-06-16,20.487500790494607,20.59052182003107,20.22651409500333,20.398216247558594,361300.0,0.0,0.0
2006-06-19,20.439430198062958,20.453166688561808,19.99300473672094,20.18531036376953,423500.0,0.0,0.0
2006-06-20,20.20591838847523,20.226523127577384,19.944931576434875,20.04795265197754,349000.0,0.0,0.0
2006-06-21,20.07542505408241,20.659212916599476,20.054821624218576,20.487510681152344,414700.0,0.0,0.0
2006-06-22,20.453166386246238,20.487506302001957,20.24025471661255,20.384485244750977,254100.0,0.0,0.0
2006-06-23,20.329543061317143,20.54245344681181,20.27459840344807,20.453168869018555,204700.0,0.0,0.0
2006-06-26,20.4668983901775,20.83777571070293,20.41882199158723,20.810302734375,571100.0,0.0,0.0
2006-06-27,20.77595985224492,20.899585608070502,20.288326382025595,20.32953453063965,351300.0,0.0,0.0
2006-06-28,20.39134920261657,20.425689111152327,20.199042308859145,20.322668075561523,311300.0,0.0,0.0
2006-06-29,20.473759056582075,21.016338348388672,20.473759056582075,21.016338348388672,237700.0,0.0,0.0
2006-06-30,21.016344308312753,21.10562885368541,20.913323275964768,21.030080795288086,275300.0,0.0,0.0
2006-07-03,21.098759530717754,21.249858259748706,20.968266841079025,21.215517044067383,174800.0,0.0,0.0
2006-07-05,20.775966527166567,20.88585583209833,20.60426432446271,20.76909828186035,292400.0,0.0,0.0
2006-07-06,20.769096138853268,20.920193590047866,20.61113044306114,20.755359649658203,236200.0,0.0,0.0
2006-07-07,20.76909486785428,20.81030302293397,20.44629525142674,20.508108139038086,264600.0,0.0,0.0
2006-07-10,20.54931825023713,20.824041493559065,20.53558176057509,20.79656982421875,252700.0,0.0,0.0
2006-07-11,20.741622332118204,20.741622332118204,20.446294394789252,20.7072811126709,297300.0,0.0,0.0
2006-07-12,20.73475534651721,20.78969999098364,20.26085696925448,20.350141525268555,319100.0,0.0,0.0
2006-07-13,20.350145472667464,20.350145472667464,19.869380067826146,19.999874114990234,327300.0,0.0,0.0
2006-07-14,19.924325169129766,19.972401579692114,19.663337068957098,19.77322769165039,314000.0,0.0,0.0
2006-07-17,19.732008823982017,19.999865042440963,19.697668921350946,19.848766326904297,250600.0,0.0,0.0
2006-07-18,19.917454755069166,20.02047581077104,19.601523342918913,19.7938289642334,403400.0,0.0,0.0
2006-07-19,21.119365251764265,21.119365251764265,20.219646318403182,20.494369506835938,446500.0,0.0,0.0
2006-07-20,20.53557965676416,20.590524299799625,19.896847362737095,19.931188583374023,409900.0,0.0,0.0
2006-07-21,20.102889683483017,20.102889683483017,19.628991343859813,19.835033416748047,461400.0,0.0,0.0
2006-07-24,19.869380156844194,20.109763515333768,19.725149617756887,20.075422286987305,330000.0,0.0,0.0
2006-07-25,20.054809119588697,20.39821337636259,20.01359966558787,20.308927536010742,455100.0,0.0,0.0
2006-07-26,20.56991925129355,20.56991925129355,20.006735067221715,20.267723083496094,548300.0,0.0,0.0
2006-07-27,20.94766139679822,21.421559677160477,20.63859701613079,20.82403564453125,752900.0,0.0,0.0
2006-07-28,21.291071688443264,21.400960985907496,20.927062571853146,21.153709411621094,481500.0,0.0,0.0
2006-07-31,21.15371325766233,21.236130900737063,20.98201103540863,21.085033416748047,441400.0,0.0,0.0
2006-08-01,20.9888756571104,21.03008512652366,20.803438284685807,20.878986358642578,241100.0,0.0,0.0
2006-08-02,20.878985026007918,21.208652900369803,20.878985026007918,20.982006072998047,323200.0,0.0,0.0
2006-08-03,20.982011678841655,21.24299979826176,20.9408035110326,21.229263305664062,353600.0,0.0,0.0
2006-08-04,21.25672650713349,21.29106641283824,20.755355237953438,20.899585723876953,509800.0,0.0,0.0
2006-08-07,20.85837792237139,21.27046203762424,20.81716846285934,21.236122131347656,285400.0,0.0,0.0
2006-08-08,21.26360133042433,21.35975546004706,21.112503855279922,21.194921493530273,407400.0,0.0,0.0
2006-08-09,21.325408743520956,21.42843109231707,20.954532741799127,20.961400985717773,523300.0,0.0,0.0
2006-08-10,20.96139978605799,21.09876072661875,20.810301048462595,21.0712890625,243300.0,0.0,0.0
2006-08-11,21.07129049611302,21.249860909976437,20.94766472420884,21.0438175201416,264900.0,0.0,0.0
2006-08-14,21.6688144482042,21.6688144482042,20.83777653131144,20.89272117614746,211000.0,0.0,0.0
2006-08-15,21.510848776934164,21.510848776934164,21.119368018385863,21.42843246459961,265700.0,0.0,0.0
2006-08-16,21.53208239511255,21.836130142211914,21.497532083900985,21.836130142211914,290800.0,0.19,0.0
2006-08-17,21.691015342337895,22.07107534532143,21.691015342337895,21.87067985534668,368000.0,0.0,0.0
2006-08-18,21.97433210415679,22.029613391389503,21.697925667993218,21.87067985534668,206700.0,0.0,0.0
2006-08-21,21.870678541911484,21.905230168113103,21.76702629932617,21.84303855895996,218300.0,0.0,0.0
2006-08-22,21.773941122804747,22.00197663080578,21.718659827471466,21.92596435546875,221400.0,0.0,0.0
2006-08-23,21.843042290101426,21.898323583457174,21.594275810995555,21.67719841003418,215500.0,0.0,0.0
2006-08-24,21.69100893600352,21.8568527487205,21.573536070577813,21.74629020690918,206400.0,0.0,0.0
2006-08-25,21.836129545079928,21.96742309651132,21.75320695522593,21.87067985534668,278200.0,0.0,0.0
2006-08-28,21.836135306036063,22.112541815123063,21.566637806417315,22.057260513305664,325000.0,0.0,0.0
2006-08-29,22.319836387425603,22.45804023917824,22.057250650707132,22.41657829284668,383000.0,0.0,0.0
2006-08-30,22.430406475521742,22.527148413436386,22.26456390653096,22.31293487548828,253200.0,0.0,0.0
2006-08-31,22.29911172509011,22.361303340502676,22.140178182595736,22.319841384887695,225200.0,0.0,0.0
2006-09-01,22.31984148494745,22.610069903513782,22.25074086129918,22.464954376220703,179400.0,0.0,0.0
2006-09-05,22.464955590797828,22.506349012321227,22.195459453571413,22.354393005371094,416300.0,0.0,0.0
2006-09-06,22.292200066485698,22.42349494117023,22.18163748760493,22.375123977661133,328100.0,0.0,0.0
2006-09-07,22.375126423070224,22.375126423070224,21.939785067889467,22.140180587768555,399900.0,0.0,0.0
2006-09-08,22.140177583251766,22.451135651896823,22.140177583251766,22.38203239440918,292900.0,0.0,0.0
2006-09-11,22.382034310732767,22.382034310732767,21.863771697291213,22.354393005371094,423000.0,0.0,0.0
2006-09-12,22.35438929382455,22.596246721553157,22.25764737714092,22.582426071166992,353200.0,0.0,0.0
2006-09-13,22.55478657081281,22.58933688152641,22.3060201160433,22.437314987182617,388300.0,0.0,0.0
2006-09-14,22.437308531020324,22.437308531020324,22.126350552034193,22.326745986938477,413300.0,0.0,0.0
2006-09-15,22.444216356132642,22.610061481540946,22.36129511143791,22.36820411682129,406600.0,0.0,0.0
2006-09-18,22.37512388710798,22.51332776915457,22.11253677482143,22.188549041748047,491100.0,0.0,0.0
2006-09-19,22.18854714412462,22.18854714412462,21.919049728982884,22.133264541625977,486000.0,0.0,0.0
2006-09-20,22.202362795344023,22.46494719002655,22.16090085280621,22.326745986938477,297300.0,0.0,0.0
2006-09-21,22.32675932786302,22.423501282238554,22.0088908351844,22.091812133789062,331800.0,0.0,0.0
2006-09-22,22.15399793517543,22.160906942820898,21.808488242458647,21.87067985534668,447500.0,0.0,0.0
2006-09-25,21.90523499456479,22.665352486342762,21.808491737894272,22.589340209960938,566700.0,0.0,0.0
2006-09-26,22.589338364186577,22.921026113643137,22.430404815656555,22.845016479492188,510900.0,0.0,0.0
2006-09-27,22.845020928342734,22.99704286226937,22.58243375371247,22.75518798828125,323600.0,0.0,0.0
2006-09-28,22.7413566227391,22.85883081764989,22.575511475811865,22.810457229614258,266700.0,0.0,0.0
2006-09-29,22.845017707630856,22.893388675609096,22.672263497417124,22.70681381225586,195500.0,0.0,0.0
2006-10-02,22.644626017171337,22.782829935897247,22.458051122294428,22.665355682373047,161000.0,0.0,0.0
2006-10-03,22.66534875718152,22.893385548807778,22.464953268058995,22.775911331176758,374100.0,0.0,0.0
2006-10-04,22.706812003862453,22.900295860366164,22.610070075610597,22.851924896240234,281000.0,0.0,0.0
2006-10-05,22.851924468987043,23.356366396883118,22.824283165426213,23.30108642578125,285700.0,0.0,0.0
2006-10-06,23.30108261772584,23.30108261772584,22.921021345926665,23.231979370117188,228600.0,0.0,0.0
2006-10-09,23.19743606918756,23.390919948878846,23.121423791874513,23.294178009033203,191400.0,0.0,0.0
2006-10-10,23.390919937842735,23.390919937842735,23.19052704940852,23.321819305419922,202600.0,0.0,0.0
2006-10-11,23.3218187135091,23.487663917542893,23.114514185481926,23.32872772216797,301800.0,0.0,0.0
2006-10-12,23.335639970118546,23.370190286346254,22.886477951097884,23.294178009033203,501300.0,0.0,0.0
2006-10-13,23.294174781881146,23.38400770044395,23.073049625434095,23.30108642578125,550300.0,0.0,0.0
2006-10-16,23.328723887362447,23.494569064134396,23.314905872316135,23.42546844482422,236200.0,0.0,0.0
2006-10-17,23.42547229553273,23.4323813041916,23.14906450081644,23.32872772216797,609700.0,0.0,0.0
2006-10-18,23.473853481516574,23.612054803008622,23.02469127860371,23.12143325805664,444200.0,0.0,0.0
2006-10-19,23.225078728992678,23.556766528929394,23.079965810774176,23.515304565429688,254100.0,0.0,0.0
2006-10-20,23.58440270834528,23.598223359839206,23.245803336793482,23.439287185668945,213700.0,0.0,0.0
2006-10-23,23.466931752734748,23.770980855852603,23.356369161424645,23.7156982421875,241800.0,0.0,0.0
2006-10-24,23.743338848423697,24.01974400053299,23.40473943976628,23.632776260375977,1110400.0,0.0,0.0
2006-10-25,23.563672040823064,23.563672040823064,22.42349589202061,23.017770767211914,1122900.0,0.0,0.0
2006-10-26,23.43238136350541,23.549855599164225,23.252718141699106,23.542943954467773,340300.0,0.0,0.0
2006-10-27,23.51529996012597,23.51529996012597,23.12833225399482,23.218162536621094,433700.0,0.0,0.0
2006-10-30,23.21125610749817,23.466931604028836,23.15597349418338,23.370189666748047,277500.0,0.0,0.0
2006-10-31,23.252711662409464,23.4185541846315,23.093775510919247,23.231979370117188,526200.0,0.0,0.0
2006-11-01,23.211252828920195,23.494569592089903,23.045407648421474,23.093778610229492,341200.0,0.0,0.0
2006-11-02,23.07305524647189,23.18361785163058,22.948671986165806,23.114517211914062,443800.0,0.0,0.0
2006-11-03,23.114512116325958,23.294175321594462,22.941757919097842,22.983217239379883,381000.0,0.0,0.0
2006-11-06,23.0868669689264,23.287262436996578,22.98321341343647,23.079957962036133,565200.0,0.0,0.0
2006-11-07,23.1905237528094,23.46001987137694,23.121420494189657,23.128332138061523,307100.0,0.0,0.0
2006-11-08,23.107598742346283,23.577490334510543,23.052318774102073,23.42546844482422,278300.0,0.0,0.0
2006-11-09,23.487663896873823,23.687988243523385,23.349459999637297,23.384010314941406,290000.0,0.0,0.0
2006-11-10,23.43238128871714,23.515302572669228,23.30799804477896,23.370189666748047,294500.0,0.0,0.0
2006-11-13,23.377098894053983,23.757157595221894,23.287265974716902,23.591312408447266,346000.0,0.0,0.0
2006-11-14,23.660417654728466,23.92300215480964,23.46693114790755,23.777889251708984,425700.0,0.0,0.0
2006-11-15,23.937711262823484,23.979400789740318,23.652821342713207,23.72925567626953,560700.0,0.19,0.0
2006-11-16,23.743147974251766,24.048885277007468,23.611126734843097,23.909914016723633,462300.0,0.0,0.0
2006-11-17,23.763992634497225,23.882116469133866,23.65281616927497,23.854324340820312,465900.0,0.0,0.0
2006-11-20,23.743143649741338,23.854322758243608,23.715351523271607,23.784835815429688,586900.0,0.0,0.0
2006-11-21,23.757034301757812,23.88210811270109,23.708394780908215,23.757034301757812,364500.0,0.0,0.0
2006-11-22,23.86127322309168,23.86822059294654,23.55032739695504,23.625022888183594,619800.0,0.0,0.0
2006-11-24,23.48605163518069,23.763994141186497,23.277596081004425,23.625022888183594,133200.0,0.0,0.0
2006-11-27,23.7292535245775,23.86822213590785,23.374876673978594,23.395721435546875,411000.0,0.0,0.0
2006-11-28,23.40267291429744,23.611128494934352,23.291496427913987,23.40962028503418,260800.0,0.0,0.0
2006-11-29,23.45130961324039,23.59028086700565,23.340133140359427,23.520793914794922,221500.0,0.0,0.0
2006-11-30,23.576379872216933,23.75009325020223,23.527740338433514,23.715351104736328,329200.0,0.0,0.0
2006-12-01,23.88906619513194,23.88906619513194,23.458255078374933,23.68061065673828,496500.0,0.0,0.0
2006-12-04,23.750094531378632,24.0627791587508,23.7292497731058,24.000242233276367,329100.0,0.0,0.0
2006-12-05,24.0002393932628,24.31292398363415,23.9654972500339,24.19479751586914,337100.0,0.0,0.0
2006-12-06,24.19479606903575,24.19479606903575,24.04887748580683,24.097517013549805,209500.0,0.0,0.0
2006-12-07,24.139213955859073,24.264285158652303,23.861271470270594,23.902963638305664,325800.0,0.0,0.0
2006-12-08,23.90296905794139,24.069732466580763,23.84737948795721,24.034990310668945,214600.0,0.0,0.0
2006-12-11,24.014139622343567,24.104468675296467,23.854323624054665,24.000242233276367,175100.0,0.0,0.0
2006-12-12,24.000244890898742,24.007192260873676,23.54164160352229,23.694507598876953,543200.0,0.0,0.0
2006-12-13,23.625021786645192,23.68755871504785,23.5555374887116,23.618074417114258,416500.0,0.0,0.0
2006-12-14,23.65976072503571,23.86126887261741,23.597223805119175,23.805679321289062,543100.0,0.0,0.0
2006-12-15,23.7639984286001,23.937711863530428,23.750101035726875,23.83348274230957,654900.0,0.0,0.0
2006-12-18,23.902962386567086,24.0349836024472,23.83347544348083,23.92380714416504,499100.0,0.0,0.0
2006-12-19,23.923803100342173,24.041926907638654,23.715347607630186,23.972442626953125,361200.0,0.0,0.0
2006-12-20,23.97244497979527,24.041929267300528,23.909908060778275,23.958547592163086,201100.0,0.0,0.0
2006-12-21,23.972446824560443,24.055828506114402,23.645864816711626,23.736196517944336,211500.0,0.0,0.0
2006-12-22,23.72229601011395,23.770935538846377,23.520787876419327,23.590274810791016,209000.0,0.0,0.0
2006-12-26,23.59721915267951,23.798727260531766,23.56942438249537,23.75008773803711,161100.0,0.0,0.0
2006-12-27,23.83348259512107,23.993298636191195,23.83348259512107,23.937711715698242,287700.0,0.0,0.0
2006-12-28,23.868216389847895,23.958548085991154,23.750092568523083,23.77788734436035,168000.0,0.0,0.0
2006-12-29,23.750087608811132,23.79872713104114,23.56247688707175,23.611116409301758,371100.0,0.0,0.0
2007-01-03,24.118361638160895,24.1670011656418,23.763987559277805,24.041927337646484,543800.0,0.0,0.0
2007-01-04,24.041930452902747,24.09752000617282,23.645864163148733,23.715351104736328,435300.0,0.0,0.0
2007-01-05,23.71535741807271,23.81958388221685,23.583333519237698,23.597230911254883,331200.0,0.0,0.0
2007-01-08,23.52078319048495,23.79177820456221,23.451298920611798,23.701446533203125,349800.0,0.0,0.0
2007-01-09,23.76398512312918,23.819572012842286,23.520784860000713,23.75008773803711,271700.0,0.0,0.0
2007-01-10,23.798735229444972,23.861272157971943,23.618074464064858,23.84042739868164,237200.0,0.0,0.0
2007-01-11,24.736792215487814,25.146756030297585,24.556131408414526,24.917455673217773,1102600.0,0.0,0.0
2007-01-12,24.847962401718384,25.34131044902693,24.820170273523427,25.11895751953125,597900.0,0.0,0.0
2007-01-16,25.049474514543057,25.383003961275485,24.97304018600213,25.014732360839844,618100.0,0.0,0.0
2007-01-17,24.952185896695823,25.278767848255022,24.868804229513515,25.09810447692871,442500.0,0.0,0.0
2007-01-18,25.132852262100016,25.306565653960778,24.87575718432977,24.959138870239258,443300.0,0.0,0.0
2007-01-19,25.049473327504828,25.27113180950705,24.92439945957508,25.17454719543457,362800.0,0.0,0.0
2007-01-22,25.160640389442815,25.250972071513846,24.875750608131387,24.903545379638672,410400.0,0.0,0.0
2007-01-23,24.97997967595606,25.17453777519646,24.875750608131387,24.903545379638672,737900.0,0.0,0.0
2007-01-24,24.938296170618624,25.014730493453616,24.71594322272931,24.93134880065918,555500.0,0.0,0.0
2007-01-25,23.138619397445094,23.64586209879978,22.24225780913841,22.944061279296875,2750700.0,0.0,0.0
2007-01-26,22.944056138588362,23.166408981126004,22.867621851968238,23.069129943847656,1212800.0,0.0,0.0
2007-01-29,23.076085271781693,23.256748675331888,22.999650958791676,23.159469604492188,1008200.0,0.0,0.0
2007-01-30,23.187264424196112,23.2498013556636,23.027448410591685,23.076087951660156,994900.0,0.0,0.0
2007-01-31,23.103881485421297,23.63196903879941,23.006602408535016,23.562484741210938,842800.0,0.0,0.0
2007-02-01,23.562487678204583,23.88211972800241,23.4930033719551,23.81263542175293,947200.0,0.0,0.0
2007-02-02,23.7987301745996,23.95854614674453,23.694501098974193,23.86126708984375,714800.0,0.0,0.0
2007-02-05,23.743146730309544,23.77094151104136,23.548588566499188,23.625022888183594,973500.0,0.0,0.0
2007-02-06,23.625012245949666,23.72229128403407,23.451298920611798,23.701446533203125,1115300.0,0.0,0.0
2007-02-07,23.666713389024846,23.80568198156399,23.451307829539584,23.57638168334961,500500.0,0.0,0.0
2007-02-08,23.618078324608913,23.694510004718683,23.451312271059187,23.597230911254883,778100.0,0.0,0.0
2007-02-09,23.71535568336958,23.95160602906777,23.604179206020802,23.791790008544922,727400.0,0.0,0.0
2007-02-12,23.861276929267163,23.90991647777453,23.708408262154517,23.72925567626953,728421.0,0.0,0.0
2007-02-13,23.63136995839189,24.106794193485033,23.63136995839189,24.05785369873047,478754.0,0.21,0.0
2007-02-14,24.05784720332763,24.267592505225974,23.987932991713585,24.190685272216797,455320.0,0.0,0.0
2007-02-15,24.16271520340386,24.218646025431415,24.00890077548086,24.134748458862305,529700.0,0.0,0.0
2007-02-16,24.036877980286576,24.141749317371527,23.966961088506558,24.050861358642578,385700.0,0.0,0.0
2007-02-20,24.183703000388334,24.204676737471,24.01590510255567,24.162729263305664,627400.0,0.0,0.0
2007-02-21,24.12776987387601,24.281584393820065,24.05086528096113,24.267601013183594,286300.0,0.0,0.0
2007-02-22,24.267601678223425,24.358492321322732,24.008915797002405,24.08582305908203,341200.0,0.0,0.0
2007-02-23,24.036872160707563,24.106786368503904,23.890048057045544,24.0089054107666,361600.0,0.0,0.0
2007-02-26,23.994925925875155,24.2326380047993,23.92501170674426,24.015899658203125,374096.0,0.0,0.0
2007-02-27,23.88306558114603,23.92501571989513,23.07204823472875,23.28179359436035,752700.0,0.0,0.0
2007-02-28,23.288781068814814,23.484543002220462,23.12098322085546,23.162933349609375,731700.0,0.0,0.0
2007-03-01,22.84831558310489,23.323739739291423,22.743441587718614,23.23284912109375,741700.0,0.0,0.0
2007-03-02,23.239843280526138,23.239843280526138,22.967171412589117,22.99513816833496,379800.0,0.0,0.0
2007-03-05,22.995137392567447,23.100011389547994,22.855306285612226,22.960180282592773,562509.0,0.0,0.0
2007-03-06,23.030099185211572,23.176923344249143,22.89726107347547,23.037092208862305,431300.0,0.0,0.0
2007-03-07,22.946199603764008,23.05107361307819,22.7224708731468,22.79238510131836,616200.0,0.0,0.0
2007-03-08,22.93920775953605,23.197893587456203,22.869290868843663,22.932214736938477,480100.0,0.0,0.0
2007-03-09,22.31696523338905,23.17692449159068,22.31696523338905,23.00213623046875,354900.0,0.0,0.0
2007-03-12,22.890264777030687,23.225857814640992,22.883271755194592,23.148950576782227,460200.0,0.0,0.0
2007-03-13,22.71547566621589,23.106999527656853,22.666532516479492,22.666532516479492,488800.0,0.0,0.0
2007-03-14,22.7224708850401,22.84132560640533,22.33094560625506,22.82734489440918,555700.0,0.0,0.0
2007-03-15,22.91123771845776,23.190897239962293,22.91123771845776,23.07903289794922,320300.0,0.0,0.0
2007-03-16,23.12797543750421,23.169922897741767,22.792379753266435,22.925220489501953,614000.0,0.0,0.0
2007-03-19,22.95318255494132,23.24682538487939,22.95318255494132,23.211868286132812,232200.0,0.0,0.0
2007-03-20,23.218872310807996,23.351713098142316,23.100017571674385,23.309762954711914,225400.0,0.0,0.0
2007-03-21,23.19789166718291,23.50551795959473,23.023103455505556,23.505517959594727,319000.0,0.0,0.0
2007-03-22,23.5125107982054,23.52649417507729,23.20488184113677,23.253822326660156,432800.0,0.0,0.0
2007-03-23,23.148948435396576,23.55445565151824,23.148948435396576,23.428607940673828,588000.0,0.0,0.0
2007-03-26,23.51250768937706,23.51949804336052,23.093014439855253,23.484540939331055,314100.0,0.0,0.0
2007-03-27,23.44959279147994,23.45658314813325,23.211880659410916,23.295778274536133,423400.0,0.0,0.0
2007-03-28,23.302765479239977,23.38666307341486,23.100010515182277,23.253822326660156,451800.0,0.0,0.0
2007-03-29,23.820141510830787,23.820141510830787,23.20488614951737,23.43560791015625,630100.0,0.0,0.0
2007-03-30,23.44259418323112,23.652342171663246,23.211875129834823,23.34471321105957,415200.0,0.0,0.0
2007-04-02,23.33771950217366,23.561448168429525,23.211871794022723,23.484540939331055,422300.0,0.0,0.0
2007-04-03,23.45657527193393,23.848101789480815,23.386661060648077,23.81314468383789,421900.0,0.0,0.0
2007-04-04,23.813148141234304,23.91102911806817,23.750224275118732,23.8830623626709,325100.0,0.0,0.0
2007-04-05,23.883057405070666,23.883057405070666,23.736235970296782,23.750219345092773,242400.0,0.0,0.0
2007-04-09,23.743226926312886,23.862084281565128,23.70826982196438,23.736236572265625,200500.0,0.0,0.0
2007-04-10,23.736240991890032,23.834121969113465,23.554459748140854,23.722257614135742,375700.0,0.0,0.0
2007-04-11,23.72225717908891,23.77818802202375,23.540475938673453,23.582426071166992,285700.0,0.0,0.0
2007-04-12,23.589415133768238,23.750219947416248,23.51250790396786,23.736236572265625,195400.0,0.0,0.0
2007-04-13,23.736243066141473,23.792173914989693,23.673319194276704,23.77120018005371,225500.0,0.0,0.0
2007-04-16,23.778190919105725,24.078826904296875,23.778190919105725,24.078826904296875,208800.0,0.0,0.0
2007-04-17,24.08581891046731,24.09980228907845,23.911030678413205,23.987937927246094,214100.0,0.0,0.0
2007-04-18,23.959975270947304,24.050865913947924,23.87607765197754,23.87607765197754,221500.0,0.0,0.0
2007-04-19,23.722249159653607,24.00890163381366,23.645341942942625,23.84809684753418,303300.0,0.0,0.0
2007-04-20,24.12775985461928,24.260600581973964,24.07182902235629,24.120769500732422,460900.0,0.0,0.0
2007-04-23,24.1487473096016,24.218661548712415,23.91103516274465,23.98094940185547,347800.0,0.0,0.0
2007-04-24,24.029880339057748,24.078820820369085,23.757211181164248,23.81314468383789,373800.0,0.0,0.0
2007-04-25,23.90403087524107,24.337507488061213,23.84810004371796,24.225643157958984,507400.0,0.0,0.0
2007-04-26,24.05085803588703,24.260603348136204,23.610391013224316,23.624374389648438,632040.0,0.0,0.0
2007-04-27,23.673319710609622,23.76421034240931,23.29577647118651,23.715267181396484,757400.0,0.0,0.0
2007-04-30,23.680300609704027,23.680300609704027,23.211869592611773,23.225852966308594,454600.0,0.0,0.0
2007-05-01,23.197889434691113,23.435601486377912,23.002127509910054,23.407634735107422,698400.0,0.0,0.0
2007-05-02,23.414634060603568,23.659336532463527,23.372683922403183,23.596412658691406,363300.0,0.0,0.0
2007-05-03,23.59640857644276,23.694289548253046,23.456577473689585,23.505517959594727,329600.0,0.0,0.0
2007-05-04,23.687306032689047,23.694296389669677,23.316753103342382,23.463577270507812,333300.0,0.0,0.0
2007-05-07,23.414627756453143,23.631363411158976,23.34471087827691,23.407634735107422,230500.0,0.0,0.0
2007-05-08,23.302769997263376,23.358700848538557,23.093021970574828,23.28179359436035,305900.0,0.0,0.0
2007-05-09,23.190905572251772,23.54747512413196,23.169931834043734,23.519508361816406,295900.0,0.0,0.0
2007-05-10,23.519500722403862,23.519500722403862,23.11399346877089,23.148950576782227,293200.0,0.0,0.0
2007-05-11,23.232845864282297,23.47755093019503,23.190895738597114,23.414627075195312,334100.0,0.0,0.0
2007-05-14,23.42861106762121,23.512511330752826,23.204882366716543,23.23284912109375,331300.0,0.0,0.0
2007-05-15,23.23984871605182,23.441203536991818,23.183915191477947,23.309762954711914,327300.0,0.0,0.0
2007-05-16,23.41529314489757,23.450474519837318,23.253469019230653,23.429365158081055,283500.0,0.21,0.0
2007-05-17,23.429366984367118,23.605263136928375,23.288649525525653,23.38715362548828,358000.0,0.0,0.0
2007-05-18,23.48565626745606,23.67562444421416,23.43640555688497,23.66155242919922,304000.0,0.0,0.0
2007-05-21,23.5911953203422,23.696734104242893,23.48565922040428,23.6123046875,286900.0,0.0,0.0
2007-05-22,23.61229738563583,23.668582751404493,23.520830646804583,23.577116012573242,201000.0,0.0,0.0
2007-05-23,23.584159748578788,23.7248772270569,23.443442270100675,23.5137996673584,289100.0,0.0,0.0
2007-05-24,23.44343208418952,23.626365531917312,23.161997249513607,23.176069259643555,353800.0,0.0,0.0
2007-05-25,23.281607898615473,23.492682681780177,23.253463878470452,23.323823928833008,314800.0,0.0,0.0
2007-05-29,23.344937373352728,23.485654830932617,23.344937373352728,23.485654830932617,321300.0,0.0,0.0
2007-05-30,23.23236337978582,23.591190338134766,23.18311267342346,23.591190338134766,389200.0,0.0,0.0
2007-05-31,23.64044306469559,23.851520605957322,23.499728282471004,23.66155242919922,365000.0,0.0,0.0
2007-06-01,23.640440591131924,23.83040874801314,23.330864345082244,23.767086029052734,544200.0,0.0,0.0
2007-06-04,23.767085253217076,23.97816276550293,23.767085253217076,23.97816276550293,376100.0,0.0,0.0
2007-06-05,23.81633755795166,23.921876321188858,23.534905329256194,23.584156036376953,317800.0,0.0,0.0
2007-06-06,23.58415400462328,23.58415400462328,23.183111033211,23.302719116210938,340400.0,0.0,0.0
2007-06-07,23.30271627351197,23.316788284612144,23.021284103393555,23.021284103393555,382800.0,0.0,0.0
2007-06-08,23.028324086771867,23.11275348891539,22.789105210729964,23.007217407226562,779700.0,0.0,0.0
2007-06-11,22.964998036113492,22.979070048425164,22.641349804830778,22.85242462158203,431100.0,0.0,0.0
2007-06-12,22.852422226690813,22.915744933476276,22.585059388712,22.606168746948242,358900.0,0.0,0.0
2007-06-13,22.767993995443145,23.00017547607422,22.60616988858833,23.00017547607422,394600.0,0.0,0.0
2007-06-14,23.02832387642864,23.27458009937785,23.007217197076127,23.1057186126709,453300.0,0.0,0.0
2007-06-15,23.48565015759725,23.59118621681018,23.16199926437709,23.436399459838867,658400.0,0.0,0.0
2007-06-18,23.415292615949856,23.640439453875373,23.366041912901277,23.563047409057617,322900.0,0.0,0.0
2007-06-19,23.471575244730214,23.71079404025416,23.3097511601054,23.69672203063965,448300.0,0.0,0.0
2007-06-20,23.760054995772798,23.921879150302278,23.422334671020508,23.422334671020508,365400.0,0.0,0.0
2007-06-21,22.852424615316636,23.464542388916016,22.852424615316636,23.464542388916016,441400.0,0.0,0.0
2007-06-22,23.46454863860883,23.471585988618063,23.03536422673749,23.077577590942383,861100.0,0.0,0.0
2007-06-25,23.10571888312652,23.28864970223486,22.803177283708553,22.817249298095703,943500.0,0.0,0.0
2007-06-26,22.84539313315447,22.963664615268932,22.613208923678734,22.704675674438477,986996.0,0.0,0.0
2007-06-27,22.627275686522296,22.85945984211185,22.476004923203494,22.739849090576172,1048200.0,0.0,0.0
2007-06-28,22.760958253501233,23.13385987591702,22.63431282459956,23.05646514892578,1111000.0,0.0,0.0
2007-06-29,23.063509005193865,23.457517461471646,23.042402319952153,23.34494400024414,1185500.0,0.0,0.0
2007-07-02,23.366046427572826,23.62637468994268,23.316795715008265,23.541942596435547,735886.0,0.0,0.0
2007-07-03,23.54193445815905,23.75300925103478,23.43639840370199,23.675617218017578,279900.0,0.0,0.0
2007-07-05,23.710800326665534,24.09073663510521,23.647477608592258,24.013341903686523,920600.0,0.0,0.0
2007-07-06,23.9570541325416,24.245523699615624,23.710800606001147,24.168128967285156,850300.0,0.0,0.0
2007-07-09,24.154058740675087,24.29477350263667,23.844479822850705,23.886695861816406,541700.0,0.0,0.0
2007-07-10,23.74598063688589,23.74598063688589,23.40122299632547,23.408260345458984,739600.0,0.0,0.0
2007-07-11,23.429357498809324,23.753005644339616,23.429357498809324,23.59821891784668,840600.0,0.0,0.0
2007-07-12,23.710801961867027,24.09073829650879,23.59822853130232,24.09073829650879,674600.0,0.0,0.0
2007-07-13,23.985195442076584,24.013339465910285,23.823371330975554,23.92890739440918,612200.0,0.0,0.0
2007-07-16,23.45047556793499,23.8585532326463,23.45047556793499,23.591190338134766,622800.0,0.0,0.0
2007-07-17,23.56305510996256,23.858559424831107,23.56305510996256,23.605268478393555,525100.0,0.0,0.0
2007-07-18,23.47158309063502,23.675623272308403,23.330865631413296,23.64044189453125,870260.0,0.0,0.0
2007-07-19,23.745979267369993,23.837446013094446,23.563048459883227,23.724872589111328,488854.0,0.0,0.0
2007-07-20,23.647477547402158,23.654512212075602,22.845391576524168,22.908714294433594,1614800.0,0.0,0.0
2007-07-23,23.042391040897705,23.267537853145264,22.93685229842341,23.154964447021484,698800.0,0.0,0.0
2007-07-24,23.056466043090715,23.38715164070979,22.817247188550507,22.915748596191406,737500.0,0.0,0.0
2007-07-25,23.014251936443838,23.07757465866792,22.521742172918994,22.704675674438477,1036277.0,0.0,0.0
2007-07-26,22.514711759337352,22.570999827037838,21.56487208859403,22.015167236328125,1492600.0,0.0,0.0
2007-07-27,21.972943626809865,22.050338351292673,21.593008694399863,21.635223388671875,982800.0,0.0,0.0
2007-07-30,21.747794723520457,22.317697738675307,21.63522132156347,22.134765625,922900.0,0.0,0.0
2007-07-31,21.76187845998474,23.907811600788843,20.439138261300712,20.734643936157227,2274048.0,0.0,0.0
2007-08-01,20.221021961748153,20.93164259404594,20.213985954460313,20.741674423217773,1804200.0,0.0,0.0
2007-08-02,20.762785220944405,20.875358668637915,20.537638325557385,20.68539047241211,1364100.0,0.0,0.0
2007-08-03,20.565779221501202,20.713532697441302,20.284345626831055,20.284345626831055,1415731.0,0.0,0.0
2007-08-06,20.43913776199194,20.78389549255371,20.235098869232043,20.78389549255371,1001400.0,0.0,0.0
2007-08-07,20.706492152056434,20.790921540964394,20.34062788817277,20.558738708496094,1101926.0,0.0,0.0
2007-08-08,21.163819830929338,21.23417854309082,21.163819830929338,21.23417854309082,1636300.0,0.0,0.0
2007-08-09,21.27639495902203,21.733724612187977,20.5517024463566,20.931638717651367,1682900.0,0.0,0.0
2007-08-10,20.81906525404863,21.726688552137116,20.636133124841287,21.311574935913086,889800.0,0.0,0.0
2007-08-13,21.381935741513104,21.621154614851257,21.121610188868196,21.19196891784668,755700.0,0.0,0.0
2007-08-14,21.276403190517975,21.360833953019796,20.65021317739633,20.86128807067871,845718.0,0.0,0.0
2007-08-15,20.86836802770828,21.07386228487514,20.21645292820913,20.251882553100586,790385.0,0.21,0.0
2007-08-16,20.053477404815435,20.584930000542563,19.847983103942276,20.39360809326172,1029100.0,0.0,0.0
2007-08-17,20.99591762185179,21.336048272520173,20.464465085152444,20.925058364868164,767900.0,0.0,0.0
2007-08-20,20.925057811003903,21.32187531613437,20.74790697012645,21.251014709472656,721600.0,0.0,0.0
2007-08-21,21.2297496802176,21.35021226952418,20.995910695275796,21.088029861450195,586100.0,0.0,0.0
2007-08-22,21.279354479175833,21.612397494998575,21.229751120112013,21.41398811340332,668100.0,0.0,0.0
2007-08-23,21.576970719562123,21.68326094274374,20.94631287245131,21.080947875976562,568000.0,0.0,0.0
2007-08-24,21.137640409264982,21.265189243797156,21.038436360874975,21.222673416137695,519700.0,0.0,0.0
2007-08-27,21.265189066527064,21.371479310566563,20.98883416171362,21.109296798706055,423600.0,0.0,0.0
2007-08-28,20.988833645749224,21.03843566831138,20.429036301853465,20.443208694458008,584800.0,0.0,0.0
2007-08-29,20.52115330167156,20.925058364868164,20.436121652669733,20.925058364868164,561900.0,0.0,0.0
2007-08-30,20.76916113599213,21.10220553260629,20.684129501810165,20.946311950683594,555500.0,0.0,0.0
2007-08-31,21.180150423003337,21.314785417113942,21.024258196674978,21.165979385375977,533600.0,0.0,0.0
2007-09-04,21.08095368199172,21.251018356231405,20.91797520478959,21.13764190673828,511300.0,0.0,0.0
2007-09-05,20.847110861601646,20.995916918144246,20.52115261387641,20.669960021972656,809400.0,0.0,0.0
2007-09-06,20.783338722555758,20.9888343677291,20.669962280926946,20.89671516418457,990900.0,0.0,0.0
2007-09-07,20.69829822652536,20.903793797346555,20.478631619293253,20.71955680847168,1179700.0,0.0,0.0
2007-09-10,20.684127774384642,21.045515568360504,20.258965584321665,20.450288772583008,1480600.0,0.0,0.0
2007-09-11,20.436122355677618,20.719563448023642,20.407777570666145,20.528240203857422,1057000.0,0.0,0.0
2007-09-12,20.436117998210662,20.655784628996457,20.358171207602965,20.51406478881836,740008.0,0.0,0.0
2007-09-13,20.691225682107206,20.98883924847841,20.627451249916653,20.7620849609375,511500.0,0.0,0.0
2007-09-14,20.599097938683094,20.825850780899547,20.577840704446274,20.75499153137207,739700.0,0.0,0.0
2007-09-17,20.705386720880032,20.854194107930205,20.641612319509022,20.712472915649414,565700.0,0.0,0.0
2007-09-18,20.733735737702812,21.300617919583477,20.599100712673504,21.22975730895996,1185400.0,0.0,0.0
2007-09-19,21.258099396859684,21.506110826800427,20.974658341878936,21.010087966918945,1491100.0,0.0,0.0
2007-09-20,20.946315482974637,21.222671719553123,20.84002524654615,21.102209091186523,1113700.0,0.0,0.0
2007-09-21,21.33605209187776,21.35730933215662,21.10221298793276,21.15890121459961,720500.0,0.0,0.0
2007-09-24,21.088038416265864,21.2085010544407,20.83294074682414,20.89671516418457,725700.0,0.0,0.0
2007-09-25,20.684130009056272,20.79750642511491,20.577839787945482,20.6203556060791,782700.0,0.0,0.0
2007-09-26,20.662868608168125,20.818760821114573,20.48571781327536,20.71955680847168,753600.0,0.0,0.0
2007-09-27,20.762081466268043,20.903802703182357,20.499898934996608,20.79042625427246,742900.0,0.0,0.0
2007-09-28,20.790421754689643,20.86836855327821,20.40069046485399,20.627443313598633,523700.0,0.0,0.0
2007-10-01,20.726651748584334,20.81168476069813,20.514071245630664,20.73373794555664,899800.0,0.0,0.0
2007-10-02,20.818767958969346,21.10221040922057,20.698305323078706,20.90380096435547,1010500.0,0.0,0.0
2007-10-03,20.72665099201721,21.194329162687136,20.549500128837575,21.038436889648438,950900.0,0.0,0.0
2007-10-04,19.543275950571708,20.258965335552894,19.48658774936297,20.103073120117188,2226500.0,0.0,0.0
2007-10-05,20.103074063732972,20.776246315740558,20.06764309159359,20.61326789855957,1484800.0,0.0,0.0
2007-10-08,20.584923740792934,20.65578433565238,20.38651569705061,20.577838897705078,920900.0,0.0,0.0
2007-10-09,20.64870115031869,20.64870115031869,20.301485671613573,20.499895095825195,904600.0,0.0,0.0
2007-10-10,21.024264047353547,21.024264047353547,20.103080119108238,20.13850975036621,961800.0,0.0,0.0
2007-10-11,20.372340316728515,20.379426510329417,20.032211133204605,20.152673721313477,1046500.0,0.0,0.0
2007-10-12,20.124330745329587,20.23770714996949,19.982610915306388,20.09598731994629,765515.0,0.0,0.0
2007-10-15,20.13850363408101,20.223536615450016,19.982611411716793,20.14558982849121,913716.0,0.0,0.0
2007-10-16,20.173938172919392,20.18102436905718,19.855067456041105,20.06764793395996,1092500.0,0.0,0.0
2007-10-17,20.152684691727348,20.301490783691406,20.152684691727348,20.301490783691406,763000.0,0.0,0.0
2007-10-18,20.173934475862374,20.287310890182333,20.03221463373916,20.21645164489746,904000.0,0.0,0.0
2007-10-19,20.05347550011469,20.379433764008795,19.826722630390297,19.869239807128906,1110600.0,0.0,0.0
2007-10-22,19.862153652178893,20.216455349746138,19.571626368298055,20.06764793395996,899900.0,0.0,0.0
2007-10-23,20.117249913668893,20.23062634853109,19.621228349035206,19.869239807128906,864800.0,0.0,0.0
2007-10-24,19.847985268198816,20.039308547895704,19.451167665221334,19.947189331054688,992400.0,0.0,0.0
2007-10-25,20.067648109189008,20.067648109189008,19.557454146796548,19.748777389526367,1003200.0,0.0,0.0
2007-10-26,19.8904990938389,19.940101120258834,19.39447747808574,19.69209098815918,884000.0,0.0,0.0
2007-10-29,19.599965672678863,19.940094906324315,19.514934040044214,19.840890884399414,933800.0,0.0,0.0
2007-10-30,19.188979729526267,21.201413463403558,19.188979729526267,20.046390533447266,1931000.0,0.0,0.0
2007-10-31,19.84089108944422,20.13850450984802,19.61413826467055,19.954267501831055,1257500.0,0.0,0.0
2007-11-01,19.84089226761655,20.400689519627136,19.628311819656354,19.93301010131836,1823500.0,0.0,0.0
2007-11-02,20.018039370624965,20.251878360538278,19.84088857973448,19.989694595336914,1192300.0,0.0,0.0
2007-11-05,19.720428313416463,20.464461182275958,19.720428313416463,20.308568954467773,1163820.0,0.0,0.0
2007-11-06,20.42903766286914,20.549500304925687,20.0889083270226,20.535327911376953,945500.0,0.0,0.0
2007-11-07,20.280228773952178,20.336916988734945,19.954270525286013,19.968442916870117,1278700.0,0.0,0.0
2007-11-08,19.91884527207391,20.450297909202423,19.91884527207391,20.365264892578125,1407464.0,0.0,0.0
2007-11-09,20.095992229480206,20.244798290091502,19.925927580972854,20.01804542541504,1403900.0,0.0,0.0
2007-11-12,19.933009934491658,20.273140540556227,19.86923688188016,19.911752700805664,1262600.0,0.0,0.0
2007-11-13,20.039300850968033,20.698300753106544,20.039300850968033,20.68412971496582,1101401.0,0.0,0.0
2007-11-14,20.79832617399628,20.8411514368217,20.25588509699985,20.284435272216797,950800.0,0.21,0.0
2007-11-15,20.24874948009406,20.270160750757505,19.656346941269344,19.784818649291992,1122739.0,0.0,0.0
2007-11-16,19.91329230537323,19.963253753523063,19.442225278035707,19.64920997619629,1099300.0,0.0,0.0
2007-11-19,19.48504794429523,19.64207118433197,18.98543213318477,19.106767654418945,1490988.0,0.0,0.0
2007-11-20,19.09962657818122,19.50645696785625,18.942604728532952,19.31374740600586,1682005.0,0.0,0.0
2007-11-21,19.249511346468424,19.249511346468424,18.842680947048674,18.94974136352539,1120400.0,0.0,0.0
2007-11-23,19.14960264070643,19.206701662495995,19.00685440555848,19.156740188598633,283400.0,0.0,0.0
2007-11-26,19.049679246897835,19.28521287643371,18.60002326965332,18.60002326965332,1389757.0,0.0,0.0
2007-11-27,18.657118885305884,18.921202657548594,18.39303647441096,18.642845153808594,1549668.0,0.0,0.0
2007-11-28,18.742768371375963,19.28520965576172,18.671394267392714,19.28520965576172,1738804.0,0.0,0.0
2007-11-29,19.24950883901072,19.335157977843593,18.992564145205854,19.278059005737305,1107900.0,0.0,0.0
2007-11-30,19.477911648949828,19.58497208204225,19.242376790260337,19.363712310791016,1032950.0,0.0,0.0
2007-12-03,19.420808376099142,19.470771174612967,19.12103975309856,19.178138732910156,714900.0,0.0,0.0
2007-12-04,19.085360933271378,19.220971584020923,18.964025374463407,19.00684928894043,601100.0,0.0,0.0
2007-12-05,19.142458208777537,19.28520639259019,19.006847570290272,19.13532066345215,766301.0,0.0,0.0
2007-12-06,19.12817679945221,19.749129424164057,19.07107781705836,19.67775535583496,804830.0,0.0,0.0
2007-12-07,19.7562695655431,19.906153903535078,19.584972595831992,19.71344566345215,605583.0,0.0,0.0
2007-12-10,19.806231138336653,19.99180319704851,19.58497272121176,19.963253021240234,487825.0,0.0,0.0
2007-12-11,20.00607825350187,20.027489523977106,19.30661392211914,19.30661392211914,770100.0,0.0,0.0
2007-12-12,19.549287057664053,19.8704697625529,19.292342255100426,19.57069969177246,879590.0,0.0,0.0
2007-12-13,19.577836045582842,19.82050710532697,19.192416823160734,19.470775604248047,748100.0,0.0,0.0
2007-12-14,19.242385085318,19.320896738726173,19.092500686645508,19.092500686645508,780600.0,0.0,0.0
2007-12-17,19.113905258924458,19.213828149194654,18.585739271093406,18.62142562866211,840900.0,0.0,0.0
2007-12-18,18.699940596177093,18.814138594454867,18.514368508638828,18.714214324951172,994400.0,0.0,0.0
2007-12-19,18.757043885770774,18.79986780458353,18.221740135893903,18.450136184692383,933600.0,0.0,0.0
2007-12-20,18.5500500335595,18.692798174842665,18.38589062402688,18.649972915649414,675809.0,0.0,0.0
2007-12-21,18.80700253242007,19.01398591011489,18.635705521495787,18.89978790283203,1230038.0,0.0,0.0
2007-12-24,18.84268142285817,19.128176327787656,18.77844489908065,19.071077346801758,188200.0,0.0,0.0
2007-12-26,18.985431302865535,19.413674380336392,18.89264459938412,19.38512420654297,661000.0,0.0,0.0
2007-12-27,19.278069899573982,19.413680545463663,19.185283166626643,19.19955825805664,641962.0,0.0,0.0
2007-12-28,19.270929734839505,19.63493634874817,19.270929734839505,19.527875900268555,1050167.0,0.0,0.0
2007-12-31,19.499326588409822,19.634937221899822,19.413678770356416,19.542150497436523,1016306.0,0.0,0.0
2008-01-02,19.492196771443833,19.63494500659178,19.063953427348046,19.156740188598633,1760300.0,0.0,0.0
2008-01-03,19.21383491775554,19.256658834193253,18.80700430822787,18.864103317260742,1113666.0,0.0,0.0
2008-01-04,18.735628564292536,18.771314931304513,18.18604979968319,18.243148803710938,1076385.0,0.0,0.0
2008-01-07,18.464402976765527,18.521501963294313,17.979060910597227,18.064708709716797,1231900.0,0.0,0.0
2008-01-08,18.293106207699953,18.293106207699953,17.45089642528956,17.458032608032227,1607000.0,0.0,0.0
2008-01-09,17.515138006460358,17.650747299194336,17.10116849806907,17.650747299194336,1511622.0,0.0,0.0
2008-01-10,17.48658724969433,18.285974694387626,17.39380187552567,18.107540130615234,1425800.0,0.0,0.0
2008-01-11,17.964792522887016,18.05044171529329,17.5793731990804,17.650747299194336,1643600.0,0.0,0.0
2008-01-14,17.750672671419384,17.879144425878245,17.53655035795899,17.807771682739258,1090500.0,0.0,0.0
2008-01-15,17.62219675160501,17.72925721062606,17.42234956311081,17.47231101989746,1584500.0,0.0,0.0
2008-01-16,17.450896746206997,17.84345214894484,17.386660209563008,17.543682098388672,1223068.0,0.0,0.0
2008-01-17,17.56509964539934,17.572237191617536,16.986970653855046,16.994108200073242,1311887.0,0.0,0.0
2008-01-18,17.143984084470137,17.779210357598256,17.036923675487987,17.1368465423584,1474621.0,0.0,0.0
2008-01-22,16.358879453301103,17.83631729637614,16.05910935750707,17.52227210998535,2799670.0,0.0,0.0
2008-01-23,16.937006462584755,18.29310871453293,16.7228855559315,18.193185806274414,2896609.0,0.0,0.0
2008-01-24,18.221734551239358,18.407306624350365,17.80776649932939,18.100399017333984,1217067.0,0.0,0.0
2008-01-25,18.307381654906447,18.442992272581307,17.757803001324387,17.9862003326416,1077209.0,0.0,0.0
2008-01-28,17.96478830330742,18.663537979125977,17.96478830330742,18.663537979125977,1852980.0,0.0,0.0
2008-01-29,19.19242065157465,19.499328309609634,18.88551299353967,19.028261184692383,1694693.0,0.0,0.0
2008-01-30,19.05681099773815,19.106772455267997,18.721353163441833,18.77131462097168,863301.0,0.0,0.0
2008-01-31,18.51436820469015,19.52787644377737,18.39303266334353,19.37799072265625,3002302.0,0.0,0.0
2008-02-01,19.506460622926944,19.77768047974844,19.1567291458965,19.76340675354004,1104898.0,0.0,0.0
2008-02-04,19.849055823390948,19.89188108879205,19.27092835394972,19.29947853088379,864462.0,0.0,0.0
2008-02-05,18.992572107524985,19.392265079833628,18.856961481414974,18.956884384155273,986432.0,0.0,0.0
2008-02-06,19.078225523244637,19.163874723135415,18.664257340026214,18.749906539916992,846064.0,0.0,0.0
2008-02-07,18.69994449330884,19.121050210223313,18.621432842625456,18.978302001953125,728611.0,0.0,0.0
2008-02-08,18.921202869525708,19.10677499454729,18.73563074450412,18.942615509033203,1102192.0,0.0,0.0
2008-02-11,18.799867382292998,19.370857491463376,18.799867382292998,19.28520965576172,934506.0,0.0,0.0
2008-02-12,19.435088208586052,19.520737379897568,19.049670341052725,19.19241714477539,1370677.0,0.0,0.0
2008-02-13,19.537839499843724,19.537839499843724,19.163633767748696,19.3795223236084,1243208.0,0.22,0.0
2008-02-14,19.379519536651348,19.523443847282913,18.933351016766313,18.98372459411621,986620.0,0.0,0.0
2008-02-15,18.947741023022452,18.947741023022452,18.58792824144392,18.868581771850586,946322.0,0.0,0.0
2008-02-19,18.94055189441937,19.113261931357794,18.62391614041025,18.731861114501953,678182.0,0.0,0.0
2008-02-20,18.688676805947193,18.976528151218215,18.623910390518905,18.954938888549805,1140800.0,0.0,0.0
2008-02-21,18.98372711122159,19.314755677462564,18.68148423446993,18.703073501586914,962905.0,0.0,0.0
2008-02-22,18.789426788763404,18.846996787784608,18.35045468836607,18.767837524414062,823376.0,0.0,0.0
2008-02-25,18.832609549673013,19.012516021728516,18.501580927350616,19.012516021728516,1158709.0,0.0,0.0
2008-02-26,19.070085513520837,19.17083269587693,18.75344974708787,19.04129981994629,1001896.0,0.0,0.0
2008-02-27,19.005314860139453,19.142044129136913,18.65989484932419,18.875782012939453,140500.0,0.0,0.0
2008-02-28,18.760645020651246,18.760645020651246,18.393635685534047,18.50157928466797,724855.0,0.0,0.0
2008-02-29,18.184942820013188,18.350456411165965,17.8107371049552,17.86111068725586,835800.0,0.0,0.0
2008-03-03,17.781946226816217,17.875498314566247,17.515685548769948,17.832321166992188,1357108.0,0.0,0.0
2008-03-04,17.709992335691343,17.87550594923041,17.551673772673663,17.803543090820312,1398448.0,0.0,0.0
2008-03-05,17.789142122072768,17.983441339289488,17.530077871693873,17.724872589111328,1551287.0,0.0,0.0
2008-03-06,17.51569185299083,17.5876547065662,17.25662612915039,17.25662612915039,1059928.0,0.0,0.0
2008-03-07,17.163071152442903,17.47970680662977,16.990361169952862,17.083911895751953,1088900.0,0.0,0.0
2008-03-10,17.134282623572208,17.134282623572208,16.724096311706134,16.738489151000977,1075600.0,0.0,0.0
2008-03-11,16.968770439291593,17.501293182373047,16.968770439291593,17.501293182373047,1123800.0,0.0,0.0
2008-03-12,17.50849443440492,17.781951615343008,17.371765157647282,17.407747268676758,812324.0,0.0,0.0
2008-03-13,17.1918633549556,17.580462023372462,17.04074256562297,17.53728485107422,950078.0,0.0,0.0
2008-03-14,17.558863200107798,17.702788859586253,17.004751195465598,17.263816833496094,1207457.0,0.0,0.0
2008-03-17,17.105503007976996,17.55886658946554,16.75288658402433,17.342979431152344,1829816.0,0.0,0.0
2008-03-18,17.486903652798098,17.602043652962823,17.148680073886354,17.55167007446289,1321018.0,0.0,0.0
2008-03-19,17.745971785454746,18.062607515839428,17.508495330810547,17.508495330810547,1224498.0,0.0,0.0
2008-03-20,16.954386348086576,17.645227947357952,16.868032006038604,17.587657928466797,1207949.0,0.0,0.0
2008-03-24,17.695602096412276,18.300087999986236,17.695602096412276,18.15616226196289,955341.0,0.0,0.0
2008-03-25,18.292884747410753,18.57353832195785,18.091389063908423,18.515968322753906,876200.0,0.0,0.0
2008-03-26,18.50877725293286,18.703076571142518,18.25690929145083,18.350460052490234,633800.0,0.0,0.0
2008-03-27,18.429613641962003,18.451201533371442,17.961855863627864,18.091388702392578,907982.0,0.0,0.0
2008-03-28,18.278495916792888,18.278495916792888,17.839525091220366,18.05541229248047,787100.0,0.0,0.0
2008-03-31,17.911484594051515,18.422419593594235,17.911484594051515,18.30008316040039,1147300.0,0.0,0.0
2008-04-01,18.3648469830516,19.055686950683594,18.350454140581682,19.055686950683594,1199277.0,0.0,0.0
2008-04-02,19.156437330236376,19.4658752378392,19.012511636755466,19.329147338867188,1327404.0,0.0,0.0
2008-04-03,19.285962618467874,19.516243928656163,19.149234763371428,19.38671112060547,951082.0,0.0,0.0
2008-04-04,19.37952283588982,19.48746643038445,19.18522354225312,19.336345672607422,1033365.0,0.0,0.0
2008-04-07,19.437089487236122,19.5882102189112,19.228397384358686,19.24998664855957,813956.0,0.0,0.0
2008-04-08,19.17802380713366,19.32194948998548,19.04849096708243,19.24998664855957,916576.0,0.0,0.0
2008-04-09,19.336347301273545,19.458683751358915,18.847001500932063,18.861392974853516,919876.0,0.0,0.0
2008-04-10,18.710268528064386,18.832604954112508,18.53036209990992,18.667091369628906,1326878.0,0.0,0.0
2008-04-11,18.465593348938814,18.731855432987075,18.372042622021663,18.4799861907959,1081851.0,0.0,0.0
2008-04-14,18.487180672531345,18.623908538100874,18.400825003023975,18.444002151489258,502570.0,0.0,0.0
2008-04-15,18.638305583931817,19.142044129136913,18.638305583931817,18.875782012939453,1376246.0,0.0,0.0
2008-04-16,18.88298102053282,19.50905607687387,18.88298102053282,19.480270385742188,700798.0,0.0,0.0
2008-04-17,19.379524107334614,19.68176701529539,19.27158050575806,19.617000579833984,924934.0,0.0,0.0
2008-04-18,19.890450982618304,20.048769491776827,19.789703838664256,19.998395919799805,817143.0,0.0,0.0
2008-04-21,19.85447603623786,19.92643889113183,19.624195998638985,19.746532440185547,555969.0,0.0,0.0
2008-04-22,19.595405131397897,19.667367967282424,19.13484517786003,19.408302307128906,784866.0,0.0,0.0
2008-04-23,19.494658051109734,19.51624731372171,19.09166809039141,19.192415237426758,600434.0,0.0,0.0
2008-04-24,19.185221712537658,19.343538877859086,18.65989526287474,19.062885284423828,1133985.0,0.0,0.0
2008-04-25,19.134851822697836,19.329151135286054,18.933356086764416,19.285972595214844,1256694.0,0.0,0.0
2008-04-28,19.21400984410908,19.221204894403993,18.9261584195292,19.026906967163086,954493.0,0.0,0.0
2008-04-29,19.336345377537736,19.847279024218285,18.89737321103731,18.918962478637695,1280164.0,0.0,0.0
2008-04-30,18.88297983626834,19.149241972228296,18.68148412871548,18.926156997680664,1010238.0,0.0,0.0
2008-05-01,18.93335382862893,19.235596710192578,18.746250961701225,19.12045669555664,951383.0,0.0,0.0
2008-05-02,19.170827949164256,19.314753636246053,18.861388682742344,18.947744369506836,561670.0,0.0,0.0
2008-05-05,18.846995331294938,19.113256041475072,18.818209647720362,18.969331741333008,675869.0,0.0,0.0
2008-05-06,18.79662630564587,19.36512996802944,18.767840615106312,19.293167114257812,940834.0,0.0,0.0
2008-05-07,19.365128157229538,19.48746458542865,19.07727814163667,19.084474563598633,810977.0,0.0,0.0
2008-05-08,19.07728269626208,19.63139496643117,19.062889848901918,19.444292068481445,1054374.0,0.0,0.0
2008-05-09,19.257186377408946,19.46587714355228,19.17802710098702,19.300363540649414,515659.0,0.0,0.0
2008-05-12,19.408303238536046,19.5378360748291,19.16363040833294,19.5378360748291,624115.0,0.0,0.0
2008-05-13,19.537833681362187,19.616992932194382,19.386712972584544,19.59540367126465,550361.0,0.0,0.0
2008-05-14,19.798543923500283,19.950895552607818,19.689719749844215,19.805797576904297,677258.0,0.22,0.0
2008-05-15,19.75501468583569,19.965406622723616,19.660701965554257,19.907367706298828,685643.0,0.0,0.0
2008-05-16,19.8710952317463,20.00168315747087,19.667959688403293,19.987173080444336,661087.0,0.0,0.0
2008-05-19,19.929127582004675,20.168538238938787,19.89285378516122,20.001676559448242,624782.0,0.0,0.0
2008-05-20,18.89894052550701,19.45031094952512,18.89894052550701,19.189136505126953,2108834.0,0.0,0.0
2008-05-21,19.203644570465936,19.348742555541197,18.739333232236202,18.753843307495117,1439882.0,0.0,0.0
2008-05-22,18.81188253495417,19.24717511360035,18.78286238395784,19.123842239379883,1005665.0,0.0,0.0
2008-05-23,19.131099058311214,19.21090171346714,18.746590324352336,18.790119171142578,882899.0,0.0,0.0
2008-05-27,18.86991798369061,19.000505871649743,18.637762353432905,18.7973690032959,692595.0,0.0,0.0
2008-05-28,18.86266727860165,19.123843114492228,18.637766633116442,19.109333038330078,888143.0,0.0,0.0
2008-05-29,19.022271143426895,19.60991668701172,18.978742305154366,19.60991668701172,1225250.0,0.0,0.0
2008-05-30,19.638934893682666,19.805796588787143,19.18187864540588,19.297956466674805,1124464.0,0.0,0.0
2008-06-02,19.297960453521842,19.348744337849055,18.89894164968776,19.029529571533203,907370.0,0.0,0.0
2008-06-03,18.96423674764506,19.058550867413565,18.420121296503684,18.645023345947266,1379206.0,0.0,0.0
2008-06-04,18.608748821631085,19.036786435959172,18.60149378263738,18.906198501586914,984903.0,0.0,0.0
2008-06-05,19.09482203336148,19.218154907226562,18.877176436544023,19.218154907226562,717550.0,0.0,0.0
2008-06-06,18.993258085209575,19.058552054112706,18.45639763937281,18.485416412353516,1230343.0,0.0,0.0
2008-06-09,18.46365080329625,18.572473612496463,18.00659306739543,18.180709838867188,775933.0,0.0,0.0
2008-06-10,18.021101103093812,18.36933460659395,17.77443535884198,18.144433975219727,1081554.0,0.0,0.0
2008-06-11,18.187963492393205,18.187963492393205,17.883258819580078,17.883258819580078,802630.0,0.0,0.0
2008-06-12,17.955812222014174,18.586986836247288,17.897773288364014,18.231496810913086,719842.0,0.0,0.0
2008-06-13,18.24599907245389,18.717565379280412,18.24599907245389,18.681291580200195,810617.0,0.0,0.0
2008-06-16,17.839732690403856,18.202476337815472,17.62208705545977,17.955810546875,1760619.0,0.0,0.0
2008-06-17,17.948549216868575,17.948549216868575,17.622080878880332,17.643844604492188,1341351.0,0.0,0.0
2008-06-18,17.622086663310718,17.79620344414276,17.45522353755915,17.549537658691406,1174008.0,0.0,0.0
2008-06-19,17.665609713860757,17.723648621753558,17.520511752250396,17.643844604492188,1084461.0,0.0,0.0
2008-06-20,17.513263255944132,17.556793490937192,17.186794796039568,17.194049835205078,1438943.0,0.0,0.0
2008-06-23,17.397181899144893,17.397181899144893,17.085222196532936,17.17228126525879,1138129.0,0.0,0.0
2008-06-24,17.150523820148553,17.22307284589732,16.867584141861684,16.95464324951172,1242201.0,0.0,0.0
2008-06-25,16.91110529330555,17.38267167002874,16.91110529330555,17.13600730895996,1196517.0,0.0,0.0
2008-06-26,16.932869453411417,17.09247612129992,16.562870856992873,16.635419845581055,2027256.0,0.0,0.0
2008-06-27,16.562870069840695,16.78777067839445,16.41051844642722,16.468557357788086,1459649.0,0.0,0.0
2008-06-30,16.490325395742776,16.577384477422203,16.250914650820793,16.265424728393555,1220464.0,0.0,0.0
2008-07-01,16.06228734990146,16.35248335831102,15.830131650179512,16.163856506347656,1897182.0,0.0,0.0
2008-07-02,16.28719265587148,16.33797655238414,15.996996589357883,16.03327178955078,1593497.0,0.0,0.0
2008-07-03,16.178365222073847,16.461306192287655,16.033268601426087,16.381502151489258,1042810.0,0.0,0.0
2008-07-07,16.30169466878665,16.657183182388707,16.134832967581836,16.35973358154297,1868688.0,0.0,0.0
2008-07-08,16.454047695478472,17.085220699342166,16.29443964742714,17.056201934814453,1932148.0,0.0,0.0
2008-07-09,17.12149569762471,17.223063447997202,16.686203164410465,16.71522331237793,1384981.0,0.0,0.0
2008-07-10,16.766008483489042,17.01992787904691,16.55561654573318,16.889341354370117,1448161.0,0.0,0.0
2008-07-11,16.62816409131325,16.940123760160414,16.316204422466082,16.686203002929688,1479436.0,0.0,0.0
2008-07-14,16.853073240298723,16.853073240298723,16.454055693723365,16.548368453979492,1331339.0,0.0,0.0
2008-07-15,16.45404841901908,16.93286981671482,15.997064088852275,16.61365509033203,2257600.0,0.0,0.0
2008-07-16,16.606406272807515,16.88934730197085,16.149349816093533,16.831308364868164,1757992.0,0.0,0.0
2008-07-17,16.896600026193386,17.897771899931282,16.84581475240154,17.810712814331055,1966682.0,0.0,0.0
2008-07-18,16.43954387372671,18.115419329347333,16.43954387372671,17.984832763671875,1388678.0,0.0,0.0
2008-07-21,17.95581061888038,18.151692521369895,17.658360937510615,17.86149787902832,849163.0,0.0,0.0
2008-07-22,17.81796450502336,18.216983278716523,17.61482898305888,18.209728240966797,1078903.0,0.0,0.0
2008-07-23,18.253254156217633,19.261680717827886,18.057372319661805,18.98599624633789,2170823.0,0.0,0.0
2008-07-24,18.855409757494368,19.09482044761427,18.57972526550293,18.57972526550293,1485371.0,0.0,0.0
2008-07-25,18.528942722464567,19.029527866339688,18.4491386920974,18.666784286499023,1093295.0,0.0,0.0
2008-07-28,18.681291003852966,18.724819838157643,18.29678238018436,18.36933135986328,1488103.0,0.0,0.0
2008-07-29,18.637761472680342,19.929127450902744,18.630506436608044,19.87834358215332,2735214.0,0.0,0.0
2008-07-30,19.907363095276942,20.349909211602824,19.617168580369004,20.23383140563965,2452624.0,0.0,0.0
2008-07-31,20.262860088848544,20.77070035802901,20.10325200056445,20.42972183227539,2170809.0,0.0,0.0
2008-08-01,20.39344529462959,20.524033209852444,20.11050435039441,20.35717010498047,1677563.0,0.0,0.0
2008-08-04,20.378937342569134,20.611093045489742,20.16129171702035,20.29913330078125,1417317.0,0.0,0.0
2008-08-05,20.386188938975653,20.879520416259766,20.320894985584705,20.879520416259766,1171309.0,0.0,0.0
2008-08-06,20.7344266438006,20.966582354650264,20.54579978279595,20.770700454711914,888434.0,0.0,0.0
2008-08-07,20.55305244599295,20.87952224148674,20.371680644886847,20.45148468017578,996087.0,0.0,0.0
2008-08-08,20.45873278146703,21.16245463299997,20.255595934951902,21.06814193725586,1017630.0,0.0,0.0
2008-08-11,20.80697597399532,21.28579748103227,20.748937045377424,21.2640323638916,1286592.0,0.0,0.0
2008-08-12,21.35834580768735,21.35834580768735,20.90854308740261,21.002857208251953,1329947.0,0.0,0.0
2008-08-13,21.032098146447883,21.178305845197787,20.578851073310695,20.885889053344727,901054.0,0.22,0.0
2008-08-14,20.69581239270117,21.075954820147786,20.491121388962906,20.8931941986084,771408.0,0.0,0.0
2008-08-15,20.8566423005486,21.03940291918321,20.67388168191399,20.82008934020996,1174788.0,0.0,0.0
2008-08-18,20.95899559280913,21.00285776716947,20.469196896999648,20.549612045288086,699670.0,0.0,0.0
2008-08-19,20.388775448799553,20.49843294234749,20.015943596054246,20.132911682128906,587160.0,0.0,0.0
2008-08-20,20.220636540476917,20.31567285149403,19.818563701305102,20.096359252929688,466068.0,0.0,0.0
2008-08-21,19.9282236242113,20.27912377596808,19.89167065359918,20.16215705871582,531249.0,0.0,0.0
2008-08-22,20.176778246960666,20.38877989909792,19.93553421833372,20.16215705871582,867165.0,0.0,0.0
2008-08-25,20.2206395531918,20.41802140300214,20.00132731630466,20.074430465698242,1184890.0,0.0,0.0
2008-08-26,20.103663117888374,20.21331918329726,19.964764691382438,20.184078216552734,660863.0,0.0,0.0
2008-08-27,19.979389767014744,20.374153352670934,19.979389767014744,20.315670013427734,692549.0,0.0,0.0
2008-08-28,20.469189193986224,20.75429531156669,20.381463483925312,20.739675521850586,766948.0,0.0,0.0
2008-08-29,20.651943733078856,20.651943733078856,20.32297416012069,20.41069984436035,637215.0,0.0,0.0
2008-09-02,20.513055742918304,21.170993828980087,20.439951201277406,20.834714889526367,1110399.0,0.0,0.0
2008-09-03,20.593475541796188,21.141757636738202,20.593475541796188,21.002859115600586,847602.0,0.0,0.0
2008-09-04,20.900503405859727,20.900503405859727,20.25718527983174,20.315670013427734,915310.0,0.0,0.0
2008-09-05,20.15485170585794,20.396095797220354,19.738157492991366,20.34492301940918,1018533.0,0.0,0.0
2008-09-08,20.63733088424747,20.834712707702,20.308362572842928,20.827402114868164,1302007.0,0.0,0.0
2008-09-09,19.913598294208395,20.695813576025206,19.913598294208395,20.02325439453125,1495435.0,0.0,0.0
2008-09-10,20.001328817126545,20.549610844838536,19.964775845333765,20.322986602783203,1330167.0,0.0,0.0
2008-09-11,20.06712294794826,20.695818730410156,20.045191164680297,20.65195655822754,1220323.0,0.0,0.0
2008-09-12,20.469196253467306,20.958994933877978,20.352229529281473,20.85664939880371,877207.0,0.0,0.0
2008-09-15,20.571541035645367,21.09789266957105,20.432643927229016,20.498437881469727,1209221.0,0.0,0.0
2008-09-16,20.184084899927704,21.15637141870872,19.74545909870141,21.010162353515625,2126494.0,0.0,0.0
2008-09-17,20.622707304175368,20.761605763185386,19.83318149637834,19.96476936340332,1633736.0,0.0,0.0
2008-09-18,20.366846410341935,21.112508770713735,19.504215956172377,20.776229858398438,1646105.0,0.0,0.0
2008-09-19,20.132911215709655,21.711962911723795,20.132911215709655,20.842021942138672,1456132.0,0.0,0.0
2008-09-22,20.761605025713088,21.236782333038985,19.730835296435153,19.803939819335938,893499.0,0.0,0.0
2008-09-23,19.730837915561494,20.19139549492517,19.643113591918024,19.694286346435547,737415.0,0.0,0.0
2008-09-24,19.847806808143112,19.94466276020649,19.50421727950632,19.70159912109375,777900.0,0.0,0.0
2008-09-25,19.825873803757343,20.366845102540413,19.752769272710342,20.147531509399414,956903.0,0.0,0.0
2008-09-26,19.862431725636938,20.118296968970334,19.635808861817484,19.972087860107422,614989.0,0.0,0.0
2008-09-29,19.898975883144946,19.898975883144946,18.575789379476586,18.663515090942383,1069112.0,0.0,0.0
2008-09-30,19.102145909870323,19.197182245550916,18.422277342636942,19.160629272460938,720315.0,0.0,0.0
2008-10-01,18.992487054193393,19.167937116790995,18.52462022059978,18.736621856689453,1190940.0,0.0,0.0
2008-10-02,18.61234740830476,18.795108092491663,18.01289258726825,18.03482437133789,1037723.0,0.0,0.0
2008-10-03,18.29068363691323,19.043656517562404,18.02019729910381,18.159095764160156,1382303.0,0.0,0.0
2008-10-06,17.735091613438062,17.917852242520045,16.81397787554251,17.720470428466797,1523298.0,0.0,0.0
2008-10-07,17.683917314278553,18.020196173098974,16.94556427001953,16.94556427001953,1572917.0,0.0,0.0
2008-10-08,16.601971436509224,18.553854606439295,16.42652143626696,17.596189498901367,1933677.0,0.0,0.0
2008-10-09,17.61081016388025,18.539234274633706,16.609281539916992,16.609281539916992,1542831.0,0.0,0.0
2008-10-10,16.243765793260653,17.749714527535517,15.600448929737285,17.121017456054688,2129664.0,0.0,0.0
2008-10-13,17.793579319372007,18.137168884277344,17.01136385831194,18.137168884277344,1181897.0,0.0,0.0
2008-10-14,18.60503523353202,18.729312534684713,17.018672692631533,17.413434982299805,1860882.0,0.0,0.0
2008-10-15,17.376881232437352,17.376881232437352,15.76858711242676,15.768587112426758,1883677.0,0.0,0.0
2008-10-16,15.717419179753382,16.82129390342126,15.074102171027807,16.718948364257812,1986049.0,0.0,0.0
2008-10-17,16.09024632308849,17.099084405391324,15.87093272651624,16.55811309814453,1393976.0,0.0,0.0
2008-10-20,16.726258609465713,17.164884567260742,16.41922057844454,17.164884567260742,1194088.0,0.0,0.0
2008-10-21,16.63852963680217,17.705851156679664,16.63852963680217,16.996740341186523,970899.0,0.0,0.0
2008-10-22,16.273005532464516,17.252602552785902,16.273005532464516,17.084463119506836,2309746.0,0.0,0.0
2008-10-23,17.128332754251797,17.406128400311133,15.870938265895155,16.689706802368164,2290308.0,0.0,0.0
2008-10-24,15.973282782161732,17.004052845883056,15.783211518690342,16.543495178222656,1699081.0,0.0,0.0
2008-10-27,16.368043368542928,16.930946505212983,15.73203708735207,15.849003791809082,1607592.0,0.0,0.0
2008-10-28,16.170660423215207,17.888609151891796,15.812448377615363,17.83012580871582,1710162.0,0.0,0.0
2008-10-29,17.947097824192664,17.947097824192664,17.09177780479887,17.14295196533203,2050976.0,0.0,0.0
2008-10-30,17.54501675645812,17.698534983787855,16.967712926654944,17.596189498901367,1604693.0,0.0,0.0
2008-10-31,17.508468387050968,18.495374643993202,17.428053266067888,18.159095764160156,1380843.0,0.0,0.0
2008-11-03,18.122544781902718,18.502685833471556,17.873990212981003,18.188337326049805,1185362.0,0.0,0.0
2008-11-04,18.575791489639425,18.904761202065192,18.297995928087808,18.55385971069336,1207101.0,0.0,0.0
2008-11-05,18.202958377694998,18.641584166362346,17.676608267905944,17.720470428466797,885061.0,0.0,0.0
2008-11-06,17.6473678048282,18.027510289039267,16.850531264381317,16.996740341186523,1244285.0,0.0,0.0
2008-11-07,17.1210193980813,17.625439231121558,16.894396560655835,17.588886260986328,1048979.0,0.0,0.0
2008-11-10,17.89592415798889,18.064063636796146,17.025984387975747,17.457298278808594,911811.0,0.0,0.0
2008-11-11,17.26722271458519,17.74971060416763,17.055219741768752,17.442672729492188,1041155.0,0.0,0.0
2008-11-12,17.228700477468387,17.405783308462137,16.763856814696705,16.911426544189453,928778.0,0.22,0.0
2008-11-13,17.01472984697802,18.660127639770508,16.756483443033307,18.660127639770508,1492467.0,0.0,0.0
2008-11-14,18.246924823813487,18.630604946611594,17.686161892184504,17.841110229492188,1083243.0,0.0,0.0
2008-11-17,17.649277444583813,18.136255721473688,17.4795731920709,17.55335807800293,983933.0,0.0,0.0
2008-11-18,17.509086308660148,17.74519681786811,16.96308040428432,17.48695182800293,929777.0,0.0,0.0
2008-11-19,17.472190100188467,17.855870283175882,16.498233795166016,16.498233795166016,923158.0,0.0,0.0
2008-11-20,16.623668864345813,17.944412311864134,16.365422514295936,16.527748107910156,2049832.0,0.0,0.0
2008-11-21,16.83026193895826,18.04770720109029,16.57201563309288,18.03295135498047,1687577.0,0.0,0.0
2008-11-24,18.320716419281293,19.39059369947382,18.010821037988464,19.036426544189453,1526844.0,0.0,0.0
2008-11-25,19.397973130940276,19.60456912212904,18.328095806488378,19.191375732421875,1145577.0,0.0,0.0
2008-11-26,18.881472280862248,19.69310286264472,18.57895564514872,19.61931800842285,864094.0,0.0,0.0
2008-11-28,19.70048923100814,19.936599731445312,19.36107933113252,19.936599731445312,505264.0,0.0,0.0
2008-12-01,19.471757376568295,19.67835478322729,18.047714233398438,18.047714233398438,1334147.0,0.0,0.0
2008-12-02,18.364986595888045,18.999534609904092,18.018199480520675,18.933128356933594,1182259.0,0.0,0.0
2008-12-03,18.630609842447132,19.24302191166806,18.276444131716115,19.18399429321289,1333476.0,0.0,0.0
2008-12-04,18.933121528235716,19.154474686747843,18.25430339284839,18.608469009399414,976878.0,0.0,0.0
2008-12-05,18.379739337017163,19.257776260375977,17.450053431224756,19.257776260375977,1275193.0,0.0,0.0
2008-12-08,19.670972390993693,19.862812501768605,18.851962957941083,19.13234519958496,1354248.0,0.0,0.0
2008-12-09,18.962635062537437,19.412719982781727,18.682252908291172,18.748659133911133,889954.0,0.0,0.0
2008-12-10,18.910987726889978,19.48650797250507,18.80031113547571,19.272533416748047,1090454.0,0.0,0.0
2008-12-11,19.235638705901263,19.47174912353427,18.106735595677307,18.328088760375977,1097528.0,0.0,0.0
2008-12-12,17.848498455320897,18.76342749669237,17.78947082063015,18.47566795349121,1323993.0,0.0,0.0
2008-12-15,18.534692769125403,18.733910126325327,18.202661494909517,18.468286514282227,938948.0,0.0,0.0
2008-12-16,18.925744981033006,19.302046517704884,18.490415835118235,19.272533416748047,1146644.0,0.0,0.0
2008-12-17,18.9995319143315,19.36845486412434,18.837206323061217,19.17661476135254,761916.0,0.0,0.0
2008-12-18,19.250397107230498,19.302046088252734,18.564200285468367,18.719148635864258,637157.0,0.0,0.0
2008-12-19,18.851957949363637,19.242647974988607,18.556819937094883,18.623226165771484,1487327.0,0.0,0.0
2008-12-22,18.60109854190108,18.645370318885117,17.996064996416,18.342853546142578,902016.0,0.0,0.0
2008-12-23,18.519932223800893,18.527310851621586,17.826356689278754,17.855871200561523,756204.0,0.0,0.0
2008-12-24,17.84849077754163,18.06984396058129,17.7082996777076,17.90751838684082,417608.0,0.0,0.0
2008-12-26,17.84848897245526,18.010814529779122,17.64927028346979,17.892759323120117,363486.0,0.0,0.0
2008-12-29,17.71567408222643,17.87799961727634,17.16966847451794,17.339372634887695,1060096.0,0.0,0.0
2008-12-30,17.560735306633184,17.560735306633184,17.02210803158631,17.48695182800293,1737416.0,0.0,0.0
2008-12-31,17.47957139284889,17.826358491505097,17.398407885945087,17.472192764282227,1607495.0,0.0,0.0
2009-01-02,17.752573324045635,18.298579163120895,17.538598728415216,18.173145294189453,936075.0,0.0,0.0
2009-01-05,18.14362545821196,18.49779104830581,17.833730215047606,18.394493103027344,1861695.0,0.0,0.0
2009-01-06,18.637989250462986,19.38321384421977,18.571583001006378,19.206130981445312,2328095.0,0.0,0.0
2009-01-07,19.1102063667921,19.38320993813492,18.881474557718413,18.940502166748047,1520914.0,0.0,0.0
2009-01-08,17.29510748583785,18.40187628437362,17.29510748583785,17.95178985595703,3305961.0,0.0,0.0
2009-01-09,17.789462757388876,18.25430499396816,17.354133621112965,17.42053985595703,1272298.0,0.0,0.0
2009-01-12,17.265589405225448,17.50059364764335,16.963072775438118,17.10326385498047,897707.0,0.0,0.0
2009-01-13,17.184429558940796,17.383646857705692,16.837641128185332,17.12540054321289,1588340.0,0.0,0.0
2009-01-14,16.62366693264241,16.955696709270253,16.343284731227726,16.461339950561523,992660.0,0.0,0.0
2009-01-15,16.417073478251645,17.258217466791887,16.284260973254856,17.04424285888672,1647294.0,0.0,0.0
2009-01-16,17.140165210948435,17.29511362959715,16.771242147050295,17.221328735351562,1324459.0,0.0,0.0
2009-01-20,17.07375157966476,17.214680118005603,16.26949953480915,16.306392669677734,1676620.0,0.0,0.0
2009-01-21,16.468722473010494,17.059000116626265,16.306396859864172,17.04424285888672,1275047.0,0.0,0.0
2009-01-22,16.75648028354245,17.332000611760403,16.645803676243073,17.014726638793945,1415286.0,0.0,0.0
2009-01-23,16.660555051436976,17.324615868153526,16.52774260662788,17.058992385864258,1084028.0,0.0,0.0
2009-01-26,17.1254049617951,17.40578722952822,16.830266843651994,17.04424285888672,922911.0,0.0,0.0
2009-01-27,16.86715530151243,17.3467547861559,16.542502758093967,16.9704532623291,1172742.0,0.0,0.0
2009-01-28,17.088516207175463,17.339384003212583,17.007352682772336,17.221328735351562,1171597.0,0.0,0.0
2009-01-29,16.93356554351542,17.23608227807674,16.845023408052093,17.073755264282227,1156601.0,0.0,0.0
2009-01-30,17.095888879923,17.22132273423158,16.56464035967275,16.653181076049805,1433234.0,0.0,0.0
2009-02-02,16.36542047435057,16.453961184438338,16.092416902366665,16.276878356933594,1514978.0,0.0,0.0
2009-02-03,16.4834796410623,16.88929437538481,16.23999051900288,16.79337501525879,1115171.0,0.0,0.0
2009-02-04,16.82288995907071,16.992595626012363,16.52775181032608,16.608915328979492,696269.0,0.0,0.0
2009-02-05,16.56464305799564,16.741725926925238,16.24736905674819,16.54250717163086,1486666.0,0.0,0.0
2009-02-06,16.549884126412664,17.095889935549966,16.527748242286908,16.977834701538086,1169516.0,0.0,0.0
2009-02-09,16.940935919298372,17.118020118669257,16.726961406662696,16.896665573120117,856221.0,0.0,0.0
2009-02-10,16.719587856237364,16.896670702032054,15.94485022996942,16.040769577026367,1097580.0,0.0,0.0
2009-02-11,16.260708698850404,16.320353608853534,15.850650120334748,16.02212905883789,832937.0,0.225,0.0
2009-02-12,15.749997158512217,16.051950278695045,15.50768894110106,16.014671325683594,1017550.0,0.0,0.0
2009-02-13,16.014674609675346,16.022130401806532,15.567337036132812,15.567337036132812,893139.0,0.0,0.0
2009-02-17,15.075262069702148,15.33620903579166,14.620470248622608,15.075262069702148,1269314.0,0.0,0.0
2009-02-18,15.202006434086242,15.276562907260322,14.799403754220517,14.918693542480469,900616.0,0.0,0.0
2009-02-19,15.090172275811227,15.187096116526765,14.32224302771589,14.381889343261719,1415155.0,0.0,0.0
2009-02-20,14.202962672764999,14.49373296596287,14.06876263980526,14.270063400268555,1344474.0,0.0,0.0
2009-02-23,14.434083791064975,14.508638869005972,13.621420927494874,13.636332511901855,1436060.0,0.0,0.0
2009-02-24,13.748165824319257,14.41171565284723,13.40520651131761,14.337159156799316,1708720.0,0.0,0.0
2009-02-25,14.352070936246232,14.352070936246232,13.874911630303963,13.949466705322266,1201769.0,0.0,0.0
2009-02-26,13.979290561578075,14.41917235167949,13.964378977021118,14.106036186218262,1234308.0,0.0,0.0
2009-02-27,13.852545705106477,14.232782600112408,13.79290078561812,13.84508991241455,1251141.0,0.0,0.0
2009-03-02,13.569230903602007,13.770531591549219,13.136804938825954,13.218815803527832,1071827.0,0.0,0.0
2009-03-03,13.390294788979443,13.487218659451694,12.846034790947739,12.905679702758789,1013674.0,0.0,0.0
2009-03-04,13.092067334273592,13.50958304665338,13.047334015820955,13.315736770629883,1227250.0,0.0,0.0
2009-03-05,13.077159243885152,13.15171431241251,12.719288373538648,12.831122398376465,1065814.0,0.0,0.0
2009-03-06,13.077162226713655,13.136807148368288,12.562723888663019,12.846036911010742,1154202.0,0.0,0.0
2009-03-09,12.689467184340224,12.905679452189862,12.65218822640281,12.741656303405762,1099928.0,0.0,0.0
2009-03-10,12.97277902436493,13.375383202736902,12.749110984411647,13.338104248046875,1139799.0,0.0,0.0
2009-03-11,13.449942848265719,13.748167445578773,13.345563172670863,13.621421813964844,1072025.0,0.0,0.0
2009-03-12,13.628872179967642,14.158220451668805,13.360469438233821,14.091119766235352,1113815.0,0.0,0.0
2009-03-13,14.091121943659045,14.426625422669833,13.956920552054731,14.359524726867676,816538.0,0.0,0.0
2009-03-16,14.516095128075609,14.829231300458531,14.448994418133054,14.508639335632324,1010669.0,0.0,0.0
2009-03-17,14.501183545070663,14.724851608276369,14.366982138328494,14.724851608276367,796302.0,0.0,0.0
2009-03-18,14.665206994400144,15.3660357871471,14.56828454425546,15.22437858581543,1068368.0,0.0,0.0
2009-03-19,15.284021651320495,15.477867950226752,15.11254272530421,15.134908676147461,805080.0,0.0,0.0
2009-03-20,15.194554316477982,15.388400624756885,14.859052239186902,14.978342056274414,825752.0,0.0,0.0
2009-03-23,15.269111312455022,15.738816227056143,15.052899045103636,15.73136043548584,916982.0,0.0,0.0
2009-03-24,15.567328240202682,16.081766230208604,15.410760960053048,15.71644115447998,1175827.0,0.0,0.0
2009-03-25,15.798461319105545,16.253253233745056,15.418224476932053,15.880472183227539,1107465.0,0.0,0.0
2009-03-26,15.940115778307934,16.394909077443582,15.858104920957295,16.327808380126953,1178891.0,0.0,0.0
2009-03-27,16.275620132944386,16.275620132944386,15.664259455494436,15.776093482971191,1361241.0,0.0,0.0
2009-03-30,15.477866985236114,15.641890110062809,15.127453364087277,15.448043823242188,1728878.0,0.0,0.0
2009-03-31,15.738813387442988,15.90283650625588,15.38839835709526,15.63443374633789,1632580.0,0.0,0.0
2009-04-01,15.380945308427222,15.791005311619951,15.16473304154659,15.723904609680176,1420382.0,0.0,0.0
2009-04-02,16.081775381847475,16.320355042822513,15.917752220438873,16.126508712768555,1153328.0,0.0,0.0
2009-04-03,16.163792998684837,16.26071548461914,15.835745145746376,16.26071548461914,1010673.0,0.0,0.0
2009-04-06,16.133966863098046,16.260712504272263,15.679174851158809,16.007221221923828,822226.0,0.0,0.0
2009-04-07,15.776096921687168,15.917754145793051,15.567338982059928,15.686630249023438,786633.0,0.0,0.0
2009-04-08,15.761186243079386,15.932666649311654,15.641896391294368,15.902843475341797,892725.0,0.0,0.0
2009-04-09,16.126504602812457,16.40981894455082,15.977393063728686,16.26816177368164,783685.0,0.0,0.0
2009-04-13,16.171243485019772,16.32781085445373,15.94011819388352,16.238344192504883,725682.0,0.0,0.0
2009-04-14,16.09668587511019,16.10414166676616,15.679171496703686,15.880472183227539,1010519.0,0.0,0.0
2009-04-15,15.41076764195045,16.283075297987146,15.41076764195045,16.275619506835938,848925.0,0.0,0.0
2009-04-16,16.350176992986437,16.58875663618155,16.104141558185617,16.49928855895996,770340.0,0.0,0.0
2009-04-17,16.58876133682484,16.894441769043002,16.387459172569784,16.81988525390625,1009464.0,0.0,0.0
2009-04-20,16.648400996417962,16.648400996417962,16.13396276901168,16.163785934448242,778241.0,0.0,0.0
2009-04-21,15.94756691669223,16.633483849778255,15.94756691669223,16.626028060913086,871805.0,0.0,0.0
2009-04-22,16.417271660873638,17.03608791621946,16.342715194268266,16.626028060913086,1032869.0,0.0,0.0
2009-04-23,16.670771404730367,17.595268370828787,16.670771404730367,17.513256072998047,1477100.0,0.0,0.0
2009-04-24,17.625086691371664,18.17680244662942,17.446151967129698,18.027690887451172,1227410.0,0.0,0.0
2009-04-27,17.856216879586967,17.930771968716527,17.520713290315253,17.625091552734375,805082.0,0.0,0.0
2009-04-28,17.5281639793608,17.871121840036928,17.058459091160486,17.438695907592773,1140871.0,0.0,0.0
2009-04-29,17.572897574556936,18.228992985490926,17.572897574556936,18.027690887451172,1127582.0,0.0,0.0
2009-04-30,18.385564748623093,18.534677765636484,17.811481481782803,17.923316955566406,1062517.0,0.0,0.0
2009-05-01,17.938226390294393,18.3035517028719,17.736925674172095,18.087339401245117,591643.0,0.0,0.0
2009-05-04,18.28864162246951,18.661422729492188,18.005327184785916,18.661422729492188,585676.0,0.0,0.0
2009-05-05,18.564492941752963,18.676326953886786,18.467570510449413,18.616682052612305,806928.0,0.0,0.0
2009-05-06,18.788165519461483,18.96337164625538,18.594319202499708,18.885087966918945,1063852.0,0.0,0.0
2009-05-07,19.123672561576786,19.146039942339502,18.407933441736578,18.571956634521484,1027694.0,0.0,0.0
2009-05-08,18.73597042697549,19.228042602539062,18.713604479481585,19.228042602539062,787184.0,0.0,0.0
2009-05-11,18.475029093495483,18.489939254532917,17.66982209355398,17.856212615966797,1437086.0,0.0,0.0
2009-05-12,18.042605116668266,18.042605116668266,17.2895871529099,17.75929069519043,1809756.0,0.0,0.0
2009-05-13,17.446154426881336,17.557988467544316,17.170297221382448,17.297042846679688,1292423.0,0.0,0.0
2009-05-14,17.23740244009956,17.804028583980894,17.23740244009956,17.58781623840332,942615.0,0.0,0.0
2009-05-15,17.654917604939037,18.17681042418475,17.550539325499372,17.86367416381836,1056834.0,0.0,0.0
2009-05-18,18.072424682130187,18.489939049532758,18.072424682130187,18.452661514282227,795549.0,0.0,0.0
2009-05-19,18.501564754399574,18.772429925717674,18.366132168740524,18.59185218811035,780498.0,0.225,0.0
2009-05-20,18.652048852125763,18.89281729585697,18.095270032130944,18.14041519165039,743006.0,0.0,0.0
2009-05-21,17.88460069402291,17.997460737355112,17.628783830420147,17.92222023010254,787937.0,0.0,0.0
2009-05-22,17.974888154651346,18.208133870643653,17.846979722849966,17.92222023010254,469486.0,0.0,0.0
2009-05-26,17.711543824638067,18.682141661447243,17.68897124793351,18.66709327697754,838709.0,0.0,0.0
2009-05-27,18.621950241354806,18.727286066318573,18.020029191429014,18.035076141357422,741990.0,0.0,0.0
2009-05-28,18.264556025865073,18.659566740463987,18.11783788345057,18.584327697753906,1103856.0,0.0,0.0
2009-05-29,18.591855858469614,18.877769470214844,18.426327907259804,18.877769470214844,706641.0,0.0,0.0
2009-06-01,19.080918049716455,19.577503329614096,19.020725938065016,19.532358169555664,816058.0,0.0,0.0
2009-06-02,19.562456145375396,19.803224606780486,19.35178302409933,19.44207191467285,1007583.0,0.0,0.0
2009-06-03,19.2915897585885,19.2915897585885,18.86272078289309,18.930437088012695,1107524.0,0.0,0.0
2009-06-04,19.02072785126054,19.23139954568436,18.764910992237365,19.171207427978516,675626.0,0.0,0.0
2009-06-05,19.419499055932352,19.457120024422913,18.900342606601505,19.253971099853516,1187558.0,0.0,0.0
2009-06-08,19.058350885767826,19.306643596277492,18.81758237073949,19.163686752319336,597024.0,0.0,0.0
2009-06-09,19.25397377621382,19.314165899072393,18.757388403857238,19.04330062866211,725670.0,0.0,0.0
2009-06-10,19.156153296762202,19.35177797943123,18.71223745870089,18.990625381469727,672132.0,0.0,0.0
2009-06-11,18.96053502750807,19.29159094501583,18.862721942945097,19.141111373901367,1116949.0,0.0,0.0
2009-06-12,19.035776792600807,19.103493111479327,18.674624048644326,18.810056686401367,589566.0,0.0,0.0
2009-06-15,18.674619969107706,18.74233627319336,18.29089472432004,18.74233627319336,1048879.0,0.0,0.0
2009-06-16,18.81757950351034,18.81757950351034,18.20060991898432,18.23070526123047,695873.0,0.0,0.0
2009-06-17,18.17804286725472,18.358619280957996,17.786793253350744,17.982418060302734,733296.0,0.0,0.0
2009-06-18,17.982417652868175,18.320999317824043,17.907177123423125,18.215662002563477,555076.0,0.0,0.0
2009-06-19,18.448900241597922,18.448900241597922,18.042602409830096,18.147939682006836,805180.0,0.0,0.0
2009-06-22,17.899648095235722,17.98993555088435,17.613734470464195,17.704023361206055,677839.0,0.0,0.0
2009-06-23,17.726593602944856,18.020031406561206,17.681449877424328,17.86202621459961,812490.0,0.0,0.0
2009-06-24,17.929749712784762,18.47147894162041,17.929749712784762,18.215662002563477,794311.0,0.0,0.0
2009-06-25,18.027552842665273,18.77243215213292,18.004981699107077,18.659570693969727,703110.0,0.0,0.0
2009-06-26,18.55423896413671,18.71224417942737,18.471474259218112,18.60690689086914,435068.0,0.0,0.0
2009-06-29,18.667099371299358,19.148637785889203,18.569287710499168,19.08844566345215,631024.0,0.0,0.0
2009-06-30,18.97557818427748,19.208823840751474,18.795001874005738,18.96053123474121,703260.0,0.0,0.0
2009-07-01,19.073393592247573,19.141109896304357,18.840149342214833,18.92291259765625,905797.0,0.0,0.0
2009-07-02,18.742338556928498,18.88529537576104,18.268325805664062,18.268325805664062,577101.0,0.0,0.0
2009-07-06,18.140414186335608,19.34425633827649,17.96736062128769,19.18625259399414,2232509.0,0.0,0.0
2009-07-07,19.111015848160086,19.20882893911838,18.501570459848626,18.531665802001953,1271193.0,0.0,0.0
2009-07-08,18.576810253052926,18.67462190515419,18.253277085567305,18.501569747924805,929098.0,0.0,0.0
2009-07-09,18.57681115647396,18.667098618943914,18.162989075691087,18.463951110839844,1199551.0,0.0,0.0
2009-07-10,18.320993095246887,18.764910489596634,18.305944707450195,18.554237365722656,1000327.0,0.0,0.0
2009-07-13,18.52414571436606,18.998158543617134,18.21565944347078,18.915393829345703,943115.0,0.0,0.0
2009-07-14,18.885288662885717,18.998148664965967,18.584328178974122,18.907859802246094,673043.0,0.0,0.0
2009-07-15,20.239618336540115,20.803919971025955,19.7355088189957,19.998849868774414,2621646.0,0.0,0.0
2009-07-16,19.98380678071002,20.41267590704555,19.893519298899196,20.29229164123535,1530114.0,0.0,0.0
2009-07-17,20.284758801693688,20.397620258506276,19.848365665309863,20.134279251098633,1333470.0,0.0,0.0
2009-07-20,20.254667555634033,20.457816496806885,19.96123115289102,20.38257598876953,1407644.0,0.0,0.0
2009-07-21,20.164381246377527,20.73620717170499,20.059045382664983,20.412673950195312,2102932.0,0.0,0.0
2009-07-22,20.35247760318496,20.78510941389148,20.25466595503119,20.390098571777344,1460158.0,0.0,0.0
2009-07-23,20.08913821623747,20.31485828986535,19.50978820947449,19.562456130981445,9414243.0,0.0,0.0
2009-07-24,19.517313951446113,19.855894088745117,19.38940551688604,19.855894088745117,2150021.0,0.0,0.0
2009-07-27,19.833319129565645,19.983798683307498,19.569978116651072,19.976274490356445,1636691.0,0.0,0.0
2009-07-28,19.84836828417997,19.968753949670415,19.70541290751654,19.86341667175293,1473427.0,0.0,0.0
2009-07-29,19.750557528493147,19.951223753243056,19.58502956298317,19.82579803466797,1336288.0,0.0,0.0
2009-07-30,19.991325674770078,20.19447460760736,19.855893052878553,19.998849868774414,1390891.0,0.0,0.0
2009-07-31,19.998849296837005,20.164377254918755,19.758080835956925,19.803224563598633,1464671.0,0.0,0.0
2009-08-03,19.901041894074943,20.36000633239746,19.83332557061705,20.36000633239746,1443935.0,0.0,0.0
2009-08-04,20.179429636934607,20.472866077330124,20.089142163779144,20.412673950195312,1053497.0,0.0,0.0
2009-08-05,20.390097684763294,20.457813990190562,20.104184076271906,20.30733299255371,658279.0,0.0,0.0
2009-08-06,20.412667814603214,20.45781297270483,19.863414640204606,19.968751907348633,751475.0,0.0,0.0
2009-08-07,20.119232466911512,20.307332996447066,19.946180324161162,20.247140884399414,908157.0,0.0,0.0
2009-08-10,20.036470683813913,20.21689779646563,20.028947924422223,20.164379119873047,890725.0,0.0,0.0
2009-08-11,19.953712615678775,20.39010596390582,19.923615829893727,20.262197494506836,722594.0,0.0,0.0
2009-08-12,20.25467029200552,20.653444033911807,20.2320977060168,20.525535583496094,698510.0,0.0,0.0
2009-08-13,20.63086509790802,20.69105720692444,20.32990455282592,20.5706729888916,517317.0,0.0,0.0
2009-08-14,20.589638814609938,20.589638814609938,19.90685814049198,20.020654678344727,613783.0,0.225,0.0
2009-08-17,19.815823271706787,19.815823271706787,19.451672292015708,19.61098861694336,1485200.0,0.0,0.0
2009-08-18,19.70960913522746,19.785473972289434,19.444082929011252,19.679264068603516,1049594.0,0.0,0.0
2009-08-19,19.489606047603925,20.17997343416468,19.489606047603925,19.944793701171875,903861.0,0.0,0.0
2009-08-20,19.982723680500015,20.24066328039118,19.88409894977611,20.17997169494629,800751.0,0.0,0.0
2009-08-21,20.26342081255221,20.437910379013722,20.11927920795555,20.42273712158203,719609.0,0.0,0.0
2009-08-24,20.498602880282338,20.528947949504015,20.104106851389794,20.17997169494629,537292.0,0.0,0.0
2009-08-25,20.263418955646344,20.544118404403932,20.233073890565205,20.248247146606445,426421.0,0.0,0.0
2009-08-26,20.179969833417886,20.37721782966875,19.899270372252815,20.202728271484375,530352.0,0.0,0.0
2009-08-27,20.339281642487407,20.339281642487407,19.91444064717468,20.1116886138916,703709.0,0.0,0.0
2009-08-28,20.233076651335374,20.28618160772446,19.952377164276804,20.17997169494629,542035.0,0.0,0.0
2009-08-31,19.96755151472591,20.248251017140323,19.90685992596085,20.172386169433594,721921.0,0.0,0.0
2009-09-01,20.179971302961395,20.377219313576234,19.75513021309948,19.80823516845703,753067.0,0.0,0.0
2009-09-02,19.884096180984933,19.906856064983106,19.61098480801351,19.70960807800293,410289.0,0.0,0.0
2009-09-03,19.800648383859027,19.86892659649659,19.345460781942435,19.69443702697754,578397.0,0.0,0.0
2009-09-04,19.64132658080909,19.747537907996517,19.45925188034633,19.732364654541016,588490.0,0.0,0.0
2009-09-08,19.929617226698127,19.975135550611387,19.58063955135932,19.914443969726562,664369.0,0.0,0.0
2009-09-09,19.52753676369741,20.02824272325363,19.482018434738183,19.899272918701172,447899.0,0.0,0.0
2009-09-10,19.87651277550435,20.043414265395835,19.60529695005476,20.03582763671875,423279.0,0.0,0.0
2009-09-11,20.081347138036143,20.157211982249283,19.64133277800178,19.755130767822266,528309.0,0.0,0.0
2009-09-14,19.64133177448005,20.377218844647317,19.64133177448005,20.346872329711914,786673.0,0.0,0.0
2009-09-15,20.3848061692839,20.650330949025857,20.096520055561886,20.604812622070312,707707.0,0.0,0.0
2009-09-16,20.673092875573378,20.862754278101573,20.460671583821195,20.817235946655273,737451.0,0.0,0.0
2009-09-17,20.80206671866212,20.80206671866212,20.559300307897594,20.589645385742188,698309.0,0.0,0.0
2009-09-18,20.61240536292474,20.86275840591565,20.54412712874522,20.802066802978516,749159.0,0.0,0.0
2009-09-21,20.635158384621302,20.635158384621302,20.293767327415594,20.42273712158203,869799.0,0.0,0.0
2009-09-22,20.491007144262504,20.536525451365762,20.20272115627312,20.225481033325195,472385.0,0.0,0.0
2009-09-23,20.233078395130637,20.248251654549954,19.922033812042898,19.944793701171875,584956.0,0.0,0.0
2009-09-24,19.975135341443668,20.06617343531832,19.51236113766689,19.679264068603516,827526.0,0.0,0.0
2009-09-25,19.580638842259173,19.819612566402014,19.436497247253605,19.656503677368164,669547.0,0.0,0.0
2009-09-28,19.75512945592641,20.051000737007783,19.671677988133634,19.823406219482422,555991.0,0.0,0.0
2009-09-29,19.815822486141055,20.18755863356655,19.800649227796775,20.06617546081543,699687.0,0.0,0.0
2009-09-30,20.08134472817659,20.15720956328558,19.55788040462744,19.656503677368164,855531.0,0.0,0.0
2009-10-01,19.610986137493317,19.618572766007027,19.102693603086284,19.125452041625977,1037359.0,0.0,0.0
2009-10-02,18.966138488540153,19.26200978592089,18.905446903256887,19.05717658996582,657995.0,0.0,0.0
2009-10-05,19.13304222554881,19.542711559407543,18.988900598007433,19.527538299560547,689235.0,0.0,0.0
2009-10-06,19.70202644679592,19.800651188799705,19.413741744711466,19.527538299560547,673178.0,0.0,0.0
2009-10-07,19.497194592697035,19.497194592697035,19.201321792960726,19.48202133178711,683416.0,0.0,0.0
2009-10-08,19.709608329221286,19.808233047469113,19.51994696782308,19.671676635742188,664068.0,0.0,0.0
2009-10-09,19.717197315884146,19.8916854419624,19.633745843846057,19.868927001953125,778920.0,0.0,0.0
2009-10-12,19.899272918701172,20.088934310866456,19.85375458974195,19.899272918701172,594495.0,0.0,0.0
2009-10-13,19.891688909391707,20.104110217516293,19.762719087852098,20.081350326538086,731575.0,0.0,0.0
2009-10-14,20.202732209053664,20.44550002275645,20.202732209053664,20.41515350341797,651449.0,0.0,0.0
2009-10-15,20.3544600189566,20.528948147921938,20.05100208879915,20.3165283203125,1015086.0,0.0,0.0
2009-10-16,20.255833258677043,20.335490680362536,20.01306550920492,20.126863479614258,657404.0,0.0,0.0
2009-10-19,20.179969409792076,20.566878765815694,20.164796153398672,20.544118881225586,668482.0,0.0,0.0
2009-10-20,20.460675354044493,20.5820585582693,20.286187178846575,20.430330276489258,777133.0,0.0,0.0
2009-10-21,20.43791140032465,20.58963964121923,20.028242111206055,20.028242111206055,439342.0,0.0,0.0
2009-10-22,19.990305210431814,20.195139801684714,19.838575562022,20.050996780395508,867702.0,0.0,0.0
2009-10-23,20.058588948231648,20.104107276527497,19.656506281780533,19.81582260131836,663061.0,0.0,0.0
2009-10-26,19.777888249842118,20.005482771453387,19.284768956853245,19.53512191772461,1020937.0,0.0,0.0
2009-10-27,20.711022031333954,20.99930813805959,20.378660259242345,20.483428955078125,2034463.0,0.0,0.0
2009-10-28,20.369637304670537,20.908275056323504,20.081351128770265,20.088937759399414,1528907.0,0.0,0.0
2009-10-29,20.13445543454546,20.521363427099278,20.13445543454546,20.41515350341797,884463.0,0.0,0.0
2009-10-30,20.38479983525437,20.4523950434655,19.593531896484045,19.595808029174805,1307204.0,0.0,0.0
2009-11-02,19.732374801840486,20.293772445380895,19.717201540582188,20.088937759399414,1387512.0,0.0,0.0
2009-11-03,20.005481384081765,20.331697715865776,19.975134871170855,20.293766021728516,1378970.0,0.0,0.0
2009-11-04,20.44550169573356,20.688268082299302,20.301358611084478,20.354463577270508,934989.0,0.0,0.0
2009-11-05,20.55170567885571,20.85516357421875,20.506187356301602,20.85516357421875,798143.0,0.0,0.0
2009-11-06,20.703437193401452,20.976548600044406,20.680677306597243,20.9310302734375,921678.0,0.0,0.0
2009-11-09,21.173795651118766,21.363457024881566,21.01448079171871,21.348283767700195,887497.0,0.0,0.0
2009-11-10,21.31794286522314,21.65174735342142,21.242078011496023,21.621400833129883,1355878.0,0.0,0.0
2009-11-11,21.727601739893924,21.848984876664193,21.598631976200373,21.66691017150879,811883.0,0.0,0.0
2009-11-12,21.731911886310627,22.0454263315408,21.448983469192562,21.548391342163086,968301.0,0.225,0.0
2009-11-13,21.57133280361935,21.816028347121208,21.502513868390587,21.739561080932617,1049347.0,0.0,0.0
2009-11-16,21.93072415122146,22.251885438483797,21.770142778344542,22.14483070373535,710440.0,0.0,0.0
2009-11-17,22.098956852571195,22.129544344542484,21.793089225317743,22.068370819091797,608038.0,0.0,0.0
2009-11-18,22.098961841662735,22.17542913036243,21.82368164423295,22.121902465820312,775859.0,0.0,0.0
2009-11-19,21.99954481270641,22.030130838389073,21.663089779248,21.900136947631836,709862.0,0.0,0.0
2009-11-20,21.724269482129625,21.961316718089467,21.724269482129625,21.816030502319336,832891.0,0.0,0.0
2009-11-23,22.01484337600206,22.45835178421456,22.01484337600206,22.206010818481445,792182.0,0.0,0.0
2009-11-24,22.244245047581703,22.374238974544735,21.984257193655637,22.091310501098633,755389.0,0.0,0.0
2009-11-25,22.1677782107892,22.588347492652037,22.068371774562394,22.481292724609375,701753.0,0.0,0.0
2009-11-27,21.961312004028258,22.267181033343636,21.80073207628015,21.991899490356445,342676.0,0.0,0.0
2009-11-30,21.938373875451955,22.41246826781428,21.907786387690933,22.404821395874023,806788.0,0.0,0.0
2009-12-01,22.527171084051993,22.710693115257037,22.35894425702121,22.634225845336914,1234078.0,0.0,0.0
2009-12-02,23.00126691251104,23.765936692127088,22.802452594791845,23.6282958984375,1825908.0,0.0,0.0
2009-12-03,23.597704483385776,23.765931271474226,23.2000759386405,23.299482345581055,1490463.0,0.0,0.0
2009-12-04,23.635938385843346,24.018273204713008,23.169489440105046,23.559471130371094,1336428.0,0.0,0.0
2009-12-07,23.55947808119677,23.64359223288186,23.330077705590902,23.375957489013672,1014785.0,0.0,0.0
2009-12-08,23.35301795831028,23.35301795831028,22.963036159136053,23.184789657592773,709012.0,0.0,0.0
2009-12-09,23.13890242856365,23.3071292166521,22.94008815619101,23.299482345581055,446197.0,0.0,0.0
2009-12-10,23.498300945712685,23.582415084494247,23.10831920021424,23.169492721557617,328884.0,0.0,0.0
2009-12-11,23.36830975140977,23.421836406506067,23.039501488970277,23.314783096313477,504286.0,0.0,0.0
2009-12-14,23.421834321638453,23.513595335415506,23.25360749795433,23.4371280670166,540087.0,0.0,0.0
2009-12-15,23.42183727243644,23.64359223288186,23.177143149525648,23.375957489013672,697655.0,0.0,0.0
2009-12-16,23.460065954858706,23.643586502563306,23.223018763051723,23.291837692260742,696920.0,0.0,0.0
2009-12-17,23.245956679517104,23.34918725555958,23.131256525633763,23.322423934936523,875868.0,0.0,0.0
2009-12-18,23.353011607343444,23.406538249017817,22.51187470798323,22.878915786743164,1809930.0,0.0,0.0
2009-12-21,22.90950474497734,23.19243319094169,22.87127184131622,23.054792404174805,420056.0,0.0,0.0
2009-12-22,23.177139446080524,23.291839615555666,22.932445362269082,23.054792404174805,626723.0,0.0,0.0
2009-12-23,23.062444223244295,23.077737971385794,22.802456338807165,22.909509658813477,647718.0,0.0,0.0
2009-12-24,22.95538309929488,23.16184425354004,22.94773622782377,23.16184425354004,171346.0,0.0,0.0
2009-12-28,23.13890498051429,23.20007849733786,22.978323587295108,23.09302520751953,353371.0,0.0,0.0
2009-12-29,23.070092299468612,23.146559585668637,22.810104401483844,23.00891876220703,385729.0,0.0,0.0
2009-12-30,22.924793463304074,23.08537483215332,22.825387060486133,23.08537483215332,464703.0,0.0,0.0
2009-12-31,23.070085342877814,23.146552606019775,22.672456741333008,22.672456741333008,417508.0,0.0,0.0
2010-01-04,22.871275185164436,23.06244264840285,22.710695216120328,22.947742462158203,868984.0,0.0,0.0
2010-01-05,22.963031360248323,23.039497162603126,22.62657628761876,22.77186393737793,623829.0,0.0,0.0
2010-01-06,22.725981274680727,22.959205749254725,22.687748375910918,22.878915786743164,765927.0,0.0,0.0
2010-01-07,22.940095538540394,23.223024025252204,22.825395352546092,23.184789657592773,918280.0,0.0,0.0
2010-01-08,23.177145351694087,23.368312835693363,23.016565365210933,23.36831283569336,574572.0,0.0,0.0
2010-01-11,23.475361823660823,23.505947855134682,23.054792587583815,23.215373992919922,639472.0,0.0,0.0
2010-01-12,23.01656544117908,23.146559389067328,22.871277744482292,23.13126564025879,516925.0,0.0,0.0
2010-01-13,23.1465505637394,23.215370948645788,22.94008940902023,23.077730178833008,613697.0,0.0,0.0
2010-01-14,22.993619360265345,23.123613277298602,22.779512761734203,22.9247989654541,638545.0,0.0,0.0
2010-01-15,22.817741610290376,22.94008863298698,22.703041458823755,22.84832763671875,639594.0,0.0,0.0
2010-01-19,22.77951508685855,23.33772371642273,22.77951508685855,23.314783096313477,406649.0,0.0,0.0
2010-01-20,23.192431427680813,23.268898687681226,22.71833558247159,22.932443618774414,703527.0,0.0,0.0
2010-01-21,22.871269469600847,22.871269469600847,22.098952936101643,22.106599807739258,781213.0,0.0,0.0
2010-01-22,22.076014028665046,22.43540824873644,21.89249202427577,21.946020126342773,701301.0,0.0,0.0
2010-01-25,22.206014562489816,22.313067881610433,21.892498562151285,21.961318969726562,657695.0,0.0,0.0
2010-01-26,21.83132247761032,22.076018041781087,21.754856663454618,21.82367706298828,524035.0,0.0,0.0
2010-01-27,21.754851032728535,22.037777972256325,21.601916527016755,21.976604461669922,973052.0,0.0,0.0
2010-01-28,22.121897258793275,22.167777037817075,21.563688662112792,21.75485610961914,997699.0,0.0,0.0
2010-01-29,21.86955303203021,22.03013296396364,21.380163447465236,21.45663070678711,1208995.0,0.0,0.0
2010-02-01,21.5636919842455,21.731918838911277,21.43369804157446,21.601924896240234,1087212.0,0.0,0.0
2010-02-02,21.60192092469426,22.121896599780104,21.49486762399723,22.0071964263916,895851.0,0.0,0.0
2010-02-03,21.976609556046828,21.976609556046828,21.464280739188915,21.708974838256836,631566.0,0.0,0.0
2010-02-04,21.624861180569955,21.624861180569955,21.059005737304688,21.059005737304688,926027.0,0.0,0.0
2010-02-05,21.043712280654397,21.31134699007499,20.71490404837982,21.288406372070312,1074344.0,0.0,0.0
2010-02-08,21.326637524028705,21.5789784673723,21.04371055101798,21.166057586669922,689328.0,0.0,0.0
2010-02-09,21.410750720701405,21.61721188126045,21.120176888371066,21.426044464111328,769512.0,0.0,0.0
2010-02-10,21.426044519886197,21.525450935326184,21.12782235658294,21.341930389404297,643970.0,0.0,0.0
2010-02-11,21.395907007168052,21.673476001099793,21.257122510202183,21.634923934936523,802142.0,0.23,0.0
2010-02-12,21.380481586833156,21.588658287552537,21.21856735556962,21.580947875976562,843275.0,0.0,0.0
2010-02-16,21.765995293120717,21.935621421776535,21.650342050334967,21.812257766723633,573386.0,0.0,0.0
2010-02-17,21.881647756769272,22.035853055400015,21.419034802098484,21.54239845275879,1078925.0,0.0,0.0
2010-02-18,21.550108255338657,22.066694079349247,21.550108255338657,22.035852432250977,829996.0,0.0,0.0
2010-02-19,21.981882095336914,22.166927575143077,21.773705379075945,21.981882095336914,948516.0,0.0,0.0
2010-02-22,22.051269476827887,22.09753046893677,21.773700582953737,21.897064208984375,453730.0,0.0,0.0
2010-02-23,21.89707017821078,22.074405255145752,21.696603863610488,21.712024688720703,492385.0,0.0,0.0
2010-02-24,21.712024865641542,21.951041774354174,21.634922210073032,21.74286651611328,636132.0,0.0,0.0
2010-02-25,21.526976397873682,22.76832471610051,21.28795952221252,22.745193481445312,2000434.0,0.0,0.0
2010-02-26,22.84542712749793,22.860847951436448,22.421364763463725,22.567859649658203,1143335.0,0.0,0.0
2010-03-01,22.621828953822224,22.860845820143073,22.459913258784464,22.830005645751953,966451.0,0.0,0.0
2010-03-02,22.830009275983567,22.92253128447956,22.637253375904304,22.722064971923828,1325183.0,0.0,0.0
2010-03-03,22.729770891335168,22.876265758208337,22.53701502935856,22.621828079223633,977061.0,0.0,0.0
2010-03-04,22.706644257647923,22.76832608315464,22.136085533447375,22.29029083251953,1342137.0,0.0,0.0
2010-03-05,22.398234016810214,22.729774385676727,22.321132836654904,22.714353561401367,1176363.0,0.0,0.0
2010-03-08,22.78375259840568,22.93795794595066,22.68352015192927,22.89169692993164,743584.0,0.0,0.0
2010-03-09,22.8608477042643,22.868558116150194,22.552438581882072,22.67580223083496,1190802.0,0.0,0.0
2010-03-10,22.706640167070194,22.706640167070194,22.38281027384486,22.475332260131836,872035.0,0.0,0.0
2010-03-11,22.475333212350463,22.621828079223633,22.359679989286604,22.621828079223633,440760.0,0.0,0.0
2010-03-12,22.68351165964209,22.7991648916968,22.55243760448391,22.745193481445312,427122.0,0.0,0.0
2010-03-15,22.760619937920946,22.937955035670246,22.606414609940952,22.883983612060547,584787.0,0.0,0.0
2010-03-16,22.99192246799311,23.03818347011202,22.74519516254458,23.007343292236328,809429.0,0.0,0.0
2010-03-17,22.99963073624222,23.230937195886682,22.953369738435452,23.115283966064453,663527.0,0.0,0.0
2010-03-18,23.076735770136633,23.084446182338237,22.71435374971507,22.822298049926758,607005.0,0.0,0.0
2010-03-19,22.837714206485458,22.98420759654158,22.436781677614007,22.475332260131836,968351.0,0.0,0.0
2010-03-22,22.483044281656788,23.015050888061523,22.367391055206344,23.015050888061523,714367.0,0.0,0.0
2010-03-23,23.107577456343645,23.20010093819025,22.89169178305298,23.130708694458008,516407.0,0.0,0.0
2010-03-24,23.022771034161522,23.053611221303807,22.845434443301436,22.89169692993164,455164.0,0.0,0.0
2010-03-25,23.022760861236037,23.069021856813997,22.50617508701546,22.513885498046875,534457.0,0.0,0.0
2010-03-26,22.52159418525664,22.58327747281446,22.27486691746744,22.54472541809082,1124953.0,0.0,0.0
2010-03-29,22.567858650763725,22.776035352887273,22.467624770210616,22.560148239135742,585935.0,0.0,0.0
2010-03-30,22.660381030846136,22.668091442604016,22.251739501953125,22.251739501953125,772783.0,0.0,0.0
2010-03-31,22.220903401688087,22.290295654219992,22.074408482941724,22.143800735473633,1085213.0,0.0,0.0
2010-04-01,22.652669703330922,22.914817810058594,22.444494476726508,22.914817810058594,1032902.0,0.0,0.0
2010-04-05,22.984210920808366,23.2540694492949,22.899399332880524,23.200098037719727,571347.0,0.0,0.0
2010-04-06,23.092152272893326,23.12291597357223,22.860844361966276,23.038179397583008,667904.0,0.0,0.0
2010-04-07,22.937952377645978,23.03047585783466,22.745196475312817,22.768327713012695,800425.0,0.0,0.0
2010-04-08,22.65266823009597,22.72977086893272,22.47548760430316,22.54472541809082,868031.0,0.0,0.0
2010-04-09,22.621827510891094,23.038179397583008,22.598696278615243,23.038179397583008,1200803.0,0.0,0.0
2010-04-12,23.107575777708792,23.107575777708792,22.814587469265046,22.868558883666992,667404.0,0.0,0.0
2010-04-13,22.89169178305298,23.153839932572374,22.768328120998074,23.130708694458008,606607.0,0.0,0.0
2010-04-14,23.169255428013823,23.392852947374962,23.12762097107614,23.34659194946289,593436.0,0.0,0.0
2010-04-15,23.254068122659174,23.778364326239675,23.254068122659174,23.655000686645508,976503.0,0.0,0.0
2010-04-16,23.63957986404359,23.870886320630007,23.431403170749466,23.655000686645508,1489858.0,0.0,0.0
2010-04-19,23.631872266382373,23.70897491796131,23.44682678495938,23.647293090820312,728338.0,0.0,0.0
2010-04-20,23.76294881607114,23.86318271478126,23.655005974947244,23.8092098236084,536321.0,0.0,0.0
2010-04-21,23.80149420787922,23.994250067620154,23.747521331838936,23.955698013305664,807938.0,0.0,0.0
2010-04-22,23.693558279127817,24.163883213295275,23.59332584379609,24.086780548095703,662338.0,0.0,0.0
2010-04-23,24.025091806043672,24.356632141700413,24.025091806043672,24.341211318969727,483388.0,0.0,0.0
2010-04-26,24.325795474042874,24.518551385788417,24.140749975240464,24.148460388183594,623691.0,0.0,0.0
2010-04-27,24.05594471836653,24.171598001792937,23.57790928409642,23.624170303344727,767377.0,0.0,0.0
2010-04-28,23.72438696954759,23.909432382544114,23.570181723412045,23.762937545776367,725710.0,0.0,0.0
2010-04-29,24.433735757233585,24.510838403345186,23.801496706217648,24.194717407226562,1197601.0,0.0,0.0
2010-04-30,24.271819955116907,24.271819955116907,23.392853616589306,23.44682502746582,1587447.0,0.0,0.0
2010-05-03,23.485378430330904,23.516220080592092,23.153839513688112,23.362014770507812,952882.0,0.0,0.0
2010-05-04,23.18467538893415,23.277198851929224,22.737481837447483,22.84542465209961,1318177.0,0.0,0.0
2010-05-05,22.729769726846733,22.783741130137447,21.318796948289144,22.660377502441406,1769315.0,0.0,0.0
2010-05-06,22.5216005072823,22.70664748067915,19.66110342129327,21.95875358581543,2379701.0,0.0,0.0
2010-05-07,21.835385044295506,22.074401914892967,21.241696602885444,21.357351303100586,2310459.0,0.0,0.0
2010-05-10,22.529307020937864,22.845426550641736,21.789125137907533,22.035852432250977,1187268.0,0.0,0.0
2010-05-11,21.89706919089036,22.08211467203689,21.719734121951277,21.858518600463867,1213715.0,0.0,0.0
2010-05-12,21.974171515039682,22.05127416535495,21.74286503470461,22.02814292907715,917965.0,0.0,0.0
2010-05-13,21.934866712555277,22.307962675512897,21.826047859738214,22.276870727539062,2182637.0,0.23,0.0
2010-05-14,22.160277606103435,22.20691404282132,21.83381958398705,22.06700325012207,1489101.0,0.0,0.0
2010-05-17,22.3468278137434,23.069699350664862,22.11364411653135,22.55669403076172,2831007.0,0.0,0.0
2010-05-18,23.124111041608273,23.590479964166704,22.85983536824336,23.07747459411621,3127762.0,0.0,0.0
2010-05-19,23.131878228789336,23.271789018723744,22.603327014612926,22.898693084716797,1935359.0,0.0,0.0
2010-05-20,22.478965014582943,22.681058238421112,22.098097528999922,22.136960983276367,2189144.0,0.0,0.0
2010-05-21,21.63950552063657,22.385694650463893,21.63950552063657,22.362377166748047,2079228.0,0.0,0.0
2010-05-24,22.20691730603253,22.320400257667426,21.81827681700138,21.8260498046875,1333390.0,0.0,0.0
2010-05-25,21.382999506257356,22.03591563488703,21.13426983488334,22.004823684692383,1834534.0,0.0,0.0
2010-05-26,22.028141539736144,22.354599587636265,21.818275334111984,21.89600372314453,1725804.0,0.0,0.0
2010-05-27,22.38568777265233,22.67328233800356,22.19914054751054,22.64996337890625,1157151.0,0.0,0.0
2010-05-28,22.595560484047077,22.64460755294322,22.214692937376928,22.292421340942383,1190929.0,0.0,0.0
2010-06-01,22.15250660872109,22.41678224476212,21.725002688237744,21.74054718017578,1195368.0,0.0,0.0
2010-06-02,21.78718786460422,22.276874262532296,21.616185088704007,22.253555297851562,1292916.0,0.0,0.0
2010-06-03,22.35460090637207,22.42455631237358,22.14473468836755,22.35460090637207,1090824.0,0.0,0.0
2010-06-04,22.020366452570485,22.136958283727477,21.647271999849874,21.725000381469727,1333329.0,0.0,0.0
2010-06-07,21.71722725685454,21.81050012816836,21.27417741174999,21.297494888305664,1350314.0,0.0,0.0
2010-06-08,21.28195370084641,21.647276729514655,21.180907820445213,21.60841178894043,1227777.0,0.0,0.0
2010-06-09,21.74054823183267,21.95818743749602,21.39077268430269,21.476272583007812,1030156.0,0.0,0.0
2010-06-10,21.82605212556838,22.051464344797722,21.662823814440348,22.02037239074707,827727.0,0.0,0.0
2010-06-11,21.81050294645603,22.284644798296082,21.794958454258822,22.26132583618164,581402.0,0.0,0.0
2010-06-14,22.52559925453352,22.681056021536197,22.136958819572435,22.16805076599121,997070.0,0.0,0.0
2010-06-15,22.346827156154216,22.712148666381836,22.26909876518888,22.712148666381836,708883.0,0.0,0.0
2010-06-16,22.556689473072787,22.914237934226293,22.556689473072787,22.789873123168945,656621.0,0.0,0.0
2010-06-17,22.86760737866478,22.89092634268656,22.564468259111017,22.836515426635742,595719.0,0.0,0.0
2010-06-18,22.914247800835604,22.967491962525408,22.77433695751573,22.813201904296875,618907.0,0.0,0.0
2010-06-21,23.108563928052185,23.14742886783847,22.5566951259997,22.66551399230957,732488.0,0.0,0.0
2010-06-22,22.67328457634101,22.78210343111341,22.206915726173193,22.222461700439453,623023.0,0.0,0.0
2010-06-23,22.191366914742414,22.401233092868413,21.942637288465164,22.28464126586914,865885.0,0.0,0.0
2010-06-24,22.175820135306758,22.362367335753284,21.95818099351313,22.012590408325195,672897.0,0.0,0.0
2010-06-25,21.989277569399,22.183597796137928,21.849366768939664,22.028141021728516,1005597.0,0.0,0.0
2010-06-28,22.10586636692499,22.13695682800108,21.802725846796644,21.91931915283203,483549.0,0.0,0.0
2010-06-29,21.608413018622343,21.709460387319794,21.212000980027668,21.320819854736328,1086299.0,0.0,0.0
2010-06-30,21.32858771121014,21.351905188725073,20.971037736343092,20.986583709716797,1842336.0,0.0,0.0
2010-07-01,21.025449752807617,21.157587577683955,20.667901216404466,21.025449752807617,1123295.0,0.0,0.0
2010-07-02,21.05653626078253,21.211993008412573,20.831124124973503,21.048763275146484,819559.0,0.0,0.0
2010-07-06,21.22754155637334,21.336361893541696,20.7145362666584,20.768945693969727,1400058.0,0.0,0.0
2010-07-07,20.8078097451454,21.009902954101562,20.660125961187884,21.009902954101562,1572775.0,0.0,0.0
2010-07-08,21.13427285244125,21.515140401431314,21.087634920490306,21.468503952026367,1204688.0,0.0,0.0
2010-07-09,21.577319575278935,21.709457397460938,21.460727728070296,21.709457397460938,645088.0,0.0,0.0
2010-07-12,21.608409362155264,21.896003959921938,21.60063785745911,21.74054718017578,710012.0,0.0,0.0
2010-07-13,21.950414375983154,22.051461732129674,21.77164010901106,21.927095413208008,1113101.0,0.0,0.0
2010-07-14,21.927092029332545,22.02813936988504,21.73277181716528,21.997047424316406,702290.0,0.0,0.0
2010-07-15,22.028144569454803,22.34682967402858,21.87268777000841,22.253555297851562,1286345.0,0.0,0.0
2010-07-16,22.206915509494618,22.253551949292646,21.79495757327829,21.872684478759766,1146445.0,0.0,0.0
2010-07-19,21.95818099351313,22.074772808474037,21.767746559125534,22.012590408325195,624267.0,0.0,0.0
2010-07-20,21.81050353110074,22.58001151095545,21.763867088167487,22.55669403076172,835764.0,0.0,0.0
2010-07-21,22.63442002100836,22.73546588372707,22.090322808550486,22.238006591796875,980294.0,0.0,0.0
2010-07-22,22.455647267943892,23.295110675646118,22.39346484820839,23.0463809967041,1560950.0,0.0,0.0
2010-07-23,22.99974358646565,23.738161087036133,22.97642462408963,23.738161087036133,1435751.0,0.0,0.0
2010-07-26,23.89361818169313,24.45325997780456,23.839208747944976,24.010210037231445,1953276.0,0.0,0.0
2010-07-27,23.878069634669803,23.878069634669803,22.960879382654827,23.271791458129883,1734195.0,0.0,0.0
2010-07-28,23.015288949451254,23.4505658577434,22.789876766780313,23.31842803955078,1435456.0,0.0,0.0
2010-07-29,23.48943176103217,23.62156959300466,22.914243987312457,23.061927795410156,1369371.0,0.0,0.0
2010-07-30,22.91424748288784,23.318434028526706,22.69660971411777,23.287342071533203,1050387.0,0.0,0.0
2010-08-02,23.54384325564497,23.66742976600144,23.466114855656016,23.55161476135254,863766.0,0.0,0.0
2010-08-03,23.450570106790952,23.60602691490706,23.36118296101529,23.38838768005371,768372.0,0.0,0.0
2010-08-04,23.396156003754143,23.48942888398933,23.14742634639938,23.248472213745117,869593.0,0.0,0.0
2010-08-05,23.155202169615517,23.21738459157046,22.813198107590377,23.061927795410156,1533258.0,0.0,0.0
2010-08-06,22.91424791660966,23.13966016144083,22.69661014372013,22.984203338623047,955703.0,0.0,0.0
2010-08-09,23.061925390417553,23.481656324205687,23.061925390417553,23.31842803955078,703417.0,0.0,0.0
2010-08-10,23.108565198767735,23.31843143751641,22.93756390194249,23.12411117553711,826710.0,0.0,0.0
2010-08-11,22.896941235993303,22.896941235993303,22.513106267103517,22.583606719970703,868404.0,0.23,0.0
2010-08-12,22.325106487584815,22.739570458690192,22.325106487584815,22.64627456665039,674238.0,0.0,0.0
2010-08-13,22.622776893926325,22.904778754256174,22.520943718861147,22.69327735900879,633543.0,0.0,0.0
2010-08-16,22.614938786883144,22.983106621743215,22.46610434551559,22.857772827148438,648495.0,0.0,0.0
2010-08-17,23.08493858502584,23.891776153663685,23.014438142421724,23.82127571105957,1696846.0,0.0,0.0
2010-08-18,23.70377534116785,23.70377534116785,23.23377289108859,23.460941314697266,1059291.0,0.0,0.0
2010-08-19,23.343439168167173,23.42177315747577,22.889103823093205,23.084938049316406,737675.0,0.0,0.0
2010-08-20,22.896939876553215,23.108441222597495,22.88910632735564,23.06144142150879,692833.0,0.0,0.0
2010-08-23,23.194610196269615,23.225942900890306,22.701107025146484,22.701107025146484,707316.0,0.0,0.0
2010-08-24,22.47393744524275,22.575770591029364,22.238935464502127,22.364269256591797,747119.0,0.0,0.0
2010-08-25,22.223272556577964,22.528773525089406,21.980436997615538,22.44260597229004,608259.0,0.0,0.0
2010-08-26,22.583604059845126,22.873439386836807,22.54443781024201,22.622770309448242,741680.0,0.0,0.0
2010-08-27,22.748107261832022,23.108441565689894,22.505271715392055,23.022274017333984,837073.0,0.0,0.0
2010-08-30,22.990938316997504,23.01443746777895,22.575769222065347,22.59926986694336,450670.0,0.0,0.0
2010-08-31,22.403439287283767,22.865608253077035,22.35643948397675,22.614940643310547,760585.0,0.0,0.0
2010-09-01,22.87343527899841,23.327770565645128,22.87343527899841,23.288602828979492,942040.0,0.0,0.0
2010-09-02,23.35127252098303,23.79777431397784,23.257272929877054,23.735107421875,677750.0,0.0,0.0
2010-09-03,23.89177621659136,24.079776899331964,23.789943073726434,24.064109802246094,606410.0,0.0,0.0
2010-09-07,23.907450039681137,24.001449660448518,23.727282854796126,23.750782012939453,372920.0,0.0,0.0
2010-09-08,23.742942544727512,23.930943233503807,23.625442301004412,23.648942947387695,828286.0,0.0,0.0
2010-09-09,23.938779876344555,23.97011407557216,23.43744464147771,23.688112258911133,745508.0,0.0,0.0
2010-09-10,23.750777756628068,24.13461270985245,23.71161150401004,24.048446655273438,885592.0,0.0,0.0
2010-09-13,24.20511505436027,24.299116159736414,24.11111544308101,24.173782348632812,647063.0,0.0,0.0
2010-09-14,24.228609353354095,24.33044248789664,24.115025149909208,24.197275161743164,482113.0,0.0,0.0
2010-09-15,24.15811433394367,24.369615692458567,23.977947174066607,24.35394859313965,640964.0,0.0,0.0
2010-09-16,24.30694333828493,24.463609814050113,24.095442027200622,24.197275161743164,524301.0,0.0,0.0
2010-09-17,24.299117281326993,24.510618657613062,24.283450180691666,24.33828353881836,822667.0,0.0,0.0
2010-09-20,24.424447326961097,24.47928067662125,23.954444839150625,24.455780029296875,668482.0,0.0,0.0
2010-09-21,24.479280276845024,24.61244762131493,24.306946681570846,24.3774471282959,982167.0,0.0,0.0
2010-09-22,24.322620038634227,24.620289018381264,24.314787981254145,24.361787796020508,472019.0,0.0,0.0
2010-09-23,24.19728049087413,24.416615398166787,24.079780234648243,24.118947982788086,448883.0,0.0,0.0
2010-09-24,24.424446297301543,24.729947229155844,24.385278553412107,24.651613235473633,767984.0,0.0,0.0
2010-09-27,24.612449763263623,24.737783569660767,24.510616605852256,24.722116470336914,775317.0,0.0,0.0
2010-09-28,24.729952553467005,24.97278664147658,24.40095090444562,24.94145393371582,544993.0,0.0,0.0
2010-09-29,24.878787024097317,25.004120843334324,24.698619845706244,24.94145393371582,594906.0,0.0,0.0
2010-09-30,25.035454597890165,25.06678880105807,24.70645442920944,24.870954513549805,874937.0,0.0,0.0
2010-10-01,24.97277547070843,25.13727696868316,24.902276536257904,25.035442352294922,533647.0,0.0,0.0
2010-10-04,25.004116242584157,25.286197218153017,24.917948697427153,25.23128318786621,1488777.0,0.0,0.0
2010-10-05,25.45061651020049,26.100784565825435,25.442781468023405,25.944116592407227,1562294.0,0.0,0.0
2010-10-06,26.022452073212854,26.163452950469935,25.763949468843855,25.944116592407227,854070.0,0.0,0.0
2010-10-07,26.006787371388754,26.045953621300917,25.779618938427554,25.93628692626953,763703.0,0.0,0.0
2010-10-08,25.920622569544342,26.437624892356002,25.873621271763778,26.257457733154297,1205992.0,0.0,0.0
2010-10-11,26.241783423222294,26.488533445333026,26.139948800109828,26.335783004760742,922819.0,0.0,0.0
2010-10-12,26.280956251468787,26.54729095605455,26.053787799988136,26.40629005432129,671651.0,0.0,0.0
2010-10-13,26.547293053378024,26.829294879123616,26.421959240623735,26.55512809753418,871903.0,0.0,0.0
2010-10-14,26.55512332917364,26.55512332917364,26.06945227729054,26.320119857788086,1078853.0,0.0,0.0
2010-10-15,26.602121356083263,26.6882888962689,26.28878837781841,26.476787567138672,919126.0,0.0,0.0
2010-10-18,26.52378920459218,26.59428964855533,26.33578702462602,26.484622955322266,707098.0,0.0,0.0
2010-10-19,26.226126758236713,26.359295624220042,25.975459115649986,26.15562629699707,739691.0,0.0,0.0
2010-10-20,26.194782138356658,26.492450966120035,26.132116746728634,26.335783004760742,871947.0,0.0,0.0
2010-10-21,26.445457086547403,26.57079089309242,26.014622313311015,26.241790771484375,723612.0,0.0,0.0
2010-10-22,26.241790633894105,26.265289788687568,26.045956375432212,26.257457733154297,513480.0,0.0,0.0
2010-10-25,26.37495520068285,26.531623197400943,26.226122247307085,26.233957290649414,784952.0,0.0,0.0
2010-10-26,26.155626920082497,26.241794484560767,26.02246103912087,26.13212776184082,687010.0,0.0,0.0
2010-10-27,25.91278688762064,26.092954021608683,25.646452213857184,25.991119384765625,765928.0,0.0,0.0
2010-10-28,25.881458054587533,25.881458054587533,24.299116781307223,24.76128578186035,2181323.0,0.0,0.0
2010-10-29,24.769115574976677,24.95319874639225,24.42444689085691,24.878782272338867,1068704.0,0.0,0.0
2010-11-01,24.91012008055979,24.94145428285616,24.1816178063332,24.41661834716797,1444222.0,0.0,0.0
2010-11-02,24.659451180864657,24.894453203810563,24.479284009140645,24.510618209838867,1121051.0,0.0,0.0
2010-11-03,24.588950222250304,24.620284422309915,23.985781812071743,24.275615692138672,1374081.0,0.0,0.0
2010-11-04,24.581112519918857,24.722113408175016,24.306945786194817,24.682947158813477,890963.0,0.0,0.0
2010-11-05,25.074615157584226,25.192116898655353,24.745615063694522,24.863115310668945,1114096.0,0.0,0.0
2010-11-08,24.800451164477302,24.863118069423486,24.479283089866012,24.690784454345703,751111.0,0.0,0.0
2010-11-09,24.58894920349121,24.78478346345937,24.47144894632968,24.58894920349121,773489.0,0.0,0.0
2010-11-10,24.5497866576137,24.792620758309493,24.377453020683955,24.479286193847656,917264.0,0.0,0.0
2010-11-11,24.24427910856297,24.416612699037234,24.158111566277512,24.283445358276367,1050024.0,0.0,0.0
2010-11-12,24.220303972458847,24.228196073439538,23.68365314788668,23.92041015625,1417614.0,0.23,0.0
2010-11-15,24.054576379625235,24.66225469661328,24.054576379625235,24.243982315063477,1177589.0,0.0,0.0
2010-11-16,24.062469870647572,24.220308911922206,23.77836019845909,23.841495513916016,1020794.0,0.0,0.0
2010-11-17,23.896743774414062,24.299232034589593,23.833608449598188,23.896743774414062,814879.0,0.0,0.0
2010-11-18,24.14138895636249,24.401822316088506,24.082198940634683,24.35447120666504,805529.0,0.0,0.0
2010-11-19,24.315011588513865,24.39393111063135,24.015119210785034,24.338687896728516,793983.0,0.0,0.0
2010-11-22,24.19663189250643,24.61490428589718,24.007225951706264,24.583335876464844,629202.0,0.0,0.0
2010-11-23,24.3465843904259,24.45707083815804,24.188745317724305,24.251880645751953,906888.0,0.0,0.0
2010-11-24,24.354478907517358,24.71750670332721,24.354478907517358,24.68593978881836,631765.0,0.0,0.0
2010-11-26,24.464963940816435,24.693830455048055,24.409720714695702,24.56755828857422,180855.0,0.0,0.0
2010-11-29,24.421551663882447,24.859553562734874,24.10982039286401,24.81220245361328,858527.0,0.0,0.0
2010-11-30,24.496530536626224,25.048964262006887,24.315015157533313,24.796422958374023,1256885.0,0.0,0.0
2010-12-01,25.09631845243808,25.459346244536317,25.09631845243808,25.348859786987305,719352.0,0.0,0.0
2010-12-02,25.404096055397403,25.735558347758623,25.404096055397403,25.711883544921875,1267692.0,0.0,0.0
2010-12-03,25.569830361684385,25.88550545854533,25.498802938048,25.846046447753906,777090.0,0.0,0.0
2010-12-06,25.759234936073923,25.79080334906396,25.479072044478883,25.656639099121094,511221.0,0.0,0.0
2010-12-07,25.84604477503591,25.940746996912253,25.672421526154828,25.711883544921875,821953.0,0.0,0.0
2010-12-08,25.703995004161463,25.846049870244897,25.522481122061503,25.54615592956543,537784.0,0.0,0.0
2010-12-09,25.65664111821704,25.806589586455388,25.577723090060918,25.688209533691406,575089.0,0.0,0.0
2010-12-10,25.782915115356445,25.92496999289534,25.577726409205926,25.782915115356445,293304.0,0.0,0.0
2010-12-13,25.822369972199166,26.114370245793335,25.703989936956724,25.711883544921875,523175.0,0.0,0.0
2010-12-14,25.648749736211524,25.86183201836054,25.632965528956447,25.73556137084961,698957.0,0.0,0.0
2010-12-15,25.696109152582295,25.814486222502282,25.53827004882514,25.554054260253906,667786.0,0.0,0.0
2010-12-16,25.60929237178943,25.948645323293267,25.60929237178943,25.893402099609375,537575.0,0.0,0.0
2010-12-17,25.885505875619128,26.256427206199906,25.775019439411135,26.122262954711914,880027.0,0.0,0.0
2010-12-20,26.24064885480806,26.36691952586863,26.09859397354863,26.153837203979492,731862.0,0.0,0.0
2010-12-21,26.248535737829258,26.37480639100981,26.169617708540105,26.185401916503906,668341.0,0.0,0.0
2010-12-22,26.161729225936178,26.24064726160868,26.12226719756984,26.224863052368164,451575.0,0.0,0.0
2010-12-23,26.169614573271655,26.24064199533434,26.11437135728173,26.130155563354492,275136.0,0.0,0.0
2010-12-27,26.019666341429076,26.248529778620647,25.995988529594033,26.145936965942383,341963.0,0.0,0.0
2010-12-28,26.240644709172017,26.240644709172017,25.988103406948685,26.106483459472656,442301.0,0.0,0.0
2010-12-29,26.18540227723451,26.18540227723451,26.003888398945048,26.059131622314453,467684.0,0.0,0.0
2010-12-30,26.0038796685769,26.13804087728025,25.95652705993102,26.03544807434082,236147.0,0.0,0.0
2010-12-31,26.003890939253562,26.019675148976756,25.759240204339307,25.7750244140625,329777.0,0.0,0.0
2011-01-03,25.8934004328707,25.90918464012578,25.617181321701366,25.73556137084961,1045530.0,0.0,0.0
2011-01-04,25.76713140820901,25.849996243619838,25.32518260882136,25.46723747253418,887234.0,0.0,0.0
2011-01-05,25.411990660759226,25.593504514200358,25.30150422914545,25.50669288635254,886079.0,0.0,0.0
2011-01-06,25.56193520209832,25.76712686260988,25.4357428426737,25.71977424621582,748363.0,0.0,0.0
2011-01-07,25.7197751518346,25.92496380904169,25.483018082586582,25.50669288635254,817870.0,0.0,0.0
2011-01-10,25.44356240818125,25.6487510922864,25.214695906676756,25.601398468017578,684184.0,0.0,0.0
2011-01-11,25.664533751551705,25.790804398118407,25.39620825128126,25.498804092407227,762020.0,0.0,0.0
2011-01-12,25.49098941127187,25.6645344099299,25.45934272241413,25.640859603881836,871560.0,0.0,0.0
2011-01-13,25.50668786011923,25.775013288533174,25.50668786011923,25.64874267578125,811107.0,0.0,0.0
2011-01-14,25.656632208943343,26.011769233384044,25.554039410071727,25.99598503112793,841270.0,0.0,0.0
2011-01-18,25.89340622676787,26.043351713448303,25.700051902525544,25.964433670043945,524082.0,0.0,0.0
2011-01-19,26.00388550144915,26.051235110187044,25.767128426171055,25.846046447753906,513142.0,0.0,0.0
2011-01-20,25.727669382321086,25.988104302637886,25.396210040677772,25.46723747253418,1127882.0,0.0,0.0
2011-01-21,25.68032056376189,25.727670179446605,25.309399184738318,25.419885635375977,619235.0,0.0,0.0
2011-01-24,25.451455741452484,25.782915115356445,25.451455741452484,25.782915115356445,788695.0,0.0,0.0
2011-01-25,25.680316362130853,25.79080279469151,25.483018300978397,25.767127990722656,838411.0,0.0,0.0
2011-01-26,25.86182851331374,26.0670171587612,25.703989472684533,25.980205535888672,643864.0,0.0,0.0
2011-01-27,25.972324270172226,26.138053967639607,25.838162994278743,25.964433670043945,706846.0,0.0,0.0
2011-01-28,25.964429928824412,26.08280697687398,25.47512849652371,25.54615592956543,846446.0,0.0,0.0
2011-01-31,25.77502117098102,26.17750793142492,25.672425325954222,25.688209533691406,1150916.0,0.0,0.0
2011-02-01,24.18874255621236,25.814478196270574,23.778362218251328,25.285720825195312,2869227.0,0.0,0.0
2011-02-02,24.875341893395042,25.262044438169212,24.709610726084097,25.08053207397461,2226466.0,0.0,0.0
2011-02-03,25.356751659072444,25.625077184955273,25.254155808153428,25.585615158081055,2425195.0,0.0,0.0
2011-02-04,25.640852771357835,25.806582390591803,25.37252733570471,25.79079818725586,1724895.0,0.0,0.0
2011-02-07,25.885503326973904,26.090694983039846,25.53036623803616,25.80658531188965,798337.0,0.0,0.0
2011-02-08,25.861834107459764,26.04334798976117,25.7986972733393,25.972320556640625,730890.0,0.0,0.0
2011-02-09,25.901291417422737,26.232753753662113,25.79869557399986,26.23275375366211,694404.0,0.0,0.0
2011-02-10,26.13015612769099,26.295885779240052,25.97231707408399,26.043344497680664,1001287.0,0.0,0.0
2011-02-11,25.979745702875157,26.405056592013743,25.924097775891386,26.321584701538086,747411.0,0.24,0.0
2011-02-14,26.297737671985523,26.393133689426534,26.18643878028884,26.250038146972656,758414.0,0.0,0.0
2011-02-15,26.035395335296958,26.305686583745416,25.9320478787354,26.011547088623047,903557.0,0.0,0.0
2011-02-16,26.13874075211839,26.321584371714597,26.0989926665687,26.218236923217773,812443.0,0.0,0.0
2011-02-17,26.21028416608553,26.40107615807074,26.1466848137011,26.265932083129883,483862.0,0.0,0.0
2011-02-18,26.305684495797777,26.488528115149457,26.19438864337367,26.353384017944336,934473.0,0.0,0.0
2011-02-22,26.122843525194583,26.23413938890363,25.987696381701568,26.05924415588379,1076298.0,0.0,0.0
2011-02-23,25.995641725460334,26.3374806739125,25.749198776027526,25.86049461364746,1235328.0,0.0,0.0
2011-02-24,25.804852198721736,26.150666938728467,25.431215009667874,25.781003952026367,1274644.0,0.0,0.0
2011-02-25,25.828698789951627,26.039366351082805,25.70945151294926,25.955894470214844,684202.0,0.0,0.0
2011-02-28,26.043345183023852,26.17849233102881,25.90025266246705,26.114892959594727,760261.0,0.0,0.0
2011-03-01,26.194395752180938,26.32159147983978,25.49481773376465,25.49481773376465,991916.0,0.0,0.0
2011-03-02,25.470965342757612,25.868452306161753,25.427241534176368,25.717405319213867,1132815.0,0.0,0.0
2011-03-03,25.93204824046169,26.32953519769016,25.93204824046169,26.305686950683594,616112.0,0.0,0.0
2011-03-04,26.337486267700474,26.349410391037427,25.796903770803556,26.011547088623047,438475.0,0.0,0.0
2011-03-07,26.138742325879644,26.305686114790415,25.5663601552316,25.788951873779297,953270.0,0.0,0.0
2011-03-08,25.7730540688637,25.9479493087354,25.661758200794427,25.908201217651367,866147.0,0.0,0.0
2011-03-09,25.804850132146658,26.186437211637134,25.558410182471192,26.122840881347656,798520.0,0.0,0.0
2011-03-10,25.916144738584762,25.916144738584762,25.526609273755547,25.63790512084961,719828.0,0.0,0.0
2011-03-11,25.3835216701682,25.74126059934116,25.3835216701682,25.60611343383789,541324.0,0.0,0.0
2011-03-14,25.39146760747394,25.566361325235484,25.13707619389626,25.526613235473633,761724.0,0.0,0.0
2011-03-15,25.041674638904777,25.47096121767768,25.001926555518626,25.319915771484375,679095.0,0.0,0.0
2011-03-16,25.296069504339645,25.39146704044713,24.79523660957944,24.89063262939453,1017186.0,0.0,0.0
2011-03-17,25.240422945579763,25.31197072247693,24.819086205662273,24.93833351135254,705677.0,0.0,0.0
2011-03-18,25.232471282434037,25.39146666818469,25.041677729308674,25.248371124267578,766011.0,0.0,0.0
2011-03-21,25.510709433801484,25.788949051536637,25.510709433801484,25.63790512084961,592877.0,0.0,0.0
2011-03-22,25.66175424533501,25.71541582794888,25.343765016799633,25.463010787963867,535020.0,0.0,0.0
2011-03-23,25.447114873639524,25.622010113537343,25.311970757416635,25.486865997314453,739504.0,0.0,0.0
2011-03-24,25.62200500003841,25.76510052547205,25.39941330829024,25.431211471557617,951706.0,0.0,0.0
2011-03-25,25.526609273755547,25.749200967943672,25.447110073985225,25.63790512084961,683717.0,0.0,0.0
2011-03-28,25.72536093782922,25.7333093440518,25.439169792450492,25.49481773376465,427774.0,0.0,0.0
2011-03-29,25.439160653285796,25.69355201721191,25.27221688931883,25.693552017211914,367784.0,0.0,0.0
2011-03-30,25.74125224478366,26.019491859065575,25.677652885756732,25.995643615722656,624490.0,0.0,0.0
2011-03-31,25.916143036231958,26.170534393618016,25.916143036231958,26.08308982849121,540955.0,0.0,0.0
2011-04-01,26.194389006634523,26.54815212785332,26.138741079650753,26.321584701538086,741120.0,0.0,0.0
2011-04-04,26.313635149551246,26.329534991626126,26.059243741522767,26.2261905670166,763919.0,0.0,0.0
2011-04-05,26.20233123631481,26.496473675440537,26.130783485255016,26.329526901245117,833705.0,0.0,0.0
2011-04-06,26.39313228633889,26.552127662011355,26.162589143243043,26.33748435974121,677290.0,0.0,0.0
2011-04-07,26.24208566048679,26.34543311092302,25.924097937537407,25.979745864868164,1031127.0,0.0,0.0
2011-04-08,26.01154922316991,26.154644780125544,25.590210957651653,25.765106201171875,573275.0,0.0,0.0
2011-04-11,25.733301977886818,25.82870102076196,25.478910595388747,25.59815788269043,599056.0,0.0,0.0
2011-04-12,25.5425119716869,25.637907989500853,25.256320885660312,25.35966682434082,751886.0,0.0,0.0
2011-04-13,25.53456533269844,25.645861213158984,25.216576019744984,25.311973571777344,985618.0,0.0,0.0
2011-04-14,25.224519486486233,25.455062627058332,25.152971719846086,25.343765258789062,851476.0,0.0,0.0
2011-04-15,25.431210537523054,25.62597977694142,25.399412375423555,25.47890853881836,784180.0,0.0,0.0
2011-04-18,25.280166925496246,25.439162296365424,25.02577554513935,25.057575225830078,980855.0,0.0,0.0
2011-04-19,25.049627039500677,25.462933455846006,25.049627039500677,25.399415969848633,741663.0,0.0,0.0
2011-04-20,25.733306200455925,25.90820144184103,25.65381001759996,25.661758422851562,825258.0,0.0,0.0
2011-04-21,25.781000365251828,25.884347807528204,25.42326155166773,25.431211471557617,918163.0,0.0,0.0
2011-04-25,25.4312114356471,25.510709118141556,25.228493785763813,25.3358154296875,733144.0,0.0,0.0
2011-04-26,25.447113131116634,25.745228342755034,25.375566875312405,25.701507568359375,669090.0,0.0,0.0
2011-04-27,25.68560585528622,25.74125378146463,25.28811741909987,25.56635856628418,1231986.0,0.0,0.0
2011-04-28,24.644187643474062,25.375563595480465,24.644187643474062,25.097322463989258,2158755.0,0.0,0.0
2011-04-29,25.129121585784073,25.168869668132402,24.711759139665904,24.914478302001953,1155620.0,0.0,0.0
2011-05-02,24.970127253839706,25.065524778219903,24.715735877215455,24.85883140563965,916402.0,0.0,0.0
2011-05-03,24.771385274436568,25.017826745660326,24.691887585440817,24.99397850036621,920418.0,0.0,0.0
2011-05-04,24.993980086535338,25.105275948417074,24.811134935353692,24.89063262939453,829405.0,0.0,0.0
2011-05-05,24.7952359997521,25.494812354262447,24.779336158076504,25.367616653442383,1616567.0,0.0,0.0
2011-05-06,25.574304541408978,25.71740006158702,25.399412375423555,25.47890853881836,732717.0,0.0,0.0
2011-05-09,25.455065777564034,25.669709104050316,25.399417844688134,25.629961013793945,627405.0,0.0,0.0
2011-05-10,25.70945615621953,26.083094861229547,25.66175663028694,26.011547088623047,496977.0,0.0,0.0
2011-05-11,25.924105737804222,26.067201317591877,25.757319600026886,25.96385383605957,695944.0,0.0,0.0
2011-05-12,25.908198448953094,26.234137613146373,25.85255052086531,26.178489685058594,612860.0,0.0,0.0
2011-05-13,26.226192198623416,26.226192198623416,25.79292981473664,25.892301559448242,657258.0,0.0,0.0
2011-05-16,25.996417307951674,26.436898210260775,25.668058483856075,26.348804473876953,1050449.0,0.24,0.0
2011-05-17,26.260704283976022,26.37282634767971,26.020442282454244,26.052474975585938,726366.0,0.0,0.0
2011-05-18,26.12454713348679,26.557020457574815,25.98038935879078,26.516977310180664,704474.0,0.0,0.0
2011-05-19,26.51698263823292,26.885384556436176,26.509372391784375,26.66114044189453,1118945.0,0.0,0.0
2011-05-20,26.701185716538028,26.701185716538028,26.268712271228914,26.4368953704834,820996.0,0.0,0.0
2011-05-23,26.212650299072262,26.340790235117982,26.10052823691939,26.212650299072266,600133.0,0.0,0.0
2011-05-24,26.300743356323082,26.380829659357875,26.02276011404278,26.108531951904297,463768.0,0.0,0.0
2011-05-25,26.028445816708235,26.20463935063688,25.860262746192703,26.172603607177734,723968.0,0.0,0.0
2011-05-26,26.076501015284094,26.324770404425966,25.94035062486389,26.196630477905273,622411.0,0.0,0.0
2011-05-27,26.30075816447124,26.420890741758452,26.18863605505563,26.38885498046875,483932.0,0.0,0.0
2011-05-31,26.516982672727462,26.54901841915992,26.252692347305068,26.52499008178711,767637.0,0.0,0.0
2011-06-01,26.492959703276167,26.59707130562516,25.756152746491306,25.76416015625,968048.0,0.0,0.0
2011-06-02,25.860267647960214,26.06849390972027,25.60398623435435,25.708099365234375,898008.0,0.0,0.0
2011-06-03,25.435804746305127,25.644032548829482,25.219568005889602,25.2756290435791,865140.0,0.0,0.0
2011-06-06,25.25960551066698,25.34770074731522,25.139473004017816,25.15549087524414,671470.0,0.0,0.0
2011-06-07,25.347704626000006,25.77216911315918,25.33969568916132,25.77216911315918,1610481.0,0.0,0.0
2011-06-08,25.676058644297584,25.92432798781275,25.62800503502226,25.836231231689453,1183131.0,0.0,0.0
2011-06-09,25.916326447375006,26.605079727425416,25.788186515395648,26.484947204589844,1186339.0,0.0,0.0
2011-06-10,26.364817968879827,26.492960971932824,26.092523252684245,26.116548538208008,974828.0,0.0,0.0
2011-06-13,25.27562572200036,26.10052788580266,25.18753047187186,25.77216911315918,1733779.0,0.0,0.0
2011-06-14,26.036456661936665,26.204642809750062,25.9163271907523,26.180614471435547,1404498.0,0.0,0.0
2011-06-15,25.908316054810474,25.988405421954745,25.28763949870148,25.315670013427734,1712852.0,0.0,0.0
2011-06-16,25.36371676159511,25.419777779234597,24.98730598062417,25.179515838623047,1021319.0,0.0,0.0
2011-06-17,25.37173245049445,25.475845578461186,25.195538888098874,25.419784545898438,1013800.0,0.0,0.0
2011-06-20,25.379736969144876,25.668051018923084,25.37172803338044,25.619998931884766,880190.0,0.0,0.0
2011-06-21,25.76415888852578,25.90030928850187,25.47985002962362,25.716108322143555,1154750.0,0.0,0.0
2011-06-22,25.628009326187243,25.892299638810005,25.58796617263443,25.740131378173828,972903.0,0.0,0.0
2011-06-23,25.49987113457367,25.86026565123272,25.355713327910053,25.828229904174805,1042901.0,0.0,0.0
2011-06-24,25.844248257657906,25.892301879137182,25.55593263897635,25.716108322143555,729209.0,0.0,0.0
2011-06-27,25.764161442652817,26.116548591573927,25.692085585934244,25.980398178100586,854249.0,0.0,0.0
2011-06-28,26.03645591511361,26.484947204589844,26.020441096826037,26.484947204589844,958104.0,0.0,0.0
2011-06-29,26.532995180157588,26.725203509688058,26.30074064813665,26.516977310180664,971960.0,0.0,0.0
2011-06-30,26.63711234480688,27.092572309188718,26.5570260332045,27.05356788635254,1092106.0,0.0,0.0
2011-07-01,27.077592245727864,27.38993309222441,27.013520761781646,27.27781105041504,764221.0,0.0,0.0
2011-07-05,27.229759962920376,27.357899887600837,26.973480113559457,27.077594757080078,590454.0,0.0,0.0
2011-07-06,27.037549977479685,27.30184030459472,26.997506821731122,27.18971824645996,616669.0,0.0,0.0
2011-07-07,27.3899361699232,27.550111842690544,27.349893015505575,27.42997932434082,674149.0,0.0,0.0
2011-07-08,27.157684365570983,27.22976327290904,27.037551834975165,27.173702239990234,561231.0,0.0,0.0
2011-07-11,26.925426014980886,27.069583809557376,26.84533970914805,27.037548065185547,695204.0,0.0,0.0
2011-07-12,27.005520960611914,27.30985142978916,26.97348520961514,27.14166831970215,913381.0,0.0,0.0
2011-07-13,27.245778915341692,27.397944127213407,27.161687372852303,27.197725296020508,798714.0,0.0,0.0
2011-07-14,27.30184058128477,27.389937357882598,26.877377626873773,26.997507095336914,836808.0,0.0,0.0
2011-07-15,27.149679777195324,27.42197756042439,27.05357252069273,27.39794921875,879731.0,0.0,0.0
2011-07-18,27.325862365832297,27.55010951076435,26.89651436630877,26.9894962310791,1096415.0,0.0,0.0
2011-07-19,27.069586157339227,27.13365765163989,26.78127054318024,26.90941047668457,869101.0,0.0,0.0
2011-07-20,26.9975078959083,27.013525769864433,26.82932480201449,26.861360549926758,862604.0,0.0,0.0
2011-07-21,27.085602849854826,27.341882705688473,26.99750607658135,27.341882705688477,1177529.0,0.0,0.0
2011-07-22,27.36590874277303,27.413962362729475,27.021535159257823,27.18971824645996,698286.0,0.0,0.0
2011-07-25,26.893395740589664,27.2057366385197,26.80529896320488,27.09361457824707,895681.0,0.0,0.0
2011-07-26,27.117642180722715,27.133660055717083,26.837333950967142,26.949459075927734,804503.0,0.0,0.0
2011-07-27,26.236673203441605,26.348798310524973,25.355711604892633,25.740131378173828,1995817.0,0.0,0.0
2011-07-28,25.740131767554132,25.900307439285196,25.563939750688697,25.59597396850586,833535.0,0.0,0.0
2011-07-29,25.363723997500074,25.531907098398744,24.951273655016447,25.307662963867188,1524305.0,0.0,0.0
2011-08-01,25.57194983727124,25.611992993230963,25.05138117205243,25.299652099609375,839576.0,0.0,0.0
2011-08-02,25.083414966319207,25.25960851567308,24.835144042968746,24.83514404296875,1125424.0,0.0,0.0
2011-08-03,24.843158087331986,25.099437999939994,24.562851360086185,25.05939483642578,1318290.0,0.0,0.0
2011-08-04,24.82713913459798,25.019349060721282,24.1303768157959,24.1303768157959,1928377.0,0.0,0.0
2011-08-05,24.44271482491049,24.74704677055306,23.90612830617224,24.346609115600586,2068087.0,0.0,0.0
2011-08-08,23.790000066228775,24.138380384362357,23.24940986472672,23.393566131591797,2811685.0,0.0,0.0
2011-08-09,23.681883943647236,24.57085607428694,23.337507297451726,24.562847137451172,3041241.0,0.0,0.0
2011-08-10,24.106352122229982,24.258518890314953,23.345519809353863,23.417598724365234,2790581.0,0.0,0.0
2011-08-11,23.537717842109252,23.914130103017754,22.75286063933301,23.545726776123047,3139428.0,0.0,0.0
2011-08-12,23.753960163622068,23.85807480317447,23.43361036413071,23.657855987548828,1265481.0,0.0,0.0
2011-08-15,24.06965046971653,24.424922500947368,24.013130234305905,24.40877342224121,1236245.0,0.24,0.0
2011-08-16,24.16654535672996,24.360329696696333,23.90816623677479,24.23114013671875,861982.0,0.0,0.0
2011-08-17,24.36032347495475,24.594478915086828,24.319952325295624,24.392620086669922,582633.0,0.0,0.0
2011-08-18,23.79512380985563,23.940462447360403,23.2056962600294,23.342960357666016,1104913.0,0.0,0.0
2011-08-19,23.05228248359316,23.447927226546028,23.05228248359316,23.092655181884766,814116.0,0.0,0.0
2011-08-22,23.5690422412989,23.617487939187857,23.028060404679167,23.092655181884766,607906.0,0.0,0.0
2011-08-23,23.10880788864181,23.649789810180664,22.94732015024825,23.649789810180664,787769.0,0.0,0.0
2011-08-24,23.60940838068844,24.1423155643655,23.447922242033332,24.118093490600586,700767.0,0.0,0.0
2011-08-25,24.231139063933146,24.41684885567136,23.625562450826035,23.66593360900879,649385.0,0.0,0.0
2011-08-26,23.528665563873595,23.93238323814767,23.068427661610865,23.908161163330078,1025019.0,0.0,0.0
2011-08-29,24.20691486831537,24.586410522460938,24.190765789402594,24.586410522460938,569435.0,0.0,0.0
2011-08-30,24.52181219945689,24.87708264377766,24.41684474176975,24.739818572998047,637971.0,0.0,0.0
2011-08-31,24.92553353011095,25.17583809352525,24.885160832746752,25.07894515991211,769304.0,0.0,0.0
2011-09-01,25.02242125284557,25.159685323625183,24.683298345040683,24.739818572998047,634109.0,0.0,0.0
2011-09-02,24.368402090231022,24.562186413128057,24.13424507085904,24.174617767333984,634590.0,0.0,0.0
2011-09-06,23.617483634872414,24.13424175833738,23.569037945812745,24.11001968383789,1042182.0,0.0,0.0
2011-09-07,24.408771419580866,24.715597729580047,24.29573095803421,24.667150497436523,435495.0,0.0,0.0
2011-09-08,24.489510559016708,24.634849147388515,24.311875362151433,24.360321044921875,1093956.0,0.0,0.0
2011-09-09,24.134248668076353,24.142323208574854,23.585192234667268,23.81934928894043,1059045.0,0.0,0.0
2011-09-12,23.585186891709494,23.714377970357614,23.10880143070667,23.61748504638672,858354.0,0.0,0.0
2011-09-13,23.657855096436442,23.972755929611502,23.504443489056005,23.908161163330078,634471.0,0.0,0.0
2011-09-14,24.053502868410128,24.505666290578144,23.714379916768888,24.489517211914062,1190038.0,0.0,0.0
2011-09-15,24.71559878548203,24.893234024081547,24.465292695562574,24.836713790893555,789915.0,0.0,0.0
2011-09-16,24.90131050650566,25.232358932495117,24.88516142717423,25.232358932495117,1055997.0,0.0,0.0
2011-09-19,24.67522593772022,24.860937254267753,24.473367083262293,24.796340942382812,666150.0,0.0,0.0
2011-09-20,24.933611309899714,25.0789499681539,24.626786451410716,24.63486099243164,554149.0,0.0,0.0
2011-09-21,24.65099994201267,24.941675598981515,24.39261935573062,24.400693893432617,1281463.0,0.0,0.0
2011-09-22,23.77089922929352,24.03735285666409,23.310661285658977,23.585187911987305,1506393.0,0.0,0.0
2011-09-23,23.47214331960414,23.803191660866634,23.399474021272315,23.69015121459961,1003768.0,0.0,0.0
2011-09-26,23.900088048610183,24.085797820223213,23.480221272741844,24.06964874267578,867695.0,0.0,0.0
2011-09-27,24.546039661233895,25.115281644970878,24.497593960932736,24.764047622680664,1265180.0,0.0,0.0
2011-09-28,24.909386925713783,24.91746146598876,24.025244016366965,24.04543113708496,796321.0,0.0,0.0
2011-09-29,24.424920747083497,24.57025936488083,23.92431012356611,24.44914436340332,729022.0,0.0,0.0
2011-09-30,24.16654428680416,24.457221553915083,23.66593360900879,23.66593360900879,944801.0,0.0,0.0
2011-10-03,23.496374865886366,23.617489890646695,22.753534096612302,22.79390525817871,928736.0,0.0,0.0
2011-10-04,22.495154405490734,23.633638381958008,22.123733260085086,23.633638381958008,1454983.0,0.0,0.0
2011-10-05,23.657857058685234,24.00101803431735,23.43177612797882,23.9243106842041,954895.0,0.0,0.0
2011-10-06,23.754752338190098,24.263436022706372,23.51252230557492,24.239213943481445,617601.0,0.0,0.0
2011-10-07,24.31996039020068,24.31996039020068,23.730531245312676,23.916242599487305,987165.0,0.0,0.0
2011-10-10,24.27958069994244,24.562183380126953,24.166540243892918,24.562183380126953,712441.0,0.0,0.0
2011-10-11,24.44914292407743,24.634852684747564,24.3683990811589,24.562183380126953,624403.0,0.0,0.0
2011-10-12,24.691375670159196,25.02242407704008,24.55411158388706,24.772119522094727,673567.0,0.0,0.0
2011-10-13,24.634852655371617,24.776153225265023,24.352735094646885,24.739818572998047,614108.0,0.0,0.0
2011-10-14,24.998193010813726,25.07086230189659,24.812483284739923,25.006267547607422,668054.0,0.0,0.0
2011-10-17,24.885160167849232,24.91745832487763,24.356290937026827,24.43299674987793,573470.0,0.0,0.0
2011-10-18,24.360323645292876,25.095089662663373,24.26343072934856,24.990123748779297,978254.0,0.0,0.0
2011-10-19,25.014348874811976,25.175836574402656,24.68330047670584,24.796340942382812,973789.0,0.0,0.0
2011-10-20,24.804410934448242,24.89322930694782,24.34417307706054,24.804410934448242,756742.0,0.0,0.0
2011-10-21,25.03857562971693,25.49881362915039,24.949757229804845,25.49881362915039,935952.0,0.0,0.0
2011-10-24,25.47458300332692,25.967119027297002,25.45036093005666,25.82985496520996,517929.0,0.0,0.0
2011-10-25,25.757189403301233,25.757189403301233,25.36154623517613,25.434215545654297,875188.0,0.0,0.0
2011-10-26,23.633634297547854,23.964682685120327,22.08335828303692,22.624340057373047,4443838.0,0.0,0.0
2011-10-27,23.181471594438502,23.359108383400628,22.547634873967684,23.076505661010742,2174683.0,0.0,0.0
2011-10-28,23.060355178877536,23.189544722956114,22.87464540177219,23.01190948486328,1221017.0,0.0,0.0
2011-10-31,22.826199583659417,22.995760281817883,22.688935501314585,22.697010040283203,1008162.0,0.0,0.0
2011-11-01,22.19640291757414,22.583971609041445,21.97032041085434,22.34174156188965,2203367.0,0.0,0.0
2011-11-02,22.705088099712125,22.737384720533402,22.325592409649847,22.519376754760742,961456.0,0.0,0.0
2011-11-03,22.66470971815046,22.88271762928377,22.51937111072825,22.81812286376953,935380.0,0.0,0.0
2011-11-04,22.527443665285006,23.15724372863769,22.527443665285006,23.157243728637695,1479075.0,0.0,0.0
2011-11-07,23.173398913089184,23.39947986205568,22.96346550329104,23.35103416442871,836813.0,0.0,0.0
2011-11-08,23.41563274351612,23.69823551567425,23.205699299628975,23.649789810180664,1008842.0,0.0,0.0
2011-11-09,23.116875918863276,23.40755316944512,22.72930727812807,22.947315216064453,1178413.0,0.0,0.0
2011-11-10,23.15903641465403,23.313754594402948,22.93102846893033,23.05317497253418,940624.0,0.24,0.0
2011-11-11,23.354472606890024,23.606908937380418,23.305614312996404,23.501049041748047,450540.0,0.0,0.0
2011-11-14,23.346324923141392,23.533616308943063,23.093888639966234,23.256750106811523,481148.0,0.0,0.0
2011-11-15,23.14275316695895,23.476621050198826,23.134609858443675,23.411476135253906,638925.0,0.0,0.0
2011-11-16,23.183462142944336,23.541759858793423,22.9961707552052,23.183462142944336,603501.0,0.0,0.0
2011-11-17,23.102037387733876,23.297472125886998,22.6704513702433,22.80074119567871,779459.0,0.0,0.0
2011-11-18,22.857736825455255,23.069458124741015,22.751876952400785,22.784448623657227,821560.0,0.0,0.0
2011-11-21,22.45872958332708,22.768167524485765,22.377298055703047,22.629735946655273,631852.0,0.0,0.0
2011-11-22,22.646022250476644,23.1264665812884,22.646022250476644,22.882173538208008,1031119.0,0.0,0.0
2011-11-23,22.70302254239892,22.751882390727673,22.409871218312396,22.418014526367188,553650.0,0.0,0.0
2011-11-25,22.409870963788524,22.74373882435705,22.409870963788524,22.491302490234375,241074.0,0.0,0.0
2011-11-28,23.077604293823242,23.216037408484787,22.92288456492457,23.077604293823242,785856.0,0.0,0.0
2011-11-29,23.15089560527326,23.346330342761973,23.077607384567838,23.118322372436523,722585.0,0.0,0.0
2011-11-30,23.769777432265016,24.03035713028488,23.680853360007838,24.014070510864258,1141809.0,0.0,0.0
2011-12-01,23.981492679880656,24.209499080632046,23.737198110705016,23.75348472595215,1028544.0,0.0,0.0
2011-12-02,23.94892198156348,24.128070108692352,23.712772248219846,23.72905731201172,940529.0,0.0,0.0
2011-12-05,24.0140612059021,24.343858132081213,23.916344633596598,24.119922637939453,778484.0,0.0,0.0
2011-12-06,24.079209793823985,24.33978943079235,24.030351500186704,24.136211395263672,847663.0,0.0,0.0
2011-12-07,24.07106862052006,24.258361610229258,23.940778790482444,24.15250015258789,1598187.0,0.0,0.0
2011-12-08,24.04664039380263,24.103642000642253,23.590787516347362,23.65576934814453,682973.0,0.0,0.0
2011-12-09,23.78605082055545,24.282781596767798,23.78605082055545,24.193206787109375,603443.0,0.0,0.0
2011-12-12,23.93263283413926,23.97334937225709,23.578407494988266,23.75348472595215,622845.0,0.0,0.0
2011-12-13,23.95706265720697,24.16878399500633,23.460331766478575,23.631338119506836,502011.0,0.0,0.0
2011-12-14,23.541762954752578,23.729054367122263,23.395186526575575,23.492904663085938,609547.0,0.0,0.0
2011-12-15,23.663912656718377,23.86749071153262,23.4196196122122,23.65576934814453,886894.0,0.0,0.0
2011-12-16,23.79419885978242,23.89191699459275,23.65576574148773,23.8512020111084,913281.0,0.0,0.0
2011-12-19,23.957067449487237,23.957067449487237,23.623199537411804,23.745346069335938,779400.0,0.0,0.0
2011-12-20,24.079211929044572,24.282789982625506,24.054783556648324,24.15250015258789,731312.0,0.0,0.0
2011-12-21,24.144357944290192,24.16878787097697,23.875634963445098,24.071069717407227,828565.0,0.0,0.0
2011-12-22,24.144350882448055,24.323500519397914,24.05477761715003,24.22578239440918,686692.0,0.0,0.0
2011-12-23,24.33978997557956,24.406971101570228,24.152498551463626,24.38050651550293,429388.0,0.0,0.0
2011-12-27,24.274647876463188,24.55200341817124,24.233932885001238,24.4945125579834,517768.0,0.0,0.0
2011-12-28,24.543371044651455,24.543371044651455,24.274648060701892,24.2990779876709,487236.0,0.0,0.0
2011-12-29,24.356070638569058,24.510790346107722,24.31535566177421,24.45378875732422,445594.0,0.0,0.0
2011-12-30,24.478225940127672,24.575944094084665,24.388652648275908,24.4945125579834,334718.0,0.0,0.0
2012-01-03,24.885375876192345,25.080810582306515,24.673654556274418,24.673654556274414,760198.0,0.0,0.0
2012-01-04,24.62479829071302,24.68994319810206,24.502651783505712,24.657371520996094,1308146.0,0.0,0.0
2012-01-05,24.608511441047863,24.83244851416706,24.31536013717953,24.641084671020508,832343.0,0.0,0.0
2012-01-06,24.689942828525204,24.96680906907856,24.5596530156974,24.746944427490234,1146081.0,0.0,0.0
2012-01-09,24.79580425729018,24.893520840263797,24.632941214764703,24.836519241333008,749490.0,0.0,0.0
2012-01-10,25.129671501950494,25.198887283820824,24.68994222944352,24.771373748779297,824457.0,0.0,0.0
2012-01-11,24.74694382702545,24.812088731858662,24.59222564878222,24.771373748779297,674772.0,0.0,0.0
2012-01-12,24.80394840630339,24.860951563914746,24.53522544741592,24.77952003479004,722668.0,0.0,0.0
2012-01-13,24.657367351035525,24.689939022633094,24.258354666610042,24.339784622192383,828053.0,0.0,0.0
2012-01-17,24.461936868305486,24.65737159102767,24.217642300019918,24.250215530395508,732141.0,0.0,0.0
2012-01-18,24.201359649289788,24.50265586691126,24.128071422116385,24.4945125579834,759144.0,0.0,0.0
2012-01-19,24.55151617854682,24.860955730445262,24.404939712192554,24.82838249206543,703536.0,0.0,0.0
2012-01-20,24.78765799006034,24.82837296924157,24.39271616865944,24.42121696472168,1018978.0,0.0,0.0
2012-01-23,24.42122184998043,24.657373125366938,24.28686114926313,24.429365158081055,710544.0,0.0,0.0
2012-01-24,24.299070474001095,24.543363455442268,24.299070474001095,24.42121696472168,1614573.0,0.0,0.0
2012-01-25,24.730662383958553,26.188280425302203,24.616657618938,25.886985778808594,2799731.0,0.0,0.0
2012-01-26,25.919552666417214,26.416281964149793,25.797406168718283,26.090559005737305,1032570.0,0.0,0.0
2012-01-27,26.07427641708574,26.261567846015723,25.68340694283781,25.715978622436523,1023835.0,0.0,0.0
2012-01-30,25.569400883443436,25.740407240482703,25.479827604210627,25.691547393798828,766800.0,0.0,0.0
2012-01-31,25.789268592113167,25.88698674389131,25.300680939577113,25.47168731689453,985862.0,0.0,0.0
2012-02-01,25.63454484259422,25.952127621562425,25.553113320982447,25.667118072509766,627661.0,0.0,0.0
2012-02-02,25.715975775697327,25.886982122486287,25.56125604349342,25.601972579956055,418151.0,0.0,0.0
2012-02-03,25.86255874036197,26.000991892985816,25.732268897089813,25.821842193603516,600001.0,0.0,0.0
2012-02-06,25.667120583395853,25.72412218814715,25.47168584431545,25.642690658569336,400334.0,0.0,0.0
2012-02-07,25.55311596556569,25.71190814807231,25.357681225377448,25.53683090209961,605087.0,0.0,0.0
2012-02-08,25.528687449066744,25.67526389167136,25.47168584431545,25.642690658569336,495240.0,0.0,0.0
2012-02-09,25.642689443675764,26.36742831408682,25.455398021744315,26.310426712036133,1276507.0,0.0,0.0
2012-02-10,26.155697541243143,26.155697541243143,25.536821859708102,25.707826614379883,761807.0,0.0,0.0
2012-02-13,25.986910922053667,26.200322255604828,25.814541132786285,25.9622859954834,642307.0,0.25,0.0
2012-02-14,25.830949993921195,25.830949993921195,25.51083385310534,25.707828521728516,446663.0,0.0,0.0
2012-02-15,25.7488794677266,25.913040968795183,25.584716401082986,25.740671157836914,548759.0,0.0,0.0
2012-02-16,25.798122795478747,26.142863916609354,25.7078329696476,26.06899070739746,500839.0,0.0,0.0
2012-02-17,26.126446528899592,26.487604255990316,26.015636718352166,26.24135971069336,962671.0,0.0,0.0
2012-02-21,26.36448191101756,26.471188353194144,25.954077455612534,26.085407257080078,586069.0,0.0,0.0
2012-02-22,25.970491616957315,26.036156515441636,25.592918842066123,25.63395881652832,601588.0,0.0,0.0
2012-02-23,25.59291595343568,25.839158903565185,25.445169557128175,25.64216423034668,605461.0,0.0,0.0
2012-02-24,25.658583902411365,25.773497084090163,25.453380897656547,25.527254104614258,829736.0,0.0,0.0
2012-02-27,25.363097519208676,25.855256398106853,25.24818430833104,25.839168548583984,735868.0,0.0,0.0
2012-02-28,25.84737280263848,26.16666865896458,25.822747876068206,25.9622859954834,590448.0,0.0,0.0
2012-02-29,25.945869368184848,26.192112356638923,25.58881499967928,25.74887466430664,1123685.0,0.0,0.0
2012-03-01,25.83916490190103,26.027951311863728,25.691418471295485,25.945871353149414,574682.0,0.0,0.0
2012-03-02,25.94586933650692,26.142864040144612,25.72424970782399,25.82274627685547,600725.0,0.0,0.0
2012-03-05,25.740668325213907,26.052576238822937,25.568296967649154,25.945871353149414,1197228.0,0.0,0.0
2012-03-06,25.691418780253393,25.90483011974173,25.560088966041324,25.806333541870117,702493.0,0.0,0.0
2012-03-07,25.847376858728826,25.88841840945304,25.584717196394184,25.839168548583984,571312.0,0.0,0.0
2012-03-08,26.01152932505641,26.13465079587981,25.814534658624083,26.077194213867188,497009.0,0.0,0.0
2012-03-09,26.08540252066534,26.249563959905057,25.978696097863804,26.077194213867188,324177.0,0.0,0.0
2012-03-12,26.01153731925406,26.05257730028331,25.695524455489082,25.921247482299805,489263.0,0.0,0.0
2012-03-13,26.05257341686902,26.183903215276416,25.84737041116062,26.151071548461914,526134.0,0.0,0.0
2012-03-14,26.110032830418568,26.25777926099166,25.92945472948193,26.159282684326172,369776.0,0.0,0.0
2012-03-15,26.159282307974102,26.3316536630211,25.986910952927104,26.315237045288086,381229.0,0.0,0.0
2012-03-16,26.35627523593542,26.35627523593542,25.97870088156631,26.06899070739746,759029.0,0.0,0.0
2012-03-19,26.011539420624068,26.134660939233243,25.78991974778252,25.814544677734375,863968.0,0.0,0.0
2012-03-20,25.69141647443034,25.888412743642768,25.592919905398862,25.82274627685547,541881.0,0.0,0.0
2012-03-21,25.87199509115069,26.126446377465477,25.75708034444831,26.060781478881836,431851.0,0.0,0.0
2012-03-22,25.880209039050726,25.929457332327104,25.60934107766813,25.863792419433594,431235.0,0.0,0.0
2012-03-23,25.86378694376399,25.962283509463855,25.576502423585797,25.954076766967773,787435.0,0.0,0.0
2012-03-26,26.11002696964295,26.34806161446659,26.101818662500822,26.265981674194336,637725.0,0.0,0.0
2012-03-27,26.331650805267987,26.454770728178996,26.28855679700207,26.380897521972656,679807.0,0.0,0.0
2012-03-28,26.40551529400255,26.504014968872074,26.05256751916612,26.50401496887207,775724.0,0.0,0.0
2012-03-29,26.36448094640915,26.85697003225562,26.274191124113162,26.807720184326172,1037127.0,0.0,0.0
2012-03-30,26.90621101556893,26.91442088738239,26.44655839077252,26.50401496887207,889771.0,0.0,0.0
2012-04-02,26.421941248897685,27.21813001429613,26.290611433784004,27.095006942749023,1321523.0,0.0,0.0
2012-04-03,27.037546161746818,27.07037939323353,26.55326695634035,26.750263214111328,1199856.0,0.0,0.0
2012-04-04,26.438359637182412,26.58610608047039,26.298823069160424,26.430152893066406,807258.0,0.0,0.0
2012-04-05,26.290607386319614,26.54506023380714,26.055035369083118,26.307024002075195,1039429.0,0.0,0.0
2012-04-09,26.011534035592554,26.0607823197256,25.839162692764805,25.87199592590332,483795.0,0.0,0.0
2012-04-10,25.806329679921486,25.814537987778216,25.338467091110324,25.379507064819336,689906.0,0.0,0.0
2012-04-11,25.56008675975549,25.65037658632326,25.379508672194678,25.519046783447266,801410.0,0.0,0.0
2012-04-12,25.494424058935287,25.880206758061266,25.469800697254822,25.806333541870117,749990.0,0.0,0.0
2012-04-13,25.74887311426866,25.86378629321969,25.56008516453886,25.592918395996094,522046.0,0.0,0.0
2012-04-16,25.66679039199114,25.806328487961196,25.50262737358828,25.724246978759766,562281.0,0.0,0.0
2012-04-17,25.89661973834514,26.167487654178878,25.740666574932362,26.126447677612305,703121.0,0.0,0.0
2012-04-18,26.01153319633777,26.14286299350506,25.929451681714546,26.060781478881836,549292.0,0.0,0.0
2012-04-19,26.126442489081658,26.233147346308755,25.830949706645946,26.077194213867188,554921.0,0.0,0.0
2012-04-20,26.167484448681893,26.450664009681372,26.167484448681893,26.34806251525879,568824.0,0.0,0.0
2012-04-23,26.093618846887484,26.093618846887484,25.79812597363713,25.921247482299805,641749.0,0.0,0.0
2012-04-24,25.995116333126987,26.159279360812512,25.90482651134248,25.970491409301758,362497.0,0.0,0.0
2012-04-25,26.17569236913175,26.47118516968417,26.17569236913175,26.446561813354492,754132.0,0.0,0.0
2012-04-26,26.397319656393357,27.480791486491036,26.397319656393357,26.701019287109375,1365581.0,0.0,0.0
2012-04-27,26.774890290924738,27.053966535024188,26.618937116426412,26.62714385986328,1235561.0,0.0,0.0
2012-04-30,26.618934765129133,26.758471309278487,26.380898521539642,26.586101531982422,594473.0,0.0,0.0
2012-05-01,26.569687058153573,26.996509730034113,26.41373388485383,26.676393508911133,743545.0,0.0,0.0
2012-05-02,26.586106973026233,26.701020181408115,26.43836052477807,26.65177345275879,453355.0,0.0,0.0
2012-05-03,26.64356141156058,26.77489122920078,26.331655051633753,26.42194175720215,431429.0,0.0,0.0
2012-05-04,26.307021448155943,26.586097626609117,25.519042755281927,25.64216423034668,1249821.0,0.0,0.0
2012-05-07,25.535463534600805,25.72424993153184,25.395925422613786,25.48621368408203,756291.0,0.0,0.0
2012-05-08,25.322051504930954,26.044365404369756,25.23996998860105,26.011533737182617,1853496.0,0.0,0.0
2012-05-09,25.76528481783517,26.16748245749798,25.609331685393606,26.077194213867188,976577.0,0.0,0.0
2012-05-10,26.249571265057146,26.249571265057146,25.93766334779683,26.019744873046875,632923.0,0.0,0.0
2012-05-11,25.88020324707031,26.126446223918116,25.830953399241018,25.880203247070312,618849.0,0.0,0.0
2012-05-14,25.756092452058162,25.756092452058162,25.42514393187195,25.648534774780273,543408.0,0.25,0.0
2012-05-15,25.665088727535036,25.830645876753874,25.466519567978686,25.540983200073242,534127.0,0.0,0.0
2012-05-16,25.631994827743057,25.648542653357193,25.29277229309082,25.29277229309082,664391.0,0.0,0.0
2012-05-17,25.342413769330008,25.392057245344745,24.8790857064715,24.887359619140625,658178.0,0.0,0.0
2012-05-18,24.928727351522976,25.028012724457824,24.63914830147856,24.746706008911133,792964.0,0.0,0.0
2012-05-21,24.788076293129507,25.2183103189439,24.597781020280394,25.15212059020996,661119.0,0.0,0.0
2012-05-22,25.22657759159457,25.317589036428526,24.9700926575292,25.218303680419922,629013.0,0.0,0.0
2012-05-23,25.069377537706643,25.441695666500085,24.84598823851784,25.416873931884766,635629.0,0.0,0.0
2012-05-24,25.441696571702614,25.557528181187465,24.93699899651179,25.350685119628906,1296000.0,0.0,0.0
2012-05-25,25.37550750008873,25.4416972183463,25.011463260628418,25.143842697143555,613872.0,0.0,0.0
2012-05-29,25.259678136114072,25.48306746881345,25.11075086225615,25.400331497192383,859886.0,0.0,0.0
2012-05-30,25.226581732550063,25.29277145472514,24.953548931316927,24.994916915893555,501687.0,0.0,0.0
2012-05-31,24.93699567478639,25.25139797020443,24.721878730049603,25.1190185546875,678227.0,0.0,0.0
2012-06-01,24.70533309311867,24.928722375982595,24.655689627515887,24.91217613220215,734909.0,0.0,0.0
2012-06-04,24.912178681229385,25.077652182575214,24.42402893279766,24.721881866455078,733371.0,0.0,0.0
2012-06-05,24.581231162733005,24.928727604398755,24.581231162733005,24.887359619140625,507000.0,0.0,0.0
2012-06-06,25.102479648439143,25.474797873114767,25.061111658180817,25.458250045776367,432700.0,0.0,0.0
2012-06-07,25.73954604085957,25.871925448066143,25.54097693004971,25.640260696411133,999064.0,0.0,0.0
2012-06-08,25.723003934754715,26.293891241459004,25.723003934754715,26.26079559326172,1111826.0,0.0,0.0
2012-06-11,26.451085287262995,26.566918453566817,26.029125329789924,26.14495849609375,872986.0,0.0,0.0
2012-06-12,26.244254532316454,26.475919395135485,26.178064796952125,26.45937156677246,686347.0,0.0,0.0
2012-06-13,26.37662595979986,26.51727930181943,26.219426372550622,26.29388999938965,734750.0,0.0,0.0
2012-06-14,26.351809953436305,26.674486246590757,26.26079848894562,26.566926956176758,874378.0,0.0,0.0
2012-06-15,26.74895038556576,26.80686619929328,26.509011639451668,26.608295440673828,1178631.0,0.0,0.0
2012-06-18,26.54209816546883,26.575190650380673,26.417991089483753,26.517274856567383,850642.0,0.0,0.0
2012-06-19,26.56692230274373,26.715849553792538,26.451089119657293,26.50900650024414,716491.0,0.0,0.0
2012-06-20,26.55037447971892,26.674481574317763,26.393173317157704,26.50900650024414,614984.0,0.0,0.0
2012-06-21,26.550373142483295,26.68275256383987,26.037401701161194,26.062223434448242,801697.0,0.0,0.0
2012-06-22,26.24425042209774,26.38490378497961,26.078776898646282,26.18633460998535,704461.0,0.0,0.0
2012-06-25,25.954669379903294,26.136690715228866,25.905025906379354,26.053953170776367,615528.0,0.0,0.0
2012-06-26,26.095318630654113,26.211150227829954,25.91329574584961,25.91329574584961,874600.0,0.0,0.0
2012-06-27,26.020857665955756,26.136689274953852,25.780918958074192,25.838834762573242,642228.0,0.0,0.0
2012-06-28,25.731273651123047,25.814011180037912,25.483061064378447,25.731273651123047,737382.0,0.0,0.0
2012-06-29,26.136690789964145,26.144964702241793,25.805742189295245,25.929847717285156,1067264.0,0.0,0.0
2012-07-02,25.84710867437129,25.988341176808536,25.55752807378873,25.838834762573242,733627.0,0.0,0.0
2012-07-03,25.847104037151105,26.153232406407383,25.780914332729076,26.14495849609375,332348.0,0.0,0.0
2012-07-05,26.12013856259751,26.227697825989342,25.971211322877835,26.02912712097168,653368.0,0.0,0.0
2012-07-06,25.772649112456552,25.830564926093047,25.342415099603226,25.483068466186523,833675.0,0.0,0.0
2012-07-09,25.408599514795718,25.49133705044663,25.110746595774557,25.375505447387695,514750.0,0.0,0.0
2012-07-10,25.49134314723234,25.631996518052905,25.003193306036703,25.15212059020996,1022535.0,0.0,0.0
2012-07-11,25.193488078375466,25.35896159751405,25.00732898851802,25.12729835510254,845960.0,0.0,0.0
2012-07-12,24.920450947975446,25.03628254908005,24.74670196823133,24.862533569335938,900816.0,0.0,0.0
2012-07-13,24.854262573380307,25.028009984385047,24.80461910330413,24.94527244567871,1115428.0,0.0,0.0
2012-07-16,24.87080702209621,25.20175557492802,24.754975423126872,25.06110382080078,1508507.0,0.0,0.0
2012-07-17,25.102477365534153,25.1769410036973,24.895634276878194,25.069381713867188,2329971.0,0.0,0.0
2012-07-18,24.994910874611502,25.408596932739496,24.994910874611502,25.3424072265625,1596371.0,0.0,0.0
2012-07-19,25.408598388393685,25.962937801166685,25.296904535016832,25.92156982421875,1499814.0,0.0,0.0
2012-07-20,25.756103515625,25.871936731011747,25.640271878325954,25.756103515625,3685369.0,0.0,0.0
2012-07-23,25.499607546174726,25.73954620961412,25.210026999229154,25.648534774780273,921587.0,0.0,0.0
2012-07-24,25.756097935054115,25.756097935054115,25.37550745034107,25.50788688659668,822765.0,0.0,0.0
2012-07-25,25.68990659068379,25.780918039131006,25.20175685860969,25.267948150634766,1215564.0,0.0,0.0
2012-07-26,25.540977699735357,25.93811593332297,25.30931294109905,25.441692352294922,1052530.0,0.0,0.0
2012-07-27,25.5658016204834,25.838834393570693,25.08592578966066,25.5658016204834,914352.0,0.0,0.0
2012-07-30,25.483068466186523,25.62372183276982,25.41687873944659,25.483068466186523,999898.0,0.0,0.0
2012-07-31,25.474787994137422,25.648535379549354,25.42762686232057,25.441692352294922,1027534.0,0.0,0.0
2012-08-01,25.47478676244414,25.532702554781253,24.92044741308082,24.986637115478516,1052872.0,0.0,0.0
2012-08-02,24.672237841835887,24.86253306207873,24.481942621593042,24.821165084838867,1672457.0,0.0,0.0
2012-08-03,25.1934871673584,25.416876489021917,25.061107725599488,25.1934871673584,1252643.0,0.0,0.0
2012-08-06,25.309314840902843,25.45824208419895,25.02800817647401,25.06110382080078,942230.0,0.0,0.0
2012-08-07,25.119018554687504,25.193482173176665,24.94526958551709,25.1190185546875,623610.0,0.0,0.0
2012-08-08,25.019733818167214,25.08592352755044,24.837712511885126,24.91217613220215,638615.0,0.0,0.0
2012-08-09,24.870806301695502,24.96181774287073,24.73015297355521,24.788068771362305,583765.0,0.0,0.0
2012-08-10,24.63914741133932,25.07765371590034,24.63914741133932,25.052833557128906,679404.0,0.0,0.0
2012-08-13,24.98664170440129,25.276220719269492,24.98664170440129,25.168663024902344,559651.0,0.0,0.0
2012-08-14,25.19349023109814,25.38378550450714,25.19349023109814,25.284500122070312,898511.0,0.0,0.0
2012-08-15,25.359568262266116,25.359568262266116,25.109309998242082,25.192729949951172,656278.0,0.25,0.0
2012-08-16,25.201073965363143,25.5347538179095,25.192733401042595,25.476360321044922,651382.0,0.0,0.0
2012-08-17,25.526411463382747,25.78501191509601,25.41796503482001,25.67656707763672,2470865.0,0.0,0.0
2012-08-20,25.601494421331825,25.65988792948926,25.468023090942328,25.60983657836914,632008.0,0.0,0.0
2012-08-21,25.6515446252275,25.818384576304606,25.518073300807295,25.534757614135742,474792.0,0.0,0.0
2012-08-22,25.534758756137077,25.609836578369137,25.27615666129163,25.60983657836914,554336.0,0.0,0.0
2012-08-23,25.543097806531023,25.543097806531023,25.176050897049585,25.21776008605957,540081.0,0.0,0.0
2012-08-24,25.151028021905933,25.401287965027183,25.13476216777604,25.359577178955078,502916.0,0.0,0.0
2012-08-27,25.367915542495773,25.4263090431604,25.276153417963606,25.301179885864258,504013.0,0.0,0.0
2012-08-28,25.242783962367543,25.384597417986033,25.059261322021488,25.059261322021484,513366.0,0.0,0.0
2012-08-29,25.117652142106827,25.284490454352582,25.03423219043233,25.251123428344727,331348.0,0.0,0.0
2012-08-30,25.142677024263776,25.242781284535333,24.967496557667598,25.192729949951172,408624.0,0.0,0.0
2012-08-31,25.301179908186853,25.543097658129255,25.125999406038407,25.242786407470703,540462.0,0.0,0.0
2012-09-04,25.242782749519183,25.276149777477357,24.967498006675093,25.15936279296875,588034.0,0.0,0.0
2012-09-05,25.117659268862877,25.309524098380695,25.067606328994472,25.276155471801758,568752.0,0.0,0.0
2012-09-06,25.417965760143343,25.77667049529635,25.36791441766491,25.659883499145508,574419.0,0.0,0.0
2012-09-07,25.759985021230275,25.826720671890065,25.559778069250903,25.58480453491211,462693.0,0.0,0.0
2012-09-10,25.367912277724454,25.584803531639537,25.33454524925471,25.426305770874023,488781.0,0.0,0.0
2012-09-11,25.142681479839606,25.417966255491006,25.050920948691488,25.409624099731445,762075.0,0.0,0.0
2012-09-12,25.35123045512891,25.442992576854294,25.192734269916805,25.434650421142578,1027628.0,0.0,0.0
2012-09-13,25.51807267722747,26.085326587703324,25.442994860187802,26.018590927124023,1013245.0,0.0,0.0
2012-09-14,26.093667374451165,26.31889922264361,26.035272282293867,26.143718719482422,1372642.0,0.0,0.0
2012-09-17,26.01024793953751,26.068641441790543,25.72662099336254,25.835065841674805,609674.0,0.0,0.0
2012-09-18,25.793361558912395,25.993568572341644,25.7599929277889,25.968542098999023,494590.0,0.0,0.0
2012-09-19,25.98521886192206,26.293872245688245,25.926825365532,26.28553009033203,483973.0,0.0,0.0
2012-09-20,26.22713435449624,26.569154739379883,26.143714399160476,26.569154739379883,860474.0,0.0,0.0
2012-09-21,26.744340073697025,26.761024385024186,26.410660211567777,26.502422332763672,769559.0,0.0,0.0
2012-09-24,26.54413457784733,26.660921588384262,26.452372446080492,26.577503204345703,553669.0,0.0,0.0
2012-09-25,26.610863510910846,26.685941310444306,26.35226308535297,26.360605239868164,677052.0,0.0,0.0
2012-09-26,26.327241355897687,26.469054825949915,26.18542788584546,26.202112197875977,493451.0,0.0,0.0
2012-09-27,26.235478875557735,26.360608024296265,26.07698110523376,26.318897247314453,502755.0,0.0,0.0
2012-09-28,26.227136151457977,26.38980420040115,26.15205834562214,26.252161026000977,549707.0,0.0,0.0
2012-10-01,26.277190575383912,26.36895270241936,26.149391542827143,26.268848419189453,735707.0,0.0,0.0
2012-10-02,26.293874175932476,26.402319021317368,26.16040286264174,26.22713851928711,434621.0,0.0,0.0
2012-10-03,26.252165957014196,26.469057260045496,26.135378944268,26.385637283325195,543295.0,0.0,0.0
2012-10-04,26.39397736175523,26.669262149482762,26.39397736175523,26.46905517578125,430928.0,0.0,0.0
2012-10-05,26.627554647554277,26.694290309684337,26.560818985424213,26.66926383972168,430550.0,0.0,0.0
2012-10-08,26.602530023423625,26.652582966821896,26.444033809307182,26.51911163330078,320562.0,0.0,0.0
2012-10-09,26.544127829552604,26.685941273910185,26.418998694202568,26.535785675048828,575597.0,0.0,0.0
2012-10-10,26.577498119813864,26.577498119813864,26.239648001118418,26.243818283081055,288748.0,0.0,0.0
2012-10-11,26.33558385998024,26.594184335456745,26.327326032345027,26.46905517578125,745445.0,0.0,0.0
2012-10-12,26.5107677452394,26.64423907004647,26.410663456082247,26.43568992614746,627394.0,0.0,0.0
2012-10-15,26.510765092956476,26.852783936341407,26.444029437229542,26.83609962463379,584875.0,0.0,0.0
2012-10-16,26.90283398957974,27.42003486828401,26.846107972291858,27.395009994506836,584639.0,0.0,0.0
2012-10-17,27.453411039721683,27.66196019778162,27.39501753004151,27.57019805908203,516694.0,0.0,0.0
2012-10-18,27.54516515411167,27.54516515411167,27.34495662052646,27.36164093017578,701995.0,0.0,0.0
2012-10-19,27.344960374648977,27.411697622408468,26.977915058593137,27.044649124145508,1432789.0,0.0,0.0
2012-10-22,26.46071521995579,27.194807517903655,26.46071521995579,27.169782638549805,492991.0,0.0,0.0
2012-10-23,26.869468835755423,27.02379633577113,26.652579143226593,26.952890396118164,557190.0,0.0,0.0
2012-10-24,27.094699571219326,27.261539493086087,26.940372086606377,27.144752502441406,938147.0,0.0,0.0
2012-10-25,27.445064470619975,28.195839366097147,27.378327227178318,27.678638458251953,1496723.0,0.0,0.0
2012-10-26,27.73703270967433,27.78708564361714,27.369987407381434,27.603561401367188,794708.0,0.0,0.0
2012-10-31,27.15309974296216,27.795431531651676,27.15309974296216,27.57019805908203,910833.0,0.0,0.0
2012-11-01,27.52848742187108,27.995638657049028,27.34496315408556,27.920560836791992,834625.0,0.0,0.0
2012-11-02,27.98729782931133,28.09574428815508,27.795432975792565,27.912220001220703,906271.0,0.0,0.0
2012-11-05,27.86216523429422,27.98729280383851,27.77874367239082,27.95392417907715,514132.0,0.0,0.0
2012-11-06,28.07071300121948,28.304286998780515,27.945582255550615,28.1875,480385.0,0.0,0.0
2012-11-07,27.97894886463003,28.13744503982183,27.661953332039605,27.987289428710938,867035.0,0.0,0.0
2012-11-08,27.978944658683254,28.112415939361387,27.545162200927738,27.545162200927734,699366.0,0.0,0.0
2012-11-09,27.486771618692995,27.937238431904113,27.486771618692995,27.536821365356445,711044.0,0.0,0.0
2012-11-12,27.61190123331914,27.845478403314605,27.44506448901699,27.6202449798584,554106.0,0.0,0.0
2012-11-13,27.55299910915985,27.746323618566088,27.25881033537147,27.460538864135742,558135.0,0.25,0.0
2012-11-14,27.51938197231527,27.662272757469903,27.35127271428474,27.410110473632812,970909.0,0.0,0.0
2012-11-15,27.384896361079267,27.494164657948506,27.124326839831582,27.225191116333008,992371.0,0.0,0.0
2012-11-16,27.191564927067038,27.309243641148246,27.04867415530837,27.19997215270996,1325737.0,0.0,0.0
2012-11-19,27.485758880443974,27.922841659231285,27.33446087215539,27.9144344329834,1143541.0,0.0,0.0
2012-11-20,27.897626997258246,27.922845473028993,27.65387191187137,27.872411727905273,518212.0,0.0,0.0
2012-11-21,27.914433047803165,28.13297602956087,27.864002518487677,28.065731048583984,709490.0,0.0,0.0
2012-11-23,28.116163667233664,28.435570901349152,28.040514669848864,28.29267692565918,653094.0,0.0,0.0
2012-11-26,28.19181671255202,28.469194271845623,28.14138297158159,28.326303482055664,589893.0,0.0,0.0
2012-11-27,28.23384259481034,28.382787097519767,28.057329314991303,28.158193588256836,561955.0,0.0,0.0
2012-11-28,28.09095075953797,28.393546808995158,27.906033445416774,28.31789779663086,503166.0,0.0,0.0
2012-11-29,28.368331657333275,28.443980670009537,28.09095087538108,28.250656127929688,572990.0,0.0,0.0
2012-11-30,28.250651946410674,28.316886906930883,28.15819169944544,28.242244720458984,864659.0,0.0,0.0
2012-12-03,28.35993219670924,28.38935108379057,27.76314402011657,27.83038902282715,537953.0,0.0,0.0
2012-12-04,27.86401296192596,27.990092538886515,27.7127149044386,27.721118927001953,575815.0,0.0,0.0
2012-12-05,27.66227697753872,27.73792599487236,27.426925904242015,27.586627960205078,813123.0,0.0,0.0
2012-12-06,27.52778727820189,27.9732741073375,27.51938325779563,27.956462860107422,601367.0,0.0,0.0
2012-12-07,28.015298221783492,28.065728746963263,27.85559300826912,27.973268508911133,411691.0,0.0,0.0
2012-12-10,27.95646323029819,28.166599013830375,27.95646323029819,28.00689697265625,315143.0,0.0,0.0
2012-12-11,28.05733121191245,28.1876143739561,27.977478586702393,28.116168975830078,369154.0,0.0,0.0
2012-12-12,28.191809145451806,28.208620387929564,27.830375448221655,27.88080596923828,529340.0,0.0,0.0
2012-12-13,27.864002998137856,28.090946796798512,27.63705599305997,27.67067527770996,535134.0,0.0,0.0
2012-12-14,27.704299270373188,27.704299270373188,27.363880347513984,27.410110473632812,412255.0,0.0,0.0
2012-12-17,27.502577183384545,27.670683274468423,27.443739410221557,27.63706398010254,392664.0,0.0,0.0
2012-12-18,27.662270003687848,27.838783264160153,27.48575674321554,27.838783264160156,345750.0,0.0,0.0
2012-12-19,27.830383684029435,28.06573473553185,27.788357168606517,28.00689697265625,449863.0,0.0,0.0
2012-12-20,27.990075512087262,28.368320425713392,27.94804901199912,28.28426742553711,542336.0,0.0,0.0
2012-12-21,28.040519330242866,28.250655112745985,27.864006042480465,27.86400604248047,1231502.0,0.0,0.0
2012-12-24,27.906033188576366,28.1876143739561,27.88081471374192,28.116168975830078,216128.0,0.0,0.0
2012-12-26,28.1750034269853,28.301082960662747,28.032109441116795,28.22543716430664,447834.0,0.0,0.0
2012-12-27,28.26746328992079,28.39354282187832,27.9144335463218,28.132976531982422,623731.0,0.0,0.0
2012-12-28,27.990080867973155,28.04891862063841,27.737918612776774,27.746322631835938,340889.0,0.0,0.0
2012-12-31,27.71270089236794,28.166591628915832,27.628644677142955,28.12456512451172,439324.0,0.0,0.0
2013-01-02,28.469196810781686,28.662521358783124,28.418766271731275,28.578468322753906,613358.0,0.0,0.0
2013-01-03,28.603685502357195,28.687741750417256,28.477605939894108,28.53644371032715,648818.0,0.0,0.0
2013-01-04,28.553251517030695,28.746576054631046,28.477602506107285,28.6289005279541,517341.0,0.0,0.0
2013-01-07,28.460796708286935,28.61209475910479,28.284283384472186,28.59528350830078,800834.0,0.0,0.0
2013-01-08,28.59527370956932,28.746571708541946,28.469190974953086,28.519624710083008,1045167.0,0.0,0.0
2013-01-09,28.981927988969055,29.15844128435007,28.822225941684003,28.91468620300293,1044755.0,0.0,0.0
2013-01-10,29.42741317255275,29.42741317255275,28.965115098587553,29.116413116455078,1023238.0,0.0,0.0
2013-01-11,29.007141613235746,29.27611836110276,28.813817080720032,29.116413116455078,734105.0,0.0,0.0
2013-01-14,28.93990609932194,29.4946645495216,28.93990609932194,29.368581771850586,937837.0,0.0,0.0
2013-01-15,29.250899007829556,29.566102667841548,29.217276514554758,29.503061294555664,594437.0,0.0,0.0
2013-01-16,29.410600958777014,29.67537084926839,29.385382488432302,29.612329483032227,768484.0,0.0,0.0
2013-01-17,29.713192518877413,29.99057323630201,29.608124648292392,29.864490509033203,625570.0,0.0,0.0
2013-01-18,29.940142818525704,30.259550078259736,29.92333157260104,30.17549705505371,2335398.0,0.0,0.0
2013-01-22,30.18389828131531,30.284762541111103,29.99897779967552,30.057815551757812,727689.0,0.0,0.0
2013-01-23,30.19230076811955,30.377221240375167,30.041005989312136,30.108247756958008,895240.0,0.0,0.0
2013-01-24,30.167087036946512,30.23433201442171,29.931736028617326,30.057815551757812,566896.0,0.0,0.0
2013-01-25,30.049411532781917,30.113879753128874,29.881302295510924,30.057815551757812,459331.0,0.0,0.0
2013-01-28,30.11665891415082,30.175496670929512,29.91492717204012,30.083036422729492,749926.0,0.0,0.0
2013-01-29,30.15027810027585,30.209115856861583,30.015791341448864,30.192304611206055,591672.0,0.0,0.0
2013-01-30,30.23433201442171,30.293169766504008,30.007385025068423,30.057815551757812,644065.0,0.0,0.0
2013-01-31,30.083037950649988,30.452792388963818,29.839279685090755,29.990577697753906,1260970.0,0.0,0.0
2013-02-01,30.503309256779676,30.679822534699415,30.234335726687487,30.54533576965332,1320412.0,0.0,0.0
2013-02-04,30.486500694222276,30.511715962882803,30.049417867739578,30.141878128051758,1086827.0,0.0,0.0
2013-02-05,30.301572953058084,30.528519936176856,30.209112714778186,30.402437210083008,811925.0,0.0,0.0
2013-02-06,30.301572236783436,30.679817199707028,30.301572236783436,30.67981719970703,632865.0,0.0,0.0
2013-02-07,30.747062173745377,30.755466192291745,30.444466203406503,30.67981719970703,659705.0,0.0,0.0
2013-02-08,30.713441974842485,30.864739971283452,30.646196995794465,30.730253219604492,401772.0,0.0,0.0
2013-02-11,30.7302594375451,30.889961485472536,30.680665774499875,30.88155746459961,520909.0,0.0,0.0
2013-02-12,30.889952530326685,31.158926010131832,30.822707557167,31.158926010131836,828596.0,0.0,0.0
2013-02-13,31.25137916870295,31.385865878153417,31.125296475786104,31.310216903686523,664061.0,0.0,0.0
2013-02-14,31.200192385477408,31.344087542516096,31.124011646764238,31.293302536010742,671633.0,0.26,0.0
2013-02-15,31.31022905927501,31.517608684268517,31.17479700616325,31.411802291870117,859786.0,0.0,0.0
2013-02-19,31.45412340986865,31.817419568356712,31.37794268010464,31.521841049194336,935208.0,0.0,0.0
2013-02-20,31.45412456766165,31.58955662234337,31.25944119086636,31.26790428161621,793174.0,0.0,0.0
2013-02-21,31.225581114383328,31.48798212244583,31.124007884694997,31.31869125366211,927082.0,0.0,0.0
2013-02-22,31.386404582464575,31.648802325537257,31.35254576756671,31.496440887451172,643211.0,0.0,0.0
2013-02-25,31.64881599747013,31.64881599747013,31.047836303710938,31.047836303710938,844527.0,0.0,0.0
2013-02-26,31.20865899503743,31.56417022542711,31.081693235506158,31.538774490356445,849656.0,0.0,0.0
2013-02-27,31.369481032343703,31.86888734399658,31.361014712561246,31.750381469726562,879562.0,0.0,0.0
2013-02-28,31.792705648942906,31.911208290673095,31.60648536682129,31.60648536682129,755450.0,0.0,0.0
2013-03-01,31.49644673779795,31.805402830458366,31.394873503191814,31.72498893737793,1036209.0,0.0,0.0
2013-03-04,31.614946231943996,31.847721568210424,31.598020051992428,31.775774002075195,826519.0,0.0,0.0
2013-03-05,31.90275109729489,32.08050833969448,31.741926498791745,32.01279067993164,772092.0,0.0,0.0
2013-03-06,32.16514033596847,32.25825046936322,32.046637703995,32.15667724609375,760830.0,0.0,0.0
2013-03-07,32.13975027195221,32.31750423337715,32.08049895147723,32.26671600341797,652684.0,0.0,0.0
2013-03-08,32.30903447381476,32.54604295943409,32.23285698041915,32.512184143066406,549327.0,0.0,0.0
2013-03-11,32.529125342304255,32.81691892783916,32.47833709934317,32.80845260620117,530785.0,0.0,0.0
2013-03-12,32.77457809448242,32.83382939593589,32.5883578733694,32.77457809448242,494605.0,0.0,0.0
2013-03-13,32.791521588928475,33.00313439331792,32.664552614712754,32.90155792236328,626751.0,0.0,0.0
2013-03-14,32.926953494091094,33.16395880058645,32.9184871737419,33.06238555908203,431823.0,0.0,0.0
2013-03-15,32.952353180573,33.12164410595449,32.91003125646658,33.028533935546875,885963.0,0.0,0.0
2013-03-18,32.72380897504302,33.01583572328423,32.56772448827574,32.825382232666016,509658.0,0.0,0.0
2013-03-19,32.86771589139725,32.99468168905362,32.723817445972266,32.94389343261719,637400.0,0.0,0.0
2013-03-20,33.0116051981245,33.21475495854586,32.95235385736741,33.13010787963867,505449.0,0.0,0.0
2013-03-21,32.99466807292746,33.20628087731691,32.81691409218956,32.90155792236328,550427.0,0.0,0.0
2013-03-22,32.94387967687923,33.07931497082529,32.850772755724,33.06238555908203,777453.0,0.0,0.0
2013-03-25,33.16395795940793,33.570254144075335,33.1597247993407,33.43482208251953,1186844.0,0.0,0.0
2013-03-26,33.5871858183364,33.77340612638042,33.3840360978379,33.7056884765625,821845.0,0.0,0.0
2013-03-27,33.58717864948265,33.75646950893872,33.384116154118004,33.739540100097656,441898.0,0.0,0.0
2013-03-28,33.84959085213888,34.205098868661466,33.680299936623335,34.162776947021484,665689.0,0.0,0.0
2013-04-01,34.19662489071702,34.34052002428051,33.93422389374554,34.035797119140625,696757.0,0.0,0.0
2013-04-02,34.15430098264689,34.44632764874038,34.12890848262301,34.3489875793457,764568.0,0.0,0.0
2013-04-03,34.40823671086055,34.40823671086055,33.815720325992274,33.917293548583984,926169.0,0.0,0.0
2013-04-04,34.001943399851214,34.27281075644759,33.99348030853029,34.13737869262695,610916.0,0.0,0.0
2013-04-05,33.764933034020416,33.85804316936892,33.55332026421186,33.773399353027344,802946.0,0.0,0.0
2013-04-08,33.815730161555926,34.188167572021484,33.781871334525746,34.188167572021484,505488.0,0.0,0.0
2013-04-09,34.196629903010376,34.3235956461253,33.6972235639328,33.908836364746094,826366.0,0.0,0.0
2013-04-10,33.94269304056635,34.49288763179671,33.94269304056635,34.30666732788086,1149917.0,0.0,0.0
2013-04-11,34.46749523545599,34.48442464758788,33.807261078133145,34.095054626464844,1851914.0,0.0,0.0
2013-04-12,33.9511604309082,34.02734117318745,33.477146564620064,33.9511604309082,1188048.0,0.0,0.0
2013-04-15,33.76494798349964,33.815736233163925,33.24861207992556,33.299400329589844,1313150.0,0.0,0.0
2013-04-16,33.3840364645285,34.124681315532136,33.3840364645285,34.00194549560547,1046120.0,0.0,0.0
2013-04-17,33.90883874203561,33.947773485246934,33.08777998405141,33.52793502807617,1087564.0,0.0,0.0
2013-04-18,33.68875679431728,33.77340385088656,33.24013869584276,33.43482208251953,969467.0,0.0,0.0
2013-04-19,33.49407486285871,34.06119886517008,33.36710588696589,33.81572723388672,2469193.0,0.0,0.0
2013-04-22,33.858049314528806,34.22202360297641,33.74800975014913,34.095054626464844,1053834.0,0.0,0.0
2013-04-23,34.17969882740811,34.67063882233654,34.12891059526174,34.653709411621094,776015.0,0.0,0.0
2013-04-24,34.79761311705653,34.89072327577275,34.63678530510836,34.772220611572266,963237.0,0.0,0.0
2013-04-25,34.289737073459165,34.289737073459165,32.97773834462642,33.09624099731445,2005807.0,0.0,0.0
2013-04-26,33.17242863226419,33.33325646202608,32.6391665842965,32.76613235473633,1235169.0,0.0,0.0
2013-04-29,32.87616654496511,33.04545744006516,32.79998580361785,33.036991119384766,722223.0,0.0,0.0
2013-04-30,33.05392276807517,33.307857513427734,32.89733134340142,33.307857513427734,688990.0,0.0,0.0
2013-05-01,33.223213746550506,33.34171641270787,32.95234958706067,33.04545974731445,673483.0,0.0,0.0
2013-05-02,33.070858673511786,33.29093786392007,33.01160732893019,33.17243194580078,563652.0,0.0,0.0
2013-05-03,33.36710394700269,33.731078212515115,33.257067618511954,33.35017776489258,949193.0,0.0,0.0
2013-05-06,33.43482159126314,33.502452053738594,33.27399702957707,33.35017776489258,652342.0,0.0,0.0
2013-05-07,33.41789245605469,33.42635877613463,33.290926715450766,33.41789245605469,793196.0,0.0,0.0
2013-05-08,33.460213785297576,33.54909077085483,33.28245981418306,33.54486083984375,690134.0,0.0,0.0
2013-05-09,33.59564664656859,33.6210423780169,33.3586413460847,33.43482208251953,562538.0,0.0,0.0
2013-05-10,33.477147483427785,33.62950897216797,33.29939348954937,33.62950897216797,659714.0,0.0,0.0
2013-05-13,33.58718272224606,33.832654336775384,33.36710360958013,33.80725860595703,456361.0,0.0,0.0
2013-05-14,33.764940220941405,34.19663217145175,33.68875947843694,34.17970275878906,518838.0,0.0,0.0
2013-05-15,34.13738094118738,34.492888921274975,33.96809004302196,34.40824508666992,519585.0,0.0,0.0
2013-05-16,34.30666861039749,34.67910923215247,34.200862202663515,34.40824508666992,694383.0,0.0,0.0
2013-05-17,34.52750852768761,34.77456032599712,34.510470136451694,34.74900436401367,658027.0,0.26,0.0
2013-05-20,34.59565985997831,34.87678517287621,34.58713904003983,34.6212158203125,455137.0,0.0,0.0
2013-05-21,34.65529260058516,34.77455808179885,34.4082408182193,34.6212158203125,649246.0,0.0,0.0
2013-05-22,34.60418040994653,34.96198013413842,34.36138901664311,34.433799743652344,898448.0,0.0,0.0
2013-05-23,34.18675166137633,34.40824425579573,34.084521310344954,34.2208251953125,467736.0,0.0,0.0
2013-05-24,34.178224520247774,34.27193403316035,33.863022453874855,34.19526290893555,424425.0,0.0,0.0
2013-05-28,34.544539442785876,34.85122391917794,34.31026892590982,34.391197204589844,526423.0,0.0,0.0
2013-05-29,34.22082657659878,34.23786496912508,33.232622558261056,33.326332092285156,1962119.0,0.0,0.0
2013-05-30,33.30928249727269,33.67134252964261,33.29224736021669,33.50522232055664,446261.0,0.0,0.0
2013-05-31,33.46262375621861,33.837461755357126,33.31780234727138,33.35187911987305,526494.0,0.0,0.0
2013-06-03,33.37744335879151,33.38596092918605,32.84926625133086,33.36040496826172,566841.0,0.0,0.0
2013-06-04,33.31781108296702,33.590418835776376,33.31781108296702,33.437076568603516,682569.0,0.0,0.0
2013-06-05,33.40298659097168,33.40298659097168,32.985557556152344,32.985557556152344,760162.0,0.0,0.0
2013-06-06,32.9429694878622,33.34336350405109,32.815186445279224,33.29225158691406,633165.0,0.0,0.0
2013-06-07,33.42004002694542,33.8545108912211,33.036684337802456,33.7437629699707,478625.0,0.0,0.0
2013-06-10,33.76931473124581,33.84598585953534,33.57337812555935,33.63301086425781,393335.0,0.0,0.0
2013-06-11,33.3689194626196,33.66708639479403,33.198542072508964,33.29225158691406,606637.0,0.0,0.0
2013-06-12,33.48819370961824,33.48819370961824,33.113355590163756,33.130393981933594,341266.0,0.0,0.0
2013-06-13,33.06225058836354,33.72673175783545,33.06225058836354,33.66709899902344,349137.0,0.0,0.0
2013-06-14,33.64154258401651,33.69273901289092,33.43708509241861,33.59042739868164,432551.0,0.0,0.0
2013-06-17,33.743757886126566,34.09303673922528,33.692642718694884,34.0589599609375,670831.0,0.0,0.0
2013-06-18,34.13562190686198,34.30600250273872,34.01635646467013,34.186737060546875,338271.0,0.0,0.0
2013-06-19,34.11007998617125,34.22568301942219,33.58189959671083,33.59893798828125,716728.0,0.0,0.0
2013-06-20,33.35188964905285,33.50523192443054,32.84074764788022,32.90890121459961,768049.0,0.0,0.0
2013-06-21,33.19854812148583,33.2666984399994,32.53406382996773,32.88334274291992,599051.0,0.0,0.0
2013-06-24,32.712968615298024,32.755562974875026,32.3210920578622,32.55110549926758,469579.0,0.0,0.0
2013-06-25,32.73851672932906,32.815187858075944,32.21033964781751,32.6192512512207,516091.0,0.0,0.0
2013-06-26,32.81519334007765,33.13039547769792,32.71296623458426,33.036685943603516,505474.0,0.0,0.0
2013-06-27,33.22410351179721,33.360407396214946,33.096317198393926,33.130393981933594,371349.0,0.0,0.0
2013-06-28,33.096320514168475,33.42004349074583,32.942978222618216,33.3433723449707,1176453.0,0.0,0.0
2013-07-01,33.581897645109045,33.999330089973206,33.445593770207815,33.61597442626953,498065.0,0.0,0.0
2013-07-02,33.58189755480565,33.94821482694404,33.530785632943086,33.65005111694336,499073.0,0.0,0.0
2013-07-03,33.52225509930232,33.58188782402311,33.26668581482183,33.4115104675293,420033.0,0.0,0.0
2013-07-05,33.556329876637626,33.905608636280036,33.47114120345248,33.82893753051758,394855.0,0.0,0.0
2013-07-08,33.52226565196165,34.17822908012447,33.52226565196165,34.12711715698242,702090.0,0.0,0.0
2013-07-09,34.288972934360686,34.58287945657214,34.27193454541825,34.561580657958984,696455.0,0.0,0.0
2013-07-10,34.18674593679679,34.54454235627064,33.93969417111795,34.527503967285156,813349.0,0.0,0.0
2013-07-11,34.910862813971214,35.11532025090802,34.74900297829591,35.09828186035156,505113.0,0.0,0.0
2013-07-12,35.081239138261516,35.38792363092958,35.03779336003833,35.34532928466797,461485.0,0.0,0.0
2013-07-15,35.26866064409807,35.779799334697536,34.77447260015608,35.081241607666016,665905.0,0.0,0.0
2013-07-16,35.021611747051665,35.021611747051665,34.186750083930036,34.348609924316406,944617.0,0.0,0.0
2013-07-17,34.629738785800846,34.646773927251985,34.365648596936445,34.49343490600586,500630.0,0.0,0.0
2013-07-18,34.62973364487389,35.30699253307373,34.62973364487389,35.132354736328125,1194421.0,0.0,0.0
2013-07-19,35.18347604589463,35.25162961874057,34.936424218939926,35.226070404052734,852729.0,0.0,0.0
2013-07-22,35.25162310895837,35.45607729025798,35.191990368600926,35.26866149902344,330352.0,0.0,0.0
2013-07-23,35.447561305425495,35.48163808707966,34.961978540946305,35.14087677001953,349055.0,0.0,0.0
2013-07-24,35.20903265998786,35.36237168808293,35.04716956130483,35.234588623046875,413633.0,0.0,0.0
2013-07-25,34.89381682726567,35.60941282615299,34.65528591088323,35.4219970703125,616912.0,0.0,0.0
2013-07-26,35.33680907544804,35.41348019993832,34.81714959276286,35.06420135498047,653772.0,0.0,0.0
2013-07-29,34.95346059957234,35.174956448826954,34.88531028039163,34.9875373840332,409927.0,0.0,0.0
2013-07-30,35.05568936779759,35.28569952815522,34.885308702938595,35.11532211303711,570006.0,0.0,0.0
2013-07-31,35.21754995513314,35.370892231767606,35.03439130524979,35.08976364135742,558753.0,0.0,0.0
2013-08-01,35.41348361447343,35.924622327198556,35.35385087298019,35.85647201538086,437963.0,0.0,0.0
2013-08-02,35.85646543489755,36.06944040107068,35.754238361061674,35.975730895996094,442585.0,0.0,0.0
2013-08-05,35.95018827643924,35.99278263552711,35.64265225920254,35.7031364440918,331987.0,0.0,0.0
2013-08-06,35.66905070402896,35.74572183103926,35.36236619598775,35.43903732299805,337708.0,0.0,0.0
2013-08-07,35.353842712807726,35.626450396638134,35.12382937024959,35.52422332763672,254163.0,0.0,0.0
2013-08-08,35.64349596581811,35.822394185056375,35.42200339672416,35.44755935668945,416583.0,0.0,0.0
2013-08-09,35.43051875360666,35.796835989016415,35.37940358712842,35.60941696166992,325959.0,0.0,0.0
2013-08-12,35.35385335565543,35.69461468789546,35.34533578473284,35.592384338378906,335464.0,0.0,0.0
2013-08-13,35.69461413005894,35.74572605427753,35.34533523235486,35.54978942871094,317481.0,0.0,0.0
2013-08-14,35.49014736796177,35.74571667119152,35.22605724643835,35.4219970703125,394837.0,0.0,0.0
2013-08-15,35.15791241293471,35.217545151298275,34.536025820185735,34.64677047729492,421523.0,0.0,0.0
2013-08-16,34.53532010659899,34.98115880592081,34.50102733792064,34.929718017578125,656086.0,0.26,0.0
2013-08-19,34.8525500977942,34.929714543283374,34.62962913498102,34.66392517089844,520620.0,0.0,0.0
2013-08-20,34.66392072656552,35.23836453660653,34.595328663525024,35.05831527709961,512200.0,0.0,0.0
2013-08-21,34.98115382109883,35.14405834937095,34.80967691954126,34.81825256347656,377002.0,0.0,0.0
2013-08-22,34.826826300310735,35.04117161798733,34.68107305420265,34.98973083496094,270226.0,0.0,0.0
2013-08-23,35.05830811919845,35.28980137872146,34.67248601999344,35.24693298339844,287027.0,0.0,0.0
2013-08-26,35.212647439610386,35.50415719348067,35.15263101416502,35.26409149169922,401853.0,0.0,0.0
2013-08-27,34.99830258853255,35.09261504994336,34.62105601353926,34.6724967956543,392548.0,0.0,0.0
2013-08-28,34.706788166274706,34.73250855387543,34.432426463035334,34.50101852416992,358403.0,0.0,0.0
2013-08-29,34.42385599050176,34.80110253561299,34.34669155279154,34.46672439575195,358115.0,0.0,0.0
2013-08-30,34.535315015290045,34.535315015290045,34.046607974179324,34.11520004272461,390023.0,0.0,0.0
2013-09-03,34.543882402659186,34.77537567269428,33.89227098982357,34.183780670166016,515490.0,0.0,0.0
2013-09-04,34.16663123240954,34.406700134277344,34.02945040447748,34.406700134277344,393035.0,0.0,0.0
2013-09-05,34.38955782485503,34.466722257778734,34.16663689834236,34.30381774902344,294402.0,0.0,0.0
2013-09-06,34.320972990247746,34.466729514524815,33.78939749076997,34.252384185791016,261776.0,0.0,0.0
2013-09-09,34.355262444626845,34.73250897347609,34.24380197926134,34.552459716796875,831121.0,0.0,0.0
2013-09-10,34.672485623865356,34.84396247384725,34.17520635663162,34.47528839111328,719658.0,0.0,0.0
2013-09-11,34.44958039720617,34.51816919947572,34.22665943086753,34.458152770996094,308334.0,0.0,0.0
2013-09-12,34.3466952888082,34.3809880543487,34.00374146820296,34.08090591430664,510707.0,0.0,0.0
2013-09-13,34.003735848757984,34.11519631263227,33.60076566673904,33.789390563964844,731051.0,0.0,0.0
2013-09-16,34.29523608764562,34.921123753767326,34.14090726359933,34.39812088012695,838913.0,0.0,0.0
2013-09-17,34.39812588945748,34.655339543442615,33.077761593494024,33.35212326049805,1812571.0,0.0,0.0
2013-09-18,33.20636975516575,33.72080037979617,32.923435691670974,33.61791229248047,936929.0,0.0,0.0
2013-09-19,33.65221129463946,33.720803358909784,33.23209307760779,33.37784957885742,801025.0,0.0,0.0
2013-09-20,33.3778397908963,34.26094110018705,33.16349455888214,33.93513870239258,1627468.0,0.0,0.0
2013-09-23,33.82367993001191,33.93170946128845,33.45500585115774,33.84082794189453,1028624.0,0.0,0.0
2013-09-24,33.81512221017985,34.14092806732341,33.69508933403501,33.72938537597656,630683.0,0.0,0.0
2013-09-25,33.583614366562074,33.81510764397355,33.19350768713382,33.65220642089844,1188960.0,0.0,0.0
2013-09-26,33.65221087943145,33.93514823508116,33.592194459260234,33.90085220336914,613489.0,0.0,0.0
2013-09-27,33.64363903278108,33.7893922638613,33.48931015831399,33.763671875,751249.0,0.0,0.0
2013-09-30,33.55790595783852,33.5836263520693,33.30926457810647,33.44644546508789,857453.0,0.0,0.0
2013-10-01,33.54075050749666,33.59219455521163,33.352128873841025,33.57504653930664,689572.0,0.0,0.0
2013-10-02,33.36069563168296,33.41213967073961,32.94915313117693,33.35212326049805,703931.0,0.0,0.0
2013-10-03,33.232085053340576,33.28352908912157,32.82054257903917,32.932003021240234,657514.0,0.0,0.0
2013-10-04,32.93200780001566,33.069188644689156,32.81368879000425,32.98345184326172,496538.0,0.0,0.0
2013-10-07,32.74338321105802,32.9062877141666,32.589054350560076,32.7862548828125,559563.0,0.0,0.0
2013-10-08,32.68336795696666,33.00060133184785,32.477598316089136,32.829124450683594,1047311.0,0.0,0.0
2013-10-09,32.83770350277247,32.957736362809605,32.68337460539612,32.777687072753906,837003.0,0.0,0.0
2013-10-10,33.01773197663723,33.309241568936685,32.974863592314854,33.197784423828125,525718.0,0.0,0.0
2013-10-11,33.02632584614182,33.24924353005568,32.966309420832324,33.20637512207031,484938.0,0.0,0.0
2013-10-14,33.01775053658699,33.10349062407606,32.80340522383918,33.0777702331543,759015.0,0.0,0.0
2013-10-15,33.0691980141207,33.437787214976666,32.77768822776545,32.820556640625,544911.0,0.0,0.0
2013-10-16,33.00916789032196,33.09490468047882,32.82054302719819,33.05203628540039,376766.0,0.0,0.0
2013-10-17,32.9663019976643,33.5664693862668,32.9663019976643,33.523597717285156,705041.0,0.0,0.0
2013-10-18,33.57504325403245,33.57504325403245,33.3049693889169,33.50645446777344,1242289.0,0.0,0.0
2013-10-21,33.5321795040883,33.70365639949048,33.39071082008277,33.67793273925781,512147.0,0.0,0.0
2013-10-22,33.806543963296534,34.02946165589776,33.64364269834371,34.02088928222656,526257.0,0.0,0.0
2013-10-23,33.960864362434414,34.14948924253392,33.75509146863048,33.78081512451172,944596.0,0.0,0.0
2013-10-24,33.052044129931616,33.87512928512353,32.84627447645847,33.82368850708008,1125150.0,0.0,0.0
2013-10-25,33.72080232159787,34.45814736592401,33.72080232159787,34.29524612426758,1069083.0,0.0,0.0
2013-10-28,34.218080740945766,34.32096556068416,34.106620278350334,34.31239318847656,810259.0,0.0,0.0
2013-10-29,34.31239795815303,34.36384201049805,33.978019794535136,34.36384201049805,870355.0,0.0,0.0
2013-10-30,34.406699913614446,34.466716321034255,33.93514102503782,33.95228576660156,907931.0,0.0,0.0
2013-10-31,34.00373029494969,34.43242079451822,33.97800991158324,34.209503173828125,922381.0,0.0,0.0
2013-11-01,34.31239925176577,34.458152499596856,34.06375789536565,34.149497985839844,482308.0,0.0,0.0
2013-11-04,34.29524252887679,34.40670298287742,34.072324891524744,34.35525894165039,391599.0,0.0,0.0
2013-11-05,34.20093105539894,34.380980298809305,33.48501863232727,33.50645446777344,874971.0,0.0,0.0
2013-11-06,33.66078451863419,33.926573868429095,33.59219572327888,33.68650817871094,730533.0,0.0,0.0
2013-11-07,33.85799350156261,33.86656587662235,33.206381794903805,33.22352981567383,609391.0,0.0,0.0
2013-11-08,33.189221311661164,33.5150270426513,33.14635291115835,33.49787902832031,523075.0,0.0,0.0
2013-11-11,33.549321610043066,33.7722392453379,33.40356512990288,33.65220642089844,491538.0,0.0,0.0
2013-11-12,33.57505397754249,33.66936645058915,33.29640438099108,33.44644546508789,518939.0,0.0,0.0
2013-11-13,33.352129083797344,33.643638814718,33.223520599025136,33.63506317138672,436433.0,0.0,0.0
2013-11-14,33.65221342820308,33.7379502433271,33.326407643562085,33.472164154052734,690549.0,0.0,0.0
2013-11-15,33.53258148235825,33.89941417278456,33.38585104025006,33.79152297973633,696291.0,0.26,0.0
2013-11-18,33.851939862853335,34.084985221718185,33.62752435020819,33.93825149536133,482304.0,0.0,0.0
2013-11-19,33.98140816674938,34.179927560575635,33.86057056116625,33.9727783203125,652055.0,0.0,0.0
2013-11-20,34.05909073258124,34.13677252259789,33.687944768343684,33.87783432006836,572733.0,0.0,0.0
2013-11-21,33.89510256692306,34.25761544821605,33.877839578397904,34.16267395019531,543149.0,0.0,0.0
2013-11-22,34.17993279695461,34.24898474933964,33.97278352495612,34.12814712524414,439942.0,0.0,0.0
2013-11-25,34.171307041713,34.266251841324305,33.860579803922796,33.91236877441406,405803.0,0.0,0.0
2013-11-26,33.91236277832763,34.093619204130846,33.80015500839217,33.85194396972656,297380.0,0.0,0.0
2013-11-27,33.886466582891586,33.94688868394868,33.6447913489757,33.72247314453125,362350.0,0.0,0.0
2013-11-29,33.79152423942367,33.826046920126835,33.60163467895512,33.68794631958008,186962.0,0.0,0.0
2013-12-02,33.705204922183626,33.86056848916284,33.394477788225196,33.56710433959961,490347.0,0.0,0.0
2013-12-03,33.4376460767685,33.489431751595745,33.17870453231823,33.37722396850586,525296.0,0.0,0.0
2013-12-04,33.27363438799976,33.37720898373272,32.919751501049895,33.290897369384766,657915.0,0.0,0.0
2013-12-05,33.282272907490224,33.46352930248048,33.14417232665323,33.40311050415039,552927.0,0.0,0.0
2013-12-06,33.67931338815918,34.07635216679759,33.62752443298027,34.06772232055664,432965.0,0.0,0.0
2013-12-09,34.11951228437825,34.30163465954084,33.800155251960106,34.0590934753418,689686.0,0.0,0.0
2013-12-10,33.9727804312042,34.119510877792834,33.80015385854026,33.90372848510742,559980.0,0.0,0.0
2013-12-11,33.9814075856483,34.00730370967171,33.515320156737694,33.549842834472656,524882.0,0.0,0.0
2013-12-12,33.50668115079809,33.5973093375665,33.33405462203945,33.44626235961914,508051.0,0.0,0.0
2013-12-13,33.54983750627868,33.86919774208567,33.439358369916974,33.73972702026367,566460.0,0.0,0.0
2013-12-16,33.92961850503551,34.197186516562596,33.75699196343833,34.18855667114258,618363.0,0.0,0.0
2013-12-17,34.20582722055758,34.24898304235817,33.91236302270416,34.0590934753418,538644.0,0.0,0.0
2013-12-18,34.128146486723594,34.663285937382184,33.86920825528094,34.602867126464844,779638.0,0.0,0.0
2013-12-19,34.55107356817442,34.58559953912934,34.21013701329464,34.39570999145508,935437.0,0.0,0.0
2013-12-20,34.525186208631915,34.55971218505935,34.17130318169657,34.335296630859375,1146520.0,0.0,0.0
2013-12-23,34.43886551887172,34.55106997393623,34.35255060046349,34.48202133178711,775854.0,0.0,0.0
2013-12-24,34.47338611757909,34.95673975382398,34.35686510046701,34.84453201293945,236197.0,0.0,0.0
2013-12-26,34.853169760175966,35.086215117799625,34.54520508937512,35.05168914794922,372951.0,0.0,0.0
2013-12-27,35.267474018521845,35.267474018521845,34.844539089343655,35.02579879760742,401522.0,0.0,0.0
2013-12-30,35.025787408108776,35.362407297087316,34.99989129101875,35.31924819946289,451279.0,0.0,0.0
2013-12-31,35.31926049541728,35.40125885835814,35.16390020167474,35.35378646850586,437048.0,0.0,0.0
2014-01-02,35.302001252159876,35.37968304631194,35.06930159039992,35.22431945800781,669380.0,0.0,0.0
2014-01-03,35.19841964282123,35.22431576654341,34.73233221933231,34.87906265258789,809441.0,0.0,0.0
2014-01-06,35.008536819645265,35.11211144693738,34.51655322428522,34.71507263183594,775126.0,0.0,0.0
2014-01-07,34.80138304685955,35.0991637939875,34.80138304685955,34.939483642578125,656421.0,0.0,0.0
2014-01-08,34.90494723566857,35.09483673273086,34.740953856209195,34.930843353271484,800036.0,0.0,0.0
2014-01-09,35.02579723620925,35.086216038744475,34.69780709917674,34.91358947753906,537039.0,0.0,0.0
2014-01-10,34.965376475344755,35.077584238296694,34.81001618616704,34.939483642578125,519889.0,0.0,0.0
2014-01-13,34.91359913703144,35.17253740419072,34.3870894613463,34.46477127075195,883566.0,0.0,0.0
2014-01-14,34.473393116786674,34.81001640778561,34.473393116786674,34.72370147705078,525957.0,0.0,0.0
2014-01-15,34.79275676268742,34.88769825674578,34.611497037027384,34.732337951660156,469053.0,0.0,0.0
2014-01-16,34.72368970572794,34.72368970572794,34.44748860616447,34.51654052734375,435500.0,0.0,0.0
2014-01-17,34.55971373305372,34.55971373305372,34.2533030868368,34.447505950927734,883471.0,0.0,0.0
2014-01-21,34.5165472991504,34.65464787602612,34.43886551887172,34.48202133178711,722739.0,0.0,0.0
2014-01-22,32.67807776384927,33.81740824404819,32.67807776384927,33.44626235961914,2061448.0,0.0,0.0
2014-01-23,33.21321485223956,33.56709773122809,33.014695509643744,33.385841369628906,1074989.0,0.0,0.0
2014-01-24,33.16143625511232,33.187332380974944,32.66945266723633,32.66945266723633,854787.0,0.0,0.0
2014-01-27,32.65219051647417,32.96291437024293,32.39324903280027,32.40188217163086,851529.0,0.0,0.0
2014-01-28,32.375988632245246,32.64355998353184,32.36735878530349,32.62629699707031,727125.0,0.0,0.0
2014-01-29,32.384613176222395,33.010380629615504,32.3587203496916,32.80754470825195,1137553.0,0.0,0.0
2014-01-30,33.66204396927047,34.740955634952215,33.09237874149359,33.36857986450195,1133605.0,0.0,0.0
2014-01-31,32.971544838328306,33.30816478874437,32.83344426142486,33.239112854003906,1062533.0,0.0,0.0
2014-02-03,33.204604061972894,33.303862143940016,32.22063662856933,32.28105545043945,968141.0,0.0,0.0
2014-02-04,32.384616995140085,32.4968247443007,31.996208088489887,32.341461181640625,596243.0,0.0,0.0
2014-02-05,32.25515410389885,32.591774140641846,31.944426903035062,32.54861831665039,612208.0,0.0,0.0
2014-02-06,32.660823822021484,32.773031590659556,32.531353066471546,32.660823822021484,479114.0,0.0,0.0
2014-02-07,32.83345377890863,33.334067280580676,32.747138835462806,33.22186279296875,819105.0,0.0,0.0
2014-02-10,33.1700707954252,33.856257247070836,33.1700707954252,33.85194396972656,864545.0,0.0,0.0
2014-02-11,33.8519417844371,33.93825342184452,33.485109094010795,33.79152297973633,999539.0,0.0,0.0
2014-02-12,33.89509195568907,33.96414059559484,33.40310846076751,33.592994689941406,854342.0,0.0,0.0
2014-02-13,33.41047181804709,33.72771632188746,33.34094081995928,33.72336959838867,610875.0,0.27,0.0
2014-02-14,33.645144620300954,34.018883261390606,33.540846467032225,33.9493522644043,574704.0,0.0,0.0
2014-02-18,33.897208054338805,34.28833034885085,33.85375075841061,34.22748947143555,679497.0,0.0,0.0
2014-02-19,34.14926638876593,34.496928085781576,33.87547911378415,33.888519287109375,505333.0,0.0,0.0
2014-02-20,33.923283135905436,34.0971156422029,33.48001339464722,33.888519287109375,1028555.0,0.0,0.0
2014-02-21,33.91459711874097,34.22749500493627,33.7755317599408,33.79291534423828,732609.0,0.0,0.0
2014-02-24,33.775521108834226,33.958043713029774,33.5756149258231,33.59299850463867,719923.0,0.0,0.0
2014-02-25,33.6277645533931,34.33178462151871,33.3670174852062,34.02758026123047,1297376.0,0.0,0.0
2014-02-26,34.09712279545141,34.24488161725538,33.85375922492719,33.92329025268555,563389.0,0.0,0.0
2014-02-27,33.85374806497711,33.931972517655915,33.68860571177803,33.87982177734375,497868.0,0.0,0.0
2014-02-28,33.8885141648658,34.201408650212144,33.81028971463452,34.140567779541016,720316.0,0.0,0.0
2014-03-03,34.11449484543315,34.21879300959214,33.68860542545075,34.02758026123047,668332.0,0.0,0.0
2014-03-04,34.35786494188319,34.496930292701926,34.17534229060475,34.21879959106445,641445.0,0.0,0.0
2014-03-05,34.236179345890235,34.288330089957796,33.91459137975476,34.253562927246094,456013.0,0.0,0.0
2014-03-06,34.31439693199816,34.41000495251821,34.062340026186845,34.10580062866211,506546.0,0.0,0.0
2014-03-07,34.192722308461335,34.38393838924037,34.06147842336012,34.22748947143555,1060290.0,0.0,0.0
2014-03-10,34.18402810251127,34.31439997476216,33.96673833318103,34.288326263427734,567860.0,0.0,0.0
2014-03-11,34.27094707625567,34.27094707625567,33.931975523149724,34.062347412109375,777150.0,0.0,0.0
2014-03-12,33.83636367562642,34.197065494106354,33.83636367562642,34.13187789916992,714819.0,0.0,0.0
2014-03-13,34.17533682207728,34.43608389869183,33.61907550781184,33.67991638183594,619472.0,0.0,0.0
2014-03-14,33.61037930380437,33.784211779153274,33.40178298584864,33.419166564941406,533126.0,0.0,0.0
2014-03-17,33.57561820924553,33.7929079923214,33.46262659368397,33.69729995727539,465507.0,0.0,0.0
2014-03-18,33.766834772224605,33.83636910212937,33.601695712069805,33.73207092285156,290732.0,0.0,0.0
2014-03-19,33.740758886367416,33.792909630442075,33.13234680114624,33.297489166259766,416586.0,0.0,0.0
2014-03-20,33.219256848393876,33.32355499628754,33.14972253941254,33.288787841796875,378192.0,0.0,0.0
2014-03-21,33.410484861901764,33.653851739168886,33.23230891583212,33.323570251464844,1348638.0,0.0,0.0
2014-03-24,33.419167119242836,33.636456888138326,32.94982042268966,33.17580032348633,735019.0,0.0,0.0
2014-03-25,33.23664145272532,33.297482317174946,32.906360106014226,33.062808990478516,655638.0,0.0,0.0
2014-03-26,33.193181375220526,33.25402224063196,32.9063606262207,32.9063606262207,718586.0,0.0,0.0
2014-03-27,32.93244144593885,33.036739621223326,32.66300421682235,32.97589874267578,634188.0,0.0,0.0
2014-03-28,33.03674606897927,33.3626808314875,32.932447873338994,33.323570251464844,518633.0,0.0,0.0
2014-03-31,33.45393137847466,34.10580062866211,33.297482493183395,34.10580062866211,1082593.0,0.0,0.0
2014-04-01,34.383937292629234,34.531692757188544,34.010198591523995,34.52300262451172,642181.0,0.0,0.0
2014-04-02,34.523001556895906,34.835899372849966,34.41870007452526,34.76636505126953,550396.0,0.0,0.0
2014-04-03,34.85327884824361,34.94019674825047,34.60991535938214,34.914119720458984,548629.0,0.0,0.0
2014-04-04,35.09665032632421,35.28786310064439,34.5838462525223,34.696834564208984,594410.0,0.0,0.0
2014-04-07,34.65337779322971,34.74898583963349,34.34047993793708,34.62730407714844,608412.0,0.0,0.0
2014-04-08,34.575144416449724,35.04449107839809,34.4186955291336,34.948883056640625,779653.0,0.0,0.0
2014-04-09,34.88804491838966,35.35304489326905,34.80982046861655,35.313934326171875,578574.0,0.0,0.0
2014-04-10,35.313935156762774,35.457343888404175,34.879355606819374,34.99234390258789,938268.0,0.0,0.0
2014-04-11,34.696832344869215,34.81851741329956,34.38393782992848,34.40132141113281,801384.0,0.0,0.0
2014-04-14,34.53169687164938,34.622958195735535,34.266603033103166,34.41001510620117,741746.0,0.0,0.0
2014-04-15,34.35786323471886,34.753332275085015,34.140573427637506,34.7229118347168,690459.0,0.0,0.0
2014-04-16,34.827212444265,35.19226106973884,34.827212444265,35.02711868286133,570155.0,0.0,0.0
2014-04-17,34.94019973485393,35.24440412193342,34.87066540890481,35.14879608154297,1181006.0,0.0,0.0
2014-04-21,35.18356295628843,35.27569295339502,35.07926478379834,35.26178741455078,309170.0,0.0,0.0
2014-04-22,35.305247378266834,35.639875542181144,35.1053411510619,35.62683868408203,532249.0,0.0,0.0
2014-04-23,35.6181378951068,35.68767221141225,35.279166392064475,35.444305419921875,458517.0,0.0,0.0
2014-04-24,34.71421243938511,35.75720399783366,34.71421243938511,35.313934326171875,731785.0,0.0,0.0
2014-04-25,35.383462548958455,35.383462548958455,34.96626662146667,35.03580093383789,651580.0,0.0,0.0
2014-04-28,35.06188174170643,35.392163161180434,34.974967149224454,35.140106201171875,541898.0,0.0,0.0
2014-04-29,35.192253929369336,35.192253929369336,34.90195178846656,34.9401969909668,404910.0,0.0,0.0
2014-04-30,35.009727986501765,35.114029467206606,34.818515236367325,34.9749641418457,667149.0,0.0,0.0
2014-05-01,34.95758083763393,35.01842171073583,34.76636477041141,34.879356384277344,788094.0,0.0,0.0
2014-05-02,35.027111332678466,35.08795220489383,34.835898583821105,34.914119720458984,684408.0,0.0,0.0
2014-05-05,34.748984983907086,35.022768942756265,34.722911268467904,34.89674377441406,579421.0,0.0,0.0
2014-05-06,34.84458490627605,35.20093996839468,34.835894775014935,34.93149948120117,542990.0,0.0,0.0
2014-05-07,34.91412703875219,35.183567611882154,34.80982885246105,35.04450225830078,937593.0,0.0,0.0
2014-05-08,35.018419853276,35.487766548520234,35.018419853276,35.34000778198242,545080.0,0.0,0.0
2014-05-09,35.340006986032485,35.63552119687361,35.140100801578,35.57468032836914,518015.0,0.0,0.0
2014-05-12,35.69636402620357,36.122253444707894,35.69636402620357,36.01795196533203,750543.0,0.0,0.0
2014-05-13,36.00056892202032,36.141809267438234,35.84412333178241,35.87888717651367,579155.0,0.0,0.0
2014-05-14,35.887576791600544,36.044025680708664,35.739818033852416,35.983184814453125,594884.0,0.0,0.0
2014-05-15,35.729480982770305,35.93945001740727,35.37953370415689,35.7557258605957,727828.0,0.27,0.0
2014-05-16,35.69448685753969,35.87820768354391,35.659491460964205,35.82571792602539,572360.0,0.0,0.0
2014-05-19,35.790720790459105,36.11879510838827,35.716358079357846,35.965694427490234,427491.0,0.0,0.0
2014-05-20,35.930690612312404,36.00068138566044,35.63323650027076,35.676979064941406,452599.0,0.0,0.0
2014-05-21,35.70323705422701,35.799469387926976,35.379534644832354,35.54576110839844,452052.0,0.0,0.0
2014-05-22,35.55450415281394,35.72055371779608,35.449521313588875,35.52825927734375,333569.0,0.0,0.0
2014-05-23,35.53700725903358,35.685736010525844,35.4670198104182,35.59824752807617,434938.0,0.0,0.0
2014-05-27,35.641988946151734,35.847579344973894,35.63323843033738,35.78196716308594,447825.0,0.0,0.0
2014-05-28,35.79072689104977,35.91758271608652,35.65074862503424,35.86946487426758,418454.0,0.0,0.0
2014-05-29,35.93070022530281,36.096923350460514,35.78197479816349,36.04443359375,495884.0,0.0,0.0
2014-05-30,35.948200529555365,36.236904224428066,35.948200529555365,36.22815704345703,483892.0,0.0,0.0
2014-06-02,36.1931556749599,36.29814185336462,36.00068768923992,36.096920013427734,464617.0,0.0,0.0
2014-06-03,35.95693900444877,36.13191261760803,35.606995115474334,35.65948486328125,1144250.0,0.0,0.0
2014-06-04,35.53700733766014,35.77322123478035,35.512948422101296,35.589500427246094,612808.0,0.0,0.0
2014-06-05,35.633240993883355,35.983188230066936,35.510760462422354,35.97443771362305,412298.0,0.0,0.0
2014-06-06,36.05318133071784,36.21065727796998,35.86071332423334,36.08817672729492,303539.0,0.0,0.0
2014-06-09,36.088173870959075,36.27189468243038,36.05317847715184,36.14066696166992,273932.0,0.0,0.0
2014-06-10,36.14942164319119,36.21066192639023,35.81697200772129,35.89570999145508,462768.0,0.0,0.0
2014-06-11,35.77322062389832,35.8782034639331,35.66823778386353,35.81696319580078,474566.0,0.0,0.0
2014-06-12,35.808216305885075,35.834461181769896,35.54575753500385,35.57200241088867,339173.0,0.0,0.0
2014-06-13,35.5545041091046,35.87820314310143,35.51950871695784,35.79946517944336,411846.0,0.0,0.0
2014-06-16,35.790723645166516,35.94819959732054,35.59825229534609,35.6507453918457,470701.0,0.0,0.0
2014-06-17,35.58950834223651,35.90446027510774,35.50202317748122,35.86946487426758,459743.0,0.0,0.0
2014-06-18,35.86070886306039,35.991936577882264,35.47576622328991,35.79071807861328,470970.0,0.0,0.0
2014-06-19,35.790720790459105,36.06193009472459,35.72073333805338,35.965694427490234,420773.0,0.0,0.0
2014-06-20,36.15816249243647,36.26314533022449,35.94819347951619,36.00943374633789,679991.0,0.0,0.0
2014-06-23,35.92195175840666,35.93069893843024,35.659489634875676,35.71198272705078,341100.0,0.0,0.0
2014-06-24,35.51076571213772,35.91320275710198,35.475770315877,35.54576110839844,380686.0,0.0,0.0
2014-06-25,35.5370054942729,35.74697450438073,35.37078239188966,35.475765228271484,444998.0,0.0,0.0
2014-06-26,35.46702226079726,35.58075228982278,35.20456347000396,35.484519958496094,371444.0,0.0,0.0
2014-06-27,35.37078139316964,35.869454023583145,35.37078139316964,35.641990661621094,926681.0,0.0,0.0
2014-06-30,35.65948755540097,35.825714002256404,35.37953108814842,35.57200241088867,702853.0,0.0,0.0
2014-07-01,35.607004315238186,35.886960833687596,35.53701351695336,35.74698257446289,515715.0,0.0,0.0
2014-07-02,35.7294770123364,35.738224191524644,35.13456870720947,35.23955154418945,598661.0,0.0,0.0
2014-07-03,35.24829564824842,35.362025643726554,35.22642269824069,35.31828308105469,474088.0,0.0,0.0
2014-07-07,35.30954232707225,35.458267734681876,35.169564098650866,35.23955154418945,734181.0,0.0,0.0
2014-07-08,35.082076654383016,35.388281332506864,35.003338689990514,35.28329849243164,861249.0,0.0,0.0
2014-07-09,35.26580604267957,35.33579350069363,34.994596716681166,35.12582778930664,1000492.0,0.0,0.0
2014-07-10,34.95084154979868,35.46701179895136,34.79336565430507,35.31828308105469,866252.0,0.0,0.0
2014-07-11,35.35328730310314,35.53700811465434,35.25705163876362,35.397029876708984,747022.0,0.0,0.0
2014-07-14,35.51076158124886,35.6769846881339,35.43202361749399,35.52825927734375,439456.0,0.0,0.0
2014-07-15,35.51076713852488,35.79947082591072,35.44952686128108,35.6507453918457,475958.0,0.0,0.0
2014-07-16,35.73822386530121,35.85195721777548,35.4670179274665,35.70323181152344,492054.0,0.0,0.0
2014-07-17,35.528247514745004,35.545745205046806,34.968334774460054,35.01207733154297,597197.0,0.0,0.0
2014-07-18,35.082075102825826,35.46701772831751,35.02083483737836,35.45826721191406,1036107.0,0.0,0.0
2014-07-21,35.18706283180255,35.42327672498004,34.994591510544375,35.28329849243164,597667.0,0.0,0.0
2014-07-22,35.42328159771776,35.42328159771776,34.80212497657918,34.854618072509766,615469.0,0.0,0.0
2014-07-23,34.70588930271215,35.03833890224966,34.635901845482806,34.854618072509766,632701.0,0.0,0.0
2014-07-24,35.54576724436524,35.54576724436524,34.85899832658466,34.9333610534668,465064.0,0.0,0.0
2014-07-25,34.65340239345319,34.92460840136549,34.63590469337094,34.802127838134766,514132.0,0.0,0.0
2014-07-28,34.8021170931566,35.1345666173872,34.67963656774112,35.099571228027344,625588.0,0.0,0.0
2014-07-29,35.0733315691018,35.239554687257815,34.64464632907012,34.67964172363281,621607.0,0.0,0.0
2014-07-30,34.653401227690345,34.89836234591114,34.29470673143349,34.46092987060547,529101.0,0.0,0.0
2014-07-31,34.259702417894395,34.37343576633645,34.09347932197453,34.12847137451172,736781.0,0.0,0.0
2014-08-01,34.02349353763386,34.382187993221066,33.97975096253192,34.20721435546875,571622.0,0.0,0.0
2014-08-04,34.31220300890947,34.434683562943846,34.03224650330381,34.3559455871582,437486.0,0.0,0.0
2014-08-05,34.18971347673416,34.53965734817437,34.12409795791915,34.51341247558594,771011.0,0.0,0.0
2014-08-06,34.44342585688061,34.85023811783112,34.399683284838,34.793373107910156,535970.0,0.0,0.0
2014-08-07,34.94210113841447,34.94210113841447,34.373440984564134,34.452178955078125,603696.0,0.0,0.0
2014-08-08,34.43468331709938,34.9770986256697,34.23346478871595,34.854618072509766,553738.0,0.0,0.0
2014-08-11,34.91585571061169,34.99109280548314,34.61840153083888,34.670894622802734,473396.0,0.0,0.0
2014-08-12,34.64463757451664,34.88960193720951,34.614017446347994,34.86335372924805,448298.0,0.0,0.0
2014-08-13,34.91585102823753,34.97709129197717,34.76712562696814,34.872108459472656,594247.0,0.0,0.0
2014-08-14,34.889617523405356,34.96835550777693,34.732141554662206,34.88086700439453,499912.0,0.0,0.0
2014-08-15,34.91609178209791,35.10987540804443,34.66946052005611,34.96013259887695,615875.0,0.27,0.0
2014-08-18,35.1098755892662,35.13629940745023,34.89847496349712,35.0482177734375,525894.0,0.0,0.0
2014-08-19,35.101067833755955,35.46220793430547,35.06583719377734,35.41816711425781,526008.0,0.0,0.0
2014-08-20,35.41816429945861,35.4622051160062,35.215573855260565,35.31246566772461,381739.0,0.0,0.0
2014-08-21,35.40054594660685,35.7440723667742,35.259613322986446,35.682411193847656,549568.0,0.0,0.0
2014-08-22,35.71765019246739,35.73526719289976,35.45340190618031,35.66480255126953,427649.0,0.0,0.0
2014-08-25,35.67360614569187,35.87619659219627,35.60313815033436,35.69122314453125,368988.0,0.0,0.0
2014-08-26,35.67360948180904,35.76160376156307,35.435785015385065,35.4886360168457,412316.0,0.0,0.0
2014-08-27,35.532674198526806,35.700030650571456,35.409358564378216,35.541481018066406,454359.0,0.0,0.0
2014-08-28,35.34770702738823,35.603145160607674,35.34770702738823,35.53268051147461,277458.0,0.0,0.0
2014-08-29,35.70885071457256,35.92024804302896,35.67361670646318,35.88501739501953,538846.0,0.0,0.0
2014-09-02,35.85857949950897,36.043552946689886,35.78811486443484,35.86738967895508,388236.0,0.0,0.0
2014-09-03,35.94666271788687,36.025937528491326,35.682411109139494,35.858577728271484,470627.0,0.0,0.0
2014-09-04,35.920238772450475,36.04355440890709,35.761689136977935,35.832157135009766,453696.0,0.0,0.0
2014-09-05,35.70883774891081,35.973085993584355,35.47982013945467,35.96427917480469,502565.0,0.0,0.0
2014-09-08,35.78811665957106,35.955473116353325,35.391742567087675,35.43578338623047,606512.0,0.0,0.0
2014-09-09,35.21557481424598,35.28604281072024,34.94692145786116,35.074642181396484,573541.0,0.0,0.0
2014-09-10,35.06583043424621,35.06583043424621,34.6166054200979,34.84562301635742,589467.0,0.0,0.0
2014-09-11,34.872047994012405,35.338886660270916,34.810390183755565,35.206764221191406,598853.0,0.0,0.0
2014-09-12,35.224382980060234,35.224382980060234,34.69588311701495,34.7751579284668,438686.0,0.0,0.0
2014-09-15,34.739924931003436,34.87205074058803,34.64303647875351,34.66946029663086,541104.0,0.0,0.0
2014-09-16,34.607811705461735,34.6958933619284,34.4316450324286,34.59019470214844,324449.0,0.0,0.0
2014-09-17,34.607797228188666,34.69587884780867,34.308315017342885,34.39639663696289,340698.0,0.0,0.0
2014-09-18,34.49328988811363,34.598988508131335,34.308316463058,34.36116409301758,310651.0,0.0,0.0
2014-09-19,34.51090826224003,34.62541706522045,34.422826635392745,34.502098083496094,947786.0,0.0,0.0
2014-09-22,34.528523355205834,34.598987980777444,34.140956154217236,34.158573150634766,477183.0,0.0,0.0
2014-09-23,34.06168042441439,34.0881075983715,33.69173358999889,33.7093505859375,487841.0,0.0,0.0
2014-09-24,33.60365393163614,33.96479396920899,33.563134502602644,33.876708984375,447331.0,0.0,0.0
2014-09-25,33.823859576165,33.85468847921222,33.445102561528635,33.48914337158203,404153.0,0.0,0.0
2014-09-26,33.48033247001499,33.56841744831672,33.339399864830575,33.50675964355469,401515.0,0.0,0.0
2014-09-29,33.4274980232567,33.88553001072803,33.38345719679016,33.718170166015625,560730.0,0.0,0.0
2014-09-30,33.709350781947435,33.79743240205423,33.22489515116324,33.48914337158203,641711.0,0.0,0.0
2014-10-01,33.47152180111206,33.55079659241335,33.08395802147129,33.198463439941406,880445.0,0.0,0.0
2014-10-02,33.2601289843981,33.59484522119714,33.17204735581355,33.46272277832031,699139.0,0.0,0.0
2014-10-03,33.60365249482951,34.00883332744555,33.55080150618889,33.91194152832031,738609.0,0.0,0.0
2014-10-06,33.99121864650704,34.044069638747544,33.682929592017466,33.8150520324707,454320.0,0.0,0.0
2014-10-07,33.70935359267341,33.726090244322684,33.07515512270933,33.08396530151367,748682.0,0.0,0.0
2014-10-08,33.11920108760406,33.91194929835863,33.057543266778616,33.8679084777832,772915.0,0.0,0.0
2014-10-09,33.87670820304546,34.09691561990368,33.321787931833676,33.383445739746094,647590.0,0.0,0.0
2014-10-10,33.462729392337884,33.806252515854354,33.40106820802267,33.56842803955078,1273071.0,0.0,0.0
2014-10-13,33.4539136795797,33.62567521293462,32.714016551243546,32.740440368652344,793010.0,0.0,0.0
2014-10-14,32.82852690073278,33.224900980959845,32.722828266038576,32.969459533691406,688260.0,0.0,0.0
2014-10-15,32.59070624883519,33.22490485107136,32.32645795126992,33.10158920288086,770614.0,0.0,0.0
2014-10-16,32.70521175248613,33.25132529329664,32.57308593708241,33.17205047607422,812129.0,0.0,0.0
2014-10-17,33.40106820802267,33.73578451097948,33.32179674268756,33.56842803955078,828651.0,0.0,0.0
2014-10-20,33.5155675757246,34.0440673828125,33.5155675757246,34.0440673828125,595364.0,0.0,0.0
2014-10-21,34.21143324526606,35.092263139984446,34.026459773799054,35.03060531616211,716187.0,0.0,0.0
2014-10-22,35.11868246934275,35.136299468195546,34.176194871361545,34.22904586791992,1151142.0,0.0,0.0
2014-10-23,30.917117883981625,34.598985912707654,30.247688860621572,34.167381286621094,1627839.0,0.0,0.0
2014-10-24,34.10572617223902,34.5197138356053,34.00883437014311,34.31712341308594,712622.0,0.0,0.0
2014-10-27,33.691735556371526,34.20252766545062,33.198469721597,33.876708984375,1459646.0,0.0,0.0
2014-10-28,34.02646518831453,34.21143868921574,33.73578966395555,34.176204681396484,860102.0,0.0,0.0
2014-10-29,34.070500788052975,34.08811778925831,33.1984777089357,33.436302185058594,2452602.0,0.0,0.0
2014-10-30,33.18085000882924,33.87230448281182,33.14561937787782,33.59484100341797,1079694.0,0.0,0.0
2014-10-31,33.82386693025558,33.9427774792635,33.52438465264033,33.88552474975586,1122463.0,0.0,0.0
2014-11-03,33.87672115998726,34.19382049916091,33.42749933622448,33.524391174316406,960560.0,0.0,0.0
2014-11-04,33.52438005473614,33.81505211250015,33.39225425387152,33.638885498046875,749792.0,0.0,0.0
2014-11-05,33.80625767959407,34.21584378021813,33.71817266004592,34.176204681396484,664202.0,0.0,0.0
2014-11-06,34.220231281749314,34.440438698903684,33.97360004976795,34.20261764526367,722736.0,0.0,0.0
2014-11-07,34.29069560709397,34.56375398484821,34.22022762828068,34.53732681274414,858881.0,0.0,0.0
2014-11-10,34.528526037184804,34.880855912606826,34.47567504382706,34.616607666015625,689778.0,0.0,0.0
2014-11-11,34.66065240338835,34.766354402067385,34.36117012732935,34.44044494628906,411471.0,0.0,0.0
2014-11-12,34.34355458657692,34.51091103507275,34.0881131440578,34.40521240234375,549852.0,0.0,0.0
2014-11-13,34.44069215461577,34.70234398680021,34.34312591770387,34.626953125,730176.0,0.27,0.0
2014-11-14,34.58260992840034,34.751131295713776,34.077039059484804,34.112518310546875,605331.0,0.0,0.0
2014-11-17,34.10364534874843,34.53825427036247,34.032686856696344,34.431819915771484,488441.0,0.0,0.0
2014-11-18,34.45842185000748,34.76886012517511,34.43181411171669,34.63581466674805,630185.0,0.0,0.0
2014-11-19,34.56486846358365,34.768869071103765,34.4140833463373,34.61808395385742,549272.0,0.0,0.0
2014-11-20,34.4406916426785,34.85756094398667,34.4406916426785,34.78660583496094,412555.0,0.0,0.0
2014-11-21,35.08817547713114,35.31878382933094,34.875303365995805,35.052696228027344,865310.0,0.0,0.0
2014-11-24,35.10591457575883,35.3320871725605,35.0615638232998,35.21234893798828,546837.0,0.0,0.0
2014-11-25,35.30103962284804,35.41634547572542,35.114778664460175,35.23895263671875,519633.0,0.0,0.0
2014-11-26,35.20347868322314,35.34539229906037,35.01721769684067,35.24782943725586,420984.0,0.0,0.0
2014-11-28,35.26555964666259,35.700171924037285,35.26555964666259,35.42521286010742,252189.0,0.0,0.0
2014-12-01,35.354254959866424,35.85982230129361,35.23008100000524,35.5405158996582,1040145.0,0.0,0.0
2014-12-02,35.45182474577441,36.11260960347632,35.15469030224212,36.001739501953125,2306635.0,0.0,0.0
2014-12-03,36.04608533469294,36.19687042577265,35.717910795500885,36.09930419921875,1276883.0,0.0,0.0
2014-12-04,36.17026085096094,36.74678673247957,35.5671272277832,35.5671272277832,31085404.0,0.0,0.0
2014-12-05,35.54052641308157,36.773401641387316,35.53165829196244,36.54279327392578,2828637.0,0.0,0.0
2014-12-08,36.52504778762793,36.6403536446013,36.10817510867685,36.41861343383789,1960712.0,0.0,0.0
2014-12-09,36.21460228245153,36.64034295691376,36.01946987118238,36.50729751586914,1599851.0,0.0,0.0
2014-12-10,37.13705305585011,38.387667827234985,37.030618692016006,37.97079849243164,3042969.0,0.0,0.0
2014-12-11,38.24575547565196,38.848889196415826,38.148189229133166,38.60940933227539,1898707.0,0.0,0.0
2014-12-12,38.378801559137905,38.91984829193116,38.068363189697266,38.068363189697266,1491949.0,0.0,0.0
2014-12-15,38.21028412359253,38.56506651782213,37.899845722217705,38.47637176513672,1563380.0,0.0,0.0
2014-12-16,38.46749293117165,38.98193187250535,38.24575270821483,38.67149353027344,2016794.0,0.0,0.0
2014-12-17,38.76018962057354,39.36332326612289,38.45862279779886,39.25688552856445,1164247.0,0.0,0.0
2014-12-18,39.691492484152185,39.851145685493634,39.38105758348085,39.73583984375,999041.0,0.0,0.0
2014-12-19,39.797926333705455,40.04627763467031,39.68262387686862,39.89549255371094,1999508.0,0.0,0.0
2014-12-22,40.88002705397319,41.864554171154175,39.99306617485335,40.30350112915039,1323851.0,0.0,0.0
2014-12-23,40.321244186554004,41.12837851995005,40.28576493633082,40.87116241455078,1014291.0,0.0,0.0
2014-12-24,40.826823189216825,40.97956062635741,40.7115206686622,40.76473617553711,376547.0,0.0,0.0
2014-12-26,40.7558512606268,41.16385243484904,40.7558512606268,40.86228561401367,373287.0,0.0,0.0
2014-12-29,40.80020418044023,41.1372502927856,40.76472492998545,40.79133605957031,727682.0,0.0,0.0
2014-12-30,40.80019685104982,40.83567609513108,40.551848909454904,40.605064392089844,859154.0,0.0,0.0
2014-12-31,40.62280577951541,40.76471937852077,40.06401950315619,40.0994987487793,646235.0,0.0,0.0
2015-01-02,40.10837048117746,40.64941713781761,39.65601855561496,40.07289123535156,1140314.0,0.0,0.0
2015-01-05,39.860012503974964,40.281320865129736,39.6294042114957,39.80679702758789,1066600.0,0.0,0.0
2015-01-06,39.81567334162428,40.11724017601064,39.194800049242104,39.21253967285156,1209253.0,0.0,0.0
2015-01-07,39.496358753554915,40.03740532006716,39.42540365720997,39.80679702758789,890886.0,0.0,0.0
2015-01-08,40.28575491105794,40.746974898720296,40.11723358966632,40.36558151245117,1782461.0,0.0,0.0
2015-01-09,40.38331744340239,40.57844986975401,39.975316355109356,40.01079559326172,1110016.0,0.0,0.0
2015-01-12,40.01967015036582,40.80906471709724,39.81566957339487,40.68489074707031,1304009.0,0.0,0.0
2015-01-13,41.02194142537772,41.46542187321964,39.92210842599534,40.11724090576172,1232695.0,0.0,0.0
2015-01-14,39.69149421483092,40.161582337341066,39.63827535090103,39.664886474609375,1230585.0,0.0,0.0
2015-01-15,39.744713078760796,40.037408371658145,39.45201440237665,39.664886474609375,1126514.0,0.0,0.0
2015-01-16,39.576191183213375,39.97975998387654,39.531843818527335,39.93097686767578,715314.0,0.0,0.0
2015-01-20,40.17932581930175,40.42767715801736,39.7447168976519,40.04628372192383,812293.0,0.0,0.0
2015-01-21,39.93097740730015,40.161585736876205,39.70923719738632,40.0994987487793,729490.0,0.0,0.0
2015-01-22,40.401060262529754,40.57845308385596,40.03740650138002,40.52523422241211,790835.0,0.0,0.0
2015-01-23,40.56958668689681,40.58732292464408,39.98419272012025,40.01966857910156,722087.0,0.0,0.0
2015-01-26,40.29462228204885,40.39218849413638,39.79792310391525,40.06401062011719,838071.0,0.0,0.0
2015-01-27,39.460884184151574,39.94871190670081,39.389925702005755,39.73583984375,676628.0,0.0,0.0
2015-01-28,40.0462902051515,40.0728099815577,39.4254168330779,39.57619857788086,1094561.0,0.0,0.0
2015-01-29,39.55845613022344,41.021943018326276,38.80454069301134,39.36332702636719,1800236.0,0.0,0.0
2015-01-30,39.36332452180121,39.664891354195774,38.95975570019775,39.29236602783203,2454393.0,0.0,0.0
2015-02-02,39.487498012600696,39.491933764290515,38.795669622424995,39.398799896240234,1228695.0,0.0,0.0
2015-02-03,39.620530740558486,40.072882568285166,39.5850548858925,40.01079559326172,1311330.0,0.0,0.0
2015-02-04,40.090631887747456,41.190461468696,39.877759790812824,40.844547271728516,2013154.0,0.0,0.0
2015-02-05,41.3589879682683,41.625075563204284,40.88889638761116,41.101768493652344,1324321.0,0.0,0.0
2015-02-06,41.15498251776041,41.58072329620093,40.77358910267031,41.039676666259766,1894336.0,0.0,0.0
2015-02-09,41.030804915998736,41.04854453792929,40.480890170099364,40.68489074707031,1393611.0,0.0,0.0
2015-02-10,40.95984632343233,41.478717532635486,40.80906124160767,41.36784744262695,1069540.0,0.0,0.0
2015-02-11,41.41220140681346,41.86455334094694,41.225940437928934,41.68716049194336,1130159.0,0.0,0.0
2015-02-12,41.70490113717284,42.112902331438136,41.65168226612148,41.74924850463867,1438002.0,0.0,0.0
2015-02-13,41.829546295311616,42.00800066779164,41.490483327972974,41.97230911254883,810134.0,0.28,0.0
2015-02-17,41.865237766596394,42.2846050646188,41.7581664961116,42.03477096557617,1048920.0,0.0,0.0
2015-02-18,42.016931406832995,42.57013702392578,41.847401586489916,42.57013702392578,791540.0,0.0,0.0
2015-02-19,42.43629975808545,42.516604075646676,42.124003677020724,42.445220947265625,523557.0,0.0,0.0
2015-02-20,42.49875296292513,43.283946854220225,42.150768765052504,43.23933410644531,1039824.0,0.0,0.0
2015-02-23,43.18580022880044,43.382097000021474,42.93596271420219,43.34640884399414,883959.0,0.0,0.0
2015-02-24,43.266104013935845,44.11375642376904,43.23041245460502,44.01560974121094,1295367.0,0.0,0.0
2015-02-25,43.9888412791452,43.9888412791452,43.49809423011644,43.6587028503418,1010462.0,0.0,0.0
2015-02-26,43.658707727526526,43.935312249644475,43.56055762600935,43.88177490234375,628311.0,0.0,0.0
2015-02-27,43.81931001793712,43.86392276569087,43.35532995308221,43.54270553588867,1138831.0,0.0,0.0
2015-03-02,43.54269970749886,43.627466299498735,43.16794859204809,43.5516242980957,892016.0,0.0,0.0
2015-03-03,43.373184706295525,43.39986318262399,42.918125735351616,43.310726165771484,769502.0,0.0,0.0
2015-03-04,43.114428593444785,43.114428593444785,42.73075273314368,43.04304885864258,1129500.0,0.0,0.0
2015-03-05,43.123346092727814,43.123346092727814,42.489832755509795,42.67721176147461,761607.0,0.0,0.0
2015-03-06,42.52551922631582,42.58797775291284,41.990159454417245,42.302452087402344,569810.0,0.0,0.0
2015-03-09,42.38275775944675,42.68612921429532,42.204303361817956,42.61474609375,713087.0,0.0,0.0
2015-03-10,42.293535522311515,42.33814827422365,41.767096880784855,42.02585220336914,674369.0,0.0,0.0
2015-03-11,42.0258466598894,42.1864552685756,41.57971239214648,41.82062530517578,1164139.0,0.0,0.0
2015-03-12,42.10614714238384,42.15968447499793,41.722471434651276,42.123992919921875,1052246.0,0.0,0.0
2015-03-13,41.927693287406925,41.981227212600736,41.454788724547555,41.695701599121094,946444.0,0.0,0.0
2015-03-16,41.66894955747016,41.97232105589121,41.61541220937173,41.90986251831055,882716.0,0.0,0.0
2015-03-17,41.78494594165466,41.90986301830627,41.46372865670194,41.84740447998047,783862.0,0.0,0.0
2015-03-18,41.793860601566706,42.27568645371759,41.30311356122097,42.070465087890625,898253.0,0.0,0.0
2015-03-19,41.874167183093526,41.95803861012182,41.38342011611114,41.60648727416992,790424.0,0.0,0.0
2015-03-20,41.802780734618764,41.81170532632288,41.20496243235163,41.24065399169922,2621032.0,0.0,0.0
2015-03-23,41.25850535611516,42.12400366317399,41.25850535611516,41.79386520385742,932666.0,0.0,0.0
2015-03-24,41.74924691945589,41.936622500968205,41.329879605251186,41.58863830566406,741701.0,0.0,0.0
2015-03-25,41.72248073911025,41.84740120973476,41.01759108969901,41.07112503051758,647172.0,0.0,0.0
2015-03-26,41.05327885008946,41.08004922397342,40.67852765306172,40.937286376953125,504313.0,0.0,0.0
2015-03-27,40.94619939627763,41.23172503335088,40.85697391109252,41.1960334777832,381163.0,0.0,0.0
2015-03-30,41.472647758257445,41.847402373079454,41.31739319884493,41.64217758178711,409342.0,0.0,0.0
2015-03-31,41.39233689687334,41.67786255648385,40.981894186650024,41.32095718383789,1150495.0,0.0,0.0
2015-04-01,40.97297114927256,41.151425544231415,40.3483858725183,40.76774978637695,1215866.0,0.0,0.0
2015-04-02,40.5357706694094,41.008672030367514,40.40192899183415,40.624996185302734,1031908.0,0.0,0.0
2015-04-06,39.750566917846356,40.61606858101757,39.750566917846356,40.348388671875,1711043.0,0.0,0.0
2015-04-07,40.312688987151425,40.63390617489511,40.07177609634366,40.10746765136719,854036.0,0.0,0.0
2015-04-08,40.0985483997499,40.294848574782065,39.83979310071189,40.161006927490234,1412094.0,0.0,0.0
2015-04-09,40.214551257752476,40.86590702008167,40.214551257752476,40.83021545410156,1353550.0,0.0,0.0
2015-04-10,41.454797443700606,41.633251840593,41.1603505820025,41.312034606933594,1130260.0,0.0,0.0
2015-04-13,41.267419652937505,41.41009398498131,40.80343960731041,40.86589813232422,837778.0,0.0,0.0
2015-04-14,40.803439615295986,41.04470991981616,40.4376096528288,40.56252670288086,793478.0,0.0,0.0
2015-04-15,40.63391610500442,40.76775436344897,39.58103880064662,39.59888458251953,1608451.0,0.0,0.0
2015-04-16,39.536424878154236,39.7773378207089,39.17951605872479,39.572113037109375,899532.0,0.0,0.0
2015-04-17,39.384736092171146,39.40258187290601,39.07244343864758,39.25981903076172,877395.0,0.0,0.0
2015-04-20,39.52750639526214,40.00933235484585,39.48289363687149,39.518585205078125,1007539.0,0.0,0.0
2015-04-21,39.55426658610706,39.81302187962468,39.143820464911485,39.17951202392578,731710.0,0.0,0.0
2015-04-22,39.09921040788256,39.29551059223145,38.81368472359397,39.25981903076172,1354877.0,0.0,0.0
2015-04-23,41.94554466940505,42.13292365903164,39.125976077882186,39.902252197265625,2264966.0,0.0,0.0
2015-04-24,40.08962238618854,40.8168199594826,39.83309656411343,40.65175247192383,1304811.0,0.0,0.0
2015-04-27,40.74097721691749,40.74097721691749,39.6791789886886,39.955780029296875,1407352.0,0.0,0.0
2015-04-28,39.97362913693527,40.062858031447455,39.67927079147242,40.01824188232422,698226.0,0.0,0.0
2015-04-29,39.99147415023302,40.13423697498515,39.375810106689634,39.68810272216797,807302.0,0.0,0.0
2015-04-30,39.56319100834177,40.27254293213579,39.42934935296362,40.1520881652832,1344526.0,0.0,0.0
2015-05-01,40.37515132760741,41.03543154309427,40.37515132760741,40.71421432495117,925854.0,0.0,0.0
2015-05-04,40.89267954045323,40.96405927242085,40.562537643430346,40.624996185302734,798044.0,0.0,0.0
2015-05-05,40.65176462060744,40.83021564386723,40.07178858380785,40.33054733276367,926345.0,0.0,0.0
2015-05-06,40.428691998722186,40.66960493219378,40.080704381217906,40.473304748535156,998076.0,0.0,0.0
2015-05-07,40.41977029942325,41.02651327076212,40.277007447563214,40.94620895385742,763044.0,0.0,0.0
2015-05-08,41.12465828097233,41.49940944433374,40.93728269929162,40.981895446777344,729919.0,0.0,0.0
2015-05-11,40.90159657957177,41.50833955652866,40.84645267035211,41.49049377441406,776918.0,0.0,0.0
2015-05-12,41.249570240208094,41.249570240208094,40.91050727447623,41.017581939697266,829683.0,0.0,0.0
2015-05-13,41.08897248059015,41.57971957918595,40.97297659788153,41.035438537597656,779951.0,0.0,0.0
2015-05-14,41.267425847770674,41.53510576711736,41.02651289923821,41.46372604370117,619285.0,0.0,0.0
2015-05-15,41.64325386299977,41.77790684218059,41.41883451394341,41.454742431640625,441341.0,0.28,0.0
2015-05-18,41.33804073214407,41.8497165408809,41.22134171937525,41.697113037109375,568735.0,0.0,0.0
2015-05-19,41.77790870384156,42.77433120595209,41.65223441066864,42.47809600830078,1059963.0,0.0,0.0
2015-05-20,42.549912395234216,42.6486540380228,42.19981531412526,42.28958511352539,648675.0,0.0,0.0
2015-05-21,42.20879091304011,42.39730234141405,42.0113007932003,42.29855728149414,582444.0,0.0,0.0
2015-05-22,42.23572121816657,42.298558362563874,41.948464722531,42.154930114746094,308356.0,0.0,0.0
2015-05-26,41.93948888076423,42.119021619801764,41.6791616150453,41.72404479980469,502299.0,0.0,0.0
2015-05-27,41.88563137914199,42.52298157264825,41.68814123633302,42.30754089355469,862984.0,0.0,0.0
2015-05-28,42.21777328878384,42.41526344187712,41.804842445377915,42.020286560058594,403076.0,0.0,0.0
2015-05-29,41.84972069863567,41.966419722998495,41.04181306874933,41.23929977416992,687283.0,0.0,0.0
2015-06-01,41.275211334228516,41.59837578443828,40.790464658913876,41.275211334228516,434154.0,0.0,0.0
2015-06-02,41.17646319175038,41.23032507089367,40.898185377095906,41.20339584350586,452160.0,0.0,0.0
2015-06-03,41.203400729408834,41.4457706533747,41.06874772776728,41.29316711425781,419492.0,0.0,0.0
2015-06-04,41.03283710711299,41.2033980212309,40.700697395760635,40.76353454589844,450666.0,0.0,0.0
2015-06-05,40.718637384608535,40.871240861332296,40.52114730944444,40.73659133911133,483156.0,0.0,0.0
2015-06-08,40.799445002839875,41.10465550434944,40.718653887017695,40.94307327270508,666304.0,0.0,0.0
2015-06-09,40.92512329189439,41.167496662937666,40.763541044532204,41.059776306152344,377362.0,0.0,0.0
2015-06-10,41.140553819866724,41.46371478331577,41.13157512889001,41.34701919555664,483707.0,0.0,0.0
2015-06-11,41.26623117198242,41.643254036269425,41.26623117198242,41.4188346862793,390867.0,0.0,0.0
2015-06-12,41.23032832715499,41.78688742478717,41.09567533084607,41.391910552978516,577928.0,0.0,0.0
2015-06-15,41.131581268625645,41.32009271486862,40.9340911300657,41.023860931396484,440401.0,0.0,0.0
2015-06-16,40.94306514484688,41.48167019382758,40.87124931198684,41.284183502197266,507311.0,0.0,0.0
2015-06-17,41.347022640550755,41.499626156196975,41.05976614397282,41.266231536865234,362280.0,0.0,0.0
2015-06-18,41.427818986450475,41.73302948073135,41.34702787254177,41.670188903808594,375766.0,0.0,0.0
2015-06-19,41.62530498453883,42.244704655127606,41.391910339755995,42.04721450805664,973812.0,0.0,0.0
2015-06-22,42.17288843714239,42.352424621582024,41.90358587266689,42.35242462158203,746716.0,0.0,0.0
2015-06-23,42.29855545925568,42.5588827106718,42.07862546896076,42.280601501464844,573913.0,0.0,0.0
2015-06-24,42.12799643053056,42.28957862027334,41.472692405181355,41.49064636230469,314475.0,0.0,0.0
2015-06-25,41.57144199252524,41.67916232265007,41.19441570053698,41.266231536865234,422663.0,0.0,0.0
2015-06-26,41.266225006687705,41.37394531976633,41.16747995954604,41.35599136352539,889200.0,0.0,0.0
2015-06-29,40.978968593891565,41.364970092515236,40.68273345218953,40.700687408447266,303008.0,0.0,0.0
2015-06-30,40.9610195296445,40.99692402208105,40.39548182526787,40.404457092285156,590691.0,0.0,0.0
2015-07-01,40.72763311748096,41.20340458998891,40.70070388437673,41.059776306152344,699999.0,0.0,0.0
2015-07-02,41.09566749502312,41.23929573232827,40.772503104994705,40.88920211791992,318257.0,0.0,0.0
2015-07-06,40.56603745021146,41.42781029251072,40.51217900182026,41.34701919555664,750786.0,0.0,0.0
2015-07-07,41.436794439623284,41.96642431663685,41.12260867544914,41.93949508666992,886406.0,0.0,0.0
2015-07-08,41.65223911280966,41.92154168920585,41.51758611242754,41.5983772277832,1060595.0,0.0,0.0
2015-07-09,41.966417171567656,41.966417171567656,41.2752051837001,41.36497497558594,924230.0,0.0,0.0
2015-07-10,41.652232217314165,41.93948870783075,41.60734560837237,41.759952545166016,355814.0,0.0,0.0
2015-07-13,41.96641580104353,42.31650941704652,41.77790438079074,42.280601501464844,570963.0,0.0,0.0
2015-07-14,42.17288517967255,42.312024085291306,41.94846582254932,42.163909912109375,497403.0,0.0,0.0
2015-07-15,42.181866406702106,42.45116896656133,41.9753975722966,42.19084167480469,474120.0,0.0,0.0
2015-07-16,42.32549320798058,42.56786310644203,42.09209515294461,42.25367736816406,515090.0,0.0,0.0
2015-07-17,42.23572012845968,42.37486245120737,42.03823343303522,42.065162658691406,612611.0,0.0,0.0
2015-07-20,41.96642014360094,42.5588871145359,41.96642014360094,42.47809600830078,720389.0,0.0,0.0
2015-07-21,42.47809800905069,42.646412536270944,41.66121164058309,41.688140869140625,477099.0,0.0,0.0
2015-07-22,41.76893126303921,42.02925854919142,41.616327738005836,41.67916488647461,786359.0,0.0,0.0
2015-07-23,41.75995617830058,41.75995617830058,40.49423108672841,40.63785934448242,1744245.0,0.0,0.0
2015-07-24,40.566042941821095,40.62888008969556,39.37213370783842,39.43497085571289,989029.0,0.0,0.0
2015-07-27,39.21055056896754,39.497807073736205,39.03999308937603,39.15668869018555,717368.0,0.0,0.0
2015-07-28,39.27338285698514,39.52473141147233,39.004080345124976,39.452919006347656,747310.0,0.0,0.0
2015-07-29,39.39008587412142,39.847899848411586,39.39008587412142,39.803016662597656,710011.0,0.0,0.0
2015-07-30,39.596551485660115,40.53911209039552,39.501398583313595,40.30571746826172,818885.0,0.0,0.0
2015-07-31,40.42241799316317,40.60195418365063,39.928696037598655,40.00948715209961,737191.0,0.0,0.0
2015-08-03,39.9556273016231,39.98480291856833,39.470884014309036,39.758140563964844,512887.0,0.0,0.0
2015-08-04,39.65939113994,40.16209175897214,39.64592652570689,39.713253021240234,400652.0,0.0,0.0
2015-08-05,39.85688573985237,40.449352802973806,39.70338158681047,40.34162902832031,512489.0,0.0,0.0
2015-08-06,40.4224106624217,40.72762110358903,39.79403924622488,40.09027099609375,462542.0,0.0,0.0
2015-08-07,40.04538929325403,40.530135910271305,39.883807087581616,40.41343688964844,502285.0,0.0,0.0
2015-08-10,40.61092379152906,40.97897135872703,40.404454992818295,40.84431838989258,598446.0,0.0,0.0
2015-08-11,40.45832444160309,40.808418116891836,40.40087382156397,40.610931396484375,464298.0,0.0,0.0
2015-08-12,40.30571673277466,40.50320343270955,39.8119914220186,40.37752914428711,457128.0,0.0,0.0
2015-08-13,40.35059794292697,40.88022772133106,40.287760801791514,40.628875732421875,438607.0,0.0,0.0
2015-08-14,40.57502095097152,41.311116177424765,40.46909498571375,41.20339584350586,445019.0,0.0,0.0
2015-08-17,41.05888665117712,41.54660853478231,40.75180288506114,41.45629119873047,410327.0,0.28,0.0
2015-08-18,41.30274994758755,41.76337734571396,41.30274994758755,41.60080337524414,441949.0,0.0,0.0
2015-08-19,41.36596468357208,41.709176714690514,41.25758320625548,41.47434616088867,610607.0,0.0,0.0
2015-08-20,41.16726893528478,41.27565042063789,40.66148292799478,40.796958923339844,507609.0,0.0,0.0
2015-08-21,40.41762355519749,40.53503884531715,39.83055054998458,39.83958435058594,624346.0,0.0,0.0
2015-08-24,37.95191534912392,39.46475277326117,37.36484246434961,38.168678283691406,1098716.0,0.0,0.0
2015-08-25,39.153175736841625,39.153175736841625,37.229388892146595,37.2745475769043,779211.0,0.0,0.0
2015-08-26,37.81644623017926,38.47577245758007,37.397366745059735,38.39448547363281,1130249.0,0.0,0.0
2015-08-27,38.78285477812195,38.891239716233514,38.00611672730224,38.53899383544922,806863.0,0.0,0.0
2015-08-28,38.439644519496206,38.846075961393275,38.335776486207486,38.77382278442383,469913.0,0.0,0.0
2015-08-31,38.656410178835785,38.71963300509171,38.213850395044325,38.31319808959961,478723.0,0.0,0.0
2015-09-01,37.599684103050635,38.12353088748269,36.97648272996493,37.61774826049805,992115.0,0.0,0.0
2015-09-02,38.02417074389342,38.0919104569408,37.19324037030803,37.888694763183594,550650.0,0.0,0.0
2015-09-03,37.9519267873332,38.177634008671085,37.79838317080255,37.87063980102539,493351.0,0.0,0.0
2015-09-04,37.36484679089913,37.81644030982113,37.36484679089913,37.56354904174805,528146.0,0.0,0.0
2015-09-08,38.18674959841944,38.367387708030776,37.75322020258346,38.30416488647461,485967.0,0.0,0.0
2015-09-09,38.55705521817758,38.55705521817758,37.969985683206,38.01514434814453,541384.0,0.0,0.0
2015-09-10,37.96095203187404,38.30416408844656,37.7712835711571,37.84354019165039,582419.0,0.0,0.0
2015-09-11,37.708073718203,38.00612721215635,37.45518235028124,37.82548904418945,608892.0,0.0,0.0
2015-09-14,37.744187138393876,37.90676108083661,37.26549566547467,37.56354904174805,311753.0,0.0,0.0
2015-09-15,37.63581125151502,38.35836381162124,37.391953724673016,38.06031036376953,507060.0,0.0,0.0
2015-09-16,38.02417890218196,38.79189007246053,37.99708438930371,38.73769760131836,484570.0,0.0,0.0
2015-09-17,38.74672561153086,39.26154195158828,38.59769892220236,38.674468994140625,568953.0,0.0,0.0
2015-09-18,38.24094761458759,38.52996725375519,37.997086648030084,38.114501953125,897174.0,0.0,0.0
2015-09-21,38.29513940351102,38.782857882510555,38.024180481928624,38.078372955322266,662128.0,0.0,0.0
2015-09-22,37.635806265456075,37.92482931843985,37.14808783099993,37.1751823425293,781325.0,0.0,0.0
2015-09-23,37.16616082856797,37.23841402496303,36.64231051181194,36.732627868652344,964372.0,0.0,0.0
2015-09-24,36.37134870714852,36.38037906311665,35.76621149571233,36.03717041015625,805622.0,0.0,0.0
2015-09-25,36.2810314702951,36.353288106652634,35.84750198830805,36.082332611083984,552140.0,0.0,0.0
2015-09-28,35.946842648911186,36.01006546457835,35.46815463160692,35.51331329345703,682230.0,0.0,0.0
2015-09-29,35.495249598705236,35.56750621490796,35.1430072081797,35.37783432006836,614573.0,0.0,0.0
2015-09-30,35.79331296067302,35.93782278801918,35.242368167232634,35.73912048339844,725306.0,0.0,0.0
2015-10-01,35.79330900579344,36.29006126707202,35.675893707365006,36.25393295288086,547546.0,0.0,0.0
2015-10-02,35.89266680295491,36.732627868652344,35.65783616255176,36.732627868652344,465386.0,0.0,0.0
2015-10-05,36.958415843991105,37.437107367542914,36.94938548862695,37.39194869995117,434382.0,0.0,0.0
2015-10-06,37.355814372428696,37.455165492363605,36.17715507753719,36.34424591064453,1199759.0,0.0,0.0
2015-10-07,36.55199828462071,37.292611739884734,36.37136010020311,37.2745475769043,610186.0,0.0,0.0
2015-10-08,37.193241496425095,37.96998287939829,37.066795865780165,37.789344787597656,406572.0,0.0,0.0
2015-10-09,37.870638274483824,38.362873627838596,37.870638274483824,38.23191452026367,588018.0,0.0,0.0
2015-10-12,38.18675445672374,38.18675445672374,37.87967066493139,38.078372955322266,393925.0,0.0,0.0
2015-10-13,37.87064186096651,38.24094849753666,37.69903752293165,37.717098236083984,361404.0,0.0,0.0
2015-10-14,37.680965625008,37.906762392280804,37.26098350006519,37.29259490966797,452813.0,0.0,0.0
2015-10-15,37.31969451904297,37.55452511851258,36.813908450896335,37.31969451904297,526995.0,0.0,0.0
2015-10-16,37.419048128268805,37.717098129846256,37.31066662273027,37.59065246582031,614568.0,0.0,0.0
2015-10-19,37.518388818911326,37.789344229921134,37.418135006753054,37.58161163330078,622068.0,0.0,0.0
2015-10-20,37.56355485757764,38.123529943032025,37.52742654357784,37.96998977661133,518960.0,0.0,0.0
2015-10-21,37.97902590455306,38.159664056620215,37.59065508349384,38.03321838378906,962165.0,0.0,0.0
2015-10-22,39.19831852112959,41.18523765288609,38.8460726849379,40.65244674682617,2094922.0,0.0,0.0
2015-10-23,40.8782488449278,41.835628463140026,40.86921848940807,41.49241638183594,1159739.0,0.0,0.0
2015-10-26,41.43821948253573,41.60982376788128,40.7698596033756,41.02275085449219,661164.0,0.0,0.0
2015-10-27,40.80599506204279,40.90534619822048,40.43568847426218,40.86018753051758,909296.0,0.0,0.0
2015-10-28,41.00468841299161,41.48337638818796,40.66147641142842,41.131134033203125,743703.0,0.0,0.0
2015-10-29,40.80599657784499,41.32984334435168,40.80599657784499,41.140174865722656,542876.0,0.0,0.0
2015-10-30,41.140167790890246,41.632406505027944,41.05888082183012,41.347900390625,649807.0,0.0,0.0
2015-11-02,41.39306591738736,41.9304598921523,41.248552675665664,41.826595306396484,597150.0,0.0,0.0
2015-11-03,41.709182160766005,41.808533296855856,41.09501463347012,41.15823745727539,615560.0,0.0,0.0
2015-11-04,41.17630707314072,41.20340158825397,40.643426455135724,40.84212875366211,608602.0,0.0,0.0
2015-11-05,40.86018071466399,41.682080733144176,40.715670934888955,41.53757095336914,529162.0,0.0,0.0
2015-11-06,41.393063877435594,41.510475712470154,41.03178768170658,41.42015838623047,478890.0,0.0,0.0
2015-11-09,41.28469007621454,41.329848751503,40.86922475094291,41.12211608886719,607181.0,0.0,0.0
2015-11-10,41.12211196043685,41.37500671835798,40.64342384874176,41.08598709106445,495058.0,0.0,0.0
2015-11-11,41.15823602038401,41.49241428388601,41.12210770936072,41.3027458190918,378129.0,0.0,0.0
2015-11-12,41.0317924404381,41.11307942163527,40.20989227294922,40.20989227294922,423280.0,0.0,0.0
2015-11-13,40.13763359145659,40.905344695749605,39.99764069310393,40.66148376464844,672654.0,0.0,0.0
2015-11-16,40.5524146657382,41.161338890703284,40.5524146657382,41.134071350097656,486249.0,0.28,0.0
2015-11-17,41.15225359206863,41.433995099831094,40.84324800731062,41.04319381713867,841712.0,0.0,0.0
2015-11-18,41.15225361362772,42.061093161398276,41.04319383864062,41.997474670410156,531484.0,0.0,0.0
2015-11-19,42.042914981480486,42.50642508160797,41.98838682872266,42.40645217895508,625501.0,0.0,0.0
2015-11-20,42.47007282484756,42.91540574101789,42.397367461829695,42.56095886230469,631743.0,0.0,0.0
2015-11-23,42.5609536630564,43.05172433758098,42.524599252514605,42.670013427734375,370909.0,0.0,0.0
2015-11-24,42.52460554582748,42.90631651216435,42.25195436030858,42.788169860839844,595720.0,0.0,0.0
2015-11-25,42.89723078630676,43.06990906612188,42.60640238506655,42.68819808959961,377240.0,0.0,0.0
2015-11-27,42.71545885271629,43.07899605951851,42.460984888123384,42.960845947265625,146319.0,0.0,0.0
2015-11-30,42.96993430545133,43.15170291514748,42.68819625402278,42.824520111083984,359814.0,0.0,0.0
2015-12-01,42.83361024054007,43.25167561394904,42.679105709616316,43.16987991333008,803365.0,0.0,0.0
2015-12-02,43.106265418220254,43.22441554494956,42.115630048601105,42.18833541870117,564670.0,0.0,0.0
2015-12-03,42.361017860968246,42.415546022691544,41.57941518475083,41.815711975097656,440524.0,0.0,0.0
2015-12-04,41.83388823989614,42.35192656625769,41.78844695050354,42.23377990722656,472359.0,0.0,0.0
2015-12-07,42.088364704935636,42.17016041068579,41.679386176184856,41.97930145263672,601494.0,0.0,0.0
2015-12-08,41.57940361169237,41.87023194976263,41.19769271808037,41.50669479370117,651107.0,0.0,0.0
2015-12-09,41.47035301243975,41.80662270256274,40.90686994937654,41.079551696777344,617457.0,0.0,0.0
2015-12-10,41.27040639327693,41.479439086742175,41.006842075319376,41.14316940307617,834753.0,0.0,0.0
2015-12-11,40.697837426381334,41.26132049186037,40.61604172119554,41.06137466430664,501192.0,0.0,0.0
2015-12-14,41.0250209522308,41.27949494298339,40.7796338324559,40.98866653442383,669650.0,0.0,0.0
2015-12-15,41.26131292014902,41.45216837491,40.99774864436628,41.36128234863281,889367.0,0.0,0.0
2015-12-16,41.54305363005397,41.63393966222894,40.670568522860044,41.46125793457031,1099703.0,0.0,0.0
2015-12-17,41.61576695342613,41.61576695342613,40.452449884494214,40.46154022216797,568552.0,0.0,0.0
2015-12-18,40.261591782549864,40.297946196988384,39.67084814918895,39.70719909667969,1755375.0,0.0,0.0
2015-12-21,39.888973516908635,40.379747782529996,39.84353222570998,40.17980194091797,514620.0,0.0,0.0
2015-12-22,40.316123351715376,40.52515603404302,39.98894055609026,40.36156463623047,525749.0,0.0,0.0
2015-12-23,40.61604241927263,41.07046224101546,40.506982632799826,40.98866653442383,599477.0,0.0,0.0
2015-12-24,40.98866333113183,41.106813446296925,40.70692528251609,40.94322204589844,180553.0,0.0,0.0
2015-12-28,40.861427094764025,41.22496431719115,40.697835691366606,41.206787109375,309991.0,0.0,0.0
2015-12-29,41.415817347482204,41.58849561109311,41.26131629061155,41.42490768432617,427337.0,0.0,0.0
2015-12-30,41.40673213821937,41.73391147182258,41.26131794541311,41.27040481567383,438130.0,0.0,0.0
2015-12-31,41.27040487821678,41.3522005784785,40.59786206862624,40.61603927612305,439400.0,0.0,0.0
2016-01-04,39.93441903966377,40.15254211425781,39.380029681178364,40.15254211425781,814542.0,0.0,0.0
2016-01-05,40.16161537283706,40.41609278475969,40.00711432537286,40.3252067565918,561609.0,0.0,0.0
2016-01-06,39.94349875352983,40.66148282717887,39.734466073913225,40.41609573364258,757867.0,0.0,0.0
2016-01-07,39.67084520315845,40.58877156440356,39.61631358555029,39.97985076904297,1558602.0,0.0,0.0
2016-01-08,41.03411373824239,41.143173531221684,40.116183702067445,40.17071533203125,1149666.0,0.0,0.0
2016-01-11,40.316120494578485,40.915954421732685,39.97985085266034,40.27976608276367,1139295.0,0.0,0.0
2016-01-12,40.47062586797617,40.77054459706831,40.270683515529306,40.55242156982422,716890.0,0.0,0.0
2016-01-13,40.74327722141994,41.16134256727692,40.025293170743204,40.207061767578125,942687.0,0.0,0.0
2016-01-14,40.28886413574219,40.561515342679236,39.952590962469905,40.28886413574219,718903.0,0.0,0.0
2016-01-15,39.4436372893897,40.1616178886814,39.189159861525845,40.11617660522461,1061774.0,0.0,0.0
2016-01-19,40.46153982900543,40.46153982900543,39.71629162660753,40.16162109375,695254.0,0.0,0.0
2016-01-20,39.66176135568583,40.17071280245403,38.580243431620026,39.752647399902344,1177825.0,0.0,0.0
2016-01-21,39.76174283304195,40.16163111286125,39.33458700061193,39.361854553222656,764150.0,0.0,0.0
2016-01-22,39.85262006639475,40.479721687811605,39.79809190240954,40.43428039550781,879586.0,0.0,0.0
2016-01-25,40.17071030999001,40.17071030999001,38.9892195440678,39.30731201171875,970071.0,0.0,0.0
2016-01-26,39.289138833527645,39.99803267239609,39.19825625257721,39.92532730102539,950329.0,0.0,0.0
2016-01-27,39.75264349862467,40.279768635556636,39.570874894978296,39.743553161621094,1048723.0,0.0,0.0
2016-01-28,39.77081429242914,42.07926741374312,39.66629969326487,41.288578033447266,1972571.0,0.0,0.0
2016-01-29,41.506701542450074,43.50614929199219,41.35220047951869,43.50614929199219,2547985.0,0.0,0.0
2016-02-01,43.26985599449248,43.26985599449248,42.324661932906515,42.915409088134766,1090337.0,0.0,0.0
2016-02-02,42.53368639264235,43.32437575875279,42.08835699498429,43.278934478759766,823164.0,0.0,0.0
2016-02-03,43.51524006590623,43.89695102541302,42.879051666447054,43.478885650634766,915703.0,0.0,0.0
2016-02-04,43.37891982316288,43.58795254467391,42.742731319854116,43.19715118408203,986071.0,0.0,0.0
2016-02-05,43.224413201739765,44.24231259659726,42.74272584977804,43.6788330078125,1344897.0,0.0,0.0
2016-02-08,43.27894438012966,43.50606415836952,42.306486204620406,42.779083251953125,1202624.0,0.0,0.0
2016-02-09,42.370096609417566,44.47860397654863,42.22468242778603,44.105979919433594,1378833.0,0.0,0.0
2016-02-10,44.28774877501383,44.76943260446307,43.960565997671864,44.096893310546875,848658.0,0.0,0.0
2016-02-11,43.351655383494645,43.86060340838894,43.07900416059436,43.23350524902344,697343.0,0.0,0.0
2016-02-12,43.48038519928744,44.01988960125945,43.32493649292543,43.73642349243164,804245.0,0.29,0.0
2016-02-16,44.14790756029803,44.221062355893665,43.33407964446615,43.81871795654297,697008.0,0.0,0.0
2016-02-17,43.96503292388829,44.02904163375529,43.26093362713819,43.699851989746094,1101734.0,0.0,0.0
2016-02-18,43.6632806757235,43.83701812841453,43.22436225191442,43.56269454956055,717902.0,0.0,0.0
2016-02-19,43.63584067899305,43.96503030338111,42.66656050587408,43.58097457885742,618236.0,0.0,0.0
2016-02-22,43.93759180031798,44.22106139477103,43.22434999982573,43.35236740112305,807962.0,0.0,0.0
2016-02-23,43.27922629420873,43.55354985994995,42.99575663295522,43.47125244140625,604823.0,0.0,0.0
2016-02-24,43.15120211299684,44.51368071963606,43.0304994741368,44.266788482666016,592024.0,0.0,0.0
2016-02-25,44.41309425855777,44.76057260656264,44.202779426090196,44.595977783203125,381217.0,0.0,0.0
2016-02-26,44.80629001209317,45.153768339906975,44.531966485171914,44.60511779785156,483260.0,0.0,0.0
2016-02-29,44.6599892621606,45.26350248915412,44.431385714235574,44.870304107666016,743335.0,0.0,0.0
2016-03-01,45.217777979356505,46.049894671503615,44.82457963698022,45.78471374511719,934462.0,0.0,0.0
2016-03-02,45.62011425145222,46.23277345001729,45.32750204826707,45.70241165161133,763995.0,0.0,0.0
2016-03-03,45.67499036396771,46.2510722914139,45.49210682481823,46.17791748046875,462853.0,0.0,0.0
2016-03-04,46.04989315757888,46.717415010590024,45.89444095169252,46.48881149291992,572140.0,0.0,0.0
2016-03-07,46.36994380555328,46.6168360611244,45.711567945577,46.20534896850586,733054.0,0.0,0.0
2016-03-08,45.87615875908804,46.47052938462512,45.748141329147956,46.25107192993164,922528.0,0.0,0.0
2016-03-09,46.369942212291555,46.91859281300255,46.287644796595565,46.781429290771484,929948.0,0.0,0.0
2016-03-10,47.01003455806297,47.1929180983339,46.648840525286566,47.07404327392578,695525.0,0.0,0.0
2016-03-11,47.49466651963509,47.72327004185011,47.31178649243342,47.54039001464844,514963.0,0.0,0.0
2016-03-14,47.4032268677678,47.92444262333839,47.16548073766363,47.595252990722656,692807.0,0.0,0.0
2016-03-15,47.284355316215,47.97016593534166,47.0202731601368,47.76899719238281,949381.0,0.0,0.0
2016-03-16,47.55867631076802,48.46394781418636,47.55867631076802,48.16218948364258,674451.0,0.0,0.0
2016-03-17,48.317636474744454,49.5520939941555,48.00682626504302,49.45151138305664,794131.0,0.0,0.0
2016-03-18,47.95187166484062,48.555384800056466,47.513867249907534,47.73241424560547,1951828.0,0.0,0.0
2016-03-21,47.74157035039913,48.07076006054408,47.73242774210122,47.95188522338867,566516.0,0.0,0.0
2016-03-22,47.68669394350212,48.35421577918693,47.67297480269921,48.18962097167969,457011.0,0.0,0.0
2016-03-23,48.034175698060174,48.27192533795713,47.59525731080418,47.6226921081543,510792.0,0.0,0.0
2016-03-24,47.467235383684624,47.71412760714915,47.06489443889777,47.43980407714844,601081.0,0.0,0.0
2016-03-28,47.44895118171885,47.86958086681252,47.44895118171885,47.6226921081543,315540.0,0.0,0.0
2016-03-29,47.58610728189949,48.04331430000794,47.47637508604029,47.778133392333984,685051.0,0.0,0.0
2016-03-30,48.00674402613205,48.31764498411553,47.64097696207622,48.079898834228516,541418.0,0.0,0.0
2016-03-31,47.65012798064591,47.759856715915085,46.89116246518457,47.34836959838867,1040340.0,0.0,0.0
2016-04-01,47.02831329793282,47.74155511685397,47.01002459895886,47.69583511352539,861217.0,0.0,0.0
2016-04-04,47.77813666985319,47.97016279346044,47.266705349872744,47.36664962768555,491914.0,0.0,0.0
2016-04-05,47.13804921031583,47.30264403803307,46.351652475269724,46.67169952392578,892472.0,0.0,0.0
2016-04-06,46.28764772217249,46.93688448179237,45.94931543102196,46.699134826660156,1190207.0,0.0,0.0
2016-04-07,46.42480991397355,46.46138731958706,45.9767454157415,46.20534896850586,782005.0,0.0,0.0
2016-04-08,46.54367552892374,47.03745645415252,46.109326771684174,46.653404235839844,786914.0,0.0,0.0
2016-04-11,46.818005475248675,47.476381295448796,46.68084195659151,47.0283203125,1152290.0,0.0,0.0
2016-04-12,47.09232555689753,47.32092907901839,46.82714463406623,46.955162048339844,726358.0,0.0,0.0
2016-04-13,47.24778052863826,47.357512745287515,46.351655021949604,47.30264663696289,486109.0,0.0,0.0
2016-04-14,47.44894805904332,47.494668067333606,46.95516359779693,46.96430969238281,339861.0,0.0,0.0
2016-04-15,46.982586539112205,47.54952217293627,46.982586539112205,47.394073486328125,400405.0,0.0,0.0
2016-04-18,47.34835492890593,47.76898801217536,47.13529839633597,47.75984191894531,378849.0,0.0,0.0
2016-04-19,47.906150799290316,48.09817690972481,47.64096989161636,47.778133392333984,330856.0,0.0,0.0
2016-04-20,47.90615273192787,48.23534235636021,47.66840660773388,47.97016143798828,508169.0,0.0,0.0
2016-04-21,48.06161775197644,48.29936393955615,47.211212158203125,47.211212158203125,581572.0,0.0,0.0
2016-04-22,47.2843578662288,48.34507820815345,46.982602991410495,48.1439094543457,836237.0,0.0,0.0
2016-04-25,47.89700976200538,48.043315873062,47.5952514458314,47.91529846191406,511774.0,0.0,0.0
2016-04-26,48.02503272650187,48.68341204649438,47.833006587575134,48.59196853637695,923208.0,0.0,0.0
2016-04-27,48.665117821897105,49.268630967331795,48.33592819925767,49.1406135559082,1191619.0,0.0,0.0
2016-04-28,46.52539922266868,46.73571408703455,45.40981269252361,45.89445114135742,2436703.0,0.0,0.0
2016-04-29,45.64755006391451,46.2053432213943,45.536816743604106,45.88529968261719,1473004.0,0.0,0.0
2016-05-02,45.83043928150084,46.223637671312616,45.61098182424654,46.20534896850586,1002651.0,0.0,0.0
2016-05-03,45.94931134214489,46.1596261794537,45.3915181488326,45.67498779296875,663558.0,0.0,0.0
2016-05-04,45.32751169487517,45.65670136556981,45.135485549707745,45.40980911254883,509418.0,0.0,0.0
2016-05-05,45.38237781192406,45.38237781192406,44.18449395181215,45.15377426147461,694924.0,0.0,0.0
2016-05-06,45.10805356598209,45.29093361300172,44.879450018994255,45.098907470703125,488626.0,0.0,0.0
2016-05-09,45.13547314212755,45.533240978027486,45.071464444667505,45.42808532714844,537777.0,0.0,0.0
2016-05-10,45.59269055983955,45.940168917218266,45.4189496370436,45.83043670654297,388934.0,0.0,0.0
2016-05-11,45.848720674793626,45.848720674793626,44.998315315030496,45.36408233642578,540671.0,0.0,0.0
2016-05-12,45.66584273900096,46.04075241200448,45.64755403687722,45.91273498535156,648544.0,0.0,0.0
2016-05-13,45.74718722867725,45.7563829478513,44.90103721709267,44.97461700439453,1038116.0,0.29,0.0
2016-05-16,45.03899695832207,45.6092262683331,45.002207065165926,45.26892852783203,550340.0,0.0,0.0
2016-05-17,45.11257419764351,45.416085559934515,44.10087667362829,44.340003967285156,508323.0,0.0,0.0
2016-05-18,44.33080118434339,44.689493821913096,43.94460910535119,44.045684814453125,492332.0,0.0,0.0
2016-05-19,43.898535765434296,44.37679386122541,43.484658229799926,44.340003967285156,651485.0,0.0,0.0
2016-05-20,44.422774124978176,44.855046555528006,44.34919785443519,44.67110061645508,571251.0,0.0,0.0
2016-05-23,44.60672504285611,44.90103717483182,44.38598918963565,44.42277908325195,400158.0,0.0,0.0
2016-05-24,44.59752152404201,45.25052623337945,44.59752152404201,45.12176513671875,425499.0,0.0,0.0
2016-05-25,45.34251131948817,45.94953060985861,45.14017389501657,45.581642150878906,688821.0,0.0,0.0
2016-05-26,45.76557744398766,45.8207622829893,45.416083989075766,45.56324005126953,270123.0,0.0,0.0
2016-05-27,45.69200486317065,46.243839263916016,45.68280563502095,46.243839263916016,635206.0,0.0,0.0
2016-05-31,46.207051446775075,46.66691460265729,46.01390625486169,46.29902267456055,675074.0,0.0,0.0
2016-06-01,46.00470867810509,46.023103624615004,45.69200160439115,45.8851432800293,669708.0,0.0,0.0
2016-06-02,45.79316692329026,46.03229418416227,45.67360153861579,46.004703521728516,448808.0,0.0,0.0
2016-06-03,45.967922063543334,46.28982838770942,45.76558114598051,46.243839263916016,315900.0,0.0,0.0
2016-06-06,46.317419770658525,46.7220981035576,46.28062987444653,46.56574630737305,451596.0,0.0,0.0
2016-06-07,46.70369548947714,47.00720682069111,46.52894877386964,46.906036376953125,547518.0,0.0,0.0
2016-06-08,46.92443673809546,47.172763262711555,46.786476388260695,47.12677764892578,752473.0,0.0,0.0
2016-06-09,46.86005067625161,46.96581722469533,46.62091989907298,46.84165573120117,375604.0,0.0,0.0
2016-06-10,46.59333238165473,46.92443439796407,46.48296621237738,46.731292724609375,609091.0,0.0,0.0
2016-06-13,46.62093078443851,46.786481820069355,45.8023748351959,45.83916473388672,357642.0,0.0,0.0
2016-06-14,45.74718188131571,46.15186013874124,45.636812213263966,46.050689697265625,462709.0,0.0,0.0
2016-06-15,46.20706117716212,46.42779357372054,45.87595907384631,45.94953536987305,348925.0,0.0,0.0
2016-06-16,45.82996302514816,46.55654413272607,45.75638323738072,46.46457290649414,439685.0,0.0,0.0
2016-06-17,46.29902258983609,46.317417537055015,45.67360841830256,46.234642028808594,586189.0,0.0,0.0
2016-06-20,46.832464691334515,47.24634225612768,46.694507842055216,46.88764953613281,344132.0,0.0,0.0
2016-06-21,47.02560301407538,47.292320953719084,46.712895956255785,46.72209167480469,409810.0,0.0,0.0
2016-06-22,46.814068228686715,47.071590459826304,46.72209349722453,46.731292724609375,306954.0,0.0,0.0
2016-06-23,47.246332462191035,47.623420052283564,47.117571359497525,47.51305389404297,348422.0,0.0,0.0
2016-06-24,45.84835743180044,46.519760758973675,45.618425842857654,45.67361068725586,858841.0,0.0,0.0
2016-06-27,45.32410249926697,45.70119007169193,44.84584449132952,45.12176513671875,908180.0,0.0,0.0
2016-06-28,45.28732596461096,45.9219358683017,45.232141121842304,45.793174743652344,799302.0,0.0,0.0
2016-06-29,46.299020111580504,46.510556730558974,45.71315352911258,46.115074157714844,787139.0,0.0,0.0
2016-06-30,46.32661254894756,47.37509996507194,46.07828602800062,47.35670852661133,945305.0,0.0,0.0
2016-07-01,47.14516486376606,47.67860775962493,46.96122242510298,47.54984664916992,660802.0,0.0,0.0
2016-07-05,47.45787555782839,47.476270504799636,47.04400153064618,47.42108917236328,564215.0,0.0,0.0
2016-07-06,46.98881502744685,48.193657697860395,46.97961930852522,48.028106689453125,776673.0,0.0,0.0
2016-07-07,48.046502454599185,48.322419637154496,47.03480144059326,47.375099182128906,1040164.0,0.0,0.0
2016-07-08,47.88094500325783,47.92693060941898,47.237135991571215,47.67860412597656,1103916.0,0.0,0.0
2016-07-11,47.82576495175402,47.92914223267181,47.4302823839748,47.64181900024414,984061.0,0.0,0.0
2016-07-12,47.89014903285982,48.05570005055428,47.59583689217577,47.788978576660156,681672.0,0.0,0.0
2016-07-13,46.94282668892159,48.48796700531234,46.94282668892159,48.395992279052734,649353.0,0.0,0.0
2016-07-14,48.74549345757255,48.84206429717876,48.294826030932875,48.3132209777832,906871.0,0.0,0.0
2016-07-15,48.41438863476573,49.04173592856219,48.41438863476573,48.82826614379883,605997.0,0.0,0.0
2016-07-18,48.79147512033079,48.86505490177513,48.368401902457045,48.73629379272461,1218359.0,0.0,0.0
2016-07-19,48.70869980966956,48.754685419012375,48.09708103082646,48.37759780883789,650853.0,0.0,0.0
2016-07-20,48.46957627177233,48.67191367017123,48.28103069791447,48.3132209777832,573798.0,0.0,0.0
2016-07-21,48.38679804200718,48.51555915423553,47.549847304045706,47.660213470458984,602583.0,0.0,0.0
2016-07-22,47.724587951130374,48.27642572990098,47.6050225727919,48.1568603515625,538874.0,0.0,0.0
2016-07-25,48.17526121985225,48.17526121985225,47.57743776311353,47.87174987792969,473572.0,0.0,0.0
2016-07-26,48.03730284487736,48.40059514393462,47.945331620916384,48.35000991821289,474680.0,0.0,0.0
2016-07-27,48.368404123617054,48.50636446592203,47.834961209080184,48.175262451171875,842320.0,0.0,0.0
2016-07-28,47.80737165683454,47.80737165683454,46.427782235580636,47.375099182128906,1416281.0,0.0,0.0
2016-07-29,47.338311704386776,47.338311704386776,46.427781163651595,46.94282913208008,1312529.0,0.0,0.0
2016-08-01,46.94283429055716,47.02560980335643,46.151869059025785,46.4185905456543,1033132.0,0.0,0.0
2016-08-02,46.45537333416587,46.50963895351341,46.07828569584851,46.20705032348633,761783.0,0.0,0.0
2016-08-03,46.10587748774604,46.234638600252694,45.921931537674894,46.15186309814453,611075.0,0.0,0.0
2016-08-04,46.15185900192179,46.82325867788559,46.15185900192179,46.639312744140625,678432.0,0.0,0.0
2016-08-05,46.82326126098633,47.329109975333516,46.786471370512366,46.82326126098633,837603.0,0.0,0.0
2016-08-08,46.78647435645657,46.8462588094115,46.53814784262459,46.584136962890625,762020.0,0.0,0.0
2016-08-09,46.6669093214584,46.84165603786603,46.07828160142191,46.35420227050781,1294122.0,0.0,0.0
2016-08-10,46.42778080473094,46.5473461999284,46.087483073682876,46.53814697265625,788108.0,0.0,0.0
2016-08-11,46.740492729624215,46.88764880498067,46.124277760468296,46.16106414794922,1086241.0,0.0,0.0
2016-08-12,46.041497881254934,46.18865394265201,45.84835270003351,46.115074157714844,702033.0,0.0,0.0
2016-08-15,46.27234086367031,46.67937337563153,46.27234086367031,46.46660614013672,533545.0,0.29,0.0
2016-08-16,46.40184521652717,46.72858137315373,46.40184521652717,46.5221061706543,1057922.0,0.0,0.0
2016-08-17,46.59610253294196,47.049391572753706,46.59610253294196,46.97538375854492,652745.0,0.0,0.0
2016-08-18,46.938389141389564,47.35929716748071,46.827377406451184,47.1234016418457,609900.0,0.0,0.0
2016-08-19,46.92913818039897,47.5674398005311,46.84588114047849,47.428680419921875,565241.0,0.0,0.0
2016-08-22,47.23442163136517,47.67845806205577,47.01240165157595,47.60445022583008,509775.0,0.0,0.0
2016-08-23,47.82646179199219,48.094734857783976,47.75245396878594,47.82646179199219,692242.0,0.0,0.0
2016-08-24,47.72470789960626,47.918973162951865,47.43793284736683,47.493438720703125,604226.0,0.0,0.0
2016-08-25,47.3916791613301,48.474020740919514,47.188161157039126,48.10398864746094,708538.0,0.0,0.0
2016-08-26,48.22425081530174,48.5572790019801,47.83766117165092,47.97447967529297,561821.0,0.0,0.0
2016-08-29,48.122488216398175,48.39076129439516,47.96522334937368,48.11323547363281,477311.0,0.0,0.0
2016-08-30,48.15023552207553,48.56652069091797,48.15023552207553,48.56652069091797,586152.0,0.0,0.0
2016-08-31,48.575777681904476,48.8533035248277,48.36301045684765,48.659034729003906,895241.0,0.0,0.0
2016-09-01,48.723782625470214,48.89029669508858,48.400007228371805,48.75153732299805,995200.0,0.0,0.0
2016-09-02,48.92730944569778,49.08494133480959,48.742293387262556,48.87180709838867,591249.0,0.0,0.0
2016-09-06,49.001307156118585,49.121564569699615,48.45551183739361,48.83479309082031,718284.0,0.0,0.0
2016-09-07,48.649782068361205,48.741921319231615,48.16874177795904,48.45551681518555,552840.0,0.0,0.0
2016-09-08,48.29824895491147,48.59427318776215,47.96568309495771,48.02997589111328,559157.0,0.0,0.0
2016-09-09,47.669209045846415,47.91435384696076,46.96615219116211,46.96615219116211,1239014.0,0.0,0.0
2016-09-12,46.75337862585557,47.761712399362196,46.75337862585557,47.6784553527832,494643.0,0.0,0.0
2016-09-13,47.41943708409946,47.78022001458386,47.11416356309029,47.484195709228516,616635.0,0.0,0.0
2016-09-14,47.40093112374179,47.7987108536591,47.058650207820186,47.280670166015625,674608.0,0.0,0.0
2016-09-15,47.234418277615724,47.76171172217728,47.16041044664475,47.696956634521484,535100.0,0.0,0.0
2016-09-16,47.56743972275262,47.89121866808614,47.23783811325413,47.38242721557617,694590.0,0.0,0.0
2016-09-19,47.43793023198527,47.77095839586706,47.25754056469721,47.36392593383789,496653.0,0.0,0.0
2016-09-20,47.69695463146601,47.891219886275145,46.98926801085423,47.00314712524414,592223.0,0.0,0.0
2016-09-21,47.16966315157534,47.33617371334931,46.605365791987495,47.151161193847656,713610.0,0.0,0.0
2016-09-22,47.280677743905215,47.61370597013055,46.845890500901234,47.53044891357422,639786.0,0.0,0.0
2016-09-23,47.37317455034576,47.68770075350233,47.151158129816054,47.428680419921875,453870.0,0.0,0.0
2016-09-26,47.31767410373858,47.567441704610616,46.76262597242151,46.7811279296875,576655.0,0.0,0.0
2016-09-27,46.697879179856216,47.012405451462016,46.44810800573795,46.76263427734375,656989.0,0.0,0.0
2016-09-28,46.76262232551408,47.13265438420086,46.605360994348906,47.1234016418457,525915.0,0.0,0.0
2016-09-29,47.114160016846675,47.114160016846675,46.62387045967209,46.82738494873047,1083016.0,0.0,0.0
2016-09-30,46.95689456839051,47.32692668223956,46.66087028886638,47.18816375732422,694901.0,0.0,0.0
2016-10-03,46.96614646984048,47.188162911058086,46.522110058517576,46.568363189697266,617358.0,0.0,0.0
2016-10-04,46.63312133362802,46.86439053356248,45.495277293417054,45.698795318603516,464518.0,0.0,0.0
2016-10-05,45.51377620031063,45.95781261093711,45.42126640920863,45.72654342651367,555938.0,0.0,0.0
2016-10-06,45.606278138946585,46.11506959066603,45.44901680231347,46.087318420410156,449826.0,0.0,0.0
2016-10-07,46.041067693195174,46.17057786632205,45.29175429724853,45.82830047607422,597447.0,0.0,0.0
2016-10-10,45.93930951855458,46.272337700524474,45.70804033984078,45.902305603027344,364451.0,0.0,0.0
2016-10-11,45.80055110921755,46.23533833725197,45.53228151745074,46.179832458496094,991749.0,0.0,0.0
2016-10-12,46.226084986649916,46.37871996402034,46.0780728520963,46.24458694458008,521465.0,0.0,0.0
2016-10-13,45.46752261658105,46.09657507426171,45.365763611825706,45.88380432128906,304624.0,0.0,0.0
2016-10-14,46.13357154633501,46.62386457046698,46.13357154633501,46.33708953857422,251598.0,0.0,0.0
2016-10-17,46.411101617091965,46.71637865663521,46.07807693152837,46.429603576660156,278130.0,0.0,0.0
2016-10-18,46.8736399767807,47.01240290897131,46.531362547301946,46.67937469482422,374420.0,0.0,0.0
2016-10-19,46.586862660239895,47.08640491963584,46.51285483119419,47.03089904785156,352235.0,0.0,0.0
2016-10-20,46.81813762701483,46.8366395865661,46.23533825225741,46.67937469482422,344545.0,0.0,0.0
2016-10-21,46.32783777785021,46.531352230013574,46.078066672621055,46.25382995605469,545253.0,0.0,0.0
2016-10-24,46.85513890164417,46.89213928977049,46.52211070629296,46.79963302612305,323114.0,0.0,0.0
2016-10-25,46.66086864690187,46.66086864690187,46.16132989833819,46.24458694458008,654027.0,0.0,0.0
2016-10-26,46.13357139137463,46.17057530418244,45.6802858105847,45.74504089355469,1131643.0,0.0,0.0
2016-10-27,45.08823919953956,45.53227558506932,43.93189334277845,44.84771728515625,1403595.0,0.0,0.0
2016-10-28,44.13540714949048,45.56918353343697,44.10858054710168,44.86621856689453,1105685.0,0.0,0.0
2016-10-31,44.77371601833749,45.18074851709047,44.560945260859256,45.069740295410156,1021347.0,0.0,0.0
2016-11-01,45.1437396613625,45.42126194964532,44.682125906415784,44.74595642089844,589975.0,0.0,0.0
2016-11-02,44.66270507291096,45.16224737280931,44.47306617115876,44.59794998168945,625432.0,0.0,0.0
2016-11-03,44.681203199471646,45.338006799178956,44.375929728308215,44.84771728515625,502061.0,0.0,0.0
2016-11-04,44.866212141001476,45.16214460010669,44.255661766423735,44.28341293334961,771833.0,0.0,0.0
2016-11-07,44.44993581867213,44.89397222208878,44.39443347379983,44.6534538269043,779872.0,0.0,0.0
2016-11-08,44.47769074040602,44.91710077429826,44.37593173578567,44.792213439941406,1982258.0,0.0,0.0
2016-11-09,44.48694151179442,45.236254957494864,44.39443524738647,44.708961486816406,1379499.0,0.0,0.0
2016-11-10,44.89397150042349,44.89397150042349,44.079906538356134,44.12615966796875,1093030.0,0.0,0.0
2016-11-11,43.98739755076686,44.95872740585939,43.68212406665784,44.44993591308594,1561571.0,0.0,0.0
2016-11-14,44.68260539419652,45.510925814310205,44.68260539419652,45.41785430908203,886001.0,0.29,0.0
2016-11-15,45.51092396461244,45.77151706803025,45.129339684472896,45.52022933959961,812318.0,0.0,0.0
2016-11-16,45.43647641019617,45.90182336527832,45.43647641019617,45.650535583496094,601639.0,0.0,0.0
2016-11-17,45.70637591722965,45.88320647206959,45.36202018398753,45.43647384643555,647380.0,0.0,0.0
2016-11-18,45.40854967880388,45.780825054880346,45.39924075297086,45.734291076660156,537752.0,0.0,0.0
2016-11-21,45.641226578549166,45.94835369832603,45.455087101249276,45.88320541381836,433309.0,0.0,0.0
2016-11-22,46.032118064489026,46.39508810657727,45.89251611385567,46.36716842651367,457081.0,0.0,0.0
2016-11-23,46.367163823156794,46.98142157577968,46.29271016694054,46.46023178100586,855264.0,0.0,0.0
2016-11-25,46.50677490234375,46.62776255203241,46.18102991007353,46.50677490234375,170671.0,0.0,0.0
2016-11-28,46.5346879558126,47.791123110493565,46.47419413958342,47.49330139160156,1014560.0,0.0,0.0
2016-11-29,47.474687090381444,47.87488569082662,47.1024117169239,47.49330139160156,1090402.0,0.0,0.0
2016-11-30,47.567756766457286,47.567756766457286,46.59983444213867,46.59983444213867,583508.0,0.0,0.0
2016-12-01,46.69290375303133,46.720826979757234,45.10141829193605,45.41785430908203,1217046.0,0.0,0.0
2016-12-02,45.473697774367686,45.85993653763078,45.19449035586139,45.67845153808594,744887.0,0.0,0.0
2016-12-05,45.99488595719865,46.75805814057286,45.92043229925671,46.62775802612305,957883.0,0.0,0.0
2016-12-06,46.571911409639945,46.758050850948116,46.083295819995314,46.65567398071289,458020.0,0.0,0.0
2016-12-07,46.04141531262403,46.62309883516956,45.89250447286496,46.51606750488281,569669.0,0.0,0.0
2016-12-08,46.67429628534224,47.22340577871032,46.61845337827737,46.94419479370117,543185.0,0.0,0.0
2016-12-09,46.98141612219546,47.42814865858148,46.87438833812428,47.381614685058594,508021.0,0.0,0.0
2016-12-12,47.428158069247864,47.76320842559652,47.13033631923024,47.25132751464844,388058.0,0.0,0.0
2016-12-13,46.89766656681902,47.55845840507384,46.78598428930222,47.04657745361328,539362.0,0.0,0.0
2016-12-14,47.11172227259664,47.38162434449331,46.23221685755001,46.28340530395508,853081.0,0.0,0.0
2016-12-15,46.24616808833288,46.24616808833288,44.971118729592824,45.32478332519531,1328383.0,0.0,0.0
2016-12-16,45.08280324076799,45.594687635218555,44.99904066261379,45.101417541503906,1691645.0,0.0,0.0
2016-12-19,45.185178818637716,45.548148796749935,44.933891091410466,45.28755569458008,587138.0,0.0,0.0
2016-12-20,45.3527104489671,45.417858733816296,44.93389751042565,45.09211730957031,934018.0,0.0,0.0
2016-12-21,44.96181309812627,45.138643619760515,44.803593325872775,44.91527557373047,839963.0,0.0,0.0
2016-12-22,45.06419237591413,45.12375956293665,44.67330268160137,44.81290817260742,914121.0,0.0,0.0
2016-12-23,44.766369422214794,45.17587695783907,44.6733014642902,45.0269660949707,773972.0,0.0,0.0
2016-12-27,45.22241362502561,45.88320539638974,45.02696877157682,45.44578170776367,603460.0,0.0,0.0
2016-12-28,45.603996032207185,45.603996032207185,44.6546879336622,44.75706481933594,363374.0,0.0,0.0
2016-12-29,44.757061125920195,45.00834885629681,44.70643008672918,44.961814880371094,256951.0,0.0,0.0
2016-12-30,45.12934211888017,45.12934211888017,44.459241473584626,44.505775451660156,416158.0,0.0,0.0
2017-01-03,44.543005099797696,45.287559417427914,44.515085422360016,45.259639739990234,1325383.0,0.0,0.0
2017-01-04,45.32479358410771,46.53469494255094,45.32479358410771,46.35786437988281,1170074.0,0.0,0.0
2017-01-05,46.264795706492706,46.73945161228909,46.106579438104376,46.21826171875,647784.0,0.0,0.0
2017-01-06,46.28340105745556,46.64544087953809,46.19963847559751,46.40439224243164,508434.0,0.0,0.0
2017-01-09,46.19033715773479,46.48815890821222,45.92974046333055,46.05073165893555,456523.0,0.0,0.0
2017-01-10,45.976271680287056,46.12518253506851,45.715675021683396,45.864585876464844,389397.0,0.0,0.0
2017-01-11,45.957663693279585,46.19964253417426,45.80875281804087,46.05073165893555,400028.0,0.0,0.0
2017-01-12,45.911127577475945,45.94835263181971,45.66914519750817,45.892513275146484,511383.0,0.0,0.0
2017-01-13,46.15310713485573,46.38578059216992,45.855285393518784,46.20895004272461,546918.0,0.0,0.0
2017-01-17,45.77152008279607,46.255481271244626,45.77152008279607,46.19963836669922,735590.0,0.0,0.0
2017-01-18,46.26479675274745,46.618461458158194,46.06935186961879,46.38578796386719,521628.0,0.0,0.0
2017-01-19,46.432311265556436,46.66498470629409,45.75290524464027,46.115875244140625,502541.0,0.0,0.0
2017-01-20,46.32993556031451,46.38577846562328,46.19033362251514,46.31132125854492,434207.0,0.0,0.0
2017-01-23,46.32993780070497,46.851127624511726,46.32993780070497,46.85112762451172,723816.0,0.0,0.0
2017-01-24,47.33508138868838,47.98191321575922,47.06517936795409,47.67013168334961,812838.0,0.0,0.0
2017-01-25,47.74459043342884,48.377462490896036,47.74459043342884,48.070335388183594,1067865.0,0.0,0.0
2017-01-26,46.59053509138376,47.09310706871679,44.78498676249512,46.34855270385742,2571656.0,0.0,0.0
2017-01-27,46.097263153861185,46.227559718873444,45.50627414817981,46.04142379760742,1322927.0,0.0,0.0
2017-01-30,45.780827799136496,45.957661897414184,45.35270949334397,45.566768646240234,963454.0,0.0,0.0
2017-01-31,45.520237235192035,45.68776241653676,44.98974201103884,45.343406677246094,964265.0,0.0,0.0
2017-02-01,45.58537642178943,46.087951865490645,45.147949252236735,45.32478332519531,937955.0,0.0,0.0
2017-02-02,45.28755527273858,45.52953407245452,45.1758730228939,45.408546447753906,1053249.0,0.0,0.0
2017-02-03,45.501615916159366,45.60399279456489,45.20379420642413,45.455081939697266,859627.0,0.0,0.0
2017-02-06,45.08280236487943,45.66914040056718,45.0269630140714,45.16656494140625,1048678.0,0.0,0.0
2017-02-07,45.15726348443124,45.48300489345685,45.09211520262612,45.37132263183594,772642.0,0.0,0.0
2017-02-08,45.25033480661543,45.724990666827374,45.17588114344053,45.31548309326172,630453.0,0.0,0.0
2017-02-09,45.24102641150558,45.82736450251578,44.887361771654895,45.222412109375,1169632.0,0.0,0.0
2017-02-10,45.473697362919566,45.487657201171324,44.86874500303377,45.213104248046875,1234603.0,0.0,0.0
2017-02-13,45.445784993195204,45.59469587568078,45.08746585231974,45.362022399902344,597089.0,0.0,0.0
2017-02-14,45.194494563706265,45.473702008208235,45.138651654679755,45.38063049316406,428492.0,0.0,0.0
2017-02-15,45.39923924880678,45.92042901842378,45.30617129544993,45.6877555847168,642803.0,0.0,0.0
2017-02-16,45.80949020385742,46.11850934148591,45.5660235029356,45.80949020385742,644568.0,0.3,0.0
2017-02-17,45.91313216175581,45.969665119023944,45.67758356441815,45.80949020385742,685407.0,0.3,0.0
2017-02-21,45.80006954523032,46.45018237577111,45.80006954523032,46.337120056152344,736591.0,0.0,0.0
2017-02-22,46.19579019283661,46.35417520468043,45.800070270808675,46.252323150634766,559571.0,0.0,0.0
2017-02-23,46.44076335945876,47.04376720715189,46.44076335945876,46.85532760620117,775275.0,0.0,0.0
2017-02-24,46.638622160678615,46.789373118844665,46.44076220199561,46.497291564941406,625808.0,0.0,0.0
2017-02-27,46.48787530124758,46.88359525350335,46.42192197587161,46.798797607421875,680668.0,0.0,0.0
2017-02-28,46.685730266278114,46.845905177988975,46.55382362968462,46.70457458496094,754503.0,0.0,0.0
2017-03-01,47.10971508237047,47.38295229245286,46.77052455870764,47.147403717041016,669005.0,0.0,0.0
2017-03-02,47.04376603465982,47.10029899179197,46.44076220199561,46.497291564941406,389525.0,0.0,0.0
2017-03-03,46.35596354938904,46.65746545912602,46.18730995269236,46.5632438659668,382791.0,0.0,0.0
2017-03-06,46.45961061400175,46.53498430263181,45.8377624075104,45.95082473754883,373582.0,0.0,0.0
2017-03-07,45.80949344509197,46.10628699901622,45.46559448139088,45.4891471862793,495882.0,0.0,0.0
2017-03-08,45.54568008957614,45.89900301013216,45.48914712837999,45.75296401977539,494803.0,0.0,0.0
2017-03-09,45.92255744427749,46.082728769882145,45.621051924328704,46.045040130615234,630559.0,0.0,0.0
2017-03-10,46.28058887020082,46.49729315534005,46.252324187761154,46.46902847290039,568042.0,0.0,0.0
2017-03-13,46.51613588398546,46.64804252310746,46.2617429681703,46.497291564941406,541335.0,0.0,0.0
2017-03-14,46.29942422579561,46.60092609406614,46.195782284667786,46.23347091674805,347359.0,0.0,0.0
2017-03-15,46.44076289264582,46.86475109197648,46.23347897426497,46.67631149291992,445793.0,0.0,0.0
2017-03-16,46.704579707486275,46.77053303301673,46.19579382980559,46.374813079833984,493781.0,0.0,0.0
2017-03-17,46.44076640536444,46.54600778546566,46.2334824713049,46.374813079833984,777511.0,0.0,0.0
2017-03-20,46.39366063246306,46.70458296102519,46.327703708151226,46.61978530883789,355685.0,0.0,0.0
2017-03-21,46.638621527673905,46.78937248379388,45.85659847179843,45.894287109375,407202.0,0.0,0.0
2017-03-22,45.87544569848513,46.167527266938215,45.61163240709946,46.1015739440918,281966.0,0.0,0.0
2017-03-23,46.092145288794725,46.6951526842186,46.026191972670986,46.30885314941406,378767.0,0.0,0.0
2017-03-24,46.4219178303909,46.4219178303909,45.71527204087768,45.931976318359375,314622.0,0.0,0.0
2017-03-27,45.39493086983711,45.903716757648304,45.33839790646251,45.88487243652344,395692.0,0.0,0.0
2017-03-28,45.8377590719389,46.355965273941194,45.62105119670376,46.12983703613281,385038.0,0.0,0.0
2017-03-29,46.054467444473836,46.29001606578164,45.856603870993375,46.148685455322266,585214.0,0.0,0.0
2017-03-30,46.12042151373632,46.21463952610226,45.86602856732414,46.06388854980469,525254.0,0.0,0.0
2017-03-31,46.082726828374796,46.22405742257808,45.96966450952396,46.03561782836914,597214.0,0.0,0.0
2017-04-03,46.11099476090508,46.31827868856948,45.71527481993112,45.99793243408203,614217.0,0.0,0.0
2017-04-04,45.96024202035333,46.04503966074531,45.73411737543233,45.866024017333984,557657.0,0.0,0.0
2017-04-05,45.96965884733504,45.96965884733504,45.2535891963783,45.35723114013672,761932.0,0.0,0.0
2017-04-06,45.43261559738252,45.49856891854331,45.149954399051765,45.460880279541016,494213.0,0.0,0.0
2017-04-07,45.37608143418459,45.752960625828834,45.12168851895269,45.366661071777344,404624.0,0.0,0.0
2017-04-10,45.36665976925415,45.68700599469838,45.27243817695511,45.41376876831055,328210.0,0.0,0.0
2017-04-11,45.24418402503246,45.6399040222168,45.225339702187426,45.6399040222168,443683.0,0.0,0.0
2017-04-12,45.49856185913086,45.77179905822321,45.22532466003852,45.49856185913086,450627.0,0.0,0.0
2017-04-13,45.45145396813,45.63046958868139,45.01804186470213,45.0274658203125,502429.0,0.0,0.0
2017-04-17,45.28186860483391,45.621055603027344,45.19707095673886,45.621055603027344,377972.0,0.0,0.0
2017-04-18,45.52682852941129,45.92255200648235,45.52682852941129,45.79064178466797,539001.0,0.0,0.0
2017-04-19,45.65873643124309,46.06859225925707,45.611627433516304,46.00735092163086,571155.0,0.0,0.0
2017-04-20,46.21464476311361,46.35597539186479,45.9602517878738,46.15811538696289,715453.0,0.0,0.0
2017-04-21,46.1581045402179,46.6386220955176,46.04503862611156,46.478450775146484,453551.0,0.0,0.0
2017-04-24,47.04376308933224,47.05309000233199,46.58208628712365,46.83647918701172,435280.0,0.0,0.0
2017-04-25,46.9778179946875,47.10030428514624,46.77995801376805,46.874176025390625,819709.0,0.0,0.0
2017-04-26,46.92128298953191,47.552555141332384,46.845909302350925,47.28873825073242,1011073.0,0.0,0.0
2017-04-27,43.10539508183833,43.56707193300937,42.54950022554006,43.2938346862793,3182803.0,0.0,0.0
2017-04-28,42.41758800590033,42.86042047900879,42.219728064625244,42.33279037475586,1873890.0,0.0,0.0
2017-05-01,42.257418367220595,42.26684232418017,41.640282171268716,41.88054275512695,1274132.0,0.0,0.0
2017-05-02,41.880544239167,42.14435753639944,41.729793270150374,41.99360656738281,981553.0,0.0,0.0
2017-05-03,41.99360262633744,41.99360262633744,41.52250544309902,41.852272033691406,753862.0,0.0,0.0
2017-05-04,41.95592153781456,42.40817448379077,41.880547843911984,42.39875411987305,779382.0,0.0,0.0
2017-05-05,42.55892277480489,42.964066687201594,42.455284401515215,42.75678634643555,862103.0,0.0,0.0
2017-05-08,42.78504868731057,42.8133133699155,42.568344400904344,42.587188720703125,668307.0,0.0,0.0
2017-05-09,42.53065758381024,42.86984816635013,42.0407160306067,42.17262268066406,706262.0,0.0,0.0
2017-05-10,42.172625568703246,42.44586284492612,42.050142867654564,42.37990951538086,689461.0,0.0,0.0
2017-05-11,42.20088707626033,42.276260757564586,41.76747852474847,42.153778076171875,474411.0,0.0,0.0
2017-05-12,42.16319712709543,42.16319712709543,41.54134900038505,41.65441131591797,500999.0,0.0,0.0
2017-05-15,41.834649032054635,42.12872610914784,41.67338340892559,41.99591827392578,510664.0,0.3,0.0
2017-05-16,42.03386738033869,42.03386738033869,41.70184415002857,41.86311340332031,434559.0,0.0,0.0
2017-05-17,41.40777042943053,41.63543998496607,41.36033595484681,41.50263214111328,499849.0,0.0,0.0
2017-05-18,41.28444972435885,41.6828732792247,40.91448396091412,41.51211929321289,893111.0,0.0,0.0
2017-05-19,41.63543988442815,41.682870740154996,41.417255053090805,41.55955123901367,607077.0,0.0,0.0
2017-05-22,41.56903478291682,41.995919709827916,41.540576994036826,41.90105438232422,622667.0,0.0,0.0
2017-05-23,42.052837712267866,42.21410333633179,41.720814503545824,41.91054153442383,758505.0,0.0,0.0
2017-05-24,41.83465514586818,42.20462453643767,41.68287422361248,42.06232833862305,648564.0,0.0,0.0
2017-05-25,42.14769796707215,42.489205887145054,42.10026711567135,42.42280197143555,464851.0,0.0,0.0
2017-05-26,42.48921054844117,42.659964527210256,42.24256430411142,42.55561447143555,281749.0,0.0,0.0
2017-05-30,42.48921962426441,42.659973639507065,42.365896475757346,42.460758209228516,262592.0,0.0,0.0
2017-05-31,42.508185460678526,42.508185460678526,42.12873135388285,42.34691619873047,583278.0,0.0,0.0
2017-06-01,42.413322244213774,42.887638092041016,42.26154131765877,42.887638092041016,578805.0,0.0,0.0
2017-06-02,42.840203481862595,43.03941525201783,42.46074938931149,42.470237731933594,490662.0,0.0,0.0
2017-06-05,42.40383854756463,42.631508133545516,42.168576839140606,42.18565368652344,316842.0,0.0,0.0
2017-06-06,42.06233107029051,42.17616586468944,41.86311927540667,42.01490020751953,348202.0,0.0,0.0
2017-06-07,42.100277164244176,42.26154282124646,41.94849623228908,41.9864387512207,489829.0,0.0,0.0
2017-06-08,41.92003156453165,42.09552972359141,41.59749665682936,41.84414291381836,366494.0,0.0,0.0
2017-06-09,41.91054191202741,42.76431174929963,41.79196296900305,42.65996170043945,1019981.0,0.0,0.0
2017-06-12,42.69791174314016,43.181715942509875,42.66945394979234,43.07736587524414,960530.0,0.0,0.0
2017-06-13,43.14376375392331,43.39989471435547,42.878148069953205,43.39989471435547,621241.0,0.0,0.0
2017-06-14,43.49475274733511,43.55167193997732,43.25759487277224,43.37143325805664,632930.0,0.0,0.0
2017-06-15,43.124789847560926,43.43783999934601,43.06787426995798,43.267086029052734,592368.0,0.0,0.0
2017-06-16,43.172224611516405,43.34297859727328,43.057629891324765,43.21017074584961,919452.0,0.0,0.0
2017-06-19,43.48527509351041,43.48527509351041,43.07736319345326,43.153255462646484,394484.0,0.0,0.0
2017-06-20,43.0868455463576,43.25759952390198,43.010956900083634,43.058387756347656,469392.0,0.0,0.0
2017-06-21,43.15325757987766,43.181715372850064,42.631507250432,42.85918045043945,602920.0,0.0,0.0
2017-06-22,42.849690444131824,42.849690444131824,42.49869774236941,42.593563079833984,580740.0,0.0,0.0
2017-06-23,43.769868911375674,45.15487041513455,43.17697406023818,44.36750793457031,2269024.0,0.0,0.0
2017-06-26,44.433910220793386,44.433910220793386,44.073429151420356,44.101890563964844,829318.0,0.0,0.0
2017-06-27,45.43945814833217,45.43945814833217,44.61414599524404,44.623634338378906,903973.0,0.0,0.0
2017-06-28,44.73747103966655,45.12166572199305,44.727986314868325,44.80387496948242,522833.0,0.0,0.0
2017-06-29,44.870277235646036,44.993600365907106,44.31058440599056,44.53825759887695,735967.0,0.0,0.0
2017-06-30,44.55722624988018,44.57619931563527,43.79831809464565,43.874210357666016,1125565.0,0.0,0.0
2017-07-03,44.13983307968829,44.851306874621976,43.92164821682443,44.46236801147461,710757.0,0.0,0.0
2017-07-05,44.56671247270714,44.73272228022127,44.215719791285494,44.253665924072266,728482.0,0.0,0.0
2017-07-06,44.111373643905424,44.53351445701973,43.950107993386574,44.19675064086914,616353.0,0.0,0.0
2017-07-07,44.282122179579396,44.51918598586471,44.11136820669924,44.29160690307617,623767.0,0.0,0.0
2017-07-10,44.225208744277644,44.7184976614507,44.225208744277644,44.50031280517578,689895.0,0.0,0.0
2017-07-11,44.500307654870035,44.74695027553965,44.07370859710254,44.0923957824707,849143.0,0.0,0.0
2017-07-12,44.282122924543124,44.633115599705,43.74140320757347,44.03547668457031,816877.0,0.0,0.0
2017-07-13,44.06394008831923,44.130344013147486,43.40938194537992,43.79832077026367,670590.0,0.0,0.0
2017-07-14,43.94061413065013,44.101883379654865,43.798317947336685,43.90266799926758,631651.0,0.0,0.0
2017-07-17,43.90267439291726,44.101889802316755,43.69397787740477,43.88370132446289,426780.0,0.0,0.0
2017-07-18,43.66552013480154,43.95959729244299,43.380931321556034,43.55168533325195,496599.0,0.0,0.0
2017-07-19,43.78883652363847,44.19674841988413,43.6939748067759,44.07342529296875,734676.0,0.0,0.0
2017-07-20,44.082919746384405,44.082919746384405,43.62757692859084,43.75089645385742,614232.0,0.0,0.0
2017-07-21,43.76986952360837,43.93113880711988,43.43784984982443,43.75089645385742,727928.0,0.0,0.0
2017-07-24,43.69397689151885,43.70346161616063,43.328751664812835,43.41887283325195,696314.0,0.0,0.0
2017-07-25,43.87421432259496,44.14931837279162,43.58962554803475,43.84575653076172,1023191.0,0.0,0.0
2017-07-26,43.845753409071904,44.10188437356309,43.741403354789306,44.00701904296875,756953.0,0.0,0.0
2017-07-27,40.468625928689676,42.34691615607699,40.3168450098728,41.51211929321289,2195646.0,0.0,0.0
2017-07-28,41.30342398687326,41.407774050093984,40.269415316652065,40.335819244384766,840921.0,0.0,0.0
2017-07-31,40.25992733531204,40.478112188215455,40.022769414494064,40.19352340698242,1543718.0,0.0,0.0
2017-08-01,40.117634288828405,40.421196134455634,39.96585336601479,40.392738342285156,825871.0,0.0,0.0
2017-08-02,40.33582093703031,40.63938279618775,39.95636680371211,40.62989807128906,799847.0,0.0,0.0
2017-08-03,40.52554307239099,40.79115876214695,39.79509630681974,40.1081428527832,659802.0,0.0,0.0
2017-08-04,40.23146943701814,40.30736170847682,39.98482679226281,40.25044250488281,634975.0,0.0,0.0
2017-08-07,40.259930104120585,40.75321904759621,40.13661058230888,40.5350341796875,698938.0,0.0,0.0
2017-08-08,40.345305312251575,40.64886716877801,40.221985795923366,40.297874450683594,478557.0,0.0,0.0
2017-08-09,40.14608978562763,40.221982052066586,39.638572014730045,39.88047409057617,686873.0,0.0,0.0
2017-08-10,39.6622880723722,39.814068981990836,39.406157108876556,39.4441032409668,580087.0,0.0,0.0
2017-08-11,39.23541015526946,39.94688397495522,39.08362921848622,39.586402893066406,592769.0,0.0,0.0
2017-08-14,39.8330469993139,39.984827927799024,39.738181657296465,39.85201644897461,421498.0,0.0,0.0
2017-08-15,40.024000745933556,40.21136747797973,39.89979060215155,40.081329345703125,442519.0,0.3,0.0
2017-08-16,40.17686911230947,40.549495859421896,40.08132510091617,40.463504791259766,343929.0,0.0,0.0
2017-08-17,40.33929818301528,40.58771479874642,40.095656216500046,40.12909698486328,622948.0,0.0,0.0
2017-08-18,40.12909830977252,40.195979848707175,39.79469061509929,40.07176971435547,726184.0,0.0,0.0
2017-08-21,40.014444485679306,40.014444485679306,39.60359866663798,39.8233528137207,495702.0,0.0,0.0
2017-08-22,39.91889915033974,40.07177176784874,39.67048251367664,39.9666748046875,354253.0,0.0,0.0
2017-08-23,39.82335701294638,39.98578258213755,39.56538377531552,39.861576080322266,489573.0,0.0,0.0
2017-08-24,39.918895134315754,39.93800466517821,39.29785178275245,39.33606719970703,373656.0,0.0,0.0
2017-08-25,39.56537822265253,39.77080112500493,39.39339608836817,39.67047882080078,486682.0,0.0,0.0
2017-08-28,39.67047688997409,39.718248892778966,39.04942991920014,39.14497756958008,889098.0,0.0,0.0
2017-08-29,39.097210313968766,39.27874906627167,38.791465056667086,39.13542938232422,993041.0,0.0,0.0
2017-08-30,39.21186153837857,40.75014417973994,38.93477880221911,40.6737060546875,1703996.0,0.0,0.0
2017-08-31,40.759693693647776,41.48583759669936,40.58771157152002,40.71192169189453,1873057.0,0.0,0.0
2017-09-01,40.826579666609064,41.77248144121709,40.826579666609064,41.41896057128906,2226111.0,0.0,0.0
2017-09-05,41.36163857092371,41.62916474474329,40.87435458887146,41.00811767578125,1373030.0,0.0,0.0
2017-09-06,40.78836230963337,41.008116466615604,40.02877752646243,40.76925277709961,2469047.0,0.0,0.0
2017-09-07,41.05588821436419,47.619860757245284,40.654595358874744,44.81082534790039,10112872.0,0.0,0.0
2017-09-08,45.880938442110704,47.23768246452265,45.622965217123074,47.02748489379883,6555338.0,0.0,0.0
2017-09-11,47.151693210160026,47.21169707242084,45.384103277269446,45.74717712402344,3073386.0,0.0,0.0
2017-09-12,45.72806399625199,45.94781814694911,44.99236341621178,45.154788970947266,1880847.0,0.0,0.0
2017-09-13,45.059247175389565,45.66118470594114,44.85860254679595,44.96370315551758,1673979.0,0.0,0.0
2017-09-14,44.992361522662165,46.34910543371936,44.33309909831654,44.62928771972656,1735485.0,0.0,0.0
2017-09-15,44.877708700357786,45.15478779503033,44.3235432214718,44.49552536010742,1736444.0,0.0,0.0
2017-09-18,44.648401374992744,45.11657582029382,44.591072776148515,45.08790969848633,646268.0,0.0,0.0
2017-09-19,45.10701707736278,45.27899922091179,44.66750877485777,44.9445915222168,750631.0,0.0,0.0
2017-09-20,44.849047284528424,45.11179881410437,44.82993775103464,44.906375885009766,1063294.0,0.0,0.0
2017-09-21,44.86815533814698,45.93826730987846,44.86815533814698,45.804500579833984,1374154.0,0.0,0.0
2017-09-22,45.708950442579905,45.708950442579905,44.992359457575894,45.24077606201172,1092806.0,0.0,0.0
2017-09-25,45.31722386131563,45.31722386131563,44.61018566808227,44.92548751831055,944120.0,0.0,0.0
2017-09-26,44.95414661262052,45.21211984026347,44.868155536739536,45.08790969848633,497117.0,0.0,0.0
2017-09-27,45.19300855194493,45.19300855194493,42.51773600422849,43.635616302490234,4623627.0,0.0,0.0
2017-09-28,43.56873004295686,44.06556689218125,43.16744084441227,43.310760498046875,1236979.0,0.0,0.0
2017-09-29,43.19610909585416,43.71205554423601,43.091008488431484,43.54007339477539,658054.0,0.0,0.0
2017-10-02,43.578290087881086,43.93180731151868,43.4827424296206,43.90314483642578,666132.0,0.0,0.0
2017-10-03,44.056014307000595,44.34264997182559,43.86492264886053,44.18977737426758,830175.0,0.0,0.0
2017-10-04,44.20889171290378,44.49552740890447,43.97002802544143,44.30443572998047,631155.0,0.0,0.0
2017-10-05,44.399985324827654,44.533748412466785,44.15156503798003,44.40953826904297,524645.0,0.0,0.0
2017-10-06,44.31399429049508,44.734393087018866,44.14201213628745,44.6197395324707,835107.0,0.0,0.0
2017-10-09,44.70572109828719,44.753493098787715,44.361756863051426,44.724830627441406,465047.0,0.0,0.0
2017-10-10,44.74394574173164,45.049690956823454,44.74394574173164,44.829933166503906,630178.0,0.0,0.0
2017-10-11,44.81082788581519,44.95414390714449,44.256567633951164,44.36176300048828,323553.0,0.0,0.0
2017-10-12,44.50508155889431,44.610178514011814,44.208889290552925,44.457305908203125,599989.0,0.0,0.0
2017-10-13,44.70572444907447,44.74394351024749,44.42864172272551,44.47641372680664,433432.0,0.0,0.0
2017-10-16,44.68661422752366,44.68661422752366,43.99868571612751,44.18977737426758,591491.0,0.0,0.0
2017-10-17,44.04646074692578,44.34265301963965,43.96046967709081,44.11334228515625,435480.0,0.0,0.0
2017-10-18,44.0751263777837,44.571963259677474,43.96046918942867,44.371315002441406,896180.0,0.0,0.0
2017-10-19,44.466861174210486,44.64839624922034,44.06556831791197,44.51463317871094,464131.0,0.0,0.0
2017-10-20,44.657957749649505,45.05924700532215,44.505085131568876,45.0496940612793,470344.0,0.0,0.0
2017-10-23,45.14523950328637,45.23123058146441,44.54330195604005,44.57196807861328,552752.0,0.0,0.0
2017-10-24,44.896820861826114,44.95414581488235,44.18978273437699,44.25666427612305,658004.0,0.0,0.0
2017-10-25,44.52419438046754,44.810833750179455,44.19933958692889,44.80127716064453,1210967.0,0.0,0.0
2017-10-26,45.3840952794338,45.3840952794338,43.87447520275452,44.15155792236328,1303491.0,0.0,0.0
2017-10-27,44.256662156980795,44.256662156980795,42.30753366144427,42.97635269165039,1059510.0,0.0,0.0
2017-10-30,42.565506487012016,43.224772567791184,42.336199398300494,42.938133239746094,836172.0,0.0,0.0
2017-10-31,42.98590585598476,43.291651049193796,42.85213914478188,43.01456832885742,949772.0,0.0,0.0
2017-11-01,43.13877852874518,43.626058792291616,43.00501181730615,43.224769592285156,509423.0,0.0,0.0
2017-11-02,43.10056387557365,43.41586204428087,42.92858173090767,43.30120849609375,520734.0,0.0,0.0
2017-11-03,43.32987157867368,43.72160788150465,43.21999632318059,43.46363830566406,368820.0,0.0,0.0
2017-11-06,43.444534192059564,43.492306206700825,42.60373288424314,42.68972396850586,347154.0,0.0,0.0
2017-11-07,42.5846185075458,42.70882864730722,42.3266452840893,42.364864349365234,463285.0,0.0,0.0
2017-11-08,42.24065049934324,42.469961226086326,41.77247974753286,42.068668365478516,703595.0,0.0,0.0
2017-11-09,41.801138977110945,41.801138977110945,41.24697355661047,41.600494384765625,681771.0,0.0,0.0
2017-11-10,41.58138893060415,41.61960799330239,40.94123238710512,41.21831512451172,586690.0,0.0,0.0
2017-11-13,40.969901837535,41.76770570118075,40.969901837535,41.686492919921875,685458.0,0.0,0.0
2017-11-14,42.331074771018365,42.3984193690991,41.52293592404416,42.2925910949707,1026507.0,0.3,0.0
2017-11-15,42.215626417273725,43.754936722823935,42.19638457970369,43.735694885253906,1481449.0,0.0,0.0
2017-11-16,43.8992549785828,44.15901431810173,43.45669999088068,43.995460510253906,862795.0,0.0,0.0
2017-11-17,43.95697492979658,44.409148983120886,43.812666638526814,44.207115173339844,1087233.0,0.0,0.0
2017-11-20,44.1590100261959,44.168629110425805,43.41821576030922,43.524044036865234,619457.0,0.0,0.0
2017-11-21,43.81266267269334,43.92811002926022,43.524042446273505,43.64910888671875,409210.0,0.0,0.0
2017-11-22,43.793422764370455,43.97621472615518,43.48556068662488,43.86076736450195,509870.0,0.0,0.0
2017-11-24,43.97621720449265,43.97621720449265,43.57214958093187,43.69721603393555,97873.0,0.0,0.0
2017-11-27,43.62025203600235,44.46687462651742,43.62025203600235,44.34180450439453,536427.0,0.0,0.0
2017-11-28,44.50535324103762,44.82283807878439,44.21673299672588,44.534217834472656,466235.0,0.0,0.0
2017-11-29,44.49573618666683,45.149944060957736,44.41876882733581,44.88056564331055,457434.0,0.0,0.0
2017-11-30,44.96715061141996,45.351976385425324,44.88056417001778,45.14031982421875,515244.0,0.0,0.0
2017-12-01,44.97677090416859,45.17880471619878,44.19749291061625,44.745872497558594,486758.0,0.0,0.0
2017-12-04,45.09221788715093,45.342358131341406,44.851700397740046,44.899803161621094,766841.0,0.0,0.0
2017-12-05,46.17935557485665,47.71866595934969,45.90997717507173,46.67000961303711,1611771.0,0.0,0.0
2017-12-06,46.65076793293429,46.75659253202301,45.63097258621748,45.95807647705078,839764.0,0.0,0.0
2017-12-07,45.94845686446743,46.15049433291457,45.40970006862284,45.41931915283203,702831.0,0.0,0.0
2017-12-08,45.582870918920115,45.82338838352184,45.15955783241771,45.49628448486328,451370.0,0.0,0.0
2017-12-11,45.4577993021004,45.50590205942435,44.97676438885066,45.19804000854492,546901.0,0.0,0.0
2017-12-12,45.40007660830827,45.40007660830827,44.813217060534235,45.23652648925781,417835.0,0.0,0.0
2017-12-13,45.27501143870611,45.60692306317334,45.092215806385276,45.46742248535156,288180.0,0.0,0.0
2017-12-14,45.457804279942664,45.64059624579229,44.68814906846326,44.73625183105469,510100.0,0.0,0.0
2017-12-15,44.79397749636045,45.6838914522653,44.707391055407214,45.294254302978516,873049.0,0.0,0.0
2017-12-18,45.515523218391934,45.77528250284752,45.14031291639719,45.188419342041016,579159.0,0.0,0.0
2017-12-19,45.22690293069146,45.78490521636093,45.16918108735,45.47704315185547,498562.0,0.0,0.0
2017-12-20,45.5059055907364,45.7849067428733,45.282226100319946,45.41931915283203,641711.0,0.0,0.0
2017-12-21,45.54438977460653,45.5732506975608,45.246146780725645,45.40007781982422,337462.0,0.0,0.0
2017-12-22,45.51553255251867,45.86668604369952,45.08260032297551,45.68870544433594,411289.0,0.0,0.0
2017-12-26,45.582868251986106,46.16973141847933,45.55881503893112,45.59248733520508,227473.0,0.0,0.0
2017-12-27,45.717559310229575,45.95807677061378,45.55400552876562,45.73680114746094,262783.0,0.0,0.0
2017-12-28,45.8618687340679,45.89073332564108,45.443370691312296,45.8330078125,255756.0,0.0,0.0
2017-12-29,46.16974017035175,46.20822018052688,45.756049783421716,45.977325439453125,371503.0,0.0,0.0
2018-01-02,45.630975370407015,46.24669951542534,45.53476984899992,45.99656295776367,858557.0,0.0,0.0
2018-01-03,46.06390674886143,46.352526978026155,45.71756100586163,46.23707962036133,773815.0,0.0,0.0
2018-01-04,46.41987711309782,46.80470657789265,46.27556514629832,46.38139343261719,443296.0,0.0,0.0
2018-01-05,46.56419092688015,46.660396461892,46.36215343134582,46.52570724487305,298482.0,0.0,0.0
2018-01-08,46.80470116654877,46.99711220669474,46.55456094235046,46.92976760864258,534415.0,0.0,0.0
2018-01-09,46.96825294779598,47.03559754823278,46.66039086865478,46.872047424316406,586206.0,0.0,0.0
2018-01-10,46.833563834025426,46.881666595854675,45.9099775948841,46.02542495727539,318959.0,0.0,0.0
2018-01-11,45.95807374292214,46.44872771497962,45.688695379439984,45.986934661865234,431724.0,0.0,0.0
2018-01-12,46.0639095203295,46.13125412218626,45.67908007828611,45.85225296020508,298616.0,0.0,0.0
2018-01-16,46.02542426230304,46.02542426230304,44.90942332269056,44.92866516113281,567518.0,0.0,0.0
2018-01-17,45.188422668674775,45.303870024707805,44.774732333717374,44.8516960144043,593484.0,0.0,0.0
2018-01-18,44.85169849288008,44.85169849288008,44.08204329345378,44.55345916748047,579182.0,0.0,0.0
2018-01-19,44.6496657696101,45.17880350262096,44.553460243610154,45.14031982421875,600197.0,0.0,0.0
2018-01-22,45.06335306606697,45.18842317734704,44.70738824012174,44.832454681396484,397253.0,0.0,0.0
2018-01-23,44.707386016845696,44.813214284973334,44.22635110354202,44.7073860168457,483153.0,0.0,0.0
2018-01-24,44.85169976606035,45.23652921170018,44.65928504324043,44.78435516357422,421405.0,0.0,0.0
2018-01-25,44.73625354119181,45.44818693277886,44.668908936988316,45.30387496948242,566241.0,0.0,0.0
2018-01-26,45.371219817893895,45.611737311345415,45.024874040122796,45.5732536315918,443823.0,0.0,0.0
2018-01-29,45.659837645167904,45.9003551258146,45.32311464026473,45.380836486816406,488082.0,0.0,0.0
2018-01-30,45.24614810482204,45.67908031183295,45.130700739620984,45.14031982421875,595388.0,0.0,0.0
2018-01-31,45.14032085861268,45.380838349129604,44.58665279568766,44.9671516418457,1013171.0,0.0,0.0
2018-02-01,45.08259945192189,46.073530348170145,44.36585835075231,44.457252502441406,898034.0,0.0,0.0
2018-02-02,44.447626582908136,44.476487503213576,43.764557888975084,44.21672821044922,565904.0,0.0,0.0
2018-02-05,43.93773071884854,44.5438357854841,43.350871160683646,43.524044036865234,975116.0,0.0,0.0
2018-02-06,43.081495611564435,43.38935773358497,42.41766859908377,43.071876525878906,972711.0,0.0,0.0
2018-02-07,43.119964945333685,43.629860727126605,42.74475833835363,42.966033935546875,775439.0,0.0,0.0
2018-02-08,43.07186638141633,43.10072730168144,42.3118303410573,42.32145309448242,774523.0,0.0,0.0
2018-02-09,42.571597889247435,42.8409763173086,40.9072172144301,41.946250915527344,1052404.0,0.0,0.0
2018-02-12,42.20600597698266,42.52349080928308,41.830799298813396,42.032833099365234,780652.0,0.0,0.0
2018-02-13,41.90777007033104,42.24449309870604,41.628768892531326,42.186767578125,418622.0,0.0,0.0
2018-02-14,42.07131888664771,43.168078053227624,42.07131888664771,42.86983871459961,746255.0,0.0,0.0
2018-02-15,43.11997414691204,43.581767274816734,43.014145866974516,43.33163070678711,532529.0,0.0,0.0
2018-02-16,43.30256656066279,44.60067494563723,43.162099181099705,44.53286361694336,1019083.0,0.31,0.0
2018-02-20,44.3391136308046,44.68785970486826,44.00974274923782,44.21317672729492,694286.0,0.0,0.0
2018-02-21,44.27130051221922,44.56192099702487,43.660994907319385,43.69005584716797,527117.0,0.0,0.0
2018-02-22,43.71912592059386,44.135683355624714,43.47694153722431,43.602874755859375,454789.0,0.0,0.0
2018-02-23,43.66099847903516,43.87412190986598,42.99257093975703,43.292877197265625,695421.0,0.0,0.0
2018-02-26,43.428503445742784,43.85474661093749,43.321941730584044,43.709434509277344,353822.0,0.0,0.0
2018-02-27,43.71912558235092,43.86443399398418,42.82788513681725,43.01194763183594,612991.0,0.0,0.0
2018-02-28,43.12819300113336,43.312251791753305,42.701949840804964,42.71163558959961,416587.0,0.0,0.0
2018-03-01,42.75038597565861,43.1185035568985,42.45007602686166,42.71163558959961,626536.0,0.0,0.0
2018-03-02,42.56632498827061,43.14756971329944,42.43070232772932,43.04100799560547,298744.0,0.0,0.0
2018-03-05,42.915069711680864,43.554436301955974,42.81819744166109,43.32194137573242,595049.0,0.0,0.0
2018-03-06,43.52537561369764,44.310054309015634,43.28319124179656,44.12599182128906,506515.0,0.0,0.0
2018-03-07,43.82568900899765,44.41661581870099,43.6803768962624,44.14537048339844,389664.0,0.0,0.0
2018-03-08,44.145372343313014,44.22287312548785,43.5641312587645,44.048500061035156,392032.0,0.0,0.0
2018-03-09,44.05817752824453,44.513485299323094,43.80630742440872,44.494110107421875,260719.0,0.0,0.0
2018-03-12,44.435992732111345,44.523179264036564,43.96131337697236,44.465057373046875,222901.0,0.0,0.0
2018-03-13,44.60067957740121,45.133484513373304,44.41661707002567,44.48442840576172,930408.0,0.0,0.0
2018-03-14,44.69754440817491,44.78473092465203,44.009741720099896,44.27130126953125,464854.0,0.0,0.0
2018-03-15,44.35849312755462,44.58130231972852,43.661000911747294,43.77724838256836,413191.0,0.0,0.0
2018-03-16,43.86443107677172,44.007322660885926,43.564124828770666,43.57381057739258,919506.0,0.0,0.0
2018-03-19,43.59318703613986,44.44567706179209,43.28319133507364,43.30256652832031,828051.0,0.0,0.0
2018-03-20,43.46725245723812,43.786937619780254,42.94413699330441,42.97319793701172,781411.0,0.0,0.0
2018-03-21,42.982881487337046,43.22506586034843,42.7600723076194,42.886009216308594,662949.0,0.0,0.0
2018-03-22,42.75038901810868,42.92476207234372,41.73321533203125,41.73321533203125,534941.0,0.0,0.0
2018-03-23,41.810714542066506,42.111024527519305,41.20040882118401,41.21009826660156,605263.0,0.0,0.0
2018-03-26,41.684777434898045,42.43070582479359,41.684777434898045,42.03352355957031,506022.0,0.0,0.0
2018-03-27,42.14977116843589,42.14977116843589,41.27306482675353,41.82040023803711,747301.0,0.0,0.0
2018-03-28,41.77196378229825,42.00446242953714,41.258534042923166,41.43290710449219,592796.0,0.0,0.0
2018-03-29,41.70415033431705,42.304766574053914,41.70415033431705,42.15945816040039,495587.0,0.0,0.0
2018-04-02,43.03131323088984,43.08943880483852,41.73320867166163,42.09164047241211,724597.0,0.0,0.0
2018-04-03,42.14976790329245,43.02163315017367,42.14976790329245,42.818199157714844,759294.0,0.0,0.0
2018-04-04,42.50820673959654,43.37038260861175,42.304769035938044,43.25413513183594,991708.0,0.0,0.0
2018-04-05,43.40912986967148,43.428505063643996,42.82788513681725,43.01194763183594,541432.0,0.0,0.0
2018-04-06,42.731011467660174,43.15240991262668,42.120705811487674,42.26601791381836,727008.0,0.0,0.0
2018-04-09,42.45976257324219,42.7503830579696,42.1110165133933,42.45976257324219,270968.0,0.0,0.0
2018-04-10,42.827885253620565,43.186320799929035,42.701952035616365,42.798824310302734,553905.0,0.0,0.0
2018-04-11,42.6050772118362,43.21538290601457,42.27570629542381,42.94413757324219,371591.0,0.0,0.0
2018-04-12,43.03132005042538,43.4478774911399,42.924762024458815,43.16694641113281,247995.0,0.0,0.0
2018-04-13,43.27350107269139,43.45756355733513,42.992570014526,43.13787841796875,381319.0,0.0,0.0
2018-04-16,43.25413073852613,43.515686610845385,43.099132886754575,43.2831916809082,482437.0,0.0,0.0
2018-04-17,43.3897523577681,43.6706871122011,43.11850335208374,43.34131622314453,734026.0,0.0,0.0
2018-04-18,43.25412660483352,43.651308793005384,43.01194225362043,43.50599670410156,732884.0,0.0,0.0
2018-04-19,43.53506342881186,43.71912592527429,43.17663157610988,43.39944076538086,624120.0,0.0,0.0
2018-04-20,43.31225552278385,43.50115905179386,42.905387520436285,43.128196716308594,768357.0,0.0,0.0
2018-04-23,43.16694548817565,43.47694120085509,42.9053859127073,43.01194763183594,406335.0,0.0,0.0
2018-04-24,43.128195221525445,43.249287412613924,42.14008249879061,42.59539031982422,677302.0,0.0,0.0
2018-04-25,42.459770898825056,42.90538930914736,42.26602263920297,42.4210205078125,725003.0,0.0,0.0
2018-04-26,42.9441367710413,43.32194381904265,41.587902741632966,42.57601547241211,938114.0,0.0,0.0
2018-04-27,42.50819763935419,42.79881811679742,42.09648498835629,42.30475997924805,937655.0,0.0,0.0
2018-04-30,42.488825914018754,42.73585500294403,41.77680328416602,41.91727066040039,963929.0,0.0,0.0
2018-05-01,41.82039435195796,42.07711288288998,41.4038406441863,41.9366455078125,469866.0,0.0,0.0
2018-05-02,41.907582709731045,42.03351961971194,41.36509207370313,41.423213958740234,1036216.0,0.0,0.0
2018-05-03,41.35540473333043,41.500716844197036,40.18323318320022,40.69666290283203,908014.0,0.0,0.0
2018-05-04,40.59010337871316,41.5588408942391,40.59010337871316,41.3941535949707,558586.0,0.0,0.0
2018-05-07,41.41352949107499,41.897898257052475,40.8565046711128,40.94853591918945,644635.0,0.0,0.0
2018-05-08,40.90009782273599,41.18102888501279,40.657913451346865,41.05509567260742,510882.0,0.0,0.0
2018-05-09,41.12291194920128,41.520094218254,40.77416582116656,41.403846740722656,490602.0,0.0,0.0
2018-05-10,41.491027163357145,42.13039373879661,41.491027163357145,41.9366455078125,446023.0,0.0,0.0
2018-05-11,42.0335196333602,42.6535110435593,41.98508349733345,42.24664306640625,694107.0,0.0,0.0
2018-05-14,42.285392183344875,42.53726230038312,41.91727090880572,42.314453125,543416.0,0.0,0.0
2018-05-15,42.06257996010432,42.072269404432,40.74510008043891,40.84197235107422,1205993.0,0.0,0.0
2018-05-16,40.9102873196874,41.75933464521794,40.8810111094326,41.62270736694336,741891.0,0.31,0.0
2018-05-17,41.54463230868122,42.07162642760912,41.54463230868122,41.96427536010742,422919.0,0.0,0.0
2018-05-18,41.78860956630047,42.11066276042452,41.73005342478319,41.94475555419922,375662.0,0.0,0.0
2018-05-21,42.042350728038606,42.25704914283509,41.84716730501205,42.11066436767578,310517.0,0.0,0.0
2018-05-22,42.16921615600586,42.49126935759048,41.915480315847695,42.16921615600586,275190.0,0.0,0.0
2018-05-23,42.237527552157616,42.40343475341797,41.92523558570577,42.40343475341797,444113.0,0.0,0.0
2018-05-24,42.50102452424036,42.764521568511356,42.208251271543865,42.540061950683594,306589.0,0.0,0.0
2018-05-25,42.491268441860875,43.25218556643757,42.491268441860875,43.04753875732422,362965.0,0.0,0.0
2018-05-29,42.988980221957604,43.028017647525104,42.12041797855667,42.24728775024414,809318.0,0.0,0.0
2018-05-30,42.315602100356095,42.9206673156462,41.75933180644499,41.847164154052734,1025311.0,0.0,0.0
2018-05-31,41.89596203577959,42.003313104087084,41.02739971629406,41.28113555908203,562400.0,0.0,0.0
2018-06-01,41.47632271799945,41.827652164908116,41.3982478529911,41.55439758300781,425553.0,0.0,0.0
2018-06-04,41.62270507164481,41.91547832649013,41.544630218185304,41.78860855102539,655000.0,0.0,0.0
2018-06-05,41.808131668312164,42.21801352370835,41.54463459435134,41.6617431640625,255924.0,0.0,0.0
2018-06-06,41.564151972593365,41.57390946858275,40.79806010033689,41.22258377075195,649538.0,0.0,0.0
2018-06-07,41.18354133741866,41.58366563502438,41.1152277053504,41.40800094604492,431918.0,0.0,0.0
2018-06-08,41.35921238207416,41.778855456587955,40.96396490972577,41.6617431640625,318576.0,0.0,0.0
2018-06-11,41.70077664362968,42.2765656641387,41.70077664362968,42.071624755859375,317919.0,0.0,0.0
2018-06-12,42.100901542097965,42.16921517912779,41.81300888930284,41.94475555419922,274146.0,0.0,0.0
2018-06-13,41.97403516516844,42.08138623857629,41.632466952338284,41.6617431640625,421938.0,0.0,0.0
2018-06-14,41.87644304710885,42.0521077535866,41.53487485274329,41.89596176147461,518103.0,0.0,0.0
2018-06-15,41.8666895974123,41.95452195913946,41.51536015050363,41.55439758300781,1388042.0,0.0,0.0
2018-06-18,41.36896807707931,41.50559535626231,40.97860495410133,41.00788116455078,596914.0,0.0,0.0
2018-06-19,40.59799702209041,40.80781855753931,40.08076409774328,40.344261169433594,826517.0,0.0,0.0
2018-06-20,40.34425404114933,40.549194930871195,40.21738427582995,40.35401153564453,376977.0,0.0,0.0
2018-06-21,40.34426070573036,40.50040670314317,39.87582271349196,40.12955856323242,468495.0,0.0,0.0
2018-06-22,40.227150423645774,40.695588395916474,40.09052314708525,40.30522155761719,553371.0,0.0,0.0
2018-06-25,40.32473799799444,40.793175943851004,40.022203529231014,40.60775375366211,571855.0,0.0,0.0
2018-06-26,40.539444303983736,41.115233369896785,40.393055802061305,40.95908737182617,586801.0,0.0,0.0
2018-06-27,40.910285562205246,41.23233875242936,40.56383677208819,40.695587158203125,400618.0,0.0,0.0
2018-06-28,40.61751647591834,40.96884591122722,40.39305683065197,40.9102897644043,641262.0,0.0,0.0
2018-06-29,40.82245775706506,41.622706416818076,40.73462540549148,41.193302154541016,1716895.0,0.0,0.0
2018-07-02,41.07619410411239,41.4665609432518,40.90052939878106,41.339691162109375,675695.0,0.0,0.0
2018-07-03,41.36896522141189,42.06186278818931,40.8614898460384,41.232337951660156,431159.0,0.0,0.0
2018-07-05,41.41776552601877,41.52511660129408,40.83221894446263,41.329933166503906,476576.0,0.0,0.0
2018-07-06,41.251854443797036,41.45679533739018,40.92004378248799,41.26161193847656,415916.0,0.0,0.0
2018-07-09,41.43727983977987,41.75933303139318,41.38848491696954,41.4567985534668,1003729.0,0.0,0.0
2018-07-10,41.515359106462675,41.55439653798513,41.19330588062401,41.4665641784668,623438.0,0.0,0.0
2018-07-11,41.173782182511516,41.759332416049,41.173782182511516,41.651981353759766,459156.0,0.0,0.0
2018-07-12,41.82764870372527,42.04235084191746,41.73015564652287,41.76909255981445,383316.0,0.0,0.0
2018-07-13,41.63246275142855,42.03161169289655,41.42752184440995,41.44704055786133,303601.0,0.0,0.0
2018-07-16,41.505595481254396,41.505595481254396,40.71510801422532,40.802940368652344,438472.0,0.0,0.0
2018-07-17,40.510161639343565,41.08595066644584,40.510161639343565,41.04691696166992,383555.0,0.0,0.0
2018-07-18,41.046915760256226,41.437278856287755,41.046915760256226,41.232337951660156,373873.0,0.0,0.0
2018-07-19,41.20306813609915,41.827652164908116,40.9542091574031,41.55439758300781,558960.0,0.0,0.0
2018-07-20,41.427523945345044,41.671502291639406,41.18549635365057,41.62270736694336,399890.0,0.0,0.0
2018-07-23,41.632463770521895,41.7398148357253,41.41776164011509,41.603187561035156,542377.0,0.0,0.0
2018-07-24,41.65197847226247,42.149692599664085,41.47631378663516,42.013065338134766,706814.0,0.0,0.0
2018-07-25,41.8862005831813,42.19849629051982,41.63734535111017,41.8276481628418,841368.0,0.0,0.0
2018-07-26,42.257050107112335,44.79442721873056,41.90084379556356,44.40406036376953,1843042.0,0.0,0.0
2018-07-27,44.58947710674792,45.29213587042329,44.41381241582908,44.443092346191406,1075210.0,0.0,0.0
2018-07-30,44.9310521476901,45.38972889700803,44.618760169204435,44.774906158447266,1089250.0,0.0,0.0
2018-07-31,44.862736284379956,45.41900657613621,44.6187579556162,44.80418014526367,1640244.0,0.0,0.0
2018-08-01,44.82370085001698,45.30677692004654,44.51140887314797,45.18478775024414,613783.0,0.0,0.0
2018-08-02,44.92129128509693,45.25310198021795,44.11128512286314,45.194549560546875,598663.0,0.0,0.0
2018-08-03,45.223825516761025,51.72340838359881,45.02864209905256,50.288814544677734,6339148.0,0.0,0.0
2018-08-06,49.634955737097755,51.10858332170179,49.04940546792227,49.83013916015625,5467459.0,0.0,0.0
2018-08-07,49.47880856693622,50.12779185098119,48.33698798901814,48.77614974975586,3340184.0,0.0,0.0
2018-08-08,48.580968166426445,48.91277887342714,48.219881248542045,48.395545959472656,2590288.0,0.0,0.0
2018-08-09,48.522412750092414,49.15675419124745,48.1418071408366,48.89325714111328,904596.0,0.0,0.0
2018-08-10,48.7859083172011,49.03964414138709,48.57120619632643,48.65903854370117,821484.0,0.0,0.0
2018-08-13,48.60048520334377,48.961572108761565,48.08325230724687,48.50289535522461,739721.0,0.0,0.0
2018-08-14,48.659035854832474,48.98108529553436,48.532166088343295,48.6102409362793,726699.0,0.0,0.0
2018-08-15,49.04233727349653,49.32712548134618,48.217435953395736,48.42366409301758,1000817.0,0.31,0.0
2018-08-16,48.42366510271019,48.98341918022205,48.42366510271019,48.85575485229492,468455.0,0.0,0.0
2018-08-17,48.70844760763446,49.140541085936675,48.70354017892923,48.89503479003906,849382.0,0.0,0.0
2018-08-20,48.86557068566634,49.25740076538615,48.7182691582211,48.79682922363281,562831.0,0.0,0.0
2018-08-21,48.10941480323067,48.56114548307934,48.0799515007162,48.227256774902344,885976.0,0.0,0.0
2018-08-22,48.36474029182932,48.963776253200095,48.22725736550726,48.89503479003906,768077.0,0.0,0.0
2018-08-23,48.90485197363335,49.05215724534644,48.71826854277495,48.865570068359375,394834.0,0.0,0.0
2018-08-24,49.03251543870009,49.34676318316127,48.94413302643734,49.336944580078125,1170099.0,0.0,0.0
2018-08-27,49.4842494321174,49.4842494321174,49.24856548098033,49.327125549316406,330746.0,0.0,0.0
2018-08-28,49.35658604854165,49.366408398601635,48.93883273454878,49.101261138916016,314184.0,0.0,0.0
2018-08-29,49.1208978488338,49.31730362564568,48.98341492890407,49.09143829345703,576184.0,0.0,0.0
2018-08-30,48.99323470228506,48.99323470228506,48.271445609284015,48.46294021606445,621083.0,0.0,0.0
2018-08-31,48.38438076789547,48.8459337983926,48.21743454034446,48.39419937133789,626136.0,0.0,0.0
2018-09-04,48.36473877016283,48.77718753615241,48.070131973580466,48.69862747192383,593030.0,0.0,0.0
2018-09-05,48.698628079819755,49.1994592656487,48.46294039193462,49.12089920043945,753285.0,0.0,0.0
2018-09-06,49.17982144040742,49.474428236962034,49.02269381970772,49.43514633178711,523735.0,0.0,0.0
2018-09-07,49.27802587125183,49.27802587125183,48.845936122777985,48.93431854248047,239918.0,0.0,0.0
2018-09-10,49.1503609363095,49.1503609363095,48.70844884325773,48.75755310058594,440266.0,0.0,0.0
2018-09-11,48.70844545807097,48.816468822879315,48.49730990307154,48.5218620300293,297182.0,0.0,0.0
2018-09-12,48.5218647859372,48.934317316256276,48.35492230075414,48.8262939453125,384305.0,0.0,0.0
2018-09-13,48.86557254806693,49.06197833827487,48.57096573581945,48.590606689453125,311967.0,0.0,0.0
2018-09-14,48.70844948241973,48.70844948241973,48.30581929149559,48.44330596923828,364492.0,0.0,0.0
2018-09-17,48.51204330139596,48.51204330139596,47.79516165427344,47.86390686035156,534837.0,0.0,0.0
2018-09-18,47.677322083430255,47.991569843605035,47.33361476640433,47.58893966674805,682265.0,0.0,0.0
2018-09-19,47.62822003644979,47.8148034673677,47.04882504492412,47.14702606201172,491509.0,0.0,0.0
2018-09-20,47.235406514229496,47.48091279288169,47.11756454939243,47.43181228637695,335430.0,0.0,0.0
2018-09-21,47.53002074461595,47.83444615631482,47.421997374221334,47.510379791259766,1688246.0,0.0,0.0
2018-09-24,47.57911653504551,48.11922958731003,47.40235171850389,47.981746673583984,488483.0,0.0,0.0
2018-09-25,48.02103189780227,48.02103189780227,47.60857938196816,47.971927642822266,531494.0,0.0,0.0
2018-09-26,47.94247076183157,48.11923560046236,47.59876343456555,47.618404388427734,428719.0,0.0,0.0
2018-09-27,47.62821621808651,47.81479963404599,47.323787095715204,47.63803482055664,555559.0,0.0,0.0
2018-09-28,47.588938432955196,48.13887387206781,47.50055601856439,47.72642135620117,646095.0,0.0,0.0
2018-10-01,47.88354437291401,47.9228262777447,47.0684654513848,47.21577072143555,464783.0,0.0,0.0
2018-10-02,47.28451323277798,47.30415043950115,46.82296020608048,46.91134262084961,201214.0,0.0,0.0
2018-10-03,47.058644899922356,47.13720871258514,46.44979033630085,46.518531799316406,576035.0,0.0,0.0
2018-10-04,46.40069036724808,46.41050897088098,45.416211459914436,45.546329498291016,685348.0,0.0,0.0
2018-10-05,45.457945969892926,45.752552771352995,45.41866406406392,45.605247497558594,247049.0,0.0,0.0
2018-10-08,45.59543064448808,45.59543064448808,45.163340902168116,45.23208236694336,447948.0,0.0,0.0
2018-10-09,45.17316221764346,45.17316221764346,43.778688138632084,44.14203643798828,717354.0,0.0,0.0
2018-10-10,44.269699309988276,44.47592370988555,43.16000974757645,43.209110260009766,524162.0,0.0,0.0
2018-10-11,43.64119658569583,44.6821445997018,43.41533124934267,43.9554443359375,1093434.0,0.0,0.0
2018-10-12,44.21077605963009,44.36789994571597,43.97508835743681,44.102752685546875,642131.0,0.0,0.0
2018-10-15,43.95544542456322,44.77052812240284,43.84742580147192,44.6330451965332,617239.0,0.0,0.0
2018-10-16,44.57412293195474,45.143699342305744,44.338438983355495,45.05531692504883,579817.0,0.0,0.0
2018-10-17,44.95711073770002,45.39902281002335,44.682144890978265,45.271358489990234,655944.0,0.0,0.0
2018-10-18,44.74106775329439,45.310640399572584,44.4464572076336,45.02585220336914,878339.0,0.0,0.0
2018-10-19,45.11423738995603,45.310643183755445,44.67232903656851,45.08477783203125,758130.0,0.0,0.0
2018-10-22,45.094596134262225,45.12405943811882,44.62322447997465,44.996395111083984,1189086.0,0.0,0.0
2018-10-23,44.672325442432175,45.025851347473285,44.11256766399434,44.76070785522461,942934.0,0.0,0.0
2018-10-24,44.74106934911843,44.74106934911843,43.426136920307336,43.74922180175781,1637557.0,0.0,0.0
2018-10-25,43.68047794800746,45.15351566375193,43.218924931646356,44.26969528198242,1166603.0,0.0,0.0
2018-10-26,43.90634401649607,44.19113221204458,43.57245531215992,43.87688446044922,759551.0,0.0,0.0
2018-10-29,44.19113171168497,44.593761872990726,43.8867025668426,44.11256790161133,639867.0,0.0,0.0
2018-10-30,44.181315548888996,44.91783445143277,44.181315548888996,44.57412338256836,793851.0,0.0,0.0
2018-10-31,44.8392689601669,45.202617222917624,44.68214508334534,44.94729232788086,1653409.0,0.0,0.0
2018-11-01,45.11423327010104,45.56596767842576,44.56430159303744,45.487403869628906,457654.0,0.0,0.0
2018-11-02,45.634708528705296,45.85075150775467,45.25662675964395,45.80165100097656,254072.0,0.0,0.0
2018-11-05,45.68381161504725,46.007877974984176,45.5070467837621,45.69363021850586,432672.0,0.0,0.0
2018-11-06,45.6150678949251,46.459610103461785,45.60524554582384,46.381046295166016,565560.0,0.0,0.0
2018-11-07,46.64619293603797,47.25504745807658,46.64619293603797,47.18630599975586,526376.0,0.0,0.0
2018-11-08,46.99972697888645,47.431816721107104,46.85242169947114,47.363075256347656,286361.0,0.0,0.0
2018-11-09,47.34343357195311,47.62822177649171,47.048826763798516,47.26487350463867,736953.0,0.0,0.0
2018-11-12,47.245228230507685,47.520194060154715,46.508709404414454,47.00954055786133,581303.0,0.0,0.0
2018-11-13,47.08810652315151,47.49073668336496,46.85241883969866,47.382713317871094,619403.0,0.0,0.0
2018-11-14,47.54085506043726,48.0646965843884,47.3135291716993,47.392601013183594,367998.0,0.31,0.0
2018-11-15,47.105968400672644,47.83242487647089,46.94288556521739,47.669342041015625,808901.0,0.0,0.0
2018-11-16,47.44201596907383,47.85416830182823,47.39259795650992,47.689109802246094,463941.0,0.0,0.0
2018-11-19,47.58038998910916,47.778065818345354,46.93794825703259,47.11585235595703,636067.0,0.0,0.0
2018-11-20,46.977476778958454,47.65945814864252,46.977476778958454,47.47166442871094,968847.0,0.0,0.0
2018-11-21,47.422248048804754,47.74841371862847,47.165272121050386,47.501319885253906,272874.0,0.0,0.0
2018-11-23,47.29375879154153,47.738528451251725,47.24434077831878,47.4420166015625,117540.0,0.0,0.0
2018-11-26,47.787947860452945,47.817601685535024,47.43707505486321,47.679229736328125,563843.0,0.0,0.0
2018-11-27,47.412365148772565,47.67922693672479,46.947827543409154,47.204803466796875,547236.0,0.0,0.0
2018-11-28,47.38271213058018,47.52108784436619,46.858874410338956,47.501319885253906,472210.0,0.0,0.0
2018-11-29,47.471664833608166,47.84724850632221,47.46178273948395,47.61992263793945,614619.0,0.0,0.0
2018-11-30,47.580388427032,48.38097381249636,47.55073837324348,48.193180084228516,883012.0,0.0,0.0
2018-12-03,48.361206096555456,48.430392069311964,47.8670184223788,48.17341613769531,446121.0,0.0,0.0
2018-12-04,48.05480539190293,48.39085314025271,47.76817942417864,47.906551361083984,710201.0,0.0,0.0
2018-12-06,47.45189806344554,47.77806373300221,46.59201257970483,47.689109802246094,1008688.0,0.0,0.0
2018-12-07,47.511201979633704,47.85713183821703,47.165272121050386,47.501319885253906,829079.0,0.0,0.0
2018-12-10,47.59027226690908,47.59027226690908,46.65131497658042,46.72050094604492,590004.0,0.0,0.0
2018-12-11,46.90829372978167,47.16033050254408,46.5030599825719,46.63154983520508,432361.0,0.0,0.0
2018-12-12,47.0862001922694,47.0862001922694,46.448697650970786,46.582130432128906,733577.0,0.0,0.0
2018-12-13,46.51294564886888,46.66119969017892,46.10771190339034,46.463523864746094,247611.0,0.0,0.0
2018-12-14,46.295502549805725,46.574225882534584,45.90015089308226,46.02864074707031,737290.0,0.0,0.0
2018-12-17,45.91991447069607,46.09782232220814,45.514680757885806,45.71235656738281,469972.0,0.0,0.0
2018-12-18,45.94956931662969,46.01875528594228,45.41584575020186,45.42572784423828,599221.0,0.0,0.0
2018-12-19,45.46526578795802,45.9396855002596,45.08968210183699,45.22805404663086,944493.0,0.0,0.0
2018-12-20,45.16875446292192,45.24782253071284,44.338519014177066,44.437355041503906,623992.0,0.0,0.0
2018-12-21,44.3582875530763,44.55596338066459,43.32049417117881,43.458866119384766,1695462.0,0.0,0.0
2018-12-24,43.34025980299582,43.409445779401324,42.48037426027527,43.1327018737793,306344.0,0.0,0.0
2018-12-26,43.241420799205876,44.36816807506018,43.1129309502752,44.3484001159668,456813.0,0.0,0.0
2018-12-27,43.814683037159234,44.635032653808594,43.62194636655454,44.635032653808594,441554.0,0.0,0.0
2018-12-28,44.72398475753325,45.15886855585962,44.546076892228655,44.81293869018555,310215.0,0.0,0.0
2018-12-31,44.97108052335318,45.41585020567671,44.51642874602376,45.366432189941406,262283.0,0.0,0.0
2019-01-02,45.03037902404495,45.247819021370276,44.32862971118089,45.148983001708984,454151.0,0.0,0.0
2019-01-03,45.05015202913761,45.069916219002124,44.61526444506037,44.84259033203125,318268.0,0.0,0.0
2019-01-04,45.24782160995813,45.455383295685216,44.97107772279227,45.2675895690918,564354.0,0.0,0.0
2019-01-07,45.19840426983697,46.40422340246357,45.19840426983697,46.315269470214844,665012.0,0.0,0.0
2019-01-08,46.10770796036571,46.11759005413351,45.514680534781576,45.91991424560547,399849.0,0.0,0.0
2019-01-09,46.02863714226029,46.4734067786531,45.989101225613695,46.19666290283203,686542.0,0.0,0.0
2019-01-10,46.26585205154079,46.354805984932966,46.09782627942099,46.25596618652344,503571.0,0.0,0.0
2019-01-11,46.1966644599542,46.7303842712628,46.1966644599542,46.601898193359375,417558.0,0.0,0.0
2019-01-14,46.394335713339196,46.67108336409389,46.078055915636064,46.4931755065918,470981.0,0.0,0.0
2019-01-15,46.48329040178978,46.898409999530024,46.339975526995694,46.78968811035156,391937.0,0.0,0.0
2019-01-16,46.858873883630935,46.99724582550892,46.66119806508268,46.80945587158203,242831.0,0.0,0.0
2019-01-17,46.69085069648822,47.08619855313811,46.58212881054492,46.74026870727539,515521.0,0.0,0.0
2019-01-18,46.91817795850362,46.91817795850362,46.48329040178978,46.78968811035156,301649.0,0.0,0.0
2019-01-22,46.8292258151859,47.026901642112044,46.601899933844315,46.98736572265625,847473.0,0.0,0.0
2019-01-23,47.007132409920374,47.323412216299516,46.799570723572494,47.293758392333984,548284.0,0.0,0.0
2019-01-24,47.20480390660166,47.38271176689403,47.026899816661945,47.1652717590332,335187.0,0.0,0.0
2019-01-25,47.333294829383355,48.420509974783634,47.333294829383355,48.17341613769531,765053.0,0.0,0.0
2019-01-28,47.965854248582794,48.0251581265631,47.75829633118082,48.00539016723633,509798.0,0.0,0.0
2019-01-29,48.094342333305974,48.094342333305974,47.41730389004353,47.61992263793945,331820.0,0.0,0.0
2019-01-30,47.75829236603523,47.99550408790915,47.501018598987805,47.837364196777344,311419.0,0.0,0.0
2019-01-31,47.93620336710298,48.746670833743316,47.93620336710298,48.27225112915039,1463948.0,0.0,0.0
2019-02-01,48.489693848792975,48.845505791703495,48.36120400336962,48.74666976928711,618058.0,0.0,0.0
2019-02-04,49.00365046078623,49.00365046078623,48.42050886777567,48.83562469482422,460905.0,0.0,0.0
2019-02-05,48.776320395799324,49.3989979013356,48.726902384009726,49.2507438659668,715012.0,0.0,0.0
2019-02-06,49.201318837583806,49.705392327496384,49.201318837583806,49.37922668457031,463215.0,0.0,0.0
2019-02-07,49.29027657514536,49.567024230957024,49.181554685757135,49.56702423095703,451186.0,0.0,0.0
2019-02-08,49.438531743289396,49.85364754931701,49.389113733574554,49.823997497558594,552893.0,0.0,0.0
2019-02-11,50.00191066591521,51.31644796180701,50.00191066591521,50.604820251464844,856826.0,0.0,0.0
2019-02-12,50.78272263098867,51.36586419343027,50.78272263098867,51.32632827758789,559924.0,0.0,0.0
2019-02-13,51.48447329465535,52.05278988780652,51.48447329465535,51.939125061035156,513808.0,0.0,0.0
2019-02-14,51.7908682349796,52.08738007667342,51.50423848752277,51.65249252319336,410457.0,0.0,0.0
2019-02-15,51.81063314999372,52.32458877563476,51.62284319403654,52.324588775634766,582980.0,0.0,0.0
2019-02-19,52.205261149021986,52.74223045979944,52.05610174271227,52.66267776489258,289150.0,0.32,0.0
2019-02-20,52.95105412109905,53.1101557282293,52.71558237696492,52.911277770996094,916301.0,0.0,0.0
2019-02-21,53.010718275029184,53.338863677876724,52.80189433509183,53.090267181396484,1351143.0,0.0,0.0
2019-02-22,53.0703767132131,53.12009525170442,52.89138694001929,52.97093963623047,431898.0,0.0,0.0
2019-02-25,53.19965031227572,53.33886374355103,53.03060651523614,53.159873962402344,555853.0,0.0,0.0
2019-02-26,53.1002098491264,53.22947728806007,53.03060313792173,53.05048751831055,779575.0,0.0,0.0
2019-02-27,53.00077115779091,53.24936764895623,52.89138809475314,53.03060531616211,459188.0,0.0,0.0
2019-02-28,53.0007718292905,53.11015489371411,52.60301971435546,52.60301971435547,968281.0,0.0,0.0
2019-03-01,52.73228656989016,52.8913881727393,52.453859713224524,52.573184967041016,370382.0,0.0,0.0
2019-03-04,52.65273832059741,52.7322872263716,52.175433506107865,52.67262649536133,338378.0,0.0,0.0
2019-03-05,52.70245513420513,52.70245513420513,52.30469923852124,52.5831298828125,619592.0,0.0,0.0
2019-03-06,52.662679082906486,52.662679082906486,52.20526245558791,52.33453369140625,497279.0,0.0,0.0
2019-03-07,52.384253519635614,52.76212125263798,52.304700820779765,52.53341293334961,337193.0,0.0,0.0
2019-03-08,52.5532975125144,52.821782182240874,52.215206127667884,52.74223327636719,326682.0,0.0,0.0
2019-03-11,52.76212066113676,52.76212066113676,52.26492767870597,52.503578186035156,385390.0,0.0,0.0
2019-03-12,52.50357838602394,52.75217487818625,52.50357838602394,52.712398529052734,511966.0,0.0,0.0
2019-03-13,52.87149768862962,52.87149768862962,52.384250710749235,52.453857421875,650953.0,0.0,0.0
2019-03-14,52.453860603937926,52.50357914443228,52.11079622594835,52.35442352294922,469944.0,0.0,0.0
2019-03-15,52.7024547025411,52.78200739833883,52.41408187019628,52.69251251220703,1760953.0,0.0,0.0
2019-03-18,52.65273838645836,52.97094159651608,52.53341313100708,52.74223327636719,680062.0,0.0,0.0
2019-03-19,52.84166998816773,53.04552093336876,52.652738018915265,52.92122268676758,504286.0,0.0,0.0
2019-03-20,53.050489465852564,53.53774025545404,52.86155749897274,53.34880828857422,1002588.0,0.0,0.0
2019-03-21,53.36869326810426,54.144316905283475,53.02065969540179,53.97526931762695,932110.0,0.0,0.0
2019-03-22,53.945440106480184,54.51223981888298,53.945440106480184,54.034934997558594,645608.0,0.0,0.0
2019-03-25,53.96532555965032,54.23381021934386,53.855942499040204,54.02499008178711,742007.0,0.0,0.0
2019-03-26,54.14431637273771,54.55201446529982,54.09459783330944,54.54206848144531,894356.0,0.0,0.0
2019-03-27,54.49234807732677,54.59178894606193,53.9653247495149,54.313358306884766,476487.0,0.0,0.0
2019-03-28,54.46251821835111,54.8901044746739,54.23877910658333,54.80060958862305,1078939.0,0.0,0.0
2019-03-29,54.94976719729179,55.178479309162626,54.870218291960526,55.16853332519531,683811.0,0.0,0.0
2019-04-01,55.39724251722519,56.17286616780251,55.2083105449633,56.07342529296875,612434.0,0.0,0.0
2019-04-02,56.133087036544644,56.133087036544644,54.86027045470949,54.939823150634766,800926.0,0.0,0.0
2019-04-03,55.128754391449206,55.41712722047919,55.128754391449206,55.29780197143555,442898.0,0.0,0.0
2019-04-04,55.407186623031585,55.407186623031585,54.98954254945103,55.248085021972656,556160.0,0.0,0.0
2019-04-05,55.19836132426751,55.28785620972959,54.79663007602665,54.97959899902344,494964.0,0.0,0.0
2019-04-08,54.98954203065319,55.347521577978775,54.89010495341002,55.28785705566406,1171472.0,0.0,0.0
2019-04-09,55.11881451865525,55.18842123296404,54.75089277255429,54.890106201171875,967972.0,0.0,0.0
2019-04-10,54.8503298845323,55.685614250013764,54.810553535394746,55.48673629760742,595123.0,0.0,0.0
2019-04-11,55.68561460376133,56.123143067209554,55.68561460376133,55.834774017333984,833388.0,0.0,0.0
2019-04-12,56.08337017439843,56.65016987332136,55.84471587277125,56.61039352416992,636889.0,0.0,0.0
2019-04-15,56.5706158134145,56.66011070021045,56.003816128133934,56.3419075012207,635952.0,0.0,0.0
2019-04-16,56.22258457737975,56.22258457737975,55.83477464963682,55.93421173095703,676924.0,0.0,0.0
2019-04-17,55.924266880918836,55.9342090712655,55.07903655676203,55.46684646606445,515617.0,0.0,0.0
2019-04-18,55.42707683193626,55.42707683193626,54.90999566119343,55.088985443115234,480745.0,0.0,0.0
2019-04-22,54.93982574473627,55.19836443213822,54.3978872029615,54.81055450439453,968520.0,0.0,0.0
2019-04-23,55.29780366827557,56.103253865637406,55.29780366827557,55.91432189941406,1932226.0,0.0,0.0
2019-04-24,56.46123318151244,56.94848396738836,56.272301216077196,56.759552001953125,1017174.0,0.0,0.0
2019-04-25,56.680000305175774,56.87887825788531,56.451291987208315,56.68000030517578,343940.0,0.0,0.0
2019-04-26,57.29999923706055,58.400001525878906,57.29999923706055,58.06999969482422,975423.0,0.32,0.0
2019-04-29,58.0,58.0,57.63999938964844,57.849998474121094,640216.0,0.0,0.0
2019-04-30,57.84000015258789,57.84000015258789,57.220001220703125,57.41999816894531,1247636.0,0.0,0.0
2019-05-01,57.56999969482422,57.97999954223633,57.474998474121094,57.58000183105469,527379.0,0.0,0.0
2019-05-02,57.68000030517578,58.630001068115234,57.68000030517578,58.459999084472656,954333.0,0.0,0.0
2019-05-03,58.70000076293945,59.849998474121094,58.45000076293945,59.529998779296875,1807328.0,0.0,0.0
2019-05-06,59.060001373291016,59.82500076293945,58.9900016784668,59.040000915527344,1802635.0,0.0,0.0
2019-05-07,58.5,58.54999923706055,57.70000076293945,58.25,2507345.0,0.0,0.0
2019-05-08,58.22999954223633,58.529998779296875,57.70000076293945,57.88999938964844,1565117.0,0.0,0.0
2019-05-09,57.22999954223633,57.65999984741211,56.93000030517578,57.5,889733.0,0.0,0.0
2019-05-10,57.439998626708984,58.279998779296875,57.18000030517578,58.09000015258789,895681.0,0.0,0.0
2019-05-13,57.790000915527344,58.189998626708984,57.439998626708984,57.68000030517578,1609931.0,0.0,0.0
2019-05-14,57.90999984741211,58.41999816894531,57.63999938964844,58.13999938964844,530914.0,0.0,0.0
2019-05-15,57.90999984741211,58.150001525878906,57.779998779296875,57.88999938964844,869211.0,0.0,0.0
2019-05-16,58.099998474121094,58.36000061035156,57.75,57.779998779296875,809349.0,0.0,0.0
2019-05-17,57.63999938964844,58.33000183105469,57.400001525878906,58.0,372152.0,0.0,0.0
2019-05-20,57.75,58.380001068115234,57.31999969482422,57.93000030517578,385318.0,0.0,0.0
2019-05-21,58.11000061035156,58.26499938964844,57.959999084472656,58.119998931884766,580783.0,0.0,0.0
2019-05-22,58.0,58.31999969482422,57.59000015258789,57.59000015258789,372230.0,0.0,0.0
2019-05-23,57.33000183105469,57.4900016784668,56.91999816894531,57.25,323062.0,0.0,0.0
2019-05-24,57.2599983215332,57.582298278808594,56.89310073852539,57.400001525878906,163124.0,0.0,0.0
2019-05-28,57.400001525878906,57.41999816894531,57.04999923706055,57.099998474121094,448986.0,0.0,0.0
2019-05-29,56.900001525878906,56.900001525878906,56.22999954223633,56.540000915527344,316980.0,0.0,0.0
2019-05-30,56.5,56.720001220703125,55.93000030517578,56.349998474121094,286156.0,0.0,0.0
2019-05-31,57.630001068115234,58.439998626708984,57.529998779296875,58.349998474121094,837625.0,0.0,0.0
2019-06-03,57.84000015258789,58.16999816894531,57.02000045776367,57.650001525878906,2020149.0,0.0,0.0
2019-06-04,57.5,58.47999954223633,56.2599983215332,57.20000076293945,8383857.0,0.0,0.0
2019-06-05,57.349998474121094,57.5,56.38999938964844,56.5099983215332,1631300.0,0.0,0.0
2019-06-06,56.20000076293945,56.97999954223633,55.849998474121094,56.099998474121094,19643068.0,0.0,0.0
2019-06-07,56.34000015258789,58.13999938964844,56.34000015258789,58.08000183105469,5995105.0,0.0,0.0
2019-06-10,58.099998474121094,58.880001068115234,57.11000061035156,57.25,9399573.0,0.0,0.0
