,Date,GeneratedTrend,GeneratedCycle,GeneratedAR,Noise,Signal_2000_D_0_PolyTrend_0_exp_1.0_10
0,2000-01-01,0.20552675214328775,0,0.0,0.48431215412066475,0.02461201520262541
1,2000-01-02,0.20574196591641214,0,0.0,0.5791404787067285,0.022380526055393524
2,2000-01-03,0.20595722850304043,0,0.0027244159149844844,-0.18158257273119596,0.047749785804486695
3,2000-01-04,0.2061725399031727,0,0.006603043707747439,1.4102046311312142,0.009680305281066573
4,2000-01-05,0.20638790011680885,0,0.011227170157599118,-0.3744716909802062,0.05739345506344224
5,2000-01-06,0.20660330914394895,0,0.016177517285806336,0.27519831557632024,0.02981747141567105
6,2000-01-07,0.20681876698459295,0,0.021418779207267834,-0.9607546117337881,0.10206304579546073
7,2000-01-08,0.2070342736387409,0,0.02694038488146734,0.37692697499528294,0.02663355852481781
8,2000-01-09,0.20724982910639278,0,0.03256948599001003,0.033438928508628576,0.03733067628768222
9,2000-01-10,0.20746543338754858,0,0.0382836939254018,0.6805672443551206,0.019428815151518807
10,2000-01-11,0.20768108648220832,0,0.0440429144291503,-1.563496690099942,0.18215288137487895
11,2000-01-12,0.20789678839037196,0,0.04982770407753475,-0.5666976204319573,0.06682296312302662
12,2000-01-13,0.20811253911203956,0,0.05563616044023821,-0.24214951424260323,0.04801312771241754
13,2000-01-14,0.20832833864721106,0,0.061446297993037434,1.5143912837240117,0.00823923691697081
14,2000-01-15,0.2085441869958865,0,0.06725643554583663,-0.3330574014413246,0.05195253076370608
15,2000-01-16,0.20876008415806588,0,0.07306657309863582,0.0473648172902994,0.03529997226647211
16,2000-01-17,0.20897603013374916,0,0.07887671065143503,1.4627404474484047,0.0085205463519417
17,2000-01-18,0.20919202492293637,0,0.08468684820423422,1.5350291291191829,0.007878721547852874
18,2000-01-19,0.20940806852562752,0,0.09049698575703342,0.5664400380293182,0.02062963347909126
19,2000-01-20,0.2096241609418226,0,0.0963071233098326,0.1492650917123343,0.03112082710464016
20,2000-01-21,0.2098403021715216,0,0.10211726086263181,-1.0782780025830905,0.10557209583665826
21,2000-01-22,0.21005649221472453,0,0.10792739841543102,1.3954722703060645,0.008842923121978477
22,2000-01-23,0.21027273107143138,0,0.11373753596823022,1.7874840455630026,0.0059392290787581075
23,2000-01-24,0.21048901874164216,0,0.1195476735210294,-0.5695172638907428,0.06233694230562548
24,2000-01-25,0.21070535522535688,0,0.1253578110738286,0.17538653266921242,0.029418506640218632
25,2000-01-26,0.21092174052257553,0,0.1311679486266278,-0.4625055394360726,0.05533964188283036
26,2000-01-27,0.2111381746332981,0,0.13697808617942703,-1.085800595475628,0.1025917979462204
27,2000-01-28,0.21135465755752458,0,0.1427882237322262,0.6397359949354733,0.018159517012806596
28,2000-01-29,0.211571189295255,0,0.14859836128502535,-0.38586333644309273,0.05033836140878726
29,2000-01-30,0.21178776984648937,0,0.15440849883782462,-0.7757623533740768,0.07389459881455393
30,2000-01-31,0.21200439921122763,0,0.1602186363906238,0.9957113486470573,0.012492634974052333
31,2000-02-01,0.21222107738946983,0,0.166028773943423,-1.9332047794071159,0.23229975402496722
32,2000-02-02,0.21243780438121596,0,0.17183891149622219,0.24853062742969095,0.02605647530622797
33,2000-02-03,0.21265458018646602,0,0.17764904904902135,-0.03124533542395122,0.03426126305676154
34,2000-02-04,0.21287140480522002,0,0.1834591866018206,-0.13947396248967217,0.037948008439089555
35,2000-02-05,0.21308827823747792,0,0.18926932415461975,-0.19065597921264138,0.039700827434474124
36,2000-02-06,0.21330520048323975,0,0.19507946170741894,0.44863752749053837,0.02082286086382007
37,2000-02-07,0.21352217154250552,0,0.20088959926021815,-0.992429771658585,0.08745213837320662
38,2000-02-08,0.21373919141527523,0,0.20669973681301732,-0.22593965569142896,0.040389682968881985
39,2000-02-09,0.21395626010154883,0,0.21250987436581656,-1.6545707665122271,0.16753265456286634
40,2000-02-10,0.21417337760132638,0,0.21832001191861578,-0.6397226377122045,0.060358567500736746
41,2000-02-11,0.21439054391460788,0,0.224130149471415,-0.47941980121364003,0.05110962116800312
42,2000-02-12,0.21460775904139326,0,0.22994028702421412,0.3113635032767906,0.02303839342298303
43,2000-02-13,0.2148250229816826,0,0.2357504245770134,-0.7760204669235409,0.06793277900488869
44,2000-02-14,0.21504233573547585,0,0.2415605621298125,-0.30736481038200775,0.042259769817270074
45,2000-02-15,0.21525969730277306,0,0.2473706996826117,-0.36652394095310614,0.044565819968721866
46,2000-02-16,0.21547710768357414,0,0.2531808372354109,1.1197119621889602,0.010021208986621387
47,2000-02-17,0.2156945668778792,0,0.25899097478821015,-0.4579224204039029,0.04824588463320956
48,2000-02-18,0.21591207488568817,0,0.2648011123410094,0.42539339846964996,0.019825461920275126
49,2000-02-19,0.21612963170700106,0,0.2706112498938085,-0.027971183469780222,0.031009820812030076
50,2000-02-20,0.21634723734181788,0,0.2764213874466077,1.4759898324822718,0.0068504558366943
51,2000-02-21,0.21656489179013863,0,0.28223152499940696,0.6467800971387857,0.015603529503751769
52,2000-02-22,0.21678259505196332,0,0.2880416625522061,-0.3643343119343121,0.04263108607219611
53,2000-02-23,0.2170003471272919,0,0.2938518001050053,-0.6787773894547808,0.05803225026444101
54,2000-02-24,0.21721814801612443,0,0.29966193765780447,-0.3536278564808815,0.041671665925151896
55,2000-02-25,0.2174359977184609,0,0.30547207521060377,-0.7407474706616464,0.0610023904168004
56,2000-02-26,0.2176538962343013,0,0.3112822127634029,-0.6750218315624023,0.05677859325621649
57,2000-02-27,0.2178718435636456,0,0.3170923503162021,-0.13278425612003888,0.032815262099311626
58,2000-02-28,0.21808983970649384,0,0.3229024878690014,0.6198010633228139,0.015367889911250366
59,2000-02-29,0.218307884662846,0,0.3287126254218006,1.7911684612099155,0.004734540513751999
60,2000-03-01,0.2185259784327021,0,0.3345227629745997,0.17100043816579447,0.023784270843381
61,2000-03-02,0.21874412101606214,0,0.34033290052739884,-1.7256713515873643,0.1575382022586669
62,2000-03-03,0.21896231241292607,0,0.3461430380801981,0.16065854034812202,0.023743522631853965
63,2000-03-04,0.21918055262329394,0,0.35195317563299733,-0.858985320630042,0.06542636064420856
64,2000-03-05,0.21939884164716575,0,0.3577633131857965,-0.20642094232547897,0.03386332059702343
65,2000-03-06,0.21961717948454149,0,0.36357345073859576,0.4884264674526133,0.01680130488565077
66,2000-03-07,0.21983556613542116,0,0.3693835882913948,-0.8383309655321101,0.06294022484112904
67,2000-03-08,0.22005400159980473,0,0.3751937258441941,0.38116374443537404,0.018479503167086613
68,2000-03-09,0.22027248587769224,0,0.3810038633969932,-0.9909032821575836,0.07243579517572131
69,2000-03-10,0.22049101896908369,0,0.38681400094979246,1.0178800497172846,0.009658985125154118
70,2000-03-11,0.22070960087397906,0,0.39262413850259165,0.34158739594413723,0.01888093187929675
71,2000-03-12,0.22092823159237834,0,0.3984342760553909,-1.250886216057312,0.09225877139222877
72,2000-03-13,0.2211469111242816,0,0.4042444136081901,0.9252507517503312,0.010406510046800259
73,2000-03-14,0.22136563946968874,0,0.4100545511609892,-0.9047861581686361,0.06448545022005564
74,2000-03-15,0.22158441662859982,0,0.4158646887137885,1.8436915300279588,0.004103880614713468
75,2000-03-16,0.2218032426010148,0,0.4216748262665877,1.5255072386625639,0.00560740668015144
76,2000-03-17,0.22202211738693375,0,0.4274849638193869,-1.445535581617193,0.10875549019480991
77,2000-03-18,0.2222410409863566,0,0.4332951013721861,0.377160611108241,0.017468109415414074
78,2000-03-19,0.2224600133992834,0,0.4391052389249852,-0.07055722918362475,0.027168701474970993
79,2000-03-20,0.2226790346257141,0,0.44491537647778445,0.6041597071163749,0.013753860311180295
80,2000-03-21,0.22289810466564874,0,0.45072551403058364,0.4721489975165859,0.015600469915975912
81,2000-03-22,0.2231172235190873,0,0.45653565158338294,0.8199172930519578,0.010951796258477088
82,2000-03-23,0.22333639118602983,0,0.462345789136182,0.9075196171068387,0.00997290439912877
83,2000-03-24,0.22355560766647622,0,0.4681559266889813,-0.5858228746593539,0.0441319933907671
84,2000-03-25,0.22377487296042659,0,0.4739660642417804,0.9375588422367473,0.009561779724566982
85,2000-03-26,0.22399418706788088,0,0.47977620179457964,-0.2546080917850404,0.031309180328012595
86,2000-03-27,0.22421354998883908,0,0.48558633934737894,0.9735987122811475,0.009112754733305117
87,2000-03-28,0.2244329617233012,0,0.49139647690017807,0.20728277243476398,0.019491168036706006
88,2000-03-29,0.22465242227126728,0,0.49720661445297715,1.0996419726694937,0.007937295843942597
89,2000-03-30,0.22487193163273725,0,0.5030167520057764,0.9398969807980037,0.009256148083353335
90,2000-03-31,0.22509148980771115,0,0.5088268895585756,0.6063890007417859,0.012842580771439894
91,2000-04-01,0.22531109679618902,0,0.5146370271113747,0.0017608407142712342,0.023367932773312557
92,2000-04-02,0.2255307525981708,0,0.520447164664174,-0.9901601425103287,0.06263071909324498
93,2000-04-03,0.22575045721365647,0,0.5262573022169731,1.872394078525924,0.0035561262303738655
94,2000-04-04,0.2259702106426461,0,0.5320674397697723,-0.24107359045991097,0.029256728835545275
95,2000-04-05,0.22619001288513965,0,0.5378775773225717,0.05334490701920273,0.021664200585235955
96,2000-04-06,0.22640986394113713,0,0.5436877148753708,1.030815947669532,0.008102398478855114
97,2000-04-07,0.22662976381063854,0,0.5494978524281701,-1.2769889870258138,0.08095836608836157
98,2000-04-08,0.22684971249364388,0,0.5553079899809692,0.8377197651449277,0.00971038746499451
99,2000-04-09,0.22706970999015313,0,0.5611181275337684,-1.4901114123650248,0.09898786112073554
100,2000-04-10,0.22728975630016632,0,0.5669282650865676,-1.0702150031640365,0.06465533574543438
101,2000-04-11,0.22750985142368343,0,0.5727384026393669,-0.2091286173646257,0.02716566924876102
102,2000-04-12,0.22772999536070448,0,0.578548540192166,0.6045722768300837,0.011967837466310912
103,2000-04-13,0.22795018811122944,0,0.5843586777449652,-1.743058230922982,0.1244399186002072
104,2000-04-14,0.22817042967525836,0,0.5901688152977642,1.5242268127657568,0.004713862308809202
105,2000-04-15,0.22839072005279118,0,0.5959789528505635,1.8635753177880086,0.003337188420257962
106,2000-04-16,0.2286110592438279,0,0.6017890904033628,1.2913779205556575,0.0058784644663683605
107,2000-04-17,0.2288314472483686,0,0.607599227956162,1.3006962715024495,0.00578892555989982
108,2000-04-18,0.22905188406641322,0,0.6134093655089613,0.9182028263859223,0.008435167528138908
109,2000-04-19,0.22927236969796175,0,0.6192195030617604,-0.15880047157470745,0.024615645867634865
110,2000-04-20,0.2294929041430142,0,0.6250296406145596,-0.9640633588415822,0.05474108185401005
111,2000-04-21,0.2297134874015706,0,0.6308397781673588,-1.9907788200002425,0.15191166601299275
112,2000-04-22,0.2299341194736309,0,0.6366499157201579,0.08973072690130822,0.018854637233821105
113,2000-04-23,0.23015480035919517,0,0.6424600532729572,0.11485387954452174,0.018276295999686946
114,2000-04-24,0.23037553005826333,0,0.6482701908257563,-0.585815182419695,0.03660713308201077
115,2000-04-25,0.23059630857083543,0,0.6540803283785556,0.29877203836191896,0.015023640255474075
116,2000-04-26,0.23081713589691144,0,0.6598904659313547,0.22225990173870838,0.016120732061094913
117,2000-04-27,0.2310380120364914,0,0.6657006034841542,0.43518296756137465,0.012950728867308789
118,2000-04-28,0.23125893698957528,0,0.6715107410369533,-0.04574809909962204,0.02082287358147557
119,2000-04-29,0.2314799107561631,0,0.6773208785897525,0.049898414237597756,0.018809733011572488
120,2000-04-30,0.23170093333625483,0,0.6831310161425516,-0.9355304554703544,0.050087534202906195
121,2000-05-01,0.23192200472985047,0,0.6889411536953508,0.2873876518676211,0.01465560480055786
122,2000-05-02,0.23214312493695008,0,0.69475129124815,0.3604272671140195,0.013541404198569572
123,2000-05-03,0.2323642939575536,0,0.7005614288009492,0.408148119296598,0.012832741193289757
124,2000-05-04,0.23258551179166104,0,0.7063715663537484,-1.9407156760215802,0.13359759383319278
125,2000-05-05,0.23280677843927242,0,0.7121817039065476,1.444835710018092,0.004496275828521468
126,2000-05-06,0.2330280939003877,0,0.7179918414593467,0.19286086320953463,0.01563001109466154
127,2000-05-07,0.23324945817500692,0,0.7238019790121457,-0.4208648204222881,0.028699710513260545
128,2000-05-08,0.2334708712631301,0,0.7296121165649448,1.7402534609379348,0.0032862174893080708
129,2000-05-09,0.23369233316475718,0,0.7354222541177442,-0.3640867757814793,0.026790459660763898
130,2000-05-10,0.23391384387988817,0,0.7412323916705436,1.343954419584932,0.00482578298205039
131,2000-05-11,0.23413540340852312,0,0.7470425292233427,-0.8182209613286916,0.04168397162988926
132,2000-05-12,0.23435701175066198,0,0.7528526667761418,0.08270993579791167,0.016829849040729785
133,2000-05-13,0.23457866890630477,0,0.7586628043289411,-1.291058455346977,0.06608161935865216
134,2000-05-14,0.23480037487545147,0,0.7644729418817403,-0.6611042318158495,0.03498448116560558
135,2000-05-15,0.23502212965810212,0,0.7702830794345394,-1.1801910156259166,0.05843759655741082
136,2000-05-16,0.2352439332542567,0,0.7760932169873387,0.197642638146143,0.014644925078805061
137,2000-05-17,0.23546578566391518,0,0.7819033545401378,0.4138999766425578,0.011725952362576382
138,2000-05-18,0.2356876868870776,0,0.7877134920929372,1.1973219806427609,0.0053246686974083
139,2000-05-19,0.23590963692374398,0,0.7935236296457363,1.8833538579153102,0.002665219793561249
140,2000-05-20,0.23613163577391427,0,0.7993337671985355,0.7142238203796749,0.008528252108956878
141,2000-05-21,0.23635368343758847,0,0.8051439047513347,2.2843333544703444,0.0017633981422653163
142,2000-05-22,0.2365757799147666,0,0.8109540423041339,1.5641025797286243,0.00360182712303329
143,2000-05-23,0.23679792520544868,0,0.8167641798569331,0.6111037098657089,0.009285070966462455
144,2000-05-24,0.23702011930963465,0,0.8225743174097323,-0.8773633217919377,0.040888241912122
145,2000-05-25,0.2372423622273246,0,0.8283844549625313,-1.6210874964712072,0.08550153526650954
146,2000-05-26,0.23746465395851843,0,0.8341945925153308,-0.5816729970873883,0.030056754270058054
147,2000-05-27,0.23768699450321618,0,0.8400047300681299,-0.5378339530983239,0.028594542597846537
148,2000-05-28,0.23790938386141788,0,0.845814867620929,-1.5560236776953074,0.07867874785912547
149,2000-05-29,0.23813182203312352,0,0.8516250051737281,-0.05446484378125436,0.017422834429446754
150,2000-05-30,0.23835430901833307,0,0.8574351427265274,-1.8112787909180463,0.1003398568099728
151,2000-05-31,0.23857684481704655,0,0.8632452802793267,-0.6311752177478401,0.0306436892968646
152,2000-06-01,0.23879942942926397,0,0.8690554178321257,-0.928159184570213,0.04099204363305968
153,2000-06-02,0.2390220628549853,0,0.874865555384925,1.4907219169590233,0.0036272113055050266
154,2000-06-03,0.23924474509421056,0,0.8806756929377243,0.1954993352753277,0.013166212375621064
155,2000-06-04,0.23946747614693975,0,0.8864858304905235,-0.47160433354782627,0.02550117883052626
156,2000-06-05,0.23969025601317287,0,0.8922959680433228,1.8123546515314615,0.002582435064458156
157,2000-06-06,0.23991308469290992,0,0.8981061055961219,-2.2941374787994175,0.1558964401078357
158,2000-06-07,0.2401359621861509,0,0.9039162431489212,0.6512093458423532,0.008148322694009868
159,2000-06-08,0.2403588884928958,0,0.9097263807017203,-1.1304964495022287,0.04810974874280597
160,2000-06-09,0.24058186361314463,0,0.9155365182545195,-0.7773466557621179,0.033592469731848304
161,2000-06-10,0.24080488754689738,0,0.9213466558073186,1.1159384541230788,0.005027805745103665
162,2000-06-11,0.24102796029415408,0,0.9271567933601179,1.3394530165479248,0.003996567559594962
163,2000-06-12,0.24125108185491467,0,0.9329669309129172,-1.767433651389149,0.08879135498220275
164,2000-06-13,0.2414742522291792,0,0.9387770684657162,0.4244124588283147,0.009859247756997659
165,2000-06-14,0.24169747141694767,0,0.9445872060185155,1.0893090451046137,0.00504037220872292
166,2000-06-15,0.24192073941822007,0,0.9503973435713149,-0.38418568099812267,0.021866182184551337
167,2000-06-16,0.2421440562329964,0,0.956207481124114,0.6322014141604557,0.007865772104093624
168,2000-06-17,0.24236742186127663,0,0.962017618676913,-0.5496559008798231,0.025491485977437788
169,2000-06-18,0.2425908363030608,0,0.9678277562297122,0.5211257395089367,0.008684408754869116
170,2000-06-19,0.2428142995583489,0,0.9736378937825114,0.10834954876317913,0.013043265027862587
171,2000-06-20,0.24303781162714094,0,0.9794480313353106,0.26166847688739403,0.0111219355395036
172,2000-06-21,0.24326137250943689,0,0.9852581688881097,-0.9147553300988593,0.035848776621314964
173,2000-06-22,0.24348498220523676,0,0.9910683064409088,0.8582377853547566,0.006051357208288983
174,2000-06-23,0.24370864071454057,0,0.9968784439937083,0.09433428997619214,0.012911937591568423
175,2000-06-24,0.2439323480373483,0,1.0026885815465074,-1.4859038586477893,0.0623246230899485
176,2000-06-25,0.24415610417366,0,1.0084987190993064,-1.9005842612433008,0.09378482765067844
177,2000-06-26,0.24437990912347557,0,1.0143088566521061,-1.1375791970311377,0.043465350657828326
178,2000-06-27,0.24460376288679508,0,1.020118994204905,-1.7620388850389275,0.08067185719256048
179,2000-06-28,0.24482766546361853,0,1.0259291317577042,-0.28862321917014844,0.018374063444303163
180,2000-06-29,0.2450516168539459,0,1.0317392693105036,1.0479822246933699,0.00479848643418093
181,2000-06-30,0.24527561705777723,0,1.0375494068633024,0.24995754081903795,0.010594034801041447
182,2000-07-01,0.24549966607511245,0,1.043359544416102,0.04690446151942483,0.012901066480055802
183,2000-07-02,0.2457237639059516,0,1.0491696819689005,-1.0322430367309077,0.0377287817071574
184,2000-07-03,0.2459479105502947,0,1.0549798195217004,0.40318568155495604,0.008925927476540751
185,2000-07-04,0.2461721060081417,0,1.0607899570744994,-0.684059252016005,0.026315834802965565
186,2000-07-05,0.24639635027949264,0,1.0666000946272989,1.2623221862070568,0.0037350269038059925
187,2000-07-06,0.2466206433643475,0,1.072410232180098,-2.005556590963453,0.09747533466967426
188,2000-07-07,0.2468449852627063,0,1.0782203697328971,-0.3320303964657047,0.018174848618949187
189,2000-07-08,0.24706937597456902,0,1.0840305072856962,-0.29610040290354395,0.017427931407390396
190,2000-07-09,0.24729381549993568,0,1.0898406448384954,-2.2183607565639134,0.11842738039594204
191,2000-07-10,0.24751830383880624,0,1.0956507823912947,-0.18350287900215623,0.015385222112258153
192,2000-07-11,0.24774284099118074,0,1.101460919944094,0.3923080556558746,0.008598277016273975
193,2000-07-12,0.24796742695705917,0,1.1072710574968931,0.24163480655494102,0.009936356079171541
194,2000-07-13,0.24819206173644154,0,1.1130811950496924,0.10393591227835489,0.011334650885218404
195,2000-07-14,0.2484167453293278,0,1.1188913326024916,-0.8295711866366616,0.028655252552950816
196,2000-07-15,0.24864147773571801,0,1.1247014701552907,0.4927593914157971,0.00759106056497558
197,2000-07-16,0.24886625895561215,0,1.13051160770809,0.09011279098380783,0.01128622544731502
198,2000-07-17,0.24909108898901022,0,1.1363217452608894,-0.9975675388380426,0.03328904478494527
199,2000-07-18,0.24931596783591223,0,1.1421318828136882,-0.8000382143947599,0.02715779235893162
200,2000-07-19,0.24954089549631814,0,1.1479420203664874,0.2070755740546079,0.009860285887958686
201,2000-07-20,0.24976587197022798,0,1.1537521579192864,0.5234630271892817,0.007142712425622939
202,2000-07-21,0.24999089725764176,0,1.159562295472086,-0.6993948213325896,0.024116958890740038
203,2000-07-22,0.25021597135855944,0,1.165372433024885,0.9137058074169033,0.004776840960197146
204,2000-07-23,0.2504410942729811,0,1.171182570577684,-0.6727847844386332,0.023201913933926448
205,2000-07-24,0.25066626600090663,0,1.1769927081304832,0.13332449749778202,0.01029944676033748
206,2000-07-25,0.2508914865423361,0,1.1828028456832826,0.4268960203372312,0.007633017918140559
207,2000-07-26,0.25111675589726956,0,1.1886129832360814,-0.012849391726734284,0.01177752795787395
208,2000-07-27,0.25134207406570686,0,1.1944231207888811,-0.35224830592268974,0.016437359525128793
209,2000-07-28,0.25156744104764817,0,1.2002332583416797,0.8194666083729034,0.005062226190138345
210,2000-07-29,0.2517928568430933,0,1.2060433958944794,0.5219877296053974,0.006775069808095574
211,2000-07-30,0.25201832145204245,0,1.2118535334472782,1.1972598648579713,0.003427879790171911
212,2000-07-31,0.25224383487449553,0,1.2176636710000779,-0.3824862134144711,0.016537861032985712
213,2000-08-01,0.2524693971104525,0,1.2234738085528767,0.691661918369825,0.0056151512735630365
214,2000-08-02,0.2526950081599134,0,1.2292839461056764,0.3538850114752165,0.007824107614854855
215,2000-08-03,0.2529206680228782,0,1.2350940836584754,1.0475853374178141,0.003886362241742406
216,2000-08-04,0.253146376699347,0,1.2409042212112746,-0.4238962336007505,0.01682589869760694
217,2000-08-05,0.2533721341893197,0,1.2467143587640737,-3.514768119101935,0.36787944117144233
218,2000-08-06,0.25359794049279627,0,1.2525244963168727,-1.3431567303045508,0.04168360751356957
219,2000-08-07,0.2538237956097768,0,1.2583346338696726,1.425506126612747,0.0025997339080735607
220,2000-08-08,0.2540496995402613,0,1.2641447714224712,0.22858201102290415,0.008553128913919893
221,2000-08-09,0.2542756522842497,0,1.2699549089752706,-0.25766375938677644,0.013825391302150256
222,2000-08-10,0.254501653841742,0,1.2757650465280699,0.0503707161894736,0.010098998255194808
223,2000-08-11,0.25472770421273827,0,1.2815751840808691,-1.3802108750499156,0.04197111483220378
224,2000-08-12,0.25495380339723844,0,1.2873853216336684,-0.2616720669923489,0.01363181766923988
225,2000-08-13,0.2551799513952425,0,1.2931954591864672,-0.1793796928832663,0.012479383156224244
226,2000-08-14,0.25540614820675056,0,1.2990055967392669,-0.692770576575069,0.02072690229911914
227,2000-08-15,0.2556323938317625,0,1.3048157342920657,1.1378268656304509,0.00330289269609422
228,2000-08-16,0.2558586882702784,0,1.3106258718448653,-0.1691572511419156,0.012130783876897613
229,2000-08-17,0.2560850315222982,0,1.316436009397664,-0.7639136722275016,0.02185579894217701
230,2000-08-18,0.256311423587822,0,1.3222461469504638,-0.4980731026078258,0.016652980091800045
231,2000-08-19,0.2565378644668496,0,1.3280562845032622,-0.3628911138637164,0.014459774440169824
232,2000-08-20,0.25676435415938126,0,1.3338664220560619,0.26396030895579214,0.007678948069509445
233,2000-08-21,0.25699089266541675,0,1.3396765596088611,-0.6296419090890126,0.01865376700075176
234,2000-08-22,0.2572174799849562,0,1.3454866971616604,-0.4722584041747191,0.015841417640084444
235,2000-08-23,0.25744411611799956,0,1.3512968347144598,-1.5133610372500914,0.04459821069393784
236,2000-08-24,0.2576708010645469,0,1.3571069722672584,1.107624678074931,0.003224155970519349
237,2000-08-25,0.2578975348245981,0,1.362917109820058,0.1762387523161263,0.008133735229495575
238,2000-08-26,0.2581243173981533,0,1.368727247372857,-0.9403535422153736,0.024694378589885747
239,2000-08-27,0.25835114878521237,0,1.3745373849256561,0.9295943283931953,0.0037832778529358307
240,2000-08-28,0.25857802898577537,0,1.380347522478455,-1.0627949207805292,0.027575922592493293
241,2000-08-29,0.2588049579998423,0,1.3861576600312542,-0.8864062679671508,0.022977541968890642
242,2000-08-30,0.2590319358274132,0,1.3919677975840539,1.9213469553611742,0.001378129250706166
243,2000-08-31,0.259258962468488,0,1.3977779351368527,-0.4597805236957294,0.014817623937705693
244,2000-09-01,0.2594860379230667,0,1.4035880726896521,-1.0890344352371168,0.027633642938515855
245,2000-09-02,0.25971316219114937,0,1.4093982102424512,0.9841172931027632,0.003455077842294995
246,2000-09-03,0.2599403352727359,0,1.4152083477952502,-1.1592063247728384,0.029286635759260656
247,2000-09-04,0.2601675571678264,0,1.4210184853480494,-0.43653709264274676,0.01413175938303558
248,2000-09-05,0.2603948278764209,0,1.4268286229008487,1.0092445309145563,0.003308866458742127
249,2000-09-06,0.26062214739851924,0,1.432638760453648,0.7133895705195379,0.0044212531520178506
250,2000-09-07,0.2608495157341215,0,1.4384488980064472,-0.7280577188284076,0.018575304025412662
251,2000-09-08,0.26107693288322775,0,1.4442590355592462,0.8395164580409145,0.0038505701427062476
252,2000-09-09,0.2613043988458379,0,1.4500691731120456,1.2390209790064357,0.0025668490647869
253,2000-09-10,0.26153191362195194,0,1.4558793106648447,-1.7848038867517189,0.05248179330701672
254,2000-09-11,0.26175947721156995,0,1.461689448217644,-0.7961858391647482,0.019410430312595033
255,2000-09-12,0.26198708961469186,0,1.4674995857704431,-1.4005412673495643,0.03530865947627317
256,2000-09-13,0.26221475083131773,0,1.4733097233232426,-0.18435057664102994,0.010400977117295429
257,2000-09-14,0.2624424608614475,0,1.4791198608760414,-1.3911931153065715,0.034560259286226046
258,2000-09-15,0.2626702197050812,0,1.4849299984288409,0.03625974169359078,0.00824175818400475
259,2000-09-16,0.26289802736221884,0,1.4907401359816401,-0.8144055613581664,0.019179481790110958
260,2000-09-17,0.2631258838328604,0,1.496550273534439,0.6973728241344478,0.0042039504700970435
261,2000-09-18,0.2633537891170059,0,1.5023604110872382,-1.7374292376653435,0.04769319333319212
262,2000-09-19,0.2635817432146553,0,1.5081705486400376,0.11585569789307441,0.007429552759827356
263,2000-09-20,0.26380974612580865,0,1.5139806861928367,0.365651445709363,0.005752484076401402
264,2000-09-21,0.2640377978504659,0,1.5197908237456361,-0.07392346564745376,0.00887438020516379
265,2000-09-22,0.26426589838862713,0,1.5256009612984351,-0.4935175712505601,0.013419707888073975
266,2000-09-23,0.2644940477402922,0,1.5314110988512346,3.101530584096651,0.00036627821727856313
267,2000-09-24,0.2647222459054613,0,1.5372212364040336,0.8587541529919178,0.003429368102508702
268,2000-09-25,0.26495049288413425,0,1.5430313739568327,-1.1547755274069518,0.025530333989376815
269,2000-09-26,0.2651787886763112,0,1.548841511509632,0.9418343381744537,0.0031180849474428196
270,2000-09-27,0.265407133281992,0,1.5546516490624314,-0.28213514160391895,0.01053970982704228
271,2000-09-28,0.26563552670117674,0,1.5604617866152306,-0.9756546656723718,0.02096031745704567
272,2000-09-29,0.26586396893386544,0,1.5662719241680296,0.09818669083524979,0.007118884692887021
273,2000-09-30,0.26609245998005804,0,1.5720820617208289,0.9054899531895111,0.003156327530766852
274,2000-10-01,0.2663209998397546,0,1.5778921992736281,1.0187414369001808,0.002801399228486763
275,2000-10-02,0.26654958851295507,0,1.5837023368264274,-0.11489885402779902,0.008651395016479192
276,2000-10-03,0.2667782259996595,0,1.5895124743792266,1.7430387200693243,0.0013414407626826468
277,2000-10-04,0.2670069122998678,0,1.5953226119320258,-0.32187919088365574,0.010513112835495579
278,2000-10-05,0.2672356474135801,0,1.601132749484825,0.8295710936443924,0.0033040010131125007
279,2000-10-06,0.2674644313407962,0,1.606942887037624,-0.20731799717285423,0.00926259578406169
280,2000-10-07,0.26769326408151634,0,1.6127530245904236,1.1179986073949013,0.002446427401237915
281,2000-10-08,0.26792214563574035,0,1.6185631621432224,1.064249682940182,0.002565975356051641
282,2000-10-09,0.2681510760034683,0,1.624373299696022,1.1513298346079661,0.0023378213356423988
283,2000-10-10,0.2683800551847002,0,1.6301834372488206,-0.7724577070251558,0.015910318602141756
284,2000-10-11,0.26860908317943605,0,1.6359935748016203,-1.293634279094041,0.02663178091738326
285,2000-10-12,0.2688381599876758,0,1.6418037123544191,0.6770268115298488,0.00368918279575926
286,2000-10-13,0.26906728560941945,0,1.6476138499072182,0.42405519844296674,0.004722495270326358
287,2000-10-14,0.269296460044667,0,1.6534239874600174,-0.48567617280192765,0.011658428305387804
288,2000-10-15,0.2695256832934186,0,1.6592341250128166,-0.05169723709456332,0.007508315064046093
289,2000-10-16,0.269754955355674,0,1.6650442625656157,0.567056372034202,0.004019743372385247
290,2000-10-17,0.2699842762314334,0,1.670854400118415,1.067833575271349,0.0024215344299823214
291,2000-10-18,0.2702136459206967,0,1.6766645376712142,0.27159574079996274,0.0053366586088461985
292,2000-10-19,0.27044306442346394,0,1.6824746752240134,0.6193017663036805,0.0037466201748869326
293,2000-10-20,0.2706725317397351,0,1.6882848127768124,-0.058625995165763944,0.007335622708428573
294,2000-10-21,0.2709020478695102,0,1.6940949503296119,1.256571400288304,0.0019571811599138626
295,2000-10-22,0.2711316128127892,0,1.6999050878824111,0.29674719639618397,0.005079890751465993
296,2000-10-23,0.2713612265695722,0,1.7057152254352101,0.39858572683284677,0.004560405176141477
297,2000-10-24,0.271590889139859,0,1.7115253629880094,-1.0531743799470816,0.01935850350669385
298,2000-10-25,0.2718206005236498,0,1.7173355005408086,-0.6394762666946673,0.012722776577216863
299,2000-10-26,0.2720503607209446,0,1.7231456380936077,-0.14852688050672028,0.007740022035224114
300,2000-10-27,0.2722801697317432,0,1.7289557756464071,-1.5745821468209054,0.03202189393359259
301,2000-10-28,0.2725100275560458,0,1.7347659131992064,-0.49568819748683207,0.010820969906577499
302,2000-10-29,0.2727399341938523,0,1.7405760507520056,-0.11757479298341039,0.007369371768694455
303,2000-10-30,0.2729698896451627,0,1.7463861883048046,0.3731201607392755,0.0044843672947041755
304,2000-10-31,0.2731998939099771,0,1.752196325857604,-0.38602877102882766,0.009522964563868102
305,2000-11-01,0.27342994698829537,0,1.7580064634104031,-1.2305931166805213,0.022026149455125398
306,2000-11-02,0.27366004888011763,0,1.7638166009632026,-1.9582716095052317,0.04532544671881076
307,2000-11-03,0.27389019958544375,0,1.7696267385160014,-0.5179626861325279,0.010670889227380955
308,2000-11-04,0.2741203991042738,0,1.7754368760688009,0.5797987960213787,0.00353855192116452
309,2000-11-05,0.2743506474366078,0,1.7812470136215999,-1.353732839082185,0.02431780579682246
310,2000-11-06,0.27458094458244575,0,1.787057151174399,-0.7195266655790489,0.01281943299885219
311,2000-11-07,0.2748112905417876,0,1.7928672887271981,-0.11861611743771462,0.006986719906789763
312,2000-11-08,0.27504168531463336,0,1.7986774262799976,-0.8081160552409372,0.013838721883679125
313,2000-11-09,0.27527212890098307,0,1.8044875638327968,-0.7189109456959241,0.012581467599504332
314,2000-11-10,0.2755026213008367,0,1.8102977013855959,-0.5735439215260673,0.010813736798157982
315,2000-11-11,0.2757331625141943,0,1.8161078389383951,-0.3836771858444548,0.008889846983966752
316,2000-11-12,0.27596375254105576,0,1.8219179764911944,0.29163404013405514,0.004497662798165632
317,2000-11-13,0.2761943913814212,0,1.8277281140439934,0.07285698283743999,0.005563871420280816
318,2000-11-14,0.27642507903529057,0,1.8335382515967926,-0.018554245142841652,0.006059725895813859
319,2000-11-15,0.2766558155026638,0,1.8393483891495919,0.10003728481065711,0.0053496554842689045
320,2000-11-16,0.276886600783541,0,1.8451585267023913,0.42808095105697647,0.0038303170264259783
321,2000-11-17,0.2771174348779221,0,1.8509686642551904,-1.0397878535539222,0.016523364461505617
322,2000-11-18,0.2773483177858072,0,1.8567788018079896,0.29122837986731986,0.004339322167767411
323,2000-11-19,0.27757924950719615,0,1.8625889393607886,-0.005768904400832077,0.0058047373483644076
324,2000-11-20,0.2778102300420891,0,1.8683990769135879,-0.9826996803176462,0.015326203739793529
325,2000-11-21,0.2780412593904859,0,1.874209214466387,-0.8041597159418524,0.012743010113975705
326,2000-11-22,0.2782723375523867,0,1.8800193520191866,-1.1981867131271402,0.0187833093765497
327,2000-11-23,0.2785034645277914,0,1.8858294895719856,0.766768766576611,0.002616851642835598
328,2000-11-24,0.2787346403167,0,1.8916396271247846,0.21752554453534564,0.004504936704277729
329,2000-11-25,0.27896586491911257,0,1.8974497646775836,2.0844416908482155,0.0006922669252485011
330,2000-11-26,0.279197138335029,0,1.9032599022303829,1.5134760908088396,0.0012179151718991373
331,2000-11-27,0.2794284605644494,0,1.909070039783182,-2.1008247330361103,0.044943218662551146
332,2000-11-28,0.27965983160737373,0,1.9148801773359814,1.0060729217816278,0.0019986275542147316
333,2000-11-29,0.279891251463802,0,1.9206903148887806,-1.0371148695247538,0.01532686170493425
334,2000-11-30,0.2801227201337342,0,1.9265004524415799,-1.8052676279621065,0.032842325930575955
335,2000-12-01,0.28035423761717027,0,1.9323105899943793,-1.1021960869156486,0.016161064317210157
336,2000-12-02,0.2805858039141103,0,1.9381207275471783,1.0785791014636519,0.001814460212511474
337,2000-12-03,0.28081741902455426,0,1.9439308650999774,-0.5187340655060587,0.008908977125963533
338,2000-12-04,0.28104908294850217,0,1.9497410026527766,-0.28152635055665015,0.006985313808732979
339,2000-12-05,0.281280795685954,0,1.9555511402055759,0.5603693322013803,0.0029917915385507332
340,2000-12-06,0.2815125572369097,0,1.9613612777583753,0.7552089813155117,0.0024473133634593507
341,2000-12-07,0.28174436760136945,0,1.9671714153111743,-1.060890856670917,0.014955045381166763
342,2000-12-08,0.28197622677933304,0,1.9729815528639734,0.054473849647095875,0.004872669912609765
343,2000-12-09,0.28220813477080053,0,1.9787916904167724,-0.10427863222331928,0.005676599988153076
344,2000-12-10,0.282440091575772,0,1.9846018279695719,-0.3516096835755735,0.007225680503247372
345,2000-12-11,0.28267209719424735,0,1.9904119655223707,0.5897991387836196,0.00280159935222507
346,2000-12-12,0.2829041516262267,0,1.9962221030751703,-1.4789681282983893,0.022041246224126818
347,2000-12-13,0.2831362548717099,0,2.0020322406279694,-1.422955967165361,0.020715063159508013
348,2000-12-14,0.2833684069306971,0,2.0078423781807686,-0.8264611206734301,0.011339860406547312
349,2000-12-15,0.2836006078031882,0,2.013652515733568,0.7842086262341665,0.0022515343183071622
350,2000-12-16,0.2838328574891832,0,2.019462653286367,-0.19541720358191414,0.005960744239257286
351,2000-12-17,0.28406515598868215,0,2.025272790839166,-1.2645954382010165,0.017258955086229197
352,2000-12-18,0.284297503301685,0,2.031082928391965,0.8569331755189405,0.0020559952671511915
353,2000-12-19,0.28452989942819185,0,2.036893065944764,-0.4939943458819314,0.007890385818477869
354,2000-12-20,0.2847623443682026,0,2.0427032034975636,0.014636658422441488,0.004716049347870348
355,2000-12-21,0.2849948381217172,0,2.048513341050363,-1.6064664587478326,0.023713201832763122
356,2000-12-22,0.28522738068873577,0,2.054323478603162,0.16198951518381755,0.004021010657444393
357,2000-12-23,0.2854599720692583,0,2.060133616155961,0.5350383174492505,0.0027523132699752186
358,2000-12-24,0.28569261226328474,0,2.0659437537087606,0.8305886098656053,0.002035718192938967
359,2000-12-25,0.2859253012708151,0,2.07175389126156,1.043629588801168,0.0016351995919731807
360,2000-12-26,0.2861580390918494,0,2.0775640288143586,-0.7609472953513174,0.009877889546404707
361,2000-12-27,0.28639082572638763,0,2.0833741663671574,-0.08543131758909553,0.004996511546972004
362,2000-12-28,0.2866236611744298,0,2.0891843039199567,-0.7899636354803771,0.010046550313772726
363,2000-12-29,0.28685654543597583,0,2.094994441472757,-0.47083962560255904,0.007257695045108562
364,2000-12-30,0.28708947851102584,0,2.1008045790255556,-1.033053713572275,0.012657289684820478
365,2000-12-31,0.28732246039957976,0,2.1066147165783553,-0.23118670957997486,0.00564247718023056
366,2001-01-01,0.28755549110163764,0,2.1124248541311546,-1.6102434600156976,0.022272144400189257
367,2001-01-02,0.2877885706171994,0,2.1182349916839533,1.430601897972214,0.0010580717973893467
368,2001-01-03,0.2880216989462651,0,2.1240451292367526,-1.7253857215558133,0.024689857856358452
369,2001-01-04,0.28825487608883477,0,2.129855266789552,0.35924958864213025,0.003051746108243972
370,2001-01-05,0.2884881020449083,0,2.1356654043423506,0.8819349540696895,0.0017985579274221192
371,2001-01-06,0.28872137681448584,0,2.1414755418951503,0.20501308771898938,0.0035178979797945184
372,2001-01-07,0.28895470039756727,0,2.14728567944795,1.2113635072601951,0.0012782216369057534
373,2001-01-08,0.2891880727941526,0,2.1530958170007484,-2.169423192842521,0.03734551992340496
374,2001-01-09,0.2894214940042419,0,2.1589059545535476,-0.33502103924940524,0.005928476366729381
375,2001-01-10,0.2896549640278351,0,2.164716092106347,-1.7169715348719963,0.023468852854533446
376,2001-01-11,0.2898884828649322,0,2.170526229659146,-1.4618655305418329,0.018074904253481468
377,2001-01-12,0.2901220505155333,0,2.1763363672119453,-0.5711020853908936,0.007372208488190584
378,2001-01-13,0.2903556669796382,0,2.1821465047647446,-1.9679282016328585,0.0296214773012363
379,2001-01-14,0.29058933225724715,0,2.1879566423175443,0.060883200399333086,0.0038715094813725217
380,2001-01-15,0.29082304634836,0,2.1937667798703435,0.4487188821077556,0.0026110826519652242
381,2001-01-16,0.2910568092529768,0,2.1995769174231423,-2.2815636730006594,0.039805440509150795
382,2001-01-17,0.2912906209710975,0,2.205387054975941,-0.7888095081343715,0.008892475636188073
383,2001-01-18,0.2915244815027221,0,2.211197192528741,1.1872708750394985,0.001225171830263435
384,2001-01-19,0.2917583908478506,0,2.2170073300815405,-0.941222102532883,0.010232102015191253
385,2001-01-20,0.29199234900648313,0,2.2228174676343393,-0.12822969699483774,0.0045108857592950505
386,2001-01-21,0.2922263559786195,0,2.228627605187138,1.272386134748115,0.0011049869853314018
387,2001-01-22,0.29246041176425985,0,2.234437742739938,-0.8029947419874646,0.008751019783960846
388,2001-01-23,0.2926945163634041,0,2.240247880292737,1.0223032030833732,0.0014018994304105673
389,2001-01-24,0.2929286697760523,0,2.2460580178455354,1.5078759155681063,0.0008574529670598469
390,2001-01-25,0.29316287200220437,0,2.2518681553983346,-0.9233416962468077,0.009692809497291986
391,2001-01-26,0.29339712304186044,0,2.2576782929511348,0.6587775564731083,0.0019802452097914197
392,2001-01-27,0.2936314228950204,0,2.263488430503934,1.285972561101611,0.0010512513729628412
393,2001-01-28,0.2938657715616843,0,2.269298568056732,-1.1550670305138195,0.012000836356436133
394,2001-01-29,0.2941001690418521,0,2.275108705609532,0.11887645415157161,0.0033367201183981013
395,2001-01-30,0.29433461533552385,0,2.280918843162331,1.032144978290616,0.0013306602079776594
396,2001-01-31,0.29456911044269957,0,2.2867289807151296,0.539952432166743,0.002163707378873882
397,2001-02-01,0.2948036543633792,0,2.292539118267929,-2.2512611873799857,0.035057587537410846
398,2001-02-02,0.29503824709756266,0,2.2983492558207277,-0.3436172562623833,0.0051722272899206185
399,2001-02-03,0.29527288864525014,0,2.3041593933735283,-0.06794353182803493,0.003902373284898435
400,2001-02-04,0.29550757900644153,0,2.309969530926327,1.1765872298926239,0.0011174053132108478
401,2001-02-05,0.29574231818113683,0,2.315779668479126,-1.5150151500509228,0.01638828608026844
402,2001-02-06,0.2959771061693361,0,2.321589806031924,-0.8936718123620814,0.008751092528668934
403,2001-02-07,0.29621194297103925,0,2.3273999435847244,-0.6802436274556013,0.007026617190172283
404,2001-02-08,0.2964468285862463,0,2.333210081137523,0.194206644087421,0.0029130775481365986
405,2001-02-09,0.29668176301495736,0,2.339020218690323,-0.9674973982388642,0.009252271318859561
406,2001-02-10,0.2969167462571723,0,2.344830356243122,1.0682596902770758,0.0012008946972837111
407,2001-02-11,0.2971517783128912,0,2.3506404937959218,1.213087606047402,0.0010327176004376567
408,2001-02-12,0.297386859182114,0,2.3564506313487206,1.144718802382554,0.0010991282437459798
409,2001-02-13,0.2976219888648407,0,2.3622607689015194,1.6784044487067418,0.0006406874402872938
410,2001-02-14,0.2978571673610714,0,2.3680709064543186,0.47840487983241675,0.0021143357546737733
411,2001-02-15,0.29809239467080595,0,2.373881044007118,0.09173765175533952,0.0030936838410661966
412,2001-02-16,0.2983276707940445,0,2.379691181559916,0.042653476865794016,0.003229738982552084
413,2001-02-17,0.29856299573078693,0,2.3855013191127163,1.3642517372299583,0.000856207608253909
414,2001-02-18,0.2987983694810333,0,2.391311456665515,1.0995889054863244,0.0011089070839238751
415,2001-02-19,0.2990337920447836,0,2.397121594218315,-0.6277344410977169,0.006200641209981431
416,2001-02-20,0.2992692634220378,0,2.402931731771114,-0.1293168198691682,0.003744130738622743
417,2001-02-21,0.299504783612796,0,2.4087418693239124,-0.8985394127921591,0.00803146066721742
418,2001-02-22,0.299740352617058,0,2.414552006876712,1.930647719336362,0.0004714857377707602
419,2001-02-23,0.29997597043482405,0,2.4203621444295114,0.19860651305582724,0.002648859115684178
420,2001-02-24,0.300211637066094,0,2.426172281982311,-0.1458072525933125,0.0037154395409957574
421,2001-02-25,0.30044735251086785,0,2.4319824195351103,-0.21911445117844763,0.0039739411368979564
422,2001-02-26,0.3006831167691456,0,2.437792557087909,1.762497770358586,0.0005444932184183746
423,2001-02-27,0.30091892984092733,0,2.4436026946407083,-1.2822394665622794,0.01136787613630459
424,2001-02-28,0.30115479172621296,0,2.449412832193507,0.2698267944810585,0.0023933145219048936
425,2001-03-01,0.30139070242500254,0,2.4552229697463064,0.8786985958655571,0.0012940300065490227
426,2001-03-02,0.30162666193729604,0,2.4610331072991056,0.007966273649822352,0.003072364958878648
427,2001-03-03,0.30186267026309344,0,2.4668432448519053,1.0885729191085523,0.0010364431658232394
428,2001-03-04,0.3020987274023948,0,2.472653382404704,0.07897830264026186,0.0028273595089119996
429,2001-03-05,0.30233483335520006,0,2.4784635199575042,0.8060823318568237,0.0013582443785063257
430,2001-03-06,0.3025709881215093,0,2.4842736575103026,0.5191049189483012,0.0017988077570522392
431,2001-03-07,0.3028071917013224,0,2.490083795063102,-0.12728444980272177,0.0034125749234912624
432,2001-03-08,0.30304344409463946,0,2.495893932615901,-0.8409840108696229,0.006924876977908732
433,2001-03-09,0.30327974530146046,0,2.5017040701687008,-0.49530620080695104,0.004871471454492369
434,2001-03-10,0.30351609532178536,0,2.5075142077214996,-0.13702000486744692,0.003384016625341074
435,2001-03-11,0.3037524941556142,0,2.5133243452742993,0.9874244951272202,0.0010926132656616137
436,2001-03-12,0.303988941802947,0,2.519134482827099,-0.7185496818262984,0.005980474484385531
437,2001-03-13,0.3042254382637837,0,2.5249446203798973,1.9380349806766242,0.0004172242689665161
438,2001-03-14,0.3044619835381243,0,2.530754757932696,0.22039131093068107,0.002310503810257725
439,2001-03-15,0.30469857762596886,0,2.5365648954854954,-0.47509489036734553,0.004603905983734132
440,2001-03-16,0.30493522052731736,0,2.542375033038295,0.23865398915520444,0.0022414195887493177
441,2001-03-17,0.3051719122421698,0,2.548185170591094,0.40564243611853096,0.0018852758201482842
442,2001-03-18,0.3054086527705261,0,2.553995308143893,0.2996587296920015,0.0020834203917084767
443,2001-03-19,0.30564544211238637,0,2.5598054456966923,0.6911650412186588,0.001399979682205937
444,2001-03-20,0.30588228026775055,0,2.5656155832494916,-1.905837207925884,0.01867924467903899
445,2001-03-21,0.30611916723661864,0,2.571425720802291,0.2820443269066481,0.0020823237089040193
446,2001-03-22,0.3063561030189907,0,2.5772358583550896,-2.2876399259575906,0.027034710580604297
447,2001-03-23,0.3065930876148667,0,2.5830459959078893,-0.5514741251926616,0.004734654205470162
448,2001-03-24,0.30683012102424656,0,2.588856133460689,1.2076206650288677,0.000810395185725685
449,2001-03-25,0.3070672032471304,0,2.594666271013488,-1.1517980660807943,0.008526152841095416
450,2001-03-26,0.30730433428351817,0,2.600476408566287,0.15518259590626346,0.0022935717395599245
451,2001-03-27,0.3075415141334098,0,2.6062865461190867,-0.6320090563045773,0.005009091938585318
452,2001-03-28,0.3077787427968054,0,2.6120966836718855,-1.8167726661067216,0.016280545908439557
453,2001-03-29,0.30801602027370495,0,2.6179068212246843,-0.1880148990599596,0.0031745494297840287
454,2001-03-30,0.3082533465641084,0,2.6237169587774836,0.08906671439477726,0.002391777068834234
455,2001-03-31,0.30849072166801583,0,2.6295270963302837,-1.6053939022954873,0.012941636341324794
456,2001-04-01,0.30872814558542716,0,2.635337233883082,-0.7075155875167806,0.005241060487054131
457,2001-04-02,0.3089656183163424,0,2.641147371435881,-2.1491044563750212,0.022022510162385826
458,2001-04-03,0.30920313986076153,0,2.6469575089886805,0.12630375323613371,0.0022492779435800913
459,2001-04-04,0.30944071021868463,0,2.65276764654148,-0.04362910055616376,0.0026498271107133816
460,2001-04-05,0.3096783293901117,0,2.6585777840942786,1.012715018688269,0.0009158547659463769
461,2001-04-06,0.3099159973750426,0,2.6643879216470783,-1.7423371199893187,0.014312121761208644
462,2001-04-07,0.3101537141734775,0,2.6701980591998775,-1.0684743791057512,0.007251412362873114
463,2001-04-08,0.3103914797854163,0,2.6760081967526768,1.6553493999880586,0.0004729926528523497
464,2001-04-09,0.31062929421085905,0,2.681818334305476,0.8519319772007187,0.0010498990819445156
465,2001-04-10,0.3108671574498057,0,2.6876284718582752,1.3709821648995895,0.0006210124546988093
466,2001-04-11,0.3111050695022563,0,2.6934386094110745,0.2740745319853915,0.0018486496283413542
467,2001-04-12,0.3113430303682108,0,2.6992487469638733,0.40380902894510445,0.0016139310460807407
468,2001-04-13,0.3115810400476693,0,2.705058884516672,-1.0400286535760435,0.006796871153760218
469,2001-04-14,0.3118190985406316,0,2.7108690220694722,1.2533848228474684,0.0006818133829478844
470,2001-04-15,0.3120572058470979,0,2.7166791596222706,-0.4022248171435164,0.0035486317423703926
471,2001-04-16,0.31229536196706814,0,2.7224892971750703,-1.5330155125002742,0.01092773995344824
472,2001-04-17,0.3125335669005423,0,2.728299434727869,1.5462455566046358,0.0004995713214506477
473,2001-04-18,0.3127718206475204,0,2.7341095722806688,0.12454664463384725,0.0020578168005897877
474,2001-04-19,0.31301012320800237,0,2.739919709833467,0.20654984814701247,0.0018843707991895422
475,2001-04-20,0.31324847458198835,0,2.7457298473862672,-0.9049945463693956,0.0056921604996273715
476,2001-04-21,0.3134868747694782,0,2.751539984939066,0.6544981252334431,0.001189518576722063
477,2001-04-22,0.31372532377047196,0,2.757350122491866,0.46133104658488716,0.0014342859936531886
478,2001-04-23,0.3139638215849697,0,2.763160260044664,-1.6545912264708202,0.01182884213253461
479,2001-04-24,0.3142023682129713,0,2.7689703975974624,-1.3854301192257548,0.008982973985286254
480,2001-04-25,0.31444096365447693,0,2.774780535150262,0.4446316426860279,0.0014322125858738956
481,2001-04-26,0.3146796079094864,0,2.780590672703062,-0.8467617374815056,0.0051787572258790715
482,2001-04-27,0.31491830097799983,0,2.78640081025586,0.8932763577139776,0.0009034614691085973
483,2001-04-28,0.31515704286001717,0,2.7922109478086594,0.38676116469564314,0.0014902509036154124
484,2001-04-29,0.31539583355553846,0,2.7980210853614595,-0.005134271859199296,0.0021919487882227804
485,2001-04-30,0.31563467306456366,0,2.8038312229142583,-0.9301399948462421,0.005494500878000142
486,2001-05-01,0.31587356138709277,0,2.8096413604670567,-1.4940735185581335,0.009598743932391716
487,2001-05-02,0.31611249852312584,0,2.815451498019857,0.46873926832959084,0.001340135043961936
488,2001-05-03,0.31635148447266287,0,2.821261635572656,0.22233414883559155,0.0017042521349015533
489,2001-05-04,0.3165905192357038,0,2.827071773125455,-0.20464648602297722,0.0025962233893195926
490,2001-05-05,0.3168296028122486,0,2.832881910678254,-0.04644352301963611,0.0022029682650057565
491,2001-05-06,0.3170687352022974,0,2.8386920482310547,-0.6978837417033752,0.004200470786803813
492,2001-05-07,0.3173079164058501,0,2.844502185783853,-0.112701648521376,0.002325570067168845
493,2001-05-08,0.3175471464229067,0,2.850312323336652,-1.0082648452075889,0.005660312078739899
494,2001-05-09,0.3177864252534673,0,2.8561224608894507,-0.05293378454074269,0.0021643033929607774
495,2001-05-10,0.31802575289753177,0,2.861932598442251,0.33300574190603954,0.0014624448055074928
496,2001-05-11,0.3182651293551002,0,2.867742735995049,-0.648981762901076,0.0038808241869116526
497,2001-05-12,0.3185045546261725,0,2.8735528735478484,-1.5430564337117616,0.009431665124070156
498,2001-05-13,0.31874402871074875,0,2.8793630111006485,1.6594603348294588,0.0003811761320597578
499,2001-05-14,0.31898355160882896,0,2.8851731486534473,-0.9700922222844177,0.005254102367791651
500,2001-05-15,0.3192231233204131,0,2.890983286206246,1.2923349627068668,0.0005436401611865985
501,2001-05-16,0.3194627438455011,0,2.8967934237590454,-0.9387619071179825,0.005030801887336002
502,2001-05-17,0.3197024131840931,0,2.902603561311845,-1.2125329031747791,0.00657517097489756
503,2001-05-18,0.319942131336189,0,2.9084136988646443,1.6736474787229678,0.00036460902784379764
504,2001-05-19,0.32018189830178884,0,2.9142238364174426,1.9753917842438666,0.00026801190813214735
505,2001-05-20,0.3204217140808926,0,2.9200339739702423,-1.1770120539639122,0.006231580663937509
506,2001-05-21,0.32066157867350026,0,2.925844111523042,1.286128711373221,0.0005275240887825088
507,2001-05-22,0.3209014920796119,0,2.9316542490758413,0.8717734904406071,0.0007935366290063168
508,2001-05-23,0.3211414542992274,0,2.9374643866286405,-0.9859599634976404,0.005055252366715258
509,2001-05-24,0.3213814653323469,0,2.943274524181439,0.09345946496778391,0.0017073768695956117
510,2001-05-25,0.32162152517897025,0,2.949084661734238,-1.6196413455845868,0.009412219684666122
511,2001-05-26,0.3218616338390976,0,2.9548947992870374,-1.6254260881100693,0.009409721037347524
512,2001-05-27,0.3221017913127288,0,2.960704936839837,-0.5144454979177181,0.003079331175517258
513,2001-05-28,0.32234199759986404,0,2.9665150743926367,0.3127870723949413,0.0013383392885492106
514,2001-05-29,0.3225822527005031,0,2.972325211945435,1.5645126046074977,0.00038047058287884485
515,2001-05-30,0.32282255661464615,0,2.978135349498234,0.8184355038945099,0.0007974630663568578
516,2001-05-31,0.3230629093422931,0,2.9839454870510336,0.40214981556491264,0.0012019141859877251
517,2001-06-01,0.323303310883444,0,2.9897556246038333,0.11805555832630771,0.0015871804798956609
518,2001-06-02,0.3235437612380988,0,2.995565762156631,0.03544277213923358,0.0017134713761652158
519,2001-06-03,0.3237842604062575,0,3.001375899709432,-0.47790109567493105,0.002845715666716139
520,2001-06-04,0.3240248083879202,0,3.007186037262231,0.623693170340696,0.0009400423390806661
521,2001-06-05,0.3242654051830868,0,3.01299617481503,-2.469523084214997,0.02060090809386658
522,2001-06-06,0.3245060507917573,0,3.0188063123678286,-1.1491237552468108,0.00546784758741543
523,2001-06-07,0.32474674521393176,0,3.0246164499206283,-0.5009707860619812,0.0028424923170696104
524,2001-06-08,0.3249874884496101,0,3.0304265874734275,0.014759478369082018,0.001686912775882268
525,2001-06-09,0.32522828049879243,0,3.036236725026226,-0.3910505790833067,0.002515972041240428
526,2001-06-10,0.32546912136147865,0,3.0420468625790256,-0.38841957796989257,0.0024942229725818986
527,2001-06-11,0.32571001103766883,0,3.047857000131825,1.0501419569318036,0.000588231138717306
528,2001-06-12,0.3259509495273629,0,3.0536671376846245,-0.0320693872145131,0.0017255139581094402
529,2001-06-13,0.3261919368305609,0,3.0594772752374233,-0.047733865570539144,0.0017421819229107218
530,2001-06-14,0.3264329729472628,0,3.065287412790222,-0.2773429491021056,0.0021786299505791055
531,2001-06-15,0.3266740578774687,0,3.0710975503430222,-0.4721362680044403,0.0026311955183462
532,2001-06-16,0.3269151916211785,0,3.0769076878958215,-0.18532963669329794,0.0019632090602583717
533,2001-06-17,0.3271563741783922,0,3.08271782544862,0.19542022575987147,0.001333462879619506
534,2001-06-18,0.3273976055491099,0,3.0885279630014195,1.4883829370954853,0.00036376950031773934
535,2001-06-19,0.32763888573333144,0,3.0943381005542197,0.3248435669915089,0.0011574891109582667
536,2001-06-20,0.32788021473105694,0,3.100148238107018,-1.1881423234133413,0.005223603677649436
537,2001-06-21,0.32812159254228634,0,3.105958375659817,-0.14941428223984765,0.0018375037021371467
538,2001-06-22,0.3283630191670197,0,3.111768513212616,-0.3033289151052661,0.0021303175125976757
539,2001-06-23,0.32860449460525704,0,3.1175786507654157,-1.3596970392749934,0.006089631353106241
540,2001-06-24,0.3288460188569982,0,3.123388788318214,-2.1380173493575767,0.013182051836806673
541,2001-06-25,0.32908759192224335,0,3.129198925871014,0.4009370988317665,0.0010344294681308164
542,2001-06-26,0.32932921380099245,0,3.135009063423813,0.7068423887663373,0.0007572157851263214
543,2001-06-27,0.32957088449324545,0,3.1408192009766123,0.7926077847280871,0.0006907866782889611
544,2001-06-28,0.32981260399900236,0,3.1466293385294106,-0.23342308189565422,0.0019156457885871668
545,2001-06-29,0.3300543723182632,0,3.1524394760822108,0.8597453137817032,0.0006381604684291916
546,2001-06-30,0.33029618945102796,0,3.15824961363501,0.3662805351447144,0.0010389881580501813
547,2001-07-01,0.33053805539729664,0,3.164059751187809,0.7264231606096208,0.0007204009734910133
548,2001-07-02,0.3307799701570693,0,3.169869888740609,0.01793845518946862,0.0014542427795760956
549,2001-07-03,0.33102193373034583,0,3.1756800262934077,-2.285479911924125,0.014466731076688092
550,2001-07-04,0.33126394611712634,0,3.1814901638462065,-1.4788451276015633,0.006418373074961648
551,2001-07-05,0.33150600731741076,0,3.1873003013990058,-1.3531999412493763,0.005626385817860188
552,2001-07-06,0.3317481173311991,0,3.1931104389518055,-0.028945528284992788,0.001487594855541196
553,2001-07-07,0.33199027615849136,0,3.1989205765046043,-1.717432471456063,0.008001229934110244
554,2001-07-08,0.33223248379928755,0,3.2047307140574026,-1.152909257165728,0.004522295469385786
555,2001-07-09,0.3324747402535877,0,3.210540851610203,0.9410308109846885,0.0005537883250390555
556,2001-07-10,0.3327170455213917,0,3.216350989163002,-1.0285269311427765,0.003945329796036341
557,2001-07-11,0.3329593996026997,0,3.2221611267158012,0.0655358098055497,0.0013131348801110247
558,2001-07-12,0.33320180249751163,0,3.2279712642686,0.4104702904373708,0.0009244376203438925
559,2001-07-13,0.33344425420582746,0,3.2337814018213997,-1.168930355664674,0.00445834826145031
560,2001-07-14,0.3336867547276472,0,3.2395915393741985,-1.9144076259104312,0.00933903553042944
561,2001-07-15,0.33392930406297083,0,3.245401676926998,0.07323556915795458,0.0012718939676601747
562,2001-07-16,0.3341719022117985,0,3.2512118144797975,0.7496881329926113,0.000642750794430188
563,2001-07-17,0.33441454917413,0,3.257021952032597,0.08613830019665784,0.0012404805581438037
564,2001-07-18,0.33465724494996546,0,3.262832089585395,-1.7372349271910923,0.007635582624789851
565,2001-07-19,0.3348999895393049,0,3.268642227138194,0.15493377744088263,0.0011440763825765448
566,2001-07-20,0.33514278294214817,0,3.2744523646909927,-0.30609983908930544,0.0018032279137274996
567,2001-07-21,0.33538562515849546,0,3.2802625022437923,0.9019408172314438,0.0005355209370103302
568,2001-07-22,0.3356285161883466,0,3.286072639796592,0.832378766419909,0.0005706345626490552
569,2001-07-23,0.3358714560317017,0,3.291882777349391,-0.4217058784468539,0.0019877936357655256
570,2001-07-24,0.3361144446885608,0,3.297692914902189,-2.2510282924480673,0.012308555450801756
571,2001-07-25,0.3363574821589237,0,3.303503052454989,-1.6857241107839687,0.006951359340435687
572,2001-07-26,0.3366005684427906,0,3.309313190007788,0.7957061561774621,0.0005777891543078725
573,2001-07-27,0.3368437035401614,0,3.315123327560588,-0.342584529326931,0.0017926431504066346
574,2001-07-28,0.3370868874510361,0,3.320933465113387,0.3684669074039213,0.0008751030683734126
575,2001-07-29,0.3373301201754148,0,3.326743602666186,-0.0974300397855992,0.0013860111836928185
576,2001-07-30,0.3375734017132974,0,3.3325537402189855,0.6388734982861553,0.0006597284372244731
577,2001-07-31,0.33781673206468393,0,3.338363877771785,1.061386683404725,0.0004297749237781131
578,2001-08-01,0.33806011122957436,0,3.3441740153245836,-0.7735867699762972,0.0026762760543143833
579,2001-08-02,0.33830353920796874,0,3.349984152877383,-0.6960154376005592,0.0024615750230668784
580,2001-08-03,0.33854701599986703,0,3.3557942904301825,-0.412356439986962,0.0018424363267123527
581,2001-08-04,0.33879054160526934,0,3.361604427982981,-1.8103069702751537,0.007411150226578098
582,2001-08-05,0.33903411602417544,0,3.36741456553578,1.530826797754252,0.00026074774677006834
583,2001-08-06,0.33927773925658555,0,3.37322470308858,-0.03325109321053003,0.0012384025756835121
584,2001-08-07,0.3395214113024996,0,3.379034840641379,-0.07198203779941431,0.0012795384649985542
585,2001-08-08,0.3397651321619175,0,3.3848449781941783,0.06865297829575487,0.0011049615789472608
586,2001-08-09,0.34000890183483934,0,3.3906551157469766,1.1655695952631564,0.00036671879161721273
587,2001-08-10,0.3402527203212652,0,3.396465253299777,-0.24849596230685367,0.0014990800823150943
588,2001-08-11,0.34049658762119484,0,3.402275390852576,-0.47948292569725703,0.0018772061856074953
589,2001-08-12,0.3407405037346285,0,3.408085528405375,-0.8414566713006933,0.0026796985101831742
590,2001-08-13,0.34098446866156606,0,3.4138956659581745,-0.1343462492637966,0.0013132956843308209
591,2001-08-14,0.34122848240200765,0,3.4197058035109738,-0.7572496715236633,0.0024336423350825114
592,2001-08-15,0.34147254495595303,0,3.4255159410637726,0.1633898013469149,0.0009633826110306464
593,2001-08-16,0.3417166563234024,0,3.431326078616572,-0.9398054337410057,0.002885898678021238
594,2001-08-17,0.3419608165043557,0,3.437136216169371,0.5563441573532294,0.0006425134444656279
595,2001-08-18,0.34220502549881293,0,3.4429463537221703,-1.4621703172721743,0.004807093266188799
596,2001-08-19,0.34244928330677404,0,3.4487564912749695,-0.1642544408852212,0.0013048946625145185
597,2001-08-20,0.3426935899282391,0,3.4545666288277683,0.6566366768715465,0.00057073901361244
598,2001-08-21,0.3429379453632081,0,3.4603767663805676,-0.801201042986323,0.002437468459408115
599,2001-08-22,0.34318234961168104,0,3.466186903933367,-0.8275853376370235,0.002487528723017295
600,2001-08-23,0.3434268026736579,0,3.4719970414861665,-0.5748290428016427,0.0019202950603062932
601,2001-08-24,0.34367130454913863,0,3.4778071790389657,-0.02075158454774415,0.0010967450566617249
602,2001-08-25,0.3439158552381234,0,3.4836173165917645,-1.1488895239887869,0.0033683735609217878
603,2001-08-26,0.34416045474061197,0,3.489427454144564,1.7503906602855166,0.00018435262478751273
604,2001-08-27,0.34440510305660454,0,3.495237591697363,1.1864183177078813,0.0003220696799048322
605,2001-08-28,0.34464980018610103,0,3.5010477292501623,-0.4701472413343794,0.0016778670349886413
606,2001-08-29,0.3448945461291014,0,3.506857866802961,0.759823715570478,0.0004874817253692379
607,2001-08-30,0.3451393408856058,0,3.5126680043557608,-0.28299434901579507,0.0013747345481748628
608,2001-08-31,0.3453841844556141,0,3.51847814190856,-0.6559941798838604,0.0019841795551458733
609,2001-09-01,0.34562907683912625,0,3.5242882794613597,1.2421284950064577,0.0002955337609307583
610,2001-09-02,0.34587401803614237,0,3.530098417014158,-1.4685564611061612,0.004417869997365527
611,2001-09-03,0.34611900804666246,0,3.5359085545669573,0.8450670529706095,0.0004342994687171079
612,2001-09-04,0.34636404687068645,0,3.541718692119757,-0.5841904710889145,0.001802512247587677
613,2001-09-05,0.34660913450821434,0,3.547528829672556,-0.5300023685357428,0.001697129097289418
614,2001-09-06,0.34685427095924615,0,3.553338967225355,1.48760980966624,0.0002243092957316242
615,2001-09-07,0.3470994562237819,0,3.5591491047781547,-0.5882548173256583,0.001777272541590948
616,2001-09-08,0.3473446903018216,0,3.5649592423309544,-1.400261907151702,0.003979004360619243
617,2001-09-09,0.3475899731933652,0,3.570769379883753,3.057324333627728,4.5839457839975926e-05
618,2001-09-10,0.34783530489841274,0,3.576579517436552,0.32554003066879694,0.0006998556355265444
619,2001-09-11,0.34808068541696424,0,3.5823896549893517,0.38512974143166573,0.0006553889328209658
620,2001-09-12,0.34832611474901964,0,3.588199792542151,0.3440415639850181,0.0006787558300065737
621,2001-09-13,0.34857159289457895,0,3.594009930094949,-1.1093150175315099,0.0028858143987193214
622,2001-09-14,0.3488171198536422,0,3.5998200676477485,0.3420575127692044,0.0006719166039419831
623,2001-09-15,0.3490626956262094,0,3.6056302052005478,-0.5768871234870248,0.001674086888590981
624,2001-09-16,0.34930832021228053,0,3.611440342753347,1.1327412206769099,0.0003010688716887701
625,2001-09-17,0.3495539936118556,0,3.6172504803061463,0.4991662044715524,0.0005638894679198498
626,2001-09-18,0.3497997158249345,0,3.623060617858946,0.8601619826934671,0.0003906478893220454
627,2001-09-19,0.3500454868515174,0,3.628870755411745,-0.04274332277697603,0.0009578163061291739
628,2001-09-20,0.35029130669160424,0,3.6346808929645444,-0.07517714681349824,0.0009834176266148907
629,2001-09-21,0.35053717534519496,0,3.6404910305173437,-0.16357696712092237,0.0010678234459505752
630,2001-09-22,0.3507830928122896,0,3.646301168070142,-0.6269799081061379,0.0016870295168427045
631,2001-09-23,0.35102905909288823,0,3.652111305622942,1.6465057996728354,0.00017263555732511702
632,2001-09-24,0.3512750741869908,0,3.6579214431757405,-0.11327544194077944,0.0009971566274743493
633,2001-09-25,0.3515211380945972,0,3.6637315807285407,1.338448049793088,0.0002320906813532998
634,2001-09-26,0.3517672508157076,0,3.6695417182813386,0.34579096152933003,0.0006224908946660249
635,2001-09-27,0.3520134123503219,0,3.675351855834139,0.5666369283637634,0.0004961244166388453
636,2001-09-28,0.35225962269844013,0,3.681161993386937,-1.7598272197105103,0.005050459637432086
637,2001-09-29,0.35250588186006226,0,3.6869721309397363,-1.255969280622589,0.0030330384949284607
638,2001-09-30,0.35275218983518836,0,3.692782268492536,0.9993279716932706,0.0003160708830224885
639,2001-10-01,0.35299854662381835,0,3.6985924060453352,0.04016819801551407,0.0008198076840712787
640,2001-10-02,0.3532449522259523,0,3.704402543598135,0.5084739889157303,0.0005101513503456767
641,2001-10-03,0.3534914066415902,0,3.7102126811509337,0.2353336688215622,0.0006663340858702059
642,2001-10-04,0.353737909870732,0,3.716022818703733,-0.8545048716935619,0.0019695750246546883
643,2001-10-05,0.35398446191337773,0,3.721832956256532,0.5567761325428703,0.0004773430339194597
644,2001-10-06,0.35423106276952737,0,3.727643093809331,-1.1448065667315943,0.0026012863247865726
645,2001-10-07,0.35447771243918097,0,3.7334532313621303,-0.052458705122602096,0.0008672755038447901
646,2001-10-08,0.3547244109223384,0,3.739263368914929,0.5546472594825562,0.00046974683117223477
647,2001-10-09,0.35497115821899994,0,3.7450735064677287,-0.17891748648332526,0.0009723363207472217
648,2001-10-10,0.35521795432916525,0,3.7508836440205284,-0.20351035667568593,0.0009905275600585023
649,2001-10-11,0.3554647992528346,0,3.756693781573327,0.3966926017937189,0.0005402206942901034
650,2001-10-12,0.35571169299000777,0,3.762503919126126,1.0450830043467831,0.00028076845198323554
651,2001-10-13,0.3559586355406849,0,3.7683140566789257,-1.6724286340868464,0.00422588875415669
652,2001-10-14,0.356205626904866,0,3.774124194231724,0.5684662125584626,0.00044676507542260215
653,2001-10-15,0.35645266708255097,0,3.7799343317845233,-0.3699160738183416,0.0011349660377345794
654,2001-10-16,0.35669975607373994,0,3.785744469337323,0.9496202174494699,0.000301498333550175
655,2001-10-17,0.35694689387843276,0,3.7915546068901222,-0.019298374799341243,0.0007896784251718738
656,2001-10-18,0.35719408049662954,0,3.797364744442922,0.13989924668313164,0.000669392684445727
657,2001-10-19,0.3574413159283303,0,3.803174881995721,-1.3467312986949462,0.00294229165910912
658,2001-10-20,0.3576886001735349,0,3.8089850195485195,-1.1997471740993806,0.00252476302594192
659,2001-10-21,0.35793593323224343,0,3.814795157101319,-1.1361355372777524,0.0023548525164069738
660,2001-10-22,0.35818331510445595,0,3.8206052946541176,-2.0821297489924304,0.006027997054136429
661,2001-10-23,0.35843074579017237,0,3.8264154322069177,-1.6527919548642416,0.003900167222189001
662,2001-10-24,0.35867822528939275,0,3.832225569759716,0.6833840352027949,0.0003748556811252421
663,2001-10-25,0.358925753602117,0,3.838035707312516,-0.23492465487581873,0.0009333610708084365
664,2001-10-26,0.3591733307283452,0,3.8438458448653154,0.9204027069243056,0.0002921908104490032
665,2001-10-27,0.35942095666807733,0,3.849655982418114,0.9373798982717969,0.00028553713607576555
666,2001-10-28,0.35966863142131333,0,3.855466119970913,0.6217408534845387,0.0003891455067185295
667,2001-10-29,0.3599163549880533,0,3.8612762575237127,-1.6808693707953999,0.0038680496403978013
668,2001-10-30,0.3601641273682973,0,3.8670863950765115,0.6612177469029817,0.0003695775743504434
669,2001-10-31,0.36041194856204506,0,3.8728965326293103,0.6245074789793196,0.00038108138896538434
670,2001-11-01,0.36065981856929685,0,3.8787066701821105,1.1899166677183866,0.00021519525425927707
671,2001-11-02,0.36090773739005255,0,3.8845168077349097,-0.6829619870762375,0.0013918184016052874
672,2001-11-03,0.36115570502431216,0,3.8903269452877085,-0.65312650574549,0.0013427469901804163
673,2001-11-04,0.3614037214720757,0,3.8961370828405073,0.4297666495194309,0.0004519273686006282
674,2001-11-05,0.3616517867333432,0,3.901947220393307,-0.17327197118189824,0.0008209825838343615
675,2001-11-06,0.36189990080811457,0,3.9077573579461062,1.0806012502110913,0.000232890974359004
676,2001-11-07,0.3621480636963899,0,3.913567495498905,-2.8927942957244017,0.012306805343843413
677,2001-11-08,0.36239627539816915,0,3.9193776330517047,-0.7614013315546301,0.001451650341753523
678,2001-11-09,0.36264453591345236,0,3.9251877706045035,1.9751378403182729,9.349040259463623e-05
679,2001-11-10,0.3628928452422394,0,3.9309979081573028,1.1059341189648249,0.00022162883305015251
680,2001-11-11,0.3631412033845305,0,3.936808045710102,1.1131983561911714,0.0002186957132698964
681,2001-11-12,0.36338961034032546,0,3.9426181832629013,-0.0055249937259191076,0.0006653718996561492
682,2001-11-13,0.36363806610962435,0,3.9484283208156996,-1.2994716148991465,0.0024120545165013476
683,2001-11-14,0.36388657069242714,0,3.9542384583684997,1.6839224581652146,0.0001213624405194435
684,2001-11-15,0.36413512408873394,0,3.9600485959212994,1.2823724185974865,0.0001802370255390041
685,2001-11-16,0.36438372629854454,0,3.9658587334740987,-0.343690223744448,0.0009107575227339587
686,2001-11-17,0.36463237732185916,0,3.971668871026898,-1.1573831196709223,0.0020424611446742237
687,2001-11-18,0.3648810771586777,0,3.9774790085796967,-0.6089170096298758,0.0011730774288294555
688,2001-11-19,0.36512982580900016,0,3.983289146132496,-1.0021832207046946,0.001727780957423573
689,2001-11-20,0.36537862327282655,0,3.9890992836852943,-0.5110085216971532,0.001050855156619082
690,2001-11-21,0.3656274695501568,0,3.994909421238094,-1.9716117648223004,0.00450032009679529
691,2001-11-22,0.36587636464099105,0,4.000719558790893,0.9927447684486691,0.00023078539204583292
692,2001-11-23,0.3661253085453292,0,4.0065296963436925,1.2116984588742195,0.0001842835249387466
693,2001-11-24,0.3663743012631713,0,4.012339833896492,-0.7422692876708331,0.0012925652443897177
694,2001-11-25,0.36662334279451736,0,4.018149971449291,1.0985466703948945,0.0002038753845566968
695,2001-11-26,0.3668724331393673,0,4.023960109002089,-1.2948213333496923,0.0022190128704400853
696,2001-11-27,0.3671215722977212,0,4.029770246554889,-2.301056652687339,0.006032964328241575
697,2001-11-28,0.36737076026957893,0,4.035580384107687,2.6518131412266124,4.2354075329640374e-05
698,2001-11-29,0.3676199970549407,0,4.041390521660488,0.1240112779153964,0.0005273197681348829
699,2001-11-30,0.36786928265380636,0,4.047200659213286,0.9103958288201489,0.00023873715124277884
700,2001-12-01,0.36811861706617593,0,4.0530107967660856,0.5451700448192729,0.0003419038212731806
701,2001-12-02,0.3683680002920494,0,4.058820934318886,0.7899648134412052,0.00026604758500093945
702,2001-12-03,0.36861743233142685,0,4.064631071871684,0.19933937872223195,0.00047734573940597786
703,2001-12-04,0.36886691318430825,0,4.070441209424484,-0.13999493459909218,0.0006661505818155381
704,2001-12-05,0.36911644285069356,0,4.0762513469772825,-0.11306590547494637,0.0006445336599452294
705,2001-12-06,0.36936602133058277,0,4.082061484530082,-0.30959276414086334,0.0007797662459548404
706,2001-12-07,0.3696156486239759,0,4.087871622082882,-0.05718470019215383,0.000602161909196319
707,2001-12-08,0.36986532473087297,0,4.09368175963568,-0.9376617588447066,0.0014436697759632991
708,2001-12-09,0.37011504965127395,0,4.0994918971884795,-0.5633100383721368,0.0009868637875237157
709,2001-12-10,0.3703648233851789,0,4.105302034741279,0.8932634265562456,0.0002285828318182616
710,2001-12-11,0.37061464593258775,0,4.111112172294078,-0.4401112949020242,0.0008619639155625088
711,2001-12-12,0.37086451729350056,0,4.116922309846878,-0.9051128929511011,0.001363970209505562
712,2001-12-13,0.3711144374679173,0,4.1227324473996765,-0.3245664823505071,0.0007586560626447523
713,2001-12-14,0.3713644064558379,0,4.128542584952474,0.2832881784679008,0.00041060585411156633
714,2001-12-15,0.37161442425726243,0,4.134352722505274,-0.7979246240948342,0.0012032558971003598
715,2001-12-16,0.371864490872191,0,4.140162860058073,1.5667289421131356,0.00011240097803180722
716,2001-12-17,0.3721146063006234,0,4.145972997610873,1.119459912299696,0.00017473690026825596
717,2001-12-18,0.37236477054255973,0,4.151783135163673,-0.9685796040785339,0.001401447107803935
718,2001-12-19,0.37261498359800005,0,4.157593272716471,1.2332287289367307,0.00015406767386420836
719,2001-12-20,0.3728652454669442,0,4.163403410269272,-0.8880716348561972,0.001277463705281497
720,2001-12-21,0.37311555614939235,0,4.16921354782207,-0.5450846726117485,0.0009010714006347166
721,2001-12-22,0.3733659156453444,0,4.175023685374869,0.6085290413293736,0.00028256547381962294
722,2001-12-23,0.3736163239548004,0,4.180833822927669,-0.8667895682515994,0.0012280322286416182
723,2001-12-24,0.3738667810777603,0,4.186643960480469,-0.5661906743559193,0.0009037103182393765
724,2001-12-25,0.37411728701422414,0,4.1924540980332665,-0.27645274839703166,0.0006723037821622156
725,2001-12-26,0.3743678417641919,0,4.198264235586067,-2.1420405045188624,0.004316660539269569
726,2001-12-27,0.3746184453276636,0,4.204074373138864,1.171516265941697,0.00015611920458547223
727,2001-12-28,0.3748690977046392,0,4.209884510691664,0.07346987364431891,0.0004652642155832639
728,2001-12-29,0.37511979889511876,0,4.215694648244464,-0.2382548457291372,0.0006316082411855966
729,2001-12-30,0.37537054889910226,0,4.221504785797263,0.33150815046372634,0.000355116337357324
730,2001-12-31,0.3756213477165896,0,4.227314923350063,-0.8625748943937669,0.0011649897353968686
731,2002-01-01,0.375872195347581,0,4.233125060902862,0.2728551635723185,0.0003720307499426176
732,2002-01-02,0.37612309179207626,0,4.238935198455661,-1.9571881984465724,0.0034390785118297252
733,2002-01-03,0.37637403705007544,0,4.24474533600846,-0.4519913581289174,0.0007587716812210521
734,2002-01-04,0.3766250311215785,0,4.250555473561259,-0.18877189707614203,0.00057964759509083
735,2002-01-05,0.37687607400658557,0,4.256365611114057,-1.9889746871859844,0.003486180258054996
736,2002-01-06,0.3771271657050965,0,4.262175748666858,-0.27168340202323515,0.0006221675437857091
737,2002-01-07,0.37737830621711144,0,4.267985886219656,0.1449346345356549,0.00040769938641934154
738,2002-01-08,0.37762949554263026,0,4.273796023772455,0.3560055945544623,0.00032812604494863616
739,2002-01-09,0.377880733681653,0,4.279606161325254,0.5748718521091208,0.00026203293047523835
740,2002-01-10,0.37813202063417967,0,4.2854162988780535,0.03482101003079851,0.00044695575261374446
741,2002-01-11,0.37838335640021026,0,4.291226436430853,0.0004397643931265715,0.00045979437312271
742,2002-01-12,0.3786347409797448,0,4.297036573983651,0.16120461315795429,0.0003891453809293721
743,2002-01-13,0.37888617437278327,0,4.302846711536453,-1.3980431988168867,0.0018392979791376119
744,2002-01-14,0.37913765657932563,0,4.308656849089251,-1.017047078722375,0.001248978760615788
745,2002-01-15,0.37938918759937196,0,4.31446698664205,-1.089370836372484,0.0013345422043662604
746,2002-01-16,0.3796407674329222,0,4.320277124194848,0.7507614019442644,0.00021063981528052195
747,2002-01-17,0.3798923960799764,0,4.32608726174765,0.16211828763354233,0.00037718319068108416
748,2002-01-18,0.3801440735405345,0,4.3318973993004475,0.623900443904787,0.0002362491610059459
749,2002-01-19,0.3803957998145965,0,4.337707536853248,0.8504647031701308,0.00018721559963922815
750,2002-01-20,0.38064757490216244,0,4.343517674406048,0.7902112663453433,0.00019764103211526528
751,2002-01-21,0.3808993988032323,0,4.3493278119588465,0.11072686472470192,0.0003875616203189429
752,2002-01-22,0.38115127151780615,0,4.355137949511645,1.0779074760765153,0.00014644240843907503
753,2002-01-23,0.3814031930458839,0,4.360948087064444,-0.02202511531051733,0.00043724897382670466
754,2002-01-24,0.3816551633874655,0,4.366758224617243,-0.4660465927744587,0.0006775356264826073
755,2002-01-25,0.38190718254255107,0,4.372568362170042,0.5439211497235321,0.00024528780548717036
756,2002-01-26,0.38215925051114064,0,4.378378499722842,-1.1046864995992616,0.0012677230308146988
757,2002-01-27,0.3824113672932341,0,4.384188637275642,-0.7237213647426549,0.0008608758420434691
758,2002-01-28,0.3826635328888314,0,4.389998774828441,1.7275666957343367,7.37440215617141e-05
759,2002-01-29,0.3829157472979327,0,4.39580891238124,0.0500572524882273,0.00039230791137136954
760,2002-01-30,0.38316801052053795,0,4.401619049934038,0.03450500855150918,0.00039604857299456155
761,2002-01-31,0.3834203225566471,0,4.407429187486837,-0.9303037474305135,0.001033062705088949
762,2002-02-01,0.38367268340626015,0,4.413239325039638,0.888980112004567,0.00016649026035868178
763,2002-02-02,0.38392509306937717,0,4.419049462592436,1.6954618328345525,7.387633475549856e-05
764,2002-02-03,0.3841775515459981,0,4.424859600145235,-0.013627509189153961,0.00040562102564702595
765,2002-02-04,0.38443005883612297,0,4.430669737698035,-0.2761920072700508,0.0005242250844415491
766,2002-02-05,0.38468261493975175,0,4.436479875250833,0.055346858479960855,0.0003740238566241128
767,2002-02-06,0.38493521985688445,0,4.442290012803633,1.0460079680685934,0.0001380472104118638
768,2002-02-07,0.3851878735875211,0,4.448100150356432,0.10164198173995573,0.00035279915398632775
769,2002-02-08,0.38544057613166166,0,4.45391028790923,0.5601633428884806,0.00022169769616412025
770,2002-02-09,0.3856933274893062,0,4.45972042546203,-0.320779869230959,0.0005317614827414597
771,2002-02-10,0.3859461276604546,0,4.465530563014829,-0.5926648156074829,0.0006936843685877438
772,2002-02-11,0.38619897664510694,0,4.471340700567629,-0.392029426311626,0.0005641491579109421
773,2002-02-12,0.38645187444326323,0,4.477150838120427,-0.03543148976003922,0.00039254756280900235
774,2002-02-13,0.38670482105492343,0,4.482960975673226,-0.3111609986296193,0.000514051848901597
775,2002-02-14,0.38695781648008754,0,4.4887711132260275,-2.608941648582597,0.005084955975326157
776,2002-02-15,0.38721086071875566,0,4.494581250778826,0.5112193509142271,0.00022314403713870627
777,2002-02-16,0.38746395377092757,0,4.500391388331624,-1.4783202629997447,0.001621803130405385
778,2002-02-17,0.3877170956366035,0,4.506201525884424,-0.8066068562805377,0.0008234618044503601
779,2002-02-18,0.38797028631578334,0,4.512011663437222,0.7732463301000635,0.00016861207327043803
780,2002-02-19,0.38822352580846714,0,4.5178218009900215,1.5120724502513545,8.005478035434824e-05
781,2002-02-20,0.38847681411465484,0,4.523631938542822,1.3049824698685113,9.787955667461499e-05
782,2002-02-21,0.38873015123434645,0,4.52944207609562,-0.03303701286509941,0.0003708114518376546
783,2002-02-22,0.388983537167542,0,4.53525221364842,1.2012711029950105,0.00010726710990574043
784,2002-02-23,0.3892369719142415,0,4.5410623512012185,-0.08360442834501768,0.0003853430733271374
785,2002-02-24,0.3894904554744449,0,4.546872488754017,-1.0856548514956803,0.001043275789053222
786,2002-02-25,0.38974398784815223,0,4.552682626306818,-1.2685169909682585,0.0012450354826697356
787,2002-02-26,0.3899975690353635,0,4.558492763859615,-0.7747271673032271,0.0007552627985426163
788,2002-02-27,0.39025119903607863,0,4.564302901412416,-0.6026986602215136,0.0006320531518182115
789,2002-02-28,0.3905048778502978,0,4.570113038965216,-0.3795253671996912,0.0005025707279660961
790,2002-03-01,0.3907586054780208,0,4.575923176518013,-1.1476341530130652,0.0010768348285203116
791,2002-03-02,0.3910123819192478,0,4.581733314070813,0.08269308929504124,0.00031274562064983563
792,2002-03-03,0.3912662071739787,0,4.5875434516236115,1.0225684041197773,0.00012144371068637718
793,2002-03-04,0.3915200812422135,0,4.59335358917641,-1.4790517091408455,0.0014729271679535898
794,2002-03-05,0.39177400412395225,0,4.599163726729211,1.901051388103498,4.984109342084672e-05
795,2002-03-06,0.39202797581919496,0,4.60497386428201,-0.8733177238349124,0.0007940487168105074
796,2002-03-07,0.3922819963279416,0,4.6107840018348085,-0.08186013218192777,0.00035767439659652905
797,2002-03-08,0.3925360656501921,0,4.616594139387608,1.1718949169814128,0.0001014741219478852
798,2002-03-09,0.39279018378594655,0,4.622404276940406,-0.010934881367524895,0.00032916836001947757
799,2002-03-10,0.39304435073520494,0,4.628214414493206,-0.32742538802757715,0.00044898772759353943
800,2002-03-11,0.39329856649796724,0,4.634024552046006,0.7319554825498447,0.0001547096803680679
801,2002-03-12,0.3935528310742335,0,4.639834689598804,-0.5514491801998266,0.0005549569767334835
802,2002-03-13,0.39380714446400367,0,4.645644827151606,-0.7521337125337318,0.0006741891251971377
803,2002-03-14,0.3940615066672778,0,4.651454964704403,-1.0613605771141073,0.000912942626110187
804,2002-03-15,0.39431591768405583,0,4.6572651022572025,0.675133303618425,0.00015983061660542838
805,2002-03-16,0.39457037751433777,0,4.663075239810002,0.9138903300813916,0.00012512246584083626
806,2002-03-17,0.3948248861581236,0,4.668885377362801,1.7775171850937297,5.243642498845034e-05
807,2002-03-18,0.3950794436154135,0,4.674695514915601,0.5034791244482039,0.00018634035158929612
808,2002-03-19,0.3953340498862072,0,4.6805056524684,0.0069195558064992935,0.000304316924648185
809,2002-03-20,0.3955887049705048,0,4.686315790021198,-0.30130720579205805,0.00041167394591246173
810,2002-03-21,0.39584340886830643,0,4.692125927573998,-0.09710763991753757,0.0003336081949200594
811,2002-03-22,0.396098161579612,0,4.697936065126798,0.19347862842651484,0.0002479720595424688
812,2002-03-23,0.39635296310442136,0,4.7037462026795955,0.5767333491214476,0.0001680054495895627
813,2002-03-24,0.3966078134427347,0,4.709556340232396,-0.9459303291303981,0.0007655504421204832
814,2002-03-25,0.396862712594552,0,4.715366477785195,-0.31130298742968326,0.0004033895534248643
815,2002-03-26,0.39711766055987324,0,4.721176615337994,-0.517311351236712,0.0004926731671085142
816,2002-03-27,0.3973726573386984,0,4.726986752890793,0.0556669627134395,0.00027611088958126183
817,2002-03-28,0.3976277029310275,0,4.732796890443592,0.18963539158362316,0.0002400312076725414
818,2002-03-29,0.3978827973368605,0,4.738607027996391,-2.4551184595947437,0.0033591981077874962
819,2002-03-30,0.39813794055619744,0,4.74441716554919,0.4973132710766075,0.00017433183045344853
820,2002-03-31,0.3983931325890383,0,4.750227303101989,-0.5050130086776304,0.00047211448295191694
821,2002-04-01,0.39864837343538306,0,4.756037440654789,0.38610065395248794,0.0001924896649611538
822,2002-04-02,0.3989036630952318,0,4.761847578207588,-0.4650200469878071,0.0004481364390505471
823,2002-04-03,0.3991590015685844,0,4.767657715760385,0.1196972140379197,0.00024821988848656155
824,2002-04-04,0.399414388855441,0,4.7734678533131865,0.5227510465256322,0.0001648763242951667
825,2002-04-05,0.3996698249558015,0,4.779277990865985,0.2540563252999821,0.00021439600394226494
826,2002-04-06,0.3999253098696659,0,4.785088128418785,-2.1770160803149476,0.0024231692597928645
827,2002-04-07,0.4001808435970343,0,4.790898265971584,0.3670355390994865,0.000189182902112057
828,2002-04-08,0.4004364261379066,0,4.7967084035243825,0.33286744009777663,0.0001945747994341811
829,2002-04-09,0.40069205749228276,0,4.802518541077182,-0.4958680290988437,0.0004429630519297874
830,2002-04-10,0.4009477376601629,0,4.808328678629982,0.09411435623760529,0.00024406587278497864
831,2002-04-11,0.401203466641547,0,4.814138816182781,0.38203832031712276,0.00018189840713599644
832,2002-04-12,0.401459244436435,0,4.81994895373558,-1.800801115869561,0.0016039455629070303
833,2002-04-13,0.4017150710448269,0,4.825759091288381,0.46278970318035767,0.00016576399606278548
834,2002-04-14,0.4019709464667227,0,4.831569228841179,-0.14300857058404612,0.0003019608360741813
835,2002-04-15,0.4022268707021225,0,4.837379366393978,0.2622548659174973,0.00020013013477010913
836,2002-04-16,0.4024828437510262,0,4.8431895039467765,0.10055642121566222,0.0002338313579241924
837,2002-04-17,0.40273886561343386,0,4.848999641499575,1.5006567630401326,5.7307623581172246e-05
838,2002-04-18,0.40299493628934535,0,4.854809779052375,-0.04743041369784284,0.0002678573680775919
839,2002-04-19,0.40325105577876086,0,4.860619916605174,-0.746071191411131,0.0005354080416381163
840,2002-04-20,0.40350722408168027,0,4.866430054157974,-1.3833493726924997,0.0010065068252896
841,2002-04-21,0.4037634411981036,0,4.872240191710773,-0.28739050908109526,0.0003343591812058556
842,2002-04-22,0.40401970712803087,0,4.878050329263571,-1.8731466076532288,0.0016227954103143853
843,2002-04-23,0.40427602187146205,0,4.883860466816372,-1.006253022502898,0.0006778631782813942
844,2002-04-24,0.4045323854283972,0,4.889670604369171,-0.21216351359646926,0.0003045360453307688
845,2002-04-25,0.40478879779883625,0,4.895480741921969,-1.217106800443531,0.0008268854663764909
846,2002-04-26,0.4050452589827792,0,4.901290879474769,0.15948629534326125,0.0002074740969733371
847,2002-04-27,0.4053017689802261,0,4.907101017027569,-1.7146874663430767,0.0013436077316513874
848,2002-04-28,0.40555832779117695,0,4.912911154580367,0.21852038326869477,0.00019322186073420145
849,2002-04-29,0.4058149354156317,0,4.918721292133166,1.314764118633212,6.416953630099657e-05
850,2002-04-30,0.4060715918535904,0,4.924531429685964,0.28219757475842266,0.00017911504976967063
851,2002-05-01,0.40632829710505297,0,4.930341567238764,-0.840083656846994,0.0005468872868918705
852,2002-05-02,0.40658505117001953,0,4.936151704791564,-0.9799709936692849,0.0006251947301964749
853,2002-05-03,0.40684185404848994,0,4.941961842344362,0.27220219464129114,0.00017765137116387188
854,2002-05-04,0.40709870574046436,0,4.947771979897162,1.1494406231346521,7.34435895948638e-05
855,2002-05-05,0.4073556062459427,0,4.953582117449962,-1.4083267932454022,0.000942200409950639
856,2002-05-06,0.4076125555649249,0,4.9593922550027605,0.09631078967117178,0.00020799485245381205
857,2002-05-07,0.4078695536974111,0,4.96520239255556,-0.0471294408074548,0.00023862336406999476
858,2002-05-08,0.4081266006434012,0,4.971012530108361,-0.8959270535594022,0.0005542505576461436
859,2002-05-09,0.40838369640289524,0,4.976822667661159,1.2020742059740546,6.759596972220688e-05
860,2002-05-10,0.4086408409758932,0,4.982632805213959,-0.24440258748294486,0.00028541888499084657
861,2002-05-11,0.4088980343623951,0,4.988442942766758,0.1819830839766874,0.00018521269561692268
862,2002-05-12,0.4091552765624009,0,4.994253080319556,-1.3384085573599165,0.0008420413584149635
863,2002-05-13,0.4094125675759106,0,5.000063217872356,-0.5169678032121724,0.00036808759862346277
864,2002-05-14,0.4096699074029243,0,5.0058733554251535,-0.6608337430331365,0.00042247041134308447
865,2002-05-15,0.4099272960434419,0,5.011683492977953,0.3053993216030181,0.0001597833477675888
866,2002-05-16,0.4101847334974634,0,5.017493630530754,-1.5298690008040767,0.0009952754854055835
867,2002-05-17,0.41044221976498885,0,5.023303768083551,-0.7053360052884009,0.00043372858108398353
868,2002-05-18,0.41069975484601823,0,5.029113905636351,-2.191123539346007,0.0019048124107776268
869,2002-05-19,0.4109573387405515,0,5.03492404318915,0.09259097317892606,0.00019293562358480397
870,2002-05-20,0.41121497144858876,0,5.040734180741949,-1.2761278172906725,0.0007537099384038017
871,2002-05-21,0.4114726529701299,0,5.04654431829475,0.6346184756527891,0.00011085172360184205
872,2002-05-22,0.411730383305175,0,5.052354455847549,0.8339585689129618,9.026822571003459e-05
873,2002-05-23,0.411988162453724,0,5.058164593400348,-0.6424096172672116,0.00039271564219848013
874,2002-05-24,0.4122459904157769,0,5.063974730953148,-0.1000202552924494,0.0002269270194886668
875,2002-05-25,0.4125038671913338,0,5.069784868505946,0.24838440575931292,0.0001591991271006512
876,2002-05-26,0.4127617927803946,0,5.075595006058745,1.324728040765331,5.3933083959928386e-05
877,2002-05-27,0.4130197671829593,0,5.081405143611544,0.7070375127654928,9.942131310719072e-05
878,2002-05-28,0.41327779039902796,0,5.087215281164343,-0.24927127603680488,0.00025713651645366264
879,2002-05-29,0.4135358624286005,0,5.093025418717142,-1.1588863229901902,0.0006347009694083602
880,2002-05-30,0.41379398327167705,0,5.098835556269941,0.05159700692152173,0.00018803016185351258
881,2002-05-31,0.4140521529282575,0,5.104645693822739,-0.27449005350220684,0.0002589464124531007
882,2002-06-01,0.4143103713983418,0,5.11045583137554,1.3718864293619573,4.9609199964184654e-05
883,2002-06-02,0.4145686386819301,0,5.116265968928337,-0.2961050824492875,0.0002614124443646621
884,2002-06-03,0.4148269547790223,0,5.122076106481138,-0.2180168836739017,0.00024031312349868152
885,2002-06-04,0.4150853196896185,0,5.127886244033939,0.4596571175216298,0.00012129192588820279
886,2002-06-05,0.41534373341371855,0,5.133696381586737,-0.2982912987757673,0.00025725816547016763
887,2002-06-06,0.41560219595132253,0,5.1395065191395375,-2.4248463114056387,0.002144295905152836
888,2002-06-07,0.4158607073024304,0,5.145316656692336,0.2527353709032751,0.000146483998453426
889,2002-06-08,0.4161192674670423,0,5.151126794245135,0.04604488108204221,0.0001790272428622558
890,2002-06-09,0.41637787644515806,0,5.156936931797934,-0.8701392510122307,0.00044481273553957114
891,2002-06-10,0.41663653423677777,0,5.162747069350734,1.5545719893213954,3.912937011711438e-05
892,2002-06-11,0.4168952408419014,0,5.168557206903532,0.41449285973477973,0.0001216178345318278
893,2002-06-12,0.41715399626052896,0,5.174367344456332,-0.6858192973530175,0.0003632629268450493
894,2002-06-13,0.41741280049266044,0,5.18017748200913,0.2187233115245254,0.0001461327328469401
895,2002-06-14,0.41767165353829583,0,5.18598761956193,0.5650470787262062,0.00010273188950572726
896,2002-06-15,0.4179305553974352,0,5.191797757114729,-1.336613199713874,0.0006838330569302196
897,2002-06-16,0.41818950607007843,0,5.197607894667528,-0.3416722769337112,0.000251314164537251
898,2002-06-17,0.41844850555622565,0,5.203418032220328,1.4196033068341047,4.292090860209263e-05
899,2002-06-18,0.41870755385587677,0,5.2092281697731275,-0.9094156970717192,0.0004380394195320681
900,2002-06-19,0.41896665096903185,0,5.215038307325926,0.5909053025753017,9.71172169336381e-05
901,2002-06-20,0.4192257968956908,0,5.220848444878725,0.20646141742885968,0.00014178236947347186
902,2002-06-21,0.41948499163585373,0,5.226658582431523,0.23326884539652581,0.00013719681659357048
903,2002-06-22,0.41974423518952053,0,5.232468719984324,0.27068485884333765,0.00013135861706160435
904,2002-06-23,0.42000352755669124,0,5.238278857537124,-0.24440739600209963,0.00021853669539016821
905,2002-06-24,0.42026286873736596,0,5.244088995089922,0.4496126122772567,0.00010851240038483956
906,2002-06-25,0.4205222587315446,0,5.249899132642722,-1.379050443493529,0.0006714623755470946
907,2002-06-26,0.4207816975392271,0,5.25570927019552,-1.4981222894407447,0.0007517924236922202
908,2002-06-27,0.42104118516041356,0,5.261519407748318,1.9089019428466294,2.4763391070716148e-05
909,2002-06-28,0.42130072159510396,0,5.267329545301118,0.6859794360454973,8.361469054487976e-05
910,2002-06-29,0.4215603068432983,0,5.273139682853918,-1.6197531173603303,0.0008337070315073733
911,2002-06-30,0.4218199409049965,0,5.278949820406717,-0.8525258196985821,0.00038474662094165827
912,2002-07-01,0.4220796237801987,0,5.2847599579595155,0.38672990483350433,0.00011074823203624919
913,2002-07-02,0.42233935546890483,0,5.290570095512314,0.9107394252473072,6.518178479478408e-05
914,2002-07-03,0.42259913597111487,0,5.296380233065116,0.6334765481868546,8.548774348314552e-05
915,2002-07-04,0.4228589652868288,0,5.3021903706179145,-2.0192557168874132,0.0012059649487359693
916,2002-07-05,0.42311884341604666,0,5.308000508170713,0.4927641016632425,9.7216988846558e-05
917,2002-07-06,0.4233787703587685,0,5.313810645723514,0.5069547296685477,9.526712482776982e-05
918,2002-07-07,0.42363874611499425,0,5.319620783276313,0.14318226374539564,0.00013623579056573423
919,2002-07-08,0.4238987706847239,0,5.325430920829111,-0.50556330794295,0.000259060739136212
920,2002-07-09,0.42415884406795756,0,5.331241058381911,-1.2882827842812166,0.00056324337302802
921,2002-07-10,0.42441896626469505,0,5.33705119593471,0.009571290358532224,0.00015290051471161922
922,2002-07-11,0.42467913727493645,0,5.342861333487508,0.41766334280915635,0.00010105097760229317
923,2002-07-12,0.42493935709868186,0,5.3486714710403085,-0.5374357680400154,0.0002610348365315174
924,2002-07-13,0.4251996257359312,0,5.354481608593106,0.31233489514711643,0.0001109203972708962
925,2002-07-14,0.4254599431866844,0,5.360291746145907,0.04377400720154393,0.00014421471065442115
926,2002-07-15,0.4257203094509415,0,5.366101883698705,-0.26201916504022144,0.00019461551684612813
927,2002-07-16,0.4259807245287026,0,5.371912021251503,-1.6016098832748569,0.000738444590458602
928,2002-07-17,0.42624118841996766,0,5.377722158804303,-0.742722142247725,0.00031093619390550677
929,2002-07-18,0.4265017011247366,0,5.383532296357104,0.645057526864009,7.71489066889208e-05
930,2002-07-19,0.4267622626430094,0,5.389342433909903,-1.3022359627165452,0.0005375168981785527
931,2002-07-20,0.42702287297478625,0,5.3951525714627016,0.27485028883855844,0.00011036611954233508
932,2002-07-21,0.427283532120067,0,5.400962709015501,1.83530125939484,2.3041142707680202e-05
933,2002-07-22,0.4275442400788516,0,5.4067728465683,-0.8399398575813063,0.0003324374435678582
934,2002-07-23,0.4278049968511402,0,5.412582984121099,-0.7804240507699405,0.0003113335986058536
935,2002-07-24,0.4280658024369327,0,5.418393121673898,-0.185233956375323,0.00017064817213113885
936,2002-07-25,0.42832665683622917,0,5.424203259226697,-0.12612817079292432,0.0001598805839951595
937,2002-07-26,0.42858756004902954,0,5.430013396779496,-0.248586564902318,0.00017961479677974885
938,2002-07-27,0.4288485120753338,0,5.435823534332294,0.3621515597153416,9.693157582206596e-05
939,2002-07-28,0.429109512915142,0,5.441633671885094,-0.4134960719891704,0.00020926090422524623
940,2002-07-29,0.4293705625684541,0,5.447443809437893,1.5403889119824465,2.947745246339104e-05
941,2002-07-30,0.4296316610352702,0,5.453253946990691,1.9143543791780042,2.015775231370659e-05
942,2002-07-31,0.4298928083155902,0,5.459064084543494,0.4806892953039272,8.403074498913178e-05
943,2002-08-01,0.4301540044094141,0,5.4648742220962925,0.012309294894389484,0.0001334185808369215
944,2002-08-02,0.43041524931674197,0,5.470684359649091,1.2142435739473587,3.986448187589232e-05
945,2002-08-03,0.43067654303757374,0,5.476494497201891,-0.5742152221842879,0.0002369556786570067
946,2002-08-04,0.4309378855719095,0,5.482304634754689,-2.1229506979348813,0.0011082495963741518
947,2002-08-05,0.4311992769197491,0,5.488114772307488,1.1247560527249487,4.280944817010012e-05
948,2002-08-06,0.4314607170810926,0,5.493924909860287,0.11206079121667753,0.00011714148920982213
949,2002-08-07,0.43172220605594014,0,5.499735047413087,0.5191412258690565,7.749632008654088e-05
950,2002-08-08,0.4319837438442915,0,5.505545184965885,-0.21094480414911052,0.00015985142773043906
951,2002-08-09,0.4322453304461469,0,5.511355322518685,-0.9748570469283102,0.00034106917835315706
952,2002-08-10,0.43250696586150617,0,5.517165460071483,0.699210125474775,6.35575872280758e-05
953,2002-08-11,0.43276865009036936,0,5.522975597624282,1.0161952005867616,4.601141341886233e-05
954,2002-08-12,0.43303038313273645,0,5.528785735177081,-0.19765139112905816,0.00015395559314581374
955,2002-08-13,0.4332921649886075,0,5.53459587272988,0.3419888237925572,8.920633616513864e-05
956,2002-08-14,0.43355399565798247,0,5.540406010282681,-0.2474150480350353,0.00015985768871482598
957,2002-08-15,0.4338158751408614,0,5.546216147835479,1.5920583406405593,2.524778851190675e-05
958,2002-08-16,0.4340778034372442,0,5.552026285388278,0.5629199991509807,7.023205591981678e-05
959,2002-08-17,0.43433978054713096,0,5.557836422941077,0.09105966580930083,0.0001118985953505346
960,2002-08-18,0.4346018064705217,0,5.5636465604938765,0.8243863386250445,5.342048177281821e-05
961,2002-08-19,0.43486388120741626,0,5.569456698046676,-0.299608422895751,0.00016338620848340354
962,2002-08-20,0.4351260047578148,0,5.575266835599476,-0.9749809658136417,0.00031907208762538383
963,2002-08-21,0.4353881771217173,0,5.581076973152273,1.9305013511688713,1.7354683813161365e-05
964,2002-08-22,0.43565039829912366,0,5.5868871107050735,1.4938542794781533,2.6693955215017846e-05
965,2002-08-23,0.43591266829003406,0,5.592697248257872,0.01099076581128302,0.00011688940711635454
966,2002-08-24,0.4361749870944483,0,5.598507385810671,0.7837045233096696,5.364788443573758e-05
967,2002-08-25,0.43643735471236644,0,5.604317523363472,0.6621191960859641,6.0217009223902285e-05
968,2002-08-26,0.43669977114378855,0,5.610127660916271,0.9520400784256119,4.4788948392900344e-05
969,2002-08-27,0.43696223638871456,0,5.61593779846907,-0.6309473750764157,0.00021677853839759188
970,2002-08-28,0.4372247504471446,0,5.62174793602187,-1.4202772629379872,0.00047443921580998284
971,2002-08-29,0.4374873133190784,0,5.627558073574667,2.600879172321349,8.456237820164735e-06
972,2002-08-30,0.43774992500451626,0,5.633368211127467,-0.304736480834908,0.00015361466271147022
973,2002-08-31,0.438012585503458,0,5.639178348680267,-0.5831346239610676,0.00020169822033470902
974,2002-09-01,0.43827529481590366,0,5.644988486233065,-0.37956450946570636,0.00016355178372659998
975,2002-09-02,0.43853805294185333,0,5.650798623785866,-0.14322323407750337,0.0001283441707126166
976,2002-09-03,0.4388008598813068,0,5.656608761338665,-1.2261407903707326,0.00037674181084751466
977,2002-09-04,0.4390637156342643,0,5.662418898891463,-1.15146564547678,0.00034751643636097174
978,2002-09-05,0.43932662020072566,0,5.668229036444264,-0.2831858757615492,0.00014496018970023384
979,2002-09-06,0.43958957358069095,0,5.674039173997062,-0.06985975514840664,0.00011640318987967292
980,2002-09-07,0.43985257577416015,0,5.6798493115498605,0.48337674737786224,6.653647523823521e-05
981,2002-09-08,0.44011562678113336,0,5.68565944910266,0.9967394640267744,3.957962208130714e-05
982,2002-09-09,0.4403787266016104,0,5.691469586655458,-0.5498019580835569,0.00018470917786703826
983,2002-09-10,0.44064187523559145,0,5.69727972420826,-1.7497127746163397,0.000609488515949963
984,2002-09-11,0.4409050726830764,0,5.703089861761058,0.6282052544022623,5.6183815947844705e-05
985,2002-09-12,0.4411683189440653,0,5.708899999313856,1.0456259454883723,3.678663750914179e-05
986,2002-09-13,0.44143161401855807,0,5.714710136866657,0.1650806869239035,8.819995863366892e-05
987,2002-09-14,0.4416949579065548,0,5.720520274419456,0.5966877787229169,5.693589129617507e-05
988,2002-09-15,0.44195835060805544,0,5.726330411972254,0.7607825997961507,4.802672224506332e-05
989,2002-09-16,0.44222179212306,0,5.732140549525054,0.966481353048238,3.8860769170201656e-05
990,2002-09-17,0.4424852824515685,0,5.737950687077853,-0.1338922345912404,0.00011608064869186438
991,2002-09-18,0.442748821593581,0,5.743760824630653,-0.5757679018698018,0.00017948420102149447
992,2002-09-19,0.4430124095490973,0,5.749570962183451,0.3865516724801874,6.814882302289352e-05
993,2002-09-20,0.44327604631811757,0,5.7553810997362485,-0.399352840512997,0.0001486396062842028
994,2002-09-21,0.44353973190064183,0,5.76119123728905,0.675381362978053,5.043657466283711e-05
995,2002-09-22,0.44380346629667,0,5.767001374841848,0.35354010660668556,6.916424124638832e-05
996,2002-09-23,0.444067249506202,0,5.772811512394647,1.0303422314244042,3.493914865480493e-05
997,2002-09-24,0.44433108152923806,0,5.778621649947449,-0.5029405538906706,0.00016090542245859735
998,2002-09-25,0.444594962365778,0,5.784431787500246,-0.25600532865039893,0.00012493673767611548
999,2002-09-26,0.44485889201582185,0,5.790241925053047,0.5427084436389251,5.586955905541263e-05
1000,2002-09-27,0.4451228704793696,0,5.796052062605847,0.3356356964616942,6.830741339007027e-05
1001,2002-09-28,0.44538689775642126,0,5.801862200158643,0.04034168933156392,9.121671370230537e-05
1002,2002-09-29,0.44565097384697694,0,5.807672337711444,1.6710618564603452,1.775103392990267e-05
1003,2002-09-30,0.44591509875103646,0,5.813482475264243,-1.002925507668231,0.00025579001793843404
1004,2002-10-01,0.4461792724686,0,5.8192926128170415,1.4024456932158744,2.2940670812409784e-05
1005,2002-10-02,0.4464434949996674,0,5.825102750369841,-0.5183213818681036,0.00015564909278521126
1006,2002-10-03,0.44670776634423875,0,5.830912887922641,-1.5897884720835271,0.00045169029170350275
1007,2002-10-04,0.446972086502314,0,5.83672302547544,0.16786451531262664,7.742187044147247e-05
1008,2002-10-05,0.44723645547389324,0,5.842533163028239,-0.9269091371636733,0.00022997450397068916
1009,2002-10-06,0.44750087325897636,0,5.848343300581037,-0.8761584459617516,0.00021727051801364837
1010,2002-10-07,0.4477653398575634,0,5.854153438133837,1.8612522236718536,1.3980422109360886e-05
1011,2002-10-08,0.44802985526965433,0,5.859963575686637,0.2960607025943417,6.64716006309374e-05
1012,2002-10-09,0.4482944194952493,0,5.8657737132394345,0.11604685586770597,7.910008451362816e-05
1013,2002-10-10,0.44855903253434815,0,5.871583850792236,0.26862911501725983,6.74952303210801e-05
1014,2002-10-11,0.4488236943869509,0,5.877393988345034,-0.571806465536747,0.00015546454739873898
1015,2002-10-12,0.4490884050530576,0,5.883204125897833,0.48565560119681966,5.3671428364440024e-05
1016,2002-10-13,0.4493531645326682,0,5.889014263450632,-1.2307562044848193,0.0002968472534379344
1017,2002-10-14,0.44961797282578275,0,5.894824401003431,-1.7977105183284934,0.0005201395163773856
1018,2002-10-15,0.44988282993240125,0,5.900634538556229,-1.1370704316889466,0.00026703560324997373
1019,2002-10-16,0.4501477358525236,0,5.90644467610903,1.038310228196784,3.0142203268082396e-05
1020,2002-10-17,0.45041269058614997,0,5.9122548136618285,-1.001584908361504,0.00023038373597164213
1021,2002-10-18,0.4506776941332802,0,5.918064951214628,-1.3671409835107649,0.00033004442611111524
1022,2002-10-19,0.4509427464939144,0,5.923875088767428,0.3242716384130035,6.0445338341074736e-05
1023,2002-10-20,0.45120784766805244,0,5.929685226320225,1.2968429902423473,2.271653032415668e-05
1024,2002-10-21,0.45147299765569454,0,5.9354953638730255,1.3039074538070743,2.241999324790244e-05
1025,2002-10-22,0.4517381964568405,0,5.941305501425823,-0.6295406855208872,0.00015405750155669776
1026,2002-10-23,0.4520034440714904,0,5.947115638978625,1.1250858789338471,2.6486203368949614e-05
1027,2002-10-24,0.45226874049964416,0,5.9529257765314245,1.0206878322732993,2.9222722735082104e-05
1028,2002-10-25,0.45253408574130194,0,5.958735914084224,-0.7690619994583037,0.00017392443642109208
1029,2002-10-26,0.4527994797964636,0,5.964546051637022,0.9654861495378221,3.0508253417049037e-05
1030,2002-10-27,0.4530649226651292,0,5.970356189189822,1.9100863624940945,1.1790822297670602e-05
1031,2002-10-28,0.4533304143472987,0,5.97616632674262,2.1261373094869587,9.442255495618286e-06
1032,2002-10-29,0.4535959548429722,0,5.98197646429542,0.8835117575301223,3.251640577824407e-05
1033,2002-10-30,0.4538615441521496,0,5.98778660184822,-0.6688058350840251,0.0001526254103280593
1034,2002-10-31,0.4541271822748309,0,5.993596739401018,0.9088926894979186,3.1318604710027096e-05
1035,2002-11-01,0.45439286921101607,0,5.999406876953817,1.8120628142686401,1.2616006582040442e-05
1036,2002-11-02,0.4546586049607053,0,6.005217014506616,-0.25648041712866027,9.922933928429746e-05
1037,2002-11-03,0.45492438952389835,0,6.011027152059414,0.1579319807499222,6.516649193715883e-05
1038,2002-11-04,0.4551902229005954,0,6.016837289612214,-1.5175776254735918,0.00034597933393990226
1039,2002-11-05,0.45545610509079637,0,6.022647427165014,0.08734573899068272,6.908790370775805e-05
1040,2002-11-06,0.45572203609450124,0,6.0284575647178125,0.9441931553542345,2.915003681217895e-05
1041,2002-11-07,0.45598801591171,0,6.034267702270613,-1.0558261081073903,0.00021409060681373837
1042,2002-11-08,0.4562540445424228,0,6.040077839823412,0.12766509946627824,6.515909846875202e-05
1043,2002-11-09,0.4565201219866394,0,6.04588797737621,-2.961650329026958,0.0014223577506822878
1044,2002-11-10,0.45678624824436004,0,6.05169811492901,2.1102998378475584,8.864413079026277e-06
1045,2002-11-11,0.4570524233155845,0,6.057508252481809,0.5806700395443065,4.0674372119877444e-05
1046,2002-11-12,0.45731864720031296,0,6.063318390034608,-0.7349920792212394,0.00015068385609793729
1047,2002-11-13,0.4575849198985453,0,6.069128527587407,-0.28586443033665576,9.558156002327071e-05
1048,2002-11-14,0.4578512414102816,0,6.074938665140206,-0.9265417262762252,0.0001802925395805475
1049,2002-11-15,0.4581176117355218,0,6.080748802693005,-0.5070830095908833,0.0001178067449216899
1050,2002-11-16,0.458384030874266,0,6.086558940245805,-1.8776977140068078,0.000461085584159704
1051,2002-11-17,0.458650498826514,0,6.092369077798603,0.5792182764264631,3.927511368646198e-05
1052,2002-11-18,0.45891701559226605,0,6.098179215351404,1.4603509462013646,1.6173623797087805e-05
1053,2002-11-19,0.45918358117152197,0,6.1039893529042,1.4930214704894478,1.555892652929552e-05
1054,2002-11-20,0.45945019556428185,0,6.109799490457002,-0.7576630345886195,0.00014682512905548538
1055,2002-11-21,0.4597168587705456,0,6.1156096280098025,1.0773797604024047,2.3292296524376068e-05
1056,2002-11-22,0.4599835707903133,0,6.121419765562601,-1.185896385994304,0.00022258787811631567
1057,2002-11-23,0.460250331623585,0,6.1272299031154,-0.5337765013597735,0.00011525247981019116
1058,2002-11-24,0.46051714127036053,0,6.1330400406682015,0.2763654153053325,5.095313733790279e-05
1059,2002-11-25,0.46078399973064,0,6.138850178220998,-0.007243150980478691,6.725140462255518e-05
1060,2002-11-26,0.46105090700442347,0,6.144660315773798,-1.408836142025951,0.00027149774973301676
1061,2002-11-27,0.46131786309171074,0,6.150470453326597,0.17466595554414846,5.538864782520459e-05
1062,2002-11-28,0.4615848679925021,0,6.156280590879396,1.1395162386229767,2.0977432862851522e-05
1063,2002-11-29,0.46185192170679723,0,6.1620907284321955,1.3720452109157903,1.6524449479178713e-05
1064,2002-11-30,0.4621190242345964,0,6.167900865984995,-0.35610081746663996,9.24723664738105e-05
1065,2002-12-01,0.46238617557589945,0,6.173711003537793,-0.5597993138508752,0.000112677647665576
1066,2002-12-02,0.4626533757307065,0,6.179521141090593,-0.2663248849467059,8.351107851990829e-05
1067,2002-12-03,0.46292062469901735,0,6.18533127864339,-0.3192233841162336,8.751414282511963e-05
1068,2002-12-04,0.4631879224808322,0,6.19114141619619,-0.29801010369634184,8.515811430679789e-05
1069,2002-12-05,0.4634552690761509,0,6.19695155374899,0.12268823975510126,5.5575022751588756e-05
1070,2002-12-06,0.4637226644849737,0,6.202761691301789,-1.152134424807385,0.00019764628640754934
1071,2002-12-07,0.46399010870730023,0,6.2085718288545895,-1.0502838090110234,0.00017742550013584383
1072,2002-12-08,0.4642576017431308,0,6.214381966407389,0.8528108308451051,2.6294992789354506e-05
1073,2002-12-09,0.4645251435924653,0,6.220192103960186,-0.8337472936051632,0.00014115505653083845
1074,2002-12-10,0.4647927342553037,0,6.226002241512987,0.005513535184968247,6.0613668525162776e-05
1075,2002-12-11,0.465060373731646,0,6.231812379065784,0.08081324195140571,5.587644629465853e-05
1076,2002-12-12,0.4653280620214923,0,6.237622516618584,-0.13748081692258693,6.908648807857443e-05
1077,2002-12-13,0.46559579912484245,0,6.243432654171386,0.590670459112064,3.315289421334467e-05
1078,2002-12-14,0.4658635850416966,0,6.249242791724182,-0.20894053857086253,7.330751251552302e-05
1079,2002-12-15,0.4661314197720546,0,6.255052929276982,-0.9008377849999002,0.0001455445707332991
1080,2002-12-16,0.4663993033159166,0,6.260863066829782,-0.0612107842060357,6.247567905415232e-05
1081,2002-12-17,0.4666672356732825,0,6.26667320438258,-1.8927813573148216,0.0003877147345850175
1082,2002-12-18,0.4669352168441523,0,6.272483341935379,-0.5113895892999766,9.681480844017319e-05
1083,2002-12-19,0.46720324682852604,0,6.278293479488179,2.061898672927021,7.340695057107511e-06
1084,2002-12-20,0.46747132562640376,0,6.284103617040979,-0.09704968190140274,6.319996017749921e-05
1085,2002-12-21,0.4677394532377853,0,6.289913754593779,1.9003097263780993,8.523831937100123e-06
1086,2002-12-22,0.4680076296626709,0,6.295723892146577,-0.27883207072776955,7.48831935926417e-05
1087,2002-12-23,0.4682758549010603,0,6.3015340296993765,-0.9971944303066472,0.000152660038340811
1088,2002-12-24,0.4685441289529537,0,6.307344167252176,-1.047267044227683,0.00015952612147807202
1089,2002-12-25,0.468812451818351,0,6.313154304804973,0.9951119820259425,2.056828226077351e-05
1090,2002-12-26,0.4690808234972523,0,6.318964442357773,0.8303737616402416,2.4104773810898958e-05
1091,2002-12-27,0.46934924398965744,0,6.3247745799105735,1.5058612796002562,1.219277823252747e-05
1092,2002-12-28,0.46961771329556656,0,6.330584717463371,0.513665567099171,3.268646029686593e-05
1093,2002-12-29,0.46988623141497954,0,6.336394855016172,0.44763411273140513,3.4706039911397635e-05
1094,2002-12-30,0.47015479834789653,0,6.34220499256897,1.038972557538641,1.9096337893794682e-05
1095,2002-12-31,0.47042341409431737,0,6.348015130121769,-0.04508440884775293,5.6119020221434244e-05
1096,2003-01-01,0.4706920786542422,0,6.353825267674568,-0.2180115042176987,6.63088312517141e-05
1097,2003-01-02,0.4709607920276709,0,6.359635405227366,0.3973936100792401,3.561757245932573e-05
1098,2003-01-03,0.47122955421460355,0,6.365445542780167,0.5891732680022234,2.9223715865949213e-05
1099,2003-01-04,0.4714983652150401,0,6.371255680332967,2.3834931685610057,4.8287214269625585e-06
1100,2003-01-05,0.47176722502898066,0,6.377065817885764,0.7167946867267478,2.5411484110378634e-05
1101,2003-01-06,0.47203613365642505,0,6.382875955438565,0.06214673627928204,4.860712409309774e-05
1102,2003-01-07,0.4723050910973735,0,6.388686092991365,-0.0941599243845991,5.648627408622765e-05
1103,2003-01-08,0.47257409735182576,0,6.394496230544163,0.9173278726824816,2.0418283127964744e-05
1104,2003-01-09,0.472843152419782,0,6.400306368096962,0.5540945600870485,2.9182956320609927e-05
1105,2003-01-10,0.4731122563012421,0,6.406116505649762,0.6537858818946783,2.625389313564274e-05
1106,2003-01-11,0.47338140899620623,0,6.411926643202561,-1.1739589217878348,0.00016230540904344724
1107,2003-01-12,0.4736506105046742,0,6.41773678075536,1.159160210595743,1.564703324427793e-05
1108,2003-01-13,0.47391986082664617,0,6.423546918308158,0.5907741627090412,2.745608968973739e-05
1109,2003-01-14,0.47418915996212196,0,6.429357055860959,-1.0454807854910517,0.0001401570390525504
1110,2003-01-15,0.47445850791110183,0,6.435167193413759,-0.806564788862315,0.00010970204615138099
1111,2003-01-16,0.4747279046735855,0,6.440977330966556,2.0162134174413335,6.4812298157244505e-06
1112,2003-01-17,0.4749973502495732,0,6.446787468519357,-0.30215182226647486,6.544407330991554e-05
1113,2003-01-18,0.4752668446390647,0,6.452597606072157,0.6737518361171259,2.4513221988691322e-05
1114,2003-01-19,0.4755363878420602,0,6.458407743624955,1.6682644227003234,9.012570974053358e-06
1115,2003-01-20,0.47580597985855966,0,6.4642178811777535,-2.9163849027752944,0.0008775991790878083
1116,2003-01-21,0.476075620688563,0,6.470028018730553,0.431663669332875,3.066315046520325e-05
1117,2003-01-22,0.4763453103320702,0,6.475838156283352,-0.7290502924925776,9.728995609357293e-05
1118,2003-01-23,0.4766150487890815,0,6.481648293836152,0.11509942661146338,4.15736337640134e-05
1119,2003-01-24,0.4768848360595966,0,6.487458431388949,0.314340703315488,3.3856972521333574e-05
1120,2003-01-25,0.4771546721436157,0,6.493268568941748,0.03632547553375986,4.4437344808219054e-05
1121,2003-01-26,0.4774245570411386,0,6.499078706494549,0.5354083939400279,2.6813815926829433e-05
1122,2003-01-27,0.4776944907521656,0,6.504888844047347,-0.5000896900477954,7.506356493604167e-05
1123,2003-01-28,0.4779644732766964,0,6.510698981600146,1.2028517119573063,1.3589721908209184e-05
1124,2003-01-29,0.4782345046147312,0,6.516509119152945,-1.258136414780608,0.0001582572261455209
1125,2003-01-30,0.4785045847662699,0,6.522319256705744,-1.5108214926783587,0.00020251755679733037
1126,2003-01-31,0.4787747137313125,0,6.528129394258543,-1.2340563600782952,0.00015262458050668926
1127,2003-02-01,0.479044891509859,0,6.5339395318113445,1.3860913393415246,1.1042518823773342e-05
1128,2003-02-02,0.47931511810190947,0,6.5397496693641415,-0.29442510903040975,5.892051035462152e-05
1129,2003-02-03,0.47958539350746393,0,6.545559806916942,-1.5065756456573667,0.00019681405053187511
1130,2003-02-04,0.47985571772652225,0,6.55136994446974,-0.46735128257167385,6.919679539227634e-05
1131,2003-02-05,0.4801260907590845,0,6.557180082022539,0.5661627771827453,2.4467849289109693e-05
1132,2003-02-06,0.48039651260515065,0,6.562990219575339,0.7786668806912952,1.966372010698092e-05
1133,2003-02-07,0.48066698326472085,0,6.568800357128136,-0.010973983334545252,4.30488524694869e-05
1134,2003-02-08,0.48093750273779484,0,6.574610494680937,1.0758845629205398,1.4431255445716816e-05
1135,2003-02-09,0.4812080710243728,0,6.5804206322337375,0.6035437243195921,2.3003732934001837e-05
1136,2003-02-10,0.4814786881244547,0,6.5862307697865345,0.36806742973804457,2.8935003157992043e-05
1137,2003-02-11,0.48174935403804053,0,6.592040907339335,0.03906457816764295,3.996380191492615e-05
1138,2003-02-12,0.48202006876513026,0,6.597851044892134,-0.5438549777897281,7.115159885895185e-05
1139,2003-02-13,0.482290832305724,0,6.603661182444932,0.10609568948367622,3.6921027052879144e-05
1140,2003-02-14,0.48256164465982154,0,6.6094713199977315,-0.4064498385887879,6.126727225962744e-05
1141,2003-02-15,0.4828325058274231,0,6.61528145755053,-1.2890845347899287,0.0001472010741124464
1142,2003-02-16,0.48310341580852856,0,6.621091595103332,1.3825086459604288,1.0116070267353015e-05
1143,2003-02-17,0.483374374603138,0,6.6269017326561315,0.514897657834113,2.3942501060861356e-05
1144,2003-02-18,0.48364538221125125,0,6.632711870208929,1.6407244776663343,7.71948152439755e-06
1145,2003-02-19,0.48391643863286854,0,6.638522007761728,-0.6788673300379778,7.8042832880332e-05
1146,2003-02-20,0.4841875438679897,0,6.644332145314529,-0.6556329374035779,7.578816758766411e-05
1147,2003-02-21,0.4844586979166148,0,6.650142282867325,1.0399923329627936,1.382164190978863e-05
1148,2003-02-22,0.4847299007787438,0,6.655952420420126,0.14846568869494428,3.350453899101635e-05
1149,2003-02-23,0.4850011524543768,0,6.661762557972926,1.0112169574898122,1.4053173805487247e-05
1150,2003-02-24,0.4852724529435136,0,6.667572695525724,0.8451463273650913,1.6491373994308574e-05
1151,2003-02-25,0.48554380224615445,0,6.6733828330785245,0.7547383500855575,1.7942351904712695e-05
1152,2003-02-26,0.4858152003622992,0,6.679192970631322,-2.016126353926659,0.0002848455531907611
1153,2003-02-27,0.48608664729194784,0,6.68500310818412,1.640663333873288,7.308776179687044e-06
1154,2003-02-28,0.48635814303510044,0,6.690813245736922,-0.016929233111783716,3.811419466582008e-05
1155,2003-03-01,0.48662968759175695,0,6.696623383289719,-0.7986608525125652,8.278415790592872e-05
1156,2003-03-02,0.48690128096191737,0,6.702433520842521,0.9775817312194633,1.3928155943300725e-05
1157,2003-03-03,0.4871729231455818,0,6.708243658395321,0.8930540099744115,1.5064761488562072e-05
1158,2003-03-04,0.48744461414275003,0,6.714053795948117,-0.016326860053368933,3.7175776572746256e-05
1159,2003-03-05,0.4877163539534223,0,6.719863933500918,-1.9721986573046937,0.0002612420315751466
1160,2003-03-06,0.4879881425775984,0,6.7256740710537155,-0.7584374608351846,7.713862894430112e-05
1161,2003-03-07,0.48825998001527854,0,6.731484208606515,0.423278417666391,2.3518946386332102e-05
1162,2003-03-08,0.4885318662664625,0,6.737294346159315,-0.08648382066925732,3.8919154773473624e-05
1163,2003-03-09,0.4888038013311505,0,6.743104483712113,-1.3960054091830938,0.00014329795385131024
1164,2003-03-10,0.4890757852093423,0,6.7489146212649125,0.7547995149908276,1.65773782567751e-05
1165,2003-03-11,0.4893478179010381,0,6.754724758817714,-0.4200250672824548,5.3345062399604017e-05
1166,2003-03-12,0.48961989940623785,0,6.76053489637051,-1.7841049792790238,0.00020742692631672615
1167,2003-03-13,0.4898920297249415,0,6.7663450339233115,1.0171341727287153,1.2521631835016498e-05
1168,2003-03-14,0.490164208857149,0,6.772155171476111,0.36345868097626394,2.3928037068773295e-05
1169,2003-03-15,0.49043643680286053,0,6.777965309028909,0.415858818386051,2.2568798783630882e-05
1170,2003-03-16,0.4907087135620759,0,6.783775446581711,-1.0103701338615354,9.338352198562785e-05
1171,2003-03-17,0.4909810391347953,0,6.7895855841345085,-0.23202765884315005,4.261856546559117e-05
1172,2003-03-18,0.4912534135210186,0,6.795395721687307,0.639048713319132,1.7727747780634653e-05
1173,2003-03-19,0.49152583672074585,0,6.801205859240107,-0.2279612441010878,4.1932386672086864e-05
1174,2003-03-20,0.4917983087339769,0,6.807015996792904,0.11259283657182827,2.9648804069822536e-05
1175,2003-03-21,0.492070829560712,0,6.812826134345705,0.3690759027062577,2.2802178170770553e-05
1176,2003-03-22,0.49234339920095094,0,6.818636271898504,-0.18703127999483452,3.952291145993788e-05
1177,2003-03-23,0.4926160176546939,0,6.824446409451302,0.07711393801253835,3.016410274952142e-05
1178,2003-03-24,0.49288868492194077,0,6.830256547004102,2.9116163950690277,1.761326652306942e-06
1179,2003-03-25,0.49316140100269157,0,6.836066684556902,0.8995698061306994,1.3092388621973138e-05
1180,2003-03-26,0.4934341658969462,0,6.8418768221096995,-0.5409301891183437,5.495134365810265e-05
1181,2003-03-27,0.49370697960470483,0,6.8476869596625,-0.20049536166388945,3.885863643674865e-05
1182,2003-03-28,0.4939798421259674,0,6.853497097215298,-0.6502588317472093,6.055855960313067e-05
1183,2003-03-29,0.49425275346073394,0,6.859307234768098,-1.2412696395228873,0.00010869421611629578
1184,2003-03-30,0.49452571360900427,0,6.865117372320897,1.993428590632207,4.2535641510043625e-06
1185,2003-03-31,0.4947987225707786,0,6.870927509873695,-1.4219121787490883,0.00012863962343135287
1186,2003-04-01,0.49507178034605687,0,6.876737647426496,-0.9430951845517749,7.921096122858986e-05
1187,2003-04-02,0.4953448869348391,0,6.882547784979296,1.1500714194675057,9.707170511786321e-06
1188,2003-04-03,0.4956180423371252,0,6.8883579225320934,0.7343717820887913,1.4621326540615587e-05
1189,2003-04-04,0.4958912465529153,0,6.894168060084894,1.3749815321259842,7.658285189205956e-06
1190,2003-04-05,0.4961644995822092,0,6.899978197637693,0.7363799493515063,1.4415532703972039e-05
1191,2003-04-06,0.4964378014250071,0,6.905788335190491,0.7387611255574494,1.429402574130157e-05
1192,2003-04-07,0.49671115208130895,0,6.911598472743291,0.4415340090468639,1.9124788062354985e-05
1193,2003-04-08,0.49698455155111476,0,6.917408610296093,0.7145841866824638,1.4466730766407002e-05
1194,2003-04-09,0.49725799983442437,0,6.92321874784889,1.6852846141540256,5.4470140073971375e-06
1195,2003-04-10,0.497531496931238,0,6.9290288854016895,1.6577469119228692,5.565137194703564e-06
1196,2003-04-11,0.49780504284155547,0,6.9348390229544865,0.39108616196195756,1.963077924341884e-05
1197,2003-04-12,0.49807863756537696,0,6.940649160507287,-0.5994891190080921,5.2540812720948254e-05
1198,2003-04-13,0.4983522811027024,0,6.946459298060087,-0.44766067916257324,4.486589960007236e-05
1199,2003-04-14,0.4986259734535317,0,6.9522694356128865,1.132028417274948,9.188062668323077e-06
1200,2003-04-15,0.4988997146178649,0,6.958079573165686,-0.30875855611823494,3.8575146658617273e-05
1201,2003-04-16,0.49917350459570214,0,6.963889710718486,1.6212239289331765,5.565249333394765e-06
1202,2003-04-17,0.49944734338704316,0,6.969699848271284,0.4635397652282402,1.760427860276213e-05
1203,2003-04-18,0.4997212309918883,0,6.9755099858240825,0.2384806348807379,2.1913811061282915e-05
1204,2003-04-19,0.4999951674102372,0,6.981320123376883,-1.6784441780221098,0.000148110381844637
1205,2003-04-20,0.5002691526420902,0,6.98713026092968,-0.7617099416541063,5.88586884426915e-05
1206,2003-04-21,0.5005431866874468,0,6.992940398482481,0.5748523617353566,1.5371159362245594e-05
1207,2003-04-22,0.5008172695463076,0,6.9987505360352795,-1.1036364710364543,8.18507606727e-05
1208,2003-04-23,0.5010914012186722,0,7.004560673588078,0.2960664237320644,2.006767744270304e-05
1209,2003-04-24,0.5013655817045409,0,7.010370811140877,-0.77198617885464,5.8036882744227383e-05
1210,2003-04-25,0.5016398110039134,0,7.016180948693675,0.5249620090383947,1.5769002769924404e-05
1211,2003-04-26,0.5019140891167899,0,7.021991086246475,0.9313190422106503,1.0439583784156622e-05
1212,2003-04-27,0.5021884160431702,0,7.027801223799277,-1.8261207806653905,0.00016352404972487462
1213,2003-04-28,0.5024627917830545,0,7.033611361352074,-1.2909857812400287,9.517721357277695e-05
1214,2003-04-29,0.5027372163364427,0,7.039421498904874,1.4526330359826523,6.086280748281244e-06
1215,2003-04-30,0.503011689703335,0,7.045231636457674,-1.7305848206615102,0.00014593632936018213
1216,2003-05-01,0.5032862118837309,0,7.051041774010472,-0.1318745917471983,2.932309813393867e-05
1217,2003-05-02,0.503560782877631,0,7.056851911563271,-0.16675427628187656,3.017973020157311e-05
1218,2003-05-03,0.5038354026850349,0,7.06266204911607,0.09245470826950498,2.31472682577661e-05
1219,2003-05-04,0.5041100713059429,0,7.06847218666887,-2.17123686809705,0.0002212920985982186
1220,2003-05-05,0.5043847887403545,0,7.07428232422167,1.3884739995872502,6.256918548469853e-06
1221,2003-05-06,0.5046595549882703,0,7.080092461774468,0.7743251026160654,1.1493156973044131e-05
1222,2003-05-07,0.50493437004969,0,7.085902599327268,0.9392987623708915,9.686112901515173e-06
1223,2003-05-08,0.5052092339246135,0,7.091712736880067,0.44292589563880663,1.581535123314059e-05
1224,2003-05-09,0.5054841466130411,0,7.097522874432865,-0.7118943125043705,4.988479382116792e-05
1225,2003-05-10,0.5057591081149725,0,7.103333011985664,1.0284011581849206,8.700109863159504e-06
1226,2003-05-11,0.5060341184304078,0,7.109143149538465,2.1553627889098523,2.801875109299573e-06
1227,2003-05-12,0.5063091775593471,0,7.114953287091263,-0.590429784288286,4.3379902223962227e-05
1228,2003-05-13,0.5065842855017904,0,7.120763424644064,0.29938707107336565,1.7709374826814107e-05
1229,2003-05-14,0.5068594422577375,0,7.126573562196861,-0.6891205206937241,4.730029101683991e-05
1230,2003-05-15,0.5071346478271885,0,7.132383699749661,-0.5340684720435267,4.026083081678132e-05
1231,2003-05-16,0.5074099022101435,0,7.1381938373024605,0.5122242029879482,1.4055320246214592e-05
1232,2003-05-17,0.5076852054066024,0,7.144003974855259,0.6057816917862516,1.2722321635448716e-05
1233,2003-05-18,0.5079605574165653,0,7.149814112408059,-2.572709160126839,0.0003036159019511304
1234,2003-05-19,0.508235958240032,0,7.155624249960859,1.3943898967266515,5.712054846035693e-06
1235,2003-05-20,0.5085114078770028,0,7.161434387513657,-0.22412641352049364,2.8645877755973602e-05
1236,2003-05-21,0.5087869063274774,0,7.167244525066456,-0.378271461989289,3.321723814508002e-05
1237,2003-05-22,0.509062453591456,0,7.173054662619256,-0.4338242413738193,3.490171809147755e-05
1238,2003-05-23,0.5093380496689384,0,7.178864800172054,2.027365433252503,2.960211293484364e-06
1239,2003-05-24,0.5096136945599248,0,7.1846749377248535,0.33435352928265427,1.5993570060486352e-05
1240,2003-05-25,0.5098893882644152,0,7.190485075277652,0.5713964836076171,1.2541686109590077e-05
1241,2003-05-26,0.5101651307824095,0,7.196295212830452,-0.03689031061286759,2.290279370144787e-05
1242,2003-05-27,0.5104409221139077,0,7.202105350383253,0.7820907335772722,1.003613345195904e-05
1243,2003-05-28,0.5107167622589097,0,7.20791548793605,-0.7718886988378273,4.718544047333745e-05
1244,2003-05-29,0.5109926512174158,0,7.21372562548885,0.1770930948377103,1.8156299134865567e-05
1245,2003-05-30,0.5112685889894257,0,7.219535763041651,1.0562399810207557,7.491616525666289e-06
1246,2003-05-31,0.5115445755749397,0,7.225345900594447,2.26935955805211,2.21350868668569e-06
1247,2003-06-01,0.5118206109739576,0,7.231156038147248,-1.032878879359482,5.978358721837416e-05
1248,2003-06-02,0.5120966951864793,0,7.236966175700048,1.6043027023780134,4.2523142262101816e-06
1249,2003-06-03,0.512372828212505,0,7.242776313252846,-2.0692633550496997,0.00016649131491712675
1250,2003-06-04,0.5126490100520346,0,7.248586450805647,-1.783994352835636,0.00012441065450622096
1251,2003-06-05,0.5129252407050681,0,7.2543965883584445,-1.4888870589297483,9.205573065934161e-05
1252,2003-06-06,0.5132015201716056,0,7.260206725911243,-0.5754449654675551,3.6703262633350415e-05
1253,2003-06-07,0.5134778484516469,0,7.266016863464044,0.27609351966834206,1.556836078928096e-05
1254,2003-06-08,0.5137542255451923,0,7.271827001016841,0.25916227772333666,1.5738114217652162e-05
1255,2003-06-09,0.5140306514522415,0,7.277637138569641,-0.24607087705845931,2.5925629070931526e-05
1256,2003-06-10,0.5143071261727947,0,7.283447276122441,-0.7550719585849541,4.2868894289594414e-05
1257,2003-06-11,0.5145836497068518,0,7.289257413675239,0.9365655183855548,7.84928425592398e-06
1258,2003-06-12,0.5148602220544128,0,7.29506755122804,0.6664182702431757,1.0221393116859851e-05
1259,2003-06-13,0.5151368432154777,0,7.3008776887808375,-0.191983889090048,2.3969885914173744e-05
1260,2003-06-14,0.5154135131900466,0,7.306687826333636,0.4233676082890502,1.2875933953582823e-05
1261,2003-06-15,0.5156902319781195,0,7.312497963886437,1.1776821296103477,6.019225558879139e-06
1262,2003-06-16,0.5159669995796963,0,7.318308101439234,1.8486708263156684,3.0583727836674343e-06
1263,2003-06-17,0.5162438159947769,0,7.3241182389920345,-0.7361624228272277,4.0311198132872055e-05
1264,2003-06-18,0.5165206812233615,0,7.329928376544835,0.28052629295745496,1.4495722140283018e-05
1265,2003-06-19,0.51679759526545,0,7.335738514097632,0.26127101444482476,1.4687867428615168e-05
1266,2003-06-20,0.5170745581210425,0,7.341548651650432,-1.0593714663782972,5.4684329546070025e-05
1267,2003-06-21,0.5173515697901389,0,7.347358789203231,-0.5476268594263555,3.258152572698151e-05
1268,2003-06-22,0.5176286302727391,0,7.3531689267560285,0.6106425511815305,1.0169457074244861e-05
1269,2003-06-23,0.5179057395688433,0,7.35897906430883,0.6917134210202729,9.320634510610986e-06
1270,2003-06-24,0.5181828976784515,0,7.36478920186163,0.3692973797121808,1.2788667824263992e-05
1271,2003-06-25,0.5184601046015636,0,7.370599339414428,0.012872348045772686,1.8154112875560535e-05
1272,2003-06-26,0.5187373603381796,0,7.376409476967228,-0.6559981015601646,3.5222327872472745e-05
1273,2003-06-27,0.5190146648882996,0,7.382219614520025,0.3296860418628261,1.306463041691573e-05
1274,2003-06-28,0.5192920182519234,0,7.388029752072825,-1.9361053894132834,0.00012516245717820456
1275,2003-06-29,0.5195694204290512,0,7.393839889625624,1.5982035365387972,3.6299398766100805e-06
1276,2003-06-30,0.5198468714196829,0,7.3996500271784225,0.49353061635227574,1.0889526076646716e-05
1277,2003-07-01,0.5201243712238186,0,7.405460164731224,0.2814221746497673,1.3380818432945116e-05
1278,2003-07-02,0.5204019198414582,0,7.4112703022840245,0.5574088711329844,1.0092048520216778e-05
1279,2003-07-03,0.5206795172726016,0,7.4170804398368215,0.4301776702321259,1.1391771590463417e-05
1280,2003-07-04,0.5209571635172492,0,7.422890577389622,-2.614596856664191,0.00023783521206337577
1281,2003-07-05,0.5212348585754004,0,7.428700714942419,0.4801057859803222,1.0705820572652131e-05
1282,2003-07-06,0.5215126024470558,0,7.434510852495218,-0.7487863854224682,3.636445775423363e-05
1283,2003-07-07,0.5217903951322149,0,7.44032099004802,-1.0473998051374602,4.872135094498013e-05
1284,2003-07-08,0.5220682366308782,0,7.446131127600816,-0.11505235747663252,1.9061715988709093e-05
1285,2003-07-09,0.5223461269430452,0,7.451941265153618,0.24899476396860284,1.3164802300075316e-05
1286,2003-07-10,0.5226240660687161,0,7.457751402706418,-0.21978393589380504,2.091020670669834e-05
1287,2003-07-11,0.5229020540078911,0,7.463561540259215,0.2197319320657497,1.3391677146016994e-05
1288,2003-07-12,0.5231800907605699,0,7.469371677812014,-0.6550838746951817,3.1924094492771715e-05
1289,2003-07-13,0.5234581763267527,0,7.475181815364814,-0.7919175104661679,3.6383175294026846e-05
1290,2003-07-14,0.5237363107064394,0,7.480991952917611,-0.21990985634853946,2.0409705031065417e-05
1291,2003-07-15,0.5240144938996301,0,7.486802090470412,0.288136903087623,1.2205362988360624e-05
1292,2003-07-16,0.5242927259063246,0,7.492612228023211,0.566093938076451,9.187372986178347e-06
1293,2003-07-17,0.5245710067265231,0,7.498422365576009,0.546756143443571,9.309909924143628e-06
1294,2003-07-18,0.5248493363602256,0,7.504232503128809,0.7063805514744835,7.88818871123454e-06
1295,2003-07-19,0.5251277148074318,0,7.510042640681608,-0.8221903650399778,3.615621807305899e-05
1296,2003-07-20,0.5254061420681422,0,7.515852778234407,-0.6266006242845534,2.9552567768550935e-05
1297,2003-07-21,0.5256846181423562,0,7.521662915787207,-0.8914948902031986,3.8281865104631616e-05
1298,2003-07-22,0.5259631430300745,0,7.527473053340005,-0.3655778687506011,2.2487747474491303e-05
1299,2003-07-23,0.5262417167312965,0,7.533283190892805,-0.3722293595346697,2.2500406680283577e-05
1300,2003-07-24,0.5265203392460225,0,7.539093328445605,-0.9919356111102454,4.1560528189534545e-05
1301,2003-07-25,0.5267990105742524,0,7.544903465998402,-0.046879555237493195,1.6054770141232595e-05
1302,2003-07-26,0.5270777307159862,0,7.550713603551203,-0.743218989550605,3.201666623612869e-05
1303,2003-07-27,0.527356499671224,0,7.556523741104002,-1.8052686788766703,9.203945740279037e-05
1304,2003-07-28,0.5276353174399657,0,7.562333878656801,-0.07009401354455057,1.613440178595083e-05
1305,2003-07-29,0.5279141840222112,0,7.5681440162096,-0.29844430712299114,2.0150216619995913e-05
1306,2003-07-30,0.5281930994179609,0,7.573954153762398,-0.014444302280771667,1.5076330251104842e-05
1307,2003-07-31,0.5284720636272142,0,7.579764291315198,-0.9129715265493226,3.680243838429812e-05
1308,2003-08-01,0.5287510766499717,0,7.585574428867999,0.4267398379981268,9.580823880140376e-06
1309,2003-08-02,0.529030138486233,0,7.591384566420797,0.43654455727017005,9.4297507966184e-06
1310,2003-08-03,0.5293092491359983,0,7.597194703973597,0.17993220051414618,1.2114375171946452e-05
1311,2003-08-04,0.5295884085992675,0,7.603004841526396,-0.7457521885554298,3.038617910241597e-05
1312,2003-08-05,0.5298676168760406,0,7.608814979079195,-0.4971996576510004,2.355518564615439e-05
1313,2003-08-06,0.5301468739663175,0,7.614625116631994,0.6348809259683302,7.547195333576965e-06
1314,2003-08-07,0.5304261798700987,0,7.620435254184794,0.4101991745931161,9.39115532227568e-06
1315,2003-08-08,0.5307055345873835,0,7.626245391737592,0.2749535360038328,1.06858930972708e-05
1316,2003-08-09,0.5309849381181723,0,7.632055529290392,-0.10183884381303467,1.5481214299731704e-05
1317,2003-08-10,0.531264390462465,0,7.637865666843189,0.0793873479379206,1.2836741984918265e-05
1318,2003-08-11,0.5315438916202617,0,7.64367580439599,0.7363344350342951,6.614570060129037e-06
1319,2003-08-12,0.5318234415915623,0,7.649485941948789,-1.4546487105008457,5.880155256814963e-05
1320,2003-08-13,0.5321030403763668,0,7.6552960795015865,1.5146418595255595,3.000527037521664e-06
1321,2003-08-14,0.5323826879746753,0,7.661106217054386,-0.8617435320595503,3.2107304502559556e-05
1322,2003-08-15,0.5326623843864876,0,7.666916354607188,-0.9848592812863757,3.609338018360912e-05
1323,2003-08-16,0.5329421296118039,0,7.672726492159985,-0.41872434810643605,2.036636281132048e-05
1324,2003-08-17,0.5332219236506242,0,7.678536629712785,0.7113657942960296,6.538479095088082e-06
1325,2003-08-18,0.5335017665029483,0,7.684346767265584,-0.346702156978666,1.8721686447998435e-05
1326,2003-08-19,0.5337816581687764,0,7.690156904818383,-0.6875651921355447,2.6165861395805702e-05
1327,2003-08-20,0.5340615986481084,0,7.695967042371183,0.875092505206269,5.4505023873407555e-06
1328,2003-08-21,0.5343415879409443,0,7.701777179923982,-0.6175050561645454,2.410008144894932e-05
1329,2003-08-22,0.5346216260472842,0,7.707587317476781,0.24647394269482548,1.0096068045229746e-05
1330,2003-08-23,0.5349017129671281,0,7.713397455029582,0.23025631646699624,1.0198834482625193e-05
1331,2003-08-24,0.5351818487004758,0,7.719207592582378,1.1805311679673924,3.919281407423653e-06
1332,2003-08-25,0.5354620332473274,0,7.725017730135179,2.319508893191031,1.2471242180412228e-06
1333,2003-08-26,0.535742266607683,0,7.730827867687978,-0.4414866008232816,1.960423076584601e-05
1334,2003-08-27,0.5360225487815424,0,7.736638005240776,-2.2949417354963955,0.00012435123642322014
1335,2003-08-28,0.536302879768906,0,7.7424481427935765,2.154457142844684,1.4442942102224798e-06
1336,2003-08-29,0.5365832595697733,0,7.748258280346375,-0.6791747666495017,2.4414132331598906e-05
1337,2003-08-30,0.5368636881841445,0,7.754068417899175,0.5475841730905175,7.115764342179559e-06
1338,2003-08-31,0.5371441656120198,0,7.759878555451975,-0.2560964115074753,1.5798304470157267e-05
1339,2003-09-01,0.5374246918533989,0,7.765688693004773,-1.2355477329086266,4.181534092045202e-05
1340,2003-09-02,0.537705266908282,0,7.771498830557572,-0.5178167746958693,2.0276074786859035e-05
1341,2003-09-03,0.537985890776669,0,7.777308968110374,-0.21795041009701235,1.4931670334545464e-05
1342,2003-09-04,0.5382665634585599,0,7.78311910566317,0.4479702733766289,7.625310090837377e-06
1343,2003-09-05,0.5385472849539548,0,7.788929243215971,0.5681551768080924,6.720733005848431e-06
1344,2003-09-06,0.5388280552628536,0,7.794739380768771,0.38849807367842276,7.9945768823757e-06
1345,2003-09-07,0.5391088743852563,0,7.800549518321568,0.035598882886138515,1.1308692256142747e-05
1346,2003-09-08,0.5393897423211629,0,7.806359655874368,-0.7741376140642588,2.5259874477362877e-05
1347,2003-09-09,0.5396706590705735,0,7.812169793427166,-1.3764077702925859,4.5850965194295626e-05
1348,2003-09-10,0.539951624633488,0,7.8179799309799645,0.6665785615098784,5.9080676471247445e-06
1349,2003-09-11,0.5402326390099064,0,7.823790068532765,-0.6473972760149209,2.185005634568109e-05
1350,2003-09-12,0.5405137021998287,0,7.829600206085563,0.1742303506638134,9.549460615703417e-06
1351,2003-09-13,0.540794814203255,0,7.835410343638363,-0.18229743477234517,1.3557246599317061e-05
1352,2003-09-14,0.5410759750201852,0,7.841220481191163,-0.46995711969561793,1.796615293609993e-05
1353,2003-09-15,0.5413571846506193,0,7.84703061874396,0.1721963014028371,9.39563131027632e-06
1354,2003-09-16,0.5416384430945573,0,7.852840756296762,0.4787966207021914,6.8726729875720156e-06
1355,2003-09-17,0.5419197503519994,0,7.858650893849561,1.1654821143213643,3.437609005884947e-06
1356,2003-09-18,0.5422011064229453,0,7.864461031402359,0.235776285089715,8.657192764682985e-06
1357,2003-09-19,0.5424825113073951,0,7.87027116895516,0.3839029486978128,7.4199498830857355e-06
1358,2003-09-20,0.5427639650053488,0,7.876081306507958,1.212472728393391,3.220417250007194e-06
1359,2003-09-21,0.5430454675168066,0,7.881891444060757,0.22019931204405457,8.633868859695147e-06
1360,2003-09-22,0.5433270188417682,0,7.887701581613559,0.36795406408820036,7.402710872680769e-06
1361,2003-09-23,0.5436086189802337,0,7.893511719166356,-1.7394506765687938,6.053122031733853e-05
1362,2003-09-24,0.5438902679322033,0,7.899321856719155,0.02959305958702719,1.0257649783602616e-05
1363,2003-09-25,0.5441719656976766,0,7.9051319942719545,-2.0536758828456905,8.187558628738978e-05
1364,2003-09-26,0.544453712276654,0,7.910942131824751,0.05605855678823757,9.868763144239064e-06
1365,2003-09-27,0.5447355076691351,0,7.916752269377553,-0.44624560062938623,1.6209325996552934e-05
1366,2003-09-28,0.5450173518751203,0,7.922562406930352,0.3823770413956385,7.034820195072389e-06
1367,2003-09-29,0.5452992448946095,0,7.9283725444831505,0.699045602177885,5.0942453518106505e-06
1368,2003-09-30,0.5455811867276026,0,7.934182682035952,0.4614040853800508,6.421559350353264e-06
1369,2003-10-01,0.5458631773740994,0,7.939992819588749,0.12443606619720003,8.940011438471443e-06
1370,2003-10-02,0.5461452168341003,0,7.945802957141548,-0.2790038081906188,1.3301603156292744e-05
1371,2003-10-03,0.5464273051076052,0,7.9516130946943475,2.456829054622974,8.572372828162223e-07
1372,2003-10-04,0.5467094421946139,0,7.957423232247147,0.02597914612949631,9.68634451064027e-06
1373,2003-10-05,0.5469916280951266,0,7.963233369799947,-0.11898555429530978,1.112939146083109e-05
1374,2003-10-06,0.5472738628091431,0,7.969043507352747,-0.9400638663955865,2.5142896920562883e-05
1375,2003-10-07,0.5475561463366637,0,7.974853644905544,-0.4306381193456021,1.5015113491063658e-05
1376,2003-10-08,0.5478384786776882,0,7.980663782458344,0.7007323836701119,4.814317482449372e-06
1377,2003-10-09,0.5481208598322166,0,7.986473920011141,0.8159828168592634,4.2641861201980365e-06
1378,2003-10-10,0.5484032898002489,0,7.99228405756394,-0.9220966013607433,2.4100634930471514e-05
1379,2003-10-11,0.5486857685817851,0,7.998094195116741,0.12872909383634204,8.375576191091283e-06
1380,2003-10-12,0.5489682961768252,0,8.003904332669538,-1.9755149927795652,6.827005900706618e-05
1381,2003-10-13,0.5492508725853693,0,8.009714470222338,-0.1749534697666221,1.1210121311807772e-05
1382,2003-10-14,0.5495334978074173,0,8.015524607775138,-1.917583356380283,6.364712675173253e-05
1383,2003-10-15,0.5498161718429693,0,8.021334745327938,0.11999237293759564,8.245648789085647e-06
1384,2003-10-16,0.5500988946920251,0,8.027144882880737,0.04461608647353595,8.837191015883444e-06
1385,2003-10-17,0.550381666354585,0,8.032955020433537,0.04688312343364972,8.76362052579522e-06
1386,2003-10-18,0.5506644868306487,0,8.038765157986335,0.8853954665170444,3.7659638098431264e-06
1387,2003-10-19,0.5509473561202164,0,8.044575295539135,-1.64073211708846,4.680726365785864e-05
1388,2003-10-20,0.551230274223288,0,8.050385433091934,0.8509694202318078,3.850657081546534e-06
1389,2003-10-21,0.5515132411398636,0,8.056195570644734,-0.1452334564110306,1.0364158712840457e-05
1390,2003-10-22,0.5517962568699428,0,8.062005708197532,0.5868278743435469,4.954018633701228e-06
1391,2003-10-23,0.5520793214135262,0,8.067815845750332,-0.9278653749105928,2.239413601539868e-05
1392,2003-10-24,0.5523624347706135,0,8.073625983303131,0.6366765141203408,4.656033938604021e-06
1393,2003-10-25,0.5526455969412047,0,8.079436120855929,-0.9794946584250459,2.3295072847652857e-05
1394,2003-10-26,0.5529288079252999,0,8.085246258408727,-0.05163874756977287,9.15493074200039e-06
1395,2003-10-27,0.553212067722899,0,8.091056395961528,1.5252610958319068,1.8800518801759996e-06
1396,2003-10-28,0.553495376334002,0,8.09686653351433,-1.3025736366232479,3.159632001502329e-05
1397,2003-10-29,0.5537787337586089,0,8.102676671067128,0.49727097183361413,5.191914726018121e-06
1398,2003-10-30,0.5540621399967198,0,8.108486808619926,-1.0021214908001763,2.311314432275406e-05
1399,2003-10-31,0.5543455950483346,0,8.114296946172725,-0.060411666430570894,8.958457489934866e-06
1400,2003-11-01,0.5546290989134532,0,8.120107083725523,-1.173228175275158,2.7094233640517888e-05
1401,2003-11-02,0.5549126515920759,0,8.125917221278325,-0.9734808177970211,2.205368871893777e-05
1402,2003-11-03,0.5551962530842025,0,8.131727358831123,0.7483040687684493,3.918078092824697e-06
1403,2003-11-04,0.555479903389833,0,8.137537496383922,-0.09633696508578511,9.062531509886682e-06
1404,2003-11-05,0.5557636025089674,0,8.143347633936722,-0.3759836230916169,1.1913846778071292e-05
1405,2003-11-06,0.5560473504416057,0,8.149157771489518,-1.2152520879134592,2.7409122550963987e-05
1406,2003-11-07,0.556331147187748,0,8.15496790904232,0.5497203065472465,4.6637020731502985e-06
1407,2003-11-08,0.5566149927473942,0,8.160778046595118,0.14230238575686266,6.966643233721542e-06
1408,2003-11-09,0.5568988871205444,0,8.166588184147919,-0.0385088034861653,8.29664041872673e-06
1409,2003-11-10,0.5571828303071984,0,8.172398321700717,-0.8377096437898144,1.8337670175146563e-05
1410,2003-11-11,0.5574668223073564,0,8.178208459253515,-1.4402752326760726,3.329572075693039e-05
1411,2003-11-12,0.5577508631210183,0,8.184018596806315,-0.22521936686109498,9.81860287427864e-06
1412,2003-11-13,0.558034952748184,0,8.189828734359116,-0.6155665973803777,1.4418784592769451e-05
1413,2003-11-14,0.5583190911888538,0,8.195638871911914,-2.048637129043158,6.006985276236633e-05
1414,2003-11-15,0.5586032784430276,0,8.201449009464715,1.0931576940831373,2.5795602787757275e-06
1415,2003-11-16,0.5588875145107053,0,8.20725914701751,0.055900467280739864,7.233925269381692e-06
1416,2003-11-17,0.5591717993918868,0,8.213069284570311,-1.6178890903282408,3.8339355915044487e-05
1417,2003-11-18,0.5594561330865722,0,8.21887942212311,1.1596749447993657,2.3698304957451886e-06
1418,2003-11-19,0.5597405155947616,0,8.22468955967591,-0.36775807493600565,1.0849911589076591e-05
1419,2003-11-20,0.560024946916455,0,8.23049969722871,-1.2946785707061137,2.724807450856846e-05
1420,2003-11-21,0.5603094270516522,0,8.236309834781506,-0.6053251260496693,1.3592725990706216e-05
1421,2003-11-22,0.5605939560003534,0,8.242119972334308,0.030327980281281194,7.154825493047389e-06
1422,2003-11-23,0.5608785337625585,0,8.247930109887108,0.30132889930902323,5.4232289693064205e-06
1423,2003-11-24,0.5611631603382676,0,8.253740247439907,-1.0652183985054795,2.1139512561633638e-05
1424,2003-11-25,0.5614478357274806,0,8.259550384992705,0.5774510095833706,4.064861623708191e-06
1425,2003-11-26,0.5617325599301974,0,8.265360522545505,-0.4707550848298282,1.1524681283841382e-05
1426,2003-11-27,0.5620173329464182,0,8.271170660098301,-0.7037796245209448,1.4460496659806183e-05
1427,2003-11-28,0.562302154776143,0,8.276980797651103,-0.30821118808837367,9.677050626113259e-06
1428,2003-11-29,0.5625870254193717,0,8.282790935203899,-0.40794352543376294,1.0626963488195151e-05
1429,2003-11-30,0.5628719448761043,0,8.288601072756702,0.6021169038160267,3.846789907974635e-06
1430,2003-12-01,0.5631569131463408,0,8.294411210309502,1.0257923244786575,2.502946114573322e-06
1431,2003-12-02,0.5634419302300813,0,8.3002213478623,0.5374735626422974,4.053951526819547e-06
1432,2003-12-03,0.5637269961273257,0,8.306031485415097,0.48541144130064334,4.244648482748624e-06
1433,2003-12-04,0.564012110838074,0,8.311841622967897,0.11372243032147716,6.118107200287833e-06
1434,2003-12-05,0.5642972743623261,0,8.3176517605207,-0.629397780018227,1.2785064797200695e-05
1435,2003-12-06,0.5645824867000824,0,8.323461898073496,0.33949889138582984,4.8224671582048105e-06
1436,2003-12-07,0.5648677478513424,0,8.329272035626298,1.72221770421503,1.2025826399926753e-06
1437,2003-12-08,0.5651530578161065,0,8.335082173179094,0.4610494681961528,4.218772599843853e-06
1438,2003-12-09,0.5654384165943744,0,8.340892310731896,0.817148944359575,2.9368843077203597e-06
1439,2003-12-10,0.5657238241861463,0,8.346702448284692,0.5491777931434657,3.816084382673274e-06
1440,2003-12-11,0.5660092805914221,0,8.352512585837493,0.08388879316155667,6.040086132696504e-06
1441,2003-12-12,0.5662947858102019,0,8.358322723390291,1.6767629995074398,1.2207292463865386e-06
1442,2003-12-13,0.5665803398424855,0,8.364132860943089,2.1785348005603593,7.346074019156462e-07
1443,2003-12-14,0.5668659426882731,0,8.369942998495889,-1.850574959832802,4.1041959690447115e-05
1444,2003-12-15,0.5671515943475646,0,8.375753136048688,0.449167365525937,4.090866623081492e-06
1445,2003-12-16,0.5674372948203601,0,8.381563273601488,0.21734728078343993,5.126796922572126e-06
1446,2003-12-17,0.5677230441066594,0,8.387373411154288,0.8783821855093017,2.6309639265729603e-06
1447,2003-12-18,0.5680088422064626,0,8.39318354870709,0.2650658862275962,4.828668006957727e-06
1448,2003-12-19,0.5682946891197699,0,8.398993686259887,-0.3996623535666315,9.329700466496695e-06
1449,2003-12-20,0.568580584846581,0,8.404803823812685,0.18633672405453847,5.160883568819632e-06
1450,2003-12-21,0.5688665293868962,0,8.410613961365485,-1.8448707279057786,3.9103781230155594e-05
1451,2003-12-22,0.5691525227407153,0,8.416424098918286,0.007155999061793993,6.0988261064530385e-06
1452,2003-12-23,0.569438564908038,0,8.422234236471084,-0.9043688505169915,1.5082346907683012e-05
1453,2003-12-24,0.5697246558888649,0,8.42804437402388,-1.3484958779192369,2.337239861589834e-05
1454,2003-12-25,0.5700107956831957,0,8.43385451157668,0.7452310898428797,2.862606389172878e-06
1455,2003-12-26,0.5702969842910304,0,8.439664649129481,-1.7563533030867762,3.471669174749289e-05
1456,2003-12-27,0.5705832217123691,0,8.445474786682277,-1.1367709672129338,1.856989814883217e-05
1457,2003-12-28,0.5708695079472117,0,8.45128492423508,0.9025396841128185,2.4015991201105037e-06
1458,2003-12-29,0.5711558429955581,0,8.457095061787875,-1.2856894383716457,2.129063842212623e-05
1459,2003-12-30,0.5714422268574086,0,8.462905199340677,0.310302623366209,4.289537345495641e-06
1460,2003-12-31,0.5717286595327629,0,8.468715336893476,-0.8914145681094495,1.417953181808972e-05
1461,2004-01-01,0.5720151410216212,0,8.474525474446278,0.08123509461092272,5.328411809035567e-06
1462,2004-01-02,0.5723016713239835,0,8.480335611999076,-0.5709936898097646,1.0167387949716168e-05
1463,2004-01-03,0.5725882504398496,0,8.486145749551877,-0.06414870170546941,6.0875374085376075e-06
1464,2004-01-04,0.5728748783692196,0,8.491955887104671,-0.2787392046532087,7.498757731289345e-06
1465,2004-01-05,0.5731615551120935,0,8.497766024657473,-0.9007884683147123,1.3883343612781145e-05
1466,2004-01-06,0.5734482806684715,0,8.50357616221027,2.101561476382956,6.853970405147565e-07
1467,2004-01-07,0.5737350550383533,0,8.509386299763072,-0.620166497070367,1.03591902655905e-05
1468,2004-01-08,0.5740218782217391,0,8.515196437315872,0.15630383528449188,4.736539382551655e-06
1469,2004-01-09,0.5743087502186288,0,8.521006574868668,-0.5987515344485196,1.001681460254529e-05
1470,2004-01-10,0.5745956710290223,0,8.526816712421466,0.7059176047387424,2.7006674431465557e-06
1471,2004-01-11,0.5748826406529199,0,8.532626849974267,1.485754204299738,1.230677999825189e-06
1472,2004-01-12,0.5751696590903215,0,8.538436987527065,0.016821084710286892,5.314299469079356e-06
1473,2004-01-13,0.5754567263412269,0,8.544247125079869,-0.2572062378504509,6.947148712785792e-06
1474,2004-01-14,0.5757438424056361,0,8.550057262632665,0.16520554676867236,4.525926375239931e-06
1475,2004-01-15,0.5760310072835495,0,8.555867400185464,0.5069321568696076,3.196314308729807e-06
1476,2004-01-16,0.5763182209749667,0,8.561677537738262,-0.05266311280322366,5.5594338965178715e-06
1477,2004-01-17,0.5766054834798877,0,8.567487675291064,1.839705422890555,8.327934307625998e-07
1478,2004-01-18,0.5768927947983128,0,8.57329781284386,-1.0111359939392153,1.4321677780509115e-05
1479,2004-01-19,0.5771801549302418,0,8.579107950396663,0.22161044078596834,4.149261579262443e-06
1480,2004-01-20,0.5774675638756747,0,8.58491808794946,0.3360238164105579,3.678185145609348e-06
1481,2004-01-21,0.5777550216346115,0,8.59072822550226,0.48552255336552974,3.148175665687823e-06
1482,2004-01-22,0.5780425282070523,0,8.596538363055057,-0.44380837833427866,7.925270240169555e-06
1483,2004-01-23,0.578330083592997,0,8.602348500607858,-0.32321079896563826,6.9821797043141305e-06
1484,2004-01-24,0.5786176877924455,0,8.608158638160656,0.19533074976462098,4.1318359828567995e-06
1485,2004-01-25,0.5789053408053981,0,8.613968775713456,-1.237073996591533,1.7202054285454084e-05
1486,2004-01-26,0.5791930426318544,0,8.619778913266254,-1.1173405593309251,1.516814545781133e-05
1487,2004-01-27,0.5794807932718149,0,8.625589050819055,-0.27646028793196037,6.502712357665783e-06
1488,2004-01-28,0.5797685927252791,0,8.631399188371855,0.34424617904414373,3.4743762679694154e-06
1489,2004-01-29,0.5800564409922475,0,8.637209325924655,-0.15209415214816718,5.672655311631623e-06
1490,2004-01-30,0.5803443380727196,0,8.643019463477453,-0.07350874043719458,5.212053222297825e-06
1491,2004-01-31,0.5806322839666958,0,8.648829601030252,-0.7958863825943026,1.0668051452883607e-05
1492,2004-02-01,0.5809202786741757,0,8.65463973858305,-0.9882492090438942,1.2852240107789508e-05
1493,2004-02-02,0.5812083221951597,0,8.66044987613585,0.1376158211401214,4.14355830375466e-06
1494,2004-02-03,0.5814964145296475,0,8.66626001368865,0.9592716663846533,1.8108581287594242e-06
1495,2004-02-04,0.5817845556776394,0,8.67207015124145,1.0750340097181814,1.6031015397221351e-06
1496,2004-02-05,0.582072745639135,0,8.677880288794249,-0.9660680953469302,1.2267383505273836e-05
1497,2004-02-06,0.5823609844141348,0,8.683690426347045,1.056987891818271,1.6125062235339508e-06
1498,2004-02-07,0.5826492720026384,0,8.689500563899845,1.018549124122373,1.6655076498910356e-06
1499,2004-02-08,0.5829376084046459,0,8.695310701452646,0.9188747115697145,1.8288839371350726e-06
1500,2004-02-09,0.5832259936201574,0,8.701120839005446,-1.1824360864791192,1.4863643321756704e-05
1501,2004-02-10,0.5835144276491726,0,8.706930976558244,-1.4995187188257868,2.0285416856483048e-05
1502,2004-02-11,0.583802910491692,0,8.712741114111044,1.2788695473284528,1.25284298885339e-06
1503,2004-02-12,0.5840914421477152,0,8.718551251663843,-1.545076330044574,2.0973559396186664e-05
1504,2004-02-13,0.5843800226172424,0,8.724361389216641,-0.9472298793610358,1.146521190993189e-05
1505,2004-02-14,0.5846686519002734,0,8.73017152676944,1.7750760723627577,7.489468050989581e-07
1506,2004-02-15,0.5849573299968085,0,8.735981664322237,0.6763318567945308,2.233473687050546e-06
1507,2004-02-16,0.5852460569068474,0,8.741791801875038,0.8906178740002844,1.7917148876731348e-06
1508,2004-02-17,0.5855348326303903,0,8.747601939427835,2.202796098890794,4.794556221831233e-07
1509,2004-02-18,0.585823657167437,0,8.753412076980636,-0.3045823391113667,5.848443379017925e-06
1510,2004-02-19,0.5861125305179877,0,8.759222214533434,1.3756713847663582,1.0830951283770554e-06
1511,2004-02-20,0.5864014526820424,0,8.765032352086237,0.007830178289254992,4.227306160749618e-06
1512,2004-02-21,0.5866904236596009,0,8.770842489639035,2.2899365593283503,4.2885322956763055e-07
1513,2004-02-22,0.5869794434506634,0,8.776652627191835,-2.365096672761428,4.4803825837565173e-05
1514,2004-02-23,0.5872685120552299,0,8.782462764744631,0.6079594058926231,2.277636423992857e-06
1515,2004-02-24,0.5875576294733003,0,8.788272902297434,-1.443916603594071,1.7617892476818998e-05
1516,2004-02-25,0.5878467957048745,0,8.79408303985023,0.6768420646684686,2.1002513574536315e-06
1517,2004-02-26,0.5881360107499527,0,8.799893177403032,-1.7261307791140048,2.3079171007526902e-05
1518,2004-02-27,0.5884252746085348,0,8.805703314955831,-0.3289808255358438,5.672790610273259e-06
1519,2004-02-28,0.588714587280621,0,8.811513452508628,-0.3191180705977738,5.5829592235696734e-06
1520,2004-02-29,0.5890039487662109,0,8.817323590061427,-1.624809345664761,2.04771726952776e-05
1521,2004-03-01,0.5892933590653048,0,8.823133727614227,-1.8421694270966882,2.529410266286582e-05
1522,2004-03-02,0.5895828181779026,0,8.828943865167025,-0.6300291262841057,7.480737435457177e-06
1523,2004-03-03,0.5898723261040044,0,8.834754002719826,-0.3965707604996063,5.887157970612415e-06
1524,2004-03-04,0.5901618828436102,0,8.840564140272626,-0.2889609097929253,5.254389478896865e-06
1525,2004-03-05,0.5904514883967198,0,8.846374277825424,-1.7305109499497362,2.207650929844569e-05
1526,2004-03-06,0.5907411427633333,0,8.852184415378225,-0.19584194193990845,4.729149211536578e-06
1527,2004-03-07,0.5910308459434508,0,8.857994552931023,1.763267901960658,6.626791324811438e-07
1528,2004-03-08,0.5913205979370721,0,8.863804690483821,-0.5219907456932275,6.473354144440783e-06
1529,2004-03-09,0.5916103987441975,0,8.869614828036624,-1.0322424789114206,1.0717159879707752e-05
1530,2004-03-10,0.5919002483648268,0,8.875424965589419,1.1141607855543654,1.245258242755268e-06
1531,2004-03-11,0.59219014679896,0,8.88123510314222,0.24478129570733323,2.952411771990579e-06
1532,2004-03-12,0.5924800940465971,0,8.887045240695018,-1.294531408237986,1.367863334212053e-05
1533,2004-03-13,0.5927700901077382,0,8.89285537824782,-0.8358138739876297,8.593596539175322e-06
1534,2004-03-14,0.5930601349823832,0,8.898665515800616,1.1532603872966152,1.1686425875959223e-06
1535,2004-03-15,0.593350228670532,0,8.904475653353417,-1.939560381401831,2.5599259651232874e-05
1536,2004-03-16,0.5936403711721849,0,8.910285790906212,0.3963216841239891,2.4610327664752226e-06
1537,2004-03-17,0.5939305624873417,0,8.916095928459018,-0.5034405679283436,6.014919756652252e-06
1538,2004-03-18,0.5942208026160023,0,8.921906066011811,0.6005354572827935,1.9821192605226223e-06
1539,2004-03-19,0.5945110915581668,0,8.927716203564614,0.6805639165875179,1.8185467990823442e-06
1540,2004-03-20,0.5948014293138355,0,8.933526341117412,0.3999565667600954,2.392992308188041e-06
1541,2004-03-21,0.5950918158830079,0,8.939336478670212,0.03090264947961226,3.440091217617096e-06
1542,2004-03-22,0.5953822512656843,0,8.945146616223012,1.5569054020071686,7.433373217108884e-07
1543,2004-03-23,0.5956727354618645,0,8.950956753775811,-1.5854910342343869,1.711046863063933e-05
1544,2004-03-24,0.5959632684715488,0,8.956766891328607,-0.13692092335621012,3.99490458517287e-06
1545,2004-03-25,0.596253850294737,0,8.96257702888141,-0.6632153073288752,6.720841433187357e-06
1546,2004-03-26,0.5965444809314291,0,8.968387166434207,-0.9341540086066461,8.758733291422712e-06
1547,2004-03-27,0.5968351603816251,0,8.974197303987005,0.7955616107494201,1.5437813929440188e-06
1548,2004-03-28,0.5971258886453251,0,8.980007441539806,0.15051147852433638,2.9246772218964836e-06
1549,2004-03-29,0.5974166657225289,0,8.985817579092602,0.3576396950335812,2.3630543348848725e-06
1550,2004-03-30,0.5977074916132368,0,8.991627716645405,0.9644785363682897,1.2801985552477906e-06
1551,2004-03-31,0.5979983663174485,0,8.997437854198203,-0.7616349603531828,7.149394527511127e-06
1552,2004-04-01,0.5982892898351642,0,9.003247991751003,0.8374744029360623,1.4359364966986604e-06
1553,2004-04-02,0.5985802621663838,0,9.009058129303801,-0.8027897508284524,7.3594138614092605e-06
1554,2004-04-03,0.5988712833111073,0,9.0148682668566,0.21361559758874252,2.6471240434818666e-06
1555,2004-04-04,0.5991623532693346,0,9.020678404409397,1.6455856717460575,6.283879819596532e-07
1556,2004-04-05,0.5994534720410661,0,9.026488541962202,-0.252315400374886,4.167024859342042e-06
1557,2004-04-06,0.5997446396263014,0,9.032298679514996,-0.9133521706094223,8.021599037859503e-06
1558,2004-04-07,0.6000358560250407,0,9.038108817067798,1.07823022974771,1.0881228209609957e-06
1559,2004-04-08,0.6003271212372838,0,9.043918954620594,-1.9686330617756727,2.2764809889067314e-05
1560,2004-04-09,0.6006184352630308,0,9.049729092173395,0.9399051312586137,1.234389200348148e-06
1561,2004-04-10,0.600909798102282,0,9.055539229726195,0.4632291759725723,1.9761504360156523e-06
1562,2004-04-11,0.6012012097550369,0,9.061349367278996,-2.4749485837842657,3.708553266967799e-05
1563,2004-04-12,0.6014926702212957,0,9.067159504831794,-0.06345859518138605,3.3056573592716413e-06
1564,2004-04-13,0.6017841795010586,0,9.072969642384594,0.33077803970968284,2.2150989390017286e-06
1565,2004-04-14,0.6020757375943252,0,9.07877977993739,-0.3863381623708943,4.510065048831965e-06
1566,2004-04-15,0.602367344501096,0,9.084589917490192,-0.6894133218614185,6.0695531831957955e-06
1567,2004-04-16,0.6026590002213704,0,9.09040005504299,1.6107775718588129,6.047091409534649e-07
1568,2004-04-17,0.602950704755149,0,9.09621019259579,2.0859744955554294,3.736983114030187e-07
1569,2004-04-18,0.6032424581024314,0,9.102020330148589,0.23276829123190615,2.369781726382228e-06
1570,2004-04-19,0.6035342602632177,0,9.107830467701387,0.8737870529423033,1.2407017548995994e-06
1571,2004-04-20,0.6038261112375081,0,9.113640605254187,-1.6682834346587085,1.5668395374107534e-05
1572,2004-04-21,0.6041180110253023,0,9.119450742806986,1.9465165571409693,4.192632062145929e-07
1573,2004-04-22,0.6044099596266004,0,9.125260880359788,-0.1353977596394383,3.341954620277928e-06
1574,2004-04-23,0.6047019570414025,0,9.131071017912584,-0.04828852868781569,3.0445237517078554e-06
1575,2004-04-24,0.6049940032697083,0,9.136881155465383,1.3356959471730512,7.582499683969267e-07
1576,2004-04-25,0.6052860983115183,0,9.142691293018183,1.5829563867474838,5.88543259882889e-07
1577,2004-04-26,0.6055782421668322,0,9.148501430570983,0.49473895081138114,1.736740895417106e-06
1578,2004-04-27,0.6058704348356501,0,9.154311568123784,1.0456169611122148,9.950422979188163e-07
1579,2004-04-28,0.6061626763179716,0,9.16012170567658,-1.0424894058963432,7.980762479586026e-06
1580,2004-04-29,0.6064549666137973,0,9.16593184322938,-1.2753889241420837,1.0012467296426521e-05
1581,2004-04-30,0.6067473057231267,0,9.171741980782178,-1.6379777974001681,1.430082807183439e-05
1582,2004-05-01,0.6070396936459603,0,9.177552118334978,-0.6898391856513499,5.507310026424752e-06
1583,2004-05-02,0.6073321303822977,0,9.183362255887776,-1.1914006393229901,9.038879204084572e-06
1584,2004-05-03,0.6076246159321391,0,9.189172393440579,-0.09258626976098445,2.994023671276021e-06
1585,2004-05-04,0.6079171502954843,0,9.194982530993373,0.20009783278399668,2.2207198892218953e-06
1586,2004-05-05,0.6082097334723335,0,9.200792668546173,0.4923686394225451,1.6478277252514873e-06
1587,2004-05-06,0.6085023654626867,0,9.206602806098973,-1.5043216354494438,1.2061823662987441e-05
1588,2004-05-07,0.6087950462665437,0,9.212412943651772,-0.18551976188565458,3.206374000416919e-06
1589,2004-05-08,0.6090877758839046,0,9.218223081204576,-1.6866554769021846,1.429877045826134e-05
1590,2004-05-09,0.6093805543147696,0,9.224033218757373,-0.4900679256527415,4.2951354190184785e-06
1591,2004-05-10,0.6096733815591384,0,9.229843356310171,0.60745272915306,1.4245549722842484e-06
1592,2004-05-11,0.6099662576170112,0,9.23565349386297,1.919989755134842,3.810668062268328e-07
1593,2004-05-12,0.6102591824883878,0,9.24146363141577,-1.273889719662718,9.23495589303504e-06
1594,2004-05-13,0.6105521561732685,0,9.247273768968569,0.4328756012909587,1.6655033755244644e-06
1595,2004-05-14,0.610845178671653,0,9.25308390652137,0.04160665963720389,2.448053421660013e-06
1596,2004-05-15,0.6111382499835415,0,9.258894044074164,1.14194538826727,8.096536215348297e-07
1597,2004-05-16,0.6114313701089338,0,9.264704181626964,0.858413027971515,1.068526238762107e-06
1598,2004-05-17,0.6117245390478302,0,9.270514319179766,-0.08208935427480223,2.7201293324243793e-06
1599,2004-05-18,0.6120177568002304,0,9.276324456732564,0.44800406191822506,1.5911907834893293e-06
1600,2004-05-19,0.6123110233661346,0,9.282134594285365,-0.3995448900301614,3.6911136112693315e-06
1601,2004-05-20,0.6126043387455427,0,9.287944731838161,-0.12667725628910567,2.792555475127084e-06
1602,2004-05-21,0.6128977029384548,0,9.293754869390963,-0.5669498351017513,4.310811608342744e-06
1603,2004-05-22,0.6131911159448706,0,9.29956500694376,-0.681252865869426,4.803408042334559e-06
1604,2004-05-23,0.6134845777647906,0,9.305375144496562,0.5712954617991547,1.3643440282656482e-06
1605,2004-05-24,0.6137780883982145,0,9.31118528204936,-0.7096699064189013,4.881904781503707e-06
1606,2004-05-25,0.6140716478451421,0,9.316995419602163,2.0233909866676516,3.1548973843524987e-07
1607,2004-05-26,0.6143652561055738,0,9.322805557154958,0.43311850150243736,1.538087277777107e-06
1608,2004-05-27,0.6146589131795094,0,9.328615694707757,-0.5425073694491758,4.0554501535449915e-06
1609,2004-05-28,0.614952619066949,0,9.334425832260557,0.6457513240558341,1.228383597097429e-06
1610,2004-05-29,0.6152463737678924,0,9.340235969813357,1.1993533997760686,7.018701865211485e-07
1611,2004-05-30,0.6155401772823397,0,9.346046107366154,-1.0020082886438142,6.304419754816679e-06
1612,2004-05-31,0.6158340296102911,0,9.351856244918954,-0.36495190268213595,3.313783407233757e-06
1613,2004-06-01,0.6161279307517462,0,9.357666382471749,-0.08314300108474636,2.4847638371416734e-06
1614,2004-06-02,0.6164218807067054,0,9.363476520024554,0.8612378291625511,9.604942357642743e-07
1615,2004-06-03,0.6167158794751685,0,9.36928665757735,-0.1372096957345025,2.5909797615649147e-06
1616,2004-06-04,0.6170099270571355,0,9.375096795130153,-1.7254393340831273,1.260585695574752e-05
1617,2004-06-05,0.6173040234526064,0,9.380906932682953,-0.9357785304528521,5.688215088005908e-06
1618,2004-06-06,0.6175981686615813,0,9.386717070235749,-0.7918074083116678,4.895522937517946e-06
1619,2004-06-07,0.6178923626840601,0,9.392527207788547,-0.26660543350808513,2.877767427816631e-06
1620,2004-06-08,0.6181866055200429,0,9.398337345341348,0.6851809135179057,1.1042032867319707e-06
1621,2004-06-09,0.6184808971695295,0,9.404147482894148,0.9478746062202403,8.439398501942527e-07
1622,2004-06-10,0.6187752376325201,0,9.40995762044695,0.3416400290243396,1.5379587415939972e-06
1623,2004-06-11,0.6190696269090146,0,9.415767757999747,-0.5871190830705314,3.8694432358153454e-06
1624,2004-06-12,0.619364064999013,0,9.421577895552543,-0.5311791609771876,3.6366616519413282e-06
1625,2004-06-13,0.6196585519025154,0,9.427388033105343,-0.48642116261656876,3.4563167862338298e-06
1626,2004-06-14,0.6199530876195216,0,9.433198170658143,0.9774739521630348,7.946954824699912e-07
1627,2004-06-15,0.6202476721500318,0,9.439008308210942,-0.5559332671620596,3.6601576439998948e-06
1628,2004-06-16,0.620542305494046,0,9.444818445763744,-0.6056770217723192,3.823419588159889e-06
1629,2004-06-17,0.620836987651564,0,9.45062858331654,0.052728023687396,1.967247459745374e-06
1630,2004-06-18,0.621131718622586,0,9.456438720869338,1.9437208938760473,2.950936835940443e-07
1631,2004-06-19,0.6214264984071121,0,9.46224885842214,-0.38144811114469723,2.999968192557824e-06
1632,2004-06-20,0.6217213270051418,0,9.46805899597494,2.3766123393589944,1.8908403548934628e-07
1633,2004-06-21,0.6220162044166756,0,9.473869133527739,1.2586146270858078,5.748356913383385e-07
1634,2004-06-22,0.6223111306417133,0,9.479679271080535,0.5431808815462977,1.1684261222291936e-06
1635,2004-06-23,0.622606105680255,0,9.485489408633335,-0.42990734668795666,3.0729584565221146e-06
1636,2004-06-24,0.6229011295323005,0,9.491299546186134,1.7322265028873647,3.5148148379859696e-07
1637,2004-06-25,0.62319620219785,0,9.497109683738934,0.498750172807941,1.199341760131727e-06
1638,2004-06-26,0.6234913236769033,0,9.502919821291734,-0.04749722698755061,2.058371248159297e-06
1639,2004-06-27,0.6237864939694607,0,9.508729958844533,0.31875746819486833,1.4184362193475768e-06
1640,2004-06-28,0.6240817130755221,0,9.514540096397331,0.0856101322357898,1.7799708541681293e-06
1641,2004-06-29,0.6243769809950872,0,9.520350233950127,-0.4424578866989033,2.999841948867439e-06
1642,2004-06-30,0.6246722977281562,0,9.52616037150293,-1.0899075013880963,5.6967951593568306e-06
1643,2004-07-01,0.6249676632747294,0,9.53197050905573,-0.8163829475736505,4.307138261169939e-06
1644,2004-07-02,0.6252630776348063,0,9.53778064660853,-0.9437296950898623,4.862316170427265e-06
1645,2004-07-03,0.6255585408083872,0,9.543590784161328,-1.1540329530217568,5.963828018404663e-06
1646,2004-07-04,0.6258540527954721,0,9.549400921714124,0.4968753380793746,1.1373472978996217e-06
1647,2004-07-05,0.6261496135960609,0,9.555211059266927,1.6440041270622432,3.58963032939407e-07
1648,2004-07-06,0.6264452232101535,0,9.561021196819727,0.5436331363955903,1.0722179734166866e-06
1649,2004-07-07,0.6267408816377502,0,9.566831334372527,0.4758666257902293,1.1404125581070122e-06
1650,2004-07-08,0.6270365888788507,0,9.572641471925321,-0.2845594944044701,2.42470620728764e-06
1651,2004-07-09,0.6273323449334551,0,9.57845160947812,1.143276872447629,5.779708205604779e-07
1652,2004-07-10,0.6276281498015636,0,9.58426174703092,0.7431415435275172,8.57098433679492e-07
1653,2004-07-11,0.6279240034831759,0,9.590071884583722,-0.13725004159095827,2.054603911016524e-06
1654,2004-07-12,0.6282199059782921,0,9.595882022136523,-0.6080210117965175,3.2698627629035436e-06
1655,2004-07-13,0.6285158572869123,0,9.601692159689321,0.234440932168521,1.3995909042525064e-06
1656,2004-07-14,0.6288118574090364,0,9.607502297242121,-2.105723282669718,1.444340717868304e-05
1657,2004-07-15,0.6291079063446645,0,9.613312434794917,0.6169342373246782,9.431540513490216e-07
1658,2004-07-16,0.6294040040937964,0,9.619122572347719,1.4875460386325585,3.9249021058385474e-07
1659,2004-07-17,0.6297001506564324,0,9.624932709900516,0.7462297836233796,8.187031521935758e-07
1660,2004-07-18,0.6299963460325722,0,9.630742847453318,0.048791852903063725,1.6344361548078423e-06
1661,2004-07-19,0.6302925902222158,0,9.636552985006114,-0.3357211449657546,2.3862056292757707e-06
1662,2004-07-20,0.6305888832253636,0,9.642363122558914,0.7914954528989275,7.682665568141101e-07
1663,2004-07-21,0.6308852250420152,0,9.648173260111712,-0.4656735392980903,2.6843644229648904e-06
1664,2004-07-22,0.6311816156721706,0,9.653983397664513,0.6365817788396444,8.861067410918975e-07
1665,2004-07-23,0.6314780551158301,0,9.659793535217311,2.175313463420404,1.890476608435023e-07
1666,2004-07-24,0.6317745433729935,0,9.665603672770112,0.10480747037323944,1.489802029912503e-06
1667,2004-07-25,0.6320710804436609,0,9.671413810322909,-1.0042571422589592,4.488870824187502e-06
1668,2004-07-26,0.632367666327832,0,9.67722394787571,0.43858483540431703,1.0540632757207597e-06
1669,2004-07-27,0.6326643010255072,0,9.683034085428506,0.12689097692143725,1.430808355950134e-06
1670,2004-07-28,0.6329609845366863,0,9.68884422298131,0.4449490452888546,1.0346618713661402e-06
1671,2004-07-29,0.6332577168613693,0,9.694654360534107,0.0809655908606348,1.4798655862638282e-06
1672,2004-07-30,0.6335544979995562,0,9.700464498086907,0.10642752802198395,1.4338776355908392e-06
1673,2004-07-31,0.6338513279512471,0,9.706274635639701,0.32708047908943566,1.1429612578974162e-06
1674,2004-08-01,0.6341482067164419,0,9.712084773192505,-3.222126822773773,3.951667657892004e-05
1675,2004-08-02,0.6344451342951406,0,9.717894910745303,0.5602487072308643,8.942590144318987e-07
1676,2004-08-03,0.6347421106873432,0,9.723705048298104,-0.7497273920300005,3.2940215201176316e-06
1677,2004-08-04,0.6350391358930498,0,9.7295151858509,1.2013263561236263,4.6530985240358666e-07
1678,2004-08-05,0.6353362099122604,0,9.7353253234037,1.239781228863228,4.4502989007512995e-07
1679,2004-08-06,0.6356333327449748,0,9.741135460956503,1.6481598183316835,2.9402229528458263e-07
1680,2004-08-07,0.6359305043911931,0,9.746945598509301,0.6396000732487097,8.011979416052733e-07
1681,2004-08-08,0.6362277248509154,0,9.7527557360621,-2.313262843448098,1.5258066504926752e-05
1682,2004-08-09,0.6365249941241417,0,9.7585658736149,0.5176374224849577,8.9413424006543e-07
1683,2004-08-10,0.6368223122108718,0,9.764376011167698,0.1703800435800636,1.2576571242111587e-06
1684,2004-08-11,0.6371196791111059,0,9.770186148720496,1.8974948195556935,2.2224570817537004e-07
1685,2004-08-12,0.6374170948248439,0,9.775996286273298,1.25486039887222,4.2002340286303174e-07
1686,2004-08-13,0.6377145593520858,0,9.781806423826096,1.4112948689678977,3.5701163013279335e-07
1687,2004-08-14,0.6380120726928317,0,9.787616561378897,0.1315478836057631,1.2759007683378708e-06
1688,2004-08-15,0.6383096348470814,0,9.793426698931695,-0.10437403349811473,1.6055504086549896e-06
1689,2004-08-16,0.6386072458148352,0,9.799236836484493,-0.5934759918594096,2.602469602636145e-06
1690,2004-08-17,0.6389049055960927,0,9.80504697403729,-0.8704414675296749,3.4120678656367245e-06
1691,2004-08-18,0.6392026141908543,0,9.81085711159009,-0.9077972483977126,3.5203712557520444e-06
1692,2004-08-19,0.6395003715991199,0,9.816667249142894,0.5286620168896211,8.319352166333589e-07
1693,2004-08-20,0.6397981778208892,0,9.82247738669569,1.2439217746066602,4.043928763659932e-07
1694,2004-08-21,0.6400960328561626,0,9.82828752424849,-0.2338350602564786,1.7617020841215784e-06
1695,2004-08-22,0.6403939367049398,0,9.834097661801286,-0.028788819157120005,1.4263605818377845e-06
1696,2004-08-23,0.6406918893672211,0,9.839907799354087,0.6310369635846987,7.328547752797537e-07
1697,2004-08-24,0.6409898908430062,0,9.845717936906885,0.04221634422608303,1.3124619962676153e-06
1698,2004-08-25,0.6412879411322953,0,9.851528074459685,0.169833533476447,1.148181495753205e-06
1699,2004-08-26,0.6415860402350883,0,9.857338212012483,0.8232532353425756,5.937193442076241e-07
1700,2004-08-27,0.641884188151385,0,9.863148349565284,-1.0590122964027344,3.876019366378804e-06
1701,2004-08-28,0.642182384881186,0,9.868958487118082,-1.2235077869834583,4.541220673822273e-06
1702,2004-08-29,0.6424806304244907,0,9.874768624670882,-0.019720921709278944,1.3543215101797548e-06
1703,2004-08-30,0.6427789247812995,0,9.880578762223683,0.955118796510034,5.078101855607834e-07
1704,2004-08-31,0.643077267951612,0,9.886388899776483,-0.3790724780251843,1.916374734513742e-06
1705,2004-09-01,0.6433756599354286,0,9.892199037329283,-0.5558340445236373,2.2729721200172513e-06
1706,2004-09-02,0.643674100732749,0,9.898009174882077,-0.6278374404157944,2.4277941711872747e-06
1707,2004-09-03,0.6439725903435735,0,9.903819312434878,-0.3722547050091815,1.868791067894945e-06
1708,2004-09-04,0.6442711287679017,0,9.90962944998768,0.8448976008234341,5.499272689551235e-07
1709,2004-09-05,0.6445697160057341,0,9.915439587540478,-0.07504781931390384,1.3714484547703484e-06
1710,2004-09-06,0.6448683520570702,0,9.921249725093277,-0.5397088811084501,2.169332975578085e-06
1711,2004-09-07,0.6451670369219104,0,9.927059862646075,0.21307106769790587,1.0156521967844792e-06
1712,2004-09-08,0.6454657706002543,0,9.932870000198873,1.2431541500471128,3.6035666962895036e-07
1713,2004-09-09,0.6457645530921023,0,9.938680137751673,-0.6167806759431107,2.3005884014054795e-06
1714,2004-09-10,0.6460633843974541,0,9.944490275304474,-0.09373689037804733,1.3552855396387612e-06
1715,2004-09-11,0.6463622645163101,0,9.950300412857272,0.38934932915553006,8.309521436005103e-07
1716,2004-09-12,0.6466611934486698,0,9.956110550410076,0.7363585403628383,5.837389774990835e-07
1717,2004-09-13,0.6469601711945334,0,9.96192068796287,1.3282861154353656,3.209923323886797e-07
1718,2004-09-14,0.6472591977539011,0,9.967730825515671,-0.23045728247210903,1.5163349271498812e-06
1719,2004-09-15,0.6475582731267726,0,9.97354096306847,-0.5500230968377686,2.074567695498676e-06
1720,2004-09-16,0.6478573973131481,0,9.97935110062127,0.47986364258710973,7.362075455964592e-07
1721,2004-09-17,0.6481565703130274,0,9.985161238174069,0.8398198174155365,5.105285618907813e-07
1722,2004-09-18,0.6484557921264107,0,9.990971375726868,0.48547127000943374,7.231999738615196e-07
1723,2004-09-19,0.648755062753298,0,9.996781513279664,-2.2244148045957832,1.0801739223509057e-05
1724,2004-09-20,0.6490543821936892,0,10.002591650832466,1.7853901365623608,1.9471715943954388e-07
1725,2004-09-21,0.6493537504475843,0,10.008401788385262,0.35704225957021846,8.073735209244001e-07
1726,2004-09-22,0.6496531675149833,0,10.01421192593806,-1.1096120909722866,3.4784122140411875e-06
1727,2004-09-23,0.6499526333958862,0,10.02002206349086,0.050066694818672715,1.0841405357177832e-06
1728,2004-09-24,0.650252148090293,0,10.02583220104366,-0.48001637729338864,1.8308145186271185e-06
1729,2004-09-25,0.6505517115982038,0,10.031642338596459,1.4004717553013661,2.7752704983029035e-07
1730,2004-09-26,0.6508513239196185,0,10.037452476149259,-0.849861790122582,2.617937834709445e-06
1731,2004-09-27,0.6511509850545373,0,10.04326261370206,-1.2093647805661532,3.727657847939788e-06
1732,2004-09-28,0.6514506950029598,0,10.049072751254862,0.9218063730895839,4.39771111951237e-07
1733,2004-09-29,0.6517504537648864,0,10.054882888807658,0.16882095386582954,9.28091116972948e-07
1734,2004-09-30,0.6520502613403167,0,10.060693026360456,-0.5563295488005258,1.9048727204138231e-06
1735,2004-10-01,0.6523501177292512,0,10.066503163913257,-0.8174160594482776,2.4581074132049633e-06
1736,2004-10-02,0.6526500229316894,0,10.072313301466055,-1.2634437656548774,3.81640688165209e-06
1737,2004-10-03,0.6529499769476317,0,10.078123439018855,2.259852753781828,1.1190586659315324e-07
1738,2004-10-04,0.6532499797770778,0,10.083933576571651,1.2951821685860057,2.918437294405257e-07
1739,2004-10-05,0.6535500314200279,0,10.089743714124452,-0.21271957873484568,1.3102982263498918e-06
1740,2004-10-06,0.6538501318764819,0,10.09555385167725,-0.03570428826928446,1.0910376725316695e-06
1741,2004-10-07,0.6541502811464398,0,10.101363989230048,0.8096210150015476,4.6565682017039683e-07
1742,2004-10-08,0.6544504792299016,0,10.107174126782848,0.9954001114574889,3.8435226672329677e-07
1743,2004-10-09,0.6547507261268675,0,10.112984264335651,0.6194472746978841,5.563524218156024e-07
1744,2004-10-10,0.6550510218373371,0,10.118794401888449,-1.8732890372992232,6.687716900321965e-06
1745,2004-10-11,0.6553513663613107,0,10.12460453944125,0.16727438031298203,8.638109393669841e-07
1746,2004-10-12,0.6556517596987883,0,10.130414676994047,1.1134142682932846,3.3332017209240813e-07
1747,2004-10-13,0.6559522018497699,0,10.136224814546846,1.8064503182697071,1.6566321068118298e-07
1748,2004-10-14,0.6562526928142552,0,10.142034952099648,0.07381367735964242,9.31208205348857e-07
1749,2004-10-15,0.6565532325922446,0,10.147845089652446,0.8792193634236397,4.136277956543982e-07
1750,2004-10-16,0.6568538211837378,0,10.153655227205242,-0.09212158459755995,1.0859351096513813e-06
1751,2004-10-17,0.657154458588735,0,10.159465364758043,1.7866448078768709,1.6489675974826475e-07
1752,2004-10-18,0.6574551448072362,0,10.16527550231084,-0.05293555923375548,1.0315204140019125e-06
1753,2004-10-19,0.6577558798392412,0,10.17108563986364,0.3284340537112189,7.001598298823297e-07
1754,2004-10-20,0.6580566636847502,0,10.17689577741644,0.9858863814050459,3.605913736577654e-07
1755,2004-10-21,0.6583574963437631,0,10.182705914969238,-0.5313424885208795,1.6341258434108957e-06
1756,2004-10-22,0.65865837781628,0,10.188516052522036,1.9104296644675267,1.4131339959171488e-07
1757,2004-10-23,0.6589593081023007,0,10.194326190074834,0.5019694882165694,5.744018419142871e-07
1758,2004-10-24,0.6592602872018254,0,10.200136327627638,0.5830771453510665,5.264258314008974e-07
1759,2004-10-25,0.659561315114854,0,10.205946465180439,1.0397864906735617,3.3138801508155297e-07
1760,2004-10-26,0.6598623918413866,0,10.211756602733233,-1.010510901158479,2.5592668695614437e-06
1761,2004-10-27,0.6601635173814231,0,10.217566740286037,-0.20897476035187498,1.141192119063134e-06
1762,2004-10-28,0.6604646917349635,0,10.223376877838831,0.8975294429908649,3.751077050627629e-07
1763,2004-10-29,0.6607659149020078,0,10.229187015391632,0.18122559785441092,7.631126663092326e-07
1764,2004-10-30,0.6610671868825561,0,10.234997152944432,0.8267819483271787,3.9771589655772734e-07
1765,2004-10-31,0.6613685076766083,0,10.240807290497232,-0.16326797561599496,1.0638784112599079e-06
1766,2004-11-01,0.6616698772841644,0,10.246617428050028,2.382009998886397,8.29540555197278e-08
1767,2004-11-02,0.6619712957052244,0,10.25242756560283,0.06953983237307955,8.326767545671429e-07
1768,2004-11-03,0.6622727629397884,0,10.258237703155626,0.2372598239166781,6.998135348592482e-07
1769,2004-11-04,0.6625742789878563,0,10.264047840708429,1.2230390436144343,2.595431700871349e-07
1770,2004-11-05,0.662875843849428,0,10.269857978261228,0.8223381850278805,3.8510352862526036e-07
1771,2004-11-06,0.6631774575245039,0,10.275668115814026,-0.9928386380932063,2.3509558651205996e-06
1772,2004-11-07,0.6634791200130835,0,10.281478253366824,-3.4405743277656256,2.7016448553564548e-05
1773,2004-11-08,0.6637808313151671,0,10.287288390919626,0.8287965624234287,3.756727528044712e-07
1774,2004-11-09,0.6640825914307547,0,10.293098528472425,0.81705276651933,3.7779447256497883e-07
1775,2004-11-10,0.664384400359846,0,10.298908666025225,-0.9417652092179243,2.179948111925267e-06
1776,2004-11-11,0.6646862581024415,0,10.304718803578025,0.12013525674779853,7.492284115510172e-07
1777,2004-11-12,0.6649881646585407,0,10.310528941130823,1.202341727891532,2.523268767983239e-07
1778,2004-11-13,0.665290120028144,0,10.316339078683619,-1.678200969876559,4.4700549561048934e-06
1779,2004-11-14,0.6655921242112512,0,10.322149216236419,-0.5929476871973983,1.500855499553053e-06
1780,2004-11-15,0.6658941772078623,0,10.327959353789218,1.0506328846051003,2.8832773306975705e-07
1781,2004-11-16,0.6661962790179773,0,10.333769491342018,0.0044068918081510144,8.15834526811215e-07
1782,2004-11-17,0.6664984296415963,0,10.339579628894818,0.004269237222427098,8.109747466022376e-07
1783,2004-11-18,0.6668006290787192,0,10.345389766447616,-1.7872087001495085,4.834836132702129e-06
1784,2004-11-19,0.6671028773293459,0,10.351199904000415,-0.7196308802571161,1.652281451497127e-06
1785,2004-11-20,0.6674051743934766,0,10.357010041553213,-1.1730122687009772,2.5842258479799947e-06
1786,2004-11-21,0.6677075202711114,0,10.362820179106015,1.6214934453849996,1.5704981783012902e-07
1787,2004-11-22,0.6680099149622499,0,10.368630316658816,0.49796009292920246,4.80094944914823e-07
1788,2004-11-23,0.6683123584668924,0,10.374440454211612,-0.25771824098871615,1.0159197503146318e-06
1789,2004-11-24,0.6686148507850389,0,10.38025059176441,-0.7733524870487348,1.690993077734158e-06
1790,2004-11-25,0.6689173919166893,0,10.38606072931721,0.4070825462136333,5.16215102202092e-07
1791,2004-11-26,0.6692199818618435,0,10.39187086687001,-1.0857800493677323,2.283063388155704e-06
1792,2004-11-27,0.6695226206205017,0,10.397681004422811,1.0782906304213806,2.606269189316307e-07
1793,2004-11-28,0.669825308192664,0,10.40349114197561,0.3914595950634777,5.148152845586633e-07
1794,2004-11-29,0.67012804457833,0,10.409301279528403,-0.4787650504366332,1.221603888631829e-06
1795,2004-11-30,0.6704308297774999,0,10.41511141708121,-1.5881670579682672,3.6819913845513115e-06
1796,2004-12-01,0.670733663790174,0,10.420921554634004,-0.10686609103731455,8.319689192152637e-07
1797,2004-12-02,0.6710365466163517,0,10.426731692186808,-1.5466585001483593,3.489362982886914e-06
1798,2004-12-03,0.6713394782560336,0,10.432541829739604,0.5346998324029693,4.3268201007896117e-07
1799,2004-12-04,0.6716424587092192,0,10.438351967292407,-0.35271339822865555,1.0445100293666873e-06
1800,2004-12-05,0.6719454879759089,0,10.4441621048452,0.5367616328832114,4.265437688917173e-07
1801,2004-12-06,0.6722485660561024,0,10.449972242398003,-0.22213497619213785,9.055100522036532e-07
1802,2004-12-07,0.6725516929497999,0,10.455782379950803,-0.045143697409042116,7.540011063437699e-07
1803,2004-12-08,0.6728548686570014,0,10.461592517503604,0.42748919348203945,4.671487040885783e-07
1804,2004-12-09,0.6731580931777068,0,10.4674026550564,-0.7441882246757207,1.4984877130737977e-06
1805,2004-12-10,0.673461366511916,0,10.473212792609198,-0.9747216074531286,1.875502043560808e-06
1806,2004-12-11,0.6737646886596292,0,10.479022930161998,-0.7349515516577596,1.4666675648473886e-06
1807,2004-12-12,0.6740680596208464,0,10.4848330677148,0.8960582672669173,2.8532384008651094e-07
1808,2004-12-13,0.6743714793955674,0,10.490643205267599,-0.42028285948924066,1.0577003884826368e-06
1809,2004-12-14,0.6746749479837924,0,10.496453342820399,-2.3426363992203747,7.187454245300096e-06
1810,2004-12-15,0.6749784653855213,0,10.502263480373193,-0.6745031149432258,1.347283173972554e-06
1811,2004-12-16,0.6752820316007542,0,10.508073617925994,-1.2322957960889371,2.3391066392556432e-06
1812,2004-12-17,0.6755856466294909,0,10.513883755478792,-0.7820872636621817,1.4820804251288555e-06
1813,2004-12-18,0.6758893104717316,0,10.519693893031592,-1.3351888482278595,2.5610941679671313e-06
1814,2004-12-19,0.6761930231274763,0,10.525504030584392,-0.27081843974342473,8.780518063329572e-07
1815,2004-12-20,0.6764967845967248,0,10.531314168137193,-0.7711628389483323,1.4393344482494812e-06
1816,2004-12-21,0.6768005948794773,0,10.537124305689987,-0.3381259680989774,9.277713184431675e-07
1817,2004-12-22,0.6771044539757336,0,10.542934443242789,0.6511451277572776,3.428867390629362e-07
1818,2004-12-23,0.677408361885494,0,10.548744580795589,0.5361859656754073,3.823151629835173e-07
1819,2004-12-24,0.6777123186087582,0,10.55455471834839,-0.15448991016810631,7.580937691611991e-07
1820,2004-12-25,0.6780163241455265,0,10.560364855901188,0.12919229555870768,5.673694819735075e-07
1821,2004-12-26,0.6783203784957985,0,10.566174993453988,1.762668586781139,1.1010343609166524e-07
1822,2004-12-27,0.6786244816595746,0,10.571985131006784,-0.4157165997515145,9.665095676576337e-07
1823,2004-12-28,0.6789286336368545,0,10.577795268559585,0.3058051885399096,4.6687199528360943e-07
1824,2004-12-29,0.6792328344276386,0,10.583605406112385,-1.026101826006756,1.7578518385220013e-06
1825,2004-12-30,0.6795370840319264,0,10.589415543665185,-0.0954425395999273,6.888848444366589e-07
1826,2004-12-31,0.679841382449718,0,10.595225681217979,-0.5407096736531912,1.0687305494959905e-06
1827,2005-01-01,0.6801457296810137,0,10.60103581877078,-0.402183966115834,9.248084439654505e-07
1828,2005-01-02,0.6804501257258133,0,10.60684595632358,-1.3080109299901546,2.2740076962026295e-06
1829,2005-01-03,0.6807545705841169,0,10.61265609387638,-1.5272427488802525,2.8141521220384547e-06
1830,2005-01-04,0.6810590642559244,0,10.618466231429183,1.3653384795837578,1.5504578114419163e-07
1831,2005-01-05,0.6813636067412356,0,10.624276368981981,-0.12089418226367252,6.811880576808011e-07
1832,2005-01-06,0.6816681980400511,0,10.630086506534777,0.5776994733702345,3.366790264943629e-07
1833,2005-01-07,0.6819728381523702,0,10.635896644087577,0.7283286420945728,2.8783462212284205e-07
1834,2005-01-08,0.6822775270781934,0,10.641706781640377,-0.0438671576161737,6.192239866750238e-07
1835,2005-01-09,0.6825822648175206,0,10.647516919193176,-1.850919920034092,3.7496018755982646e-06
1836,2005-01-10,0.6828870513703515,0,10.653327056745978,-0.49384747701974835,9.593131692431686e-07
1837,2005-01-11,0.6831918867366865,0,10.659137194298772,-0.4973150664563118,9.567768581796548e-07
1838,2005-01-12,0.6834967709165254,0,10.664947331851572,1.621613048274164,1.1426577101377424e-07
1839,2005-01-13,0.6838017039098682,0,10.670757469404373,-0.43606084638618164,8.889899084456775e-07
1840,2005-01-14,0.684106685716715,0,10.676567606957171,1.006869807813752,2.0872969933559224e-07
1841,2005-01-15,0.6844117163370655,0,10.68237774450997,0.06922174873849374,5.298389016616886e-07
1842,2005-01-16,0.6847167957709202,0,10.68818788206277,1.973451776185034,7.843166662027209e-08
1843,2005-01-17,0.6850219240182787,0,10.693998019615567,1.236901042381835,1.6282291916673984e-07
1844,2005-01-18,0.6853271010791411,0,10.699808157168368,-1.4361731768331927,2.344018702116118e-06
1845,2005-01-19,0.6856323269535075,0,10.705618294721168,0.1513129450648081,4.7628701445364137e-07
1846,2005-01-20,0.6859376016413778,0,10.71142843227397,0.11837675681682619,4.892342531499352e-07
1847,2005-01-21,0.686242925142752,0,10.71723856982677,-0.6039184883076584,1.001266726775343e-06
1848,2005-01-22,0.6865482974576302,0,10.723048707379565,0.7183034106929522,2.6525292248055465e-07
1849,2005-01-23,0.6868537185860122,0,10.728858844932365,0.7123939610905807,2.651982570787622e-07
1850,2005-01-24,0.6871591885278983,0,10.73466898248516,-0.08082042439448035,5.826440576761863e-07
1851,2005-01-25,0.6874647072832882,0,10.740479120037964,-0.40796154200378826,8.031985354006244e-07
1852,2005-01-26,0.6877702748521821,0,10.746289257590762,-0.5722740640160753,9.408641320309819e-07
1853,2005-01-27,0.6880758912345799,0,10.75209939514356,-0.6170844743373384,9.779840868198248e-07
1854,2005-01-28,0.6883815564304816,0,10.757909532696358,-1.254673863227856,1.8389811692781136e-06
1855,2005-01-29,0.6886872704398872,0,10.76371967024916,-0.9068745852114098,1.2908443980133769e-06
1856,2005-01-30,0.6889930332627968,0,10.769529807801955,-0.10519053319889121,5.755072943764029e-07
1857,2005-01-31,0.6892988448992103,0,10.775339945354759,0.32947029939911293,3.7035985762065873e-07
1858,2005-02-01,0.6896047053491278,0,10.78115008290756,-0.1811950590905256,6.134044348683157e-07
1859,2005-02-02,0.6899106146125491,0,10.78696022046036,-0.013645346182789102,5.156141538487718e-07
1860,2005-02-03,0.6902165726894743,0,10.792770358013154,-0.6375779384644169,9.56399027318252e-07
1861,2005-02-04,0.6905225795799035,0,10.798580495565957,1.2371060841128498,1.4582030143371e-07
1862,2005-02-05,0.6908286352838368,0,10.804390633118755,-0.2680468508315605,6.528920444843305e-07
1863,2005-02-06,0.6911347398012737,0,10.810200770671557,0.5379238444828516,2.898387853571201e-07
1864,2005-02-07,0.6914408931322147,0,10.816010908224353,-0.8511624959964399,1.155507482722506e-06
1865,2005-02-08,0.6917470952766596,0,10.821821045777153,-0.19143710497960342,5.937469240117616e-07
1866,2005-02-09,0.6920533462346086,0,10.827631183329949,-0.17239856873072465,5.789975522195865e-07
1867,2005-02-10,0.6923596460060613,0,10.833441320882748,0.057517219550641485,4.572663410752228e-07
1868,2005-02-11,0.6926659945910181,0,10.83925145843555,1.9939332742076008,6.554477412667773e-08
1869,2005-02-12,0.6929723919894786,0,10.845061595988348,-0.16429701432763394,5.638832559906438e-07
1870,2005-02-13,0.6932788382014432,0,10.850871733541144,-0.3329440800001693,6.633997296927487e-07
1871,2005-02-14,0.6935853332269115,0,10.856681871093945,0.30553214329985734,3.482027284512456e-07
1872,2005-02-15,0.6938918770658841,0,10.862492008646747,0.824952283545209,2.0587064641610088e-07
1873,2005-02-16,0.6941984697183603,0,10.868302146199547,0.9567978625155354,1.7934041012244856e-07
1874,2005-02-17,0.6945051111843407,0,10.874112283752346,2.05260155177627,5.958270003610853e-08
1875,2005-02-18,0.6948118014638248,0,10.879922421305148,1.4445643782353876,1.0877544393199624e-07
1876,2005-02-19,0.695118540556813,0,10.885732558857942,0.19812437496666688,3.760073670501548e-07
1877,2005-02-20,0.695425328463305,0,10.891542696410742,-0.805995741151823,1.0200551027016084e-06
1878,2005-02-21,0.6957321651833009,0,10.897352833963541,0.9673497720043641,1.7211269050733032e-07
1879,2005-02-22,0.6960390507168008,0,10.903162971516341,-0.3117938966605396,6.147256589201874e-07
1880,2005-02-23,0.6963459850638046,0,10.908973109069139,0.7220509050939434,2.172859464267255e-07
1881,2005-02-24,0.6966529682243123,0,10.914783246621937,-1.761890270899628,2.589029222466067e-06
1882,2005-02-25,0.696960000198324,0,10.920593384174735,1.01170839141219,1.6066515795432447e-07
1883,2005-02-26,0.6972670809858397,0,10.926403521727536,-0.19743780473094788,5.350452981844759e-07
1884,2005-02-27,0.6975742105868592,0,10.932213659280334,-0.27123307276766007,5.725095483891665e-07
1885,2005-02-28,0.6978813890013826,0,10.938023796833136,-0.15846702896642273,5.083377322435212e-07
1886,2005-03-01,0.69818861622941,0,10.943833934385935,-0.5292359100329525,7.320124852845233e-07
1887,2005-03-02,0.6984958922709414,0,10.949644071938733,1.510820040605105,9.459685270328475e-08
1888,2005-03-03,0.6988032171259766,0,10.955454209491535,-0.37722024261591164,6.211341162401271e-07
1889,2005-03-04,0.6991105907945159,0,10.961264347044333,0.07096483862554656,3.9435220619309523e-07
1890,2005-03-05,0.6994180132765588,0,10.967074484597132,-0.10253000864914055,4.6620326106719407e-07
1891,2005-03-06,0.6997254845721059,0,10.97288462214993,0.02629598684335388,4.073521795221589e-07
1892,2005-03-07,0.7000330046811569,0,10.97869475970273,0.2111320543457022,3.365424834455091e-07
1893,2005-03-08,0.7003405736037118,0,10.984504897255526,-0.05380798668259367,4.3595835669552333e-07
1894,2005-03-09,0.7006481913397706,0,10.990315034808328,-0.9040214612068845,1.0139840414949849e-06
1895,2005-03-10,0.7009558578893333,0,10.996125172361124,0.4835417885170971,2.5163041202640487e-07
1896,2005-03-11,0.7012635732524,0,11.001935309913925,0.5092252198707917,2.4375414326914466e-07
1897,2005-03-12,0.7015713374289706,0,11.007745447466725,-0.04299015795209516,4.2084204945967427e-07
1898,2005-03-13,0.7018791504190451,0,11.013555585019523,-0.43621248491850034,6.197783786071255e-07
1899,2005-03-14,0.7021870122226236,0,11.019365722572322,0.031848131467923285,3.8574762891457207e-07
1900,2005-03-15,0.7024949228397059,0,11.025175860125124,-1.4402678229356038,1.6710062197630748e-06
1901,2005-03-16,0.7028028822702922,0,11.03098599767792,0.7540049976981348,1.8508040145981825e-07
1902,2005-03-17,0.7031108905143824,0,11.036796135230725,-0.20604486305691183,4.804494635232933e-07
1903,2005-03-18,0.7034189475719766,0,11.042606272783523,-0.8513174053294843,9.103930194435269e-07
1904,2005-03-19,0.7037270534430746,0,11.04841641033632,-0.3285786839318857,5.364747147497752e-07
1905,2005-03-20,0.7040352081276767,0,11.05422654788912,0.03981586658025517,3.688929849160721e-07
1906,2005-03-21,0.7043434116257826,0,11.060036685441917,0.5426476382819072,2.2175129818563858e-07
1907,2005-03-22,0.7046516639373925,0,11.065846822994718,2.860054564402874,2.171560571528123e-08
1908,2005-03-23,0.7049599650625062,0,11.071656960547516,-0.3555154302527811,5.377978335339968e-07
1909,2005-03-24,0.7052683150011241,0,11.077467098100314,1.3667588607334968,9.549653240793732e-08
1910,2005-03-25,0.7055767137532456,0,11.083277235653114,1.6360637809829046,7.250579432626233e-08
1911,2005-03-26,0.7058851613188712,0,11.089087373205913,0.3613427690376429,2.578218666804023e-07
1912,2005-03-27,0.7061936576980007,0,11.094897510758711,-0.24985176359440475,4.7217269879164373e-07
1913,2005-03-28,0.7065022028906341,0,11.100707648311511,0.8271349625584551,1.5985056291778828e-07
1914,2005-03-29,0.7068107968967715,0,11.106517785864309,1.6082995359515042,7.274470297680136e-08
1915,2005-03-30,0.7071194397164129,0,11.11232792341711,0.8399175032625862,1.559007122055253e-07
1916,2005-03-31,0.707428131349558,0,11.118138060969908,1.5126734411696243,7.907087303455498e-08
1917,2005-04-01,0.7077368717962071,0,11.123948198522706,-1.0891051244886205,1.0599788827435017e-06
1918,2005-04-02,0.7080456610563601,0,11.129758336075511,1.8737534686806983,5.443605690128527e-08
1919,2005-04-03,0.7083544991300172,0,11.135568473628307,-0.26240377185782837,4.58089696990905e-07
1920,2005-04-04,0.7086633860171782,0,11.141378611181105,-0.841689815707264,8.125943489987179e-07
1921,2005-04-05,0.708972321717843,0,11.147188748733905,0.6121898680949959,1.8871411903890413e-07
1922,2005-04-06,0.7092813062320117,0,11.152998886286705,0.9193362195707435,1.3796055330897218e-07
1923,2005-04-07,0.7095903395596844,0,11.158809023839504,0.4243743268581034,2.2493478607825207e-07
1924,2005-04-08,0.7098994217008611,0,11.164619161392306,0.768160097405429,1.5852392531719924e-07
1925,2005-04-09,0.7102085526555417,0,11.170429298945102,-0.7867534087320956,7.459807293721708e-07
1926,2005-04-10,0.7105177324237261,0,11.176239436497902,0.4399457837909202,2.1743093461145988e-07
1927,2005-04-11,0.7108269610054145,0,11.1820495740507,0.1293615171151731,2.9481444505608947e-07
1928,2005-04-12,0.7111362384006068,0,11.1878597116035,-0.6828643098306283,6.601404204342705e-07
1929,2005-04-13,0.7114455646093031,0,11.1936698491563,-0.4735566444590245,5.322032373546132e-07
1930,2005-04-14,0.7117549396315033,0,11.199479986709104,-1.105594758889224,9.95200319819085e-07
1931,2005-04-15,0.7120643634672075,0,11.205290124261897,-0.8581927461093118,7.723381476216037e-07
1932,2005-04-16,0.7123738361164155,0,11.211100261814698,0.8128826471653006,1.4434805989021693e-07
1933,2005-04-17,0.7126833575791275,0,11.216910399367496,0.8956094448709333,1.320764615407825e-07
1934,2005-04-18,0.7129929278553433,0,11.222720536920297,-1.1042876291380006,9.698664437482322e-07
1935,2005-04-19,0.7133025469450632,0,11.228530674473095,0.6606739715528716,1.65021706175459e-07
1936,2005-04-20,0.713612214848287,0,11.234340812025895,2.131132109600871,3.7693930029762505e-08
1937,2005-04-21,0.7139219315650147,0,11.240150949578693,0.45092684278937645,2.0105620319619262e-07
1938,2005-04-22,0.7142316970952463,0,11.245961087131493,-1.8300497214697686,1.955578131305356e-06
1939,2005-04-23,0.7145415114389818,0,11.25177122468429,0.005851793795327951,3.0995269246407306e-07
1940,2005-04-24,0.7148513745962213,0,11.257581362237092,-0.989481632054143,8.334995030906612e-07
1941,2005-04-25,0.7151612865669646,0,11.26339149978989,-1.1341173258594213,9.573305654956137e-07
1942,2005-04-26,0.7154712473512119,0,11.269201637342688,-0.12176665586661538,3.457368656999197e-07
1943,2005-04-27,0.7157812569489632,0,11.275011774895486,1.1376490004356865,9.752825964474035e-08
1944,2005-04-28,0.7160913153602184,0,11.280821912448287,0.5620593337685664,1.7236453941428965e-07
1945,2005-04-29,0.7164014225849775,0,11.286632050001083,-0.16992999427687666,3.561958544378425e-07
1946,2005-04-30,0.7167115786232405,0,11.292442187553888,0.28595538959554245,2.2441007160693378e-07
1947,2005-05-01,0.7170217834750074,0,11.298252325106683,-1.4827399586825953,1.3077325791180282e-06
1948,2005-05-02,0.7173320371402784,0,11.304062462659484,1.6439262678926043,5.70120952735579e-08
1949,2005-05-03,0.7176423396190532,0,11.309872600212284,1.0544380109771292,1.021693019142197e-07
1950,2005-05-04,0.717952690911332,0,11.315682737765085,1.0314211142152077,1.039102626891437e-07
1951,2005-05-05,0.7182630910171146,0,11.321492875317883,0.22602943042535945,2.310880516894694e-07
1952,2005-05-06,0.7185735399364012,0,11.327303012870686,1.2552669096648532,8.205918443530646e-08
1953,2005-05-07,0.7188840376691917,0,11.333113150423479,-0.13122066154859113,3.262968938523523e-07
1954,2005-05-08,0.7191945842154861,0,11.338923287976279,0.3592548847784421,1.985838549165032e-07
1955,2005-05-09,0.7195051795752845,0,11.344733425529075,-0.7441325078915312,5.949504433473141e-07
1956,2005-05-10,0.7198158237485868,0,11.350543563081878,-1.3224566704009537,1.0543518473054095e-06
1957,2005-05-11,0.7201265167353931,0,11.356353700634676,0.07532885861686477,2.58986292298608e-07
1958,2005-05-12,0.7204372585357032,0,11.362163838187476,-0.013910086020308316,2.81432659888841e-07
1959,2005-05-13,0.7207480491495173,0,11.367973975740275,0.04071826093179703,2.648447817080825e-07
1960,2005-05-14,0.7210588885768353,0,11.373784113293073,0.9248326133617948,1.0873444177173287e-07
1961,2005-05-15,0.7213697768176573,0,11.379594250845875,0.2819570917880118,2.055446101390679e-07
1962,2005-05-16,0.7216807138719831,0,11.385404388398676,-1.0227275056701652,7.531215337639877e-07
1963,2005-05-17,0.7219916997398129,0,11.391214525951474,0.017774843943364114,2.644370273667648e-07
1964,2005-05-18,0.7223027344211466,0,11.397024663504272,-0.49780194912878806,4.4012499318951553e-07
1965,2005-05-19,0.7226138179159842,0,11.402834801057072,1.0809524454188195,9.021386654998577e-08
1966,2005-05-20,0.7229249502243259,0,11.40864493860987,-0.3917544868172739,3.9102394901248844e-07
1967,2005-05-21,0.7232361313461714,0,11.414455076162671,0.9632585947319653,1.0024672612608969e-07
1968,2005-05-22,0.7235473612815208,0,11.42026521371547,-2.3708477111246977,2.795089333362772e-06
1969,2005-05-23,0.7238586400303741,0,11.426075351268269,2.1321875031274646,3.076761624929281e-08
1970,2005-05-24,0.7241699675927314,0,11.431885488821063,-0.4172847483665714,3.9143266282728673e-07
1971,2005-05-25,0.7244813439685927,0,11.437695626373864,0.5923242070849615,1.4175256438879261e-07
1972,2005-05-26,0.7247927691579578,0,11.443505763926664,0.007299468778774284,2.5289799078286963e-07
1973,2005-05-27,0.7251042431608269,0,11.449315901479462,-1.9943571524660442,1.8603524139461566e-06
1974,2005-05-28,0.7254157659771998,0,11.455126039032267,-1.5743295833208495,1.2148452593561517e-06
1975,2005-05-29,0.7257273376070768,0,11.460936176585063,-0.5201320100333,4.2075583734427607e-07
1976,2005-05-30,0.7260389580504576,0,11.466746314137861,-1.0929598065526973,7.415619798179407e-07
1977,2005-05-31,0.7263506273073425,0,11.472556451690659,-2.2514605780509003,2.347573944523274e-06
1978,2005-06-01,0.7266623453777311,0,11.478366589243462,0.015201281325853381,2.4185877824577056e-07
1979,2005-06-02,0.7269741122616238,0,11.48417672679626,-0.8357569161464082,5.629497036841697e-07
1980,2005-06-03,0.7272859279590203,0,11.48998686434906,-0.42148832644647344,3.6973988501530105e-07
1981,2005-06-04,0.7275977924699208,0,11.495797001901856,-1.0562994547559672,6.933180712619802e-07
1982,2005-06-05,0.7279097057943252,0,11.501607139454658,-0.486598629970189,3.89812555054289e-07
1983,2005-06-06,0.7282216679322335,0,11.507417277007455,1.5684452250114467,4.962526310447674e-08
1984,2005-06-07,0.7285336788836458,0,11.513227414560257,0.6170157339017611,1.277157873026274e-07
1985,2005-06-08,0.7288457386485621,0,11.519037552113053,0.8655401071288846,9.900405539756451e-08
1986,2005-06-09,0.7291578472269821,0,11.524847689665853,0.05293016951696521,2.2177170666158194e-07
1987,2005-06-10,0.7294700046189062,0,11.53065782721865,0.6862499364589266,1.1700380346314513e-07
1988,2005-06-11,0.7297822108243341,0,11.536467964771454,-0.6034459138479138,4.223270226211343e-07
1989,2005-06-12,0.7300944658432661,0,11.542278102324254,1.0295723585524659,8.19934432808693e-08
1990,2005-06-13,0.7304067696757018,0,11.548088239877055,-1.0851621664749167,6.753637048229506e-07
1991,2005-06-14,0.7307191223216417,0,11.553898377429851,-1.6824962599677253,1.2198253491122913e-06
1992,2005-06-15,0.7310315237810853,0,11.559708514982649,-0.8872307278385253,5.473425825393577e-07
1993,2005-06-16,0.7313439740540331,0,11.565518652535449,-0.1992159785905252,2.734004479687448e-07
1994,2005-06-17,0.7316564731404844,0,11.571328790088248,-0.9243018625129509,5.611009355369281e-07
1995,2005-06-18,0.73196902104044,0,11.577138927641046,0.043783050957051456,2.118107550517686e-07
1996,2005-06-19,0.7322816177538993,0,11.582949065193848,-1.7592417865404477,1.2774169553787853e-06
1997,2005-06-20,0.7325942632808626,0,11.588759202746642,-0.4110414367681558,3.297293549793758e-07
1998,2005-06-21,0.73290695762133,0,11.594569340299444,0.42586373949013634,1.4191725455941752e-07
1999,2005-06-22,0.7332197007753012,0,11.600379477852243,-0.517828053961869,3.6242337988965836e-07
